{"type":"FeatureCollection", "features": [
{"type":"Feature","geometry":{"type":"Polygon","coordinates":[[[140.0597,39.5978],[140.063,39.5976],[140.0647,39.5974],[140.0655,39.5971],[140.0663,39.5971],[140.0681,39.5983],[140.0689,39.5983],[140.0704,39.5973],[140.0709,39.5971],[140.0723,39.597],[140.0738,39.5954],[140.0743,39.5951],[140.0757,39.5948],[140.0766,39.5933],[140.077,39.5922],[140.076,39.5915],[140.0758,39.5904],[140.076,39.5894],[140.0772,39.5888],[140.0777,39.588],[140.0772,39.5875],[140.0765,39.5866],[140.0756,39.586],[140.0747,39.5857],[140.0736,39.585],[140.0735,39.5848],[140.0761,39.5839],[140.0767,39.5835],[140.0772,39.5834],[140.0789,39.5827],[140.0803,39.5837],[140.0822,39.5839],[140.0824,39.5833],[140.0833,39.5824],[140.0834,39.5817],[140.0842,39.5814],[140.085,39.5807],[140.0858,39.5804],[140.086,39.5797],[140.0867,39.58],[140.0876,39.5808],[140.0882,39.5821],[140.0891,39.5821],[140.0896,39.5826],[140.0898,39.5832],[140.0918,39.5826],[140.0922,39.5827],[140.093,39.5824],[140.0963,39.5839],[140.0979,39.5836],[140.0984,39.5838],[140.0989,39.5849],[140.0988,39.5856],[140.0992,39.586],[140.1003,39.5858],[140.1015,39.5851],[140.1039,39.5853],[140.1049,39.5849],[140.106,39.5849],[140.1062,39.5846],[140.1073,39.5844],[140.1081,39.5847],[140.1091,39.5844],[140.1086,39.5832],[140.1087,39.5828],[140.1082,39.5826],[140.1079,39.582],[140.1081,39.5812],[140.1084,39.5808],[140.1096,39.5806],[140.1106,39.5801],[140.1109,39.5797],[140.1114,39.5787],[140.1124,39.5781],[140.1128,39.5773],[140.1151,39.5771],[140.1157,39.5767],[140.117,39.5767],[140.1176,39.5764],[140.1189,39.5761],[140.1195,39.5763],[140.1203,39.5759],[140.122,39.5761],[140.1224,39.5754],[140.1221,39.5744],[140.1203,39.574],[140.1193,39.5735],[140.1194,39.5733],[140.1219,39.5725],[140.122,39.5723],[140.1212,39.5716],[140.121,39.5711],[140.1216,39.571],[140.1226,39.5703],[140.1233,39.5701],[140.1241,39.5703],[140.1255,39.5699],[140.1269,39.5699],[140.1285,39.5695],[140.1309,39.5699],[140.1317,39.5698],[140.1323,39.5692],[140.1335,39.5691],[140.1348,39.5688],[140.1355,39.5689],[140.1364,39.5695],[140.1372,39.5694],[140.1375,39.569],[140.1381,39.5686],[140.1398,39.5686],[140.1413,39.569],[140.1416,39.5693],[140.1436,39.5697],[140.145,39.5699],[140.1469,39.5698],[140.1479,39.5703],[140.1486,39.5704],[140.1511,39.5692],[140.1512,39.5687],[140.152,39.5682],[140.1526,39.5674],[140.1528,39.5668],[140.1536,39.5657],[140.153,39.5651],[140.1531,39.5638],[140.154,39.5629],[140.1552,39.5624],[140.1572,39.5619],[140.1579,39.5615],[140.1585,39.5609],[140.1589,39.5602],[140.16,39.5595],[140.1601,39.5591],[140.1595,39.5586],[140.1595,39.5579],[140.1598,39.5575],[140.1604,39.5557],[140.1604,39.5549],[140.1601,39.5544],[140.1602,39.5539],[140.1609,39.5532],[140.1607,39.5524],[140.161,39.5518],[140.1621,39.5506],[140.1627,39.5502],[140.1645,39.5494],[140.1661,39.549],[140.1671,39.5484],[140.1674,39.548],[140.1662,39.5467],[140.1651,39.5452],[140.1649,39.5446],[140.165,39.5433],[140.1649,39.5426],[140.1642,39.5417],[140.1618,39.5405],[140.1612,39.5403],[140.16,39.5401],[140.1596,39.5399],[140.1575,39.5386],[140.156,39.5379],[140.1561,39.5378],[140.1583,39.537],[140.1588,39.5366],[140.1599,39.5361],[140.1606,39.5354],[140.1609,39.5349],[140.1616,39.5349],[140.1626,39.5352],[140.1634,39.5351],[140.1647,39.5352],[140.1656,39.5334],[140.1667,39.5333],[140.1683,39.5326],[140.1689,39.5327],[140.1697,39.5331],[140.1699,39.5337],[140.1708,39.534],[140.1712,39.5348],[140.1723,39.5348],[140.1745,39.5356],[140.1751,39.5356],[140.176,39.5359],[140.1774,39.5361],[140.1789,39.5361],[140.1797,39.5364],[140.1802,39.5372],[140.1816,39.5382],[140.182,39.5389],[140.1832,39.5389],[140.1842,39.5387],[140.1853,39.539],[140.1859,39.5384],[140.1859,39.5374],[140.1857,39.5371],[140.187,39.5367],[140.1877,39.5362],[140.1886,39.5341],[140.1879,39.5325],[140.1871,39.5318],[140.1864,39.5308],[140.1859,39.5306],[140.1849,39.5303],[140.1848,39.5301],[140.1852,39.5284],[140.1849,39.5275],[140.1848,39.5266],[140.1845,39.5257],[140.1849,39.5245],[140.1847,39.5236],[140.1842,39.5229],[140.1843,39.5218],[140.184,39.5214],[140.1826,39.5208],[140.1811,39.521],[140.1795,39.5202],[140.1795,39.5197],[140.1791,39.519],[140.1799,39.5174],[140.1805,39.5169],[140.181,39.5157],[140.1802,39.5149],[140.1792,39.5143],[140.1785,39.5133],[140.1781,39.5124],[140.1798,39.5109],[140.1802,39.5102],[140.1806,39.509],[140.1806,39.5087],[140.1797,39.5067],[140.1797,39.506],[140.1801,39.505],[140.1803,39.5043],[140.181,39.5037],[140.1818,39.5035],[140.1832,39.5035],[140.1837,39.5037],[140.1846,39.5038],[140.1854,39.5037],[140.1862,39.5031],[140.187,39.5032],[140.1875,39.5027],[140.1887,39.502],[140.1889,39.5014],[140.1894,39.5012],[140.1907,39.501],[140.1919,39.5006],[140.1942,39.5016],[140.1952,39.5016],[140.196,39.501],[140.1959,39.5004],[140.1963,39.5],[140.1963,39.4992],[140.1965,39.4987],[140.1975,39.4977],[140.1982,39.4974],[140.2001,39.4975],[140.2009,39.4969],[140.2019,39.4966],[140.2039,39.4969],[140.2045,39.4972],[140.2065,39.497],[140.207,39.4962],[140.2078,39.496],[140.2081,39.4963],[140.2089,39.4965],[140.2114,39.4957],[140.2123,39.496],[140.213,39.4967],[140.2134,39.4966],[140.2149,39.4973],[140.2152,39.4978],[140.2157,39.498],[140.2167,39.4972],[140.217,39.4965],[140.2176,39.496],[140.2177,39.4956],[140.2184,39.4949],[140.2192,39.4946],[140.2198,39.4938],[140.2198,39.4923],[140.2214,39.4922],[140.222,39.4926],[140.2225,39.4927],[140.2233,39.4925],[140.2244,39.4925],[140.2251,39.493],[140.2259,39.4931],[140.2266,39.4937],[140.2282,39.4942],[140.2291,39.4935],[140.2295,39.4925],[140.2299,39.4924],[140.2302,39.4919],[140.2316,39.4919],[140.2326,39.4925],[140.2337,39.4924],[140.2345,39.4926],[140.2357,39.4923],[140.2356,39.4909],[140.2354,39.4902],[140.2347,39.4896],[140.2336,39.4891],[140.2328,39.4891],[140.2326,39.4895],[140.2319,39.4896],[140.2296,39.4891],[140.229,39.4892],[140.2293,39.49],[140.2289,39.4906],[140.2278,39.4906],[140.2262,39.4901],[140.2256,39.489],[140.2241,39.4883],[140.2237,39.4878],[140.2223,39.4873],[140.2228,39.4865],[140.2231,39.4854],[140.2228,39.4843],[140.2228,39.4837],[140.2225,39.4833],[140.2208,39.4818],[140.2208,39.4816],[140.2226,39.481],[140.2232,39.4811],[140.2239,39.4807],[140.2238,39.48],[140.2239,39.4788],[140.2234,39.4782],[140.2223,39.4781],[140.2215,39.477],[140.2214,39.4765],[140.2215,39.4755],[140.2227,39.475],[140.2229,39.4743],[140.2223,39.4738],[140.2223,39.4733],[140.2217,39.4724],[140.2228,39.4723],[140.2233,39.4712],[140.2229,39.4702],[140.2224,39.4695],[140.2225,39.4687],[140.2228,39.4682],[140.223,39.4675],[140.2237,39.4672],[140.2253,39.4675],[140.2258,39.4684],[140.2262,39.4687],[140.227,39.4688],[140.228,39.4688],[140.2281,39.4693],[140.2286,39.4699],[140.2285,39.4705],[140.2292,39.471],[140.2298,39.471],[140.2307,39.4716],[140.2311,39.4721],[140.2316,39.472],[140.2324,39.4712],[140.2323,39.4703],[140.2324,39.47],[140.234,39.4691],[140.2358,39.4688],[140.237,39.4681],[140.2379,39.4674],[140.2389,39.4673],[140.2392,39.4669],[140.2393,39.4657],[140.2386,39.4649],[140.2387,39.4643],[140.2375,39.4632],[140.2364,39.4627],[140.2359,39.4612],[140.2345,39.4605],[140.2344,39.46],[140.2348,39.4598],[140.2349,39.4592],[140.2355,39.4585],[140.2361,39.4582],[140.2362,39.4576],[140.2374,39.4571],[140.2391,39.4555],[140.2405,39.4547],[140.2415,39.4546],[140.2426,39.4548],[140.2432,39.4545],[140.2438,39.4544],[140.2447,39.4553],[140.2451,39.4554],[140.2463,39.4548],[140.2466,39.4544],[140.2473,39.4541],[140.2479,39.4543],[140.2498,39.4542],[140.2499,39.4537],[140.2512,39.4522],[140.2521,39.4523],[140.2523,39.4519],[140.2533,39.4509],[140.2544,39.4506],[140.2552,39.4498],[140.256,39.4497],[140.257,39.449],[140.2576,39.4492],[140.2588,39.4489],[140.26,39.4493],[140.2601,39.4499],[140.2612,39.4509],[140.2619,39.4518],[140.2622,39.4518],[140.2639,39.4515],[140.2644,39.4506],[140.2649,39.4509],[140.2665,39.4521],[140.2674,39.4516],[140.2674,39.451],[140.269,39.4496],[140.2695,39.4498],[140.27,39.4505],[140.2716,39.4504],[140.2729,39.4505],[140.2732,39.4503],[140.2732,39.4495],[140.2737,39.4495],[140.2743,39.4497],[140.2745,39.4505],[140.2752,39.4509],[140.2759,39.4515],[140.2772,39.4511],[140.2779,39.4507],[140.2789,39.451],[140.2794,39.4521],[140.2796,39.4538],[140.2811,39.4547],[140.2818,39.4555],[140.2813,39.4558],[140.2803,39.4567],[140.2796,39.4571],[140.2794,39.4575],[140.2795,39.4585],[140.2806,39.459],[140.2813,39.4589],[140.2816,39.4593],[140.2824,39.4594],[140.2838,39.4588],[140.2835,39.4605],[140.2838,39.4613],[140.2832,39.4621],[140.2826,39.4624],[140.2823,39.4635],[140.2825,39.4645],[140.282,39.4656],[140.2809,39.4661],[140.281,39.4667],[140.2814,39.4676],[140.281,39.4679],[140.281,39.4687],[140.2804,39.4695],[140.2792,39.4697],[140.2781,39.4704],[140.2779,39.4709],[140.2773,39.4713],[140.2767,39.4719],[140.277,39.4731],[140.2766,39.4738],[140.2768,39.4743],[140.2764,39.4749],[140.2757,39.4748],[140.2752,39.475],[140.2751,39.4756],[140.2747,39.4761],[140.2744,39.4771],[140.2741,39.4771],[140.273,39.4783],[140.272,39.478],[140.2711,39.4787],[140.2711,39.4796],[140.2713,39.4804],[140.271,39.4809],[140.2704,39.4811],[140.2701,39.4818],[140.2691,39.482],[140.2678,39.4824],[140.2664,39.4823],[140.2655,39.4838],[140.2661,39.4855],[140.2665,39.486],[140.2679,39.4865],[140.269,39.4876],[140.2702,39.488],[140.2709,39.4886],[140.2717,39.4887],[140.2734,39.4885],[140.2741,39.4885],[140.2747,39.489],[140.2758,39.4895],[140.2753,39.4905],[140.2752,39.4913],[140.2754,39.4919],[140.2744,39.4923],[140.2737,39.4923],[140.2729,39.4926],[140.2725,39.493],[140.2722,39.4938],[140.2713,39.4943],[140.2706,39.4945],[140.2704,39.495],[140.2707,39.4955],[140.2704,39.4962],[140.2692,39.4966],[140.269,39.497],[140.2693,39.4973],[140.2695,39.4981],[140.2691,39.4983],[140.2685,39.4991],[140.2687,39.5],[140.269,39.5007],[140.2696,39.5013],[140.2698,39.5028],[140.2705,39.5037],[140.2703,39.5041],[140.2691,39.5049],[140.2685,39.506],[140.2681,39.5063],[140.2672,39.5061],[140.2668,39.5062],[140.2654,39.5073],[140.265,39.5082],[140.2651,39.5087],[140.2641,39.509],[140.2635,39.5097],[140.2631,39.5121],[140.2597,39.5119],[140.2572,39.512],[140.2556,39.5122],[140.2534,39.5127],[140.2522,39.5133],[140.2515,39.5139],[140.2509,39.515],[140.2499,39.517],[140.2489,39.5194],[140.2483,39.5213],[140.248,39.523],[140.2475,39.5272],[140.247,39.5296],[140.2468,39.5334],[140.2468,39.5366],[140.2467,39.5384],[140.2459,39.5405],[140.2453,39.5413],[140.2445,39.542],[140.2427,39.5425],[140.2415,39.5439],[140.2402,39.544],[140.237,39.544],[140.2343,39.5439],[140.2311,39.5438],[140.2282,39.5435],[140.2281,39.5442],[140.2276,39.5462],[140.2273,39.5479],[140.2275,39.5481],[140.2294,39.5488],[140.2313,39.5498],[140.2327,39.5509],[140.235,39.5514],[140.2354,39.5519],[140.2353,39.5524],[140.2348,39.553],[140.2333,39.5538],[140.2334,39.5541],[140.2347,39.5549],[140.235,39.5557],[140.2344,39.5561],[140.2328,39.5566],[140.2328,39.5581],[140.2331,39.5589],[140.2328,39.5598],[140.233,39.56],[140.2341,39.5603],[140.2354,39.5605],[140.2368,39.5612],[140.2376,39.5614],[140.2382,39.5623],[140.2394,39.5626],[140.2398,39.5637],[140.2406,39.5642],[140.24,39.5651],[140.2401,39.5657],[140.2397,39.5666],[140.2406,39.5671],[140.2413,39.5672],[140.2419,39.5679],[140.2413,39.5686],[140.2414,39.5693],[140.2411,39.5699],[140.2411,39.5706],[140.2423,39.5715],[140.2428,39.5724],[140.2435,39.5732],[140.2443,39.5736],[140.2449,39.5737],[140.2457,39.5732],[140.2463,39.573],[140.2472,39.5731],[140.249,39.5736],[140.2493,39.574],[140.2493,39.5748],[140.2495,39.5751],[140.2509,39.5756],[140.2525,39.5755],[140.2538,39.5751],[140.2544,39.5754],[140.2545,39.5761],[140.2549,39.5768],[140.2554,39.5771],[140.2562,39.578],[140.2561,39.5792],[140.2559,39.5798],[140.2554,39.5804],[140.2553,39.5813],[140.255,39.5819],[140.2554,39.5826],[140.2548,39.5834],[140.2549,39.5837],[140.2558,39.5854],[140.2547,39.5861],[140.2544,39.587],[140.2548,39.5878],[140.2546,39.5884],[140.2558,39.5889],[140.2562,39.59],[140.2561,39.5907],[140.2562,39.5912],[140.2569,39.5915],[140.2572,39.592],[140.2574,39.5928],[140.258,39.5934],[140.26,39.5935],[140.2607,39.594],[140.262,39.5941],[140.2626,39.5946],[140.2628,39.5954],[140.2645,39.5964],[140.2647,39.5974],[140.2661,39.5978],[140.2663,39.5981],[140.266,39.5993],[140.2655,39.5999],[140.2659,39.6003],[140.2669,39.601],[140.2682,39.6015],[140.2682,39.6018],[140.2676,39.6027],[140.2675,39.6032],[140.267,39.6036],[140.2667,39.6053],[140.2665,39.6057],[140.2665,39.6065],[140.2662,39.6073],[140.2666,39.6084],[140.2676,39.6099],[140.2682,39.6104],[140.2704,39.6103],[140.2714,39.6119],[140.2718,39.6124],[140.2731,39.613],[140.2739,39.6137],[140.2743,39.6138],[140.2755,39.615],[140.2769,39.6157],[140.2771,39.6181],[140.277,39.6184],[140.2777,39.6192],[140.2775,39.6198],[140.2777,39.6207],[140.2774,39.6215],[140.2775,39.6219],[140.2769,39.6226],[140.2764,39.6228],[140.2761,39.6241],[140.2775,39.6245],[140.2787,39.6243],[140.2801,39.6237],[140.2808,39.6231],[140.2815,39.6232],[140.282,39.6236],[140.2822,39.6241],[140.2842,39.6251],[140.2832,39.626],[140.2828,39.6266],[140.283,39.6276],[140.2834,39.6284],[140.2834,39.629],[140.2841,39.6297],[140.2841,39.6304],[140.2845,39.6309],[140.285,39.6311],[140.2852,39.6318],[140.2849,39.632],[140.2852,39.6326],[140.2852,39.6333],[140.2855,39.6344],[140.2852,39.6349],[140.2856,39.6358],[140.2857,39.6371],[140.2848,39.6383],[140.2847,39.6387],[140.285,39.6394],[140.2844,39.6405],[140.2832,39.6404],[140.2817,39.6404],[140.2807,39.641],[140.28,39.6412],[140.2797,39.6418],[140.2784,39.6416],[140.278,39.6411],[140.2783,39.6401],[140.278,39.6397],[140.2774,39.6386],[140.2765,39.6385],[140.276,39.6389],[140.2752,39.6391],[140.2744,39.6381],[140.273,39.6385],[140.2727,39.6383],[140.2713,39.6383],[140.2715,39.6398],[140.2713,39.6403],[140.2704,39.6412],[140.2691,39.6419],[140.2683,39.6433],[140.2674,39.6436],[140.2671,39.6442],[140.2673,39.6444],[140.2685,39.6446],[140.2691,39.6449],[140.2692,39.6453],[140.2697,39.6456],[140.27,39.6462],[140.2699,39.6468],[140.2692,39.6478],[140.2691,39.6484],[140.2686,39.6493],[140.2679,39.65],[140.2664,39.6507],[140.2658,39.6513],[140.2653,39.6516],[140.2659,39.6524],[140.267,39.6516],[140.2677,39.6515],[140.2699,39.6515],[140.2704,39.652],[140.2709,39.6527],[140.2708,39.6535],[140.2718,39.6536],[140.2724,39.6538],[140.2729,39.6538],[140.274,39.6541],[140.2756,39.6541],[140.2768,39.6542],[140.2771,39.6541],[140.2781,39.6535],[140.2791,39.6536],[140.2799,39.6535],[140.2806,39.6531],[140.2815,39.6539],[140.282,39.654],[140.2826,39.6538],[140.2836,39.6542],[140.2853,39.6542],[140.2861,39.654],[140.2873,39.6544],[140.2886,39.6547],[140.289,39.6549],[140.2901,39.6548],[140.2904,39.6552],[140.2911,39.655],[140.2922,39.6554],[140.2928,39.655],[140.2928,39.6544],[140.2933,39.6541],[140.2941,39.653],[140.2938,39.6525],[140.294,39.6518],[140.2944,39.6515],[140.295,39.65],[140.2949,39.6491],[140.2953,39.6488],[140.2963,39.6485],[140.2972,39.6484],[140.299,39.6478],[140.3,39.6478],[140.3005,39.6474],[140.3013,39.6475],[140.3021,39.6487],[140.3036,39.6486],[140.3052,39.648],[140.3071,39.648],[140.309,39.6476],[140.3094,39.6482],[140.3097,39.6491],[140.3104,39.6497],[140.3107,39.6511],[140.3105,39.6526],[140.31,39.6531],[140.31,39.6543],[140.3103,39.6556],[140.3099,39.656],[140.3098,39.6565],[140.3093,39.6568],[140.3085,39.6579],[140.3083,39.6584],[140.3079,39.6588],[140.3078,39.6596],[140.3087,39.6605],[140.3084,39.6613],[140.3079,39.662],[140.3075,39.6632],[140.3076,39.664],[140.3079,39.6646],[140.3084,39.6648],[140.3088,39.6656],[140.3088,39.6662],[140.3076,39.6668],[140.3066,39.6674],[140.3067,39.6682],[140.3073,39.6686],[140.3078,39.6699],[140.3082,39.6702],[140.3093,39.67],[140.3099,39.6702],[140.3109,39.6713],[140.3109,39.6723],[140.3112,39.6729],[140.3118,39.6732],[140.3124,39.6733],[140.3128,39.6729],[140.314,39.6729],[140.3146,39.6727],[140.315,39.6736],[140.3157,39.6736],[140.3164,39.6737],[140.3172,39.6748],[140.3181,39.6746],[140.3194,39.6747],[140.3195,39.676],[140.32,39.6766],[140.3206,39.6769],[140.3215,39.6761],[140.3223,39.6763],[140.3225,39.6769],[140.3231,39.6775],[140.3234,39.6784],[140.324,39.6792],[140.3255,39.6806],[140.3258,39.68],[140.3264,39.6794],[140.3274,39.6801],[140.3278,39.6799],[140.3285,39.6803],[140.3298,39.6804],[140.3299,39.6796],[140.331,39.6797],[140.332,39.6792],[140.3326,39.6794],[140.3338,39.6801],[140.3346,39.6803],[140.3349,39.6798],[140.3357,39.6793],[140.336,39.6789],[140.3367,39.6786],[140.3376,39.6776],[140.3383,39.6765],[140.3393,39.6764],[140.34,39.6757],[140.3413,39.6751],[140.3418,39.675],[140.3428,39.6758],[140.3435,39.6767],[140.3432,39.6776],[140.3432,39.6786],[140.3427,39.6796],[140.343,39.6803],[140.3422,39.6814],[140.3424,39.6825],[140.3422,39.6837],[140.3424,39.6841],[140.3431,39.6844],[140.3434,39.6859],[140.3449,39.686],[140.3457,39.6864],[140.3461,39.6867],[140.3461,39.6874],[140.3471,39.6883],[140.3471,39.6896],[140.3477,39.6907],[140.3477,39.6913],[140.3485,39.6913],[140.3507,39.6914],[140.3512,39.692],[140.3517,39.6919],[140.3521,39.6912],[140.3527,39.6908],[140.3534,39.6909],[140.3543,39.6918],[140.3548,39.6921],[140.3555,39.6921],[140.3559,39.6924],[140.3572,39.6922],[140.3576,39.6935],[140.3586,39.694],[140.359,39.6946],[140.3602,39.6945],[140.3608,39.6947],[140.3615,39.6954],[140.362,39.6955],[140.363,39.6954],[140.364,39.6952],[140.366,39.6942],[140.3672,39.694],[140.3678,39.6936],[140.3696,39.6936],[140.3705,39.6937],[140.3723,39.6929],[140.3732,39.6931],[140.374,39.6936],[140.3748,39.6943],[140.3754,39.6946],[140.3768,39.695],[140.3774,39.6953],[140.3792,39.6959],[140.3816,39.6963],[140.3829,39.6963],[140.3835,39.6972],[140.3847,39.6981],[140.3854,39.6992],[140.3869,39.6991],[140.3876,39.6992],[140.3896,39.7007],[140.3902,39.7006],[140.3911,39.7001],[140.3924,39.6999],[140.3929,39.7002],[140.3936,39.701],[140.395,39.7012],[140.3954,39.7022],[140.3953,39.7044],[140.3957,39.7053],[140.3954,39.706],[140.3962,39.7059],[140.3977,39.7055],[140.3986,39.7057],[140.3988,39.7062],[140.3992,39.7064],[140.4006,39.7061],[140.4012,39.7056],[140.4023,39.7052],[140.4031,39.7054],[140.4035,39.7058],[140.4046,39.7059],[140.4057,39.7062],[140.407,39.7069],[140.4082,39.7078],[140.4085,39.7085],[140.4089,39.7097],[140.4096,39.7104],[140.4115,39.7116],[140.4126,39.712],[140.4132,39.7129],[140.4142,39.7145],[140.4148,39.7147],[140.4154,39.7144],[140.4165,39.7143],[140.418,39.7144],[140.4186,39.7149],[140.4193,39.7151],[140.4205,39.715],[140.4208,39.7146],[140.4213,39.7144],[140.4225,39.7144],[140.423,39.7138],[140.4238,39.7135],[140.4244,39.7136],[140.4254,39.7134],[140.427,39.7126],[140.4272,39.7123],[140.4272,39.7115],[140.4285,39.7113],[140.4291,39.7109],[140.4303,39.7107],[140.4309,39.7105],[140.4318,39.7096],[140.4316,39.7089],[140.4324,39.7083],[140.4323,39.7075],[140.4343,39.7069],[140.435,39.7069],[140.4367,39.7062],[140.4381,39.7065],[140.44,39.7056],[140.4424,39.7057],[140.4431,39.7053],[140.4438,39.7053],[140.4447,39.7045],[140.4471,39.7051],[140.4481,39.7058],[140.4493,39.7063],[140.4501,39.7071],[140.4514,39.7079],[140.4522,39.7081],[140.454,39.708],[140.4548,39.7082],[140.4554,39.7089],[140.4574,39.7094],[140.4583,39.7101],[140.4595,39.7108],[140.4609,39.7114],[140.4631,39.711],[140.464,39.7116],[140.4653,39.712],[140.4658,39.7126],[140.4668,39.713],[140.4688,39.7137],[140.47,39.7143],[140.4711,39.7149],[140.4719,39.715],[140.4724,39.7149],[140.4732,39.7152],[140.4743,39.7162],[140.4748,39.7169],[140.4758,39.7165],[140.4767,39.7155],[140.4779,39.7161],[140.4786,39.7163],[140.4806,39.7171],[140.4813,39.717],[140.4833,39.7175],[140.4849,39.7184],[140.4862,39.7192],[140.4866,39.7203],[140.4877,39.7211],[140.4894,39.7215],[140.4913,39.7226],[140.4918,39.7235],[140.4923,39.7236],[140.4952,39.7236],[140.4965,39.7237],[140.4975,39.7245],[140.4992,39.7246],[140.5006,39.7252],[140.501,39.7257],[140.502,39.7259],[140.5024,39.7262],[140.5032,39.7262],[140.5034,39.7267],[140.5042,39.7274],[140.5043,39.728],[140.5052,39.7289],[140.5059,39.7292],[140.5071,39.7294],[140.507,39.7303],[140.508,39.7311],[140.5081,39.7319],[140.5088,39.7325],[140.5091,39.7338],[140.5089,39.7345],[140.5096,39.7355],[140.5101,39.736],[140.5098,39.7367],[140.509,39.7374],[140.5087,39.738],[140.5088,39.7392],[140.5087,39.7404],[140.5096,39.7415],[140.5101,39.7418],[140.5109,39.7438],[140.5114,39.7443],[140.5127,39.7453],[140.5139,39.7459],[140.5156,39.7478],[140.5155,39.7487],[140.5151,39.7494],[140.5152,39.7499],[140.5134,39.7507],[140.5128,39.7515],[140.5126,39.7522],[140.5125,39.7534],[140.512,39.754],[140.5102,39.7547],[140.5095,39.756],[140.5091,39.7574],[140.5087,39.7579],[140.5084,39.7588],[140.5079,39.7596],[140.5077,39.7606],[140.5074,39.7612],[140.5072,39.7622],[140.5076,39.7633],[140.5076,39.7642],[140.5071,39.7656],[140.5068,39.7664],[140.5066,39.7674],[140.5063,39.7679],[140.5063,39.769],[140.5049,39.7697],[140.5043,39.7704],[140.504,39.7715],[140.5037,39.7717],[140.5019,39.772],[140.501,39.7724],[140.4996,39.7732],[140.4982,39.7736],[140.4977,39.7739],[140.4969,39.7751],[140.4968,39.7764],[140.4954,39.7765],[140.4943,39.7774],[140.4932,39.7776],[140.4927,39.7779],[140.4921,39.7788],[140.4901,39.7807],[140.4901,39.7811],[140.4905,39.7818],[140.4898,39.7829],[140.4876,39.7851],[140.4872,39.7859],[140.4874,39.7868],[140.4871,39.7874],[140.4869,39.7883],[140.4862,39.7886],[140.4858,39.7894],[140.4849,39.7895],[140.4844,39.7899],[140.4841,39.7911],[140.4843,39.7919],[140.4842,39.7933],[140.4835,39.7944],[140.4831,39.7946],[140.482,39.7949],[140.4807,39.7955],[140.4804,39.7958],[140.4804,39.7965],[140.4794,39.7961],[140.4779,39.7957],[140.4767,39.796],[140.4754,39.7956],[140.4749,39.7957],[140.4745,39.7964],[140.4747,39.7972],[140.4746,39.7983],[140.4741,39.7988],[140.4731,39.7993],[140.4725,39.8005],[140.4715,39.801],[140.4715,39.8013],[140.4719,39.8021],[140.4712,39.8039],[140.4712,39.8047],[140.471,39.8054],[140.4692,39.8069],[140.4685,39.8077],[140.4675,39.8079],[140.4675,39.8089],[140.4672,39.8103],[140.4663,39.811],[140.4653,39.8124],[140.4643,39.8129],[140.4628,39.8138],[140.4623,39.8144],[140.461,39.8149],[140.4608,39.8152],[140.4605,39.8164],[140.4599,39.8176],[140.4589,39.82],[140.4589,39.8207],[140.4597,39.822],[140.4599,39.8225],[140.4595,39.8236],[140.4586,39.824],[140.458,39.824],[140.4566,39.8235],[140.4562,39.8234],[140.4552,39.8238],[140.4531,39.8242],[140.4524,39.8245],[140.4519,39.8244],[140.4513,39.824],[140.4492,39.8238],[140.4484,39.823],[140.4479,39.8229],[140.4464,39.8228],[140.4456,39.8224],[140.4446,39.8221],[140.4431,39.8223],[140.442,39.822],[140.4398,39.822],[140.4371,39.8213],[140.4365,39.8213],[140.4345,39.8207],[140.4337,39.82],[140.4325,39.8197],[140.4318,39.8197],[140.4312,39.8203],[140.4319,39.8215],[140.4319,39.8219],[140.431,39.8226],[140.4308,39.8241],[140.43,39.8246],[140.4289,39.8246],[140.4281,39.8251],[140.4275,39.8252],[140.4265,39.825],[140.4255,39.8251],[140.4244,39.825],[140.423,39.8254],[140.4222,39.8258],[140.4213,39.8259],[140.4204,39.8265],[140.419,39.8268],[140.4183,39.8272],[140.4176,39.828],[140.4171,39.8281],[140.4166,39.8287],[140.415,39.8284],[140.4143,39.8285],[140.413,39.8282],[140.4124,39.8283],[140.4112,39.8282],[140.4104,39.8279],[140.4099,39.828],[140.4089,39.8284],[140.4079,39.8286],[140.4058,39.8287],[140.4045,39.8289],[140.404,39.8291],[140.4036,39.8297],[140.4026,39.8305],[140.4021,39.8316],[140.4015,39.8324],[140.4018,39.8332],[140.4018,39.8338],[140.4013,39.8345],[140.4008,39.8349],[140.3998,39.8345],[140.3989,39.8345],[140.3969,39.8339],[140.3952,39.8336],[140.3945,39.8332],[140.3939,39.8333],[140.3932,39.8341],[140.3907,39.835],[140.39,39.835],[140.3884,39.8346],[140.3875,39.8349],[140.3869,39.8348],[140.3861,39.835],[140.3849,39.8347],[140.384,39.8346],[140.3831,39.8348],[140.3821,39.8348],[140.3807,39.8344],[140.38,39.834],[140.3786,39.834],[140.3777,39.8347],[140.3769,39.8349],[140.3755,39.8357],[140.3734,39.836],[140.3722,39.8358],[140.3708,39.8342],[140.3707,39.8333],[140.3695,39.8326],[140.3669,39.8317],[140.3661,39.8309],[140.3644,39.829],[140.3641,39.8283],[140.3636,39.8279],[140.3624,39.8273],[140.3619,39.8273],[140.3599,39.8273],[140.3574,39.8269],[140.3562,39.8266],[140.3557,39.8262],[140.3552,39.8254],[140.3547,39.8252],[140.3534,39.824],[140.3522,39.8222],[140.3518,39.8213],[140.3502,39.8205],[140.3486,39.8194],[140.3478,39.819],[140.3471,39.8176],[140.3467,39.8171],[140.3466,39.8164],[140.3468,39.8159],[140.3478,39.8151],[140.348,39.8142],[140.3487,39.8135],[140.3484,39.8128],[140.3485,39.8124],[140.3491,39.8115],[140.3484,39.8108],[140.3478,39.8098],[140.3467,39.8091],[140.3452,39.8086],[140.3445,39.8079],[140.3433,39.807],[140.3429,39.8065],[140.3417,39.806],[140.3411,39.8056],[140.3404,39.8046],[140.3386,39.8041],[140.3362,39.8041],[140.3347,39.8035],[140.3342,39.8032],[140.3332,39.8022],[140.3322,39.8019],[140.3307,39.801],[140.3297,39.8007],[140.3282,39.8003],[140.3265,39.8002],[140.3254,39.7999],[140.323,39.7982],[140.3216,39.7974],[140.3213,39.7968],[140.3206,39.7965],[140.3186,39.7961],[140.3164,39.7962],[140.3148,39.7968],[140.3133,39.797],[140.3126,39.7972],[140.3109,39.7972],[140.311,39.7981],[140.3107,39.7982],[140.3121,39.8006],[140.3126,39.801],[140.3129,39.8027],[140.3137,39.8036],[140.3144,39.8065],[140.3144,39.8075],[140.3137,39.8082],[140.3132,39.8092],[140.313,39.8107],[140.3134,39.8119],[140.3136,39.8132],[140.3134,39.8134],[140.3119,39.814],[140.3116,39.8144],[140.3113,39.8154],[140.3098,39.8163],[140.3086,39.8167],[140.3085,39.8176],[140.3089,39.8186],[140.31,39.8196],[140.3107,39.8203],[140.3102,39.8215],[140.3097,39.8223],[140.309,39.8229],[140.3088,39.8234],[140.3089,39.824],[140.3092,39.8246],[140.3097,39.8251],[140.3096,39.8256],[140.3088,39.8265],[140.3077,39.8272],[140.3078,39.8278],[140.3076,39.8285],[140.3067,39.8299],[140.306,39.8304],[140.3043,39.8309],[140.3033,39.8313],[140.3018,39.8314],[140.3012,39.8316],[140.3,39.8325],[140.299,39.8327],[140.2984,39.833],[140.2975,39.8331],[140.2965,39.8329],[140.2954,39.8323],[140.2949,39.8322],[140.2943,39.8317],[140.2933,39.8312],[140.293,39.8307],[140.2925,39.8305],[140.2914,39.8309],[140.2903,39.831],[140.2897,39.8309],[140.2882,39.8308],[140.2875,39.8312],[140.2873,39.8322],[140.2869,39.8326],[140.2861,39.8332],[140.2856,39.8333],[140.2831,39.8342],[140.282,39.835],[140.2818,39.835],[140.2808,39.8342],[140.2795,39.8327],[140.2783,39.8322],[140.2781,39.8315],[140.2778,39.8311],[140.2778,39.8304],[140.2774,39.8299],[140.2766,39.8297],[140.2746,39.8288],[140.2743,39.8279],[140.2738,39.8274],[140.2719,39.8274],[140.2702,39.827],[140.2687,39.8273],[140.2672,39.8275],[140.266,39.8278],[140.2651,39.8285],[140.2651,39.8292],[140.2638,39.8297],[140.263,39.8296],[140.2618,39.8291],[140.2614,39.8296],[140.2605,39.8301],[140.2589,39.83],[140.2576,39.8295],[140.2566,39.829],[140.2554,39.8292],[140.2544,39.8285],[140.2541,39.8281],[140.2531,39.8279],[140.2526,39.8277],[140.2517,39.8275],[140.2507,39.8276],[140.2497,39.8283],[140.2493,39.8289],[140.2475,39.8291],[140.2457,39.8294],[140.2458,39.831],[140.244,39.8313],[140.2429,39.8319],[140.243,39.8326],[140.2424,39.833],[140.242,39.8341],[140.2413,39.8344],[140.241,39.835],[140.2413,39.8358],[140.2408,39.8364],[140.2398,39.8367],[140.2393,39.8372],[140.2392,39.8376],[140.2394,39.8381],[140.2393,39.839],[140.2387,39.8392],[140.2376,39.8392],[140.2372,39.84],[140.2368,39.8402],[140.2354,39.8405],[140.2338,39.8416],[140.2333,39.8427],[140.2322,39.8436],[140.2325,39.8447],[140.232,39.845],[140.2317,39.8455],[140.2313,39.8459],[140.2314,39.8465],[140.2302,39.8478],[140.2285,39.8492],[140.2278,39.8502],[140.2278,39.8506],[140.2273,39.8511],[140.2271,39.8517],[140.2272,39.8525],[140.2266,39.8527],[140.2266,39.8535],[140.2254,39.8539],[140.2249,39.8544],[140.2236,39.8549],[140.2227,39.855],[140.2224,39.8556],[140.2223,39.8563],[140.2228,39.8572],[140.2228,39.8577],[140.2222,39.8587],[140.2226,39.8597],[140.2227,39.861],[140.2219,39.8615],[140.2204,39.8617],[140.2203,39.8621],[140.2198,39.8625],[140.2176,39.863],[140.2159,39.8631],[140.2148,39.8628],[140.2133,39.8628],[140.2131,39.8633],[140.2124,39.8641],[140.212,39.8642],[140.2106,39.8638],[140.2094,39.8637],[140.2091,39.8645],[140.2086,39.8649],[140.2081,39.865],[140.2067,39.8649],[140.2049,39.8644],[140.2039,39.8638],[140.2016,39.8636],[140.2004,39.8639],[140.2,39.8636],[140.199,39.8625],[140.1986,39.8619],[140.1981,39.8607],[140.1977,39.8603],[140.1978,39.8598],[140.1982,39.8591],[140.1989,39.8571],[140.199,39.8556],[140.1984,39.8548],[140.198,39.8539],[140.1971,39.8537],[140.1949,39.8526],[140.1941,39.8523],[140.1931,39.8516],[140.1937,39.8507],[140.1933,39.8495],[140.193,39.8489],[140.1932,39.8483],[140.1931,39.8477],[140.1926,39.8475],[140.1908,39.8477],[140.1889,39.848],[140.1874,39.848],[140.1863,39.8483],[140.1846,39.8478],[140.1831,39.8477],[140.1819,39.8471],[140.1807,39.8466],[140.1799,39.8464],[140.1791,39.8466],[140.1776,39.8465],[140.1772,39.8463],[140.1767,39.8456],[140.1752,39.8448],[140.1739,39.845],[140.1724,39.845],[140.1717,39.8448],[140.171,39.845],[140.1704,39.8449],[140.1695,39.8443],[140.1684,39.844],[140.1671,39.8442],[140.1666,39.8447],[140.1663,39.8456],[140.1662,39.8464],[140.1652,39.8474],[140.164,39.8474],[140.1632,39.8469],[140.1622,39.8469],[140.1617,39.8467],[140.1609,39.8468],[140.1605,39.848],[140.1589,39.849],[140.1582,39.8489],[140.1575,39.8493],[140.1565,39.8493],[140.1553,39.8496],[140.1544,39.8488],[140.1539,39.8479],[140.154,39.8476],[140.1525,39.8464],[140.1517,39.8464],[140.1513,39.8461],[140.1502,39.8462],[140.1494,39.846],[140.1489,39.8457],[140.149,39.8452],[140.148,39.845],[140.1476,39.8446],[140.1472,39.8447],[140.1466,39.8458],[140.1457,39.8459],[140.1444,39.8449],[140.1437,39.8452],[140.1431,39.846],[140.1417,39.8465],[140.1405,39.8465],[140.1393,39.8454],[140.139,39.8448],[140.138,39.8451],[140.1375,39.8451],[140.1346,39.8456],[140.1337,39.8451],[140.1329,39.8449],[140.1319,39.8455],[140.1313,39.8455],[140.1305,39.8461],[140.1294,39.8462],[140.1279,39.847],[140.1269,39.8481],[140.126,39.8483],[140.1257,39.8487],[140.1246,39.8491],[140.1242,39.8496],[140.1243,39.8502],[140.124,39.8516],[140.1236,39.8519],[140.1227,39.8522],[140.1214,39.8518],[140.1209,39.852],[140.1203,39.8517],[140.1199,39.8508],[140.1195,39.8506],[140.1185,39.8507],[140.1181,39.8505],[140.1175,39.8507],[140.117,39.8502],[140.1166,39.8494],[140.1158,39.8491],[140.1144,39.8483],[140.1144,39.8475],[140.1146,39.8473],[140.1142,39.8465],[140.1138,39.846],[140.1133,39.8459],[140.1125,39.8454],[140.1121,39.8455],[140.1113,39.8448],[140.1113,39.8441],[140.1098,39.8438],[140.1093,39.8441],[140.1078,39.8439],[140.1077,39.8435],[140.108,39.8423],[140.1074,39.8414],[140.1061,39.842],[140.1051,39.8414],[140.1046,39.8417],[140.1035,39.8419],[140.1026,39.8414],[140.1017,39.8418],[140.1004,39.8413],[140.1001,39.841],[140.0987,39.8411],[140.0983,39.84],[140.0975,39.8397],[140.0978,39.8392],[140.0975,39.8387],[140.097,39.8385],[140.0963,39.8378],[140.0962,39.8366],[140.0964,39.8359],[140.0951,39.8352],[140.0935,39.8353],[140.0929,39.8361],[140.0928,39.8365],[140.0924,39.837],[140.0918,39.8371],[140.0912,39.8376],[140.0908,39.8383],[140.0909,39.8388],[140.0903,39.8393],[140.09,39.8402],[140.0907,39.8408],[140.0909,39.8417],[140.0905,39.8422],[140.0906,39.8426],[140.09,39.843],[140.0896,39.8435],[140.0896,39.8441],[140.0882,39.844],[140.088,39.8448],[140.087,39.845],[140.0861,39.8455],[140.085,39.8452],[140.0845,39.8453],[140.0834,39.8452],[140.0826,39.8441],[140.0814,39.8437],[140.0811,39.8439],[140.0809,39.8446],[140.0808,39.8465],[140.0803,39.847],[140.08,39.8479],[140.0798,39.8479],[140.0791,39.8475],[140.0783,39.8472],[140.0779,39.8473],[140.0772,39.8479],[140.077,39.8488],[140.0775,39.8498],[140.0769,39.8499],[140.0761,39.8505],[140.0765,39.851],[140.0765,39.8516],[140.077,39.8526],[140.0779,39.8524],[140.078,39.8529],[140.0776,39.8539],[140.077,39.8544],[140.0769,39.855],[140.0751,39.8554],[140.0747,39.8557],[140.0737,39.856],[140.0732,39.8571],[140.0725,39.8575],[140.0709,39.8577],[140.0703,39.8584],[140.0693,39.8581],[140.0687,39.8584],[140.0688,39.8589],[140.0682,39.859],[140.0679,39.8595],[140.0662,39.8595],[140.0661,39.8591],[140.0645,39.8589],[140.0648,39.858],[140.0651,39.8576],[140.0658,39.8571],[140.0663,39.8557],[140.0665,39.8545],[140.0665,39.8534],[140.066,39.8515],[140.0662,39.8504],[140.065,39.85],[140.0633,39.8492],[140.0619,39.8488],[140.0608,39.848],[140.0598,39.8471],[140.0595,39.8473],[140.0563,39.8516],[140.0554,39.8512],[140.0551,39.8514],[140.0538,39.8504],[140.0529,39.85],[140.0518,39.8498],[140.0492,39.8491],[140.0487,39.8489],[140.0489,39.8483],[140.0486,39.8479],[140.0487,39.8475],[140.0494,39.8475],[140.0498,39.8468],[140.0493,39.8464],[140.0493,39.8457],[140.0488,39.8452],[140.0487,39.8446],[140.0497,39.8433],[140.0496,39.8429],[140.0502,39.842],[140.0496,39.8414],[140.0502,39.8401],[140.0507,39.8395],[140.0511,39.8379],[140.0517,39.8379],[140.0526,39.835],[140.0542,39.831],[140.0549,39.8288],[140.0548,39.8271],[140.0554,39.8249],[140.0555,39.8235],[140.0552,39.8221],[140.0551,39.82],[140.0554,39.8191],[140.0548,39.8191],[140.0555,39.8168],[140.0553,39.8157],[140.0556,39.8126],[140.0557,39.8091],[140.0558,39.8078],[140.056,39.8074],[140.0557,39.807],[140.052,39.8066],[140.05,39.8062],[140.0486,39.8058],[140.0433,39.8054],[140.034,39.8045],[140.0344,39.8034],[140.0352,39.8016],[140.0356,39.8012],[140.0363,39.7988],[140.0373,39.7963],[140.0374,39.7959],[140.0371,39.7949],[140.0376,39.7944],[140.0378,39.7927],[140.0374,39.7921],[140.0364,39.791],[140.0376,39.7911],[140.0385,39.7886],[140.0379,39.7885],[140.0381,39.788],[140.0363,39.7876],[140.0359,39.7887],[140.0337,39.7883],[140.0345,39.7855],[140.0406,39.7867],[140.0417,39.7851],[140.0423,39.7828],[140.0421,39.7822],[140.0421,39.7818],[140.0417,39.7814],[140.0392,39.7809],[140.0388,39.7821],[140.0334,39.781],[140.0361,39.7729],[140.0366,39.7714],[140.0397,39.772],[140.0408,39.7684],[140.0372,39.7677],[140.0382,39.7648],[140.0418,39.764],[140.0436,39.7625],[140.0446,39.7631],[140.0457,39.7633],[140.0461,39.7635],[140.0451,39.7664],[140.0449,39.7665],[140.0428,39.7728],[140.0493,39.7741],[140.0494,39.7735],[140.05,39.7716],[140.0503,39.7706],[140.0493,39.77],[140.0482,39.768],[140.0487,39.7665],[140.0491,39.7663],[140.0506,39.7617],[140.0507,39.7612],[140.0493,39.7592],[140.0479,39.7575],[140.0474,39.7571],[140.0398,39.7588],[140.0397,39.7588],[140.0471,39.7571],[140.0475,39.7562],[140.0481,39.7555],[140.0484,39.7551],[140.0483,39.7536],[140.0488,39.7528],[140.049,39.7519],[140.0487,39.7507],[140.0487,39.7499],[140.0463,39.7495],[140.0485,39.7407],[140.0517,39.7412],[140.0522,39.7411],[140.0531,39.7397],[140.054,39.7389],[140.0544,39.7377],[140.0554,39.7349],[140.0556,39.7339],[140.0551,39.7323],[140.0555,39.7316],[140.0569,39.7307],[140.0578,39.7296],[140.0582,39.7278],[140.0585,39.7257],[140.0586,39.7231],[140.0588,39.7217],[140.0593,39.7207],[140.0594,39.7183],[140.0593,39.7169],[140.0593,39.7159],[140.0595,39.714],[140.0599,39.7121],[140.0596,39.7103],[140.0597,39.7075],[140.0599,39.7063],[140.0599,39.7052],[140.0598,39.7047],[140.0599,39.7034],[140.06,39.7003],[140.0598,39.6983],[140.0602,39.6952],[140.0601,39.6935],[140.0597,39.6925],[140.0605,39.6923],[140.0605,39.6906],[140.0599,39.6901],[140.0602,39.6892],[140.0606,39.6874],[140.061,39.6864],[140.0613,39.685],[140.0613,39.6833],[140.0615,39.6821],[140.0616,39.6807],[140.0614,39.6795],[140.0615,39.6784],[140.0619,39.6757],[140.0619,39.6738],[140.0621,39.6723],[140.0623,39.6695],[140.0623,39.6676],[140.0626,39.6659],[140.0626,39.6642],[140.0627,39.6621],[140.0628,39.6611],[140.0627,39.6581],[140.0628,39.6575],[140.0628,39.6554],[140.063,39.6544],[140.063,39.6517],[140.0628,39.6488],[140.0627,39.648],[140.0627,39.6445],[140.0626,39.6433],[140.0627,39.6422],[140.0625,39.6411],[140.0625,39.6388],[140.0625,39.6374],[140.0627,39.6354],[140.0624,39.6346],[140.0626,39.634],[140.0625,39.6336],[140.0624,39.6322],[140.0622,39.6312],[140.0621,39.629],[140.0619,39.6278],[140.0621,39.6272],[140.0621,39.6257],[140.0618,39.6244],[140.0618,39.6231],[140.0616,39.6221],[140.0616,39.6213],[140.0613,39.6198],[140.0615,39.6176],[140.0613,39.6169],[140.0615,39.6161],[140.0614,39.6155],[140.0614,39.6142],[140.061,39.6129],[140.0609,39.6117],[140.0611,39.6107],[140.0608,39.609],[140.0605,39.6078],[140.0604,39.6064],[140.0604,39.6053],[140.0602,39.6048],[140.06,39.6026],[140.0599,39.602],[140.0598,39.6006],[140.0598,39.599],[140.0597,39.5978]]]},"properties":{"N03_001":"秋田県","N03_002":"","N03_003":"","N03_004":"秋田市","N03_007":"05201"}},
{"type":"Feature","geometry":{"type":"Polygon","coordinates":[[[139.9726,40.1251],[139.9755,40.1242],[139.9776,40.1236],[139.9789,40.1237],[139.9815,40.1238],[139.9847,40.1236],[139.9889,40.1232],[139.9925,40.123],[139.9944,40.1231],[139.9994,40.1227],[140.0014,40.1226],[140.0067,40.1222],[140.0071,40.1253],[140.0085,40.1265],[140.0094,40.1258],[140.0115,40.1248],[140.0124,40.1243],[140.014,40.1241],[140.0141,40.1244],[140.0133,40.1245],[140.0131,40.1251],[140.0139,40.1257],[140.0146,40.1253],[140.0165,40.1257],[140.019,40.1258],[140.0205,40.1253],[140.022,40.125],[140.0235,40.125],[140.0263,40.1249],[140.026,40.1264],[140.0257,40.128],[140.0237,40.128],[140.0237,40.1289],[140.0259,40.1289],[140.026,40.1312],[140.0267,40.1313],[140.0269,40.1325],[140.0263,40.1327],[140.0272,40.134],[140.0282,40.1351],[140.0302,40.1356],[140.0314,40.1363],[140.0316,40.1368],[140.0313,40.1393],[140.0315,40.1404],[140.0329,40.141],[140.0352,40.1421],[140.0357,40.1435],[140.0373,40.1451],[140.0379,40.1454],[140.038,40.1461],[140.0389,40.1475],[140.0392,40.1486],[140.0389,40.1495],[140.039,40.1501],[140.0394,40.1516],[140.0402,40.1525],[140.0409,40.1528],[140.0414,40.1535],[140.0422,40.153],[140.043,40.1531],[140.0431,40.1525],[140.0439,40.1526],[140.0444,40.1518],[140.0465,40.1512],[140.0481,40.1501],[140.0481,40.1496],[140.053,40.1496],[140.0545,40.1502],[140.0551,40.1507],[140.0559,40.1517],[140.057,40.1526],[140.0577,40.1529],[140.0583,40.1537],[140.0586,40.1529],[140.0592,40.1532],[140.0613,40.1538],[140.0619,40.1541],[140.0628,40.155],[140.0633,40.155],[140.0639,40.1555],[140.0652,40.1557],[140.0657,40.1559],[140.0662,40.1565],[140.0674,40.1567],[140.0685,40.1573],[140.0708,40.156],[140.0719,40.1556],[140.0732,40.1552],[140.0737,40.1547],[140.0734,40.1544],[140.0739,40.154],[140.0746,40.1546],[140.0748,40.1541],[140.0757,40.1537],[140.0778,40.1523],[140.0788,40.1518],[140.0781,40.1514],[140.0785,40.1511],[140.0792,40.1513],[140.0828,40.1497],[140.0824,40.149],[140.085,40.1485],[140.0864,40.1484],[140.0878,40.1489],[140.0903,40.1493],[140.0906,40.1496],[140.0917,40.1495],[140.0931,40.1497],[140.0935,40.1488],[140.0934,40.1485],[140.0949,40.1477],[140.0957,40.1486],[140.0964,40.1486],[140.0974,40.1484],[140.0975,40.1476],[140.0988,40.147],[140.0979,40.146],[140.0993,40.1453],[140.1007,40.1465],[140.101,40.1464],[140.101,40.1453],[140.1005,40.1447],[140.1009,40.1442],[140.1017,40.1437],[140.1021,40.1441],[140.1023,40.1447],[140.1033,40.1447],[140.104,40.1443],[140.1049,40.1442],[140.1062,40.1432],[140.1073,40.1428],[140.1087,40.1427],[140.1086,40.1409],[140.1092,40.1408],[140.1098,40.1396],[140.11,40.1391],[140.1099,40.1381],[140.1103,40.1377],[140.1111,40.1374],[140.1116,40.1365],[140.1116,40.1359],[140.1128,40.1356],[140.1132,40.1352],[140.114,40.1346],[140.1147,40.1338],[140.116,40.1327],[140.1172,40.1322],[140.1178,40.1314],[140.1189,40.1314],[140.1201,40.1298],[140.1206,40.1293],[140.1213,40.129],[140.1232,40.1291],[140.1237,40.1285],[140.1251,40.1288],[140.1258,40.1285],[140.1262,40.1285],[140.1265,40.1299],[140.1285,40.1306],[140.1303,40.1306],[140.1314,40.1309],[140.132,40.1315],[140.1327,40.1316],[140.1337,40.132],[140.135,40.1313],[140.1357,40.1304],[140.1368,40.1299],[140.1387,40.1294],[140.1398,40.1298],[140.141,40.1298],[140.1432,40.1294],[140.1446,40.1279],[140.1456,40.1277],[140.148,40.1281],[140.1486,40.1286],[140.1504,40.1283],[140.1513,40.1291],[140.1535,40.1287],[140.1544,40.1283],[140.1552,40.1279],[140.1571,40.1281],[140.1582,40.1288],[140.1597,40.1287],[140.1602,40.1293],[140.1612,40.1297],[140.1616,40.1307],[140.1617,40.1316],[140.1623,40.1317],[140.1633,40.1316],[140.1652,40.1317],[140.1661,40.132],[140.1675,40.132],[140.1693,40.1318],[140.1704,40.1314],[140.1747,40.1302],[140.1754,40.1303],[140.1757,40.1307],[140.1755,40.1314],[140.1764,40.1317],[140.1781,40.132],[140.1794,40.1319],[140.1798,40.1315],[140.1799,40.1305],[140.18,40.1302],[140.1813,40.1305],[140.1825,40.1305],[140.1836,40.1301],[140.1847,40.1299],[140.186,40.1295],[140.1871,40.1293],[140.1874,40.129],[140.1882,40.1289],[140.1885,40.1281],[140.1882,40.1262],[140.1881,40.1252],[140.1846,40.123],[140.1838,40.1227],[140.1839,40.1222],[140.1843,40.1216],[140.1842,40.1206],[140.1846,40.12],[140.1847,40.1182],[140.1835,40.1176],[140.183,40.117],[140.1831,40.1162],[140.1822,40.1159],[140.1817,40.1162],[140.1811,40.1162],[140.1805,40.1155],[140.1795,40.1141],[140.1786,40.1136],[140.1779,40.113],[140.1772,40.1121],[140.1773,40.1115],[140.177,40.111],[140.177,40.1103],[140.1773,40.1095],[140.1774,40.1083],[140.1761,40.1078],[140.1749,40.1069],[140.1751,40.1065],[140.1758,40.1062],[140.177,40.1055],[140.1768,40.1051],[140.1754,40.1045],[140.1746,40.1037],[140.1748,40.103],[140.1752,40.1025],[140.1748,40.1019],[140.1747,40.1011],[140.174,40.1005],[140.174,40.1001],[140.1745,40.0993],[140.1746,40.0986],[140.1744,40.098],[140.1747,40.0979],[140.1765,40.0983],[140.1772,40.098],[140.1781,40.0973],[140.1785,40.0962],[140.179,40.0959],[140.1798,40.0945],[140.1808,40.094],[140.1817,40.0938],[140.1823,40.093],[140.1823,40.0927],[140.1815,40.092],[140.1814,40.0916],[140.1817,40.0908],[140.1823,40.09],[140.1833,40.0902],[140.1838,40.0899],[140.1837,40.0891],[140.1844,40.0886],[140.1846,40.0877],[140.1846,40.0868],[140.1849,40.0861],[140.1843,40.0857],[140.1833,40.0843],[140.1834,40.0839],[140.1842,40.0832],[140.1844,40.0825],[140.186,40.0824],[140.1874,40.0821],[140.1882,40.0822],[140.189,40.0814],[140.1892,40.0806],[140.1895,40.0805],[140.191,40.0807],[140.1926,40.0809],[140.1931,40.0806],[140.1931,40.0791],[140.1932,40.0781],[140.1929,40.0768],[140.1926,40.0762],[140.1928,40.0755],[140.1927,40.0748],[140.1919,40.0745],[140.1919,40.0737],[140.1915,40.0731],[140.1915,40.0723],[140.191,40.0718],[140.1906,40.071],[140.1907,40.0706],[140.1904,40.0693],[140.1901,40.0691],[140.1901,40.0684],[140.1896,40.0678],[140.1901,40.0676],[140.1909,40.0677],[140.1921,40.068],[140.1929,40.0683],[140.1936,40.0683],[140.1948,40.0686],[140.196,40.0687],[140.1978,40.0686],[140.1981,40.0684],[140.1998,40.0678],[140.2006,40.0679],[140.2014,40.0687],[140.2028,40.0688],[140.2048,40.0697],[140.2066,40.0706],[140.2082,40.07],[140.2095,40.0701],[140.2111,40.0699],[140.2117,40.0696],[140.2128,40.0695],[140.2135,40.0696],[140.2149,40.0692],[140.2147,40.0685],[140.215,40.0681],[140.2148,40.0665],[140.2153,40.0657],[140.2153,40.065],[140.2156,40.0643],[140.2162,40.0633],[140.2162,40.0607],[140.2165,40.0603],[140.2175,40.0596],[140.2179,40.0589],[140.2195,40.0578],[140.2205,40.0566],[140.2209,40.0564],[140.2226,40.056],[140.2233,40.0552],[140.2241,40.0549],[140.2244,40.0542],[140.2248,40.054],[140.2254,40.0528],[140.2257,40.0525],[140.2272,40.052],[140.2285,40.0507],[140.2296,40.05],[140.2303,40.0494],[140.2316,40.0495],[140.2327,40.0495],[140.2337,40.0491],[140.2342,40.0486],[140.2351,40.0484],[140.2367,40.0475],[140.237,40.0476],[140.2381,40.0485],[140.239,40.0486],[140.24,40.0492],[140.2408,40.0502],[140.2424,40.0517],[140.2425,40.0521],[140.2422,40.0529],[140.2418,40.0534],[140.241,40.0537],[140.2406,40.0544],[140.2396,40.0548],[140.2394,40.0553],[140.2397,40.0563],[140.2401,40.0566],[140.2412,40.057],[140.242,40.0578],[140.2411,40.0583],[140.2408,40.0593],[140.2404,40.0605],[140.2408,40.0609],[140.2423,40.0623],[140.2426,40.0624],[140.2436,40.0621],[140.244,40.0627],[140.2449,40.063],[140.2456,40.0635],[140.2466,40.0631],[140.2474,40.0633],[140.2482,40.063],[140.2489,40.0635],[140.2502,40.0635],[140.2504,40.0639],[140.2499,40.0642],[140.25,40.0648],[140.249,40.0656],[140.25,40.066],[140.2501,40.0666],[140.2499,40.0671],[140.2503,40.0679],[140.2499,40.0686],[140.2501,40.0688],[140.2514,40.0689],[140.2523,40.0688],[140.2525,40.0694],[140.2538,40.0702],[140.2542,40.0713],[140.2535,40.0713],[140.2527,40.0715],[140.2524,40.072],[140.2516,40.0722],[140.2512,40.0726],[140.2512,40.0739],[140.252,40.0748],[140.252,40.0757],[140.2524,40.0768],[140.2522,40.0782],[140.2516,40.079],[140.253,40.0802],[140.2544,40.0805],[140.2549,40.081],[140.2548,40.0815],[140.2543,40.0821],[140.2536,40.0827],[140.2542,40.0834],[140.2545,40.0841],[140.2553,40.0844],[140.2556,40.0848],[140.2555,40.0857],[140.2546,40.0862],[140.2513,40.0864],[140.25,40.0867],[140.2491,40.0879],[140.2493,40.0883],[140.2487,40.0887],[140.2478,40.0885],[140.2468,40.0887],[140.2468,40.0897],[140.2476,40.0904],[140.2473,40.0909],[140.2477,40.092],[140.2478,40.0928],[140.2494,40.0928],[140.2495,40.0944],[140.2498,40.0946],[140.251,40.0943],[140.252,40.0951],[140.2521,40.0963],[140.253,40.0971],[140.2522,40.098],[140.2513,40.0986],[140.2501,40.0992],[140.2497,40.1003],[140.2488,40.1012],[140.2485,40.1024],[140.2483,40.1027],[140.2474,40.1034],[140.2469,40.1036],[140.2471,40.1041],[140.2473,40.1059],[140.2468,40.1064],[140.2462,40.1067],[140.2451,40.108],[140.2443,40.1098],[140.2432,40.1107],[140.2429,40.1113],[140.2429,40.1119],[140.2433,40.1128],[140.2438,40.1136],[140.2451,40.1142],[140.2455,40.1145],[140.2455,40.1153],[140.246,40.1162],[140.2474,40.117],[140.2477,40.1174],[140.2477,40.119],[140.247,40.1194],[140.2469,40.12],[140.2477,40.1205],[140.248,40.1212],[140.248,40.1223],[140.2473,40.1238],[140.2472,40.1244],[140.2474,40.1256],[140.247,40.1263],[140.2479,40.1273],[140.2484,40.1284],[140.2491,40.1292],[140.2499,40.1295],[140.2503,40.1307],[140.2503,40.1316],[140.2493,40.1318],[140.2492,40.1324],[140.2486,40.1335],[140.2483,40.1344],[140.248,40.1347],[140.2482,40.1365],[140.2481,40.1377],[140.249,40.1391],[140.2494,40.1401],[140.2497,40.1417],[140.2498,40.1425],[140.2525,40.143],[140.2534,40.1452],[140.2543,40.1464],[140.2544,40.1475],[140.2547,40.1486],[140.2549,40.1503],[140.255,40.1512],[140.2554,40.1516],[140.2565,40.1521],[140.2568,40.1526],[140.2566,40.1534],[140.2571,40.1543],[140.2569,40.1549],[140.2569,40.1557],[140.2573,40.1578],[140.258,40.1587],[140.2573,40.1589],[140.2563,40.1595],[140.2559,40.1599],[140.2552,40.16],[140.2545,40.1606],[140.2542,40.1616],[140.2543,40.1623],[140.2535,40.1636],[140.2534,40.1646],[140.2538,40.1651],[140.2543,40.1661],[140.2538,40.1664],[140.2532,40.1675],[140.253,40.1688],[140.2532,40.1694],[140.2536,40.1698],[140.2536,40.1708],[140.2541,40.1721],[140.254,40.173],[140.254,40.1747],[140.2538,40.1752],[140.2538,40.1773],[140.2541,40.1793],[140.2549,40.1801],[140.2542,40.1811],[140.2543,40.1818],[140.2549,40.1829],[140.257,40.1832],[140.2575,40.1835],[140.2594,40.184],[140.2605,40.1846],[140.2609,40.1847],[140.2626,40.1848],[140.264,40.1836],[140.2644,40.1834],[140.2658,40.1835],[140.2674,40.1845],[140.2691,40.1861],[140.2698,40.1862],[140.2703,40.1868],[140.2711,40.1868],[140.2712,40.1873],[140.2718,40.1878],[140.2709,40.1888],[140.2717,40.1906],[140.2718,40.1916],[140.2722,40.1923],[140.2725,40.1931],[140.2723,40.1941],[140.2728,40.1954],[140.2735,40.1963],[140.2747,40.1969],[140.2754,40.1961],[140.2763,40.1958],[140.2805,40.1954],[140.283,40.1952],[140.2854,40.1955],[140.286,40.1956],[140.2872,40.1962],[140.2888,40.1976],[140.2895,40.1981],[140.2908,40.1984],[140.2917,40.1979],[140.293,40.1979],[140.2942,40.1981],[140.2949,40.198],[140.2959,40.1985],[140.2965,40.1993],[140.2971,40.1996],[140.2979,40.2001],[140.2985,40.2007],[140.2994,40.2012],[140.2998,40.2025],[140.2998,40.2041],[140.2994,40.2052],[140.2979,40.2049],[140.296,40.2047],[140.2948,40.205],[140.2931,40.2057],[140.292,40.2063],[140.2904,40.2074],[140.2898,40.2082],[140.2885,40.2093],[140.2875,40.2099],[140.2863,40.2104],[140.285,40.2107],[140.2822,40.2108],[140.2792,40.2104],[140.2783,40.2109],[140.2776,40.2109],[140.2759,40.2106],[140.2746,40.2105],[140.2737,40.2108],[140.2731,40.2114],[140.2732,40.2117],[140.2745,40.2129],[140.2757,40.2135],[140.277,40.2139],[140.2779,40.2146],[140.2786,40.2148],[140.2794,40.2159],[140.2796,40.2165],[140.2802,40.2172],[140.2796,40.2183],[140.2797,40.2193],[140.2804,40.2194],[140.2809,40.2198],[140.2812,40.2205],[140.2818,40.2213],[140.2819,40.2217],[140.2819,40.2229],[140.2828,40.2243],[140.2829,40.2246],[140.282,40.2251],[140.2817,40.2261],[140.2802,40.2271],[140.2799,40.2276],[140.2802,40.2284],[140.2797,40.2291],[140.278,40.2302],[140.2769,40.2308],[140.2764,40.2313],[140.276,40.2323],[140.2757,40.2328],[140.2749,40.2337],[140.274,40.2353],[140.2735,40.236],[140.2736,40.2366],[140.2746,40.2372],[140.2753,40.2379],[140.2766,40.2401],[140.2764,40.2406],[140.2757,40.2412],[140.276,40.2417],[140.2751,40.2425],[140.2742,40.2427],[140.2738,40.2435],[140.2734,40.2438],[140.2718,40.2448],[140.2702,40.2446],[140.2693,40.2442],[140.2682,40.2431],[140.267,40.2432],[140.2647,40.2439],[140.2634,40.2437],[140.2624,40.2428],[140.2614,40.2425],[140.2604,40.2423],[140.26,40.2427],[140.2587,40.2428],[140.2571,40.242],[140.2549,40.2412],[140.2524,40.2403],[140.2504,40.2443],[140.2496,40.2457],[140.2489,40.2448],[140.2482,40.2441],[140.2474,40.2448],[140.2464,40.2447],[140.2461,40.2452],[140.2453,40.2454],[140.2447,40.2459],[140.2435,40.2456],[140.2428,40.2459],[140.2415,40.2469],[140.2403,40.2474],[140.2391,40.2472],[140.238,40.2479],[140.2376,40.2484],[140.2369,40.2486],[140.2357,40.2492],[140.2346,40.2489],[140.2337,40.2483],[140.233,40.2482],[140.2319,40.2478],[140.2308,40.2486],[140.2306,40.2493],[140.2309,40.2501],[140.2302,40.2511],[140.2293,40.2514],[140.2289,40.2518],[140.2283,40.2522],[140.2273,40.2524],[140.2268,40.2534],[140.2262,40.2542],[140.225,40.2546],[140.2233,40.2551],[140.2226,40.2555],[140.2213,40.2554],[140.221,40.2565],[140.2202,40.2574],[140.2195,40.258],[140.2191,40.2587],[140.2194,40.26],[140.2202,40.2609],[140.2206,40.2617],[140.2205,40.2626],[140.2208,40.2629],[140.2217,40.2632],[140.2231,40.2632],[140.2236,40.2634],[140.2234,40.2645],[140.2227,40.2653],[140.223,40.266],[140.2226,40.2673],[140.2218,40.2676],[140.2205,40.2678],[140.2179,40.268],[140.217,40.2671],[140.2161,40.2673],[140.2158,40.2681],[140.2152,40.2685],[140.2144,40.2683],[140.2137,40.2686],[140.213,40.2687],[140.2126,40.269],[140.2116,40.2695],[140.2117,40.2704],[140.2111,40.2707],[140.2112,40.2716],[140.211,40.2723],[140.2113,40.2732],[140.2109,40.2738],[140.2111,40.2742],[140.2118,40.2745],[140.213,40.2752],[140.2147,40.2756],[140.2162,40.2759],[140.2169,40.277],[140.2175,40.2775],[140.2172,40.2784],[140.2164,40.2788],[140.2162,40.2793],[140.2165,40.28],[140.2174,40.2808],[140.2174,40.2814],[140.2178,40.2819],[140.2184,40.2822],[140.2178,40.2834],[140.2179,40.2839],[140.2176,40.2848],[140.2191,40.2875],[140.2193,40.2882],[140.2188,40.2901],[140.2178,40.2903],[140.2175,40.2906],[140.2172,40.2913],[140.2171,40.2921],[140.2165,40.2916],[140.2163,40.2904],[140.2168,40.289],[140.2166,40.2879],[140.2164,40.2876],[140.2156,40.2875],[140.2156,40.2871],[140.2146,40.2867],[140.2138,40.2871],[140.2141,40.2881],[140.2136,40.2888],[140.2134,40.2897],[140.2137,40.2904],[140.2135,40.2912],[140.2144,40.292],[140.2139,40.2921],[140.2135,40.2928],[140.2144,40.2934],[140.2144,40.2942],[140.2148,40.2949],[140.2142,40.2949],[140.2134,40.2939],[140.213,40.2943],[140.2131,40.2962],[140.2127,40.2966],[140.2125,40.2971],[140.2128,40.2975],[140.2135,40.2976],[140.2144,40.2983],[140.214,40.2986],[140.2131,40.2979],[140.2127,40.298],[140.2116,40.2974],[140.2116,40.2982],[140.2121,40.2987],[140.2119,40.2992],[140.2123,40.2996],[140.2124,40.3007],[140.2118,40.3008],[140.2107,40.2989],[140.2095,40.2989],[140.2088,40.299],[140.2091,40.2982],[140.209,40.2973],[140.2084,40.2973],[140.2045,40.2973],[140.2044,40.3006],[140.2043,40.3009],[140.2032,40.3012],[140.2016,40.3019],[140.2012,40.3024],[140.2011,40.3033],[140.2016,40.304],[140.2019,40.3052],[140.2018,40.3063],[140.2021,40.3079],[140.2021,40.3083],[140.2016,40.3098],[140.202,40.3106],[140.202,40.3114],[140.2017,40.3121],[140.2019,40.3129],[140.2005,40.3135],[140.1999,40.3139],[140.1993,40.3149],[140.1985,40.3154],[140.1982,40.3166],[140.1982,40.3174],[140.1979,40.3181],[140.1974,40.3183],[140.1966,40.3191],[140.1961,40.319],[140.1953,40.3193],[140.195,40.3198],[140.1957,40.3221],[140.1952,40.3229],[140.1946,40.3233],[140.1948,40.3239],[140.1945,40.3244],[140.1949,40.326],[140.1953,40.3267],[140.1946,40.3284],[140.1941,40.3288],[140.1938,40.3301],[140.1943,40.3322],[140.1947,40.3325],[140.1957,40.3328],[140.1949,40.3351],[140.1949,40.3355],[140.1952,40.3365],[140.1949,40.3373],[140.1955,40.339],[140.1959,40.3394],[140.1968,40.3409],[140.1976,40.3415],[140.1977,40.3424],[140.1973,40.344],[140.1968,40.3448],[140.1957,40.3451],[140.195,40.3461],[140.1942,40.3464],[140.1943,40.3469],[140.1936,40.3478],[140.1935,40.3487],[140.1937,40.349],[140.1937,40.3496],[140.1935,40.3502],[140.1924,40.3511],[140.1904,40.3521],[140.1888,40.3526],[140.1866,40.3537],[140.1864,40.3539],[140.1858,40.3551],[140.1852,40.3554],[140.1841,40.3554],[140.1832,40.3557],[140.1829,40.356],[140.1828,40.3575],[140.1826,40.3578],[140.1812,40.3585],[140.1803,40.3588],[140.1796,40.3595],[140.1788,40.3598],[140.1779,40.3603],[140.1779,40.3612],[140.1778,40.3617],[140.1772,40.362],[140.1751,40.362],[140.1735,40.3617],[140.1718,40.3611],[140.1711,40.3611],[140.1702,40.3619],[140.1701,40.3624],[140.1696,40.3629],[140.1701,40.3639],[140.1706,40.3642],[140.1707,40.3648],[140.1701,40.3652],[140.1698,40.3661],[140.1689,40.3677],[140.1682,40.3679],[140.1678,40.3688],[140.1677,40.3697],[140.1667,40.3703],[140.1662,40.3709],[140.1643,40.3717],[140.1626,40.3716],[140.1606,40.3719],[140.1596,40.3723],[140.1588,40.3729],[140.1575,40.3736],[140.1562,40.3741],[140.1556,40.3743],[140.1552,40.3744],[140.1548,40.3744],[140.1545,40.3744],[140.1543,40.3744],[140.1538,40.3745],[140.1532,40.3744],[140.153,40.3744],[140.1528,40.3744],[140.1525,40.3744],[140.1523,40.3744],[140.1518,40.3745],[140.1515,40.3745],[140.1513,40.3745],[140.1513,40.3744],[140.1511,40.3744],[140.1509,40.3743],[140.1507,40.3742],[140.1506,40.3741],[140.1504,40.374],[140.1503,40.3739],[140.1501,40.3738],[140.15,40.3736],[140.1498,40.3734],[140.1496,40.3732],[140.1495,40.373],[140.1494,40.3729],[140.1494,40.3727],[140.1494,40.3725],[140.1496,40.3722],[140.1497,40.3718],[140.1498,40.3717],[140.1499,40.3714],[140.15,40.3712],[140.1503,40.371],[140.1505,40.3708],[140.1506,40.3707],[140.1511,40.3704],[140.1514,40.37],[140.1515,40.3698],[140.1517,40.3696],[140.1517,40.3693],[140.1518,40.369],[140.1519,40.3689],[140.152,40.3687],[140.1523,40.3683],[140.1524,40.3681],[140.1523,40.3679],[140.1522,40.3677],[140.152,40.3675],[140.1517,40.3671],[140.1516,40.3669],[140.1515,40.3667],[140.1514,40.3665],[140.1513,40.366],[140.1513,40.3657],[140.1513,40.3655],[140.1513,40.3652],[140.1512,40.3651],[140.1512,40.3649],[140.1512,40.3646],[140.1511,40.3645],[140.1511,40.3642],[140.1511,40.3638],[140.1512,40.3636],[140.1512,40.3634],[140.1513,40.3632],[140.1513,40.363],[140.1513,40.3627],[140.1513,40.3626],[140.1513,40.3625],[140.1513,40.3622],[140.1509,40.3619],[140.1507,40.3617],[140.1507,40.3616],[140.1507,40.3614],[140.1507,40.3613],[140.1507,40.3612],[140.151,40.3607],[140.1511,40.3606],[140.1511,40.3604],[140.151,40.3602],[140.1509,40.3601],[140.1509,40.3599],[140.1509,40.3597],[140.151,40.3594],[140.151,40.3592],[140.1509,40.3591],[140.1509,40.3588],[140.1507,40.3583],[140.1506,40.3583],[140.1506,40.3581],[140.1505,40.3579],[140.1505,40.3578],[140.1503,40.3575],[140.1501,40.3573],[140.15,40.3572],[140.1499,40.3571],[140.1498,40.3569],[140.1495,40.3568],[140.1491,40.3567],[140.149,40.3565],[140.1488,40.3564],[140.1488,40.3562],[140.1487,40.3561],[140.1485,40.356],[140.1482,40.3558],[140.148,40.3557],[140.1479,40.3556],[140.1477,40.3554],[140.1476,40.3552],[140.1475,40.3549],[140.1475,40.3547],[140.1474,40.3545],[140.1473,40.3544],[140.1471,40.3542],[140.1469,40.354],[140.1468,40.3538],[140.1468,40.3537],[140.1468,40.3536],[140.1469,40.3534],[140.147,40.3532],[140.1472,40.3528],[140.1472,40.3526],[140.1472,40.3524],[140.1471,40.3522],[140.1469,40.3519],[140.1468,40.3517],[140.1468,40.3516],[140.1467,40.3514],[140.1466,40.3513],[140.1465,40.3511],[140.1464,40.3509],[140.1463,40.3507],[140.1462,40.3505],[140.1462,40.3504],[140.1461,40.3501],[140.1461,40.35],[140.146,40.3499],[140.1459,40.3497],[140.1457,40.3494],[140.1456,40.3491],[140.1454,40.3488],[140.1452,40.3488],[140.145,40.3487],[140.1449,40.3487],[140.1447,40.3486],[140.1444,40.3484],[140.1442,40.3482],[140.1441,40.348],[140.144,40.3479],[140.1439,40.3478],[140.1436,40.3478],[140.1433,40.3477],[140.1431,40.3475],[140.1427,40.3473],[140.1426,40.3471],[140.1425,40.3469],[140.1425,40.3467],[140.1425,40.3466],[140.1424,40.3464],[140.1423,40.3463],[140.1422,40.3461],[140.1417,40.3457],[140.1416,40.3457],[140.1415,40.3455],[140.1414,40.3454],[140.1408,40.3448],[140.1406,40.3447],[140.1405,40.3445],[140.1404,40.3444],[140.1401,40.3442],[140.1395,40.344],[140.1392,40.3438],[140.1389,40.3435],[140.1388,40.3434],[140.1382,40.343],[140.138,40.3429],[140.1379,40.3428],[140.138,40.3426],[140.1381,40.3424],[140.1379,40.3419],[140.1379,40.3417],[140.1379,40.3415],[140.1378,40.3414],[140.1376,40.3412],[140.1376,40.341],[140.1375,40.3408],[140.1372,40.3407],[140.1371,40.3406],[140.137,40.3406],[140.1369,40.3404],[140.1366,40.34],[140.1364,40.3396],[140.1364,40.3392],[140.1364,40.3388],[140.1363,40.3387],[140.1361,40.3385],[140.1358,40.3383],[140.1355,40.3381],[140.1354,40.338],[140.1351,40.338],[140.1349,40.3379],[140.1348,40.3377],[140.1347,40.3376],[140.1348,40.3373],[140.1352,40.3369],[140.1352,40.3367],[140.1352,40.3365],[140.1351,40.336],[140.1351,40.3358],[140.135,40.3357],[140.1352,40.3355],[140.1354,40.3353],[140.1355,40.3352],[140.1356,40.335],[140.1356,40.3349],[140.1356,40.3346],[140.1356,40.3342],[140.1356,40.3337],[140.1356,40.3333],[140.1357,40.3331],[140.1359,40.3327],[140.1361,40.3321],[140.1362,40.332],[140.1362,40.3318],[140.1362,40.3317],[140.136,40.3312],[140.1359,40.3307],[140.1357,40.3303],[140.1357,40.3301],[140.1356,40.3299],[140.1357,40.3297],[140.1358,40.3293],[140.1359,40.3292],[140.136,40.3289],[140.1363,40.3284],[140.1364,40.3283],[140.1365,40.328],[140.1365,40.3279],[140.1367,40.3275],[140.1368,40.3274],[140.137,40.3272],[140.1371,40.3271],[140.1377,40.3268],[140.1378,40.3267],[140.1379,40.3266],[140.1379,40.3265],[140.1378,40.3263],[140.1378,40.3258],[140.1379,40.3257],[140.1382,40.3254],[140.1387,40.325],[140.1389,40.3248],[140.1391,40.3247],[140.1397,40.3245],[140.1399,40.3245],[140.14,40.3244],[140.1402,40.3244],[140.1406,40.3243],[140.1407,40.3241],[140.1406,40.3237],[140.1405,40.3237],[140.1405,40.3232],[140.1404,40.3229],[140.1403,40.3227],[140.14,40.3222],[140.1399,40.3221],[140.1396,40.3219],[140.1392,40.3215],[140.139,40.3214],[140.1389,40.3212],[140.1388,40.3211],[140.1388,40.3207],[140.1388,40.3206],[140.1388,40.3201],[140.1387,40.3197],[140.1386,40.3195],[140.1386,40.3193],[140.1385,40.3192],[140.1381,40.3188],[140.1379,40.3185],[140.1378,40.3183],[140.1373,40.318],[140.1372,40.3179],[140.1372,40.3178],[140.1372,40.3177],[140.1369,40.3176],[140.1363,40.3173],[140.1359,40.317],[140.1356,40.3167],[140.1353,40.3164],[140.1351,40.3161],[140.1347,40.3157],[140.1347,40.3155],[140.1347,40.3154],[140.1348,40.3153],[140.135,40.3148],[140.1353,40.3145],[140.1353,40.3144],[140.1351,40.314],[140.135,40.3139],[140.1349,40.3138],[140.1349,40.3136],[140.135,40.3135],[140.135,40.3132],[140.135,40.313],[140.135,40.3129],[140.135,40.3128],[140.1352,40.3126],[140.1353,40.3125],[140.1355,40.3123],[140.1356,40.3119],[140.1356,40.3117],[140.1357,40.3116],[140.1359,40.311],[140.1359,40.3102],[140.136,40.31],[140.1361,40.3099],[140.1361,40.3095],[140.1357,40.3091],[140.1357,40.309],[140.1358,40.3089],[140.1359,40.3086],[140.1362,40.3083],[140.1361,40.3081],[140.1361,40.308],[140.136,40.3079],[140.136,40.3076],[140.1359,40.3072],[140.1356,40.307],[140.1354,40.3068],[140.1351,40.3064],[140.1349,40.3062],[140.1346,40.306],[140.1342,40.3057],[140.1341,40.3056],[140.1338,40.3053],[140.1335,40.3049],[140.1335,40.3048],[140.1334,40.3047],[140.1333,40.3047],[140.1332,40.3046],[140.1331,40.3045],[140.1329,40.3043],[140.1329,40.3041],[140.1329,40.3039],[140.1331,40.3037],[140.1331,40.3036],[140.1333,40.3031],[140.1333,40.303],[140.1334,40.3029],[140.1336,40.3027],[140.134,40.3023],[140.1343,40.3021],[140.1345,40.302],[140.1351,40.3016],[140.1352,40.3016],[140.1355,40.3014],[140.136,40.3012],[140.1362,40.3012],[140.1367,40.3011],[140.137,40.3011],[140.1372,40.3008],[140.1373,40.3007],[140.1374,40.3004],[140.1375,40.3003],[140.138,40.3002],[140.138,40.3001],[140.138,40.3],[140.138,40.2997],[140.138,40.2996],[140.1383,40.2992],[140.1385,40.299],[140.1386,40.2988],[140.1387,40.2987],[140.1389,40.2984],[140.139,40.2983],[140.1391,40.2981],[140.1392,40.298],[140.1394,40.2979],[140.1395,40.2978],[140.1396,40.2975],[140.1397,40.2974],[140.1398,40.2973],[140.1398,40.2972],[140.1399,40.297],[140.1399,40.2967],[140.1401,40.2965],[140.1401,40.2964],[140.1402,40.2963],[140.1404,40.2961],[140.1408,40.2956],[140.1409,40.2955],[140.1409,40.2953],[140.1409,40.2951],[140.1409,40.2947],[140.1409,40.2946],[140.141,40.2944],[140.1412,40.2943],[140.1416,40.2939],[140.1416,40.2938],[140.1412,40.2937],[140.1411,40.2936],[140.1406,40.2932],[140.1406,40.2931],[140.1404,40.293],[140.1403,40.2928],[140.14,40.2923],[140.1398,40.2922],[140.1394,40.2921],[140.1389,40.2917],[140.1383,40.2917],[140.138,40.2917],[140.1379,40.2917],[140.1377,40.2915],[140.1375,40.2914],[140.1375,40.2913],[140.1375,40.2911],[140.1375,40.2908],[140.1372,40.2906],[140.137,40.2905],[140.1369,40.2903],[140.137,40.2902],[140.1371,40.2899],[140.137,40.2896],[140.1367,40.2891],[140.1364,40.2887],[140.1362,40.2886],[140.1359,40.2884],[140.1354,40.2882],[140.1352,40.2881],[140.135,40.288],[140.1348,40.2879],[140.1347,40.2879],[140.1343,40.2878],[140.1346,40.2873],[140.135,40.2868],[140.1353,40.2865],[140.1355,40.286],[140.1357,40.2858],[140.1357,40.2856],[140.1358,40.2854],[140.136,40.2851],[140.1362,40.2848],[140.1363,40.2847],[140.1366,40.2843],[140.1367,40.2841],[140.1367,40.2839],[140.1366,40.2838],[140.1366,40.2837],[140.1365,40.2833],[140.1365,40.2832],[140.1366,40.2831],[140.1368,40.283],[140.137,40.283],[140.1374,40.2828],[140.1376,40.2826],[140.1378,40.2824],[140.1379,40.2823],[140.1381,40.2823],[140.1384,40.2821],[140.1386,40.2819],[140.1387,40.2818],[140.1387,40.2816],[140.1387,40.2814],[140.1385,40.2809],[140.1385,40.2808],[140.1384,40.2806],[140.1383,40.2805],[140.1379,40.28],[140.1378,40.2798],[140.1376,40.2796],[140.1374,40.2793],[140.1374,40.2791],[140.1374,40.279],[140.1373,40.2787],[140.1373,40.2785],[140.137,40.278],[140.137,40.2778],[140.137,40.2777],[140.137,40.2776],[140.1369,40.2771],[140.1369,40.277],[140.137,40.2768],[140.1369,40.2768],[140.1369,40.2767],[140.1368,40.2766],[140.1366,40.2763],[140.1365,40.276],[140.1365,40.2759],[140.1364,40.2758],[140.1364,40.2757],[140.1364,40.2755],[140.1363,40.275],[140.1363,40.2749],[140.1362,40.2748],[140.136,40.2747],[140.1359,40.2746],[140.1359,40.2745],[140.136,40.2743],[140.1359,40.274],[140.1359,40.2739],[140.1359,40.2737],[140.1357,40.2735],[140.1353,40.273],[140.1352,40.2728],[140.1352,40.2727],[140.1351,40.2726],[140.1351,40.2723],[140.135,40.2721],[140.1348,40.272],[140.1346,40.2719],[140.1343,40.2718],[140.1341,40.2715],[140.134,40.2713],[140.1339,40.271],[140.1339,40.2707],[140.134,40.2704],[140.134,40.2702],[140.1341,40.27],[140.1341,40.2696],[140.1341,40.2695],[140.1341,40.2692],[140.1341,40.269],[140.1342,40.2686],[140.1342,40.2685],[140.1343,40.2681],[140.1343,40.2676],[140.1343,40.2671],[140.1343,40.267],[140.1343,40.2667],[140.1343,40.2666],[140.1343,40.2664],[140.1344,40.2661],[140.1346,40.2659],[140.1345,40.2656],[140.1344,40.2653],[140.1342,40.265],[140.1341,40.2647],[140.1343,40.2644],[140.1343,40.2643],[140.1341,40.2638],[140.134,40.2637],[140.1339,40.2635],[140.1338,40.2634],[140.1335,40.2631],[140.1333,40.2631],[140.133,40.2629],[140.1324,40.2627],[140.132,40.2625],[140.1318,40.2623],[140.1316,40.2621],[140.1314,40.2619],[140.1313,40.2617],[140.1311,40.2616],[140.1309,40.2616],[140.1307,40.2616],[140.1306,40.2616],[140.13,40.2617],[140.1296,40.2617],[140.1295,40.2617],[140.1294,40.2617],[140.1287,40.2617],[140.1283,40.2617],[140.128,40.2617],[140.1274,40.2618],[140.1272,40.2619],[140.1268,40.2619],[140.1264,40.2623],[140.1264,40.2624],[140.1262,40.2624],[140.1261,40.2624],[140.1261,40.2623],[140.126,40.2621],[140.1259,40.2619],[140.1255,40.2618],[140.1254,40.2618],[140.1251,40.2618],[140.125,40.2617],[140.1249,40.2617],[140.1246,40.2615],[140.1242,40.2614],[140.124,40.2614],[140.1239,40.2614],[140.1238,40.2614],[140.1234,40.261],[140.1232,40.261],[140.123,40.2611],[140.1229,40.2611],[140.1227,40.2612],[140.1224,40.2612],[140.1222,40.2613],[140.1218,40.2615],[140.1216,40.2616],[140.1212,40.2616],[140.1211,40.2616],[140.1209,40.2616],[140.1208,40.2617],[140.1207,40.2617],[140.1205,40.2618],[140.1204,40.2618],[140.1203,40.2618],[140.1202,40.2618],[140.1201,40.2618],[140.1199,40.2617],[140.1197,40.2616],[140.1196,40.2615],[140.1195,40.2614],[140.1193,40.2614],[140.1189,40.2614],[140.1186,40.2614],[140.1185,40.2614],[140.1184,40.2614],[140.1179,40.2615],[140.1178,40.2615],[140.1177,40.2615],[140.1176,40.2615],[140.1174,40.2614],[140.1172,40.2614],[140.1171,40.2614],[140.117,40.2613],[140.117,40.2612],[140.117,40.261],[140.117,40.2609],[140.117,40.2608],[140.117,40.2606],[140.1169,40.2603],[140.1167,40.2598],[140.1167,40.2597],[140.1166,40.2597],[140.1161,40.2597],[140.1159,40.2597],[140.1146,40.2598],[140.1134,40.2599],[140.1134,40.2596],[140.1133,40.2592],[140.1131,40.259],[140.1125,40.2591],[140.1117,40.2591],[140.1109,40.2591],[140.1103,40.2592],[140.1098,40.2592],[140.1097,40.2583],[140.1096,40.2582],[140.1095,40.2582],[140.1091,40.2581],[140.1088,40.258],[140.1083,40.2579],[140.1081,40.2578],[140.1074,40.2576],[140.1073,40.2576],[140.1069,40.2575],[140.1068,40.2575],[140.1067,40.2574],[140.1059,40.2572],[140.1052,40.257],[140.1045,40.2568],[140.1036,40.2566],[140.1031,40.2565],[140.103,40.2564],[140.1034,40.2558],[140.1033,40.2557],[140.1032,40.2556],[140.103,40.2555],[140.1029,40.2554],[140.1028,40.2553],[140.1025,40.2552],[140.1024,40.2551],[140.1023,40.2551],[140.1021,40.2551],[140.1019,40.255],[140.1015,40.2548],[140.1013,40.2548],[140.1011,40.255],[140.101,40.255],[140.101,40.2548],[140.101,40.2546],[140.101,40.2544],[140.101,40.2542],[140.1009,40.2541],[140.1008,40.254],[140.1006,40.2538],[140.1003,40.2536],[140.1002,40.2535],[140.1001,40.2534],[140.1,40.2533],[140.1,40.2532],[140.0999,40.253],[140.0998,40.2527],[140.0997,40.2525],[140.0996,40.2522],[140.0995,40.2521],[140.0994,40.2521],[140.0992,40.2519],[140.099,40.2518],[140.0987,40.2517],[140.0984,40.2514],[140.0982,40.2509],[140.0981,40.2508],[140.0979,40.2504],[140.0978,40.2503],[140.0977,40.25],[140.0977,40.2499],[140.0976,40.2496],[140.0975,40.2495],[140.0976,40.2491],[140.0976,40.249],[140.0978,40.2488],[140.098,40.2487],[140.0979,40.2485],[140.0977,40.2483],[140.0975,40.2481],[140.0973,40.2478],[140.0973,40.2477],[140.0972,40.2477],[140.0971,40.2476],[140.0967,40.2473],[140.0965,40.2473],[140.0963,40.2472],[140.0963,40.2474],[140.0963,40.2475],[140.0963,40.2479],[140.0963,40.2483],[140.0963,40.2485],[140.0963,40.249],[140.0963,40.2494],[140.0963,40.2495],[140.0962,40.25],[140.0962,40.2505],[140.0958,40.2504],[140.0958,40.2505],[140.0958,40.2509],[140.0958,40.251],[140.0958,40.2514],[140.0958,40.252],[140.0958,40.2523],[140.0958,40.2524],[140.0956,40.2524],[140.095,40.2524],[140.0943,40.2524],[140.0936,40.2524],[140.0929,40.2524],[140.0925,40.2524],[140.0925,40.2527],[140.0925,40.2537],[140.0925,40.2544],[140.0925,40.2545],[140.0925,40.2549],[140.0925,40.2555],[140.0925,40.2561],[140.0924,40.2562],[140.0924,40.2566],[140.0924,40.2572],[140.0917,40.2572],[140.0883,40.2572],[140.0881,40.2572],[140.0881,40.2575],[140.0881,40.2581],[140.0881,40.2582],[140.0881,40.2583],[140.0881,40.2585],[140.088,40.259],[140.0878,40.2595],[140.0877,40.2597],[140.0877,40.2598],[140.0875,40.2597],[140.087,40.2597],[140.0862,40.2597],[140.0855,40.2597],[140.0847,40.2597],[140.0835,40.2597],[140.0833,40.2597],[140.0833,40.2595],[140.0834,40.2583],[140.0834,40.2579],[140.0834,40.2577],[140.0834,40.2574],[140.0834,40.2571],[140.0834,40.2565],[140.0834,40.2561],[140.0835,40.2558],[140.0835,40.2553],[140.0835,40.2548],[140.0833,40.2548],[140.0832,40.2547],[140.0824,40.2545],[140.0821,40.2545],[140.0817,40.2544],[140.0814,40.2545],[140.0811,40.2546],[140.081,40.2546],[140.0809,40.2547],[140.0808,40.2546],[140.0807,40.2545],[140.0806,40.2545],[140.0805,40.2544],[140.0803,40.2544],[140.0797,40.2544],[140.0796,40.2543],[140.0793,40.2543],[140.0791,40.2543],[140.079,40.2543],[140.0788,40.2545],[140.0784,40.2548],[140.0781,40.255],[140.0781,40.2551],[140.078,40.2553],[140.078,40.2556],[140.0779,40.2558],[140.0778,40.2562],[140.0781,40.2563],[140.0782,40.2564],[140.0784,40.2565],[140.0784,40.2569],[140.0785,40.2574],[140.0785,40.2575],[140.0784,40.2577],[140.0783,40.2579],[140.0781,40.2583],[140.078,40.2584],[140.0778,40.2588],[140.0777,40.2589],[140.0772,40.2595],[140.0771,40.2596],[140.077,40.2597],[140.077,40.2598],[140.077,40.26],[140.077,40.2605],[140.077,40.2608],[140.077,40.2609],[140.077,40.261],[140.077,40.2611],[140.0769,40.2612],[140.0767,40.2613],[140.0766,40.2614],[140.0765,40.2616],[140.0764,40.2619],[140.0763,40.2621],[140.0762,40.2623],[140.0762,40.2624],[140.0761,40.2625],[140.0761,40.2627],[140.0761,40.2631],[140.076,40.2633],[140.076,40.2634],[140.0759,40.2636],[140.0759,40.2637],[140.0758,40.264],[140.0757,40.2641],[140.0757,40.2642],[140.0754,40.2644],[140.0751,40.2643],[140.075,40.2643],[140.0749,40.2642],[140.0748,40.2642],[140.0745,40.2641],[140.0743,40.2641],[140.0742,40.2641],[140.0741,40.2642],[140.0739,40.2642],[140.0738,40.2643],[140.0737,40.2644],[140.0735,40.2645],[140.0735,40.2646],[140.0734,40.2646],[140.0733,40.2647],[140.073,40.2647],[140.0729,40.2646],[140.0728,40.2646],[140.0727,40.2646],[140.0727,40.2644],[140.0727,40.2643],[140.0726,40.2643],[140.0719,40.2643],[140.0716,40.2643],[140.0713,40.2642],[140.0706,40.2642],[140.0701,40.2642],[140.07,40.2642],[140.0696,40.2642],[140.0692,40.2642],[140.0686,40.2642],[140.0685,40.2642],[140.0681,40.2642],[140.0679,40.2642],[140.0672,40.2641],[140.0671,40.2642],[140.067,40.2642],[140.0673,40.2646],[140.0673,40.2647],[140.0674,40.265],[140.0673,40.2651],[140.067,40.2651],[140.0668,40.2652],[140.0667,40.2652],[140.0666,40.2652],[140.0664,40.2653],[140.0663,40.2654],[140.0661,40.2655],[140.0659,40.2657],[140.0657,40.2658],[140.0654,40.2655],[140.0653,40.2654],[140.0651,40.2655],[140.065,40.2655],[140.0649,40.2657],[140.0649,40.2658],[140.0649,40.266],[140.0649,40.2661],[140.0649,40.2662],[140.065,40.2664],[140.0651,40.2665],[140.0653,40.2666],[140.0653,40.2667],[140.0654,40.2667],[140.0656,40.2668],[140.0657,40.2669],[140.0659,40.2671],[140.0661,40.2672],[140.0662,40.2673],[140.0663,40.2674],[140.0663,40.2676],[140.0664,40.2677],[140.0665,40.2679],[140.0666,40.268],[140.0667,40.2681],[140.0668,40.2681],[140.0669,40.2682],[140.067,40.2683],[140.0671,40.2684],[140.0672,40.2685],[140.0671,40.2686],[140.067,40.2686],[140.0668,40.2685],[140.0667,40.2685],[140.0666,40.2686],[140.0665,40.2686],[140.0665,40.2687],[140.0666,40.2688],[140.0667,40.2689],[140.0668,40.269],[140.0669,40.2691],[140.0669,40.2692],[140.0669,40.2694],[140.067,40.2695],[140.0671,40.2697],[140.0672,40.2698],[140.0672,40.27],[140.0672,40.2701],[140.0671,40.2701],[140.067,40.2703],[140.0669,40.2704],[140.0668,40.2704],[140.0667,40.2706],[140.0665,40.2706],[140.0667,40.2704],[140.0667,40.2703],[140.0667,40.2702],[140.0668,40.2701],[140.0668,40.27],[140.0667,40.2699],[140.0667,40.2698],[140.0667,40.2697],[140.0666,40.2695],[140.0664,40.2695],[140.0663,40.2696],[140.0662,40.2697],[140.0661,40.2698],[140.066,40.2698],[140.0659,40.2699],[140.0659,40.2701],[140.0659,40.2703],[140.0659,40.2704],[140.0658,40.2705],[140.0657,40.2707],[140.0656,40.2707],[140.0655,40.2707],[140.0654,40.2707],[140.0652,40.2707],[140.065,40.2706],[140.0646,40.2705],[140.0645,40.2704],[140.0641,40.2703],[140.0635,40.2701],[140.0631,40.2699],[140.063,40.2698],[140.0629,40.2698],[140.0629,40.2697],[140.0629,40.2695],[140.0628,40.2695],[140.0627,40.2694],[140.0622,40.2694],[140.062,40.2694],[140.0615,40.2694],[140.0609,40.2694],[140.0599,40.2694],[140.0596,40.2694],[140.0589,40.2694],[140.0583,40.2694],[140.0576,40.2694],[140.0569,40.2694],[140.0563,40.2694],[140.0556,40.2694],[140.0552,40.2694],[140.0551,40.2694],[140.0543,40.2694],[140.0536,40.2695],[140.0527,40.2695],[140.0524,40.2695],[140.0501,40.2684],[140.05,40.2684],[140.0491,40.2684],[140.049,40.2684],[140.049,40.2689],[140.0478,40.2689],[140.0473,40.2689],[140.0468,40.2689],[140.0467,40.2689],[140.0465,40.2689],[140.0465,40.269],[140.0465,40.2692],[140.0464,40.2693],[140.0464,40.2696],[140.0465,40.2697],[140.0466,40.2697],[140.0468,40.2699],[140.0471,40.27],[140.0472,40.27],[140.0474,40.27],[140.0475,40.27],[140.0478,40.2699],[140.0479,40.2699],[140.048,40.2699],[140.0483,40.2698],[140.0486,40.2698],[140.0488,40.2698],[140.0489,40.2697],[140.0493,40.2697],[140.0497,40.2697],[140.0499,40.2697],[140.05,40.2697],[140.0504,40.2697],[140.0505,40.2696],[140.0507,40.2696],[140.0511,40.2696],[140.0512,40.2696],[140.0513,40.2696],[140.0515,40.2697],[140.0516,40.2698],[140.0517,40.2698],[140.0517,40.2699],[140.0515,40.2699],[140.0513,40.2698],[140.051,40.2698],[140.05,40.2699],[140.0499,40.2699],[140.0492,40.27],[140.049,40.27],[140.0487,40.27],[140.0485,40.27],[140.0478,40.2701],[140.0476,40.2701],[140.0473,40.2702],[140.0472,40.2702],[140.0469,40.2703],[140.0465,40.2708],[140.0463,40.271],[140.0459,40.2714],[140.0456,40.2714],[140.0455,40.2715],[140.0453,40.2716],[140.0452,40.2717],[140.0448,40.272],[140.0447,40.272],[140.0446,40.2721],[140.0444,40.2722],[140.0443,40.2723],[140.0442,40.2725],[140.0438,40.2728],[140.0438,40.2729],[140.0435,40.2731],[140.0434,40.2733],[140.0433,40.2735],[140.0431,40.2738],[140.0428,40.274],[140.0426,40.2742],[140.0419,40.2747],[140.0417,40.2748],[140.0415,40.2749],[140.0413,40.275],[140.0412,40.2751],[140.0409,40.2751],[140.0408,40.2751],[140.0407,40.2751],[140.0406,40.275],[140.0405,40.275],[140.0404,40.2749],[140.0402,40.2748],[140.0396,40.2747],[140.0393,40.2746],[140.0392,40.2746],[140.039,40.2745],[140.0389,40.2745],[140.0383,40.2742],[140.0382,40.2741],[140.0378,40.2739],[140.037,40.2734],[140.0368,40.2733],[140.0367,40.2733],[140.0366,40.2732],[140.0361,40.2728],[140.0357,40.2725],[140.0355,40.2724],[140.0352,40.2721],[140.0351,40.2721],[140.035,40.272],[140.0348,40.2719],[140.0344,40.2717],[140.0341,40.2715],[140.034,40.2713],[140.0335,40.271],[140.0333,40.2708],[140.0331,40.2705],[140.0329,40.2703],[140.0329,40.2702],[140.0325,40.2697],[140.0324,40.2696],[140.0324,40.2695],[140.0324,40.2693],[140.0323,40.2692],[140.0322,40.269],[140.0322,40.2687],[140.0322,40.2685],[140.0322,40.2683],[140.0322,40.2682],[140.0318,40.2677],[140.0316,40.2676],[140.0315,40.2674],[140.0315,40.2672],[140.0317,40.2667],[140.0317,40.2666],[140.0318,40.2664],[140.0318,40.2663],[140.0321,40.266],[140.0323,40.2658],[140.0323,40.2655],[140.0321,40.265],[140.032,40.2646],[140.0319,40.2645],[140.0318,40.2643],[140.0317,40.2642],[140.0313,40.2637],[140.0312,40.2636],[140.0311,40.2635],[140.0308,40.2633],[140.0303,40.2631],[140.0297,40.2631],[140.0294,40.2631],[140.0289,40.2632],[140.0288,40.2632],[140.0286,40.2632],[140.0283,40.2632],[140.0282,40.2632],[140.0281,40.2633],[140.0271,40.2634],[140.0264,40.2635],[140.025,40.2636],[140.0246,40.2637],[140.0245,40.2637],[140.0236,40.2638],[140.0234,40.2639],[140.0232,40.2639],[140.0231,40.2638],[140.0231,40.2637],[140.023,40.2634],[140.023,40.2631],[140.0229,40.263],[140.0229,40.2628],[140.023,40.2627],[140.023,40.2626],[140.0231,40.2623],[140.0229,40.2622],[140.0225,40.2627],[140.0224,40.2627],[140.0223,40.2627],[140.022,40.2626],[140.0219,40.2626],[140.0215,40.2624],[140.0213,40.2624],[140.0212,40.2623],[140.0211,40.2623],[140.021,40.2623],[140.0208,40.2622],[140.0205,40.2622],[140.0204,40.2622],[140.0202,40.2622],[140.0198,40.2623],[140.0196,40.2625],[140.0195,40.2626],[140.0195,40.2627],[140.0195,40.2628],[140.0194,40.2629],[140.0194,40.263],[140.0193,40.2631],[140.0193,40.2632],[140.0191,40.2633],[140.0189,40.2632],[140.0187,40.2631],[140.0186,40.263],[140.0185,40.263],[140.0184,40.2629],[140.0183,40.2629],[140.018,40.2628],[140.0178,40.2629],[140.0175,40.263],[140.0174,40.2631],[140.0173,40.2632],[140.0173,40.2634],[140.0173,40.2635],[140.0173,40.2636],[140.0173,40.2637],[140.0174,40.2638],[140.0174,40.264],[140.0174,40.2641],[140.0174,40.2642],[140.0173,40.2643],[140.0172,40.2644],[140.0171,40.2644],[140.0168,40.2644],[140.0167,40.2644],[140.0164,40.2643],[140.0162,40.2643],[140.016,40.2643],[140.0159,40.2643],[140.0158,40.2644],[140.0157,40.2645],[140.0155,40.2639],[140.0146,40.2603],[140.0145,40.2599],[140.0133,40.2548],[140.0131,40.2545],[140.0125,40.2517],[140.0113,40.2467],[140.0114,40.2467],[140.0109,40.2446],[140.0104,40.2437],[140.0097,40.2428],[140.009,40.2424],[140.0087,40.2412],[140.0093,40.2407],[140.0091,40.2397],[140.0084,40.2387],[140.0073,40.2383],[140.0074,40.2373],[140.0069,40.2363],[140.0074,40.2357],[140.0078,40.2349],[140.0078,40.2343],[140.0066,40.2302],[140.0061,40.2288],[140.0057,40.2267],[140.0052,40.2259],[140.0049,40.2245],[140.0038,40.2229],[140.0008,40.2202],[139.9976,40.2204],[139.9931,40.2183],[139.9846,40.2125],[139.9845,40.2122],[139.9894,40.2155],[139.9932,40.2182],[139.9942,40.2187],[139.9978,40.2203],[140.0005,40.2201],[140.0012,40.2192],[140.0017,40.2192],[140.0055,40.2192],[140.0084,40.2195],[140.0097,40.2199],[140.0107,40.2198],[140.0115,40.2195],[140.0141,40.2182],[140.0195,40.2185],[140.0245,40.2175],[140.0256,40.2171],[140.0256,40.2167],[140.0237,40.2169],[140.0203,40.2174],[140.0196,40.2174],[140.0173,40.2173],[140.0131,40.2172],[140.0129,40.2165],[140.0114,40.2167],[140.0114,40.217],[140.0087,40.2176],[140.0082,40.2174],[140.0045,40.217],[140.0028,40.217],[140.0028,40.2152],[140.003,40.2145],[140.0052,40.2114],[140.0046,40.2088],[140.0031,40.208],[140.0027,40.2063],[140.0012,40.2065],[140.0019,40.2092],[140.0033,40.209],[140.0036,40.2102],[140.0024,40.2119],[140.0006,40.2121],[140,40.2101],[139.9999,40.2098],[139.9987,40.21],[139.9987,40.2103],[139.9992,40.2126],[139.9982,40.2125],[139.9942,40.2131],[139.9936,40.2107],[139.9939,40.2106],[139.9973,40.2101],[139.9978,40.2098],[139.9959,40.2025],[139.995,40.1993],[139.9877,40.2004],[139.9794,40.2017],[139.9792,40.2017],[139.9884,40.2002],[139.9851,40.1876],[139.9851,40.1874],[139.984,40.1835],[139.9921,40.1822],[139.9924,40.1817],[139.9926,40.1798],[139.9924,40.1783],[139.9924,40.1774],[139.9922,40.1758],[139.9909,40.1717],[139.9905,40.1713],[139.9889,40.1665],[139.9882,40.1642],[139.9879,40.1632],[139.9846,40.1545],[139.9842,40.153],[139.9832,40.1503],[139.9829,40.15],[139.9822,40.1484],[139.9818,40.147],[139.9809,40.1446],[139.9805,40.1436],[139.98,40.1429],[139.9791,40.1408],[139.9785,40.1393],[139.9783,40.1383],[139.9772,40.1357],[139.9768,40.1347],[139.9764,40.134],[139.976,40.1327],[139.975,40.1311],[139.9745,40.1298],[139.9736,40.1278],[139.9731,40.127],[139.9726,40.1257],[139.9726,40.1251]]]},"properties":{"N03_001":"秋田県","N03_002":"","N03_003":"","N03_004":"能代市","N03_007":"05202"}},
{"type":"Feature","geometry":{"type":"Polygon","coordinates":[[[140.4456,39.2163],[140.4469,39.2166],[140.4464,39.2177],[140.447,39.2181],[140.4481,39.2175],[140.4486,39.2173],[140.4499,39.2172],[140.4515,39.2173],[140.4528,39.2176],[140.4541,39.2175],[140.4551,39.2176],[140.4559,39.218],[140.4573,39.2184],[140.4597,39.2182],[140.4629,39.2177],[140.4676,39.2176],[140.4687,39.2174],[140.4706,39.2167],[140.4733,39.2159],[140.4754,39.2154],[140.4778,39.2149],[140.4799,39.2143],[140.4819,39.2136],[140.484,39.2127],[140.4862,39.2118],[140.4883,39.2109],[140.4896,39.2105],[140.4921,39.2101],[140.4933,39.2101],[140.4966,39.2107],[140.4986,39.2107],[140.5006,39.2108],[140.5032,39.2109],[140.5051,39.2109],[140.5087,39.2106],[140.5101,39.21],[140.5146,39.2075],[140.5163,39.2065],[140.5196,39.2047],[140.5206,39.2044],[140.5227,39.2035],[140.5242,39.203],[140.5253,39.2024],[140.5257,39.202],[140.5268,39.2004],[140.5281,39.1986],[140.5288,39.1974],[140.5261,39.1964],[140.5237,39.1957],[140.5222,39.1949],[140.5222,39.1945],[140.5231,39.1939],[140.5233,39.1934],[140.5236,39.1923],[140.5233,39.1917],[140.5229,39.1911],[140.5225,39.1897],[140.5214,39.1885],[140.5217,39.1872],[140.5226,39.1862],[140.5231,39.1853],[140.5229,39.1844],[140.5229,39.1835],[140.5233,39.1831],[140.5249,39.1827],[140.5254,39.1822],[140.5254,39.1818],[140.5249,39.1808],[140.5255,39.1805],[140.5262,39.1796],[140.5262,39.1793],[140.5257,39.1784],[140.5266,39.1779],[140.527,39.1775],[140.528,39.1772],[140.5286,39.1772],[140.5296,39.1765],[140.5304,39.1758],[140.5311,39.1756],[140.5327,39.1758],[140.5339,39.1755],[140.534,39.1747],[140.5355,39.173],[140.5366,39.1727],[140.5371,39.1724],[140.538,39.1728],[140.5384,39.1726],[140.5394,39.1725],[140.5393,39.1746],[140.5383,39.1752],[140.5387,39.1761],[140.5386,39.1764],[140.5391,39.1772],[140.5398,39.1776],[140.54,39.1779],[140.5409,39.1781],[140.5419,39.1788],[140.5438,39.1778],[140.5446,39.1768],[140.5451,39.176],[140.5457,39.1759],[140.5452,39.1773],[140.5445,39.1781],[140.5434,39.179],[140.5424,39.1794],[140.5417,39.1802],[140.5411,39.1812],[140.5412,39.1815],[140.5407,39.1819],[140.5427,39.1827],[140.5433,39.1823],[140.5443,39.1806],[140.5449,39.1803],[140.5459,39.1784],[140.5465,39.1766],[140.5465,39.1746],[140.5476,39.1744],[140.548,39.1746],[140.548,39.1767],[140.5486,39.1779],[140.5487,39.1789],[140.5486,39.1801],[140.5482,39.1809],[140.5476,39.1816],[140.5466,39.1825],[140.5454,39.1828],[140.5445,39.1828],[140.5438,39.1831],[140.5432,39.184],[140.5429,39.1856],[140.5431,39.1865],[140.543,39.1873],[140.5429,39.1894],[140.5452,39.19],[140.5463,39.19],[140.547,39.1899],[140.5479,39.1871],[140.5496,39.1874],[140.5495,39.188],[140.5501,39.1882],[140.5513,39.1882],[140.5519,39.1879],[140.5517,39.1892],[140.56,39.1896],[140.5608,39.1899],[140.5605,39.1912],[140.5616,39.1916],[140.5621,39.1923],[140.5625,39.1923],[140.563,39.1912],[140.5647,39.1915],[140.5654,39.1914],[140.5665,39.1924],[140.5674,39.1927],[140.5675,39.1932],[140.568,39.1935],[140.5692,39.1934],[140.57,39.1935],[140.5712,39.1928],[140.572,39.1928],[140.5728,39.1925],[140.5737,39.1926],[140.5747,39.1925],[140.5763,39.1915],[140.5771,39.1917],[140.5777,39.1909],[140.5787,39.1909],[140.5793,39.1907],[140.5795,39.1903],[140.5807,39.1898],[140.5812,39.1889],[140.5822,39.1882],[140.5831,39.1887],[140.5847,39.1883],[140.5856,39.1884],[140.5864,39.1879],[140.5884,39.1874],[140.5893,39.1863],[140.5896,39.1853],[140.5905,39.1854],[140.592,39.1851],[140.5941,39.1835],[140.5953,39.1843],[140.5966,39.1843],[140.5971,39.1844],[140.5978,39.1842],[140.5994,39.1841],[140.6003,39.184],[140.6008,39.1834],[140.602,39.1827],[140.6029,39.1815],[140.6036,39.1805],[140.6038,39.1798],[140.6051,39.1788],[140.6063,39.1785],[140.6076,39.1772],[140.6077,39.1769],[140.6064,39.1759],[140.6056,39.1756],[140.6058,39.1751],[140.6064,39.1746],[140.6069,39.1737],[140.6072,39.1718],[140.6071,39.171],[140.6067,39.1704],[140.6065,39.1692],[140.6067,39.1688],[140.6064,39.1678],[140.6075,39.1664],[140.6075,39.1658],[140.6079,39.1644],[140.6085,39.1639],[140.6088,39.163],[140.61,39.1622],[140.6102,39.1619],[140.6109,39.1615],[140.6112,39.161],[140.6118,39.1603],[140.6134,39.1605],[140.6144,39.1602],[140.6145,39.16],[140.6154,39.1577],[140.6157,39.1572],[140.6159,39.1557],[140.6161,39.1547],[140.6158,39.1542],[140.6161,39.1534],[140.6159,39.1528],[140.6142,39.151],[140.6129,39.1504],[140.6121,39.1504],[140.6109,39.1499],[140.6101,39.1498],[140.6097,39.1489],[140.6099,39.1479],[140.6102,39.1473],[140.6108,39.1467],[140.6108,39.1461],[140.6111,39.1457],[140.611,39.1447],[140.6111,39.1434],[140.6117,39.142],[140.6116,39.1412],[140.6123,39.1405],[140.613,39.1405],[140.6145,39.1401],[140.6155,39.1402],[140.6162,39.1399],[140.6165,39.1395],[140.6171,39.1381],[140.6167,39.1367],[140.6168,39.1359],[140.6162,39.1345],[140.6132,39.1329],[140.613,39.1319],[140.613,39.1315],[140.6123,39.1291],[140.6123,39.128],[140.6118,39.1271],[140.6114,39.1268],[140.6116,39.1263],[140.6116,39.1256],[140.6118,39.1249],[140.6115,39.1243],[140.6118,39.124],[140.613,39.1239],[140.6138,39.1237],[140.6149,39.1227],[140.6155,39.1218],[140.6163,39.1215],[140.6175,39.1216],[140.6181,39.1217],[140.6189,39.1215],[140.6208,39.1214],[140.6217,39.1212],[140.6223,39.1193],[140.6228,39.1188],[140.6238,39.1179],[140.6245,39.117],[140.6248,39.1145],[140.6253,39.1135],[140.6253,39.1122],[140.6257,39.1119],[140.6268,39.1115],[140.6271,39.1111],[140.6271,39.1101],[140.6277,39.1096],[140.6279,39.1089],[140.6287,39.1083],[140.6292,39.1064],[140.6287,39.1052],[140.6292,39.105],[140.6307,39.1052],[140.632,39.1058],[140.6332,39.1066],[140.6358,39.1073],[140.6365,39.107],[140.6383,39.1068],[140.6391,39.1071],[140.6408,39.1068],[140.6421,39.1063],[140.6426,39.1063],[140.6438,39.1067],[140.645,39.1067],[140.6456,39.106],[140.6462,39.1057],[140.6464,39.1053],[140.6475,39.1045],[140.6475,39.1041],[140.6482,39.1033],[140.6484,39.1021],[140.6495,39.1012],[140.6503,39.0999],[140.6512,39.0993],[140.6523,39.0995],[140.6527,39.0992],[140.6535,39.0995],[140.6544,39.0993],[140.6561,39.0994],[140.657,39.0987],[140.6595,39.0981],[140.6602,39.0981],[140.6609,39.0988],[140.6623,39.0995],[140.6629,39.0996],[140.6629,39.0989],[140.6631,39.0983],[140.6636,39.0978],[140.6643,39.0976],[140.6654,39.0977],[140.6661,39.0968],[140.6676,39.0972],[140.6678,39.097],[140.668,39.0961],[140.6688,39.096],[140.6703,39.0962],[140.6702,39.0957],[140.6705,39.095],[140.6709,39.0949],[140.6722,39.095],[140.6737,39.0943],[140.6752,39.0942],[140.6757,39.094],[140.6763,39.0934],[140.6791,39.093],[140.6801,39.0925],[140.6808,39.0926],[140.6821,39.0925],[140.6822,39.0932],[140.6831,39.0946],[140.6836,39.0948],[140.684,39.0957],[140.6845,39.0963],[140.6855,39.0965],[140.686,39.097],[140.6858,39.0976],[140.6863,39.0982],[140.6866,39.0992],[140.6871,39.0998],[140.6877,39.1015],[140.6879,39.1027],[140.6876,39.1043],[140.6877,39.1052],[140.6885,39.1059],[140.6892,39.1062],[140.6899,39.1063],[140.6903,39.1066],[140.6899,39.1069],[140.6903,39.1079],[140.6898,39.1089],[140.6898,39.1094],[140.6906,39.1098],[140.6904,39.1103],[140.6894,39.1105],[140.6893,39.1118],[140.6888,39.1124],[140.6889,39.1126],[140.6884,39.1135],[140.6885,39.114],[140.6877,39.1151],[140.6868,39.1156],[140.6858,39.1165],[140.6852,39.1167],[140.6847,39.1174],[140.6851,39.1179],[140.6855,39.1195],[140.6853,39.1201],[140.6845,39.1206],[140.6845,39.1213],[140.684,39.122],[140.684,39.1225],[140.6844,39.1234],[140.6845,39.1244],[140.6842,39.1249],[140.6832,39.1252],[140.6822,39.1261],[140.682,39.127],[140.6822,39.1276],[140.6817,39.1291],[140.683,39.1295],[140.6839,39.1303],[140.6841,39.131],[140.6845,39.1316],[140.685,39.1317],[140.6856,39.1322],[140.6859,39.1334],[140.6858,39.1341],[140.6862,39.1351],[140.6872,39.1358],[140.6867,39.1372],[140.6874,39.1377],[140.6878,39.1388],[140.6875,39.1397],[140.6869,39.1404],[140.6872,39.1414],[140.6864,39.1429],[140.6855,39.1434],[140.6847,39.1435],[140.6845,39.1442],[140.6834,39.1444],[140.6824,39.1439],[140.682,39.1442],[140.6818,39.1447],[140.6813,39.1453],[140.6807,39.1456],[140.6803,39.1465],[140.6791,39.1469],[140.6792,39.1476],[140.6789,39.1487],[140.6785,39.1492],[140.6775,39.1488],[140.6764,39.1489],[140.6757,39.1488],[140.6745,39.1493],[140.6733,39.1491],[140.6726,39.1487],[140.671,39.1488],[140.6694,39.1489],[140.6679,39.1501],[140.6676,39.1508],[140.6672,39.1512],[140.6674,39.1518],[140.6673,39.1521],[140.6664,39.1525],[140.666,39.153],[140.6651,39.1534],[140.6647,39.1538],[140.6643,39.1536],[140.6636,39.1536],[140.663,39.1532],[140.6624,39.1531],[140.6618,39.1526],[140.6604,39.1521],[140.6592,39.1508],[140.6583,39.1502],[140.6576,39.1494],[140.6567,39.1486],[140.6566,39.1481],[140.6558,39.1472],[140.655,39.1469],[140.6545,39.1466],[140.6532,39.1463],[140.6526,39.1459],[140.6518,39.1458],[140.6513,39.1451],[140.6502,39.1447],[140.6496,39.1446],[140.6487,39.1449],[140.6469,39.1446],[140.6463,39.1449],[140.6465,39.146],[140.6459,39.1463],[140.6451,39.1471],[140.6444,39.1476],[140.6438,39.1477],[140.6423,39.1484],[140.6408,39.15],[140.6399,39.1517],[140.6397,39.1523],[140.64,39.1525],[140.6413,39.1526],[140.6425,39.1529],[140.6425,39.1535],[140.6429,39.1542],[140.6428,39.1549],[140.6435,39.1562],[140.6433,39.1568],[140.6425,39.1576],[140.6427,39.1587],[140.6418,39.1596],[140.6414,39.1603],[140.6413,39.1616],[140.6414,39.1629],[140.6411,39.1636],[140.6412,39.1641],[140.6408,39.1651],[140.64,39.1665],[140.6393,39.167],[140.6388,39.1679],[140.6378,39.1688],[140.6375,39.1694],[140.6366,39.1704],[140.6367,39.1718],[140.6363,39.1724],[140.6364,39.1735],[140.6355,39.174],[140.6352,39.1754],[140.6349,39.1757],[140.6339,39.1755],[140.6323,39.1775],[140.6302,39.1787],[140.6299,39.1794],[140.6291,39.18],[140.628,39.1806],[140.6267,39.1808],[140.6254,39.1819],[140.6257,39.184],[140.6259,39.1849],[140.6247,39.1854],[140.6242,39.1855],[140.6214,39.1855],[140.6196,39.1861],[140.6186,39.1867],[140.6187,39.1873],[140.6194,39.1869],[140.6202,39.1868],[140.6202,39.1871],[140.6207,39.1876],[140.6217,39.1874],[140.6222,39.1884],[140.6217,39.1886],[140.6227,39.1902],[140.6224,39.1904],[140.6231,39.1912],[140.6229,39.1917],[140.6235,39.1922],[140.6241,39.193],[140.6243,39.1936],[140.6255,39.1945],[140.6259,39.1952],[140.6265,39.1959],[140.6278,39.1954],[140.6284,39.1953],[140.6292,39.1947],[140.63,39.1947],[140.6309,39.1943],[140.632,39.1942],[140.6334,39.1949],[140.634,39.1948],[140.6347,39.1944],[140.6354,39.1947],[140.6362,39.1945],[140.6374,39.1945],[140.6384,39.1958],[140.6385,39.1969],[140.6387,39.1976],[140.6395,39.199],[140.6398,39.2006],[140.6399,39.2014],[140.6393,39.2026],[140.6384,39.2041],[140.6385,39.2047],[140.6406,39.2052],[140.6418,39.2054],[140.6425,39.206],[140.6449,39.2066],[140.6462,39.2068],[140.647,39.2067],[140.6484,39.2064],[140.6501,39.2065],[140.6514,39.2069],[140.6527,39.2069],[140.6553,39.2067],[140.656,39.2063],[140.6572,39.2059],[140.6583,39.2058],[140.6593,39.2059],[140.6607,39.2061],[140.6617,39.2076],[140.6621,39.2084],[140.6625,39.2088],[140.6632,39.2092],[140.664,39.2093],[140.665,39.2093],[140.6668,39.2086],[140.6676,39.2079],[140.6684,39.2066],[140.6699,39.206],[140.6703,39.2053],[140.6715,39.2048],[140.6729,39.2036],[140.675,39.2023],[140.6756,39.202],[140.6773,39.2022],[140.6784,39.2021],[140.6785,39.2013],[140.6782,39.2003],[140.6778,39.1991],[140.6778,39.1987],[140.6795,39.1969],[140.6809,39.1957],[140.6813,39.1957],[140.6829,39.195],[140.6835,39.1949],[140.6836,39.1943],[140.6841,39.1938],[140.6849,39.1938],[140.6866,39.1934],[140.6865,39.1926],[140.6872,39.1922],[140.6879,39.1912],[140.6888,39.1905],[140.6898,39.1903],[140.6911,39.1898],[140.6914,39.1885],[140.6916,39.1882],[140.6948,39.188],[140.6963,39.1882],[140.6969,39.1885],[140.6978,39.188],[140.698,39.1872],[140.6988,39.1868],[140.6998,39.1872],[140.702,39.1875],[140.7034,39.1875],[140.705,39.1874],[140.7065,39.1878],[140.7074,39.1876],[140.7084,39.1875],[140.7093,39.1877],[140.7113,39.1893],[140.7118,39.1895],[140.7128,39.1905],[140.7142,39.1912],[140.7158,39.1911],[140.7174,39.1906],[140.7178,39.1906],[140.7188,39.1913],[140.7192,39.192],[140.72,39.1925],[140.7208,39.1934],[140.7214,39.1946],[140.7216,39.1961],[140.7222,39.1969],[140.7236,39.1968],[140.7243,39.1969],[140.7251,39.1967],[140.7259,39.1968],[140.7272,39.1979],[140.7282,39.1995],[140.7288,39.1992],[140.7296,39.1985],[140.7305,39.1983],[140.7312,39.1976],[140.7317,39.1975],[140.7337,39.1974],[140.7343,39.197],[140.736,39.1961],[140.7366,39.1958],[140.7382,39.1956],[140.7402,39.1961],[140.7418,39.196],[140.7432,39.1963],[140.7436,39.1968],[140.7445,39.197],[140.7454,39.1969],[140.7465,39.197],[140.7471,39.1974],[140.7488,39.1976],[140.7504,39.1976],[140.7515,39.198],[140.7532,39.1983],[140.7545,39.1997],[140.7551,39.2002],[140.7567,39.2007],[140.7583,39.2011],[140.7598,39.202],[140.7601,39.2025],[140.76,39.2036],[140.7608,39.205],[140.7608,39.2059],[140.7613,39.2064],[140.7618,39.2065],[140.7639,39.2076],[140.7645,39.2076],[140.7651,39.2081],[140.7666,39.2085],[140.7657,39.2091],[140.7654,39.2103],[140.7647,39.211],[140.7637,39.2115],[140.763,39.2126],[140.7631,39.2132],[140.7642,39.2145],[140.765,39.2149],[140.7658,39.2159],[140.7662,39.2172],[140.7662,39.2184],[140.7665,39.2188],[140.7672,39.2189],[140.7683,39.2188],[140.7693,39.2195],[140.7696,39.2211],[140.7695,39.2221],[140.77,39.2232],[140.7705,39.2235],[140.7727,39.2233],[140.7738,39.2231],[140.7745,39.2231],[140.7755,39.2234],[140.7771,39.2234],[140.7791,39.224],[140.7803,39.2241],[140.7816,39.2248],[140.7832,39.2253],[140.7843,39.2252],[140.7848,39.2253],[140.7862,39.2264],[140.7876,39.2268],[140.7876,39.2279],[140.7871,39.2294],[140.7862,39.2306],[140.7863,39.2328],[140.7865,39.2333],[140.786,39.2342],[140.7865,39.2346],[140.7871,39.2363],[140.7882,39.2373],[140.7887,39.2384],[140.7875,39.2388],[140.7849,39.239],[140.7812,39.24],[140.78,39.2405],[140.779,39.2412],[140.7772,39.2416],[140.7766,39.2423],[140.7761,39.2441],[140.7747,39.2454],[140.7725,39.2466],[140.7719,39.2471],[140.771,39.2485],[140.7704,39.249],[140.7694,39.2509],[140.7693,39.2516],[140.7689,39.2525],[140.7674,39.2517],[140.7667,39.2512],[140.766,39.2512],[140.765,39.2526],[140.7648,39.2531],[140.764,39.2536],[140.763,39.2535],[140.7626,39.2536],[140.7615,39.2548],[140.7591,39.2543],[140.7579,39.2545],[140.7569,39.255],[140.7562,39.2565],[140.7558,39.2569],[140.7542,39.2574],[140.7532,39.2581],[140.7532,39.259],[140.7514,39.2608],[140.7511,39.2616],[140.7513,39.2628],[140.75,39.2628],[140.7488,39.2626],[140.7474,39.2628],[140.7466,39.2619],[140.7459,39.2615],[140.7448,39.262],[140.7437,39.2618],[140.7429,39.2623],[140.7409,39.2631],[140.7403,39.2632],[140.7391,39.2638],[140.7383,39.2645],[140.7381,39.265],[140.7374,39.2659],[140.7363,39.2668],[140.7352,39.2663],[140.7331,39.2664],[140.7326,39.2672],[140.7313,39.2676],[140.7308,39.268],[140.7299,39.2683],[140.7294,39.2688],[140.7279,39.2693],[140.7278,39.2703],[140.7262,39.2701],[140.7254,39.2702],[140.7243,39.2705],[140.723,39.2722],[140.7226,39.2723],[140.7213,39.272],[140.7197,39.2719],[140.7178,39.2726],[140.7177,39.273],[140.7184,39.2742],[140.7178,39.2754],[140.7181,39.2768],[140.7168,39.2775],[140.7169,39.2783],[140.7174,39.2792],[140.7177,39.2801],[140.7176,39.2808],[140.717,39.2818],[140.717,39.2822],[140.7177,39.2831],[140.7177,39.285],[140.7173,39.2855],[140.7172,39.2864],[140.7175,39.2869],[140.7171,39.2875],[140.717,39.289],[140.7164,39.2895],[140.7164,39.2899],[140.717,39.2901],[140.7174,39.2908],[140.7181,39.2909],[140.7186,39.2914],[140.7186,39.2934],[140.7188,39.2942],[140.7186,39.2952],[140.7173,39.2965],[140.7166,39.2964],[140.716,39.2959],[140.7155,39.2958],[140.7152,39.2964],[140.7146,39.2966],[140.7132,39.2966],[140.712,39.2967],[140.7116,39.2965],[140.7108,39.2958],[140.7102,39.2963],[140.7085,39.2969],[140.708,39.2984],[140.7073,39.2989],[140.7054,39.3],[140.705,39.3004],[140.7043,39.3017],[140.7038,39.3018],[140.7024,39.3001],[140.7014,39.2998],[140.7001,39.3002],[140.699,39.2997],[140.6985,39.2997],[140.6971,39.3001],[140.696,39.3002],[140.6938,39.2995],[140.6936,39.2996],[140.6934,39.3006],[140.6933,39.3017],[140.6929,39.303],[140.6933,39.3044],[140.6939,39.3049],[140.6939,39.3054],[140.6947,39.3059],[140.6952,39.3067],[140.6962,39.3077],[140.6965,39.3088],[140.6972,39.3103],[140.6967,39.3108],[140.6965,39.3115],[140.6952,39.3128],[140.694,39.3132],[140.6929,39.3134],[140.6926,39.3143],[140.6927,39.3157],[140.6934,39.3164],[140.6942,39.3177],[140.6944,39.3183],[140.694,39.3198],[140.6954,39.3204],[140.6969,39.3213],[140.6975,39.3218],[140.6978,39.3227],[140.6982,39.3236],[140.6978,39.3242],[140.6978,39.3251],[140.6988,39.3263],[140.699,39.3275],[140.6986,39.3284],[140.6992,39.3285],[140.7003,39.3288],[140.7021,39.3286],[140.7035,39.3286],[140.7043,39.3287],[140.7056,39.3295],[140.7075,39.3297],[140.7092,39.3299],[140.7094,39.3301],[140.7085,39.3327],[140.7083,39.3342],[140.708,39.3346],[140.7068,39.3348],[140.706,39.3362],[140.7057,39.337],[140.7061,39.3383],[140.706,39.3389],[140.705,39.3401],[140.7044,39.3403],[140.7036,39.3403],[140.7035,39.3408],[140.7039,39.3426],[140.7032,39.3436],[140.7025,39.3436],[140.702,39.3438],[140.7008,39.3435],[140.7002,39.3435],[140.699,39.3439],[140.6977,39.3448],[140.697,39.3451],[140.6957,39.3454],[140.6948,39.3451],[140.694,39.3446],[140.6927,39.3445],[140.6921,39.3447],[140.6899,39.3465],[140.6893,39.3472],[140.6885,39.3475],[140.6882,39.3482],[140.6885,39.3493],[140.6884,39.3501],[140.6879,39.3507],[140.688,39.3512],[140.6885,39.3516],[140.6894,39.352],[140.6896,39.3528],[140.6904,39.3536],[140.6905,39.3549],[140.6916,39.3564],[140.6921,39.3568],[140.6929,39.3581],[140.6926,39.3588],[140.6915,39.3587],[140.6905,39.3589],[140.6896,39.3592],[140.6884,39.3593],[140.6871,39.3601],[140.6854,39.3616],[140.6839,39.3617],[140.6826,39.362],[140.6824,39.3623],[140.6819,39.3641],[140.6814,39.3645],[140.6799,39.3651],[140.6798,39.3654],[140.679,39.3663],[140.6775,39.3664],[140.6769,39.3672],[140.6765,39.3683],[140.6756,39.3683],[140.676,39.3711],[140.6762,39.3713],[140.6771,39.3717],[140.6781,39.3731],[140.6788,39.3734],[140.6781,39.3743],[140.6781,39.3754],[140.6784,39.3762],[140.6791,39.3771],[140.6793,39.378],[140.6787,39.3787],[140.6787,39.379],[140.6791,39.3794],[140.6791,39.38],[140.6796,39.3812],[140.679,39.3822],[140.679,39.3832],[140.6778,39.3836],[140.6767,39.3845],[140.6759,39.3854],[140.6754,39.3858],[140.6745,39.3858],[140.6734,39.3854],[140.6724,39.3851],[140.6707,39.3853],[140.6702,39.3851],[140.6696,39.3842],[140.669,39.3839],[140.6673,39.384],[140.6661,39.3841],[140.6655,39.3843],[140.6652,39.3852],[140.665,39.3854],[140.6628,39.3861],[140.661,39.386],[140.6601,39.3864],[140.6595,39.3871],[140.6584,39.3876],[140.6578,39.3886],[140.6569,39.389],[140.6562,39.3891],[140.6555,39.389],[140.6541,39.387],[140.6539,39.3863],[140.6535,39.3859],[140.6525,39.3855],[140.6518,39.3858],[140.6508,39.3857],[140.6488,39.3852],[140.6484,39.3845],[140.6476,39.3839],[140.6465,39.3835],[140.6451,39.3837],[140.6443,39.3837],[140.6441,39.3834],[140.6441,39.3825],[140.6437,39.3819],[140.6433,39.3816],[140.6417,39.3809],[140.6409,39.3806],[140.6399,39.3804],[140.6394,39.3805],[140.6388,39.3803],[140.6374,39.3803],[140.6364,39.3798],[140.6361,39.3792],[140.6363,39.3783],[140.6348,39.3779],[140.6338,39.3783],[140.6321,39.3786],[140.631,39.3776],[140.6308,39.3769],[140.6315,39.3763],[140.6324,39.3757],[140.6321,39.3755],[140.6315,39.3742],[140.6312,39.3739],[140.6305,39.3737],[140.6304,39.3726],[140.6297,39.3722],[140.6287,39.372],[140.6277,39.3714],[140.6273,39.3711],[140.6255,39.3707],[140.6244,39.3707],[140.6235,39.3704],[140.6227,39.3704],[140.6215,39.37],[140.6209,39.3696],[140.62,39.3703],[140.6203,39.3707],[140.6219,39.3715],[140.6228,39.3722],[140.623,39.3726],[140.6221,39.3727],[140.6216,39.3732],[140.6202,39.3739],[140.6193,39.374],[140.6175,39.3744],[140.6172,39.3747],[140.6168,39.3757],[140.6164,39.3778],[140.6167,39.3783],[140.6166,39.3789],[140.6163,39.3796],[140.6157,39.38],[140.6127,39.3808],[140.6115,39.3816],[140.6113,39.3812],[140.6106,39.3807],[140.6101,39.3807],[140.609,39.3801],[140.6079,39.3789],[140.6073,39.3785],[140.6057,39.3782],[140.6046,39.3776],[140.6031,39.3775],[140.6022,39.3773],[140.601,39.3772],[140.5995,39.3773],[140.5996,39.3771],[140.6009,39.3768],[140.6018,39.3767],[140.6024,39.377],[140.6033,39.377],[140.6032,39.3767],[140.6025,39.3765],[140.6021,39.3762],[140.6009,39.3763],[140.6002,39.3759],[140.5997,39.3757],[140.5986,39.3759],[140.5974,39.3763],[140.5964,39.377],[140.5956,39.3777],[140.5953,39.3782],[140.5947,39.3784],[140.5941,39.3782],[140.5937,39.3785],[140.5917,39.3789],[140.5905,39.379],[140.5871,39.379],[140.5855,39.3788],[140.5842,39.3793],[140.5827,39.3796],[140.5807,39.3794],[140.5786,39.3803],[140.578,39.3804],[140.5769,39.3802],[140.5758,39.3802],[140.5754,39.3804],[140.5756,39.3813],[140.5745,39.3813],[140.5734,39.3806],[140.5727,39.3805],[140.5723,39.3803],[140.572,39.3794],[140.5718,39.3778],[140.571,39.3777],[140.5705,39.3767],[140.5693,39.377],[140.5679,39.3768],[140.567,39.3767],[140.5641,39.3771],[140.5628,39.3771],[140.5605,39.3769],[140.5591,39.3766],[140.5565,39.3763],[140.555,39.376],[140.5537,39.3755],[140.5529,39.3753],[140.5516,39.3746],[140.549,39.3739],[140.5482,39.3735],[140.5479,39.3731],[140.5491,39.3723],[140.5502,39.3721],[140.5509,39.3722],[140.5514,39.3715],[140.5509,39.3693],[140.5514,39.3683],[140.551,39.3674],[140.5507,39.3658],[140.5507,39.3645],[140.5499,39.3635],[140.5503,39.3615],[140.5502,39.3606],[140.5492,39.3588],[140.5482,39.3584],[140.5485,39.3578],[140.5483,39.357],[140.5475,39.3564],[140.5471,39.3563],[140.547,39.3555],[140.5467,39.3552],[140.5459,39.3558],[140.5448,39.3564],[140.5444,39.3564],[140.5434,39.3585],[140.5438,39.3597],[140.543,39.3605],[140.5427,39.3606],[140.542,39.3622],[140.5416,39.3625],[140.5405,39.3626],[140.5397,39.3637],[140.5391,39.3636],[140.5382,39.3637],[140.5307,39.3629],[140.5303,39.3624],[140.5305,39.3619],[140.5313,39.3603],[140.5328,39.3581],[140.5333,39.3565],[140.5343,39.3559],[140.5358,39.3556],[140.537,39.355],[140.5378,39.355],[140.5384,39.3552],[140.5401,39.3545],[140.5399,39.3538],[140.5407,39.3537],[140.5404,39.3532],[140.5409,39.3524],[140.5405,39.3515],[140.5401,39.3514],[140.5391,39.3516],[140.5379,39.3522],[140.5352,39.3528],[140.534,39.353],[140.5314,39.3529],[140.5302,39.3533],[140.5291,39.3543],[140.5283,39.3555],[140.5269,39.3569],[140.5261,39.3576],[140.5251,39.3579],[140.5227,39.358],[140.5211,39.3584],[140.5203,39.3593],[140.5188,39.3603],[140.5181,39.3604],[140.5163,39.3605],[140.5157,39.3607],[140.5141,39.3614],[140.5126,39.3625],[140.5116,39.3636],[140.5111,39.364],[140.5102,39.3649],[140.5098,39.3655],[140.5093,39.3659],[140.5086,39.3671],[140.5078,39.3695],[140.5069,39.3705],[140.5059,39.371],[140.5038,39.3719],[140.5028,39.3723],[140.5014,39.3729],[140.5,39.3741],[140.4995,39.3749],[140.4991,39.3774],[140.4987,39.378],[140.4979,39.3783],[140.4946,39.3787],[140.493,39.3787],[140.492,39.3788],[140.4912,39.3792],[140.4903,39.3799],[140.4896,39.3806],[140.4891,39.3817],[140.489,39.3823],[140.4894,39.3834],[140.4889,39.3834],[140.4884,39.3847],[140.4867,39.3845],[140.487,39.3836],[140.4866,39.3822],[140.4851,39.3804],[140.4846,39.3803],[140.4833,39.3782],[140.4827,39.378],[140.4812,39.378],[140.481,39.3766],[140.4811,39.3755],[140.4789,39.3752],[140.4783,39.3745],[140.4782,39.3752],[140.4748,39.3759],[140.4736,39.3766],[140.4723,39.3763],[140.4734,39.3745],[140.4732,39.3739],[140.474,39.3734],[140.4737,39.3728],[140.473,39.372],[140.4727,39.3712],[140.4722,39.37],[140.4725,39.369],[140.4715,39.369],[140.4711,39.3681],[140.471,39.3671],[140.4691,39.3656],[140.4686,39.3656],[140.4683,39.3651],[140.4672,39.3655],[140.4645,39.3667],[140.4642,39.3657],[140.461,39.3657],[140.4615,39.3684],[140.4618,39.3696],[140.4621,39.3713],[140.4623,39.3747],[140.4625,39.3772],[140.4624,39.3786],[140.462,39.382],[140.4617,39.3857],[140.4618,39.3885],[140.4622,39.391],[140.4626,39.3923],[140.4639,39.3955],[140.4651,39.3989],[140.4668,39.4019],[140.4644,39.4024],[140.463,39.4024],[140.4626,39.4015],[140.4622,39.4017],[140.4623,39.4021],[140.4623,39.4031],[140.4626,39.4037],[140.461,39.4042],[140.4631,39.4087],[140.4612,39.4092],[140.459,39.4088],[140.4572,39.4084],[140.4564,39.4075],[140.4554,39.4076],[140.4537,39.407],[140.4528,39.4069],[140.4514,39.4064],[140.4496,39.406],[140.4489,39.4063],[140.4488,39.4074],[140.4478,39.4089],[140.4451,39.4097],[140.4444,39.4096],[140.4429,39.4089],[140.4423,39.4091],[140.44,39.409],[140.4397,39.4082],[140.4385,39.4074],[140.4379,39.4071],[140.4373,39.4071],[140.4368,39.4078],[140.4362,39.4081],[140.4349,39.4073],[140.4338,39.4072],[140.433,39.4068],[140.4314,39.4069],[140.4302,39.4067],[140.4298,39.4063],[140.4297,39.4051],[140.4293,39.4041],[140.4289,39.4038],[140.4288,39.4031],[140.4281,39.4029],[140.4271,39.4032],[140.4266,39.403],[140.4264,39.4023],[140.426,39.402],[140.4245,39.402],[140.4239,39.4007],[140.4238,39.4],[140.423,39.4],[140.4219,39.3998],[140.4211,39.4],[140.4198,39.4001],[140.4193,39.4006],[140.4188,39.4005],[140.4183,39.3999],[140.418,39.3993],[140.4159,39.3989],[140.4152,39.3992],[140.414,39.3999],[140.4134,39.3998],[140.4132,39.3984],[140.4114,39.3976],[140.4108,39.3977],[140.4105,39.3982],[140.4097,39.3987],[140.4095,39.398],[140.4091,39.3977],[140.408,39.3976],[140.4076,39.3969],[140.4065,39.3968],[140.4054,39.3969],[140.4044,39.3972],[140.4039,39.3969],[140.4028,39.3969],[140.4021,39.3964],[140.4013,39.3963],[140.4007,39.397],[140.3999,39.3971],[140.3993,39.3966],[140.3973,39.3969],[140.396,39.397],[140.395,39.3973],[140.394,39.3979],[140.3931,39.3979],[140.3921,39.398],[140.3911,39.3985],[140.3901,39.3986],[140.3884,39.3985],[140.3871,39.3984],[140.3862,39.3987],[140.3858,39.3991],[140.3853,39.3993],[140.3852,39.3987],[140.3848,39.3981],[140.3844,39.3971],[140.3833,39.3951],[140.3828,39.3946],[140.3838,39.3931],[140.3851,39.3924],[140.3855,39.3924],[140.3864,39.3918],[140.3869,39.3913],[140.387,39.3905],[140.3874,39.39],[140.3883,39.3893],[140.3881,39.3883],[140.3889,39.3878],[140.3891,39.387],[140.3896,39.3863],[140.3889,39.3855],[140.3885,39.3849],[140.3884,39.3843],[140.3875,39.3843],[140.3866,39.3846],[140.3851,39.385],[140.3841,39.3849],[140.3831,39.386],[140.3819,39.3854],[140.3812,39.3853],[140.3797,39.3855],[140.3786,39.3862],[140.3779,39.3859],[140.3766,39.3858],[140.3751,39.3861],[140.3742,39.3858],[140.3728,39.3859],[140.3719,39.3856],[140.3696,39.3855],[140.3692,39.3856],[140.3674,39.3867],[140.3664,39.388],[140.3657,39.3897],[140.3651,39.3902],[140.3648,39.391],[140.365,39.3916],[140.365,39.3925],[140.3652,39.3937],[140.3652,39.3945],[140.3648,39.3951],[140.3638,39.3962],[140.3629,39.3959],[140.3606,39.3948],[140.3592,39.3948],[140.3584,39.3951],[140.3581,39.3955],[140.3573,39.3957],[140.3566,39.3956],[140.3555,39.3949],[140.3546,39.3937],[140.3535,39.3933],[140.3514,39.3922],[140.3506,39.3921],[140.3486,39.3916],[140.3474,39.3909],[140.3466,39.3908],[140.3457,39.39],[140.3452,39.3891],[140.3448,39.388],[140.3449,39.3867],[140.3442,39.3861],[140.3434,39.385],[140.3437,39.3844],[140.3437,39.3836],[140.3434,39.3827],[140.3435,39.3813],[140.3432,39.3808],[140.3423,39.3798],[140.3416,39.3793],[140.3413,39.3788],[140.3409,39.3787],[140.34,39.3778],[140.3392,39.3778],[140.3385,39.3776],[140.3379,39.3776],[140.3374,39.3772],[140.3364,39.3766],[140.335,39.3764],[140.334,39.3759],[140.332,39.3756],[140.3299,39.3759],[140.3289,39.3756],[140.3277,39.3755],[140.327,39.3763],[140.3265,39.3767],[140.3267,39.3775],[140.3256,39.3778],[140.3247,39.3777],[140.324,39.3784],[140.3244,39.3789],[140.3243,39.3803],[140.3231,39.381],[140.323,39.3813],[140.3231,39.3821],[140.3208,39.3825],[140.3202,39.3826],[140.3184,39.3817],[140.3175,39.3814],[140.3163,39.3808],[140.3155,39.3807],[140.3152,39.3804],[140.3151,39.3796],[140.3145,39.3794],[140.3134,39.3794],[140.3119,39.3787],[140.3112,39.3792],[140.3106,39.379],[140.3103,39.3796],[140.3096,39.3797],[140.3086,39.3795],[140.3075,39.3801],[140.3065,39.38],[140.306,39.3797],[140.306,39.3793],[140.3051,39.3795],[140.3045,39.3793],[140.3033,39.3784],[140.302,39.3782],[140.3008,39.3782],[140.3014,39.3771],[140.3008,39.3766],[140.3007,39.3758],[140.3013,39.3752],[140.3007,39.3751],[140.3007,39.3743],[140.3002,39.3745],[140.2998,39.3753],[140.2997,39.376],[140.2999,39.3772],[140.2997,39.3779],[140.299,39.378],[140.2986,39.3785],[140.2974,39.3789],[140.2967,39.3788],[140.2959,39.3782],[140.2955,39.3782],[140.2945,39.3785],[140.2941,39.3785],[140.2936,39.3776],[140.2941,39.3774],[140.296,39.3775],[140.2951,39.3766],[140.2952,39.3761],[140.296,39.3755],[140.2949,39.3754],[140.2952,39.3745],[140.2958,39.374],[140.2952,39.3739],[140.2947,39.3733],[140.2946,39.3727],[140.2942,39.3725],[140.2941,39.3733],[140.2945,39.3739],[140.2944,39.3747],[140.2935,39.3749],[140.2938,39.3754],[140.2937,39.3758],[140.2932,39.3763],[140.2922,39.376],[140.2924,39.3766],[140.2921,39.3767],[140.2908,39.3766],[140.29,39.3761],[140.2891,39.376],[140.2884,39.3758],[140.2886,39.3747],[140.2888,39.3744],[140.2879,39.3738],[140.2871,39.3734],[140.287,39.3731],[140.2859,39.373],[140.2856,39.3735],[140.285,39.3742],[140.2835,39.3752],[140.2823,39.3743],[140.281,39.3736],[140.2809,39.3742],[140.28,39.3747],[140.2798,39.3753],[140.2793,39.3755],[140.2783,39.3755],[140.2765,39.3749],[140.2758,39.3755],[140.2734,39.3762],[140.2717,39.3762],[140.2704,39.3765],[140.2702,39.3767],[140.2692,39.3765],[140.2686,39.3762],[140.267,39.3763],[140.2666,39.3771],[140.2661,39.3777],[140.2651,39.3784],[140.2641,39.3788],[140.2636,39.3793],[140.2622,39.3798],[140.2621,39.3796],[140.2631,39.3789],[140.2633,39.3785],[140.2619,39.378],[140.2627,39.3769],[140.2626,39.3759],[140.2632,39.3751],[140.2637,39.3747],[140.2642,39.3736],[140.2646,39.3733],[140.2661,39.3727],[140.2662,39.3714],[140.2673,39.3708],[140.2675,39.3703],[140.2667,39.368],[140.2669,39.3676],[140.2677,39.3667],[140.2678,39.366],[140.2682,39.3655],[140.2699,39.3647],[140.2706,39.3643],[140.2716,39.3639],[140.272,39.3634],[140.2729,39.3628],[140.2728,39.3626],[140.2716,39.3619],[140.2701,39.3611],[140.2703,39.3603],[140.2697,39.3599],[140.2692,39.3592],[140.2695,39.3588],[140.2695,39.358],[140.2693,39.3572],[140.2689,39.3566],[140.2689,39.356],[140.2694,39.3552],[140.2713,39.3547],[140.2729,39.3555],[140.2751,39.3558],[140.2756,39.3554],[140.2759,39.3549],[140.276,39.3541],[140.2772,39.3536],[140.2784,39.3546],[140.279,39.3549],[140.2793,39.3553],[140.2794,39.3559],[140.2808,39.3577],[140.2812,39.3577],[140.2818,39.3569],[140.2827,39.3563],[140.283,39.3559],[140.2838,39.3556],[140.2842,39.3548],[140.2853,39.3551],[140.2857,39.3547],[140.2863,39.3543],[140.2877,39.3551],[140.2884,39.3546],[140.2892,39.3545],[140.2897,39.3548],[140.2915,39.3546],[140.2918,39.3544],[140.2918,39.3539],[140.2921,39.3532],[140.2929,39.3532],[140.2944,39.3535],[140.2953,39.3541],[140.2957,39.3546],[140.2961,39.3546],[140.2967,39.3541],[140.298,39.3547],[140.2985,39.3546],[140.2993,39.353],[140.2993,39.3518],[140.3,39.3504],[140.3,39.3497],[140.3003,39.3486],[140.3013,39.3479],[140.3017,39.3468],[140.3024,39.3467],[140.3034,39.3469],[140.3036,39.3476],[140.304,39.3479],[140.3049,39.3481],[140.3055,39.3478],[140.3071,39.3478],[140.3085,39.3481],[140.3106,39.3476],[140.3117,39.3486],[140.3123,39.3488],[140.313,39.3492],[140.3144,39.3494],[140.3153,39.3495],[140.3159,39.3497],[140.3173,39.3491],[140.3181,39.3486],[140.3197,39.3488],[140.3201,39.3487],[140.3204,39.3481],[140.3203,39.3475],[140.3197,39.3467],[140.3191,39.3465],[140.3189,39.346],[140.3196,39.3453],[140.3202,39.3451],[140.3209,39.3445],[140.3217,39.3445],[140.3229,39.3436],[140.3241,39.3433],[140.3243,39.343],[140.3256,39.3421],[140.3272,39.3419],[140.3281,39.3414],[140.3288,39.3401],[140.3297,39.3395],[140.3296,39.3384],[140.3297,39.3373],[140.3302,39.3365],[140.3301,39.3358],[140.3283,39.3348],[140.3279,39.3342],[140.3274,39.3337],[140.3266,39.3323],[140.3271,39.3322],[140.3283,39.3309],[140.3295,39.3304],[140.3299,39.3298],[140.3295,39.3289],[140.3283,39.3278],[140.3279,39.327],[140.3279,39.3263],[140.3275,39.3258],[140.328,39.3255],[140.3299,39.325],[140.3309,39.3248],[140.3318,39.3251],[140.3323,39.325],[140.3338,39.325],[140.3354,39.3261],[140.3354,39.3267],[140.3357,39.3271],[140.3375,39.3276],[140.3382,39.3276],[140.3393,39.3273],[140.3405,39.3275],[140.341,39.3271],[140.3421,39.3268],[140.3422,39.3257],[140.3417,39.3254],[140.341,39.3244],[140.341,39.324],[140.3405,39.3232],[140.3401,39.3229],[140.3404,39.322],[140.3404,39.3213],[140.3411,39.3201],[140.341,39.3196],[140.3411,39.3186],[140.3419,39.3185],[140.3422,39.3181],[140.342,39.3175],[140.3414,39.3172],[140.341,39.3168],[140.3404,39.3165],[140.3404,39.3158],[140.341,39.3154],[140.3407,39.3145],[140.3403,39.3143],[140.3406,39.3132],[140.3409,39.3129],[140.3406,39.3124],[140.3416,39.3116],[140.3422,39.3114],[140.3425,39.3104],[140.3439,39.3098],[140.3453,39.3088],[140.3472,39.3082],[140.3479,39.3077],[140.3481,39.3073],[140.3493,39.307],[140.3497,39.3062],[140.3501,39.3056],[140.3521,39.3056],[140.3525,39.3054],[140.3527,39.3044],[140.3522,39.3034],[140.3527,39.3026],[140.3529,39.3019],[140.3534,39.3018],[140.3541,39.3012],[140.3535,39.3003],[140.3542,39.2998],[140.3543,39.2993],[140.3554,39.2988],[140.3558,39.2984],[140.3559,39.2976],[140.3555,39.2969],[140.3544,39.2964],[140.3541,39.2956],[140.3532,39.2954],[140.3526,39.2955],[140.3522,39.2961],[140.3513,39.2964],[140.35,39.2964],[140.3495,39.2966],[140.3488,39.2964],[140.348,39.2964],[140.3467,39.296],[140.3458,39.296],[140.3443,39.2958],[140.3433,39.2954],[140.3425,39.2956],[140.3423,39.2952],[140.3422,39.2934],[140.3417,39.2928],[140.3395,39.2914],[140.3391,39.2909],[140.3395,39.2905],[140.3403,39.2902],[140.3403,39.2893],[140.3394,39.2884],[140.3395,39.2879],[140.3401,39.2875],[140.3397,39.2869],[140.3398,39.2861],[140.34,39.2856],[140.3399,39.2849],[140.3386,39.2845],[140.3386,39.2838],[140.3384,39.2832],[140.3383,39.2824],[140.3389,39.2816],[140.3397,39.281],[140.3395,39.2804],[140.3389,39.2797],[140.3379,39.2792],[140.3376,39.2785],[140.3372,39.278],[140.3367,39.2765],[140.3361,39.2762],[140.3353,39.2755],[140.3343,39.2749],[140.3331,39.2737],[140.3323,39.2739],[140.3315,39.2739],[140.3305,39.2736],[140.331,39.2725],[140.3311,39.2711],[140.3315,39.2709],[140.3318,39.2702],[140.3317,39.2688],[140.3315,39.2683],[140.3309,39.2678],[140.3308,39.2672],[140.3304,39.2668],[140.3295,39.265],[140.3298,39.2641],[140.3299,39.2626],[140.3297,39.2621],[140.3299,39.2615],[140.3308,39.2614],[140.3311,39.261],[140.3335,39.2597],[140.3346,39.2598],[140.3357,39.2594],[140.3365,39.2596],[140.3375,39.2592],[140.3384,39.2591],[140.3393,39.2595],[140.3402,39.2592],[140.3407,39.2588],[140.3408,39.2582],[140.3417,39.2578],[140.3424,39.257],[140.3423,39.2557],[140.3413,39.255],[140.3416,39.2542],[140.3428,39.2541],[140.3432,39.2538],[140.3432,39.2533],[140.3434,39.2528],[140.3433,39.2518],[140.3438,39.2512],[140.3447,39.2511],[140.3453,39.2515],[140.3459,39.2515],[140.3464,39.2513],[140.3468,39.2505],[140.3473,39.2509],[140.3482,39.2515],[140.3484,39.252],[140.3489,39.2521],[140.3501,39.2534],[140.3514,39.2542],[140.3525,39.2547],[140.3527,39.2552],[140.3539,39.256],[140.3554,39.2556],[140.3568,39.256],[140.3575,39.2564],[140.3581,39.2572],[140.359,39.2572],[140.3602,39.2578],[140.3609,39.2587],[140.361,39.2593],[140.3619,39.2604],[140.3628,39.261],[140.3631,39.261],[140.3638,39.2604],[140.3643,39.2604],[140.3648,39.2607],[140.3665,39.2616],[140.3676,39.2616],[140.3691,39.2616],[140.3705,39.2619],[140.3717,39.2619],[140.3726,39.2617],[140.3741,39.2621],[140.3751,39.2618],[140.3758,39.2613],[140.3764,39.2613],[140.377,39.2607],[140.3775,39.2607],[140.3785,39.26],[140.3795,39.2595],[140.3801,39.2594],[140.3803,39.2598],[140.3819,39.261],[140.3824,39.2609],[140.3849,39.2607],[140.3857,39.2601],[140.3857,39.2597],[140.3862,39.2595],[140.3872,39.2597],[140.3878,39.2593],[140.3884,39.2596],[140.3904,39.2601],[140.3911,39.2601],[140.3925,39.2597],[140.393,39.2597],[140.3935,39.2603],[140.3941,39.2602],[140.3954,39.2596],[140.3963,39.2593],[140.3976,39.2591],[140.399,39.2596],[140.399,39.26],[140.3986,39.2607],[140.3986,39.2611],[140.3981,39.2631],[140.3981,39.2636],[140.3989,39.2638],[140.3999,39.2638],[140.4002,39.2634],[140.4017,39.2601],[140.402,39.2588],[140.4016,39.2569],[140.4018,39.2562],[140.4032,39.2554],[140.4072,39.253],[140.4082,39.2523],[140.4099,39.2517],[140.4101,39.2515],[140.4095,39.2504],[140.4083,39.2475],[140.4098,39.248],[140.4111,39.2481],[140.412,39.2478],[140.4142,39.247],[140.416,39.2458],[140.4172,39.2465],[140.4176,39.2465],[140.4216,39.2443],[140.4253,39.2426],[140.4247,39.2422],[140.4235,39.2422],[140.4231,39.242],[140.4219,39.2401],[140.4214,39.2396],[140.4243,39.2361],[140.4215,39.2348],[140.4218,39.2338],[140.4214,39.2327],[140.4217,39.2322],[140.422,39.2311],[140.422,39.2303],[140.4228,39.2299],[140.4236,39.229],[140.4262,39.2302],[140.4302,39.2252],[140.4323,39.2262],[140.4334,39.2249],[140.4345,39.2254],[140.4351,39.2247],[140.436,39.2252],[140.4363,39.2255],[140.4362,39.226],[140.4387,39.226],[140.4418,39.2258],[140.4422,39.2251],[140.4421,39.2241],[140.4421,39.2212],[140.4422,39.2195],[140.4433,39.2187],[140.4439,39.2179],[140.4451,39.2172],[140.4456,39.2163]]]},"properties":{"N03_001":"秋田県","N03_002":"","N03_003":"","N03_004":"横手市","N03_007":"05203"}},
{"type":"Feature","geometry":{"type":"Polygon","coordinates":[[[140.3532,40.3549],[140.3542,40.3544],[140.3557,40.3545],[140.3567,40.3543],[140.3586,40.3523],[140.3591,40.3519],[140.3613,40.3515],[140.3617,40.3517],[140.364,40.3515],[140.365,40.352],[140.3669,40.3516],[140.3675,40.3504],[140.3674,40.35],[140.3677,40.3494],[140.3676,40.3485],[140.3671,40.3483],[140.3667,40.3475],[140.3682,40.3469],[140.3696,40.3469],[140.3701,40.3466],[140.3699,40.3451],[140.3706,40.345],[140.3715,40.3454],[140.3719,40.3458],[140.373,40.3454],[140.374,40.3447],[140.3741,40.3443],[140.3754,40.3439],[140.3758,40.3433],[140.3761,40.3425],[140.3758,40.3408],[140.3759,40.3404],[140.3754,40.3397],[140.3762,40.3387],[140.3758,40.3374],[140.3749,40.3357],[140.375,40.3339],[140.3761,40.3333],[140.3757,40.3317],[140.3764,40.3303],[140.3759,40.3296],[140.3757,40.3287],[140.3767,40.3282],[140.3768,40.3275],[140.3764,40.3267],[140.3766,40.3264],[140.3775,40.3264],[140.3779,40.3261],[140.3767,40.3253],[140.3758,40.3249],[140.3772,40.3243],[140.3777,40.3236],[140.3785,40.3231],[140.3776,40.3222],[140.3777,40.3218],[140.3772,40.3214],[140.3768,40.3207],[140.3774,40.3198],[140.378,40.3198],[140.379,40.3194],[140.38,40.3194],[140.3804,40.3191],[140.3801,40.3179],[140.3796,40.3175],[140.3806,40.3173],[140.3811,40.3166],[140.3811,40.3158],[140.3814,40.3155],[140.3831,40.3145],[140.3834,40.3141],[140.3841,40.314],[140.3841,40.3134],[140.3837,40.3127],[140.3841,40.3124],[140.3839,40.312],[140.3841,40.3114],[140.3838,40.3106],[140.384,40.3103],[140.384,40.3096],[140.3833,40.3094],[140.3833,40.3089],[140.3838,40.3086],[140.3844,40.3078],[140.3845,40.3069],[140.3853,40.3065],[140.3857,40.306],[140.3864,40.3056],[140.3873,40.3056],[140.389,40.3059],[140.3886,40.305],[140.3885,40.3041],[140.3889,40.3035],[140.3898,40.3032],[140.3907,40.3017],[140.392,40.3012],[140.3923,40.3008],[140.3922,40.3004],[140.3933,40.2996],[140.393,40.298],[140.3934,40.2973],[140.3934,40.2964],[140.3942,40.2961],[140.3944,40.2958],[140.3938,40.2951],[140.395,40.294],[140.3958,40.294],[140.3962,40.2938],[140.3967,40.293],[140.3967,40.2922],[140.3965,40.2916],[140.397,40.2911],[140.3984,40.2912],[140.3991,40.2903],[140.3999,40.2899],[140.4001,40.2894],[140.4008,40.289],[140.4015,40.2883],[140.4017,40.2878],[140.401,40.2873],[140.4007,40.2864],[140.4007,40.2857],[140.4014,40.2855],[140.4018,40.2851],[140.4017,40.2842],[140.4022,40.2834],[140.4033,40.2826],[140.4037,40.282],[140.4054,40.2819],[140.4048,40.2809],[140.4047,40.2805],[140.4054,40.2799],[140.4064,40.2799],[140.4066,40.2791],[140.4069,40.2789],[140.4078,40.2793],[140.4088,40.2789],[140.409,40.2779],[140.4093,40.2776],[140.4107,40.2772],[140.4114,40.2772],[140.4119,40.2769],[140.4122,40.2762],[140.4127,40.2755],[140.4134,40.2749],[140.4143,40.2747],[140.4155,40.2748],[140.4162,40.2743],[140.416,40.2724],[140.4161,40.2716],[140.4146,40.2704],[140.4145,40.2701],[140.4133,40.2691],[140.4128,40.2689],[140.411,40.2672],[140.4105,40.267],[140.4106,40.2662],[140.4104,40.2657],[140.4098,40.2651],[140.4097,40.2647],[140.4089,40.2643],[140.4086,40.2638],[140.4074,40.2633],[140.408,40.2621],[140.4084,40.2618],[140.4069,40.2607],[140.407,40.2603],[140.4078,40.2607],[140.4098,40.262],[140.4106,40.2624],[140.4125,40.2627],[140.4124,40.261],[140.4122,40.261],[140.4123,40.2568],[140.4145,40.2575],[140.415,40.257],[140.4158,40.2573],[140.4162,40.2564],[140.4153,40.2564],[140.4151,40.2559],[140.4184,40.2556],[140.4193,40.2551],[140.4204,40.2543],[140.422,40.254],[140.4224,40.2542],[140.4242,40.2542],[140.4245,40.2539],[140.426,40.254],[140.427,40.2545],[140.4278,40.2547],[140.4288,40.2552],[140.4294,40.2558],[140.4303,40.2556],[140.4305,40.2551],[140.4311,40.2555],[140.4321,40.2557],[140.4328,40.2561],[140.4339,40.2563],[140.4348,40.2563],[140.4357,40.2572],[140.4366,40.2575],[140.4374,40.257],[140.4393,40.2567],[140.4405,40.2572],[140.4415,40.2573],[140.4424,40.2572],[140.4428,40.2574],[140.4438,40.2574],[140.4445,40.2569],[140.4467,40.2565],[140.4468,40.2559],[140.4473,40.2552],[140.4471,40.2542],[140.4473,40.2537],[140.4482,40.2539],[140.4489,40.2539],[140.4496,40.2531],[140.4498,40.2524],[140.4496,40.2516],[140.4484,40.2511],[140.4486,40.25],[140.4481,40.2494],[140.4477,40.2484],[140.4477,40.248],[140.4482,40.2478],[140.4497,40.2478],[140.4506,40.2475],[140.4515,40.2476],[140.452,40.2465],[140.4518,40.2457],[140.4522,40.2452],[140.4541,40.2449],[140.4555,40.2449],[140.4564,40.2445],[140.4572,40.2443],[140.4585,40.243],[140.4592,40.242],[140.4595,40.2418],[140.4603,40.2417],[140.4617,40.242],[140.4627,40.242],[140.4636,40.2421],[140.4648,40.2417],[140.4654,40.2412],[140.4672,40.2406],[140.4696,40.2416],[140.4707,40.2416],[140.4717,40.2413],[140.4715,40.2411],[140.4715,40.24],[140.4714,40.238],[140.4718,40.2373],[140.4712,40.2364],[140.472,40.2355],[140.4719,40.2342],[140.4723,40.233],[140.4715,40.2326],[140.4705,40.2313],[140.4699,40.23],[140.4696,40.2292],[140.4692,40.2289],[140.4691,40.2278],[140.4687,40.2268],[140.4687,40.2263],[140.4693,40.2253],[140.4691,40.2246],[140.4693,40.2233],[140.4685,40.2229],[140.4684,40.2225],[140.4704,40.2215],[140.4709,40.2205],[140.4722,40.2201],[140.4725,40.2191],[140.474,40.2183],[140.4759,40.2183],[140.4785,40.2171],[140.4797,40.217],[140.4798,40.2159],[140.4803,40.2156],[140.4804,40.2152],[140.4815,40.2143],[140.4823,40.2141],[140.4849,40.2139],[140.4854,40.2131],[140.4853,40.2122],[140.4857,40.2113],[140.4858,40.2108],[140.4849,40.2101],[140.4852,40.2093],[140.485,40.2085],[140.4852,40.2073],[140.486,40.2064],[140.4858,40.2058],[140.4862,40.2045],[140.4864,40.2036],[140.4871,40.2019],[140.4868,40.2014],[140.4861,40.2009],[140.4853,40.2001],[140.4845,40.2],[140.4839,40.1997],[140.4838,40.1979],[140.4836,40.1973],[140.483,40.1967],[140.4824,40.1963],[140.4803,40.1961],[140.4798,40.1962],[140.48,40.1947],[140.4798,40.1935],[140.4792,40.1926],[140.4792,40.1921],[140.4795,40.1916],[140.4803,40.1914],[140.481,40.1911],[140.4812,40.1907],[140.4819,40.1901],[140.4831,40.1888],[140.484,40.1882],[140.4846,40.1876],[140.4845,40.1868],[140.484,40.1861],[140.4847,40.1851],[140.4853,40.1834],[140.4863,40.183],[140.487,40.1822],[140.4869,40.1808],[140.4875,40.1803],[140.4872,40.1796],[140.4881,40.1785],[140.4894,40.1782],[140.4909,40.1784],[140.4916,40.178],[140.4926,40.1779],[140.4932,40.1767],[140.4942,40.1762],[140.4947,40.1759],[140.495,40.1752],[140.4948,40.1747],[140.4951,40.174],[140.4949,40.1737],[140.4938,40.173],[140.4923,40.1727],[140.4913,40.1719],[140.4913,40.1705],[140.4902,40.1694],[140.4897,40.1679],[140.4905,40.1674],[140.4914,40.1672],[140.492,40.1666],[140.4937,40.1665],[140.4943,40.1661],[140.4949,40.1666],[140.4967,40.1664],[140.4976,40.1659],[140.4979,40.1649],[140.4987,40.1647],[140.4998,40.1651],[140.5012,40.1646],[140.502,40.1645],[140.5023,40.1642],[140.5022,40.1635],[140.5015,40.1628],[140.5012,40.1622],[140.502,40.1616],[140.5021,40.1613],[140.5016,40.1603],[140.5003,40.1599],[140.5001,40.1592],[140.4995,40.1587],[140.4986,40.1584],[140.4984,40.1572],[140.4979,40.1566],[140.4958,40.1558],[140.4958,40.1549],[140.4962,40.1539],[140.4965,40.1537],[140.4981,40.1538],[140.4988,40.1535],[140.4999,40.154],[140.5008,40.1542],[140.5023,40.1543],[140.5028,40.1547],[140.5049,40.1548],[140.5068,40.1562],[140.5073,40.1558],[140.5077,40.1548],[140.5083,40.1545],[140.5094,40.1536],[140.5099,40.1535],[140.5109,40.1524],[140.5119,40.1519],[140.5134,40.1523],[140.5143,40.1524],[140.5145,40.1518],[140.5151,40.1515],[140.5156,40.1508],[140.5168,40.1509],[140.5173,40.1504],[140.5177,40.1493],[140.5184,40.1491],[140.5188,40.1486],[140.5192,40.1474],[140.5204,40.1473],[140.5215,40.1477],[140.5226,40.1484],[140.5232,40.1493],[140.5243,40.1496],[140.5251,40.1497],[140.5256,40.1499],[140.5258,40.1504],[140.5268,40.1506],[140.5285,40.1514],[140.53,40.1513],[140.5307,40.1519],[140.5318,40.154],[140.5321,40.1552],[140.5334,40.1556],[140.5334,40.1564],[140.5337,40.1568],[140.5345,40.1569],[140.5347,40.1576],[140.5351,40.1584],[140.5362,40.1584],[140.5371,40.1587],[140.5379,40.1592],[140.5385,40.1594],[140.5402,40.1581],[140.5411,40.1567],[140.5415,40.1565],[140.5435,40.1561],[140.5442,40.1555],[140.5441,40.1551],[140.5446,40.1545],[140.545,40.1536],[140.5448,40.1528],[140.5439,40.1519],[140.5437,40.1512],[140.5432,40.1504],[140.543,40.1496],[140.5429,40.1482],[140.5433,40.1476],[140.5432,40.1467],[140.5433,40.1463],[140.5432,40.1455],[140.5436,40.1441],[140.5435,40.143],[140.5453,40.1429],[140.5466,40.1425],[140.5483,40.1421],[140.5494,40.142],[140.5497,40.1413],[140.5501,40.1408],[140.5507,40.1398],[140.5508,40.1387],[140.5516,40.1383],[140.5528,40.1363],[140.553,40.1355],[140.553,40.135],[140.5538,40.1347],[140.5559,40.1348],[140.5572,40.1343],[140.5589,40.135],[140.5609,40.1349],[140.5626,40.1344],[140.5634,40.134],[140.5649,40.1337],[140.5654,40.1335],[140.5688,40.1329],[140.5697,40.1326],[140.5707,40.1326],[140.5717,40.1319],[140.5723,40.1318],[140.5745,40.1321],[140.5758,40.1319],[140.5763,40.1316],[140.5768,40.131],[140.5778,40.1304],[140.5812,40.1302],[140.5825,40.13],[140.5834,40.1306],[140.5845,40.1308],[140.5862,40.1304],[140.5882,40.1303],[140.5902,40.1296],[140.5905,40.1293],[140.5909,40.1284],[140.5918,40.1276],[140.5934,40.127],[140.5938,40.1266],[140.5947,40.1261],[140.5954,40.1251],[140.5968,40.1237],[140.5975,40.1229],[140.5982,40.1225],[140.5996,40.1221],[140.6009,40.1222],[140.6011,40.122],[140.6012,40.1205],[140.6014,40.1201],[140.6013,40.1186],[140.601,40.1181],[140.6014,40.1174],[140.6013,40.1164],[140.6011,40.1157],[140.6011,40.1153],[140.6027,40.1128],[140.6027,40.1126],[140.6015,40.1115],[140.601,40.1097],[140.6002,40.108],[140.5994,40.1054],[140.5993,40.1047],[140.5997,40.104],[140.5989,40.1021],[140.5988,40.1],[140.6001,40.0981],[140.6007,40.0975],[140.6015,40.0964],[140.6015,40.0959],[140.6012,40.0945],[140.6003,40.0934],[140.6003,40.0931],[140.6018,40.0916],[140.6018,40.0912],[140.6013,40.0896],[140.6003,40.089],[140.5997,40.0881],[140.6001,40.0874],[140.6029,40.0872],[140.6053,40.0872],[140.6062,40.0871],[140.6068,40.0861],[140.6079,40.0849],[140.6107,40.0836],[140.6116,40.083],[140.6122,40.0823],[140.6122,40.0818],[140.613,40.0812],[140.6147,40.0804],[140.6165,40.0804],[140.6177,40.0806],[140.6189,40.0812],[140.6199,40.082],[140.621,40.0826],[140.6214,40.0832],[140.6213,40.0838],[140.6218,40.0841],[140.6226,40.0844],[140.6231,40.085],[140.6249,40.0858],[140.6252,40.0864],[140.6265,40.0871],[140.6273,40.0877],[140.6279,40.0879],[140.6293,40.088],[140.6299,40.0882],[140.6307,40.0889],[140.6317,40.0896],[140.6328,40.09],[140.6342,40.0903],[140.6348,40.0908],[140.6362,40.0912],[140.6373,40.0912],[140.6383,40.0897],[140.6385,40.0893],[140.6384,40.0884],[140.6392,40.0865],[140.6392,40.0856],[140.6396,40.085],[140.6406,40.085],[140.6424,40.0852],[140.6444,40.0862],[140.6456,40.0863],[140.6467,40.0868],[140.6496,40.0876],[140.651,40.0869],[140.652,40.0866],[140.6528,40.0859],[140.654,40.0857],[140.6549,40.0851],[140.6564,40.0851],[140.6569,40.0848],[140.6583,40.0844],[140.6598,40.0845],[140.6603,40.0842],[140.661,40.0834],[140.6617,40.0829],[140.6616,40.0816],[140.6609,40.0809],[140.661,40.0799],[140.661,40.0786],[140.6608,40.0779],[140.6615,40.0778],[140.6623,40.0781],[140.6628,40.0781],[140.6638,40.0784],[140.6641,40.0781],[140.6642,40.0772],[140.665,40.0767],[140.6655,40.0756],[140.6659,40.0748],[140.6662,40.0746],[140.6672,40.0746],[140.6691,40.0752],[140.6707,40.0755],[140.6716,40.0744],[140.6726,40.074],[140.6738,40.074],[140.6742,40.0737],[140.6747,40.0738],[140.6754,40.0743],[140.6761,40.0746],[140.6763,40.0754],[140.6768,40.076],[140.6775,40.0763],[140.6777,40.0768],[140.6777,40.0778],[140.6786,40.0782],[140.6792,40.0783],[140.6797,40.0787],[140.68,40.078],[140.6795,40.077],[140.6796,40.0764],[140.6795,40.0757],[140.6797,40.0749],[140.6806,40.0746],[140.6812,40.0741],[140.6828,40.0739],[140.6834,40.0734],[140.6846,40.0736],[140.685,40.0734],[140.6857,40.0723],[140.6869,40.0724],[140.6872,40.0722],[140.6875,40.0713],[140.6887,40.0706],[140.6899,40.0702],[140.6894,40.069],[140.6886,40.0677],[140.6889,40.0675],[140.6902,40.0676],[140.6907,40.0671],[140.6905,40.0664],[140.69,40.0659],[140.6903,40.0652],[140.6921,40.0648],[140.6926,40.0636],[140.6909,40.0629],[140.6908,40.0615],[140.69,40.0611],[140.6896,40.0593],[140.6898,40.0588],[140.6906,40.0584],[140.6904,40.0571],[140.6906,40.0563],[140.6924,40.0551],[140.6924,40.0544],[140.6932,40.0533],[140.6933,40.0524],[140.6938,40.0515],[140.6949,40.0502],[140.696,40.05],[140.696,40.0489],[140.6966,40.0484],[140.6971,40.0484],[140.6975,40.049],[140.6987,40.0498],[140.6989,40.0506],[140.6984,40.0515],[140.6982,40.0529],[140.6985,40.0533],[140.6995,40.0539],[140.7001,40.0545],[140.7005,40.0553],[140.7012,40.0557],[140.7024,40.0568],[140.7035,40.0573],[140.7041,40.058],[140.7046,40.0583],[140.7058,40.0597],[140.706,40.0603],[140.7059,40.0616],[140.7061,40.0621],[140.7062,40.0634],[140.7066,40.064],[140.708,40.0649],[140.7085,40.0655],[140.7096,40.0662],[140.7102,40.0679],[140.7111,40.0682],[140.7111,40.0691],[140.7114,40.0703],[140.7107,40.0713],[140.7111,40.0721],[140.7114,40.0731],[140.7114,40.0738],[140.7117,40.0744],[140.7127,40.0751],[140.7132,40.0756],[140.7144,40.076],[140.7145,40.0775],[140.7151,40.0779],[140.7163,40.078],[140.7169,40.0783],[140.7167,40.0792],[140.7168,40.0796],[140.7173,40.0802],[140.7169,40.0813],[140.7162,40.0821],[140.7156,40.083],[140.715,40.0847],[140.715,40.0855],[140.7146,40.0861],[140.7146,40.0868],[140.715,40.0881],[140.7153,40.0892],[140.7158,40.0899],[140.716,40.0905],[140.7167,40.0915],[140.7164,40.0925],[140.7169,40.0938],[140.7168,40.0944],[140.7164,40.0949],[140.7157,40.0953],[140.7153,40.0961],[140.7156,40.0974],[140.7156,40.0995],[140.7161,40.1008],[140.7162,40.1015],[140.7158,40.1027],[140.7154,40.1033],[140.7153,40.1043],[140.7158,40.105],[140.716,40.1055],[140.7166,40.106],[140.717,40.1073],[140.7166,40.1085],[140.7162,40.1091],[140.7161,40.1098],[140.7163,40.1112],[140.7165,40.1117],[140.7173,40.1122],[140.7179,40.1125],[140.7193,40.1134],[140.7201,40.1136],[140.7197,40.1143],[140.7205,40.1163],[140.7204,40.1172],[140.7206,40.1176],[140.7225,40.1182],[140.7231,40.1189],[140.7238,40.1192],[140.7232,40.1204],[140.723,40.1213],[140.7223,40.1219],[140.722,40.1225],[140.7224,40.1245],[140.7219,40.1254],[140.7213,40.1277],[140.7223,40.1287],[140.7229,40.1297],[140.7236,40.1297],[140.725,40.13],[140.7263,40.1298],[140.7277,40.1298],[140.7289,40.1309],[140.7303,40.131],[140.7325,40.1318],[140.7344,40.1321],[140.7361,40.1328],[140.7364,40.1336],[140.7367,40.1351],[140.7367,40.1355],[140.737,40.1365],[140.7366,40.1378],[140.739,40.1398],[140.7394,40.1403],[140.7388,40.141],[140.7389,40.1413],[140.7393,40.1422],[140.7404,40.143],[140.7411,40.1448],[140.7414,40.145],[140.7425,40.1454],[140.7429,40.1457],[140.7436,40.147],[140.7433,40.1482],[140.7434,40.1491],[140.7432,40.1496],[140.7434,40.1503],[140.7442,40.1514],[140.7434,40.1515],[140.7423,40.1522],[140.7407,40.1524],[140.7394,40.153],[140.7389,40.1531],[140.7385,40.1535],[140.738,40.1537],[140.7367,40.1538],[140.7358,40.1537],[140.7342,40.1531],[140.7328,40.153],[140.732,40.1534],[140.7303,40.1532],[140.7294,40.1532],[140.7289,40.1536],[140.7276,40.1532],[140.7259,40.154],[140.7257,40.1546],[140.7251,40.1549],[140.7252,40.1559],[140.725,40.1562],[140.7239,40.1561],[140.7233,40.1567],[140.7222,40.1562],[140.7215,40.1562],[140.7208,40.1557],[140.7202,40.1552],[140.7199,40.1546],[140.7193,40.1552],[140.718,40.155],[140.7158,40.1553],[140.715,40.1549],[140.7131,40.1551],[140.713,40.1558],[140.7126,40.1562],[140.7126,40.1568],[140.7121,40.1574],[140.7116,40.1585],[140.7121,40.1595],[140.7113,40.1599],[140.7102,40.1612],[140.7091,40.1618],[140.7078,40.1616],[140.7069,40.1607],[140.7066,40.1605],[140.705,40.1606],[140.7042,40.161],[140.704,40.1619],[140.7034,40.1631],[140.7033,40.1638],[140.7039,40.1653],[140.7041,40.1672],[140.7038,40.168],[140.7039,40.1686],[140.7037,40.1694],[140.7032,40.1708],[140.702,40.1721],[140.7016,40.173],[140.7016,40.1737],[140.7012,40.1744],[140.7004,40.1752],[140.6997,40.1761],[140.6996,40.177],[140.6991,40.1781],[140.699,40.1786],[140.6996,40.1809],[140.6993,40.1817],[140.6995,40.1838],[140.6992,40.1843],[140.6995,40.1848],[140.7001,40.1855],[140.6999,40.1862],[140.7,40.1869],[140.7,40.1882],[140.7008,40.1892],[140.701,40.1897],[140.7008,40.1907],[140.7011,40.1941],[140.702,40.1943],[140.7026,40.1947],[140.7043,40.1945],[140.7051,40.1941],[140.7068,40.1941],[140.7091,40.1934],[140.7105,40.1933],[140.7116,40.1936],[140.7128,40.1943],[140.7137,40.1945],[140.7147,40.1945],[140.7156,40.1944],[140.716,40.1942],[140.7167,40.1934],[140.7167,40.1927],[140.7188,40.1917],[140.7198,40.1917],[140.7208,40.1913],[140.7214,40.1913],[140.7233,40.19],[140.725,40.1898],[140.7256,40.1893],[140.726,40.1893],[140.7277,40.1899],[140.7293,40.1901],[140.7292,40.1913],[140.7288,40.1926],[140.7291,40.1939],[140.7289,40.1947],[140.728,40.1963],[140.7277,40.1972],[140.7277,40.1985],[140.7272,40.1991],[140.7269,40.2],[140.7263,40.201],[140.7262,40.202],[140.7253,40.2035],[140.7247,40.2038],[140.7242,40.205],[140.7225,40.2058],[140.7222,40.2064],[140.7228,40.2071],[140.7229,40.2079],[140.7223,40.2083],[140.7207,40.209],[140.7199,40.2097],[140.7201,40.2103],[140.7199,40.2112],[140.7196,40.2118],[140.7183,40.2121],[140.718,40.2124],[140.718,40.2137],[140.7166,40.2143],[140.7153,40.2148],[140.7151,40.215],[140.7147,40.2163],[140.714,40.2168],[140.7139,40.2172],[140.7143,40.2189],[140.7144,40.2195],[140.7117,40.2203],[140.7115,40.2206],[140.7107,40.2208],[140.7104,40.2214],[140.7103,40.2226],[140.7106,40.2237],[140.7104,40.2244],[140.7107,40.2248],[140.7106,40.2255],[140.7121,40.2255],[140.7135,40.2254],[140.7155,40.225],[140.7173,40.2249],[140.7207,40.2248],[140.7218,40.225],[140.7231,40.2253],[140.7242,40.2257],[140.7255,40.2264],[140.7267,40.2275],[140.7275,40.2287],[140.728,40.2301],[140.7251,40.2303],[140.7246,40.2307],[140.7248,40.2325],[140.7251,40.2339],[140.7247,40.2344],[140.7247,40.2348],[140.7254,40.2358],[140.7253,40.2372],[140.7254,40.2385],[140.7245,40.2392],[140.7252,40.2406],[140.7258,40.2411],[140.7255,40.2417],[140.7245,40.2428],[140.7247,40.2436],[140.7255,40.2445],[140.7254,40.2463],[140.7257,40.2468],[140.7256,40.2473],[140.726,40.248],[140.7257,40.2485],[140.7249,40.249],[140.7242,40.2494],[140.724,40.2498],[140.7227,40.2507],[140.7221,40.2515],[140.7213,40.2517],[140.7209,40.2522],[140.722,40.2525],[140.7231,40.2526],[140.7239,40.2528],[140.7254,40.2531],[140.7263,40.2538],[140.7268,40.2553],[140.7266,40.2562],[140.7251,40.2565],[140.7244,40.2568],[140.7238,40.2576],[140.7226,40.2588],[140.7221,40.2595],[140.722,40.2608],[140.7217,40.2614],[140.7223,40.2624],[140.7224,40.2635],[140.7226,40.2644],[140.7225,40.2652],[140.7228,40.2656],[140.7241,40.2666],[140.7254,40.2673],[140.7251,40.2678],[140.7246,40.2693],[140.7253,40.2699],[140.7258,40.2713],[140.7251,40.2726],[140.7243,40.273],[140.7242,40.2738],[140.7235,40.2742],[140.7224,40.2751],[140.7223,40.2759],[140.7226,40.2769],[140.7218,40.2772],[140.7216,40.2779],[140.7208,40.2784],[140.7197,40.2789],[140.7189,40.2795],[140.7198,40.2808],[140.7202,40.2818],[140.7209,40.2828],[140.7209,40.2842],[140.7215,40.2848],[140.7215,40.2852],[140.7223,40.2869],[140.7226,40.2877],[140.723,40.2882],[140.7248,40.289],[140.7255,40.2888],[140.7256,40.2899],[140.725,40.2914],[140.7243,40.2922],[140.7248,40.2935],[140.7249,40.2949],[140.7245,40.2954],[140.7238,40.2957],[140.7228,40.2956],[140.722,40.2965],[140.7218,40.2982],[140.7211,40.2989],[140.7204,40.3003],[140.7195,40.3014],[140.7194,40.3025],[140.7185,40.3034],[140.7204,40.3044],[140.7206,40.3047],[140.7198,40.3054],[140.7201,40.3056],[140.7195,40.3064],[140.7193,40.3059],[140.718,40.3062],[140.7171,40.3068],[140.7151,40.3077],[140.7142,40.3082],[140.7136,40.3084],[140.7135,40.309],[140.7139,40.3105],[140.7137,40.311],[140.7139,40.312],[140.7134,40.3126],[140.7122,40.3135],[140.7121,40.3137],[140.7129,40.3143],[140.7135,40.3154],[140.7136,40.3162],[140.713,40.3166],[140.7125,40.3175],[140.7119,40.3181],[140.7118,40.3188],[140.7113,40.3198],[140.7114,40.3208],[140.7122,40.3214],[140.7134,40.3218],[140.7139,40.3225],[140.7147,40.3228],[140.715,40.3233],[140.7165,40.3239],[140.717,40.3236],[140.7177,40.3237],[140.7187,40.3243],[140.7193,40.3242],[140.7198,40.3246],[140.7202,40.3254],[140.7201,40.3262],[140.7207,40.3267],[140.7207,40.3272],[140.7202,40.3282],[140.7203,40.3294],[140.7219,40.3297],[140.7225,40.3303],[140.7224,40.3307],[140.7208,40.3315],[140.7194,40.3314],[140.7187,40.3316],[140.717,40.3317],[140.716,40.3323],[140.7155,40.3323],[140.7148,40.3332],[140.7149,40.3338],[140.7165,40.3348],[140.7168,40.3353],[140.718,40.3363],[140.718,40.337],[140.717,40.3372],[140.716,40.3376],[140.7159,40.3385],[140.7155,40.3392],[140.7152,40.3401],[140.7135,40.34],[140.712,40.3403],[140.7115,40.341],[140.7118,40.3421],[140.7117,40.3431],[140.7113,40.3441],[140.7115,40.345],[140.7115,40.3455],[140.7106,40.346],[140.7102,40.3467],[140.71,40.3476],[140.7102,40.3482],[140.7101,40.3487],[140.709,40.3494],[140.707,40.349],[140.7046,40.3489],[140.7041,40.3495],[140.7028,40.3496],[140.7017,40.3505],[140.7029,40.3515],[140.7031,40.3526],[140.7039,40.3534],[140.7039,40.3543],[140.7045,40.3545],[140.7054,40.354],[140.7063,40.354],[140.7064,40.3546],[140.7062,40.3551],[140.7057,40.3558],[140.7043,40.357],[140.7039,40.3582],[140.703,40.3586],[140.7028,40.3604],[140.7019,40.3605],[140.7013,40.3613],[140.6978,40.3628],[140.6977,40.3634],[140.6971,40.3641],[140.6972,40.3651],[140.6965,40.3659],[140.6964,40.3665],[140.6954,40.3678],[140.694,40.3683],[140.693,40.3693],[140.6927,40.3703],[140.691,40.371],[140.6902,40.3711],[140.6893,40.3716],[140.6871,40.3714],[140.6865,40.3715],[140.6856,40.3721],[140.6835,40.3726],[140.6831,40.3729],[140.6826,40.3739],[140.6827,40.375],[140.6823,40.3757],[140.6829,40.3765],[140.683,40.3773],[140.6827,40.3781],[140.6827,40.3789],[140.6825,40.3799],[140.6828,40.3811],[140.6826,40.3825],[140.6819,40.3831],[140.6813,40.3839],[140.6803,40.384],[140.6797,40.3843],[140.6783,40.3852],[140.678,40.386],[140.6774,40.3862],[140.6771,40.3865],[140.6772,40.3871],[140.6777,40.3876],[140.6772,40.3889],[140.6774,40.3904],[140.6778,40.3912],[140.6773,40.3919],[140.6772,40.3929],[140.6765,40.3934],[140.6762,40.3941],[140.6763,40.395],[140.6763,40.3964],[140.6758,40.3971],[140.6759,40.3983],[140.6755,40.3993],[140.6754,40.4006],[140.6759,40.4013],[140.6759,40.4023],[140.6762,40.4031],[140.6762,40.4035],[140.6756,40.4045],[140.6757,40.405],[140.6761,40.406],[140.6759,40.4071],[140.6766,40.4084],[140.6769,40.4104],[140.6773,40.4115],[140.677,40.4123],[140.6759,40.4129],[140.6754,40.4121],[140.6749,40.4122],[140.6737,40.4119],[140.6732,40.4115],[140.6728,40.4115],[140.6716,40.4118],[140.6707,40.4119],[140.6701,40.4116],[140.6684,40.4117],[140.6673,40.4116],[140.6665,40.4116],[140.666,40.4113],[140.6663,40.4098],[140.6661,40.4094],[140.6651,40.4085],[140.6647,40.4079],[140.6643,40.4069],[140.6632,40.4062],[140.6627,40.4057],[140.6625,40.4052],[140.6615,40.4044],[140.6611,40.4045],[140.6604,40.4051],[140.6598,40.4053],[140.6589,40.4049],[140.6571,40.4047],[140.6564,40.4045],[140.6554,40.4048],[140.6549,40.4047],[140.6545,40.4042],[140.6537,40.4036],[140.6526,40.4033],[140.6515,40.4038],[140.6497,40.4037],[140.6486,40.404],[140.6476,40.4036],[140.6452,40.4031],[140.6448,40.4031],[140.6437,40.4036],[140.6424,40.4043],[140.6419,40.4047],[140.641,40.4052],[140.6401,40.4046],[140.638,40.4038],[140.6364,40.4035],[140.635,40.4029],[140.6344,40.4023],[140.6341,40.4023],[140.6332,40.4032],[140.6325,40.4039],[140.6327,40.4045],[140.6337,40.4059],[140.6349,40.4062],[140.6352,40.4064],[140.6359,40.4084],[140.6363,40.4092],[140.6363,40.4095],[140.6351,40.4098],[140.6343,40.4104],[140.6339,40.411],[140.6336,40.4157],[140.6331,40.4163],[140.6329,40.4168],[140.6331,40.4175],[140.6329,40.4177],[140.6318,40.418],[140.6305,40.4194],[140.6286,40.4201],[140.6263,40.4212],[140.6257,40.4214],[140.6255,40.4217],[140.626,40.4224],[140.6262,40.4231],[140.626,40.4237],[140.6256,40.4241],[140.6247,40.4241],[140.6242,40.4245],[140.6236,40.4245],[140.6227,40.4241],[140.6215,40.4241],[140.6202,40.4236],[140.6181,40.4233],[140.6175,40.4233],[140.6169,40.4236],[140.6159,40.4237],[140.6152,40.424],[140.6142,40.4241],[140.6136,40.4238],[140.612,40.4237],[140.6115,40.4238],[140.6106,40.4242],[140.6098,40.4248],[140.609,40.4248],[140.6084,40.4255],[140.6066,40.4257],[140.6059,40.426],[140.605,40.427],[140.6041,40.4273],[140.6039,40.4276],[140.6038,40.4286],[140.6036,40.4299],[140.6027,40.4309],[140.6008,40.4317],[140.5992,40.433],[140.598,40.4334],[140.5971,40.4337],[140.5957,40.4346],[140.5945,40.4351],[140.5922,40.4356],[140.5897,40.4361],[140.5901,40.4342],[140.59,40.4337],[140.5897,40.4326],[140.5889,40.4305],[140.5887,40.4302],[140.5872,40.4293],[140.5865,40.4291],[140.5853,40.429],[140.5834,40.4298],[140.5819,40.4298],[140.58,40.4295],[140.5791,40.429],[140.5784,40.4289],[140.5777,40.429],[140.5772,40.4293],[140.5766,40.4293],[140.5756,40.4289],[140.5741,40.4261],[140.5714,40.4262],[140.5703,40.426],[140.5684,40.4261],[140.5662,40.4259],[140.5648,40.4257],[140.5635,40.4258],[140.5629,40.4261],[140.5622,40.427],[140.5609,40.4261],[140.5588,40.4257],[140.5576,40.4257],[140.557,40.4246],[140.5557,40.4231],[140.5548,40.4224],[140.5548,40.4216],[140.5534,40.4206],[140.5532,40.42],[140.5538,40.4196],[140.5548,40.4192],[140.5551,40.4183],[140.5556,40.4175],[140.5561,40.4169],[140.5564,40.4163],[140.5562,40.4152],[140.5569,40.4144],[140.5579,40.4141],[140.5586,40.4134],[140.559,40.4121],[140.5594,40.4113],[140.561,40.4102],[140.5622,40.4101],[140.5627,40.4098],[140.5636,40.4085],[140.5647,40.4081],[140.566,40.4065],[140.5662,40.4054],[140.5662,40.4048],[140.5657,40.4037],[140.5659,40.4034],[140.5666,40.4031],[140.568,40.4014],[140.5688,40.4009],[140.5687,40.4004],[140.5671,40.3986],[140.5661,40.3984],[140.5654,40.398],[140.5642,40.3983],[140.5632,40.3982],[140.5624,40.3978],[140.5618,40.3976],[140.5607,40.3977],[140.5591,40.3971],[140.5583,40.3974],[140.5573,40.3986],[140.5563,40.3992],[140.5554,40.3995],[140.5548,40.3999],[140.5539,40.4002],[140.5531,40.4003],[140.5525,40.4006],[140.5505,40.4009],[140.5499,40.4022],[140.5492,40.4025],[140.5484,40.4029],[140.5479,40.4039],[140.5473,40.4039],[140.5463,40.4033],[140.5449,40.4027],[140.5438,40.4028],[140.5429,40.4033],[140.542,40.4029],[140.5408,40.4027],[140.5401,40.403],[140.5394,40.4041],[140.5381,40.4046],[140.5378,40.405],[140.5373,40.4077],[140.5369,40.4082],[140.5363,40.4086],[140.5359,40.4095],[140.5346,40.4099],[140.5338,40.4103],[140.5322,40.4113],[140.5302,40.4114],[140.529,40.4109],[140.5268,40.4106],[140.5261,40.4103],[140.5251,40.4104],[140.5238,40.4102],[140.5237,40.4109],[140.5245,40.4116],[140.5251,40.4133],[140.5249,40.4146],[140.5245,40.4158],[140.524,40.4167],[140.5243,40.4179],[140.5244,40.419],[140.5243,40.4197],[140.5256,40.4195],[140.5298,40.4203],[140.5294,40.4232],[140.5302,40.425],[140.5304,40.4257],[140.5308,40.4267],[140.5305,40.4273],[140.5306,40.4279],[140.5299,40.4284],[140.5299,40.4303],[140.5297,40.4305],[140.5279,40.4313],[140.5264,40.4309],[140.5247,40.4308],[140.5233,40.4309],[140.5224,40.4305],[140.5215,40.4304],[140.5201,40.4305],[140.5188,40.4308],[140.5173,40.4303],[140.5167,40.4299],[140.5152,40.4293],[140.5151,40.429],[140.5137,40.4285],[140.5123,40.4293],[140.5111,40.4291],[140.5105,40.4287],[140.5097,40.4285],[140.5085,40.4285],[140.5076,40.4293],[140.5053,40.4301],[140.5026,40.4314],[140.5018,40.4327],[140.5015,40.434],[140.5013,40.4343],[140.5,40.435],[140.498,40.4365],[140.4965,40.4365],[140.4951,40.4369],[140.4939,40.4375],[140.4926,40.438],[140.4915,40.438],[140.4897,40.4385],[140.488,40.4393],[140.4863,40.4404],[140.4852,40.4409],[140.4814,40.4418],[140.4817,40.4421],[140.4832,40.4428],[140.4837,40.4435],[140.4839,40.4447],[140.4843,40.4462],[140.4842,40.4468],[140.4838,40.4474],[140.4817,40.4493],[140.481,40.4505],[140.481,40.4516],[140.4794,40.4523],[140.4786,40.4524],[140.4776,40.4531],[140.4767,40.4529],[140.4753,40.4534],[140.4745,40.4535],[140.4733,40.4534],[140.472,40.4537],[140.4706,40.4534],[140.4696,40.4535],[140.4678,40.4538],[140.4659,40.454],[140.4656,40.4552],[140.4647,40.4562],[140.4642,40.4564],[140.4632,40.4559],[140.4608,40.4561],[140.4594,40.4564],[140.4585,40.4558],[140.4577,40.4554],[140.4563,40.4549],[140.4554,40.4549],[140.4544,40.4545],[140.4534,40.4544],[140.4525,40.4535],[140.4515,40.4535],[140.4501,40.4541],[140.4487,40.454],[140.4476,40.4528],[140.4472,40.4526],[140.446,40.4525],[140.4453,40.4522],[140.4443,40.4511],[140.4438,40.4506],[140.4426,40.4501],[140.4416,40.45],[140.44,40.4501],[140.4397,40.4504],[140.4403,40.4522],[140.4403,40.4525],[140.4394,40.453],[140.4388,40.4539],[140.4376,40.4553],[140.4375,40.4561],[140.4379,40.4578],[140.4378,40.4589],[140.4376,40.4591],[140.4367,40.4595],[140.4368,40.4605],[140.4371,40.4615],[140.4374,40.4622],[140.4374,40.4644],[140.437,40.4655],[140.4367,40.4658],[140.4356,40.4666],[140.4335,40.4677],[140.4335,40.4694],[140.4332,40.4699],[140.4335,40.4715],[140.4332,40.4718],[140.4339,40.4727],[140.4349,40.4734],[140.4352,40.4738],[140.4351,40.4747],[140.4353,40.4752],[140.4362,40.4762],[140.4365,40.4773],[140.4373,40.4785],[140.4364,40.4795],[140.4357,40.48],[140.4348,40.4804],[140.4341,40.4806],[140.4328,40.4805],[140.4321,40.4806],[140.4316,40.4814],[140.4312,40.4817],[140.4297,40.4816],[140.429,40.4817],[140.4277,40.4824],[140.4271,40.4826],[140.4249,40.4819],[140.4237,40.4816],[140.4213,40.4814],[140.4202,40.4806],[140.4191,40.4804],[140.4175,40.48],[140.4162,40.4789],[140.4139,40.4776],[140.4122,40.4765],[140.4109,40.4764],[140.4093,40.4753],[140.4072,40.4747],[140.4061,40.4746],[140.4054,40.4749],[140.4045,40.4754],[140.4027,40.4749],[140.4021,40.475],[140.4017,40.4773],[140.4013,40.4776],[140.4003,40.4776],[140.3985,40.4777],[140.3967,40.4782],[140.3966,40.4787],[140.3969,40.4795],[140.3968,40.4799],[140.3959,40.4808],[140.3957,40.482],[140.3941,40.4828],[140.3941,40.485],[140.3935,40.4852],[140.3922,40.4848],[140.3917,40.4848],[140.3912,40.4853],[140.3897,40.4856],[140.3894,40.486],[140.3883,40.487],[140.387,40.4871],[140.3861,40.4864],[140.384,40.4854],[140.3838,40.4851],[140.3835,40.484],[140.3821,40.482],[140.3818,40.4804],[140.3813,40.4793],[140.3806,40.4788],[140.3792,40.4784],[140.3786,40.4781],[140.3781,40.4773],[140.3779,40.4765],[140.3754,40.4763],[140.3744,40.4763],[140.3726,40.4762],[140.3715,40.4765],[140.3702,40.4765],[140.3694,40.4771],[140.3686,40.4772],[140.3672,40.477],[140.366,40.4779],[140.3653,40.4781],[140.3648,40.4785],[140.3641,40.4784],[140.3631,40.4785],[140.3613,40.4784],[140.3603,40.4777],[140.3599,40.4772],[140.3599,40.4759],[140.3578,40.4747],[140.3567,40.4746],[140.3563,40.4742],[140.355,40.4733],[140.3539,40.4723],[140.3538,40.4715],[140.3533,40.4699],[140.3525,40.4688],[140.3522,40.4687],[140.3495,40.4684],[140.3488,40.4682],[140.3478,40.4675],[140.3481,40.467],[140.348,40.4657],[140.3484,40.4648],[140.3479,40.4625],[140.347,40.4616],[140.3448,40.4618],[140.3434,40.4617],[140.3429,40.4603],[140.3432,40.4595],[140.3437,40.4577],[140.3434,40.4573],[140.3439,40.4569],[140.3439,40.4565],[140.3435,40.456],[140.3427,40.4547],[140.3436,40.4532],[140.3438,40.4522],[140.3426,40.4515],[140.3422,40.4508],[140.3413,40.4504],[140.3411,40.4497],[140.3414,40.4491],[140.3414,40.4483],[140.3418,40.4469],[140.3415,40.4465],[140.3406,40.4461],[140.3407,40.4453],[140.3398,40.4443],[140.3407,40.4432],[140.3402,40.4427],[140.3392,40.4422],[140.3391,40.4411],[140.3388,40.4409],[140.3378,40.4409],[140.337,40.4406],[140.3352,40.4394],[140.3353,40.4387],[140.3349,40.4373],[140.3351,40.4363],[140.3356,40.4358],[140.3356,40.4353],[140.3354,40.4345],[140.3357,40.4333],[140.3351,40.4324],[140.3344,40.4308],[140.3349,40.4295],[140.3337,40.4282],[140.3334,40.4273],[140.3341,40.4259],[140.3345,40.4257],[140.336,40.4255],[140.3364,40.425],[140.3364,40.4242],[140.336,40.4239],[140.3355,40.423],[140.3361,40.4223],[140.3355,40.4221],[140.3337,40.4208],[140.3332,40.42],[140.3327,40.4197],[140.3331,40.4191],[140.334,40.4169],[140.3341,40.4164],[140.3345,40.4159],[140.3355,40.4155],[140.3356,40.4144],[140.3354,40.4135],[140.3365,40.4117],[140.3366,40.4105],[140.3364,40.41],[140.3368,40.4095],[140.3367,40.4089],[140.337,40.4079],[140.3363,40.4068],[140.3365,40.4057],[140.334,40.4038],[140.3332,40.4032],[140.3334,40.4022],[140.333,40.4017],[140.3336,40.4009],[140.3344,40.4004],[140.3333,40.3988],[140.3331,40.398],[140.3333,40.3976],[140.333,40.3965],[140.3332,40.396],[140.3342,40.3941],[140.3342,40.3936],[140.3348,40.3931],[140.3343,40.3918],[140.3343,40.3911],[140.3346,40.3899],[140.3345,40.3894],[140.3338,40.3888],[140.3334,40.388],[140.3341,40.3869],[140.3344,40.3858],[140.3348,40.3853],[140.3355,40.3849],[140.3361,40.3841],[140.3371,40.3838],[140.3378,40.3834],[140.3375,40.3829],[140.3375,40.3818],[140.3377,40.38],[140.3381,40.3795],[140.3383,40.3785],[140.3397,40.3776],[140.3404,40.3767],[140.3421,40.3756],[140.343,40.3751],[140.3442,40.375],[140.3463,40.3759],[140.3468,40.3756],[140.3473,40.3747],[140.3482,40.3741],[140.3489,40.374],[140.3503,40.3734],[140.35,40.3724],[140.3502,40.3719],[140.3522,40.3705],[140.3539,40.3697],[140.3548,40.368],[140.3564,40.3666],[140.3559,40.366],[140.3559,40.3648],[140.3557,40.364],[140.3549,40.3628],[140.3535,40.3612],[140.3532,40.3606],[140.3532,40.3602],[140.3538,40.3595],[140.3529,40.3578],[140.3523,40.357],[140.3523,40.3566],[140.3532,40.3553],[140.3532,40.3549]]]},"properties":{"N03_001":"秋田県","N03_002":"","N03_003":"","N03_004":"大館市","N03_007":"05204"}},
{"type":"Feature","geometry":{"type":"MultiPolygon","coordinates":[]},"properties":{"N03_001":"秋田県","N03_002":"","N03_003":"","N03_004":"男鹿市","N03_007":"05206"}},
{"type":"Feature","geometry":{"type":"Polygon","coordinates":[[[140.3291,39.0348],[140.3293,39.0339],[140.3306,39.033],[140.3311,39.0323],[140.3314,39.0312],[140.3321,39.0306],[140.3331,39.0305],[140.334,39.0306],[140.3349,39.0303],[140.3359,39.0302],[140.3377,39.0296],[140.3386,39.0288],[140.3394,39.0289],[140.3416,39.0276],[140.343,39.0264],[140.3438,39.0263],[140.3443,39.0258],[140.345,39.026],[140.3464,39.0254],[140.3488,39.0247],[140.3498,39.0248],[140.3506,39.0246],[140.3517,39.0245],[140.3542,39.0238],[140.3551,39.024],[140.3578,39.0253],[140.3602,39.0256],[140.3614,39.026],[140.3621,39.026],[140.3624,39.0258],[140.3621,39.0251],[140.3614,39.0244],[140.3615,39.023],[140.361,39.0222],[140.3612,39.0208],[140.3607,39.0199],[140.3614,39.0188],[140.3626,39.0182],[140.3629,39.0171],[140.3629,39.0162],[140.3627,39.0152],[140.3627,39.0135],[140.3641,39.0128],[140.3638,39.0117],[140.3639,39.0106],[140.3641,39.01],[140.364,39.0095],[140.3651,39.0087],[140.3657,39.0077],[140.3658,39.0069],[140.3667,39.0062],[140.367,39.0054],[140.3688,39.0052],[140.3695,39.0047],[140.3705,39.0043],[140.3712,39.003],[140.3717,39.0026],[140.3728,39.0012],[140.3732,38.9998],[140.3741,38.9987],[140.3747,38.9982],[140.3742,38.9975],[140.3746,38.9957],[140.3762,38.9945],[140.3766,38.9945],[140.3784,38.9953],[140.3792,38.9953],[140.3806,38.9947],[140.3831,38.994],[140.3858,38.9941],[140.387,38.9944],[140.3884,38.9931],[140.3888,38.9929],[140.3897,38.9922],[140.3906,38.992],[140.3925,38.9919],[140.3935,38.9917],[140.3941,38.9913],[140.3955,38.9913],[140.3967,38.9914],[140.3977,38.9914],[140.401,38.992],[140.4019,38.9924],[140.4031,38.9922],[140.404,38.9919],[140.4053,38.9917],[140.4063,38.9919],[140.407,38.9926],[140.4085,38.9929],[140.4098,38.9937],[140.4106,38.9941],[140.4108,38.9938],[140.4117,38.9922],[140.413,38.9904],[140.4133,38.99],[140.4139,38.99],[140.4153,38.9905],[140.4166,38.9912],[140.4187,38.9918],[140.4198,38.9919],[140.4206,38.9923],[140.4214,38.9922],[140.422,38.9924],[140.4239,38.9924],[140.4257,38.9921],[140.428,38.9919],[140.429,38.9917],[140.4307,38.9918],[140.4319,38.9919],[140.432,38.9911],[140.4324,38.9894],[140.434,38.989],[140.4347,38.9885],[140.4353,38.9876],[140.4365,38.9864],[140.4369,38.9842],[140.4377,38.9821],[140.4391,38.9815],[140.4405,38.9814],[140.4423,38.9814],[140.4432,38.981],[140.4445,38.9808],[140.4455,38.9804],[140.4463,38.9796],[140.4465,38.979],[140.446,38.9781],[140.4461,38.977],[140.4463,38.9767],[140.4463,38.9739],[140.4464,38.9731],[140.4493,38.9729],[140.4501,38.9727],[140.4511,38.9721],[140.4512,38.9718],[140.451,38.9709],[140.4506,38.9687],[140.4498,38.9681],[140.4499,38.9677],[140.4507,38.9662],[140.4509,38.9652],[140.4507,38.9644],[140.4498,38.9633],[140.4503,38.9627],[140.4514,38.9622],[140.4518,38.9618],[140.4526,38.9596],[140.4535,38.959],[140.4537,38.9586],[140.453,38.9568],[140.4532,38.9554],[140.4534,38.9549],[140.4532,38.954],[140.4537,38.9525],[140.4536,38.9518],[140.4528,38.9511],[140.4522,38.95],[140.4519,38.9489],[140.4513,38.9473],[140.4496,38.9456],[140.4511,38.9446],[140.4515,38.9436],[140.4513,38.9429],[140.4514,38.9424],[140.4512,38.9408],[140.4515,38.9394],[140.4515,38.9379],[140.4517,38.9375],[140.4547,38.9365],[140.4558,38.9359],[140.4569,38.935],[140.4583,38.9339],[140.4581,38.9318],[140.4582,38.9309],[140.4588,38.9301],[140.4588,38.9294],[140.4594,38.928],[140.4599,38.9273],[140.4607,38.9266],[140.462,38.9254],[140.4622,38.9244],[140.4622,38.9235],[140.4623,38.9223],[140.4625,38.922],[140.4618,38.9211],[140.4617,38.9204],[140.4621,38.9194],[140.4638,38.9187],[140.4642,38.9177],[140.4651,38.9171],[140.4658,38.917],[140.4666,38.9164],[140.4695,38.9154],[140.4708,38.9152],[140.4716,38.9149],[140.4726,38.9149],[140.4732,38.9153],[140.4736,38.9159],[140.4742,38.916],[140.4747,38.9157],[140.476,38.9156],[140.4764,38.9154],[140.4776,38.9154],[140.4788,38.9149],[140.4792,38.9146],[140.4799,38.9147],[140.4818,38.9164],[140.4824,38.9165],[140.483,38.9156],[140.4834,38.9139],[140.4842,38.9122],[140.4851,38.9114],[140.4874,38.9105],[140.4883,38.9099],[140.4889,38.9089],[140.4899,38.9079],[140.4904,38.9076],[140.4915,38.9073],[140.4923,38.9065],[140.492,38.905],[140.4923,38.9022],[140.4929,38.902],[140.4939,38.9011],[140.4942,38.8992],[140.4945,38.8988],[140.4966,38.8976],[140.4974,38.8972],[140.4998,38.8951],[140.5009,38.8947],[140.5022,38.8949],[140.5034,38.8946],[140.5052,38.8949],[140.5079,38.897],[140.5092,38.8978],[140.5103,38.8982],[140.5111,38.8985],[140.5114,38.899],[140.5151,38.8999],[140.5158,38.9004],[140.5169,38.9001],[140.5203,38.8997],[140.5216,38.8997],[140.5223,38.8996],[140.5242,38.8996],[140.5253,38.8993],[140.5257,38.8988],[140.5258,38.8978],[140.526,38.8975],[140.527,38.8978],[140.5278,38.8984],[140.5295,38.8992],[140.5309,38.8994],[140.5325,38.8998],[140.5341,38.9005],[140.5355,38.9007],[140.538,38.9004],[140.5384,38.9],[140.5391,38.8988],[140.5412,38.896],[140.5418,38.8955],[140.5423,38.8947],[140.5433,38.8941],[140.5446,38.8929],[140.5452,38.8927],[140.546,38.8921],[140.5475,38.8911],[140.5476,38.8908],[140.5477,38.8899],[140.5471,38.8892],[140.5497,38.8861],[140.5507,38.8851],[140.5517,38.8843],[140.5526,38.8832],[140.5531,38.8828],[140.5536,38.8808],[140.5536,38.8798],[140.5539,38.8788],[140.5536,38.8783],[140.5536,38.8773],[140.5543,38.8762],[140.5552,38.8759],[140.5577,38.8759],[140.5588,38.875],[140.5608,38.8745],[140.5622,38.8732],[140.5628,38.874],[140.5641,38.8746],[140.5659,38.8749],[140.5668,38.875],[140.5681,38.8747],[140.5691,38.8747],[140.5698,38.8748],[140.5704,38.8758],[140.5714,38.8768],[140.5724,38.8781],[140.5729,38.8784],[140.5742,38.8785],[140.5759,38.8793],[140.5785,38.8809],[140.5799,38.8813],[140.5808,38.8814],[140.5837,38.8807],[140.5855,38.88],[140.5859,38.8827],[140.5863,38.8841],[140.5874,38.8846],[140.5882,38.8855],[140.589,38.8857],[140.5897,38.8863],[140.5902,38.8883],[140.5902,38.889],[140.5905,38.8892],[140.5918,38.8885],[140.5932,38.887],[140.5966,38.8853],[140.5978,38.8851],[140.5987,38.8852],[140.6006,38.8858],[140.6021,38.8858],[140.6044,38.8864],[140.6056,38.8866],[140.6071,38.8866],[140.6075,38.8868],[140.6078,38.8877],[140.6085,38.889],[140.6088,38.8905],[140.6096,38.8924],[140.6104,38.8928],[140.6117,38.893],[140.6136,38.8939],[140.6146,38.894],[140.6156,38.8937],[140.6167,38.893],[140.6189,38.8915],[140.6204,38.8904],[140.6216,38.8902],[140.6229,38.8906],[140.6248,38.8905],[140.6261,38.8895],[140.6277,38.889],[140.6286,38.8889],[140.63,38.8893],[140.6306,38.8886],[140.6312,38.8878],[140.6316,38.8875],[140.6325,38.8872],[140.6335,38.8872],[140.6349,38.8867],[140.6355,38.8863],[140.6361,38.8854],[140.6369,38.8835],[140.638,38.8831],[140.6392,38.8832],[140.6403,38.8839],[140.6414,38.8862],[140.6419,38.8867],[140.6441,38.888],[140.645,38.8886],[140.6472,38.8886],[140.6487,38.8889],[140.6503,38.8884],[140.6524,38.8886],[140.6541,38.889],[140.6546,38.8893],[140.6546,38.8899],[140.6533,38.8911],[140.6533,38.8916],[140.6548,38.8921],[140.6561,38.8921],[140.6572,38.8927],[140.6595,38.8936],[140.6605,38.8942],[140.6618,38.8942],[140.663,38.8944],[140.6655,38.8948],[140.6669,38.8948],[140.6691,38.8961],[140.6697,38.8966],[140.6706,38.8971],[140.6711,38.8971],[140.6719,38.8985],[140.6722,38.9003],[140.673,38.9036],[140.6745,38.9046],[140.6772,38.9057],[140.6791,38.9082],[140.6796,38.9099],[140.6796,38.9115],[140.6802,38.9133],[140.6806,38.9137],[140.6819,38.9139],[140.6824,38.9143],[140.6833,38.9148],[140.6844,38.9165],[140.6856,38.9176],[140.6892,38.9184],[140.6902,38.9184],[140.6916,38.9188],[140.6932,38.9191],[140.6942,38.9195],[140.6944,38.92],[140.6944,38.9207],[140.6947,38.9211],[140.6961,38.9219],[140.6967,38.922],[140.699,38.9229],[140.6995,38.9232],[140.7004,38.9238],[140.7016,38.9236],[140.7026,38.9232],[140.7032,38.9226],[140.7032,38.9208],[140.7036,38.9205],[140.7051,38.9206],[140.7071,38.9203],[140.708,38.9209],[140.7084,38.9217],[140.7087,38.9229],[140.7092,38.9232],[140.7109,38.9231],[140.7116,38.9232],[140.7121,38.9247],[140.7121,38.9251],[140.7118,38.9269],[140.7138,38.9273],[140.7146,38.9273],[140.7159,38.927],[140.7174,38.9277],[140.7176,38.9279],[140.7185,38.93],[140.7188,38.9304],[140.7206,38.9313],[140.7224,38.9329],[140.7226,38.9334],[140.7233,38.9344],[140.7232,38.9356],[140.7234,38.9363],[140.7232,38.9375],[140.7248,38.938],[140.7255,38.9385],[140.7257,38.9397],[140.7268,38.94],[140.7273,38.9403],[140.7274,38.9414],[140.7268,38.9423],[140.7265,38.9429],[140.7271,38.9442],[140.7278,38.9451],[140.7289,38.9452],[140.7295,38.9454],[140.7299,38.9468],[140.7303,38.9477],[140.7309,38.9485],[140.7321,38.9493],[140.7335,38.9496],[140.7344,38.9502],[140.7354,38.9503],[140.7368,38.9508],[140.7384,38.9517],[140.7399,38.9523],[140.7411,38.9531],[140.7426,38.9535],[140.7433,38.9537],[140.7438,38.9542],[140.7443,38.9556],[140.7453,38.9564],[140.7459,38.9564],[140.7497,38.9573],[140.7521,38.9576],[140.7546,38.9578],[140.7556,38.9582],[140.7551,38.959],[140.7533,38.9605],[140.7521,38.9622],[140.7518,38.963],[140.7509,38.964],[140.7504,38.9653],[140.7499,38.966],[140.7487,38.967],[140.7466,38.9691],[140.7442,38.9706],[140.7434,38.9715],[140.7419,38.9726],[140.7398,38.9743],[140.7385,38.975],[140.7374,38.9757],[140.7361,38.9764],[140.7353,38.977],[140.7328,38.98],[140.732,38.9803],[140.7308,38.9805],[140.7299,38.9808],[140.7295,38.9812],[140.7295,38.9824],[140.7292,38.9831],[140.7292,38.9838],[140.7282,38.9852],[140.7277,38.9856],[140.7268,38.9859],[140.7257,38.9859],[140.7245,38.9859],[140.7234,38.9863],[140.7231,38.987],[140.7231,38.9879],[140.7229,38.9884],[140.7223,38.9885],[140.7213,38.9897],[140.7197,38.9914],[140.7179,38.9923],[140.7171,38.993],[140.7165,38.9939],[140.7163,38.9946],[140.7157,38.9952],[140.7157,38.9956],[140.7162,38.9963],[140.7164,38.9968],[140.7163,38.9981],[140.7165,38.9987],[140.7179,38.9998],[140.7179,39.0002],[140.7175,39.0015],[140.718,39.0023],[140.7178,39.004],[140.7182,39.0048],[140.7187,39.0055],[140.7172,39.0066],[140.7151,39.0076],[140.7126,39.009],[140.7116,39.0102],[140.71,39.0115],[140.7092,39.012],[140.7081,39.0123],[140.7065,39.0125],[140.7042,39.0126],[140.7029,39.0125],[140.7025,39.0134],[140.7023,39.0148],[140.7028,39.0159],[140.7032,39.0163],[140.7024,39.0168],[140.702,39.0173],[140.7008,39.0177],[140.7007,39.0179],[140.7019,39.0185],[140.7031,39.0194],[140.7046,39.0202],[140.705,39.0205],[140.7053,39.0214],[140.7071,39.0236],[140.7074,39.0248],[140.7075,39.0253],[140.7072,39.0256],[140.7062,39.0259],[140.7038,39.0263],[140.7029,39.0268],[140.7026,39.0271],[140.7033,39.0288],[140.7044,39.0301],[140.7053,39.0307],[140.7058,39.0313],[140.7064,39.0318],[140.7069,39.0329],[140.7075,39.0333],[140.7077,39.0337],[140.7074,39.0351],[140.7071,39.0357],[140.7071,39.0361],[140.7082,39.0374],[140.7084,39.0391],[140.7081,39.0397],[140.7069,39.0403],[140.7063,39.0411],[140.7063,39.0416],[140.7069,39.0436],[140.7067,39.0447],[140.7069,39.0457],[140.7065,39.046],[140.7056,39.0463],[140.705,39.0473],[140.7053,39.0479],[140.705,39.0491],[140.7057,39.05],[140.7053,39.0504],[140.7042,39.051],[140.7034,39.0518],[140.702,39.0526],[140.7011,39.0535],[140.7,39.0536],[140.699,39.0539],[140.6983,39.0544],[140.6974,39.0548],[140.696,39.0558],[140.6947,39.0561],[140.6935,39.0572],[140.693,39.058],[140.6928,39.0587],[140.6918,39.0599],[140.6917,39.0606],[140.6911,39.061],[140.6912,39.0616],[140.6905,39.0623],[140.6901,39.0633],[140.6893,39.0635],[140.6887,39.0641],[140.6871,39.0643],[140.6853,39.065],[140.6836,39.0653],[140.6833,39.0671],[140.6834,39.0676],[140.6845,39.0685],[140.6851,39.0696],[140.6849,39.0702],[140.6845,39.0705],[140.6841,39.0717],[140.6849,39.0734],[140.6847,39.0743],[140.6853,39.0757],[140.6854,39.0765],[140.6858,39.0768],[140.6859,39.0772],[140.6858,39.0781],[140.6865,39.0792],[140.6866,39.0797],[140.6862,39.0805],[140.6868,39.0816],[140.6866,39.0823],[140.6868,39.0827],[140.688,39.083],[140.6881,39.0835],[140.687,39.0849],[140.6866,39.0864],[140.6856,39.0877],[140.6853,39.0885],[140.6848,39.0896],[140.684,39.0903],[140.6836,39.0916],[140.6829,39.0921],[140.6821,39.0925],[140.6808,39.0926],[140.6801,39.0925],[140.6791,39.093],[140.6763,39.0934],[140.6757,39.094],[140.6752,39.0942],[140.6737,39.0943],[140.6722,39.095],[140.6709,39.0949],[140.6705,39.095],[140.6702,39.0957],[140.6703,39.0962],[140.6688,39.096],[140.668,39.0961],[140.6678,39.097],[140.6676,39.0972],[140.6661,39.0968],[140.6654,39.0977],[140.6643,39.0976],[140.6636,39.0978],[140.6631,39.0983],[140.6629,39.0989],[140.6629,39.0996],[140.6623,39.0995],[140.6609,39.0988],[140.6602,39.0981],[140.6595,39.0981],[140.657,39.0987],[140.6561,39.0994],[140.6544,39.0993],[140.6535,39.0995],[140.6527,39.0992],[140.6523,39.0995],[140.6512,39.0993],[140.6503,39.0999],[140.6495,39.1012],[140.6484,39.1021],[140.6482,39.1033],[140.6475,39.1041],[140.6475,39.1045],[140.6464,39.1053],[140.6462,39.1057],[140.6456,39.106],[140.645,39.1067],[140.6438,39.1067],[140.6426,39.1063],[140.6421,39.1063],[140.6408,39.1068],[140.6391,39.1071],[140.6383,39.1068],[140.6365,39.107],[140.6358,39.1073],[140.6332,39.1066],[140.632,39.1058],[140.6307,39.1052],[140.6292,39.105],[140.6287,39.1052],[140.6292,39.1064],[140.6287,39.1083],[140.6279,39.1089],[140.6277,39.1096],[140.6271,39.1101],[140.6271,39.1111],[140.6268,39.1115],[140.6257,39.1119],[140.6253,39.1122],[140.6253,39.1135],[140.6248,39.1145],[140.6245,39.117],[140.6238,39.1179],[140.6228,39.1188],[140.6223,39.1193],[140.6217,39.1212],[140.6208,39.1214],[140.6189,39.1215],[140.6181,39.1217],[140.6175,39.1216],[140.6163,39.1215],[140.6155,39.1218],[140.6149,39.1227],[140.6138,39.1237],[140.613,39.1239],[140.6118,39.124],[140.6115,39.1243],[140.6118,39.1249],[140.6116,39.1256],[140.6116,39.1263],[140.6114,39.1268],[140.6118,39.1271],[140.6123,39.128],[140.6123,39.1291],[140.613,39.1315],[140.613,39.1319],[140.6132,39.1329],[140.6162,39.1345],[140.6168,39.1359],[140.6167,39.1367],[140.6171,39.1381],[140.6165,39.1395],[140.6162,39.1399],[140.6155,39.1402],[140.6145,39.1401],[140.613,39.1405],[140.6123,39.1405],[140.6116,39.1412],[140.6117,39.142],[140.6111,39.1434],[140.611,39.1447],[140.6111,39.1457],[140.6108,39.1461],[140.6108,39.1467],[140.6102,39.1473],[140.6099,39.1479],[140.6097,39.1489],[140.6101,39.1498],[140.6109,39.1499],[140.6121,39.1504],[140.6129,39.1504],[140.6142,39.151],[140.6159,39.1528],[140.6161,39.1534],[140.6158,39.1542],[140.6161,39.1547],[140.6159,39.1557],[140.6157,39.1572],[140.6154,39.1577],[140.6145,39.16],[140.6144,39.1602],[140.6134,39.1605],[140.6118,39.1603],[140.6112,39.161],[140.6109,39.1615],[140.6102,39.1619],[140.61,39.1622],[140.6088,39.163],[140.6085,39.1639],[140.6079,39.1644],[140.6075,39.1658],[140.6075,39.1664],[140.6064,39.1678],[140.6067,39.1688],[140.6065,39.1692],[140.6067,39.1704],[140.6071,39.171],[140.6072,39.1718],[140.6069,39.1737],[140.6064,39.1746],[140.6058,39.1751],[140.6056,39.1756],[140.6064,39.1759],[140.6077,39.1769],[140.6076,39.1772],[140.6063,39.1785],[140.6051,39.1788],[140.6038,39.1798],[140.6036,39.1805],[140.6029,39.1815],[140.602,39.1827],[140.6008,39.1834],[140.6003,39.184],[140.5994,39.1841],[140.5978,39.1842],[140.5971,39.1844],[140.5966,39.1843],[140.5953,39.1843],[140.5941,39.1835],[140.592,39.1851],[140.5905,39.1854],[140.5896,39.1853],[140.5893,39.1863],[140.5884,39.1874],[140.5864,39.1879],[140.5856,39.1884],[140.5847,39.1883],[140.5831,39.1887],[140.5822,39.1882],[140.5812,39.1889],[140.5807,39.1898],[140.5795,39.1903],[140.5793,39.1907],[140.5787,39.1909],[140.5777,39.1909],[140.5771,39.1917],[140.5763,39.1915],[140.5747,39.1925],[140.5737,39.1926],[140.5728,39.1925],[140.572,39.1928],[140.5712,39.1928],[140.57,39.1935],[140.5692,39.1934],[140.568,39.1935],[140.5675,39.1932],[140.5674,39.1927],[140.5665,39.1924],[140.5654,39.1914],[140.5647,39.1915],[140.563,39.1912],[140.5625,39.1923],[140.5621,39.1923],[140.5616,39.1916],[140.5605,39.1912],[140.5608,39.1899],[140.56,39.1896],[140.5517,39.1892],[140.5519,39.1879],[140.5513,39.1882],[140.5501,39.1882],[140.5495,39.188],[140.5496,39.1874],[140.5479,39.1871],[140.547,39.1899],[140.5463,39.19],[140.5452,39.19],[140.5429,39.1894],[140.543,39.1873],[140.5431,39.1865],[140.5429,39.1856],[140.5432,39.184],[140.5438,39.1831],[140.5445,39.1828],[140.5454,39.1828],[140.5466,39.1825],[140.5476,39.1816],[140.5482,39.1809],[140.5486,39.1801],[140.5487,39.1789],[140.5486,39.1779],[140.548,39.1767],[140.548,39.1746],[140.5476,39.1744],[140.5465,39.1746],[140.5465,39.1766],[140.5459,39.1784],[140.5449,39.1803],[140.5443,39.1806],[140.5433,39.1823],[140.5427,39.1827],[140.5407,39.1819],[140.5412,39.1815],[140.5411,39.1812],[140.5417,39.1802],[140.5424,39.1794],[140.5434,39.179],[140.5445,39.1781],[140.5452,39.1773],[140.5457,39.1759],[140.5451,39.176],[140.5446,39.1768],[140.5438,39.1778],[140.5419,39.1788],[140.5409,39.1781],[140.54,39.1779],[140.5398,39.1776],[140.5391,39.1772],[140.5386,39.1764],[140.5387,39.1761],[140.5383,39.1752],[140.5393,39.1746],[140.5394,39.1725],[140.5384,39.1726],[140.538,39.1728],[140.5371,39.1724],[140.5366,39.1727],[140.5355,39.173],[140.534,39.1747],[140.5339,39.1755],[140.5327,39.1758],[140.5311,39.1756],[140.5304,39.1758],[140.5296,39.1765],[140.5286,39.1772],[140.528,39.1772],[140.527,39.1775],[140.5266,39.1779],[140.5257,39.1784],[140.5262,39.1793],[140.5262,39.1796],[140.5255,39.1805],[140.5249,39.1808],[140.5254,39.1818],[140.5254,39.1822],[140.5249,39.1827],[140.5233,39.1831],[140.5229,39.1835],[140.5229,39.1844],[140.5231,39.1853],[140.5226,39.1862],[140.5217,39.1872],[140.5214,39.1885],[140.5225,39.1897],[140.5229,39.1911],[140.5233,39.1917],[140.5236,39.1923],[140.5233,39.1934],[140.5231,39.1939],[140.5222,39.1945],[140.5222,39.1949],[140.5237,39.1957],[140.5261,39.1964],[140.5288,39.1974],[140.5281,39.1986],[140.5268,39.2004],[140.5257,39.202],[140.5253,39.2024],[140.5242,39.203],[140.5227,39.2035],[140.5206,39.2044],[140.5196,39.2047],[140.5163,39.2065],[140.5146,39.2075],[140.5101,39.21],[140.5087,39.2106],[140.5051,39.2109],[140.5032,39.2109],[140.5006,39.2108],[140.4986,39.2107],[140.4966,39.2107],[140.4933,39.2101],[140.4921,39.2101],[140.4896,39.2105],[140.4883,39.2109],[140.4862,39.2118],[140.484,39.2127],[140.4819,39.2136],[140.4799,39.2143],[140.4778,39.2149],[140.4754,39.2154],[140.4733,39.2159],[140.4706,39.2167],[140.4687,39.2174],[140.4676,39.2176],[140.4629,39.2177],[140.4597,39.2182],[140.4573,39.2184],[140.4559,39.218],[140.4551,39.2176],[140.4541,39.2175],[140.4528,39.2176],[140.4515,39.2173],[140.4499,39.2172],[140.4486,39.2173],[140.4481,39.2175],[140.447,39.2181],[140.4464,39.2177],[140.4469,39.2166],[140.4456,39.2163],[140.4459,39.2159],[140.4467,39.2153],[140.4467,39.2149],[140.4464,39.2136],[140.4454,39.2141],[140.4436,39.2153],[140.4428,39.2153],[140.4436,39.2145],[140.4448,39.2129],[140.4452,39.2125],[140.4427,39.2112],[140.4424,39.2109],[140.443,39.2099],[140.4444,39.2088],[140.445,39.2081],[140.445,39.2078],[140.4438,39.2074],[140.4436,39.2061],[140.444,39.2049],[140.4439,39.2043],[140.4436,39.2039],[140.4434,39.2029],[140.4442,39.202],[140.4451,39.2018],[140.4455,39.2011],[140.4465,39.2007],[140.4469,39.2012],[140.447,39.1998],[140.4474,39.1997],[140.4475,39.199],[140.4484,39.1986],[140.4479,39.1984],[140.4479,39.1974],[140.4478,39.1967],[140.4487,39.1961],[140.4494,39.1952],[140.4503,39.1944],[140.4504,39.1938],[140.4501,39.1931],[140.4497,39.1915],[140.45,39.1906],[140.4509,39.1896],[140.4516,39.1883],[140.4541,39.1851],[140.4546,39.1845],[140.4548,39.1839],[140.4553,39.1832],[140.4574,39.1813],[140.4581,39.1804],[140.459,39.1799],[140.4587,39.1795],[140.4568,39.1779],[140.4602,39.1755],[140.4552,39.1713],[140.4531,39.1695],[140.4494,39.1664],[140.4487,39.1657],[140.4462,39.1636],[140.4382,39.1694],[140.4374,39.168],[140.4365,39.167],[140.4353,39.1665],[140.4339,39.1666],[140.4335,39.1646],[140.4333,39.1642],[140.4325,39.1636],[140.4315,39.1638],[140.4311,39.1636],[140.4302,39.1624],[140.4303,39.1617],[140.4298,39.1608],[140.4298,39.1603],[140.4302,39.1589],[140.4302,39.1583],[140.4296,39.1575],[140.4292,39.1558],[140.4293,39.1548],[140.4287,39.1543],[140.4287,39.1535],[140.4279,39.1533],[140.4275,39.1526],[140.4268,39.152],[140.4269,39.1512],[140.4273,39.1499],[140.4269,39.1485],[140.4271,39.1479],[140.4278,39.1475],[140.4274,39.1468],[140.4275,39.1462],[140.4262,39.1455],[140.4253,39.1454],[140.4251,39.1444],[140.4247,39.1438],[140.4246,39.143],[140.4244,39.1421],[140.4237,39.1415],[140.4236,39.141],[140.4215,39.1402],[140.421,39.1398],[140.4198,39.1393],[140.4192,39.1383],[140.4193,39.138],[140.4198,39.1376],[140.4197,39.1366],[140.4194,39.1362],[140.4185,39.1366],[140.4161,39.1369],[140.4153,39.137],[140.414,39.1369],[140.4127,39.1368],[140.412,39.137],[140.4107,39.1371],[140.4095,39.1362],[140.4093,39.1357],[140.4083,39.1351],[140.4082,39.1346],[140.4069,39.1338],[140.4069,39.1331],[140.4066,39.1326],[140.4071,39.1313],[140.4076,39.131],[140.4077,39.1306],[140.4072,39.1299],[140.4075,39.1294],[140.4074,39.1283],[140.4067,39.128],[140.4061,39.1272],[140.4061,39.1265],[140.407,39.1257],[140.4074,39.1244],[140.4073,39.1241],[140.4074,39.1226],[140.4054,39.1213],[140.4042,39.1211],[140.4038,39.1207],[140.4031,39.1195],[140.4032,39.1188],[140.4026,39.1178],[140.4021,39.1174],[140.4006,39.1153],[140.4006,39.1149],[140.4009,39.1143],[140.4006,39.1136],[140.4006,39.113],[140.4002,39.1126],[140.3993,39.1118],[140.3983,39.1116],[140.398,39.1109],[140.3969,39.1106],[140.3967,39.1104],[140.3967,39.1094],[140.396,39.1083],[140.3952,39.1076],[140.3945,39.1072],[140.3937,39.1071],[140.393,39.1061],[140.3927,39.105],[140.3924,39.1048],[140.3914,39.1048],[140.3904,39.1038],[140.3897,39.1038],[140.389,39.1029],[140.3877,39.1032],[140.387,39.103],[140.3867,39.1031],[140.3858,39.102],[140.3848,39.1016],[140.3844,39.1017],[140.3833,39.1025],[140.3822,39.1023],[140.3815,39.1017],[140.3803,39.1017],[140.3795,39.1013],[140.3794,39.101],[140.3786,39.1006],[140.3782,39.1002],[140.3761,39.1002],[140.3753,39.1005],[140.3747,39.1011],[140.3739,39.1007],[140.3735,39.1003],[140.3725,39.1003],[140.3716,39.1001],[140.3707,39.1],[140.3699,39.0995],[140.3694,39.0997],[140.3686,39.0996],[140.3677,39.0991],[140.3661,39.0985],[140.3659,39.0981],[140.366,39.0973],[140.3655,39.0962],[140.3653,39.0949],[140.3655,39.0948],[140.3653,39.0935],[140.3632,39.0933],[140.3624,39.093],[140.3617,39.093],[140.3604,39.0931],[140.3598,39.0933],[140.3577,39.0928],[140.3573,39.0929],[140.3564,39.0934],[140.3563,39.0927],[140.3565,39.0921],[140.3565,39.0912],[140.3566,39.0908],[140.3561,39.0903],[140.3549,39.0886],[140.3549,39.087],[140.3546,39.0859],[140.3539,39.0849],[140.3523,39.0843],[140.3516,39.0842],[140.35,39.0837],[140.349,39.0835],[140.3484,39.0831],[140.3476,39.0831],[140.3469,39.0827],[140.346,39.0823],[140.345,39.0824],[140.3433,39.0832],[140.3419,39.0836],[140.3417,39.0826],[140.3419,39.0816],[140.3412,39.0803],[140.3413,39.0796],[140.3423,39.0791],[140.3423,39.078],[140.3435,39.0761],[140.3436,39.0753],[140.3433,39.0739],[140.3425,39.0734],[140.3415,39.0723],[140.3407,39.0718],[140.3398,39.0706],[140.3395,39.0704],[140.3386,39.069],[140.3384,39.0682],[140.3374,39.0678],[140.3364,39.0669],[140.3361,39.0661],[140.3356,39.0656],[140.3337,39.0645],[140.3334,39.0635],[140.3335,39.0618],[140.3334,39.0613],[140.333,39.0605],[140.3326,39.06],[140.3318,39.0596],[140.3315,39.0591],[140.332,39.0582],[140.3329,39.0583],[140.334,39.0576],[140.3348,39.0563],[140.3352,39.0552],[140.3361,39.0543],[140.3377,39.0534],[140.3389,39.0518],[140.3402,39.0513],[140.3414,39.0507],[140.3414,39.0494],[140.342,39.0476],[140.3423,39.0472],[140.3425,39.0461],[140.3427,39.0456],[140.3408,39.045],[140.3402,39.0445],[140.3391,39.0445],[140.3386,39.0442],[140.3379,39.0434],[140.3375,39.0427],[140.3358,39.042],[140.3352,39.0418],[140.3332,39.0409],[140.332,39.0403],[140.3313,39.0391],[140.3309,39.0384],[140.3304,39.0381],[140.3298,39.0374],[140.3294,39.0366],[140.3291,39.0348]]]},"properties":{"N03_001":"秋田県","N03_002":"","N03_003":"","N03_004":"湯沢市","N03_007":"05207"}},
{"type":"Feature","geometry":{"type":"Polygon","coordinates":[[[140.7322,39.9998],[140.733,39.9996],[140.7341,39.9987],[140.7346,39.9984],[140.7349,39.9975],[140.7358,39.9973],[140.7366,39.9968],[140.7371,39.9967],[140.7385,39.9972],[140.7396,39.9962],[140.7398,39.9951],[140.7406,39.9941],[140.7422,39.993],[140.7423,39.9918],[140.7431,39.9911],[140.7438,39.9908],[140.7441,39.9897],[140.7446,39.989],[140.7455,39.9882],[140.7465,39.9879],[140.748,39.9882],[140.7488,39.9883],[140.7495,39.9881],[140.7507,39.9874],[140.7513,39.9869],[140.7524,39.9856],[140.7537,39.9848],[140.754,39.9841],[140.754,39.9833],[140.7543,39.9825],[140.7551,39.9813],[140.7547,39.9806],[140.7535,39.9799],[140.7515,39.9788],[140.7507,39.9777],[140.7495,39.9744],[140.7495,39.9739],[140.75,39.9729],[140.7512,39.9717],[140.7532,39.9706],[140.7547,39.9698],[140.7561,39.9698],[140.7568,39.9696],[140.7574,39.9684],[140.758,39.9675],[140.7572,39.9665],[140.757,39.9662],[140.7573,39.9651],[140.7567,39.9643],[140.7567,39.964],[140.7576,39.9637],[140.7588,39.9635],[140.7598,39.963],[140.7604,39.963],[140.7635,39.9623],[140.7644,39.9626],[140.7651,39.9627],[140.7667,39.9631],[140.7675,39.9631],[140.7679,39.9633],[140.768,39.9641],[140.7703,39.965],[140.771,39.965],[140.7715,39.9642],[140.7725,39.9636],[140.7729,39.9636],[140.7752,39.964],[140.776,39.9637],[140.7774,39.964],[140.7786,39.9637],[140.7805,39.964],[140.7813,39.9641],[140.7822,39.9645],[140.7835,39.9649],[140.7845,39.9651],[140.7852,39.9653],[140.7878,39.9669],[140.7884,39.9674],[140.7901,39.9682],[140.7904,39.9687],[140.7915,39.9695],[140.7925,39.9707],[140.7942,39.9708],[140.7952,39.9706],[140.7965,39.9707],[140.797,39.9705],[140.7986,39.9705],[140.799,39.9703],[140.7997,39.9703],[140.8008,39.9696],[140.8014,39.9696],[140.8014,39.9703],[140.8018,39.9708],[140.803,39.9715],[140.8034,39.9733],[140.805,39.9736],[140.807,39.9743],[140.8101,39.9754],[140.8118,39.9758],[140.8136,39.9759],[140.8142,39.9757],[140.8151,39.9748],[140.8162,39.9747],[140.817,39.9742],[140.818,39.974],[140.8191,39.9729],[140.8198,39.9717],[140.822,39.9714],[140.8236,39.9707],[140.8248,39.9704],[140.8265,39.97],[140.8273,39.9696],[140.8314,39.9666],[140.832,39.966],[140.8334,39.9657],[140.8344,39.9657],[140.8363,39.9652],[140.8375,39.9655],[140.8381,39.9654],[140.8398,39.9642],[140.8414,39.9636],[140.8427,39.9624],[140.8441,39.9622],[140.8447,39.9611],[140.8459,39.9605],[140.8464,39.9601],[140.8479,39.9593],[140.8482,39.9602],[140.8487,39.9615],[140.8488,39.9619],[140.8484,39.9633],[140.8473,39.9652],[140.8472,39.9656],[140.8472,39.9681],[140.8477,39.9695],[140.8476,39.9698],[140.847,39.9706],[140.8461,39.9721],[140.8464,39.9733],[140.8463,39.9737],[140.8456,39.9745],[140.8453,39.9751],[140.8465,39.9755],[140.8469,39.9762],[140.8474,39.9795],[140.8478,39.9809],[140.8479,39.982],[140.8479,39.9838],[140.8484,39.9865],[140.8481,39.9878],[140.8483,39.9881],[140.8495,39.9893],[140.8508,39.9938],[140.8506,39.9958],[140.8506,39.9969],[140.851,39.9988],[140.8509,39.9996],[140.8503,40.0008],[140.8499,40.0018],[140.8495,40.0025],[140.8489,40.0028],[140.8485,40.0035],[140.8485,40.0039],[140.8492,40.0055],[140.8489,40.0071],[140.849,40.0081],[140.8498,40.0094],[140.8509,40.0105],[140.8517,40.0119],[140.8538,40.0126],[140.854,40.0134],[140.8555,40.0139],[140.8558,40.0152],[140.8558,40.0158],[140.8548,40.0163],[140.8536,40.0177],[140.8532,40.0184],[140.8531,40.0189],[140.8534,40.0194],[140.8531,40.0202],[140.8539,40.0209],[140.8549,40.0213],[140.8554,40.0217],[140.8556,40.0222],[140.8551,40.0228],[140.8551,40.0235],[140.8546,40.0242],[140.8527,40.0249],[140.8517,40.0257],[140.8522,40.0262],[140.8523,40.0267],[140.8514,40.0275],[140.8508,40.0287],[140.8517,40.0291],[140.8518,40.0295],[140.8509,40.0308],[140.8505,40.0312],[140.8504,40.0317],[140.8512,40.0329],[140.852,40.0335],[140.8523,40.0345],[140.8546,40.0362],[140.8552,40.0371],[140.8554,40.0376],[140.8553,40.0386],[140.8549,40.0392],[140.8546,40.0401],[140.8547,40.0414],[140.8544,40.0423],[140.855,40.0435],[140.8556,40.0439],[140.8554,40.0457],[140.8554,40.0467],[140.8546,40.0481],[140.8538,40.0492],[140.8536,40.0498],[140.8526,40.0506],[140.8523,40.0511],[140.8523,40.0522],[140.8519,40.0527],[140.8514,40.053],[140.8511,40.0534],[140.8511,40.0552],[140.8513,40.0565],[140.8512,40.057],[140.8505,40.0575],[140.8502,40.0584],[140.8508,40.0595],[140.8508,40.0603],[140.8511,40.0612],[140.851,40.0615],[140.8498,40.0624],[140.8488,40.063],[140.8481,40.064],[140.8472,40.0652],[140.8471,40.0663],[140.8468,40.067],[140.8463,40.0675],[140.8461,40.0692],[140.8453,40.0703],[140.8451,40.0715],[140.8444,40.0731],[140.8445,40.0746],[140.8458,40.0754],[140.8469,40.0754],[140.8477,40.0761],[140.8493,40.0771],[140.8513,40.0779],[140.8516,40.0784],[140.8516,40.0792],[140.8518,40.0799],[140.8515,40.0811],[140.8516,40.0813],[140.8536,40.0816],[140.8541,40.0819],[140.8543,40.0825],[140.8541,40.0844],[140.8549,40.0852],[140.8561,40.0856],[140.8575,40.0862],[140.859,40.0861],[140.8604,40.0854],[140.8615,40.0847],[140.8621,40.0846],[140.8633,40.0849],[140.8665,40.0874],[140.8675,40.089],[140.8683,40.0898],[140.8694,40.0903],[140.8715,40.0908],[140.8721,40.0912],[140.8723,40.0917],[140.873,40.0925],[140.8738,40.0939],[140.8745,40.0943],[140.8753,40.0946],[140.8757,40.0964],[140.8767,40.0976],[140.8773,40.0981],[140.877,40.0996],[140.8774,40.1006],[140.8769,40.1025],[140.877,40.1033],[140.8773,40.1041],[140.8775,40.1053],[140.8786,40.1054],[140.8794,40.1057],[140.8796,40.1063],[140.8796,40.1071],[140.8794,40.1083],[140.8792,40.1111],[140.8805,40.1122],[140.8809,40.1129],[140.881,40.1139],[140.8787,40.115],[140.8772,40.1153],[140.8752,40.1153],[140.8715,40.1158],[140.8711,40.1161],[140.8708,40.1176],[140.8715,40.1189],[140.8726,40.1203],[140.874,40.1224],[140.8736,40.1229],[140.8733,40.1236],[140.8728,40.1242],[140.8715,40.1255],[140.871,40.1264],[140.8699,40.1273],[140.8689,40.1286],[140.8689,40.129],[140.8672,40.1306],[140.867,40.1324],[140.8683,40.1335],[140.8689,40.1342],[140.8692,40.1349],[140.8708,40.137],[140.8715,40.1376],[140.8734,40.1387],[140.8746,40.1395],[140.8743,40.1399],[140.8744,40.1418],[140.8745,40.1431],[140.8764,40.1445],[140.8769,40.145],[140.877,40.1458],[140.8772,40.1462],[140.8786,40.1478],[140.8789,40.1479],[140.8795,40.149],[140.8805,40.1495],[140.8824,40.1508],[140.8832,40.1536],[140.8828,40.155],[140.8823,40.1559],[140.8827,40.1568],[140.8836,40.1573],[140.8829,40.1584],[140.8824,40.159],[140.881,40.16],[140.88,40.1598],[140.8773,40.1602],[140.8762,40.1606],[140.8755,40.1608],[140.8748,40.1607],[140.8729,40.1601],[140.8721,40.1601],[140.8691,40.1595],[140.8688,40.1595],[140.8679,40.1605],[140.8669,40.1622],[140.8657,40.1631],[140.8647,40.1635],[140.8638,40.1637],[140.8628,40.1648],[140.8615,40.1659],[140.8615,40.1673],[140.8612,40.1679],[140.86,40.1688],[140.8597,40.1702],[140.8592,40.1712],[140.8593,40.1716],[140.8603,40.1733],[140.8621,40.1742],[140.864,40.1751],[140.8671,40.1772],[140.8685,40.1778],[140.8703,40.1781],[140.8725,40.1783],[140.8732,40.179],[140.8746,40.1793],[140.8754,40.1796],[140.8761,40.1805],[140.8774,40.1809],[140.8779,40.1814],[140.8782,40.182],[140.8787,40.1827],[140.8799,40.1832],[140.8845,40.1865],[140.8924,40.1923],[140.8919,40.1931],[140.892,40.1939],[140.8915,40.1949],[140.8912,40.1969],[140.8902,40.1979],[140.8896,40.1988],[140.8893,40.1997],[140.8895,40.2005],[140.8906,40.2011],[140.8909,40.2016],[140.8921,40.2022],[140.8931,40.2035],[140.8941,40.2045],[140.8958,40.2056],[140.8962,40.2067],[140.8966,40.2072],[140.8976,40.2078],[140.8986,40.208],[140.8983,40.209],[140.8986,40.2105],[140.8992,40.2121],[140.8991,40.2124],[140.8974,40.2128],[140.8961,40.2134],[140.8958,40.2136],[140.8965,40.2144],[140.8973,40.2149],[140.8985,40.2156],[140.9002,40.2161],[140.9019,40.2163],[140.9026,40.2167],[140.9043,40.2181],[140.9048,40.2209],[140.905,40.2217],[140.9055,40.2221],[140.9063,40.2225],[140.908,40.223],[140.909,40.2235],[140.9096,40.2235],[140.9107,40.2231],[140.914,40.2235],[140.9156,40.2238],[140.9178,40.2234],[140.9191,40.2237],[140.9211,40.2249],[140.9222,40.2253],[140.9242,40.2259],[140.926,40.2261],[140.9278,40.2261],[140.9302,40.2265],[140.931,40.2265],[140.9341,40.2261],[140.9362,40.227],[140.938,40.2273],[140.9397,40.2272],[140.941,40.2269],[140.9417,40.2277],[140.9422,40.2287],[140.9423,40.2294],[140.9421,40.2304],[140.9408,40.2323],[140.9409,40.2331],[140.9414,40.2356],[140.9413,40.2371],[140.9407,40.2385],[140.9401,40.2402],[140.9402,40.2405],[140.9415,40.2415],[140.942,40.2421],[140.9431,40.243],[140.9434,40.2435],[140.9436,40.2451],[140.9439,40.2456],[140.9449,40.2464],[140.9465,40.2468],[140.9468,40.2469],[140.9485,40.247],[140.9496,40.2468],[140.9517,40.247],[140.954,40.2473],[140.9551,40.2476],[140.955,40.2481],[140.9545,40.2494],[140.9542,40.2505],[140.9526,40.2513],[140.952,40.252],[140.9514,40.2522],[140.9504,40.2523],[140.9493,40.253],[140.9489,40.2538],[140.9489,40.255],[140.948,40.2554],[140.947,40.2564],[140.9464,40.2576],[140.9457,40.2581],[140.9463,40.2589],[140.9468,40.2607],[140.9473,40.2618],[140.9472,40.2629],[140.9473,40.2636],[140.9473,40.2645],[140.9478,40.2651],[140.9483,40.2661],[140.9493,40.267],[140.9497,40.2677],[140.9497,40.2687],[140.9498,40.2691],[140.9511,40.2702],[140.952,40.2706],[140.9528,40.2712],[140.9528,40.2724],[140.9529,40.2731],[140.9527,40.2734],[140.9527,40.2756],[140.9532,40.276],[140.9536,40.2773],[140.9537,40.278],[140.9543,40.2797],[140.9546,40.28],[140.956,40.2806],[140.9569,40.2816],[140.9576,40.282],[140.9573,40.2832],[140.9569,40.2835],[140.9567,40.284],[140.9568,40.2847],[140.9561,40.2848],[140.9543,40.2848],[140.9538,40.2853],[140.9528,40.287],[140.9524,40.2874],[140.9496,40.2871],[140.9483,40.2871],[140.947,40.2874],[140.9463,40.2874],[140.9446,40.2881],[140.9446,40.2889],[140.9443,40.29],[140.9445,40.2911],[140.9441,40.2921],[140.9442,40.2925],[140.9451,40.2939],[140.9452,40.2948],[140.9442,40.2958],[140.944,40.2963],[140.9449,40.298],[140.9463,40.2991],[140.9483,40.2994],[140.9498,40.3001],[140.9512,40.3003],[140.9534,40.301],[140.9539,40.3014],[140.9549,40.3026],[140.9559,40.3034],[140.9569,40.3047],[140.9576,40.3065],[140.9572,40.3083],[140.957,40.3091],[140.9569,40.3101],[140.9573,40.3114],[140.9573,40.312],[140.9571,40.3132],[140.9573,40.3151],[140.9579,40.3172],[140.9585,40.3184],[140.9589,40.3188],[140.959,40.3195],[140.9589,40.3203],[140.9589,40.3216],[140.9588,40.3219],[140.9577,40.3224],[140.9575,40.3228],[140.9573,40.3245],[140.9583,40.3243],[140.9588,40.3244],[140.9594,40.3254],[140.9599,40.3253],[140.9602,40.3241],[140.9609,40.3236],[140.9614,40.3235],[140.9613,40.3228],[140.9626,40.3232],[140.9626,40.3239],[140.963,40.3244],[140.963,40.3255],[140.9627,40.3258],[140.9627,40.3268],[140.9629,40.3272],[140.9625,40.3277],[140.9625,40.3282],[140.9643,40.3294],[140.9648,40.3303],[140.9655,40.331],[140.9656,40.332],[140.9674,40.3337],[140.9671,40.3342],[140.9671,40.3352],[140.9676,40.3361],[140.9686,40.3375],[140.9681,40.3383],[140.9682,40.3387],[140.9666,40.3406],[140.9663,40.3419],[140.9652,40.3427],[140.9646,40.3443],[140.9642,40.3446],[140.9634,40.3462],[140.9629,40.3467],[140.9621,40.3471],[140.9634,40.3481],[140.9646,40.3492],[140.9654,40.3503],[140.9666,40.3505],[140.9674,40.3508],[140.9684,40.3509],[140.9679,40.3504],[140.9688,40.35],[140.969,40.3493],[140.9697,40.3493],[140.9698,40.3491],[140.9693,40.3486],[140.9695,40.3477],[140.97,40.347],[140.97,40.3466],[140.9709,40.3459],[140.9722,40.3456],[140.9723,40.345],[140.9717,40.3442],[140.9721,40.3436],[140.9739,40.3441],[140.9742,40.3441],[140.9747,40.3433],[140.9756,40.3433],[140.9759,40.3436],[140.9766,40.3437],[140.9773,40.3431],[140.9782,40.3438],[140.9787,40.3434],[140.9799,40.3433],[140.9812,40.3434],[140.982,40.344],[140.9812,40.3443],[140.9817,40.3449],[140.9824,40.3452],[140.9831,40.3453],[140.9838,40.3463],[140.9848,40.3464],[140.9852,40.3469],[140.9874,40.3478],[140.9881,40.349],[140.9908,40.3503],[140.9918,40.35],[140.9926,40.3504],[140.9935,40.3505],[140.9938,40.3508],[140.9937,40.3513],[140.9934,40.3517],[140.9928,40.3518],[140.9932,40.3523],[140.9943,40.3525],[140.9954,40.3534],[140.9948,40.3538],[140.9945,40.3542],[140.9944,40.3549],[140.9952,40.3552],[140.995,40.356],[140.994,40.3562],[140.9939,40.3569],[140.9934,40.3571],[140.993,40.3577],[140.9932,40.3581],[140.9931,40.3588],[140.9933,40.3592],[140.9932,40.3605],[140.9931,40.3608],[140.9921,40.3611],[140.9912,40.3611],[140.9916,40.3618],[140.9923,40.3624],[140.9924,40.3629],[140.9917,40.3638],[140.9918,40.3642],[140.9914,40.365],[140.9917,40.3655],[140.9915,40.3667],[140.991,40.367],[140.9912,40.3673],[140.992,40.3674],[140.9923,40.3671],[140.993,40.3672],[140.9942,40.3683],[140.9938,40.3687],[140.994,40.3694],[140.995,40.3702],[140.9949,40.3709],[140.9952,40.372],[140.995,40.3729],[140.9939,40.3741],[140.994,40.3745],[140.9934,40.3751],[140.9935,40.3758],[140.9941,40.3764],[140.9936,40.377],[140.9919,40.3776],[140.9912,40.378],[140.9904,40.3782],[140.9896,40.3792],[140.9891,40.3803],[140.9884,40.3807],[140.9883,40.3813],[140.9878,40.3817],[140.9876,40.3825],[140.9873,40.3828],[140.9867,40.3842],[140.9862,40.3845],[140.9862,40.385],[140.9857,40.3865],[140.9853,40.3872],[140.9855,40.3874],[140.9844,40.3884],[140.9844,40.389],[140.9847,40.3895],[140.9848,40.3904],[140.985,40.3908],[140.9857,40.3915],[140.9856,40.3924],[140.9856,40.3932],[140.9861,40.3942],[140.9872,40.3947],[140.9872,40.3952],[140.9876,40.3957],[140.9873,40.396],[140.9873,40.3966],[140.9877,40.3971],[140.9873,40.3973],[140.9873,40.3984],[140.987,40.3984],[140.986,40.3992],[140.9862,40.3997],[140.9867,40.4],[140.9863,40.4005],[140.9854,40.401],[140.9855,40.4016],[140.9851,40.4024],[140.9856,40.4028],[140.9858,40.4032],[140.9851,40.4039],[140.9842,40.4044],[140.9835,40.4044],[140.9824,40.4047],[140.9816,40.4052],[140.9814,40.4056],[140.9823,40.4088],[140.982,40.4097],[140.9822,40.4103],[140.9819,40.4112],[140.9825,40.412],[140.9827,40.4135],[140.9815,40.4154],[140.9801,40.4155],[140.9792,40.4152],[140.9788,40.416],[140.9791,40.4172],[140.9797,40.4177],[140.9822,40.4187],[140.9834,40.42],[140.9848,40.4209],[140.9856,40.4217],[140.9853,40.4237],[140.9851,40.4262],[140.9852,40.4272],[140.9842,40.4282],[140.9833,40.4283],[140.9799,40.4285],[140.9788,40.4289],[140.9772,40.4291],[140.9744,40.4302],[140.9735,40.4302],[140.9729,40.4307],[140.9722,40.4309],[140.9708,40.43],[140.97,40.4297],[140.9677,40.4293],[140.9665,40.4287],[140.9648,40.4284],[140.9644,40.4282],[140.9641,40.4274],[140.9635,40.4271],[140.9619,40.4269],[140.9609,40.4272],[140.9598,40.427],[140.9589,40.4267],[140.958,40.4266],[140.9571,40.4267],[140.9552,40.4265],[140.9536,40.4272],[140.9519,40.4264],[140.9513,40.4263],[140.9497,40.4271],[140.9492,40.4276],[140.9474,40.4279],[140.9459,40.428],[140.9457,40.4287],[140.9446,40.4291],[140.9431,40.4291],[140.9427,40.4293],[140.942,40.4302],[140.9412,40.4298],[140.9375,40.4276],[140.9376,40.4271],[140.9373,40.4254],[140.936,40.4236],[140.9355,40.4228],[140.9345,40.4224],[140.9337,40.4217],[140.933,40.4213],[140.932,40.4214],[140.9308,40.4212],[140.9291,40.4213],[140.928,40.4211],[140.9268,40.4211],[140.9262,40.4206],[140.9252,40.4204],[140.9245,40.4206],[140.9232,40.4208],[140.9224,40.4203],[140.9215,40.4202],[140.9212,40.4197],[140.9214,40.4188],[140.9209,40.4178],[140.921,40.4167],[140.9208,40.4161],[140.9197,40.4159],[140.9183,40.4152],[140.9178,40.4149],[140.9168,40.415],[140.9154,40.4147],[140.9148,40.4144],[140.9135,40.4147],[140.913,40.415],[140.9117,40.4152],[140.9102,40.415],[140.9098,40.4143],[140.9083,40.4137],[140.9063,40.4135],[140.9053,40.4134],[140.9038,40.4133],[140.903,40.4135],[140.9017,40.4142],[140.9015,40.4145],[140.9003,40.4151],[140.8987,40.415],[140.8968,40.4139],[140.8962,40.4137],[140.8958,40.4131],[140.8952,40.4129],[140.8933,40.4124],[140.8925,40.412],[140.8918,40.4115],[140.8909,40.41],[140.8904,40.4094],[140.8895,40.4087],[140.889,40.4085],[140.8873,40.4083],[140.8861,40.4078],[140.8844,40.4078],[140.883,40.4075],[140.8792,40.4078],[140.8775,40.4077],[140.8768,40.4076],[140.8754,40.4076],[140.8744,40.409],[140.8734,40.4095],[140.8729,40.4095],[140.872,40.4092],[140.8698,40.4079],[140.8689,40.4077],[140.8688,40.4072],[140.868,40.4064],[140.8675,40.4065],[140.8656,40.4065],[140.8644,40.4062],[140.8639,40.4062],[140.8629,40.4066],[140.862,40.4066],[140.861,40.4071],[140.8599,40.4083],[140.8579,40.4079],[140.8573,40.4079],[140.8557,40.4087],[140.854,40.409],[140.8526,40.4095],[140.8521,40.4097],[140.8518,40.4108],[140.8511,40.4114],[140.851,40.4124],[140.8507,40.413],[140.8501,40.4131],[140.8496,40.4138],[140.8487,40.4144],[140.8485,40.4154],[140.8488,40.4161],[140.8483,40.4175],[140.8484,40.4181],[140.8473,40.4194],[140.8468,40.4207],[140.8467,40.4214],[140.8464,40.4219],[140.845,40.4231],[140.8437,40.4232],[140.8433,40.4235],[140.8419,40.4256],[140.8394,40.426],[140.839,40.4257],[140.8389,40.4251],[140.8382,40.4247],[140.8373,40.4245],[140.8365,40.4246],[140.8356,40.425],[140.8349,40.425],[140.8337,40.4253],[140.833,40.4252],[140.8325,40.4231],[140.8322,40.4228],[140.83,40.4221],[140.8285,40.4212],[140.8283,40.4209],[140.8286,40.4198],[140.8284,40.4194],[140.8277,40.4185],[140.8275,40.4173],[140.8264,40.4164],[140.8268,40.4147],[140.8272,40.4137],[140.8272,40.4131],[140.8268,40.4119],[140.8269,40.4112],[140.8268,40.4108],[140.826,40.41],[140.8254,40.4092],[140.8239,40.4082],[140.8227,40.4075],[140.8213,40.406],[140.8197,40.4059],[140.8191,40.4051],[140.819,40.4042],[140.8184,40.4034],[140.8185,40.4025],[140.8177,40.4012],[140.818,40.4],[140.8188,40.3994],[140.8188,40.3986],[140.8204,40.3972],[140.8208,40.3969],[140.8213,40.3962],[140.8214,40.3957],[140.8209,40.3949],[140.8209,40.3943],[140.8212,40.3929],[140.8208,40.3925],[140.8206,40.3916],[140.8214,40.391],[140.8219,40.3904],[140.8218,40.3893],[140.8216,40.3883],[140.822,40.3878],[140.8231,40.3868],[140.8234,40.3856],[140.8238,40.3851],[140.8236,40.3844],[140.8228,40.3837],[140.8209,40.3831],[140.8204,40.3829],[140.8189,40.3816],[140.8178,40.3804],[140.8181,40.379],[140.8181,40.3783],[140.8176,40.378],[140.8173,40.3775],[140.8159,40.3769],[140.8161,40.3764],[140.8161,40.3757],[140.8153,40.3749],[140.8153,40.3743],[140.8148,40.3735],[140.8145,40.3732],[140.8129,40.3723],[140.8122,40.3712],[140.8113,40.3708],[140.8105,40.3701],[140.8101,40.3694],[140.8102,40.3684],[140.81,40.3671],[140.8106,40.3658],[140.8112,40.3655],[140.8102,40.3647],[140.8089,40.3632],[140.8072,40.362],[140.806,40.3614],[140.8057,40.3611],[140.8056,40.3605],[140.8042,40.3595],[140.8032,40.3597],[140.8019,40.3595],[140.8012,40.3591],[140.7993,40.3591],[140.798,40.3583],[140.7976,40.3578],[140.7962,40.3575],[140.7956,40.3571],[140.7949,40.357],[140.7941,40.3573],[140.7934,40.357],[140.7923,40.3569],[140.792,40.3575],[140.7908,40.3583],[140.7902,40.3575],[140.79,40.3565],[140.7897,40.3558],[140.7888,40.356],[140.7869,40.3552],[140.7856,40.3542],[140.7855,40.3544],[140.7856,40.3552],[140.7849,40.3555],[140.7849,40.3564],[140.7844,40.3565],[140.7835,40.3564],[140.7841,40.3558],[140.7837,40.3554],[140.783,40.355],[140.7826,40.3546],[140.784,40.3541],[140.7837,40.3532],[140.7833,40.353],[140.7835,40.3524],[140.7831,40.3521],[140.7833,40.3518],[140.7828,40.351],[140.7828,40.3501],[140.7826,40.3499],[140.7827,40.3491],[140.7838,40.3503],[140.7846,40.3514],[140.7853,40.3518],[140.786,40.3515],[140.7873,40.3517],[140.7884,40.352],[140.7891,40.3521],[140.7898,40.3518],[140.7906,40.3519],[140.7915,40.3517],[140.7919,40.3511],[140.7926,40.3506],[140.7919,40.3496],[140.7917,40.3488],[140.7919,40.3478],[140.7919,40.3469],[140.7915,40.3466],[140.7909,40.345],[140.7911,40.3444],[140.7915,40.3439],[140.7899,40.3432],[140.7896,40.343],[140.7892,40.3422],[140.7882,40.3412],[140.788,40.3406],[140.788,40.34],[140.7885,40.3391],[140.7882,40.3385],[140.7891,40.3374],[140.7895,40.3368],[140.7893,40.3359],[140.7887,40.3343],[140.7878,40.3338],[140.7861,40.3335],[140.7858,40.3331],[140.7865,40.3322],[140.7869,40.3313],[140.7873,40.3306],[140.7873,40.3297],[140.7895,40.3286],[140.7902,40.328],[140.7897,40.3266],[140.7906,40.326],[140.7914,40.326],[140.7926,40.3252],[140.793,40.3242],[140.7917,40.3227],[140.7914,40.322],[140.7908,40.3218],[140.7889,40.3218],[140.7884,40.3216],[140.7883,40.3208],[140.7885,40.3204],[140.7879,40.3199],[140.7878,40.3191],[140.7873,40.3186],[140.7859,40.3182],[140.7849,40.3182],[140.7834,40.3177],[140.7826,40.3154],[140.7822,40.3149],[140.7815,40.3152],[140.7817,40.3157],[140.7803,40.3159],[140.7789,40.3163],[140.7789,40.3152],[140.7785,40.3153],[140.7785,40.3162],[140.7787,40.3172],[140.7793,40.3189],[140.7797,40.3198],[140.7797,40.3213],[140.7804,40.3229],[140.7794,40.3231],[140.779,40.3236],[140.7785,40.3238],[140.7773,40.3238],[140.7751,40.3234],[140.7747,40.3232],[140.7744,40.3227],[140.7745,40.3223],[140.7735,40.3208],[140.7736,40.3202],[140.7724,40.3186],[140.7725,40.3175],[140.7723,40.317],[140.7733,40.3161],[140.774,40.316],[140.7742,40.3152],[140.7746,40.3148],[140.7748,40.3139],[140.7748,40.3134],[140.7753,40.3127],[140.7757,40.3126],[140.775,40.3108],[140.7743,40.3104],[140.7742,40.3091],[140.7739,40.3086],[140.7726,40.3075],[140.7726,40.3067],[140.772,40.3061],[140.7725,40.3055],[140.7725,40.3049],[140.7715,40.3044],[140.7703,40.3034],[140.7693,40.3029],[140.7695,40.3023],[140.7704,40.3023],[140.7709,40.3017],[140.7708,40.3012],[140.7716,40.3005],[140.7719,40.3],[140.7717,40.2996],[140.7707,40.2995],[140.7703,40.2991],[140.7714,40.2988],[140.7719,40.2983],[140.7723,40.2983],[140.773,40.2979],[140.7733,40.2972],[140.7727,40.2966],[140.7719,40.2963],[140.7717,40.2956],[140.7709,40.2946],[140.7711,40.2932],[140.7715,40.2923],[140.7709,40.2918],[140.7707,40.2913],[140.7703,40.2908],[140.7687,40.2904],[140.7678,40.292],[140.7677,40.2929],[140.7674,40.2936],[140.768,40.2943],[140.7672,40.295],[140.767,40.2946],[140.7668,40.2935],[140.7672,40.2929],[140.7672,40.2921],[140.768,40.2908],[140.7684,40.2894],[140.7681,40.2885],[140.7678,40.2881],[140.7681,40.2868],[140.7675,40.2865],[140.7678,40.2859],[140.7677,40.2852],[140.7672,40.2843],[140.7665,40.2846],[140.7661,40.2839],[140.765,40.2836],[140.7643,40.2833],[140.7639,40.2836],[140.7631,40.2837],[140.7621,40.2833],[140.7609,40.284],[140.7603,40.284],[140.759,40.2838],[140.7583,40.2842],[140.7576,40.2848],[140.7573,40.286],[140.7568,40.2859],[140.7565,40.2862],[140.7559,40.2885],[140.7545,40.2898],[140.7547,40.2901],[140.7546,40.291],[140.754,40.2919],[140.7524,40.2924],[140.7516,40.2929],[140.7496,40.2934],[140.7492,40.2929],[140.7497,40.292],[140.7495,40.2918],[140.7497,40.2898],[140.7501,40.2888],[140.7501,40.2881],[140.7498,40.2871],[140.7499,40.2863],[140.7507,40.2855],[140.751,40.2841],[140.7501,40.2838],[140.7489,40.2841],[140.748,40.2836],[140.7472,40.283],[140.746,40.2824],[140.7453,40.2823],[140.7446,40.2829],[140.7439,40.2833],[140.7434,40.2832],[140.7423,40.2833],[140.7416,40.2837],[140.7395,40.2841],[140.7377,40.2847],[140.7359,40.2855],[140.7356,40.2862],[140.7349,40.2866],[140.7335,40.2868],[140.733,40.2876],[140.7319,40.2879],[140.7309,40.2884],[140.7295,40.288],[140.7276,40.2881],[140.7269,40.2881],[140.7255,40.2888],[140.7248,40.289],[140.723,40.2882],[140.7226,40.2877],[140.7223,40.2869],[140.7215,40.2852],[140.7215,40.2848],[140.7209,40.2842],[140.7209,40.2828],[140.7202,40.2818],[140.7198,40.2808],[140.7189,40.2795],[140.7197,40.2789],[140.7208,40.2784],[140.7216,40.2779],[140.7218,40.2772],[140.7226,40.2769],[140.7223,40.2759],[140.7224,40.2751],[140.7235,40.2742],[140.7242,40.2738],[140.7243,40.273],[140.7251,40.2726],[140.7258,40.2713],[140.7253,40.2699],[140.7246,40.2693],[140.7251,40.2678],[140.7254,40.2673],[140.7241,40.2666],[140.7228,40.2656],[140.7225,40.2652],[140.7226,40.2644],[140.7224,40.2635],[140.7223,40.2624],[140.7217,40.2614],[140.722,40.2608],[140.7221,40.2595],[140.7226,40.2588],[140.7238,40.2576],[140.7244,40.2568],[140.7251,40.2565],[140.7266,40.2562],[140.7268,40.2553],[140.7263,40.2538],[140.7254,40.2531],[140.7239,40.2528],[140.7231,40.2526],[140.722,40.2525],[140.7209,40.2522],[140.7213,40.2517],[140.7221,40.2515],[140.7227,40.2507],[140.724,40.2498],[140.7242,40.2494],[140.7249,40.249],[140.7257,40.2485],[140.726,40.248],[140.7256,40.2473],[140.7257,40.2468],[140.7254,40.2463],[140.7255,40.2445],[140.7247,40.2436],[140.7245,40.2428],[140.7255,40.2417],[140.7258,40.2411],[140.7252,40.2406],[140.7245,40.2392],[140.7254,40.2385],[140.7253,40.2372],[140.7254,40.2358],[140.7247,40.2348],[140.7247,40.2344],[140.7251,40.2339],[140.7248,40.2325],[140.7246,40.2307],[140.7251,40.2303],[140.728,40.2301],[140.7275,40.2287],[140.7267,40.2275],[140.7255,40.2264],[140.7242,40.2257],[140.7231,40.2253],[140.7218,40.225],[140.7207,40.2248],[140.7173,40.2249],[140.7155,40.225],[140.7135,40.2254],[140.7121,40.2255],[140.7106,40.2255],[140.7107,40.2248],[140.7104,40.2244],[140.7106,40.2237],[140.7103,40.2226],[140.7104,40.2214],[140.7107,40.2208],[140.7115,40.2206],[140.7117,40.2203],[140.7144,40.2195],[140.7143,40.2189],[140.7139,40.2172],[140.714,40.2168],[140.7147,40.2163],[140.7151,40.215],[140.7153,40.2148],[140.7166,40.2143],[140.718,40.2137],[140.718,40.2124],[140.7183,40.2121],[140.7196,40.2118],[140.7199,40.2112],[140.7201,40.2103],[140.7199,40.2097],[140.7207,40.209],[140.7223,40.2083],[140.7229,40.2079],[140.7228,40.2071],[140.7222,40.2064],[140.7225,40.2058],[140.7242,40.205],[140.7247,40.2038],[140.7253,40.2035],[140.7262,40.202],[140.7263,40.201],[140.7269,40.2],[140.7272,40.1991],[140.7277,40.1985],[140.7277,40.1972],[140.728,40.1963],[140.7289,40.1947],[140.7291,40.1939],[140.7288,40.1926],[140.7292,40.1913],[140.7293,40.1901],[140.7277,40.1899],[140.726,40.1893],[140.7256,40.1893],[140.725,40.1898],[140.7233,40.19],[140.7214,40.1913],[140.7208,40.1913],[140.7198,40.1917],[140.7188,40.1917],[140.7167,40.1927],[140.7167,40.1934],[140.716,40.1942],[140.7156,40.1944],[140.7147,40.1945],[140.7137,40.1945],[140.7128,40.1943],[140.7116,40.1936],[140.7105,40.1933],[140.7091,40.1934],[140.7068,40.1941],[140.7051,40.1941],[140.7043,40.1945],[140.7026,40.1947],[140.702,40.1943],[140.7011,40.1941],[140.7008,40.1907],[140.701,40.1897],[140.7008,40.1892],[140.7,40.1882],[140.7,40.1869],[140.6999,40.1862],[140.7001,40.1855],[140.6995,40.1848],[140.6992,40.1843],[140.6995,40.1838],[140.6993,40.1817],[140.6996,40.1809],[140.699,40.1786],[140.6991,40.1781],[140.6996,40.177],[140.6997,40.1761],[140.7004,40.1752],[140.7012,40.1744],[140.7016,40.1737],[140.7016,40.173],[140.702,40.1721],[140.7032,40.1708],[140.7037,40.1694],[140.7039,40.1686],[140.7038,40.168],[140.7041,40.1672],[140.7039,40.1653],[140.7033,40.1638],[140.7034,40.1631],[140.704,40.1619],[140.7042,40.161],[140.705,40.1606],[140.7066,40.1605],[140.7069,40.1607],[140.7078,40.1616],[140.7091,40.1618],[140.7102,40.1612],[140.7113,40.1599],[140.7121,40.1595],[140.7116,40.1585],[140.7121,40.1574],[140.7126,40.1568],[140.7126,40.1562],[140.713,40.1558],[140.7131,40.1551],[140.715,40.1549],[140.7158,40.1553],[140.718,40.155],[140.7193,40.1552],[140.7199,40.1546],[140.7202,40.1552],[140.7208,40.1557],[140.7215,40.1562],[140.7222,40.1562],[140.7233,40.1567],[140.7239,40.1561],[140.725,40.1562],[140.7252,40.1559],[140.7251,40.1549],[140.7257,40.1546],[140.7259,40.154],[140.7276,40.1532],[140.7289,40.1536],[140.7294,40.1532],[140.7303,40.1532],[140.732,40.1534],[140.7328,40.153],[140.7342,40.1531],[140.7358,40.1537],[140.7367,40.1538],[140.738,40.1537],[140.7385,40.1535],[140.7389,40.1531],[140.7394,40.153],[140.7407,40.1524],[140.7423,40.1522],[140.7434,40.1515],[140.7442,40.1514],[140.7434,40.1503],[140.7432,40.1496],[140.7434,40.1491],[140.7433,40.1482],[140.7436,40.147],[140.7429,40.1457],[140.7425,40.1454],[140.7414,40.145],[140.7411,40.1448],[140.7404,40.143],[140.7393,40.1422],[140.7389,40.1413],[140.7388,40.141],[140.7394,40.1403],[140.739,40.1398],[140.7366,40.1378],[140.737,40.1365],[140.7367,40.1355],[140.7367,40.1351],[140.7364,40.1336],[140.7361,40.1328],[140.7344,40.1321],[140.7325,40.1318],[140.7303,40.131],[140.7289,40.1309],[140.7277,40.1298],[140.7263,40.1298],[140.725,40.13],[140.7236,40.1297],[140.7229,40.1297],[140.7223,40.1287],[140.7213,40.1277],[140.7219,40.1254],[140.7224,40.1245],[140.722,40.1225],[140.7223,40.1219],[140.723,40.1213],[140.7232,40.1204],[140.7238,40.1192],[140.7231,40.1189],[140.7225,40.1182],[140.7206,40.1176],[140.7204,40.1172],[140.7205,40.1163],[140.7197,40.1143],[140.7201,40.1136],[140.7193,40.1134],[140.7179,40.1125],[140.7173,40.1122],[140.7165,40.1117],[140.7163,40.1112],[140.7161,40.1098],[140.7162,40.1091],[140.7166,40.1085],[140.717,40.1073],[140.7166,40.106],[140.716,40.1055],[140.7158,40.105],[140.7153,40.1043],[140.7154,40.1033],[140.7158,40.1027],[140.7162,40.1015],[140.7161,40.1008],[140.7156,40.0995],[140.7156,40.0974],[140.7153,40.0961],[140.7157,40.0953],[140.7164,40.0949],[140.7168,40.0944],[140.7169,40.0938],[140.7164,40.0925],[140.7167,40.0915],[140.716,40.0905],[140.7158,40.0899],[140.7153,40.0892],[140.715,40.0881],[140.7146,40.0868],[140.7146,40.0861],[140.715,40.0855],[140.715,40.0847],[140.7156,40.083],[140.7162,40.0821],[140.7169,40.0813],[140.7173,40.0802],[140.7168,40.0796],[140.7167,40.0792],[140.7169,40.0783],[140.7163,40.078],[140.7151,40.0779],[140.7145,40.0775],[140.7144,40.076],[140.7132,40.0756],[140.7127,40.0751],[140.7117,40.0744],[140.7114,40.0738],[140.7114,40.0731],[140.7111,40.0721],[140.7107,40.0713],[140.7114,40.0703],[140.7111,40.0691],[140.7111,40.0682],[140.7102,40.0679],[140.7096,40.0662],[140.7085,40.0655],[140.708,40.0649],[140.7066,40.064],[140.7062,40.0634],[140.7061,40.0621],[140.7059,40.0616],[140.706,40.0603],[140.7058,40.0597],[140.7046,40.0583],[140.7041,40.058],[140.7035,40.0573],[140.7024,40.0568],[140.7012,40.0557],[140.7005,40.0553],[140.7001,40.0545],[140.6995,40.0539],[140.6985,40.0533],[140.6982,40.0529],[140.6984,40.0515],[140.6989,40.0506],[140.6987,40.0498],[140.6975,40.049],[140.6971,40.0484],[140.6971,40.0477],[140.6981,40.0463],[140.6981,40.045],[140.6979,40.043],[140.6985,40.041],[140.6993,40.0398],[140.6989,40.0392],[140.6993,40.0384],[140.6993,40.0372],[140.6996,40.0367],[140.7003,40.0361],[140.7008,40.0352],[140.701,40.0342],[140.7009,40.0335],[140.7001,40.0327],[140.701,40.0314],[140.7022,40.0304],[140.7028,40.0301],[140.7033,40.0295],[140.7047,40.0288],[140.7064,40.0283],[140.7068,40.0281],[140.7069,40.0275],[140.7069,40.0262],[140.7068,40.0253],[140.7078,40.025],[140.7093,40.0238],[140.7102,40.0231],[140.7111,40.023],[140.7119,40.0226],[140.713,40.0225],[140.7134,40.0223],[140.7133,40.0209],[140.7141,40.0201],[140.7144,40.0193],[140.7155,40.0182],[140.7158,40.018],[140.7169,40.0178],[140.7178,40.0175],[140.7197,40.0176],[140.7202,40.0172],[140.7211,40.0169],[140.7217,40.0158],[140.7224,40.0154],[140.7231,40.0148],[140.7236,40.0126],[140.7242,40.012],[140.7259,40.0116],[140.7272,40.0112],[140.728,40.0111],[140.7293,40.0107],[140.7314,40.0104],[140.7326,40.0094],[140.7324,40.0085],[140.732,40.008],[140.7321,40.007],[140.7315,40.006],[140.7316,40.005],[140.7315,40.0044],[140.7312,40.0038],[140.7313,40.0025],[140.7316,40.0018],[140.732,40.0017],[140.7324,40.0006],[140.7322,39.9998]]]},"properties":{"N03_001":"秋田県","N03_002":"","N03_003":"","N03_004":"鹿角市","N03_007":"05209"}},
{"type":"Feature","geometry":{"type":"Polygon","coordinates":[[[139.9801,39.3131],[139.9832,39.3117],[139.9844,39.311],[139.9852,39.3107],[139.9855,39.3103],[139.9872,39.3096],[139.9879,39.3088],[139.9881,39.3079],[139.9886,39.3076],[139.9903,39.3068],[139.9905,39.3062],[139.9904,39.3054],[139.9899,39.3036],[139.9903,39.3025],[139.9914,39.3018],[139.9922,39.301],[139.9926,39.3002],[139.9935,39.2991],[139.9935,39.298],[139.9944,39.2975],[139.9956,39.2965],[139.996,39.2962],[139.9987,39.2964],[140.0005,39.2958],[140.0013,39.2948],[140.0024,39.2945],[140.0028,39.2943],[139.9996,39.2936],[139.9974,39.293],[139.9959,39.2919],[139.9959,39.2914],[139.9963,39.2908],[139.9962,39.2896],[139.9963,39.2889],[139.9957,39.2891],[139.9936,39.2896],[139.9929,39.2892],[139.9929,39.2876],[139.9924,39.2866],[139.9928,39.2859],[139.9947,39.2853],[139.9956,39.2848],[139.9963,39.2849],[139.997,39.2841],[139.9986,39.2842],[139.9994,39.2834],[139.9995,39.2829],[139.9992,39.2826],[139.9999,39.2817],[140.0006,39.2812],[140.0016,39.2775],[140.0019,39.2771],[140.0028,39.2766],[140.0034,39.2758],[140.0043,39.2737],[140.0053,39.2739],[140.0058,39.2739],[140.0068,39.2733],[140.007,39.273],[140.0078,39.2728],[140.009,39.272],[140.0098,39.2709],[140.0101,39.2694],[140.0113,39.2687],[140.0116,39.2677],[140.012,39.2673],[140.0139,39.267],[140.0146,39.2671],[140.0158,39.2677],[140.0169,39.268],[140.0185,39.2681],[140.0194,39.2684],[140.02,39.2685],[140.0218,39.2692],[140.0297,39.2645],[140.0306,39.2638],[140.0312,39.2635],[140.038,39.2595],[140.0335,39.2523],[140.0339,39.2515],[140.0338,39.251],[140.0329,39.2495],[140.0321,39.2486],[140.0333,39.2488],[140.0344,39.2485],[140.0349,39.2477],[140.0349,39.247],[140.0364,39.247],[140.0368,39.2464],[140.0378,39.2454],[140.0383,39.2453],[140.0389,39.2447],[140.039,39.2443],[140.0407,39.2439],[140.0412,39.2436],[140.0412,39.2431],[140.0415,39.2419],[140.0412,39.2416],[140.042,39.2391],[140.0422,39.239],[140.044,39.239],[140.0445,39.2386],[140.0453,39.2382],[140.0455,39.2373],[140.046,39.2364],[140.0463,39.2362],[140.0474,39.2363],[140.0484,39.2362],[140.05,39.2354],[140.0508,39.2346],[140.0523,39.2339],[140.0548,39.2315],[140.0584,39.2266],[140.0578,39.2242],[140.0572,39.2226],[140.0562,39.2186],[140.0556,39.2169],[140.0552,39.2151],[140.0544,39.213],[140.0541,39.2119],[140.0537,39.209],[140.0537,39.2082],[140.0532,39.2023],[140.0529,39.1984],[140.0536,39.1946],[140.0539,39.1938],[140.0534,39.1925],[140.0521,39.191],[140.0517,39.1906],[140.0499,39.1902],[140.0489,39.189],[140.0477,39.1882],[140.0467,39.1863],[140.0456,39.1849],[140.046,39.1835],[140.0459,39.1829],[140.0448,39.1811],[140.0449,39.1805],[140.0447,39.1798],[140.0431,39.1782],[140.0426,39.1776],[140.0422,39.1763],[140.0422,39.1756],[140.0426,39.1745],[140.0433,39.1741],[140.0446,39.1726],[140.0453,39.1724],[140.046,39.1715],[140.0476,39.1703],[140.0492,39.1701],[140.0502,39.17],[140.0512,39.1696],[140.0532,39.1685],[140.0534,39.1683],[140.0551,39.1684],[140.0564,39.1683],[140.0567,39.168],[140.0565,39.1663],[140.0581,39.1645],[140.059,39.1636],[140.0604,39.1625],[140.0613,39.1621],[140.0631,39.1618],[140.0639,39.1616],[140.0641,39.1613],[140.0635,39.1601],[140.0635,39.1597],[140.0641,39.1584],[140.0643,39.1575],[140.0643,39.1561],[140.064,39.1537],[140.0634,39.1513],[140.0635,39.1503],[140.0641,39.1489],[140.0652,39.1464],[140.0658,39.1448],[140.0659,39.1437],[140.0659,39.1424],[140.0657,39.1409],[140.0651,39.1387],[140.0639,39.1363],[140.0624,39.1335],[140.0622,39.1309],[140.0618,39.1223],[140.0615,39.1134],[140.0616,39.1111],[140.0621,39.1091],[140.0629,39.1069],[140.0643,39.1042],[140.0671,39.0998],[140.0672,39.0985],[140.0669,39.0977],[140.0654,39.0958],[140.0625,39.0929],[140.064,39.0915],[140.0662,39.0906],[140.0677,39.0897],[140.0696,39.0888],[140.0705,39.0883],[140.0735,39.0869],[140.0761,39.0861],[140.0781,39.086],[140.0807,39.0857],[140.0835,39.0851],[140.0847,39.0851],[140.0884,39.085],[140.0925,39.0848],[140.094,39.0847],[140.0954,39.0849],[140.0962,39.0849],[140.0985,39.0839],[140.1005,39.0838],[140.1015,39.0836],[140.1027,39.0831],[140.1034,39.0823],[140.1048,39.0821],[140.1062,39.0816],[140.1073,39.0808],[140.1114,39.079],[140.1126,39.0786],[140.1142,39.0784],[140.1147,39.0782],[140.1149,39.0778],[140.1149,39.0752],[140.1159,39.0738],[140.1166,39.073],[140.1167,39.0719],[140.1165,39.0707],[140.1169,39.0682],[140.1187,39.0683],[140.1201,39.068],[140.1205,39.0677],[140.121,39.0667],[140.1218,39.0663],[140.1222,39.0659],[140.124,39.0643],[140.1248,39.0638],[140.1255,39.0637],[140.1264,39.0633],[140.1276,39.0631],[140.1298,39.063],[140.1308,39.0632],[140.1324,39.0638],[140.1332,39.0632],[140.1344,39.0644],[140.1354,39.0648],[140.1366,39.065],[140.1374,39.0655],[140.1379,39.0654],[140.1378,39.0648],[140.138,39.0642],[140.1394,39.0635],[140.1401,39.063],[140.1408,39.0628],[140.1412,39.0623],[140.1428,39.0617],[140.1439,39.0613],[140.1436,39.0596],[140.1446,39.0582],[140.1459,39.0573],[140.1459,39.0564],[140.1461,39.0561],[140.1475,39.0555],[140.148,39.0551],[140.148,39.0544],[140.1478,39.054],[140.1479,39.0534],[140.1486,39.0531],[140.1492,39.0521],[140.1495,39.0514],[140.1508,39.0497],[140.1508,39.0492],[140.1519,39.0484],[140.1525,39.0483],[140.1536,39.0485],[140.1547,39.0485],[140.1551,39.0487],[140.1571,39.049],[140.1575,39.0491],[140.1582,39.0506],[140.1593,39.0519],[140.1599,39.0528],[140.1608,39.0536],[140.1625,39.0543],[140.1646,39.0536],[140.1656,39.0527],[140.1661,39.0525],[140.1673,39.0521],[140.1684,39.0517],[140.1697,39.0515],[140.1712,39.051],[140.1714,39.0521],[140.1724,39.053],[140.173,39.0541],[140.1734,39.0552],[140.1742,39.0566],[140.1749,39.0573],[140.1757,39.0575],[140.1769,39.0576],[140.1782,39.0579],[140.1797,39.0581],[140.1811,39.0579],[140.182,39.0584],[140.1841,39.0587],[140.1856,39.0587],[140.1872,39.0585],[140.1879,39.0586],[140.1886,39.0606],[140.1888,39.0615],[140.1909,39.0614],[140.1917,39.0612],[140.1932,39.0605],[140.1938,39.0603],[140.1958,39.061],[140.1981,39.0613],[140.1995,39.0604],[140.2003,39.0601],[140.2011,39.0597],[140.2015,39.0593],[140.2017,39.0583],[140.2019,39.0578],[140.2016,39.0568],[140.2018,39.0562],[140.203,39.0555],[140.2036,39.055],[140.2038,39.0543],[140.2046,39.0538],[140.2048,39.0535],[140.2041,39.0519],[140.2043,39.0511],[140.2041,39.0501],[140.2037,39.0497],[140.2033,39.0486],[140.2025,39.0481],[140.2017,39.0472],[140.2019,39.0468],[140.2027,39.046],[140.203,39.0455],[140.2026,39.0443],[140.2026,39.0435],[140.2024,39.0429],[140.2025,39.0416],[140.2036,39.0397],[140.2036,39.0393],[140.2027,39.0378],[140.2022,39.0373],[140.2009,39.0361],[140.2006,39.0357],[140.2016,39.035],[140.2023,39.0348],[140.2034,39.0347],[140.2048,39.0348],[140.2082,39.0345],[140.2091,39.0341],[140.2101,39.0334],[140.211,39.0331],[140.2121,39.0329],[140.2128,39.0326],[140.2141,39.0325],[140.2151,39.0327],[140.2168,39.0331],[140.2175,39.0331],[140.2187,39.0327],[140.2196,39.0319],[140.2211,39.0316],[140.2219,39.0311],[140.222,39.0301],[140.2222,39.0296],[140.2236,39.0285],[140.2254,39.0282],[140.2261,39.0275],[140.2275,39.0271],[140.2284,39.0271],[140.2297,39.0273],[140.2314,39.027],[140.2329,39.027],[140.234,39.0274],[140.2356,39.0274],[140.2369,39.0276],[140.2386,39.0285],[140.24,39.0297],[140.2412,39.0299],[140.2425,39.0305],[140.2443,39.0306],[140.2454,39.0309],[140.2459,39.0308],[140.2472,39.0293],[140.2483,39.0286],[140.2488,39.0282],[140.2495,39.0279],[140.2506,39.0276],[140.2521,39.0281],[140.2529,39.0282],[140.2532,39.029],[140.2541,39.0305],[140.2546,39.031],[140.2561,39.0321],[140.2572,39.0332],[140.2581,39.0335],[140.2591,39.0337],[140.2596,39.0339],[140.2606,39.0352],[140.2613,39.0348],[140.2621,39.0347],[140.2634,39.0334],[140.2639,39.0331],[140.2644,39.0326],[140.2662,39.0313],[140.2675,39.0313],[140.2691,39.0321],[140.2703,39.0325],[140.2713,39.0324],[140.2729,39.0314],[140.2742,39.0308],[140.2747,39.0307],[140.2757,39.0309],[140.2767,39.0307],[140.2782,39.0301],[140.281,39.0294],[140.2813,39.029],[140.283,39.0284],[140.2845,39.0281],[140.2866,39.0281],[140.2877,39.0271],[140.2885,39.0267],[140.2892,39.026],[140.2904,39.0257],[140.2914,39.0242],[140.2921,39.0239],[140.2923,39.0232],[140.2928,39.0225],[140.2929,39.0214],[140.294,39.0194],[140.2937,39.0184],[140.2944,39.0181],[140.2971,39.0184],[140.2975,39.0184],[140.2986,39.0176],[140.2992,39.0176],[140.3001,39.018],[140.3018,39.0173],[140.3022,39.0171],[140.3029,39.0161],[140.3033,39.0154],[140.3038,39.0151],[140.3063,39.0145],[140.3089,39.0142],[140.3098,39.0138],[140.3107,39.0136],[140.3119,39.0151],[140.312,39.0158],[140.3131,39.0175],[140.3137,39.018],[140.3148,39.0195],[140.315,39.02],[140.3156,39.0205],[140.3166,39.0218],[140.3172,39.0222],[140.3173,39.0228],[140.3177,39.0239],[140.3182,39.0247],[140.3187,39.025],[140.3186,39.0263],[140.3182,39.0273],[140.3174,39.0281],[140.3184,39.0292],[140.3185,39.0301],[140.3188,39.0313],[140.3196,39.0312],[140.3205,39.031],[140.3209,39.0319],[140.3219,39.0324],[140.3235,39.0328],[140.3241,39.0332],[140.3251,39.0332],[140.3267,39.0338],[140.3279,39.0346],[140.3291,39.0348],[140.3294,39.0366],[140.3298,39.0374],[140.3304,39.0381],[140.3309,39.0384],[140.3313,39.0391],[140.332,39.0403],[140.3332,39.0409],[140.3352,39.0418],[140.3358,39.042],[140.3375,39.0427],[140.3379,39.0434],[140.3386,39.0442],[140.3391,39.0445],[140.3402,39.0445],[140.3408,39.045],[140.3427,39.0456],[140.3425,39.0461],[140.3423,39.0472],[140.342,39.0476],[140.3414,39.0494],[140.3414,39.0507],[140.3402,39.0513],[140.3389,39.0518],[140.3377,39.0534],[140.3361,39.0543],[140.3352,39.0552],[140.3348,39.0563],[140.334,39.0576],[140.3329,39.0583],[140.332,39.0582],[140.3315,39.0591],[140.3318,39.0596],[140.3326,39.06],[140.333,39.0605],[140.3334,39.0613],[140.3335,39.0618],[140.3334,39.0635],[140.3337,39.0645],[140.3356,39.0656],[140.3361,39.0661],[140.3364,39.0669],[140.3374,39.0678],[140.3384,39.0682],[140.3386,39.069],[140.3395,39.0704],[140.3398,39.0706],[140.3407,39.0718],[140.3415,39.0723],[140.3425,39.0734],[140.3433,39.0739],[140.3436,39.0753],[140.3435,39.0761],[140.3423,39.078],[140.3423,39.0791],[140.3413,39.0796],[140.3412,39.0803],[140.3419,39.0816],[140.3417,39.0826],[140.3419,39.0836],[140.3415,39.0842],[140.3412,39.085],[140.3413,39.0856],[140.3411,39.0862],[140.3413,39.0871],[140.3417,39.0879],[140.341,39.0893],[140.3387,39.0914],[140.3379,39.0922],[140.3375,39.093],[140.3364,39.0938],[140.3356,39.0954],[140.3349,39.0963],[140.3336,39.0975],[140.3323,39.0983],[140.332,39.0989],[140.3311,39.1001],[140.3303,39.1005],[140.3295,39.1006],[140.328,39.1008],[140.3267,39.1005],[140.3259,39.1006],[140.3253,39.1009],[140.3248,39.1009],[140.3218,39.1],[140.3213,39.1],[140.3204,39.101],[140.3198,39.1012],[140.319,39.1011],[140.3177,39.1012],[140.317,39.1015],[140.3169,39.1022],[140.3169,39.1031],[140.3165,39.104],[140.3168,39.1047],[140.3167,39.1054],[140.3162,39.1056],[140.3156,39.1069],[140.3155,39.1082],[140.316,39.1091],[140.3159,39.1097],[140.315,39.11],[140.3149,39.1106],[140.3143,39.1113],[140.3141,39.1119],[140.3143,39.1123],[140.3143,39.1128],[140.3136,39.1131],[140.3124,39.1137],[140.312,39.1141],[140.3118,39.1152],[140.3127,39.1163],[140.3115,39.1169],[140.3112,39.1179],[140.3106,39.1186],[140.31,39.1191],[140.3094,39.1198],[140.3083,39.1204],[140.3074,39.1204],[140.3071,39.1211],[140.3065,39.1214],[140.3057,39.1222],[140.304,39.1223],[140.3039,39.1225],[140.3045,39.1235],[140.3035,39.1259],[140.3031,39.1268],[140.3034,39.1278],[140.3038,39.1282],[140.3038,39.1292],[140.3037,39.1298],[140.3039,39.1303],[140.304,39.1311],[140.3036,39.1314],[140.3033,39.1322],[140.3033,39.1331],[140.303,39.1336],[140.302,39.1343],[140.3012,39.1346],[140.3003,39.1354],[140.2998,39.1361],[140.299,39.1369],[140.2983,39.1371],[140.2969,39.1383],[140.2963,39.1386],[140.2966,39.1393],[140.2962,39.1406],[140.2964,39.141],[140.295,39.1415],[140.2946,39.1419],[140.2937,39.1425],[140.2937,39.143],[140.2933,39.1434],[140.293,39.1443],[140.2924,39.1445],[140.2922,39.1454],[140.292,39.1455],[140.2899,39.146],[140.2891,39.146],[140.2881,39.1466],[140.2875,39.1467],[140.2872,39.1471],[140.2869,39.1479],[140.2869,39.1484],[140.2858,39.1491],[140.2842,39.1497],[140.2833,39.1495],[140.2816,39.151],[140.2817,39.1518],[140.2821,39.1523],[140.2823,39.1529],[140.2821,39.1534],[140.2813,39.1543],[140.281,39.1553],[140.281,39.1566],[140.2804,39.1583],[140.2802,39.1585],[140.2801,39.1599],[140.2801,39.1613],[140.2799,39.1619],[140.2797,39.1634],[140.2791,39.164],[140.2789,39.1646],[140.2782,39.1655],[140.2773,39.1664],[140.2767,39.1668],[140.2766,39.1671],[140.2756,39.1683],[140.275,39.1687],[140.2749,39.1693],[140.2744,39.1701],[140.2738,39.1706],[140.2737,39.1715],[140.2732,39.1719],[140.2714,39.1716],[140.2707,39.1721],[140.2692,39.1727],[140.2681,39.1732],[140.2675,39.1733],[140.2663,39.1732],[140.2656,39.1739],[140.2653,39.1743],[140.2646,39.1745],[140.2636,39.1752],[140.2637,39.1756],[140.2634,39.1764],[140.2629,39.1771],[140.2627,39.1781],[140.262,39.1789],[140.2603,39.181],[140.2589,39.1811],[140.2572,39.1819],[140.2568,39.1831],[140.2572,39.1845],[140.2573,39.186],[140.2567,39.1869],[140.2578,39.1881],[140.2577,39.1887],[140.257,39.1892],[140.2573,39.1901],[140.2561,39.1906],[140.2559,39.1912],[140.2551,39.1916],[140.2547,39.1922],[140.254,39.1926],[140.2522,39.1936],[140.2517,39.1941],[140.2511,39.1943],[140.2499,39.1954],[140.2489,39.1968],[140.248,39.1972],[140.2474,39.197],[140.2461,39.197],[140.2453,39.1969],[140.2446,39.1964],[140.2441,39.1954],[140.2432,39.1948],[140.2426,39.1947],[140.2417,39.1943],[140.2411,39.1942],[140.2391,39.1936],[140.2387,39.1938],[140.2379,39.1946],[140.2368,39.1952],[140.2363,39.1962],[140.2361,39.1973],[140.2354,39.1975],[140.2345,39.1975],[140.2337,39.1981],[140.2335,39.1987],[140.2325,39.2005],[140.2312,39.2014],[140.2312,39.2025],[140.231,39.2032],[140.23,39.2037],[140.2302,39.2055],[140.2293,39.2069],[140.2299,39.2082],[140.2297,39.2089],[140.2293,39.2093],[140.2292,39.2099],[140.2297,39.211],[140.2289,39.2112],[140.2287,39.2117],[140.2281,39.2122],[140.2272,39.2123],[140.2271,39.2132],[140.2272,39.2136],[140.2271,39.2145],[140.2271,39.2156],[140.2268,39.216],[140.2264,39.2161],[140.2256,39.2166],[140.2248,39.2168],[140.2233,39.2168],[140.2228,39.2172],[140.2218,39.2181],[140.2218,39.2187],[140.2216,39.219],[140.2219,39.2201],[140.2205,39.2209],[140.2208,39.222],[140.223,39.2219],[140.2236,39.2226],[140.2233,39.2231],[140.2231,39.2238],[140.2226,39.2244],[140.2226,39.2254],[140.2229,39.226],[140.2227,39.2269],[140.2236,39.2274],[140.2243,39.2279],[140.2258,39.2287],[140.2264,39.2294],[140.2285,39.2297],[140.2292,39.2295],[140.2297,39.2291],[140.2305,39.2277],[140.2315,39.2264],[140.2318,39.226],[140.2329,39.2255],[140.2339,39.2257],[140.2351,39.226],[140.2366,39.2266],[140.2377,39.2273],[140.2405,39.2254],[140.2417,39.2249],[140.2426,39.2247],[140.2437,39.2248],[140.2446,39.2246],[140.2454,39.2248],[140.246,39.2248],[140.247,39.2245],[140.2484,39.2246],[140.2491,39.2249],[140.2497,39.226],[140.2503,39.2264],[140.2512,39.2275],[140.2524,39.2283],[140.2527,39.2287],[140.2522,39.2301],[140.2526,39.231],[140.2549,39.2313],[140.2558,39.2319],[140.2565,39.2326],[140.2578,39.2329],[140.2585,39.2331],[140.259,39.2337],[140.26,39.2345],[140.2606,39.2348],[140.2611,39.2355],[140.2609,39.236],[140.2611,39.2367],[140.262,39.2373],[140.2625,39.2379],[140.2631,39.238],[140.2646,39.2376],[140.2655,39.2366],[140.2659,39.2363],[140.2675,39.2371],[140.2685,39.2372],[140.2696,39.2376],[140.2704,39.2375],[140.2704,39.2389],[140.2701,39.2394],[140.2704,39.2402],[140.2723,39.2405],[140.2732,39.24],[140.2741,39.2399],[140.2749,39.2406],[140.2756,39.2408],[140.2768,39.2409],[140.2777,39.2411],[140.2782,39.2408],[140.279,39.2408],[140.2795,39.2406],[140.2803,39.2406],[140.2808,39.2402],[140.2819,39.2403],[140.2816,39.2414],[140.2835,39.2427],[140.2841,39.2433],[140.2852,39.2434],[140.2865,39.2439],[140.2878,39.2438],[140.289,39.244],[140.2894,39.2438],[140.2904,39.244],[140.2908,39.2439],[140.2934,39.2442],[140.2944,39.2445],[140.2952,39.2449],[140.2962,39.245],[140.2968,39.2446],[140.2977,39.2444],[140.2985,39.2444],[140.2989,39.244],[140.3,39.244],[140.3001,39.2444],[140.301,39.2443],[140.3016,39.2446],[140.3017,39.2454],[140.3025,39.2456],[140.3035,39.2453],[140.304,39.2455],[140.3052,39.2465],[140.3056,39.247],[140.3063,39.247],[140.3075,39.2467],[140.308,39.2471],[140.3097,39.2481],[140.3104,39.2483],[140.3109,39.2481],[140.3111,39.2474],[140.3126,39.2468],[140.3131,39.2469],[140.3134,39.2473],[140.3143,39.2474],[140.3147,39.2471],[140.3155,39.2473],[140.3167,39.2471],[140.3175,39.2473],[140.3184,39.2478],[140.3189,39.2479],[140.3203,39.2474],[140.3209,39.2473],[140.3214,39.2476],[140.3231,39.2477],[140.3242,39.2481],[140.3256,39.248],[140.326,39.2474],[140.3267,39.2458],[140.3278,39.246],[140.331,39.246],[140.3315,39.2461],[140.3324,39.2473],[140.3324,39.2481],[140.3327,39.2482],[140.3339,39.2481],[140.3347,39.2491],[140.3353,39.2492],[140.337,39.2489],[140.3373,39.2479],[140.3381,39.2474],[140.3382,39.2471],[140.3378,39.246],[140.3374,39.2456],[140.338,39.2451],[140.3385,39.2454],[140.3393,39.2455],[140.3412,39.2445],[140.3421,39.2447],[140.3423,39.2449],[140.3424,39.2458],[140.3431,39.246],[140.3437,39.2467],[140.3449,39.2471],[140.3466,39.2468],[140.348,39.2469],[140.3488,39.2482],[140.3484,39.2485],[140.3474,39.2499],[140.3468,39.2505],[140.3464,39.2513],[140.3459,39.2515],[140.3453,39.2515],[140.3447,39.2511],[140.3438,39.2512],[140.3433,39.2518],[140.3434,39.2528],[140.3432,39.2533],[140.3432,39.2538],[140.3428,39.2541],[140.3416,39.2542],[140.3413,39.255],[140.3423,39.2557],[140.3424,39.257],[140.3417,39.2578],[140.3408,39.2582],[140.3407,39.2588],[140.3402,39.2592],[140.3393,39.2595],[140.3384,39.2591],[140.3375,39.2592],[140.3365,39.2596],[140.3357,39.2594],[140.3346,39.2598],[140.3335,39.2597],[140.3311,39.261],[140.3308,39.2614],[140.3299,39.2615],[140.3297,39.2621],[140.3299,39.2626],[140.3298,39.2641],[140.3295,39.265],[140.3304,39.2668],[140.3308,39.2672],[140.3309,39.2678],[140.3315,39.2683],[140.3317,39.2688],[140.3318,39.2702],[140.3315,39.2709],[140.3311,39.2711],[140.331,39.2725],[140.3305,39.2736],[140.3315,39.2739],[140.3323,39.2739],[140.3331,39.2737],[140.3343,39.2749],[140.3353,39.2755],[140.3361,39.2762],[140.3367,39.2765],[140.3372,39.278],[140.3376,39.2785],[140.3379,39.2792],[140.3389,39.2797],[140.3395,39.2804],[140.3397,39.281],[140.3389,39.2816],[140.3383,39.2824],[140.3384,39.2832],[140.3386,39.2838],[140.3386,39.2845],[140.3399,39.2849],[140.34,39.2856],[140.3398,39.2861],[140.3397,39.2869],[140.3401,39.2875],[140.3395,39.2879],[140.3394,39.2884],[140.3403,39.2893],[140.3403,39.2902],[140.3395,39.2905],[140.3391,39.2909],[140.3395,39.2914],[140.3417,39.2928],[140.3422,39.2934],[140.3423,39.2952],[140.3425,39.2956],[140.3433,39.2954],[140.3443,39.2958],[140.3458,39.296],[140.3467,39.296],[140.348,39.2964],[140.3488,39.2964],[140.3495,39.2966],[140.35,39.2964],[140.3513,39.2964],[140.3522,39.2961],[140.3526,39.2955],[140.3532,39.2954],[140.3541,39.2956],[140.3544,39.2964],[140.3555,39.2969],[140.3559,39.2976],[140.3558,39.2984],[140.3554,39.2988],[140.3543,39.2993],[140.3542,39.2998],[140.3535,39.3003],[140.3541,39.3012],[140.3534,39.3018],[140.3529,39.3019],[140.3527,39.3026],[140.3522,39.3034],[140.3527,39.3044],[140.3525,39.3054],[140.3521,39.3056],[140.3501,39.3056],[140.3497,39.3062],[140.3493,39.307],[140.3481,39.3073],[140.3479,39.3077],[140.3472,39.3082],[140.3453,39.3088],[140.3439,39.3098],[140.3425,39.3104],[140.3422,39.3114],[140.3416,39.3116],[140.3406,39.3124],[140.3409,39.3129],[140.3406,39.3132],[140.3403,39.3143],[140.3407,39.3145],[140.341,39.3154],[140.3404,39.3158],[140.3404,39.3165],[140.341,39.3168],[140.3414,39.3172],[140.342,39.3175],[140.3422,39.3181],[140.3419,39.3185],[140.3411,39.3186],[140.341,39.3196],[140.3411,39.3201],[140.3404,39.3213],[140.3404,39.322],[140.3401,39.3229],[140.3405,39.3232],[140.341,39.324],[140.341,39.3244],[140.3417,39.3254],[140.3422,39.3257],[140.3421,39.3268],[140.341,39.3271],[140.3405,39.3275],[140.3393,39.3273],[140.3382,39.3276],[140.3375,39.3276],[140.3357,39.3271],[140.3354,39.3267],[140.3354,39.3261],[140.3338,39.325],[140.3323,39.325],[140.3318,39.3251],[140.3309,39.3248],[140.3299,39.325],[140.328,39.3255],[140.3275,39.3258],[140.3279,39.3263],[140.3279,39.327],[140.3283,39.3278],[140.3295,39.3289],[140.3299,39.3298],[140.3295,39.3304],[140.3283,39.3309],[140.3271,39.3322],[140.3266,39.3323],[140.3274,39.3337],[140.3279,39.3342],[140.3283,39.3348],[140.3301,39.3358],[140.3302,39.3365],[140.3297,39.3373],[140.3296,39.3384],[140.3297,39.3395],[140.3288,39.3401],[140.3281,39.3414],[140.3272,39.3419],[140.3256,39.3421],[140.3243,39.343],[140.3241,39.3433],[140.3229,39.3436],[140.3217,39.3445],[140.3209,39.3445],[140.3202,39.3451],[140.3196,39.3453],[140.3189,39.346],[140.3191,39.3465],[140.3197,39.3467],[140.3203,39.3475],[140.3204,39.3481],[140.3201,39.3487],[140.3197,39.3488],[140.3181,39.3486],[140.3173,39.3491],[140.3159,39.3497],[140.3153,39.3495],[140.3144,39.3494],[140.313,39.3492],[140.3123,39.3488],[140.3117,39.3486],[140.3106,39.3476],[140.3085,39.3481],[140.3071,39.3478],[140.3055,39.3478],[140.3049,39.3481],[140.304,39.3479],[140.3036,39.3476],[140.3034,39.3469],[140.3024,39.3467],[140.3017,39.3468],[140.3013,39.3479],[140.3003,39.3486],[140.3,39.3497],[140.3,39.3504],[140.2993,39.3518],[140.2993,39.353],[140.2985,39.3546],[140.298,39.3547],[140.2967,39.3541],[140.2961,39.3546],[140.2957,39.3546],[140.2953,39.3541],[140.2944,39.3535],[140.2929,39.3532],[140.2921,39.3532],[140.2918,39.3539],[140.2918,39.3544],[140.2915,39.3546],[140.2897,39.3548],[140.2892,39.3545],[140.2884,39.3546],[140.2877,39.3551],[140.2863,39.3543],[140.2857,39.3547],[140.2853,39.3551],[140.2842,39.3548],[140.2838,39.3556],[140.283,39.3559],[140.2827,39.3563],[140.2818,39.3569],[140.2812,39.3577],[140.2808,39.3577],[140.2794,39.3559],[140.2793,39.3553],[140.279,39.3549],[140.2784,39.3546],[140.2772,39.3536],[140.276,39.3541],[140.2759,39.3549],[140.2756,39.3554],[140.2751,39.3558],[140.2729,39.3555],[140.2713,39.3547],[140.2694,39.3552],[140.2689,39.356],[140.2689,39.3566],[140.2693,39.3572],[140.2695,39.358],[140.2695,39.3588],[140.2692,39.3592],[140.2697,39.3599],[140.2703,39.3603],[140.2701,39.3611],[140.2716,39.3619],[140.2728,39.3626],[140.2729,39.3628],[140.272,39.3634],[140.2716,39.3639],[140.2706,39.3643],[140.2699,39.3647],[140.2682,39.3655],[140.2678,39.366],[140.2677,39.3667],[140.2669,39.3676],[140.2667,39.368],[140.2675,39.3703],[140.2673,39.3708],[140.2662,39.3714],[140.2661,39.3727],[140.2646,39.3733],[140.2642,39.3736],[140.2637,39.3747],[140.2632,39.3751],[140.2626,39.3759],[140.2627,39.3769],[140.2619,39.378],[140.2633,39.3785],[140.2631,39.3789],[140.2621,39.3796],[140.2622,39.3798],[140.2636,39.3793],[140.2641,39.3788],[140.2651,39.3784],[140.2661,39.3777],[140.2666,39.3771],[140.267,39.3763],[140.2686,39.3762],[140.2692,39.3765],[140.2702,39.3767],[140.2704,39.3765],[140.2717,39.3762],[140.2734,39.3762],[140.2758,39.3755],[140.2765,39.3749],[140.2783,39.3755],[140.2793,39.3755],[140.2798,39.3753],[140.28,39.3747],[140.2809,39.3742],[140.281,39.3736],[140.2823,39.3743],[140.2835,39.3752],[140.285,39.3742],[140.2856,39.3735],[140.2859,39.373],[140.287,39.3731],[140.2871,39.3734],[140.2879,39.3738],[140.2888,39.3744],[140.2886,39.3747],[140.2884,39.3758],[140.2891,39.376],[140.29,39.3761],[140.2908,39.3766],[140.2921,39.3767],[140.2924,39.3766],[140.2922,39.376],[140.2932,39.3763],[140.2937,39.3758],[140.2938,39.3754],[140.2935,39.3749],[140.2944,39.3747],[140.2945,39.3739],[140.2941,39.3733],[140.2942,39.3725],[140.2946,39.3727],[140.2947,39.3733],[140.2952,39.3739],[140.2958,39.374],[140.2952,39.3745],[140.2949,39.3754],[140.296,39.3755],[140.2952,39.3761],[140.2951,39.3766],[140.296,39.3775],[140.2941,39.3774],[140.2936,39.3776],[140.2941,39.3785],[140.2945,39.3785],[140.2955,39.3782],[140.2959,39.3782],[140.2967,39.3788],[140.2974,39.3789],[140.2986,39.3785],[140.299,39.378],[140.2997,39.3779],[140.2999,39.3772],[140.2997,39.376],[140.2998,39.3753],[140.3002,39.3745],[140.3007,39.3743],[140.3007,39.3751],[140.3013,39.3752],[140.3007,39.3758],[140.3008,39.3766],[140.3014,39.3771],[140.3008,39.3782],[140.302,39.3782],[140.3033,39.3784],[140.3045,39.3793],[140.3051,39.3795],[140.306,39.3793],[140.306,39.3797],[140.3065,39.38],[140.3075,39.3801],[140.3086,39.3795],[140.3096,39.3797],[140.3103,39.3796],[140.3106,39.379],[140.3112,39.3792],[140.3119,39.3787],[140.3134,39.3794],[140.3145,39.3794],[140.3151,39.3796],[140.3152,39.3804],[140.3155,39.3807],[140.3163,39.3808],[140.3175,39.3814],[140.3184,39.3817],[140.3202,39.3826],[140.3198,39.3828],[140.3195,39.3834],[140.3196,39.3839],[140.3187,39.3845],[140.3186,39.3861],[140.3174,39.3863],[140.3172,39.3866],[140.3175,39.3871],[140.3173,39.3876],[140.3179,39.3883],[140.317,39.3887],[140.3166,39.389],[140.3158,39.3904],[140.3143,39.3905],[140.3131,39.3904],[140.3125,39.3907],[140.3119,39.3914],[140.3105,39.3911],[140.3102,39.3909],[140.3097,39.3915],[140.3086,39.3913],[140.3075,39.3905],[140.3073,39.3906],[140.3067,39.3916],[140.306,39.3915],[140.3051,39.3917],[140.3048,39.3916],[140.3047,39.3909],[140.3033,39.3905],[140.3028,39.3901],[140.3022,39.3902],[140.3012,39.3912],[140.3005,39.3915],[140.2997,39.3921],[140.2993,39.3931],[140.2983,39.3935],[140.2978,39.3936],[140.2967,39.3931],[140.296,39.3935],[140.2953,39.3934],[140.2948,39.3937],[140.2932,39.3938],[140.2924,39.3943],[140.2919,39.3949],[140.2905,39.3951],[140.2899,39.3946],[140.2893,39.3944],[140.289,39.394],[140.2882,39.3941],[140.2879,39.3943],[140.2873,39.3952],[140.286,39.3957],[140.2852,39.3968],[140.2853,39.3977],[140.2871,39.3986],[140.2873,39.399],[140.2882,39.3998],[140.2889,39.3998],[140.2911,39.3995],[140.2915,39.3992],[140.2926,39.3994],[140.2931,39.4004],[140.2934,39.4007],[140.2948,39.4008],[140.2956,39.4003],[140.2968,39.4004],[140.2973,39.4008],[140.2981,39.4011],[140.2983,39.4018],[140.2987,39.4022],[140.2991,39.4035],[140.2996,39.4034],[140.3002,39.4036],[140.3011,39.4033],[140.3015,39.4033],[140.3022,39.4038],[140.3031,39.4049],[140.3027,39.4056],[140.3038,39.4065],[140.3047,39.4069],[140.3045,39.4073],[140.304,39.4085],[140.304,39.4092],[140.3032,39.4104],[140.3046,39.4117],[140.3054,39.4121],[140.3051,39.4132],[140.3051,39.4141],[140.3054,39.4149],[140.3066,39.4155],[140.3064,39.4166],[140.3045,39.4173],[140.3037,39.4175],[140.3024,39.4184],[140.3021,39.4189],[140.3002,39.4195],[140.2989,39.4208],[140.2981,39.4208],[140.2965,39.4206],[140.2959,39.4209],[140.2941,39.4198],[140.2938,39.4198],[140.2929,39.4204],[140.2919,39.4209],[140.2914,39.4204],[140.2909,39.4204],[140.2905,39.4207],[140.2892,39.4208],[140.289,39.4213],[140.2878,39.4218],[140.2873,39.4218],[140.2863,39.4222],[140.2854,39.4237],[140.2847,39.424],[140.2841,39.4235],[140.2836,39.4232],[140.2819,39.4232],[140.2816,39.4233],[140.2813,39.4239],[140.2809,39.4241],[140.2799,39.4241],[140.2793,39.4244],[140.2785,39.4242],[140.2777,39.4247],[140.2776,39.4252],[140.2769,39.4257],[140.2768,39.4266],[140.277,39.4271],[140.2756,39.4282],[140.2752,39.4289],[140.2742,39.4296],[140.2725,39.4299],[140.272,39.4306],[140.2716,39.4315],[140.2709,39.432],[140.2705,39.4326],[140.2706,39.4331],[140.2702,39.434],[140.2696,39.4345],[140.2696,39.4355],[140.2713,39.4361],[140.2713,39.4372],[140.2718,39.438],[140.271,39.4384],[140.2701,39.4395],[140.2692,39.4399],[140.2685,39.4406],[140.2686,39.4411],[140.2704,39.4421],[140.2709,39.4429],[140.2709,39.4436],[140.2715,39.444],[140.2708,39.4447],[140.2706,39.446],[140.2703,39.4463],[140.2697,39.4465],[140.2697,39.4474],[140.2695,39.4483],[140.269,39.4492],[140.269,39.4496],[140.2674,39.451],[140.2674,39.4516],[140.2665,39.4521],[140.2649,39.4509],[140.2644,39.4506],[140.2639,39.4515],[140.2622,39.4518],[140.2619,39.4518],[140.2612,39.4509],[140.2601,39.4499],[140.26,39.4493],[140.2588,39.4489],[140.2576,39.4492],[140.257,39.449],[140.256,39.4497],[140.2552,39.4498],[140.2544,39.4506],[140.2533,39.4509],[140.2523,39.4519],[140.2521,39.4523],[140.2512,39.4522],[140.2499,39.4537],[140.2498,39.4542],[140.2479,39.4543],[140.2473,39.4541],[140.2466,39.4544],[140.2463,39.4548],[140.2451,39.4554],[140.2447,39.4553],[140.2438,39.4544],[140.2432,39.4545],[140.2426,39.4548],[140.2415,39.4546],[140.2405,39.4547],[140.2391,39.4555],[140.2374,39.4571],[140.2362,39.4576],[140.2361,39.4582],[140.2355,39.4585],[140.2349,39.4592],[140.2348,39.4598],[140.2344,39.46],[140.2345,39.4605],[140.2359,39.4612],[140.2364,39.4627],[140.2375,39.4632],[140.2387,39.4643],[140.2386,39.4649],[140.2393,39.4657],[140.2392,39.4669],[140.2389,39.4673],[140.2379,39.4674],[140.237,39.4681],[140.2358,39.4688],[140.234,39.4691],[140.2324,39.47],[140.2323,39.4703],[140.2324,39.4712],[140.2316,39.472],[140.2311,39.4721],[140.2307,39.4716],[140.2298,39.471],[140.2292,39.471],[140.2285,39.4705],[140.2286,39.4699],[140.2281,39.4693],[140.228,39.4688],[140.227,39.4688],[140.2262,39.4687],[140.2258,39.4684],[140.2253,39.4675],[140.2237,39.4672],[140.223,39.4675],[140.2228,39.4682],[140.2225,39.4687],[140.2224,39.4695],[140.2229,39.4702],[140.2233,39.4712],[140.2228,39.4723],[140.2217,39.4724],[140.2223,39.4733],[140.2223,39.4738],[140.2229,39.4743],[140.2227,39.475],[140.2215,39.4755],[140.2214,39.4765],[140.2215,39.477],[140.2223,39.4781],[140.2234,39.4782],[140.2239,39.4788],[140.2238,39.48],[140.2239,39.4807],[140.2232,39.4811],[140.2226,39.481],[140.2208,39.4816],[140.2208,39.4818],[140.2225,39.4833],[140.2228,39.4837],[140.2228,39.4843],[140.2231,39.4854],[140.2228,39.4865],[140.2223,39.4873],[140.2237,39.4878],[140.2241,39.4883],[140.2256,39.489],[140.2262,39.4901],[140.2278,39.4906],[140.2289,39.4906],[140.2293,39.49],[140.229,39.4892],[140.2296,39.4891],[140.2319,39.4896],[140.2326,39.4895],[140.2328,39.4891],[140.2336,39.4891],[140.2347,39.4896],[140.2354,39.4902],[140.2356,39.4909],[140.2357,39.4923],[140.2345,39.4926],[140.2337,39.4924],[140.2326,39.4925],[140.2316,39.4919],[140.2302,39.4919],[140.2299,39.4924],[140.2295,39.4925],[140.2291,39.4935],[140.2282,39.4942],[140.2266,39.4937],[140.2259,39.4931],[140.2251,39.493],[140.2244,39.4925],[140.2233,39.4925],[140.2225,39.4927],[140.222,39.4926],[140.2214,39.4922],[140.2198,39.4923],[140.2198,39.4938],[140.2192,39.4946],[140.2184,39.4949],[140.2177,39.4956],[140.2176,39.496],[140.217,39.4965],[140.2167,39.4972],[140.2157,39.498],[140.2152,39.4978],[140.2149,39.4973],[140.2134,39.4966],[140.213,39.4967],[140.2123,39.496],[140.2114,39.4957],[140.2089,39.4965],[140.2081,39.4963],[140.2078,39.496],[140.207,39.4962],[140.2065,39.497],[140.2045,39.4972],[140.2039,39.4969],[140.2019,39.4966],[140.2009,39.4969],[140.2001,39.4975],[140.1982,39.4974],[140.1975,39.4977],[140.1965,39.4987],[140.1963,39.4992],[140.1963,39.5],[140.1959,39.5004],[140.196,39.501],[140.1952,39.5016],[140.1942,39.5016],[140.1919,39.5006],[140.1907,39.501],[140.1894,39.5012],[140.1889,39.5014],[140.1887,39.502],[140.1875,39.5027],[140.187,39.5032],[140.1862,39.5031],[140.1854,39.5037],[140.1846,39.5038],[140.1837,39.5037],[140.1832,39.5035],[140.1818,39.5035],[140.181,39.5037],[140.1803,39.5043],[140.1801,39.505],[140.1797,39.506],[140.1797,39.5067],[140.1806,39.5087],[140.1806,39.509],[140.1802,39.5102],[140.1798,39.5109],[140.1781,39.5124],[140.1785,39.5133],[140.1792,39.5143],[140.1802,39.5149],[140.181,39.5157],[140.1805,39.5169],[140.1799,39.5174],[140.1791,39.519],[140.1795,39.5197],[140.1795,39.5202],[140.1811,39.521],[140.1826,39.5208],[140.184,39.5214],[140.1843,39.5218],[140.1842,39.5229],[140.1847,39.5236],[140.1849,39.5245],[140.1845,39.5257],[140.1848,39.5266],[140.1849,39.5275],[140.1852,39.5284],[140.1848,39.5301],[140.1849,39.5303],[140.1859,39.5306],[140.1864,39.5308],[140.1871,39.5318],[140.1879,39.5325],[140.1886,39.5341],[140.1877,39.5362],[140.187,39.5367],[140.1857,39.5371],[140.1859,39.5374],[140.1859,39.5384],[140.1853,39.539],[140.1842,39.5387],[140.1832,39.5389],[140.182,39.5389],[140.1816,39.5382],[140.1802,39.5372],[140.1797,39.5364],[140.1789,39.5361],[140.1774,39.5361],[140.176,39.5359],[140.1751,39.5356],[140.1745,39.5356],[140.1723,39.5348],[140.1712,39.5348],[140.1708,39.534],[140.1699,39.5337],[140.1697,39.5331],[140.1689,39.5327],[140.1683,39.5326],[140.1667,39.5333],[140.1656,39.5334],[140.1647,39.5352],[140.1634,39.5351],[140.1626,39.5352],[140.1616,39.5349],[140.1609,39.5349],[140.1606,39.5354],[140.1599,39.5361],[140.1588,39.5366],[140.1583,39.537],[140.1561,39.5378],[140.156,39.5379],[140.1575,39.5386],[140.1596,39.5399],[140.16,39.5401],[140.1612,39.5403],[140.1618,39.5405],[140.1642,39.5417],[140.1649,39.5426],[140.165,39.5433],[140.1649,39.5446],[140.1651,39.5452],[140.1662,39.5467],[140.1674,39.548],[140.1671,39.5484],[140.1661,39.549],[140.1645,39.5494],[140.1627,39.5502],[140.1621,39.5506],[140.161,39.5518],[140.1607,39.5524],[140.1609,39.5532],[140.1602,39.5539],[140.1601,39.5544],[140.1604,39.5549],[140.1604,39.5557],[140.1598,39.5575],[140.1595,39.5579],[140.1595,39.5586],[140.1601,39.5591],[140.16,39.5595],[140.1589,39.5602],[140.1585,39.5609],[140.1579,39.5615],[140.1572,39.5619],[140.1552,39.5624],[140.154,39.5629],[140.1531,39.5638],[140.153,39.5651],[140.1536,39.5657],[140.1528,39.5668],[140.1526,39.5674],[140.152,39.5682],[140.1512,39.5687],[140.1511,39.5692],[140.1486,39.5704],[140.1479,39.5703],[140.1469,39.5698],[140.145,39.5699],[140.1436,39.5697],[140.1416,39.5693],[140.1413,39.569],[140.1398,39.5686],[140.1381,39.5686],[140.1375,39.569],[140.1372,39.5694],[140.1364,39.5695],[140.1355,39.5689],[140.1348,39.5688],[140.1335,39.5691],[140.1323,39.5692],[140.1317,39.5698],[140.1309,39.5699],[140.1285,39.5695],[140.1269,39.5699],[140.1255,39.5699],[140.1241,39.5703],[140.1233,39.5701],[140.1226,39.5703],[140.1216,39.571],[140.121,39.5711],[140.1212,39.5716],[140.122,39.5723],[140.1219,39.5725],[140.1194,39.5733],[140.1193,39.5735],[140.1203,39.574],[140.1221,39.5744],[140.1224,39.5754],[140.122,39.5761],[140.1203,39.5759],[140.1195,39.5763],[140.1189,39.5761],[140.1176,39.5764],[140.117,39.5767],[140.1157,39.5767],[140.1151,39.5771],[140.1128,39.5773],[140.1124,39.5781],[140.1114,39.5787],[140.1109,39.5797],[140.1106,39.5801],[140.1096,39.5806],[140.1084,39.5808],[140.1081,39.5812],[140.1079,39.582],[140.1082,39.5826],[140.1087,39.5828],[140.1086,39.5832],[140.1091,39.5844],[140.1081,39.5847],[140.1073,39.5844],[140.1062,39.5846],[140.106,39.5849],[140.1049,39.5849],[140.1039,39.5853],[140.1015,39.5851],[140.1003,39.5858],[140.0992,39.586],[140.0988,39.5856],[140.0989,39.5849],[140.0984,39.5838],[140.0979,39.5836],[140.0963,39.5839],[140.093,39.5824],[140.0922,39.5827],[140.0918,39.5826],[140.0898,39.5832],[140.0896,39.5826],[140.0891,39.5821],[140.0882,39.5821],[140.0876,39.5808],[140.0867,39.58],[140.086,39.5797],[140.0858,39.5804],[140.085,39.5807],[140.0842,39.5814],[140.0834,39.5817],[140.0833,39.5824],[140.0824,39.5833],[140.0822,39.5839],[140.0803,39.5837],[140.0789,39.5827],[140.0772,39.5834],[140.0767,39.5835],[140.0761,39.5839],[140.0735,39.5848],[140.0736,39.585],[140.0747,39.5857],[140.0756,39.586],[140.0765,39.5866],[140.0772,39.5875],[140.0777,39.588],[140.0772,39.5888],[140.076,39.5894],[140.0758,39.5904],[140.076,39.5915],[140.077,39.5922],[140.0766,39.5933],[140.0757,39.5948],[140.0743,39.5951],[140.0738,39.5954],[140.0723,39.597],[140.0709,39.5971],[140.0704,39.5973],[140.0689,39.5983],[140.0681,39.5983],[140.0663,39.5971],[140.0655,39.5971],[140.0647,39.5974],[140.063,39.5976],[140.0597,39.5978],[140.0596,39.5969],[140.0597,39.5958],[140.0593,39.5947],[140.0592,39.5937],[140.059,39.5926],[140.0589,39.5916],[140.0589,39.5902],[140.0587,39.5897],[140.0588,39.5885],[140.0584,39.5874],[140.058,39.5838],[140.0577,39.5831],[140.0578,39.5818],[140.0572,39.5796],[140.0573,39.5788],[140.0572,39.5763],[140.0573,39.5758],[140.057,39.5753],[140.0568,39.5738],[140.0564,39.5694],[140.0564,39.5688],[140.0561,39.5679],[140.0561,39.5662],[140.0556,39.5638],[140.0554,39.5636],[140.055,39.5625],[140.0551,39.5618],[140.0547,39.561],[140.0535,39.5593],[140.0537,39.5585],[140.0535,39.5579],[140.0535,39.5568],[140.0531,39.5562],[140.0536,39.5558],[140.0535,39.5552],[140.0539,39.5537],[140.0537,39.553],[140.053,39.5521],[140.0531,39.5514],[140.0526,39.5506],[140.0528,39.5498],[140.0524,39.5492],[140.0525,39.5488],[140.0519,39.5478],[140.0524,39.5474],[140.0521,39.5469],[140.0515,39.5466],[140.0519,39.546],[140.052,39.5456],[140.0513,39.5451],[140.0516,39.5442],[140.0514,39.5437],[140.0504,39.5424],[140.0498,39.5419],[140.0502,39.541],[140.0509,39.5401],[140.0512,39.5396],[140.0514,39.5377],[140.051,39.5351],[140.0508,39.5339],[140.0508,39.5324],[140.0506,39.5319],[140.0507,39.531],[140.0505,39.5309],[140.0501,39.5291],[140.0498,39.5272],[140.0494,39.5262],[140.0493,39.5248],[140.0492,39.5238],[140.0487,39.5221],[140.0482,39.5187],[140.0479,39.518],[140.0479,39.5173],[140.0476,39.5164],[140.0475,39.5148],[140.0471,39.5139],[140.047,39.5121],[140.0464,39.5088],[140.0459,39.5073],[140.0455,39.5069],[140.0451,39.5052],[140.0454,39.5045],[140.045,39.5033],[140.0449,39.5013],[140.0453,39.5011],[140.0451,39.5001],[140.045,39.4987],[140.044,39.4976],[140.0438,39.4966],[140.0433,39.4963],[140.0434,39.4959],[140.043,39.495],[140.043,39.494],[140.0426,39.4936],[140.0428,39.4925],[140.042,39.492],[140.0424,39.4917],[140.0424,39.4905],[140.0426,39.4897],[140.0422,39.4879],[140.0418,39.4872],[140.0414,39.4843],[140.0407,39.4813],[140.04,39.4788],[140.04,39.4774],[140.0394,39.4757],[140.0386,39.472],[140.0382,39.4705],[140.0381,39.4692],[140.038,39.4687],[140.0374,39.4678],[140.0363,39.4676],[140.0367,39.4669],[140.0366,39.4665],[140.0361,39.466],[140.0366,39.4655],[140.0365,39.4652],[140.0358,39.4648],[140.0364,39.4642],[140.0363,39.4634],[140.0359,39.4626],[140.0351,39.4624],[140.0356,39.4617],[140.0356,39.4613],[140.035,39.4607],[140.0354,39.4602],[140.0352,39.4594],[140.0352,39.4584],[140.0345,39.4575],[140.0345,39.4564],[140.0339,39.4533],[140.0336,39.4513],[140.0328,39.4493],[140.0328,39.4486],[140.0324,39.4469],[140.0321,39.4463],[140.0319,39.4447],[140.0318,39.444],[140.0312,39.4434],[140.0307,39.4433],[140.0309,39.4427],[140.0305,39.4416],[140.0312,39.4411],[140.031,39.4402],[140.0307,39.4399],[140.03,39.4371],[140.0293,39.4344],[140.0284,39.4313],[140.0277,39.4289],[140.0276,39.4281],[140.0269,39.4258],[140.0265,39.4241],[140.0266,39.4232],[140.026,39.4221],[140.0252,39.4192],[140.0248,39.4181],[140.0249,39.4176],[140.0244,39.4153],[140.0236,39.4131],[140.0223,39.4084],[140.0218,39.4068],[140.0215,39.4056],[140.0209,39.4044],[140.0208,39.4037],[140.0201,39.4026],[140.0195,39.402],[140.0184,39.4013],[140.0181,39.3996],[140.0178,39.399],[140.0167,39.3977],[140.0165,39.3965],[140.0158,39.3958],[140.0145,39.395],[140.0115,39.3956],[140.011,39.3956],[140.0106,39.3952],[140.0104,39.3943],[140.0122,39.3939],[140.0126,39.394],[140.0129,39.395],[140.0142,39.3948],[140.016,39.3944],[140.0151,39.3917],[140.0141,39.3919],[140.0139,39.3915],[140.014,39.3897],[140.0147,39.3881],[140.0148,39.3874],[140.0147,39.3859],[140.0144,39.3855],[140.0138,39.3835],[140.0137,39.3825],[140.0131,39.3811],[140.0127,39.3808],[140.0117,39.3804],[140.0114,39.38],[140.0113,39.3791],[140.0108,39.3783],[140.0113,39.3768],[140.0112,39.3754],[140.0107,39.3748],[140.0105,39.3735],[140.0096,39.3714],[140.0093,39.3711],[140.0085,39.3687],[140.0078,39.3674],[140.0071,39.3654],[140.0065,39.3647],[140.0059,39.3642],[140.0059,39.3634],[140.0054,39.363],[140.0053,39.362],[140.0049,39.3616],[140.005,39.361],[140.0049,39.3606],[140.005,39.36],[140.0041,39.3587],[140.0042,39.3583],[140.0037,39.3579],[140.0036,39.357],[140.0032,39.3561],[140.002,39.355],[140.0019,39.354],[140.0014,39.3534],[140.0015,39.3526],[140.0008,39.3505],[140.0005,39.3497],[139.9993,39.3477],[139.9985,39.3471],[139.9982,39.3464],[139.9982,39.345],[139.9968,39.3422],[139.9958,39.3414],[139.9949,39.3408],[139.9945,39.3403],[139.9944,39.3396],[139.9949,39.3393],[139.9944,39.3388],[139.9938,39.3379],[139.9935,39.338],[139.9929,39.337],[139.9929,39.3365],[139.9923,39.3359],[139.9923,39.3355],[139.9918,39.335],[139.9917,39.3343],[139.9912,39.3339],[139.991,39.3328],[139.9905,39.3324],[139.9902,39.3316],[139.9893,39.3309],[139.9892,39.3301],[139.9884,39.3297],[139.9888,39.3286],[139.9887,39.328],[139.9881,39.3268],[139.9876,39.3261],[139.9869,39.3244],[139.9862,39.3234],[139.9858,39.322],[139.9852,39.3211],[139.985,39.3206],[139.9845,39.3201],[139.9843,39.3196],[139.9831,39.3178],[139.983,39.3172],[139.9824,39.3162],[139.9818,39.3157],[139.9813,39.3145],[139.9801,39.3131]],[[140.0466,39.5409],[140.0476,39.5409],[140.0478,39.5425],[140.0485,39.5424],[140.0483,39.5417],[140.0479,39.5418],[140.0477,39.5408],[140.0466,39.5409]]]},"properties":{"N03_001":"秋田県","N03_002":"","N03_003":"","N03_004":"由利本荘市","N03_007":"05210"}},
{"type":"Feature","geometry":{"type":"Polygon","coordinates":[[[139.9763,39.9278],[139.976,39.9276],[139.9757,39.9275],[139.975,39.9271],[139.9714,39.9253],[139.9709,39.9251],[139.9708,39.925],[139.9706,39.9249],[139.9689,39.9241],[139.9686,39.9239],[139.9678,39.9235],[139.9667,39.9229],[139.9631,39.9211],[139.963,39.9167],[139.9629,39.9091],[139.9625,39.9083],[139.9608,39.905],[139.9606,39.9049],[139.9606,39.9048],[139.9597,39.9039],[139.9583,39.9025],[139.9582,39.9024],[139.9574,39.9016],[139.957,39.9012],[139.956,39.9002],[139.9559,39.9],[139.9553,39.8994],[139.954,39.8982],[139.9537,39.8979],[139.9537,39.8977],[139.9538,39.8977],[139.9551,39.8964],[139.9553,39.8962],[139.9557,39.8958],[139.9575,39.8938],[139.9582,39.8931],[139.9582,39.893],[139.9583,39.8929],[139.9584,39.8929],[139.959,39.8924],[139.9592,39.8923],[139.9593,39.8922],[139.9598,39.8919],[139.9598,39.8918],[139.9598,39.8917],[139.9598,39.8916],[139.9602,39.8914],[139.9605,39.8913],[139.9608,39.891],[139.9628,39.8895],[139.963,39.8894],[139.9632,39.8892],[139.9653,39.8873],[139.9661,39.8866],[139.9662,39.8865],[139.9665,39.8857],[139.9667,39.8856],[139.967,39.8856],[139.9679,39.8856],[139.968,39.8855],[139.9681,39.8854],[139.9678,39.8853],[139.9674,39.8852],[139.967,39.885],[139.9669,39.8849],[139.9671,39.8847],[139.9677,39.8847],[139.968,39.8846],[139.9685,39.8847],[139.9693,39.8851],[139.9698,39.8852],[139.9717,39.885],[139.9719,39.885],[139.9724,39.8847],[139.9727,39.8845],[139.973,39.8843],[139.9731,39.8841],[139.9735,39.8835],[139.9736,39.8833],[139.9735,39.8832],[139.9734,39.8826],[139.9729,39.8825],[139.9721,39.8823],[139.9719,39.8822],[139.9718,39.8821],[139.9713,39.8816],[139.9711,39.8815],[139.9703,39.8812],[139.9701,39.8811],[139.9695,39.8807],[139.9691,39.8804],[139.9684,39.8804],[139.9682,39.8802],[139.9679,39.88],[139.9688,39.8789],[139.9696,39.8786],[139.9715,39.8774],[139.973,39.8762],[139.977,39.8733],[139.9785,39.8722],[139.9795,39.8715],[139.9802,39.8709],[139.9818,39.8697],[139.9832,39.8686],[139.984,39.8681],[139.9852,39.867],[139.9874,39.8652],[139.9898,39.8631],[139.9907,39.8624],[139.9921,39.8611],[139.9932,39.8602],[139.9969,39.8566],[139.9984,39.855],[139.9995,39.854],[140.0003,39.8532],[140.002,39.8516],[140.0031,39.8503],[140.0042,39.8493],[140.0071,39.8459],[140.0089,39.8438],[140.0096,39.8426],[140.0123,39.8395],[140.0129,39.8386],[140.0141,39.8373],[140.0148,39.8366],[140.0159,39.835],[140.017,39.8337],[140.0174,39.8331],[140.0193,39.8306],[140.0216,39.8271],[140.0229,39.825],[140.0245,39.8225],[140.0273,39.8178],[140.0286,39.8155],[140.0289,39.8155],[140.0301,39.8131],[140.032,39.8095],[140.0322,39.8091],[140.033,39.8072],[140.0334,39.806],[140.034,39.8045],[140.0433,39.8054],[140.0486,39.8058],[140.05,39.8062],[140.052,39.8066],[140.0557,39.807],[140.056,39.8074],[140.0558,39.8078],[140.0557,39.8091],[140.0556,39.8126],[140.0553,39.8157],[140.0555,39.8168],[140.0548,39.8191],[140.0554,39.8191],[140.0551,39.82],[140.0552,39.8221],[140.0555,39.8235],[140.0554,39.8249],[140.0548,39.8271],[140.0549,39.8288],[140.0542,39.831],[140.0526,39.835],[140.0517,39.8379],[140.0511,39.8379],[140.0507,39.8395],[140.0502,39.8401],[140.0496,39.8414],[140.0502,39.842],[140.0496,39.8429],[140.0497,39.8433],[140.0487,39.8446],[140.0488,39.8452],[140.0493,39.8457],[140.0493,39.8464],[140.0498,39.8468],[140.0494,39.8475],[140.0487,39.8475],[140.0486,39.8479],[140.0489,39.8483],[140.0487,39.8489],[140.0492,39.8491],[140.0518,39.8498],[140.0529,39.85],[140.0538,39.8504],[140.0551,39.8514],[140.0554,39.8512],[140.0563,39.8516],[140.0595,39.8473],[140.0598,39.8471],[140.0608,39.848],[140.0619,39.8488],[140.0633,39.8492],[140.065,39.85],[140.0662,39.8504],[140.066,39.8515],[140.0665,39.8534],[140.0665,39.8545],[140.0663,39.8557],[140.0658,39.8571],[140.0651,39.8576],[140.0648,39.858],[140.0645,39.8589],[140.0661,39.8591],[140.0662,39.8595],[140.0679,39.8595],[140.0682,39.859],[140.0688,39.8589],[140.0687,39.8584],[140.0693,39.8581],[140.0703,39.8584],[140.0709,39.8577],[140.0725,39.8575],[140.0732,39.8571],[140.0737,39.856],[140.0747,39.8557],[140.0751,39.8554],[140.0769,39.855],[140.077,39.8544],[140.0776,39.8539],[140.078,39.8529],[140.0779,39.8524],[140.077,39.8526],[140.0765,39.8516],[140.0765,39.851],[140.0761,39.8505],[140.0769,39.8499],[140.0775,39.8498],[140.077,39.8488],[140.0772,39.8479],[140.0779,39.8473],[140.0783,39.8472],[140.0791,39.8475],[140.0798,39.8479],[140.08,39.8479],[140.0803,39.847],[140.0808,39.8465],[140.0809,39.8446],[140.0811,39.8439],[140.0814,39.8437],[140.0826,39.8441],[140.0834,39.8452],[140.0845,39.8453],[140.085,39.8452],[140.0861,39.8455],[140.087,39.845],[140.088,39.8448],[140.0882,39.844],[140.0896,39.8441],[140.0896,39.8435],[140.09,39.843],[140.0906,39.8426],[140.0905,39.8422],[140.0909,39.8417],[140.0907,39.8408],[140.09,39.8402],[140.0903,39.8393],[140.0909,39.8388],[140.0908,39.8383],[140.0912,39.8376],[140.0918,39.8371],[140.0924,39.837],[140.0928,39.8365],[140.0929,39.8361],[140.0935,39.8353],[140.0951,39.8352],[140.0964,39.8359],[140.0962,39.8366],[140.0963,39.8378],[140.097,39.8385],[140.0975,39.8387],[140.0978,39.8392],[140.0975,39.8397],[140.0983,39.84],[140.0987,39.8411],[140.1001,39.841],[140.1004,39.8413],[140.1017,39.8418],[140.1026,39.8414],[140.1035,39.8419],[140.1046,39.8417],[140.1051,39.8414],[140.1061,39.842],[140.1074,39.8414],[140.108,39.8423],[140.1077,39.8435],[140.1078,39.8439],[140.1093,39.8441],[140.1098,39.8438],[140.1113,39.8441],[140.1113,39.8448],[140.1121,39.8455],[140.1125,39.8454],[140.1133,39.8459],[140.1138,39.846],[140.1142,39.8465],[140.1146,39.8473],[140.1144,39.8475],[140.1144,39.8483],[140.1158,39.8491],[140.1166,39.8494],[140.117,39.8502],[140.1175,39.8507],[140.1181,39.8505],[140.1185,39.8507],[140.1195,39.8506],[140.1199,39.8508],[140.1203,39.8517],[140.1209,39.852],[140.1214,39.8518],[140.1227,39.8522],[140.1236,39.8519],[140.124,39.8516],[140.1243,39.8502],[140.1242,39.8496],[140.1246,39.8491],[140.1257,39.8487],[140.126,39.8483],[140.1269,39.8481],[140.1279,39.847],[140.1294,39.8462],[140.1305,39.8461],[140.1313,39.8455],[140.1319,39.8455],[140.1329,39.8449],[140.1337,39.8451],[140.1346,39.8456],[140.1375,39.8451],[140.138,39.8451],[140.139,39.8448],[140.1393,39.8454],[140.1405,39.8465],[140.1417,39.8465],[140.1431,39.846],[140.1437,39.8452],[140.1444,39.8449],[140.1457,39.8459],[140.1466,39.8458],[140.1472,39.8447],[140.1476,39.8446],[140.148,39.845],[140.149,39.8452],[140.1489,39.8457],[140.1494,39.846],[140.1502,39.8462],[140.1513,39.8461],[140.1517,39.8464],[140.1525,39.8464],[140.154,39.8476],[140.1539,39.8479],[140.1544,39.8488],[140.1553,39.8496],[140.1565,39.8493],[140.1575,39.8493],[140.1582,39.8489],[140.1589,39.849],[140.1605,39.848],[140.1609,39.8468],[140.1617,39.8467],[140.1622,39.8469],[140.1632,39.8469],[140.164,39.8474],[140.1652,39.8474],[140.1662,39.8464],[140.1663,39.8456],[140.1666,39.8447],[140.1671,39.8442],[140.1684,39.844],[140.1695,39.8443],[140.1704,39.8449],[140.171,39.845],[140.1717,39.8448],[140.1724,39.845],[140.1739,39.845],[140.1752,39.8448],[140.1767,39.8456],[140.1772,39.8463],[140.1776,39.8465],[140.1791,39.8466],[140.1799,39.8464],[140.1807,39.8466],[140.1819,39.8471],[140.1831,39.8477],[140.1846,39.8478],[140.1863,39.8483],[140.1874,39.848],[140.1889,39.848],[140.1908,39.8477],[140.1926,39.8475],[140.1931,39.8477],[140.1932,39.8483],[140.193,39.8489],[140.1933,39.8495],[140.1937,39.8507],[140.1931,39.8516],[140.1941,39.8523],[140.1949,39.8526],[140.1971,39.8537],[140.198,39.8539],[140.1984,39.8548],[140.199,39.8556],[140.1989,39.8571],[140.1982,39.8591],[140.1978,39.8598],[140.1971,39.8593],[140.1962,39.8589],[140.1937,39.8579],[140.1925,39.8572],[140.1918,39.8571],[140.1905,39.8566],[140.1889,39.8563],[140.1871,39.8558],[140.1863,39.8549],[140.186,39.8544],[140.185,39.8541],[140.1842,39.8541],[140.1826,39.8546],[140.1815,39.8544],[140.1809,39.8545],[140.1803,39.8544],[140.1794,39.8546],[140.178,39.8544],[140.1773,39.8546],[140.1762,39.8546],[140.1753,39.8547],[140.175,39.8546],[140.1736,39.8546],[140.1722,39.8549],[140.1704,39.8549],[140.1696,39.8551],[140.1689,39.8559],[140.1687,39.8564],[140.1676,39.8571],[140.1668,39.8574],[140.1669,39.858],[140.1668,39.8586],[140.1658,39.8582],[140.1649,39.858],[140.1641,39.858],[140.1635,39.8578],[140.1631,39.858],[140.1628,39.8587],[140.1621,39.8593],[140.1616,39.8594],[140.1612,39.8601],[140.1613,39.8605],[140.1606,39.8609],[140.1601,39.861],[140.1599,39.8617],[140.1586,39.8619],[140.1581,39.8622],[140.1578,39.8631],[140.1569,39.8635],[140.1572,39.8642],[140.1568,39.865],[140.1559,39.8649],[140.1557,39.865],[140.1553,39.8664],[140.1545,39.8664],[140.1541,39.8672],[140.1538,39.8673],[140.1534,39.8666],[140.1528,39.8663],[140.1526,39.8659],[140.1517,39.8659],[140.1513,39.8652],[140.1509,39.8647],[140.1501,39.8645],[140.1498,39.8642],[140.1492,39.8641],[140.1484,39.8645],[140.1479,39.8653],[140.1476,39.8662],[140.147,39.8664],[140.1462,39.866],[140.1456,39.8662],[140.1454,39.8667],[140.1456,39.8679],[140.1453,39.8681],[140.1442,39.8679],[140.1429,39.8686],[140.1423,39.8685],[140.1423,39.8681],[140.1415,39.8679],[140.1403,39.8681],[140.1394,39.8677],[140.1394,39.8672],[140.1389,39.8668],[140.1376,39.8668],[140.1356,39.8665],[140.1349,39.8659],[140.1345,39.8658],[140.133,39.8658],[140.1323,39.8664],[140.1313,39.8667],[140.1304,39.8668],[140.13,39.8679],[140.13,39.8684],[140.1293,39.8692],[140.1294,39.8697],[140.1292,39.8707],[140.1299,39.8714],[140.1293,39.8718],[140.1291,39.8723],[140.1283,39.8727],[140.1279,39.8734],[140.1271,39.8734],[140.1266,39.8731],[140.1253,39.8732],[140.124,39.8737],[140.1229,39.8739],[140.1225,39.8736],[140.1214,39.8734],[140.121,39.874],[140.1212,39.8746],[140.1209,39.875],[140.1203,39.8753],[140.119,39.8755],[140.1184,39.8755],[140.1171,39.8759],[140.1164,39.8763],[140.1156,39.8765],[140.1159,39.877],[140.1157,39.8776],[140.1158,39.878],[140.115,39.879],[140.1149,39.8796],[140.1146,39.8799],[140.1135,39.8801],[140.1133,39.8806],[140.1136,39.8813],[140.1137,39.882],[140.1142,39.8824],[140.1133,39.8834],[140.1123,39.8836],[140.1119,39.884],[140.1113,39.8843],[140.1105,39.8851],[140.1093,39.8853],[140.1087,39.8853],[140.1073,39.8857],[140.1064,39.8857],[140.1062,39.8865],[140.1056,39.8875],[140.1046,39.8886],[140.1045,39.8895],[140.1034,39.8904],[140.1022,39.8904],[140.1018,39.8906],[140.1015,39.8912],[140.102,39.892],[140.1008,39.8929],[140.0986,39.8935],[140.0993,39.8944],[140.1,39.8946],[140.1001,39.8952],[140.0988,39.8959],[140.0985,39.8965],[140.0978,39.8971],[140.0971,39.8972],[140.0966,39.8981],[140.0966,39.8986],[140.0956,39.8994],[140.0944,39.9007],[140.0934,39.9013],[140.0923,39.9019],[140.0919,39.9034],[140.0921,39.9043],[140.0903,39.9046],[140.09,39.9048],[140.0874,39.9054],[140.0868,39.9053],[140.0855,39.9049],[140.0844,39.9053],[140.0828,39.9048],[140.0818,39.9045],[140.0793,39.9043],[140.0791,39.9052],[140.0775,39.9053],[140.075,39.905],[140.0748,39.9042],[140.0739,39.9042],[140.074,39.9053],[140.0698,39.9054],[140.0698,39.9044],[140.0672,39.9046],[140.0641,39.9045],[140.0625,39.9046],[140.0592,39.9048],[140.0582,39.9046],[140.0542,39.905],[140.0335,39.9056],[140.0164,39.9194],[140.016,39.9198],[140.0155,39.9198],[140.0115,39.9203],[140.0056,39.9215],[139.9966,39.9234],[139.9763,39.9278]]]},"properties":{"N03_001":"秋田県","N03_002":"","N03_003":"","N03_004":"潟上市","N03_007":"05211"}},
{"type":"Feature","geometry":{"type":"Polygon","coordinates":[[[140.3202,39.3826],[140.3208,39.3825],[140.3231,39.3821],[140.323,39.3813],[140.3231,39.381],[140.3243,39.3803],[140.3244,39.3789],[140.324,39.3784],[140.3247,39.3777],[140.3256,39.3778],[140.3267,39.3775],[140.3265,39.3767],[140.327,39.3763],[140.3277,39.3755],[140.3289,39.3756],[140.3299,39.3759],[140.332,39.3756],[140.334,39.3759],[140.335,39.3764],[140.3364,39.3766],[140.3374,39.3772],[140.3379,39.3776],[140.3385,39.3776],[140.3392,39.3778],[140.34,39.3778],[140.3409,39.3787],[140.3413,39.3788],[140.3416,39.3793],[140.3423,39.3798],[140.3432,39.3808],[140.3435,39.3813],[140.3434,39.3827],[140.3437,39.3836],[140.3437,39.3844],[140.3434,39.385],[140.3442,39.3861],[140.3449,39.3867],[140.3448,39.388],[140.3452,39.3891],[140.3457,39.39],[140.3466,39.3908],[140.3474,39.3909],[140.3486,39.3916],[140.3506,39.3921],[140.3514,39.3922],[140.3535,39.3933],[140.3546,39.3937],[140.3555,39.3949],[140.3566,39.3956],[140.3573,39.3957],[140.3581,39.3955],[140.3584,39.3951],[140.3592,39.3948],[140.3606,39.3948],[140.3629,39.3959],[140.3638,39.3962],[140.3648,39.3951],[140.3652,39.3945],[140.3652,39.3937],[140.365,39.3925],[140.365,39.3916],[140.3648,39.391],[140.3651,39.3902],[140.3657,39.3897],[140.3664,39.388],[140.3674,39.3867],[140.3692,39.3856],[140.3696,39.3855],[140.3719,39.3856],[140.3728,39.3859],[140.3742,39.3858],[140.3751,39.3861],[140.3766,39.3858],[140.3779,39.3859],[140.3786,39.3862],[140.3797,39.3855],[140.3812,39.3853],[140.3819,39.3854],[140.3831,39.386],[140.3841,39.3849],[140.3851,39.385],[140.3866,39.3846],[140.3875,39.3843],[140.3884,39.3843],[140.3885,39.3849],[140.3889,39.3855],[140.3896,39.3863],[140.3891,39.387],[140.3889,39.3878],[140.3881,39.3883],[140.3883,39.3893],[140.3874,39.39],[140.387,39.3905],[140.3869,39.3913],[140.3864,39.3918],[140.3855,39.3924],[140.3851,39.3924],[140.3838,39.3931],[140.3828,39.3946],[140.3833,39.3951],[140.3844,39.3971],[140.3848,39.3981],[140.3852,39.3987],[140.3853,39.3993],[140.3858,39.3991],[140.3862,39.3987],[140.3871,39.3984],[140.3884,39.3985],[140.3901,39.3986],[140.3911,39.3985],[140.3921,39.398],[140.3931,39.3979],[140.394,39.3979],[140.395,39.3973],[140.396,39.397],[140.3973,39.3969],[140.3993,39.3966],[140.3999,39.3971],[140.4007,39.397],[140.4013,39.3963],[140.4021,39.3964],[140.4028,39.3969],[140.4039,39.3969],[140.4044,39.3972],[140.4054,39.3969],[140.4065,39.3968],[140.4076,39.3969],[140.408,39.3976],[140.4091,39.3977],[140.4095,39.398],[140.4097,39.3987],[140.4105,39.3982],[140.4108,39.3977],[140.4114,39.3976],[140.4132,39.3984],[140.4134,39.3998],[140.414,39.3999],[140.4152,39.3992],[140.4159,39.3989],[140.418,39.3993],[140.4183,39.3999],[140.4188,39.4005],[140.4193,39.4006],[140.4198,39.4001],[140.4211,39.4],[140.4219,39.3998],[140.423,39.4],[140.4238,39.4],[140.4239,39.4007],[140.4245,39.402],[140.426,39.402],[140.4264,39.4023],[140.4266,39.403],[140.4271,39.4032],[140.4281,39.4029],[140.4288,39.4031],[140.4289,39.4038],[140.4293,39.4041],[140.4297,39.4051],[140.4298,39.4063],[140.4302,39.4067],[140.4314,39.4069],[140.433,39.4068],[140.4338,39.4072],[140.4349,39.4073],[140.4362,39.4081],[140.4368,39.4078],[140.4373,39.4071],[140.4379,39.4071],[140.4385,39.4074],[140.4397,39.4082],[140.44,39.409],[140.4423,39.4091],[140.4429,39.4089],[140.4444,39.4096],[140.4451,39.4097],[140.4478,39.4089],[140.4488,39.4074],[140.4489,39.4063],[140.4496,39.406],[140.4514,39.4064],[140.4528,39.4069],[140.4537,39.407],[140.4554,39.4076],[140.4564,39.4075],[140.4572,39.4084],[140.459,39.4088],[140.4612,39.4092],[140.4631,39.4087],[140.461,39.4042],[140.4626,39.4037],[140.4623,39.4031],[140.4623,39.4021],[140.4622,39.4017],[140.4626,39.4015],[140.463,39.4024],[140.4644,39.4024],[140.4668,39.4019],[140.4651,39.3989],[140.4639,39.3955],[140.4626,39.3923],[140.4622,39.391],[140.4618,39.3885],[140.4617,39.3857],[140.462,39.382],[140.4624,39.3786],[140.4625,39.3772],[140.4623,39.3747],[140.4621,39.3713],[140.4618,39.3696],[140.4615,39.3684],[140.461,39.3657],[140.4642,39.3657],[140.4645,39.3667],[140.4672,39.3655],[140.4683,39.3651],[140.4686,39.3656],[140.4691,39.3656],[140.471,39.3671],[140.4711,39.3681],[140.4715,39.369],[140.4725,39.369],[140.4722,39.37],[140.4727,39.3712],[140.473,39.372],[140.4737,39.3728],[140.474,39.3734],[140.4732,39.3739],[140.4734,39.3745],[140.4723,39.3763],[140.4736,39.3766],[140.4748,39.3759],[140.4782,39.3752],[140.4783,39.3745],[140.4789,39.3752],[140.4811,39.3755],[140.481,39.3766],[140.4812,39.378],[140.4827,39.378],[140.4833,39.3782],[140.4846,39.3803],[140.4851,39.3804],[140.4866,39.3822],[140.487,39.3836],[140.4867,39.3845],[140.4884,39.3847],[140.4889,39.3834],[140.4894,39.3834],[140.4898,39.3842],[140.4907,39.3849],[140.491,39.3855],[140.4907,39.3862],[140.4893,39.3871],[140.488,39.3878],[140.4871,39.3884],[140.4863,39.3892],[140.4862,39.3899],[140.488,39.3907],[140.4879,39.3916],[140.4881,39.3931],[140.4884,39.3946],[140.4883,39.3954],[140.4879,39.3956],[140.4866,39.396],[140.4856,39.3965],[140.4848,39.3973],[140.4844,39.3983],[140.4851,39.4003],[140.4864,39.4021],[140.4881,39.402],[140.4884,39.401],[140.4881,39.4],[140.4898,39.4002],[140.4902,39.3974],[140.4924,39.3974],[140.4925,39.3981],[140.4936,39.398],[140.4942,39.4014],[140.4956,39.4012],[140.4961,39.4037],[140.4962,39.4043],[140.4968,39.4046],[140.4974,39.4041],[140.4981,39.403],[140.498,39.4022],[140.4998,39.4007],[140.5008,39.4006],[140.5007,39.3999],[140.5014,39.3991],[140.5021,39.3993],[140.5027,39.3986],[140.5033,39.3984],[140.5033,39.3977],[140.5043,39.3976],[140.5049,39.3973],[140.505,39.3968],[140.5067,39.3967],[140.507,39.3966],[140.5074,39.3959],[140.5083,39.3958],[140.5107,39.3979],[140.5107,39.3982],[140.5101,39.4001],[140.5102,39.401],[140.5104,39.4032],[140.5098,39.4033],[140.5101,39.4053],[140.5087,39.4061],[140.5083,39.4066],[140.5079,39.4075],[140.5075,39.409],[140.5064,39.4126],[140.5049,39.412],[140.5047,39.4122],[140.5032,39.4143],[140.5045,39.4149],[140.504,39.4157],[140.5053,39.415],[140.5063,39.4148],[140.51,39.4142],[140.5111,39.4144],[140.5137,39.4133],[140.5142,39.4133],[140.5146,39.4148],[140.5146,39.4159],[140.5161,39.4157],[140.517,39.4165],[140.5175,39.4174],[140.5176,39.4194],[140.5178,39.4215],[140.52,39.4214],[140.52,39.4239],[140.5187,39.424],[140.5186,39.423],[140.5166,39.4244],[140.5158,39.4252],[140.514,39.4275],[140.5145,39.4292],[140.5143,39.4304],[140.5129,39.4311],[140.5116,39.4315],[140.5112,39.4314],[140.5106,39.4319],[140.513,39.4371],[140.514,39.4368],[140.5142,39.4372],[140.5156,39.4368],[140.5158,39.4373],[140.5177,39.4364],[140.5186,39.4362],[140.519,39.4373],[140.5211,39.4368],[140.5212,39.4371],[140.5219,39.4371],[140.5226,39.4396],[140.5211,39.4399],[140.5216,39.4412],[140.5221,39.4411],[140.5219,39.4406],[140.5235,39.4403],[140.5238,39.4412],[140.5267,39.4406],[140.528,39.4441],[140.5291,39.4444],[140.5299,39.4444],[140.53,39.4448],[140.5308,39.4448],[140.5324,39.4444],[140.5328,39.4455],[140.5332,39.4454],[140.5341,39.4476],[140.5362,39.447],[140.5362,39.4473],[140.5375,39.4471],[140.5378,39.4479],[140.5378,39.4493],[140.5374,39.4498],[140.5375,39.4507],[140.5402,39.4507],[140.5415,39.4492],[140.5421,39.4489],[140.5429,39.4487],[140.5426,39.4494],[140.5427,39.45],[140.543,39.4504],[140.544,39.4506],[140.5438,39.451],[140.5446,39.451],[140.5447,39.4506],[140.5458,39.4503],[140.5462,39.451],[140.5452,39.4513],[140.5451,39.4527],[140.5484,39.4525],[140.5491,39.4528],[140.5501,39.4528],[140.5518,39.4524],[140.5523,39.4513],[140.5531,39.4511],[140.5543,39.4513],[140.5563,39.4508],[140.5559,39.4498],[140.5583,39.4492],[140.559,39.4502],[140.5589,39.4503],[140.5594,39.451],[140.5589,39.4514],[140.5572,39.4523],[140.558,39.4538],[140.5551,39.4554],[140.555,39.4571],[140.5542,39.4581],[140.5541,39.4605],[140.5549,39.4609],[140.555,39.4615],[140.5554,39.4627],[140.5556,39.4638],[140.5544,39.4639],[140.5538,39.4641],[140.5536,39.4647],[140.5541,39.4651],[140.5551,39.4654],[140.5552,39.468],[140.5577,39.4679],[140.5578,39.4688],[140.5563,39.4688],[140.5557,39.4692],[140.5547,39.4693],[140.553,39.4693],[140.5527,39.4695],[140.5529,39.4701],[140.5528,39.4706],[140.5514,39.4708],[140.5511,39.4713],[140.55,39.471],[140.5484,39.4702],[140.5474,39.4698],[140.5472,39.4701],[140.5465,39.4699],[140.5461,39.4706],[140.546,39.4712],[140.545,39.4711],[140.5449,39.4718],[140.5479,39.4727],[140.5523,39.4736],[140.5521,39.473],[140.5537,39.4731],[140.554,39.4734],[140.5546,39.4735],[140.5551,39.4741],[140.5556,39.4744],[140.5575,39.4751],[140.5586,39.4758],[140.559,39.4766],[140.5592,39.4779],[140.5599,39.4784],[140.5597,39.4789],[140.5589,39.4793],[140.559,39.4797],[140.5578,39.4799],[140.5575,39.4807],[140.5579,39.4819],[140.5603,39.4824],[140.56,39.4835],[140.5645,39.4842],[140.5661,39.4849],[140.5659,39.4853],[140.5678,39.486],[140.5685,39.4858],[140.5682,39.4835],[140.5756,39.4827],[140.5754,39.4819],[140.5749,39.4818],[140.5748,39.4812],[140.5702,39.4817],[140.5702,39.4815],[140.575,39.4809],[140.5753,39.4808],[140.5755,39.4796],[140.5778,39.4798],[140.5777,39.4806],[140.5788,39.4804],[140.5797,39.4802],[140.5799,39.4804],[140.5807,39.48],[140.5812,39.4808],[140.5842,39.4805],[140.5845,39.4822],[140.5894,39.4817],[140.5905,39.4839],[140.5918,39.4868],[140.592,39.4875],[140.5925,39.4869],[140.5948,39.4881],[140.5954,39.4882],[140.5964,39.4889],[140.5979,39.4888],[140.6007,39.4888],[140.603,39.4889],[140.6038,39.4894],[140.6046,39.4893],[140.6064,39.4895],[140.6078,39.49],[140.6089,39.491],[140.6101,39.4918],[140.6103,39.4921],[140.6111,39.4922],[140.6116,39.4926],[140.6117,39.493],[140.6123,39.4937],[140.6131,39.4938],[140.614,39.4928],[140.6146,39.4923],[140.6159,39.4918],[140.6169,39.4919],[140.6182,39.4925],[140.6189,39.4923],[140.6195,39.4925],[140.6219,39.4939],[140.6227,39.4941],[140.6234,39.4946],[140.6238,39.4953],[140.628,39.4958],[140.6288,39.4956],[140.6298,39.496],[140.6306,39.4965],[140.6314,39.4967],[140.6325,39.4966],[140.6337,39.4963],[140.6362,39.4968],[140.6371,39.4968],[140.6384,39.4968],[140.6391,39.4974],[140.6392,39.4981],[140.6407,39.4984],[140.6423,39.4983],[140.6434,39.4984],[140.6449,39.4983],[140.6457,39.4979],[140.6477,39.4975],[140.6479,39.4968],[140.6485,39.496],[140.6494,39.4955],[140.6498,39.4948],[140.6501,39.4941],[140.6506,39.4938],[140.6519,39.4941],[140.6534,39.4942],[140.6541,39.4945],[140.6559,39.4943],[140.6569,39.4944],[140.6577,39.4943],[140.659,39.4944],[140.6599,39.4946],[140.661,39.4945],[140.6612,39.4937],[140.6616,39.4929],[140.6628,39.4927],[140.6639,39.4918],[140.6646,39.4915],[140.6649,39.4903],[140.6663,39.4896],[140.6671,39.4889],[140.6681,39.489],[140.6691,39.4897],[140.6697,39.49],[140.6707,39.4896],[140.6711,39.4889],[140.672,39.4888],[140.6727,39.4881],[140.6734,39.4877],[140.6738,39.4864],[140.6753,39.4842],[140.6764,39.4834],[140.6767,39.4822],[140.6772,39.4817],[140.6783,39.4812],[140.6804,39.4813],[140.6818,39.4808],[140.6833,39.4807],[140.6849,39.4801],[140.6871,39.4796],[140.6879,39.4793],[140.6894,39.4792],[140.6901,39.4791],[140.6908,39.4785],[140.6919,39.4779],[140.6934,39.4771],[140.6934,39.4756],[140.6938,39.474],[140.6941,39.4735],[140.6952,39.4731],[140.6952,39.472],[140.6958,39.4706],[140.6966,39.4698],[140.6976,39.4684],[140.6982,39.4678],[140.699,39.4684],[140.7009,39.4694],[140.7021,39.4704],[140.7029,39.4704],[140.7036,39.4706],[140.7046,39.4715],[140.7058,39.4723],[140.7062,39.4735],[140.7065,39.474],[140.709,39.4752],[140.7095,39.4754],[140.7108,39.4754],[140.7118,39.4757],[140.7124,39.4761],[140.7127,39.4769],[140.7133,39.4772],[140.7145,39.4773],[140.7151,39.4775],[140.7156,39.478],[140.7165,39.4785],[140.7192,39.4789],[140.7201,39.4788],[140.7209,39.4786],[140.7216,39.4787],[140.7229,39.4794],[140.7232,39.4798],[140.7244,39.4805],[140.7243,39.4808],[140.7231,39.4822],[140.7227,39.483],[140.7216,39.4834],[140.7209,39.484],[140.7198,39.4846],[140.7191,39.4847],[140.7189,39.485],[140.7188,39.4868],[140.7182,39.4879],[140.7176,39.4885],[140.7169,39.4889],[140.716,39.4913],[140.7153,39.4925],[140.7133,39.4941],[140.7132,39.4945],[140.7138,39.4953],[140.7139,39.4963],[140.7138,39.4978],[140.7136,39.4989],[140.7137,39.4992],[140.7161,39.5008],[140.7172,39.5014],[140.718,39.5026],[140.7185,39.5031],[140.7198,39.5048],[140.7209,39.5047],[140.7214,39.5044],[140.7228,39.5041],[140.7234,39.5041],[140.724,39.5044],[140.7234,39.5055],[140.7237,39.5061],[140.7238,39.5081],[140.7235,39.5091],[140.7239,39.51],[140.7243,39.5106],[140.7243,39.5112],[140.7239,39.5117],[140.7227,39.5126],[140.7224,39.513],[140.7214,39.5137],[140.7211,39.5141],[140.7226,39.5141],[140.7232,39.5143],[140.7237,39.515],[140.7239,39.5161],[140.7246,39.5169],[140.7248,39.5176],[140.7247,39.5185],[140.7256,39.5192],[140.7262,39.52],[140.7275,39.5201],[140.7283,39.5204],[140.7294,39.5211],[140.73,39.5213],[140.7309,39.5218],[140.7313,39.5222],[140.7322,39.5224],[140.7333,39.5216],[140.7345,39.5215],[140.7355,39.5215],[140.7366,39.5214],[140.7371,39.5216],[140.7378,39.5223],[140.7382,39.5231],[140.7379,39.5241],[140.7381,39.5251],[140.738,39.5264],[140.7387,39.5293],[140.7388,39.5302],[140.7387,39.532],[140.7389,39.5329],[140.7392,39.5335],[140.7401,39.5339],[140.7408,39.5346],[140.7414,39.5362],[140.7407,39.5387],[140.7395,39.5405],[140.7399,39.5417],[140.7398,39.5423],[140.7393,39.5432],[140.7393,39.544],[140.7402,39.5446],[140.7403,39.5452],[140.7399,39.5463],[140.7395,39.5468],[140.7375,39.548],[140.7369,39.5488],[140.7364,39.5491],[140.7332,39.5505],[140.7326,39.5508],[140.7309,39.552],[140.7292,39.553],[140.7291,39.5533],[140.7295,39.5541],[140.7282,39.5549],[140.7275,39.556],[140.7273,39.5578],[140.7271,39.5583],[140.7273,39.559],[140.728,39.56],[140.7283,39.5615],[140.7289,39.5624],[140.7296,39.5651],[140.7304,39.5658],[140.7293,39.5667],[140.7283,39.5678],[140.7281,39.5689],[140.7282,39.5695],[140.7274,39.5711],[140.7275,39.5715],[140.7274,39.5736],[140.7276,39.5748],[140.7275,39.5754],[140.7257,39.5761],[140.7246,39.5771],[140.7235,39.5776],[140.7214,39.5778],[140.7199,39.5784],[140.7194,39.5794],[140.719,39.5799],[140.7177,39.5807],[140.7173,39.5809],[140.7162,39.5818],[140.7155,39.5826],[140.7134,39.5823],[140.7121,39.5815],[140.7106,39.5812],[140.7096,39.5812],[140.708,39.5809],[140.7071,39.5813],[140.7052,39.5823],[140.7048,39.5828],[140.704,39.5831],[140.7026,39.5832],[140.7018,39.5836],[140.7011,39.585],[140.7004,39.5856],[140.7002,39.5861],[140.6995,39.5866],[140.6981,39.5867],[140.6973,39.5871],[140.6961,39.5886],[140.6952,39.5891],[140.6946,39.5889],[140.6939,39.5881],[140.6933,39.5877],[140.693,39.5872],[140.6921,39.5866],[140.6913,39.5857],[140.6905,39.5845],[140.6902,39.5838],[140.6903,39.5827],[140.6898,39.582],[140.6889,39.5815],[140.6883,39.5806],[140.6874,39.58],[140.6873,39.5788],[140.6868,39.5783],[140.6866,39.5778],[140.6857,39.5778],[140.6839,39.5776],[140.682,39.5774],[140.6806,39.5775],[140.6799,39.5774],[140.678,39.5779],[140.6767,39.578],[140.6749,39.5782],[140.6744,39.578],[140.6735,39.5782],[140.6723,39.5792],[140.671,39.5801],[140.6699,39.5809],[140.6677,39.5812],[140.6671,39.5824],[140.6668,39.5825],[140.6644,39.583],[140.6636,39.5829],[140.6624,39.5825],[140.6614,39.5816],[140.6598,39.5812],[140.6588,39.5807],[140.6584,39.5801],[140.6576,39.5794],[140.657,39.5795],[140.6565,39.5793],[140.655,39.579],[140.6538,39.5794],[140.6526,39.5793],[140.6512,39.5798],[140.651,39.5801],[140.6498,39.5797],[140.6488,39.5795],[140.6483,39.5791],[140.6471,39.5783],[140.6461,39.5765],[140.6452,39.5758],[140.6451,39.5754],[140.644,39.575],[140.6431,39.575],[140.6418,39.5732],[140.6416,39.5727],[140.6408,39.5712],[140.6393,39.5709],[140.6388,39.5703],[140.638,39.5702],[140.6367,39.5696],[140.636,39.5695],[140.6345,39.5698],[140.6344,39.5704],[140.633,39.5706],[140.6326,39.5708],[140.6311,39.5712],[140.6301,39.5723],[140.6308,39.5727],[140.6307,39.5729],[140.629,39.5735],[140.6284,39.5744],[140.6284,39.575],[140.6281,39.5757],[140.627,39.5762],[140.6267,39.5768],[140.626,39.5771],[140.6245,39.5775],[140.6235,39.578],[140.6228,39.5785],[140.6211,39.5788],[140.6204,39.579],[140.6193,39.5801],[140.6183,39.5802],[140.6168,39.5807],[140.6158,39.5815],[140.6145,39.582],[140.6116,39.5827],[140.6107,39.5831],[140.6097,39.5838],[140.6091,39.5841],[140.6066,39.5846],[140.6049,39.5848],[140.6037,39.5853],[140.6014,39.5861],[140.6003,39.5853],[140.6,39.585],[140.5998,39.5824],[140.5993,39.5795],[140.5979,39.579],[140.5968,39.5783],[140.5968,39.5765],[140.5972,39.5759],[140.5952,39.5756],[140.5957,39.5748],[140.5954,39.5734],[140.5938,39.5729],[140.5934,39.5733],[140.5901,39.5737],[140.5902,39.574],[140.5897,39.5742],[140.5887,39.5741],[140.5879,39.5745],[140.5869,39.5746],[140.5866,39.575],[140.586,39.5748],[140.5846,39.5751],[140.5832,39.5755],[140.5823,39.5751],[140.582,39.5745],[140.5814,39.5739],[140.5806,39.5737],[140.5795,39.5741],[140.5796,39.5749],[140.5795,39.5752],[140.5777,39.575],[140.5771,39.5748],[140.5763,39.5749],[140.5759,39.5753],[140.5743,39.5766],[140.5739,39.5768],[140.5725,39.5768],[140.5712,39.577],[140.5698,39.5777],[140.5681,39.5789],[140.566,39.5802],[140.5647,39.5814],[140.564,39.5823],[140.5631,39.5822],[140.5621,39.5824],[140.5608,39.5828],[140.5602,39.5832],[140.5598,39.5842],[140.5565,39.5842],[140.5549,39.5845],[140.5532,39.5846],[140.5527,39.5842],[140.552,39.583],[140.5516,39.5813],[140.5516,39.5803],[140.552,39.5791],[140.5533,39.5769],[140.5535,39.5762],[140.5532,39.5746],[140.553,39.5728],[140.5525,39.5715],[140.5512,39.57],[140.5505,39.5694],[140.5495,39.5689],[140.5472,39.5683],[140.5455,39.5676],[140.5421,39.5658],[140.5404,39.5645],[140.5397,39.5637],[140.5396,39.563],[140.5403,39.5622],[140.5404,39.5618],[140.5398,39.561],[140.5402,39.5604],[140.5403,39.5592],[140.5404,39.5588],[140.541,39.5588],[140.5408,39.558],[140.5376,39.5557],[140.5366,39.555],[140.535,39.5527],[140.5343,39.5522],[140.5325,39.5516],[140.5294,39.551],[140.5292,39.552],[140.5284,39.5541],[140.5287,39.5557],[140.5285,39.5564],[140.5281,39.557],[140.5273,39.5578],[140.527,39.5576],[140.5255,39.5577],[140.5244,39.5575],[140.5234,39.5571],[140.5221,39.5562],[140.5204,39.5562],[140.5196,39.5559],[140.5187,39.5561],[140.518,39.5561],[140.5174,39.5565],[140.5158,39.5568],[140.5152,39.557],[140.5133,39.5575],[140.5127,39.5579],[140.5123,39.5585],[140.5119,39.5586],[140.5089,39.5583],[140.5071,39.559],[140.5074,39.56],[140.5078,39.5604],[140.5087,39.5619],[140.5076,39.5628],[140.506,39.5631],[140.505,39.5628],[140.5041,39.5632],[140.5028,39.5631],[140.5024,39.5637],[140.5028,39.5644],[140.5018,39.5652],[140.502,39.5656],[140.5026,39.5661],[140.5011,39.568],[140.5,39.5685],[140.4998,39.569],[140.5005,39.5694],[140.5008,39.57],[140.5017,39.5704],[140.5022,39.5712],[140.5017,39.5719],[140.502,39.5728],[140.5025,39.5734],[140.5021,39.5742],[140.5008,39.5757],[140.5001,39.5758],[140.4999,39.5764],[140.4988,39.5777],[140.4993,39.5785],[140.4991,39.579],[140.4992,39.5799],[140.4996,39.5804],[140.4992,39.5809],[140.4993,39.5823],[140.4986,39.5832],[140.4991,39.5837],[140.4993,39.5844],[140.5001,39.5849],[140.5003,39.5856],[140.4995,39.5856],[140.499,39.5858],[140.4979,39.5859],[140.4974,39.5866],[140.4972,39.5872],[140.4961,39.5875],[140.496,39.5877],[140.4947,39.5887],[140.4946,39.5898],[140.4937,39.5908],[140.4929,39.5921],[140.4919,39.5925],[140.4918,39.5929],[140.4924,39.5941],[140.4925,39.5948],[140.4898,39.5948],[140.4884,39.5945],[140.4873,39.5948],[140.4858,39.5948],[140.4846,39.5944],[140.4834,39.5944],[140.4825,39.5949],[140.4819,39.5962],[140.4811,39.5972],[140.48,39.5979],[140.4794,39.5978],[140.4782,39.5973],[140.4767,39.597],[140.4756,39.5979],[140.475,39.5987],[140.4743,39.599],[140.4737,39.5998],[140.4732,39.6003],[140.4722,39.6008],[140.4707,39.6012],[140.4697,39.6011],[140.4694,39.6016],[140.4692,39.6023],[140.4696,39.6033],[140.4697,39.6042],[140.4703,39.6046],[140.4711,39.6059],[140.4713,39.6066],[140.4712,39.6076],[140.471,39.6081],[140.4704,39.6087],[140.4704,39.6094],[140.4697,39.6101],[140.4693,39.6102],[140.4682,39.6101],[140.4676,39.6102],[140.4667,39.6107],[140.4663,39.6112],[140.4655,39.6127],[140.4653,39.6133],[140.4648,39.6142],[140.4647,39.6146],[140.4642,39.6152],[140.464,39.6156],[140.4642,39.6163],[140.464,39.6171],[140.465,39.6175],[140.4654,39.6178],[140.4667,39.6182],[140.4677,39.6188],[140.4677,39.6197],[140.4693,39.6223],[140.469,39.6231],[140.4691,39.6236],[140.4687,39.6243],[140.4692,39.6249],[140.469,39.6255],[140.4686,39.626],[140.4694,39.6274],[140.4701,39.6274],[140.4707,39.6277],[140.4706,39.629],[140.4701,39.6296],[140.4693,39.6302],[140.4689,39.6309],[140.4685,39.6319],[140.4685,39.6326],[140.4689,39.634],[140.469,39.635],[140.4694,39.6359],[140.4696,39.6372],[140.471,39.6378],[140.4717,39.6383],[140.4719,39.639],[140.4717,39.6411],[140.472,39.6423],[140.4731,39.6434],[140.4732,39.6438],[140.4732,39.6448],[140.4735,39.6457],[140.4734,39.6476],[140.4737,39.6484],[140.4746,39.6496],[140.4754,39.6509],[140.4764,39.6519],[140.4774,39.6531],[140.478,39.6535],[140.4793,39.6537],[140.4795,39.6539],[140.4792,39.655],[140.4793,39.6561],[140.4796,39.6566],[140.4815,39.657],[140.4829,39.6576],[140.4833,39.6579],[140.4838,39.6587],[140.4835,39.6592],[140.485,39.6598],[140.486,39.66],[140.4875,39.6609],[140.4883,39.6611],[140.4887,39.6628],[140.4887,39.6642],[140.4895,39.6645],[140.4903,39.6649],[140.4915,39.6652],[140.492,39.6658],[140.4918,39.6671],[140.4919,39.668],[140.4922,39.6688],[140.4924,39.6699],[140.4923,39.6707],[140.4927,39.6716],[140.4925,39.6724],[140.4931,39.6729],[140.4933,39.6739],[140.4938,39.6745],[140.4935,39.6756],[140.494,39.677],[140.4931,39.6779],[140.4931,39.6781],[140.4938,39.6791],[140.494,39.6796],[140.494,39.6806],[140.4948,39.6816],[140.4946,39.6827],[140.4949,39.6834],[140.4949,39.6842],[140.4953,39.685],[140.4952,39.6859],[140.4954,39.6865],[140.496,39.6876],[140.4968,39.689],[140.4974,39.6894],[140.4999,39.6902],[140.5015,39.6911],[140.5021,39.6911],[140.5046,39.6926],[140.505,39.6931],[140.5051,39.6938],[140.5046,39.6947],[140.504,39.6952],[140.5033,39.6956],[140.5029,39.6961],[140.5021,39.6965],[140.5017,39.6975],[140.5004,39.6976],[140.5002,39.6979],[140.5002,39.6987],[140.4996,39.7009],[140.4999,39.7019],[140.4994,39.7035],[140.4997,39.704],[140.499,39.7047],[140.4987,39.7052],[140.4973,39.7063],[140.4967,39.7072],[140.4972,39.7094],[140.4969,39.7106],[140.4975,39.7116],[140.4959,39.7137],[140.4952,39.714],[140.4951,39.7146],[140.4953,39.7164],[140.4944,39.7179],[140.4945,39.7181],[140.4954,39.7194],[140.4957,39.7199],[140.4958,39.7208],[140.4956,39.7214],[140.4958,39.7223],[140.4965,39.7237],[140.4952,39.7236],[140.4923,39.7236],[140.4918,39.7235],[140.4913,39.7226],[140.4894,39.7215],[140.4877,39.7211],[140.4866,39.7203],[140.4862,39.7192],[140.4849,39.7184],[140.4833,39.7175],[140.4813,39.717],[140.4806,39.7171],[140.4786,39.7163],[140.4779,39.7161],[140.4767,39.7155],[140.4758,39.7165],[140.4748,39.7169],[140.4743,39.7162],[140.4732,39.7152],[140.4724,39.7149],[140.4719,39.715],[140.4711,39.7149],[140.47,39.7143],[140.4688,39.7137],[140.4668,39.713],[140.4658,39.7126],[140.4653,39.712],[140.464,39.7116],[140.4631,39.711],[140.4609,39.7114],[140.4595,39.7108],[140.4583,39.7101],[140.4574,39.7094],[140.4554,39.7089],[140.4548,39.7082],[140.454,39.708],[140.4522,39.7081],[140.4514,39.7079],[140.4501,39.7071],[140.4493,39.7063],[140.4481,39.7058],[140.4471,39.7051],[140.4447,39.7045],[140.4438,39.7053],[140.4431,39.7053],[140.4424,39.7057],[140.44,39.7056],[140.4381,39.7065],[140.4367,39.7062],[140.435,39.7069],[140.4343,39.7069],[140.4323,39.7075],[140.4324,39.7083],[140.4316,39.7089],[140.4318,39.7096],[140.4309,39.7105],[140.4303,39.7107],[140.4291,39.7109],[140.4285,39.7113],[140.4272,39.7115],[140.4272,39.7123],[140.427,39.7126],[140.4254,39.7134],[140.4244,39.7136],[140.4238,39.7135],[140.423,39.7138],[140.4225,39.7144],[140.4213,39.7144],[140.4208,39.7146],[140.4205,39.715],[140.4193,39.7151],[140.4186,39.7149],[140.418,39.7144],[140.4165,39.7143],[140.4154,39.7144],[140.4148,39.7147],[140.4142,39.7145],[140.4132,39.7129],[140.4126,39.712],[140.4115,39.7116],[140.4096,39.7104],[140.4089,39.7097],[140.4085,39.7085],[140.4082,39.7078],[140.407,39.7069],[140.4057,39.7062],[140.4046,39.7059],[140.4035,39.7058],[140.4031,39.7054],[140.4023,39.7052],[140.4012,39.7056],[140.4006,39.7061],[140.3992,39.7064],[140.3988,39.7062],[140.3986,39.7057],[140.3977,39.7055],[140.3962,39.7059],[140.3954,39.706],[140.3957,39.7053],[140.3953,39.7044],[140.3954,39.7022],[140.395,39.7012],[140.3936,39.701],[140.3929,39.7002],[140.3924,39.6999],[140.3911,39.7001],[140.3902,39.7006],[140.3896,39.7007],[140.3876,39.6992],[140.3869,39.6991],[140.3854,39.6992],[140.3847,39.6981],[140.3835,39.6972],[140.3829,39.6963],[140.3816,39.6963],[140.3792,39.6959],[140.3774,39.6953],[140.3768,39.695],[140.3754,39.6946],[140.3748,39.6943],[140.374,39.6936],[140.3732,39.6931],[140.3723,39.6929],[140.3705,39.6937],[140.3696,39.6936],[140.3678,39.6936],[140.3672,39.694],[140.366,39.6942],[140.364,39.6952],[140.363,39.6954],[140.362,39.6955],[140.3615,39.6954],[140.3608,39.6947],[140.3602,39.6945],[140.359,39.6946],[140.3586,39.694],[140.3576,39.6935],[140.3572,39.6922],[140.3559,39.6924],[140.3555,39.6921],[140.3548,39.6921],[140.3543,39.6918],[140.3534,39.6909],[140.3527,39.6908],[140.3521,39.6912],[140.3517,39.6919],[140.3512,39.692],[140.3507,39.6914],[140.3485,39.6913],[140.3477,39.6913],[140.3477,39.6907],[140.3471,39.6896],[140.3471,39.6883],[140.3461,39.6874],[140.3461,39.6867],[140.3457,39.6864],[140.3449,39.686],[140.3434,39.6859],[140.3431,39.6844],[140.3424,39.6841],[140.3422,39.6837],[140.3424,39.6825],[140.3422,39.6814],[140.343,39.6803],[140.3427,39.6796],[140.3432,39.6786],[140.3432,39.6776],[140.3435,39.6767],[140.3428,39.6758],[140.3418,39.675],[140.3413,39.6751],[140.34,39.6757],[140.3393,39.6764],[140.3383,39.6765],[140.3376,39.6776],[140.3367,39.6786],[140.336,39.6789],[140.3357,39.6793],[140.3349,39.6798],[140.3346,39.6803],[140.3338,39.6801],[140.3326,39.6794],[140.332,39.6792],[140.331,39.6797],[140.3299,39.6796],[140.3298,39.6804],[140.3285,39.6803],[140.3278,39.6799],[140.3274,39.6801],[140.3264,39.6794],[140.3258,39.68],[140.3255,39.6806],[140.324,39.6792],[140.3234,39.6784],[140.3231,39.6775],[140.3225,39.6769],[140.3223,39.6763],[140.3215,39.6761],[140.3206,39.6769],[140.32,39.6766],[140.3195,39.676],[140.3194,39.6747],[140.3181,39.6746],[140.3172,39.6748],[140.3164,39.6737],[140.3157,39.6736],[140.315,39.6736],[140.3146,39.6727],[140.314,39.6729],[140.3128,39.6729],[140.3124,39.6733],[140.3118,39.6732],[140.3112,39.6729],[140.3109,39.6723],[140.3109,39.6713],[140.3099,39.6702],[140.3093,39.67],[140.3082,39.6702],[140.3078,39.6699],[140.3073,39.6686],[140.3067,39.6682],[140.3066,39.6674],[140.3076,39.6668],[140.3088,39.6662],[140.3088,39.6656],[140.3084,39.6648],[140.3079,39.6646],[140.3076,39.664],[140.3075,39.6632],[140.3079,39.662],[140.3084,39.6613],[140.3087,39.6605],[140.3078,39.6596],[140.3079,39.6588],[140.3083,39.6584],[140.3085,39.6579],[140.3093,39.6568],[140.3098,39.6565],[140.3099,39.656],[140.3103,39.6556],[140.31,39.6543],[140.31,39.6531],[140.3105,39.6526],[140.3107,39.6511],[140.3104,39.6497],[140.3097,39.6491],[140.3094,39.6482],[140.309,39.6476],[140.3071,39.648],[140.3052,39.648],[140.3036,39.6486],[140.3021,39.6487],[140.3013,39.6475],[140.3005,39.6474],[140.3,39.6478],[140.299,39.6478],[140.2972,39.6484],[140.2963,39.6485],[140.2953,39.6488],[140.2949,39.6491],[140.295,39.65],[140.2944,39.6515],[140.294,39.6518],[140.2938,39.6525],[140.2941,39.653],[140.2933,39.6541],[140.2928,39.6544],[140.2928,39.655],[140.2922,39.6554],[140.2911,39.655],[140.2904,39.6552],[140.2901,39.6548],[140.289,39.6549],[140.2886,39.6547],[140.2873,39.6544],[140.2861,39.654],[140.2853,39.6542],[140.2836,39.6542],[140.2826,39.6538],[140.282,39.654],[140.2815,39.6539],[140.2806,39.6531],[140.2799,39.6535],[140.2791,39.6536],[140.2781,39.6535],[140.2771,39.6541],[140.2768,39.6542],[140.2756,39.6541],[140.274,39.6541],[140.2729,39.6538],[140.2724,39.6538],[140.2718,39.6536],[140.2708,39.6535],[140.2709,39.6527],[140.2704,39.652],[140.2699,39.6515],[140.2677,39.6515],[140.267,39.6516],[140.2659,39.6524],[140.2653,39.6516],[140.2658,39.6513],[140.2664,39.6507],[140.2679,39.65],[140.2686,39.6493],[140.2691,39.6484],[140.2692,39.6478],[140.2699,39.6468],[140.27,39.6462],[140.2697,39.6456],[140.2692,39.6453],[140.2691,39.6449],[140.2685,39.6446],[140.2673,39.6444],[140.2671,39.6442],[140.2674,39.6436],[140.2683,39.6433],[140.2691,39.6419],[140.2704,39.6412],[140.2713,39.6403],[140.2715,39.6398],[140.2713,39.6383],[140.2727,39.6383],[140.273,39.6385],[140.2744,39.6381],[140.2752,39.6391],[140.276,39.6389],[140.2765,39.6385],[140.2774,39.6386],[140.278,39.6397],[140.2783,39.6401],[140.278,39.6411],[140.2784,39.6416],[140.2797,39.6418],[140.28,39.6412],[140.2807,39.641],[140.2817,39.6404],[140.2832,39.6404],[140.2844,39.6405],[140.285,39.6394],[140.2847,39.6387],[140.2848,39.6383],[140.2857,39.6371],[140.2856,39.6358],[140.2852,39.6349],[140.2855,39.6344],[140.2852,39.6333],[140.2852,39.6326],[140.2849,39.632],[140.2852,39.6318],[140.285,39.6311],[140.2845,39.6309],[140.2841,39.6304],[140.2841,39.6297],[140.2834,39.629],[140.2834,39.6284],[140.283,39.6276],[140.2828,39.6266],[140.2832,39.626],[140.2842,39.6251],[140.2822,39.6241],[140.282,39.6236],[140.2815,39.6232],[140.2808,39.6231],[140.2801,39.6237],[140.2787,39.6243],[140.2775,39.6245],[140.2761,39.6241],[140.2764,39.6228],[140.2769,39.6226],[140.2775,39.6219],[140.2774,39.6215],[140.2777,39.6207],[140.2775,39.6198],[140.2777,39.6192],[140.277,39.6184],[140.2771,39.6181],[140.2769,39.6157],[140.2755,39.615],[140.2743,39.6138],[140.2739,39.6137],[140.2731,39.613],[140.2718,39.6124],[140.2714,39.6119],[140.2704,39.6103],[140.2682,39.6104],[140.2676,39.6099],[140.2666,39.6084],[140.2662,39.6073],[140.2665,39.6065],[140.2665,39.6057],[140.2667,39.6053],[140.267,39.6036],[140.2675,39.6032],[140.2676,39.6027],[140.2682,39.6018],[140.2682,39.6015],[140.2669,39.601],[140.2659,39.6003],[140.2655,39.5999],[140.266,39.5993],[140.2663,39.5981],[140.2661,39.5978],[140.2647,39.5974],[140.2645,39.5964],[140.2628,39.5954],[140.2626,39.5946],[140.262,39.5941],[140.2607,39.594],[140.26,39.5935],[140.258,39.5934],[140.2574,39.5928],[140.2572,39.592],[140.2569,39.5915],[140.2562,39.5912],[140.2561,39.5907],[140.2562,39.59],[140.2558,39.5889],[140.2546,39.5884],[140.2548,39.5878],[140.2544,39.587],[140.2547,39.5861],[140.2558,39.5854],[140.2549,39.5837],[140.2548,39.5834],[140.2554,39.5826],[140.255,39.5819],[140.2553,39.5813],[140.2554,39.5804],[140.2559,39.5798],[140.2561,39.5792],[140.2562,39.578],[140.2554,39.5771],[140.2549,39.5768],[140.2545,39.5761],[140.2544,39.5754],[140.2538,39.5751],[140.2525,39.5755],[140.2509,39.5756],[140.2495,39.5751],[140.2493,39.5748],[140.2493,39.574],[140.249,39.5736],[140.2472,39.5731],[140.2463,39.573],[140.2457,39.5732],[140.2449,39.5737],[140.2443,39.5736],[140.2435,39.5732],[140.2428,39.5724],[140.2423,39.5715],[140.2411,39.5706],[140.2411,39.5699],[140.2414,39.5693],[140.2413,39.5686],[140.2419,39.5679],[140.2413,39.5672],[140.2406,39.5671],[140.2397,39.5666],[140.2401,39.5657],[140.24,39.5651],[140.2406,39.5642],[140.2398,39.5637],[140.2394,39.5626],[140.2382,39.5623],[140.2376,39.5614],[140.2368,39.5612],[140.2354,39.5605],[140.2341,39.5603],[140.233,39.56],[140.2328,39.5598],[140.2331,39.5589],[140.2328,39.5581],[140.2328,39.5566],[140.2344,39.5561],[140.235,39.5557],[140.2347,39.5549],[140.2334,39.5541],[140.2333,39.5538],[140.2348,39.553],[140.2353,39.5524],[140.2354,39.5519],[140.235,39.5514],[140.2327,39.5509],[140.2313,39.5498],[140.2294,39.5488],[140.2275,39.5481],[140.2273,39.5479],[140.2276,39.5462],[140.2281,39.5442],[140.2282,39.5435],[140.2311,39.5438],[140.2343,39.5439],[140.237,39.544],[140.2402,39.544],[140.2415,39.5439],[140.2427,39.5425],[140.2445,39.542],[140.2453,39.5413],[140.2459,39.5405],[140.2467,39.5384],[140.2468,39.5366],[140.2468,39.5334],[140.247,39.5296],[140.2475,39.5272],[140.248,39.523],[140.2483,39.5213],[140.2489,39.5194],[140.2499,39.517],[140.2509,39.515],[140.2515,39.5139],[140.2522,39.5133],[140.2534,39.5127],[140.2556,39.5122],[140.2572,39.512],[140.2597,39.5119],[140.2631,39.5121],[140.2635,39.5097],[140.2641,39.509],[140.2651,39.5087],[140.265,39.5082],[140.2654,39.5073],[140.2668,39.5062],[140.2672,39.5061],[140.2681,39.5063],[140.2685,39.506],[140.2691,39.5049],[140.2703,39.5041],[140.2705,39.5037],[140.2698,39.5028],[140.2696,39.5013],[140.269,39.5007],[140.2687,39.5],[140.2685,39.4991],[140.2691,39.4983],[140.2695,39.4981],[140.2693,39.4973],[140.269,39.497],[140.2692,39.4966],[140.2704,39.4962],[140.2707,39.4955],[140.2704,39.495],[140.2706,39.4945],[140.2713,39.4943],[140.2722,39.4938],[140.2725,39.493],[140.2729,39.4926],[140.2737,39.4923],[140.2744,39.4923],[140.2754,39.4919],[140.2752,39.4913],[140.2753,39.4905],[140.2758,39.4895],[140.2747,39.489],[140.2741,39.4885],[140.2734,39.4885],[140.2717,39.4887],[140.2709,39.4886],[140.2702,39.488],[140.269,39.4876],[140.2679,39.4865],[140.2665,39.486],[140.2661,39.4855],[140.2655,39.4838],[140.2664,39.4823],[140.2678,39.4824],[140.2691,39.482],[140.2701,39.4818],[140.2704,39.4811],[140.271,39.4809],[140.2713,39.4804],[140.2711,39.4796],[140.2711,39.4787],[140.272,39.478],[140.273,39.4783],[140.2741,39.4771],[140.2744,39.4771],[140.2747,39.4761],[140.2751,39.4756],[140.2752,39.475],[140.2757,39.4748],[140.2764,39.4749],[140.2768,39.4743],[140.2766,39.4738],[140.277,39.4731],[140.2767,39.4719],[140.2773,39.4713],[140.2779,39.4709],[140.2781,39.4704],[140.2792,39.4697],[140.2804,39.4695],[140.281,39.4687],[140.281,39.4679],[140.2814,39.4676],[140.281,39.4667],[140.2809,39.4661],[140.282,39.4656],[140.2825,39.4645],[140.2823,39.4635],[140.2826,39.4624],[140.2832,39.4621],[140.2838,39.4613],[140.2835,39.4605],[140.2838,39.4588],[140.2824,39.4594],[140.2816,39.4593],[140.2813,39.4589],[140.2806,39.459],[140.2795,39.4585],[140.2794,39.4575],[140.2796,39.4571],[140.2803,39.4567],[140.2813,39.4558],[140.2818,39.4555],[140.2811,39.4547],[140.2796,39.4538],[140.2794,39.4521],[140.2789,39.451],[140.2779,39.4507],[140.2772,39.4511],[140.2759,39.4515],[140.2752,39.4509],[140.2745,39.4505],[140.2743,39.4497],[140.2737,39.4495],[140.2732,39.4495],[140.2732,39.4503],[140.2729,39.4505],[140.2716,39.4504],[140.27,39.4505],[140.2695,39.4498],[140.269,39.4496],[140.269,39.4492],[140.2695,39.4483],[140.2697,39.4474],[140.2697,39.4465],[140.2703,39.4463],[140.2706,39.446],[140.2708,39.4447],[140.2715,39.444],[140.2709,39.4436],[140.2709,39.4429],[140.2704,39.4421],[140.2686,39.4411],[140.2685,39.4406],[140.2692,39.4399],[140.2701,39.4395],[140.271,39.4384],[140.2718,39.438],[140.2713,39.4372],[140.2713,39.4361],[140.2696,39.4355],[140.2696,39.4345],[140.2702,39.434],[140.2706,39.4331],[140.2705,39.4326],[140.2709,39.432],[140.2716,39.4315],[140.272,39.4306],[140.2725,39.4299],[140.2742,39.4296],[140.2752,39.4289],[140.2756,39.4282],[140.277,39.4271],[140.2768,39.4266],[140.2769,39.4257],[140.2776,39.4252],[140.2777,39.4247],[140.2785,39.4242],[140.2793,39.4244],[140.2799,39.4241],[140.2809,39.4241],[140.2813,39.4239],[140.2816,39.4233],[140.2819,39.4232],[140.2836,39.4232],[140.2841,39.4235],[140.2847,39.424],[140.2854,39.4237],[140.2863,39.4222],[140.2873,39.4218],[140.2878,39.4218],[140.289,39.4213],[140.2892,39.4208],[140.2905,39.4207],[140.2909,39.4204],[140.2914,39.4204],[140.2919,39.4209],[140.2929,39.4204],[140.2938,39.4198],[140.2941,39.4198],[140.2959,39.4209],[140.2965,39.4206],[140.2981,39.4208],[140.2989,39.4208],[140.3002,39.4195],[140.3021,39.4189],[140.3024,39.4184],[140.3037,39.4175],[140.3045,39.4173],[140.3064,39.4166],[140.3066,39.4155],[140.3054,39.4149],[140.3051,39.4141],[140.3051,39.4132],[140.3054,39.4121],[140.3046,39.4117],[140.3032,39.4104],[140.304,39.4092],[140.304,39.4085],[140.3045,39.4073],[140.3047,39.4069],[140.3038,39.4065],[140.3027,39.4056],[140.3031,39.4049],[140.3022,39.4038],[140.3015,39.4033],[140.3011,39.4033],[140.3002,39.4036],[140.2996,39.4034],[140.2991,39.4035],[140.2987,39.4022],[140.2983,39.4018],[140.2981,39.4011],[140.2973,39.4008],[140.2968,39.4004],[140.2956,39.4003],[140.2948,39.4008],[140.2934,39.4007],[140.2931,39.4004],[140.2926,39.3994],[140.2915,39.3992],[140.2911,39.3995],[140.2889,39.3998],[140.2882,39.3998],[140.2873,39.399],[140.2871,39.3986],[140.2853,39.3977],[140.2852,39.3968],[140.286,39.3957],[140.2873,39.3952],[140.2879,39.3943],[140.2882,39.3941],[140.289,39.394],[140.2893,39.3944],[140.2899,39.3946],[140.2905,39.3951],[140.2919,39.3949],[140.2924,39.3943],[140.2932,39.3938],[140.2948,39.3937],[140.2953,39.3934],[140.296,39.3935],[140.2967,39.3931],[140.2978,39.3936],[140.2983,39.3935],[140.2993,39.3931],[140.2997,39.3921],[140.3005,39.3915],[140.3012,39.3912],[140.3022,39.3902],[140.3028,39.3901],[140.3033,39.3905],[140.3047,39.3909],[140.3048,39.3916],[140.3051,39.3917],[140.306,39.3915],[140.3067,39.3916],[140.3073,39.3906],[140.3075,39.3905],[140.3086,39.3913],[140.3097,39.3915],[140.3102,39.3909],[140.3105,39.3911],[140.3119,39.3914],[140.3125,39.3907],[140.3131,39.3904],[140.3143,39.3905],[140.3158,39.3904],[140.3166,39.389],[140.317,39.3887],[140.3179,39.3883],[140.3173,39.3876],[140.3175,39.3871],[140.3172,39.3866],[140.3174,39.3863],[140.3186,39.3861],[140.3187,39.3845],[140.3196,39.3839],[140.3195,39.3834],[140.3198,39.3828],[140.3202,39.3826]]]},"properties":{"N03_001":"秋田県","N03_002":"","N03_003":"","N03_004":"大仙市","N03_007":"05212"}},
{"type":"Feature","geometry":{"type":"Polygon","coordinates":[[[140.4804,39.7965],[140.4818,39.797],[140.4825,39.7981],[140.4824,39.7986],[140.4832,39.799],[140.4837,39.8003],[140.4842,39.8007],[140.4848,39.8015],[140.4862,39.8022],[140.4869,39.803],[140.4863,39.8038],[140.4865,39.8043],[140.4878,39.8049],[140.4884,39.8053],[140.4898,39.8052],[140.4911,39.8048],[140.4915,39.8044],[140.4924,39.8046],[140.4939,39.8047],[140.4944,39.8048],[140.4959,39.806],[140.4966,39.8062],[140.4986,39.8059],[140.501,39.8071],[140.5028,39.8066],[140.5041,39.8068],[140.5047,39.8073],[140.5052,39.8079],[140.5062,39.808],[140.5071,39.8084],[140.5082,39.8098],[140.5091,39.8099],[140.5127,39.8101],[140.5135,39.8104],[140.5143,39.8115],[140.5142,39.8128],[140.5152,39.8132],[140.5158,39.8139],[140.5157,39.8151],[140.5159,39.8155],[140.5168,39.8162],[140.5171,39.8166],[140.517,39.8171],[140.5172,39.8183],[140.5172,39.8195],[140.5168,39.8198],[140.5155,39.8201],[140.5148,39.8223],[140.5148,39.8231],[140.5153,39.8241],[140.5152,39.8249],[140.5153,39.8262],[140.515,39.8265],[140.5135,39.8275],[140.5141,39.8281],[140.5141,39.8286],[140.5137,39.8294],[140.5138,39.8302],[140.5134,39.8307],[140.5125,39.8312],[140.5114,39.8327],[140.511,39.8339],[140.5101,39.8344],[140.5101,39.8348],[140.5111,39.8359],[140.5116,39.8379],[140.5108,39.8382],[140.5098,39.8395],[140.5096,39.84],[140.5099,39.8409],[140.5108,39.8419],[140.512,39.8442],[140.5132,39.8452],[140.5141,39.8466],[140.5147,39.8469],[140.5163,39.8472],[140.517,39.8477],[140.5184,39.8471],[140.5189,39.8471],[140.52,39.8476],[140.5212,39.8473],[140.522,39.8473],[140.5223,39.8476],[140.5236,39.8478],[140.5253,39.849],[140.5262,39.8497],[140.5272,39.85],[140.5278,39.8504],[140.5279,39.8515],[140.5281,39.852],[140.5296,39.8529],[140.5299,39.8532],[140.5287,39.8538],[140.5284,39.8542],[140.5285,39.8551],[140.5285,39.8559],[140.5288,39.8563],[140.5299,39.8565],[140.5319,39.8568],[140.5322,39.8572],[140.5313,39.8588],[140.5318,39.8595],[140.533,39.8593],[140.5335,39.8595],[140.5339,39.8601],[140.5345,39.8602],[140.5352,39.8606],[140.536,39.8606],[140.5369,39.8611],[140.5365,39.862],[140.5364,39.8625],[140.5377,39.8633],[140.5377,39.8636],[140.5368,39.8648],[140.5364,39.8659],[140.5355,39.8662],[140.5351,39.8666],[140.535,39.8675],[140.5345,39.8677],[140.5333,39.868],[140.5329,39.8684],[140.5328,39.8691],[140.5335,39.8697],[140.5346,39.8713],[140.5358,39.8716],[140.5361,39.8738],[140.5354,39.8744],[140.5354,39.8746],[140.5368,39.8758],[140.5372,39.8763],[140.5378,39.8769],[140.5376,39.8787],[140.5378,39.8795],[140.5377,39.8802],[140.5378,39.8811],[140.5391,39.8822],[140.5396,39.883],[140.5401,39.8834],[140.5408,39.8832],[140.5424,39.883],[140.5439,39.8832],[140.5439,39.8826],[140.5444,39.8822],[140.5451,39.8821],[140.5456,39.8815],[140.5464,39.8811],[140.547,39.8812],[140.5476,39.881],[140.5484,39.882],[140.5492,39.8822],[140.5505,39.8821],[140.5521,39.8835],[140.5529,39.8837],[140.5535,39.8841],[140.5542,39.8842],[140.5553,39.8839],[140.5565,39.8841],[140.5571,39.884],[140.5577,39.8844],[140.5581,39.885],[140.5582,39.8859],[140.559,39.8863],[140.5605,39.8874],[140.5611,39.8889],[140.5625,39.8894],[140.5635,39.8897],[140.5652,39.8902],[140.5663,39.8904],[140.568,39.8915],[140.5685,39.8926],[140.5694,39.8937],[140.57,39.8941],[140.5716,39.8945],[140.5726,39.8945],[140.5734,39.8943],[140.5752,39.8945],[140.5763,39.895],[140.5781,39.8949],[140.5789,39.895],[140.5798,39.8946],[140.5812,39.8947],[140.5826,39.8946],[140.5828,39.894],[140.5834,39.8934],[140.5838,39.8924],[140.5846,39.8914],[140.5852,39.8912],[140.5856,39.8905],[140.587,39.8897],[140.5881,39.8895],[140.5888,39.889],[140.5898,39.8891],[140.5907,39.8889],[140.591,39.8869],[140.5925,39.8866],[140.5931,39.8861],[140.5938,39.8849],[140.5942,39.8846],[140.5961,39.8846],[140.5968,39.8852],[140.5974,39.8854],[140.5992,39.8861],[140.6007,39.8863],[140.6024,39.8862],[140.6034,39.8861],[140.6038,39.8863],[140.6047,39.8863],[140.6058,39.8859],[140.6066,39.8855],[140.6074,39.8857],[140.6087,39.885],[140.6095,39.8845],[140.6109,39.8838],[140.6114,39.8829],[140.6113,39.8825],[140.6118,39.8821],[140.6133,39.8823],[140.613,39.8833],[140.6131,39.8839],[140.6134,39.8843],[140.6158,39.8849],[140.6163,39.8846],[140.6171,39.8847],[140.6177,39.8852],[140.6187,39.8858],[140.6177,39.8861],[140.6178,39.8865],[140.6188,39.887],[140.6192,39.8879],[140.6191,39.8885],[140.6193,39.8889],[140.6203,39.8894],[140.6215,39.8898],[140.6225,39.8902],[140.6232,39.8906],[140.6245,39.8904],[140.6254,39.8899],[140.6262,39.8902],[140.627,39.8916],[140.6282,39.8925],[140.6284,39.8929],[140.6279,39.8932],[140.6273,39.8933],[140.6274,39.8944],[140.628,39.8947],[140.6293,39.8949],[140.6303,39.8954],[140.6296,39.896],[140.6305,39.8964],[140.6306,39.8968],[140.6299,39.8971],[140.6298,39.8977],[140.6312,39.8981],[140.6318,39.8984],[140.633,39.8988],[140.634,39.8998],[140.6336,39.9007],[140.634,39.9015],[140.6334,39.9021],[140.6337,39.903],[140.6334,39.9034],[140.6323,39.9039],[140.6335,39.9048],[140.6347,39.905],[140.636,39.9055],[140.6358,39.9058],[140.635,39.906],[140.635,39.9063],[140.6358,39.9065],[140.6359,39.907],[140.6346,39.9072],[140.6346,39.9075],[140.6357,39.908],[140.6357,39.9085],[140.6346,39.9092],[140.6333,39.9091],[140.6334,39.9098],[140.6346,39.9103],[140.635,39.9107],[140.6347,39.9112],[140.6344,39.9125],[140.6353,39.9127],[140.6348,39.9139],[140.6332,39.915],[140.635,39.9165],[140.6357,39.9177],[140.6357,39.9187],[140.6347,39.9191],[140.6329,39.919],[140.6328,39.9194],[140.633,39.9203],[140.6329,39.9207],[140.6318,39.9205],[140.6312,39.9211],[140.6317,39.9218],[140.6314,39.9225],[140.6316,39.9231],[140.6311,39.9233],[140.629,39.9235],[140.6291,39.9245],[140.6295,39.9256],[140.6301,39.926],[140.6298,39.9266],[140.6298,39.9275],[140.6306,39.9276],[140.6324,39.9281],[140.6331,39.928],[140.6339,39.9283],[140.6344,39.9296],[140.6341,39.9306],[140.6341,39.9312],[140.6343,39.9316],[140.6344,39.9322],[140.635,39.933],[140.636,39.9338],[140.6372,39.9337],[140.638,39.9339],[140.6385,39.9329],[140.639,39.9325],[140.6399,39.932],[140.6408,39.932],[140.6425,39.933],[140.6434,39.9323],[140.647,39.9332],[140.6479,39.934],[140.6488,39.9344],[140.6493,39.9354],[140.6499,39.9358],[140.6506,39.9358],[140.6512,39.9361],[140.6514,39.9367],[140.6527,39.9374],[140.6537,39.9373],[140.654,39.9378],[140.6555,39.9383],[140.6563,39.9384],[140.6566,39.9392],[140.6571,39.9395],[140.658,39.9397],[140.6585,39.9405],[140.6594,39.9408],[140.6596,39.9416],[140.6591,39.9429],[140.6597,39.944],[140.6595,39.9446],[140.6608,39.9453],[140.6608,39.946],[140.6612,39.9464],[140.6612,39.9472],[140.6618,39.9478],[140.662,39.9483],[140.6624,39.9486],[140.6636,39.9489],[140.6641,39.9496],[140.664,39.9504],[140.6646,39.9511],[140.6647,39.9524],[140.6649,39.9527],[140.6664,39.9529],[140.667,39.9535],[140.6679,39.9538],[140.6675,39.9551],[140.6677,39.9553],[140.6688,39.9554],[140.6705,39.9555],[140.6729,39.9553],[140.6735,39.9556],[140.6736,39.9565],[140.674,39.9567],[140.6743,39.9577],[140.6746,39.9578],[140.6756,39.9576],[140.6761,39.9577],[140.6762,39.9582],[140.677,39.9585],[140.678,39.9585],[140.6773,39.9593],[140.6756,39.9595],[140.674,39.9601],[140.6732,39.9605],[140.6731,39.9608],[140.6743,39.9616],[140.674,39.9623],[140.6732,39.9628],[140.673,39.9635],[140.6744,39.964],[140.6746,39.9646],[140.6742,39.9651],[140.6745,39.9654],[140.6753,39.9656],[140.6758,39.9656],[140.6768,39.965],[140.6775,39.9649],[140.6785,39.9653],[140.6791,39.9654],[140.6799,39.9652],[140.6827,39.966],[140.6841,39.9655],[140.6848,39.9655],[140.6856,39.966],[140.6861,39.9668],[140.6866,39.9671],[140.6875,39.967],[140.6886,39.9672],[140.6895,39.9671],[140.6904,39.9673],[140.6915,39.9674],[140.6931,39.9697],[140.6943,39.9704],[140.6946,39.9708],[140.6954,39.9713],[140.6958,39.9718],[140.6958,39.9729],[140.6955,39.9732],[140.6942,39.9733],[140.6939,39.9737],[140.6941,39.975],[140.6941,39.9755],[140.6963,39.9767],[140.6966,39.9772],[140.6968,39.9784],[140.6963,39.9794],[140.6967,39.9802],[140.6972,39.9816],[140.6999,39.9845],[140.7011,39.985],[140.703,39.9853],[140.7033,39.9857],[140.7042,39.9858],[140.7059,39.9858],[140.7067,39.9861],[140.7078,39.9869],[140.7086,39.987],[140.7103,39.9876],[140.7111,39.9883],[140.712,39.9887],[140.714,39.9893],[140.7147,39.99],[140.7154,39.9915],[140.7156,39.9926],[140.7156,39.9937],[140.714,39.9951],[140.7138,39.9957],[140.7141,39.9965],[140.7146,39.9973],[140.7168,39.9975],[140.7182,39.998],[140.72,39.9978],[140.7214,39.9968],[140.7226,39.9964],[140.7234,39.9967],[140.7247,39.9979],[140.7252,39.998],[140.7262,39.9976],[140.7275,39.9975],[140.7307,39.9996],[140.7322,39.9998],[140.7324,40.0006],[140.732,40.0017],[140.7316,40.0018],[140.7313,40.0025],[140.7312,40.0038],[140.7315,40.0044],[140.7316,40.005],[140.7315,40.006],[140.7321,40.007],[140.732,40.008],[140.7324,40.0085],[140.7326,40.0094],[140.7314,40.0104],[140.7293,40.0107],[140.728,40.0111],[140.7272,40.0112],[140.7259,40.0116],[140.7242,40.012],[140.7236,40.0126],[140.7231,40.0148],[140.7224,40.0154],[140.7217,40.0158],[140.7211,40.0169],[140.7202,40.0172],[140.7197,40.0176],[140.7178,40.0175],[140.7169,40.0178],[140.7158,40.018],[140.7155,40.0182],[140.7144,40.0193],[140.7141,40.0201],[140.7133,40.0209],[140.7134,40.0223],[140.713,40.0225],[140.7119,40.0226],[140.7111,40.023],[140.7102,40.0231],[140.7093,40.0238],[140.7078,40.025],[140.7068,40.0253],[140.7069,40.0262],[140.7069,40.0275],[140.7068,40.0281],[140.7064,40.0283],[140.7047,40.0288],[140.7033,40.0295],[140.7028,40.0301],[140.7022,40.0304],[140.701,40.0314],[140.7001,40.0327],[140.7009,40.0335],[140.701,40.0342],[140.7008,40.0352],[140.7003,40.0361],[140.6996,40.0367],[140.6993,40.0372],[140.6993,40.0384],[140.6989,40.0392],[140.6993,40.0398],[140.6985,40.041],[140.6979,40.043],[140.6981,40.045],[140.6981,40.0463],[140.6971,40.0477],[140.6971,40.0484],[140.6966,40.0484],[140.696,40.0489],[140.696,40.05],[140.6949,40.0502],[140.6938,40.0515],[140.6933,40.0524],[140.6932,40.0533],[140.6924,40.0544],[140.6924,40.0551],[140.6906,40.0563],[140.6904,40.0571],[140.6906,40.0584],[140.6898,40.0588],[140.6896,40.0593],[140.69,40.0611],[140.6908,40.0615],[140.6909,40.0629],[140.6926,40.0636],[140.6921,40.0648],[140.6903,40.0652],[140.69,40.0659],[140.6905,40.0664],[140.6907,40.0671],[140.6902,40.0676],[140.6889,40.0675],[140.6886,40.0677],[140.6894,40.069],[140.6899,40.0702],[140.6887,40.0706],[140.6875,40.0713],[140.6872,40.0722],[140.6869,40.0724],[140.6857,40.0723],[140.685,40.0734],[140.6846,40.0736],[140.6834,40.0734],[140.6828,40.0739],[140.6812,40.0741],[140.6806,40.0746],[140.6797,40.0749],[140.6795,40.0757],[140.6796,40.0764],[140.6795,40.077],[140.68,40.078],[140.6797,40.0787],[140.6792,40.0783],[140.6786,40.0782],[140.6777,40.0778],[140.6777,40.0768],[140.6775,40.0763],[140.6768,40.076],[140.6763,40.0754],[140.6761,40.0746],[140.6754,40.0743],[140.6747,40.0738],[140.6742,40.0737],[140.6738,40.074],[140.6726,40.074],[140.6716,40.0744],[140.6707,40.0755],[140.6691,40.0752],[140.6672,40.0746],[140.6662,40.0746],[140.6659,40.0748],[140.6655,40.0756],[140.665,40.0767],[140.6642,40.0772],[140.6641,40.0781],[140.6638,40.0784],[140.6628,40.0781],[140.6623,40.0781],[140.6615,40.0778],[140.6608,40.0779],[140.661,40.0786],[140.661,40.0799],[140.6609,40.0809],[140.6616,40.0816],[140.6617,40.0829],[140.661,40.0834],[140.6603,40.0842],[140.6598,40.0845],[140.6583,40.0844],[140.6569,40.0848],[140.6564,40.0851],[140.6549,40.0851],[140.654,40.0857],[140.6528,40.0859],[140.652,40.0866],[140.651,40.0869],[140.6496,40.0876],[140.6467,40.0868],[140.6456,40.0863],[140.6444,40.0862],[140.6424,40.0852],[140.6406,40.085],[140.6396,40.085],[140.6392,40.0856],[140.6392,40.0865],[140.6384,40.0884],[140.6385,40.0893],[140.6383,40.0897],[140.6373,40.0912],[140.6362,40.0912],[140.6348,40.0908],[140.6342,40.0903],[140.6328,40.09],[140.6317,40.0896],[140.6307,40.0889],[140.6299,40.0882],[140.6293,40.088],[140.6279,40.0879],[140.6273,40.0877],[140.6265,40.0871],[140.6252,40.0864],[140.6249,40.0858],[140.6231,40.085],[140.6226,40.0844],[140.6218,40.0841],[140.6213,40.0838],[140.6214,40.0832],[140.621,40.0826],[140.6199,40.082],[140.6189,40.0812],[140.6177,40.0806],[140.6165,40.0804],[140.6147,40.0804],[140.613,40.0812],[140.6122,40.0818],[140.6122,40.0823],[140.6116,40.083],[140.6107,40.0836],[140.6079,40.0849],[140.6068,40.0861],[140.6062,40.0871],[140.6053,40.0872],[140.6029,40.0872],[140.6001,40.0874],[140.5997,40.0881],[140.6003,40.089],[140.6013,40.0896],[140.6018,40.0912],[140.6018,40.0916],[140.6003,40.0931],[140.6003,40.0934],[140.6012,40.0945],[140.6015,40.0959],[140.6015,40.0964],[140.6007,40.0975],[140.6001,40.0981],[140.5988,40.1],[140.5989,40.1021],[140.5997,40.104],[140.5993,40.1047],[140.5994,40.1054],[140.6002,40.108],[140.601,40.1097],[140.6015,40.1115],[140.6027,40.1126],[140.6027,40.1128],[140.6011,40.1153],[140.6011,40.1157],[140.6013,40.1164],[140.6014,40.1174],[140.601,40.1181],[140.6013,40.1186],[140.6014,40.1201],[140.6012,40.1205],[140.6011,40.122],[140.6009,40.1222],[140.5996,40.1221],[140.5982,40.1225],[140.5975,40.1229],[140.5968,40.1237],[140.5954,40.1251],[140.5947,40.1261],[140.5938,40.1266],[140.5934,40.127],[140.5918,40.1276],[140.5909,40.1284],[140.5905,40.1293],[140.5902,40.1296],[140.5882,40.1303],[140.5862,40.1304],[140.5845,40.1308],[140.5834,40.1306],[140.5825,40.13],[140.5812,40.1302],[140.5778,40.1304],[140.5768,40.131],[140.5763,40.1316],[140.5758,40.1319],[140.5745,40.1321],[140.5723,40.1318],[140.5717,40.1319],[140.5707,40.1326],[140.5697,40.1326],[140.5688,40.1329],[140.5654,40.1335],[140.5649,40.1337],[140.5634,40.134],[140.5626,40.1344],[140.5609,40.1349],[140.5589,40.135],[140.5572,40.1343],[140.5559,40.1348],[140.5538,40.1347],[140.553,40.135],[140.553,40.1355],[140.5528,40.1363],[140.5516,40.1383],[140.5508,40.1387],[140.5507,40.1398],[140.5501,40.1408],[140.5497,40.1413],[140.5494,40.142],[140.5483,40.1421],[140.5466,40.1425],[140.5453,40.1429],[140.5435,40.143],[140.5436,40.1441],[140.5432,40.1455],[140.5433,40.1463],[140.5432,40.1467],[140.5433,40.1476],[140.5429,40.1482],[140.543,40.1496],[140.5432,40.1504],[140.5437,40.1512],[140.5439,40.1519],[140.5448,40.1528],[140.545,40.1536],[140.5446,40.1545],[140.5441,40.1551],[140.5442,40.1555],[140.5435,40.1561],[140.5415,40.1565],[140.5411,40.1567],[140.5402,40.1581],[140.5385,40.1594],[140.5379,40.1592],[140.5371,40.1587],[140.5362,40.1584],[140.5351,40.1584],[140.5347,40.1576],[140.5345,40.1569],[140.5337,40.1568],[140.5334,40.1564],[140.5334,40.1556],[140.5321,40.1552],[140.5318,40.154],[140.5307,40.1519],[140.53,40.1513],[140.5285,40.1514],[140.5268,40.1506],[140.5258,40.1504],[140.5256,40.1499],[140.5251,40.1497],[140.5243,40.1496],[140.5232,40.1493],[140.5226,40.1484],[140.5215,40.1477],[140.5204,40.1473],[140.5192,40.1474],[140.5188,40.1486],[140.5184,40.1491],[140.5177,40.1493],[140.5173,40.1504],[140.5168,40.1509],[140.5156,40.1508],[140.5151,40.1515],[140.5145,40.1518],[140.5143,40.1524],[140.5134,40.1523],[140.5119,40.1519],[140.5109,40.1524],[140.5099,40.1535],[140.5094,40.1536],[140.5083,40.1545],[140.5077,40.1548],[140.5073,40.1558],[140.5068,40.1562],[140.5049,40.1548],[140.5028,40.1547],[140.5023,40.1543],[140.5008,40.1542],[140.4999,40.154],[140.4988,40.1535],[140.4981,40.1538],[140.4965,40.1537],[140.4962,40.1539],[140.4958,40.1549],[140.4958,40.1558],[140.4979,40.1566],[140.4984,40.1572],[140.4986,40.1584],[140.4995,40.1587],[140.5001,40.1592],[140.5003,40.1599],[140.5016,40.1603],[140.5021,40.1613],[140.502,40.1616],[140.5012,40.1622],[140.5015,40.1628],[140.5022,40.1635],[140.5023,40.1642],[140.502,40.1645],[140.5012,40.1646],[140.4998,40.1651],[140.4987,40.1647],[140.4979,40.1649],[140.4976,40.1659],[140.4967,40.1664],[140.4949,40.1666],[140.4943,40.1661],[140.4937,40.1665],[140.492,40.1666],[140.4914,40.1672],[140.4905,40.1674],[140.4897,40.1679],[140.4902,40.1694],[140.4913,40.1705],[140.4913,40.1719],[140.4923,40.1727],[140.4938,40.173],[140.4949,40.1737],[140.4951,40.174],[140.4948,40.1747],[140.495,40.1752],[140.4947,40.1759],[140.4942,40.1762],[140.4932,40.1767],[140.4926,40.1779],[140.4916,40.178],[140.4909,40.1784],[140.4894,40.1782],[140.4881,40.1785],[140.4872,40.1796],[140.4875,40.1803],[140.4869,40.1808],[140.487,40.1822],[140.4863,40.183],[140.4853,40.1834],[140.4847,40.1851],[140.484,40.1861],[140.4845,40.1868],[140.4846,40.1876],[140.484,40.1882],[140.4831,40.1888],[140.4819,40.1901],[140.4812,40.1907],[140.481,40.1911],[140.4803,40.1914],[140.4795,40.1916],[140.4792,40.1921],[140.4792,40.1926],[140.4798,40.1935],[140.48,40.1947],[140.4798,40.1962],[140.4803,40.1961],[140.4824,40.1963],[140.483,40.1967],[140.4836,40.1973],[140.4838,40.1979],[140.4839,40.1997],[140.4845,40.2],[140.4853,40.2001],[140.4861,40.2009],[140.4868,40.2014],[140.4871,40.2019],[140.4864,40.2036],[140.4862,40.2045],[140.4858,40.2058],[140.486,40.2064],[140.4852,40.2073],[140.485,40.2085],[140.4852,40.2093],[140.4849,40.2101],[140.4858,40.2108],[140.4857,40.2113],[140.4853,40.2122],[140.4854,40.2131],[140.4849,40.2139],[140.4823,40.2141],[140.4815,40.2143],[140.4804,40.2152],[140.4803,40.2156],[140.4798,40.2159],[140.4797,40.217],[140.4785,40.2171],[140.4759,40.2183],[140.474,40.2183],[140.4725,40.2191],[140.4722,40.2201],[140.4709,40.2205],[140.4704,40.2215],[140.4684,40.2225],[140.4685,40.2229],[140.4693,40.2233],[140.4691,40.2246],[140.4693,40.2253],[140.4687,40.2263],[140.4687,40.2268],[140.4691,40.2278],[140.4692,40.2289],[140.4696,40.2292],[140.4699,40.23],[140.4705,40.2313],[140.4715,40.2326],[140.4723,40.233],[140.4719,40.2342],[140.472,40.2355],[140.4712,40.2364],[140.4718,40.2373],[140.4714,40.238],[140.4715,40.24],[140.4715,40.2411],[140.4717,40.2413],[140.4707,40.2416],[140.4696,40.2416],[140.4672,40.2406],[140.4654,40.2412],[140.4648,40.2417],[140.4636,40.2421],[140.4627,40.242],[140.4617,40.242],[140.4603,40.2417],[140.4595,40.2418],[140.4592,40.242],[140.4585,40.243],[140.4572,40.2443],[140.4564,40.2445],[140.4555,40.2449],[140.4541,40.2449],[140.4522,40.2452],[140.4518,40.2457],[140.452,40.2465],[140.4515,40.2476],[140.4506,40.2475],[140.4497,40.2478],[140.4482,40.2478],[140.4477,40.248],[140.4477,40.2484],[140.4481,40.2494],[140.4486,40.25],[140.4484,40.2511],[140.4496,40.2516],[140.4498,40.2524],[140.4496,40.2531],[140.4489,40.2539],[140.4482,40.2539],[140.4473,40.2537],[140.4471,40.2542],[140.4473,40.2552],[140.4468,40.2559],[140.4467,40.2565],[140.4445,40.2569],[140.4438,40.2574],[140.4428,40.2574],[140.4424,40.2572],[140.4415,40.2573],[140.4405,40.2572],[140.4393,40.2567],[140.4374,40.257],[140.4366,40.2575],[140.4357,40.2572],[140.4348,40.2563],[140.4339,40.2563],[140.4328,40.2561],[140.4321,40.2557],[140.4311,40.2555],[140.4305,40.2551],[140.4303,40.2556],[140.4294,40.2558],[140.4288,40.2552],[140.4278,40.2547],[140.427,40.2545],[140.426,40.254],[140.4245,40.2539],[140.4242,40.2542],[140.4224,40.2542],[140.422,40.254],[140.4204,40.2543],[140.4193,40.2551],[140.4184,40.2556],[140.4151,40.2559],[140.4153,40.2564],[140.4162,40.2564],[140.4158,40.2573],[140.415,40.257],[140.4145,40.2575],[140.4123,40.2568],[140.4122,40.261],[140.4124,40.261],[140.4125,40.2627],[140.4106,40.2624],[140.4098,40.262],[140.4078,40.2607],[140.407,40.2603],[140.4069,40.2607],[140.4084,40.2618],[140.408,40.2621],[140.4074,40.2633],[140.4086,40.2638],[140.4089,40.2643],[140.4097,40.2647],[140.4098,40.2651],[140.4104,40.2657],[140.4106,40.2662],[140.4105,40.267],[140.411,40.2672],[140.4128,40.2689],[140.4133,40.2691],[140.4145,40.2701],[140.4146,40.2704],[140.4161,40.2716],[140.416,40.2724],[140.4162,40.2743],[140.4155,40.2748],[140.4143,40.2747],[140.4134,40.2749],[140.4127,40.2755],[140.4122,40.2762],[140.4119,40.2769],[140.4114,40.2772],[140.4107,40.2772],[140.4093,40.2776],[140.409,40.2779],[140.4088,40.2789],[140.4078,40.2793],[140.4069,40.2789],[140.4066,40.2791],[140.4064,40.2799],[140.4054,40.2799],[140.4047,40.2805],[140.4048,40.2809],[140.4054,40.2819],[140.4037,40.282],[140.4033,40.2826],[140.4022,40.2834],[140.4017,40.2842],[140.4018,40.2851],[140.4014,40.2855],[140.4007,40.2857],[140.4007,40.2864],[140.401,40.2873],[140.4017,40.2878],[140.4015,40.2883],[140.4008,40.289],[140.4001,40.2894],[140.3999,40.2899],[140.3991,40.2903],[140.3984,40.2912],[140.397,40.2911],[140.3965,40.2916],[140.3967,40.2922],[140.3967,40.293],[140.3962,40.2938],[140.3958,40.294],[140.395,40.294],[140.3938,40.2951],[140.3944,40.2958],[140.3942,40.2961],[140.3934,40.2964],[140.3934,40.2973],[140.393,40.298],[140.3933,40.2996],[140.3922,40.3004],[140.3923,40.3008],[140.392,40.3012],[140.3907,40.3017],[140.3898,40.3032],[140.3889,40.3035],[140.3885,40.3041],[140.3886,40.305],[140.389,40.3059],[140.3873,40.3056],[140.3864,40.3056],[140.3857,40.306],[140.3853,40.3065],[140.3845,40.3069],[140.3844,40.3078],[140.3838,40.3086],[140.3833,40.3089],[140.3833,40.3094],[140.384,40.3096],[140.384,40.3103],[140.3838,40.3106],[140.3841,40.3114],[140.3839,40.312],[140.3841,40.3124],[140.3837,40.3127],[140.3841,40.3134],[140.3841,40.314],[140.3834,40.3141],[140.3831,40.3145],[140.3814,40.3155],[140.3811,40.3158],[140.3811,40.3166],[140.3806,40.3173],[140.3796,40.3175],[140.3801,40.3179],[140.3804,40.3191],[140.38,40.3194],[140.379,40.3194],[140.378,40.3198],[140.3774,40.3198],[140.3768,40.3207],[140.3772,40.3214],[140.3777,40.3218],[140.3776,40.3222],[140.3785,40.3231],[140.3777,40.3236],[140.3772,40.3243],[140.3758,40.3249],[140.3767,40.3253],[140.3779,40.3261],[140.3775,40.3264],[140.3766,40.3264],[140.3764,40.3267],[140.3768,40.3275],[140.3767,40.3282],[140.3757,40.3287],[140.3759,40.3296],[140.3764,40.3303],[140.3757,40.3317],[140.3761,40.3333],[140.375,40.3339],[140.3749,40.3357],[140.3758,40.3374],[140.3762,40.3387],[140.3754,40.3397],[140.3759,40.3404],[140.3758,40.3408],[140.3761,40.3425],[140.3758,40.3433],[140.3754,40.3439],[140.3741,40.3443],[140.374,40.3447],[140.373,40.3454],[140.3719,40.3458],[140.3715,40.3454],[140.3706,40.345],[140.3699,40.3451],[140.3701,40.3466],[140.3696,40.3469],[140.3682,40.3469],[140.3667,40.3475],[140.3671,40.3483],[140.3676,40.3485],[140.3677,40.3494],[140.3674,40.35],[140.3675,40.3504],[140.3669,40.3516],[140.365,40.352],[140.364,40.3515],[140.3617,40.3517],[140.3613,40.3515],[140.3591,40.3519],[140.3586,40.3523],[140.3567,40.3543],[140.3557,40.3545],[140.3542,40.3544],[140.3532,40.3549],[140.3531,40.3547],[140.3508,40.3524],[140.3506,40.352],[140.3509,40.3514],[140.3508,40.35],[140.3509,40.3496],[140.3501,40.3485],[140.349,40.3475],[140.3468,40.3448],[140.3469,40.3439],[140.3461,40.3433],[140.3444,40.3417],[140.3436,40.3406],[140.3429,40.3398],[140.3426,40.3392],[140.3423,40.3383],[140.3419,40.3378],[140.3398,40.3369],[140.3392,40.3364],[140.3385,40.336],[140.338,40.335],[140.3373,40.3341],[140.3368,40.3338],[140.3364,40.3326],[140.3355,40.3317],[140.336,40.3298],[140.3365,40.3295],[140.3366,40.3286],[140.3363,40.3268],[140.3367,40.3264],[140.3362,40.3249],[140.3356,40.3243],[140.3348,40.3238],[140.3345,40.3233],[140.3338,40.3232],[140.3329,40.3228],[140.3338,40.3205],[140.3338,40.3203],[140.3329,40.3202],[140.3322,40.3197],[140.3325,40.3178],[140.333,40.317],[140.3334,40.3162],[140.3334,40.315],[140.333,40.3144],[140.3311,40.3147],[140.3301,40.3146],[140.3291,40.3132],[140.329,40.3127],[140.3286,40.3123],[140.3279,40.312],[140.327,40.3121],[140.3254,40.3117],[140.3256,40.3112],[140.3255,40.3107],[140.3257,40.3102],[140.3254,40.3087],[140.3255,40.3077],[140.3258,40.3073],[140.3253,40.3069],[140.3253,40.3062],[140.3242,40.305],[140.3243,40.3045],[140.3237,40.3037],[140.3235,40.303],[140.3231,40.3028],[140.3228,40.3019],[140.3232,40.301],[140.3231,40.3004],[140.3234,40.2994],[140.3241,40.2983],[140.324,40.2969],[140.3248,40.2957],[140.325,40.2946],[140.3257,40.2941],[140.3258,40.2935],[140.3262,40.293],[140.327,40.2923],[140.3271,40.2902],[140.3274,40.2895],[140.3271,40.2888],[140.3269,40.2882],[140.3266,40.2878],[140.3262,40.2866],[140.3262,40.2845],[140.3263,40.2842],[140.3256,40.2839],[140.3253,40.2835],[140.3255,40.2829],[140.3262,40.2819],[140.3263,40.2803],[140.3258,40.28],[140.3247,40.2801],[140.3235,40.2805],[140.3231,40.2795],[140.3232,40.2791],[140.3226,40.2784],[140.3223,40.2776],[140.3226,40.2773],[140.3234,40.277],[140.3236,40.2764],[140.3235,40.2755],[140.3238,40.2748],[140.3236,40.2741],[140.3234,40.2732],[140.3231,40.2723],[140.3224,40.2722],[140.3209,40.2725],[140.319,40.2711],[140.3193,40.2707],[140.3187,40.2701],[140.3182,40.27],[140.3172,40.2701],[140.3165,40.2696],[140.3158,40.2694],[140.3155,40.269],[140.3147,40.2686],[140.3146,40.2676],[140.3141,40.2672],[140.3141,40.2666],[140.3136,40.2661],[140.313,40.2659],[140.3122,40.2648],[140.3111,40.2645],[140.3111,40.2637],[140.3107,40.2626],[140.3111,40.2619],[140.3109,40.2604],[140.3103,40.2596],[140.3096,40.258],[140.3097,40.2573],[140.3104,40.2571],[140.3104,40.2563],[140.3099,40.2558],[140.3099,40.2552],[140.3092,40.2545],[140.3087,40.2538],[140.3078,40.2526],[140.3073,40.2524],[140.3061,40.2522],[140.3055,40.2523],[140.3048,40.2529],[140.3038,40.253],[140.3032,40.2535],[140.3025,40.2534],[140.301,40.2525],[140.3003,40.253],[140.2964,40.2529],[140.2954,40.2525],[140.2934,40.2521],[140.2927,40.252],[140.2919,40.2522],[140.2905,40.2521],[140.2895,40.2527],[140.2884,40.2537],[140.2876,40.2536],[140.2864,40.2527],[140.2858,40.252],[140.2849,40.2512],[140.2843,40.2502],[140.2837,40.2495],[140.283,40.2492],[140.2826,40.2485],[140.2824,40.2475],[140.2819,40.2468],[140.2806,40.2459],[140.2802,40.2454],[140.2796,40.2451],[140.2781,40.2439],[140.2775,40.2436],[140.277,40.2426],[140.2764,40.2424],[140.276,40.2417],[140.2757,40.2412],[140.2764,40.2406],[140.2766,40.2401],[140.2753,40.2379],[140.2746,40.2372],[140.2736,40.2366],[140.2735,40.236],[140.274,40.2353],[140.2749,40.2337],[140.2757,40.2328],[140.276,40.2323],[140.2764,40.2313],[140.2769,40.2308],[140.278,40.2302],[140.2797,40.2291],[140.2802,40.2284],[140.2799,40.2276],[140.2802,40.2271],[140.2817,40.2261],[140.282,40.2251],[140.2829,40.2246],[140.2828,40.2243],[140.2819,40.2229],[140.2819,40.2217],[140.2818,40.2213],[140.2812,40.2205],[140.2809,40.2198],[140.2804,40.2194],[140.2797,40.2193],[140.2796,40.2183],[140.2802,40.2172],[140.2796,40.2165],[140.2794,40.2159],[140.2786,40.2148],[140.2779,40.2146],[140.277,40.2139],[140.2757,40.2135],[140.2745,40.2129],[140.2732,40.2117],[140.2731,40.2114],[140.2737,40.2108],[140.2746,40.2105],[140.2759,40.2106],[140.2776,40.2109],[140.2783,40.2109],[140.2792,40.2104],[140.2822,40.2108],[140.285,40.2107],[140.2863,40.2104],[140.2875,40.2099],[140.2885,40.2093],[140.2898,40.2082],[140.2904,40.2074],[140.292,40.2063],[140.2931,40.2057],[140.2948,40.205],[140.296,40.2047],[140.2979,40.2049],[140.2994,40.2052],[140.2998,40.2041],[140.2998,40.2025],[140.2994,40.2012],[140.2985,40.2007],[140.2979,40.2001],[140.2971,40.1996],[140.2965,40.1993],[140.2959,40.1985],[140.2949,40.198],[140.2942,40.1981],[140.293,40.1979],[140.2917,40.1979],[140.2908,40.1984],[140.2895,40.1981],[140.2888,40.1976],[140.2872,40.1962],[140.286,40.1956],[140.2854,40.1955],[140.283,40.1952],[140.2805,40.1954],[140.2763,40.1958],[140.2754,40.1961],[140.2747,40.1969],[140.2735,40.1963],[140.2728,40.1954],[140.2723,40.1941],[140.2725,40.1931],[140.2722,40.1923],[140.2718,40.1916],[140.2717,40.1906],[140.2709,40.1888],[140.2718,40.1878],[140.2712,40.1873],[140.2711,40.1868],[140.2703,40.1868],[140.2698,40.1862],[140.2691,40.1861],[140.2674,40.1845],[140.2658,40.1835],[140.2644,40.1834],[140.264,40.1836],[140.2626,40.1848],[140.2609,40.1847],[140.2605,40.1846],[140.2594,40.184],[140.2575,40.1835],[140.257,40.1832],[140.2549,40.1829],[140.2543,40.1818],[140.2542,40.1811],[140.2549,40.1801],[140.2541,40.1793],[140.2538,40.1773],[140.2538,40.1752],[140.254,40.1747],[140.254,40.173],[140.2541,40.1721],[140.2536,40.1708],[140.2536,40.1698],[140.2532,40.1694],[140.253,40.1688],[140.2532,40.1675],[140.2538,40.1664],[140.2543,40.1661],[140.2538,40.1651],[140.2534,40.1646],[140.2535,40.1636],[140.2543,40.1623],[140.2542,40.1616],[140.2545,40.1606],[140.2552,40.16],[140.2559,40.1599],[140.2563,40.1595],[140.2573,40.1589],[140.258,40.1587],[140.2573,40.1578],[140.2569,40.1557],[140.2569,40.1549],[140.2571,40.1543],[140.2566,40.1534],[140.2568,40.1526],[140.2565,40.1521],[140.2554,40.1516],[140.255,40.1512],[140.2549,40.1503],[140.2547,40.1486],[140.2544,40.1475],[140.2543,40.1464],[140.2534,40.1452],[140.2525,40.143],[140.2498,40.1425],[140.2497,40.1417],[140.2494,40.1401],[140.249,40.1391],[140.2481,40.1377],[140.2482,40.1365],[140.248,40.1347],[140.2483,40.1344],[140.2486,40.1335],[140.2492,40.1324],[140.2493,40.1318],[140.2503,40.1316],[140.2503,40.1307],[140.2499,40.1295],[140.2491,40.1292],[140.2484,40.1284],[140.2479,40.1273],[140.247,40.1263],[140.2474,40.1256],[140.2472,40.1244],[140.2473,40.1238],[140.248,40.1223],[140.248,40.1212],[140.2477,40.1205],[140.2469,40.12],[140.247,40.1194],[140.2477,40.119],[140.2477,40.1174],[140.2474,40.117],[140.246,40.1162],[140.2455,40.1153],[140.2455,40.1145],[140.2451,40.1142],[140.2438,40.1136],[140.2433,40.1128],[140.2429,40.1119],[140.2429,40.1113],[140.2432,40.1107],[140.2443,40.1098],[140.2451,40.108],[140.2462,40.1067],[140.2468,40.1064],[140.2473,40.1059],[140.2471,40.1041],[140.2469,40.1036],[140.2474,40.1034],[140.2483,40.1027],[140.2485,40.1024],[140.2488,40.1012],[140.2497,40.1003],[140.2501,40.0992],[140.2513,40.0986],[140.2522,40.098],[140.253,40.0971],[140.2521,40.0963],[140.252,40.0951],[140.251,40.0943],[140.2498,40.0946],[140.2495,40.0944],[140.2494,40.0928],[140.2478,40.0928],[140.2477,40.092],[140.2473,40.0909],[140.2476,40.0904],[140.2468,40.0897],[140.2468,40.0887],[140.2478,40.0885],[140.2487,40.0887],[140.2493,40.0883],[140.2491,40.0879],[140.25,40.0867],[140.2513,40.0864],[140.2546,40.0862],[140.2555,40.0857],[140.2556,40.0848],[140.2553,40.0844],[140.2545,40.0841],[140.2542,40.0834],[140.2536,40.0827],[140.2543,40.0821],[140.2548,40.0815],[140.2549,40.081],[140.2544,40.0805],[140.253,40.0802],[140.2516,40.079],[140.2522,40.0782],[140.2524,40.0768],[140.252,40.0757],[140.252,40.0748],[140.2512,40.0739],[140.2512,40.0726],[140.2516,40.0722],[140.2524,40.072],[140.2527,40.0715],[140.2535,40.0713],[140.2542,40.0713],[140.2549,40.0714],[140.2557,40.0718],[140.2563,40.0723],[140.2577,40.0724],[140.2586,40.0722],[140.2594,40.0719],[140.2605,40.0715],[140.2624,40.0712],[140.2634,40.0709],[140.2647,40.0706],[140.2658,40.0699],[140.2671,40.0695],[140.268,40.0695],[140.2688,40.0699],[140.2692,40.0697],[140.2702,40.0689],[140.2716,40.069],[140.2719,40.0689],[140.2728,40.0692],[140.2733,40.0692],[140.2739,40.0697],[140.2754,40.0698],[140.2759,40.0696],[140.2774,40.0696],[140.2784,40.0699],[140.2807,40.0698],[140.2822,40.0695],[140.2829,40.0695],[140.2842,40.0698],[140.2848,40.0703],[140.2874,40.0702],[140.288,40.0704],[140.2888,40.0703],[140.2893,40.0706],[140.291,40.0724],[140.2913,40.0729],[140.2912,40.0735],[140.2921,40.0741],[140.293,40.0749],[140.2937,40.0763],[140.294,40.0765],[140.2954,40.0767],[140.2963,40.077],[140.2975,40.0779],[140.2977,40.0782],[140.2975,40.0799],[140.2981,40.0802],[140.2984,40.0813],[140.2987,40.0816],[140.2996,40.0817],[140.3,40.0823],[140.3012,40.0832],[140.3023,40.0833],[140.303,40.0831],[140.3039,40.0823],[140.3049,40.0822],[140.3071,40.0817],[140.3082,40.0818],[140.3092,40.0822],[140.3098,40.0831],[140.3103,40.0833],[140.3128,40.083],[140.3132,40.0831],[140.3139,40.0835],[140.3151,40.0839],[140.3157,40.0846],[140.3164,40.0846],[140.3164,40.0854],[140.3162,40.087],[140.317,40.0884],[140.3169,40.0893],[140.3164,40.0902],[140.3176,40.0909],[140.3186,40.0913],[140.319,40.0909],[140.3194,40.0901],[140.3196,40.0888],[140.3214,40.0875],[140.3216,40.0869],[140.3225,40.0862],[140.3235,40.0851],[140.3242,40.0838],[140.3254,40.0831],[140.3262,40.0817],[140.3269,40.0817],[140.3278,40.0821],[140.3285,40.0818],[140.3291,40.0822],[140.3303,40.0828],[140.3316,40.0836],[140.3338,40.0842],[140.3348,40.0847],[140.3359,40.0848],[140.3365,40.0846],[140.3372,40.0851],[140.3384,40.0851],[140.3391,40.0854],[140.3395,40.0859],[140.3397,40.0869],[140.3397,40.0878],[140.3401,40.0886],[140.3406,40.0893],[140.3413,40.0891],[140.3424,40.0893],[140.3433,40.089],[140.3441,40.0891],[140.3449,40.0898],[140.3457,40.0902],[140.3463,40.0908],[140.348,40.0914],[140.349,40.0907],[140.3503,40.0905],[140.3509,40.0899],[140.3516,40.09],[140.3533,40.0901],[140.3538,40.0903],[140.3544,40.091],[140.3558,40.0913],[140.3565,40.091],[140.3577,40.0908],[140.3579,40.0901],[140.3585,40.0902],[140.3615,40.0899],[140.362,40.0897],[140.3632,40.09],[140.3644,40.0893],[140.3648,40.0894],[140.3661,40.0904],[140.3668,40.0902],[140.3679,40.0894],[140.3687,40.0893],[140.3696,40.0895],[140.371,40.0906],[140.3726,40.0903],[140.3736,40.0903],[140.374,40.09],[140.3756,40.0884],[140.3757,40.0877],[140.3752,40.0874],[140.3742,40.0873],[140.3731,40.0869],[140.3724,40.0871],[140.3716,40.0861],[140.3715,40.085],[140.3712,40.0839],[140.3715,40.0826],[140.3719,40.0818],[140.3719,40.081],[140.3722,40.0804],[140.3719,40.0789],[140.372,40.0781],[140.3728,40.0775],[140.3729,40.0772],[140.3725,40.0764],[140.3731,40.0755],[140.3732,40.0742],[140.3741,40.0733],[140.374,40.0728],[140.3744,40.0723],[140.3748,40.0707],[140.3755,40.0698],[140.3756,40.069],[140.3764,40.0683],[140.3766,40.0673],[140.3772,40.0666],[140.3777,40.0655],[140.3788,40.0647],[140.377,40.0639],[140.3761,40.0632],[140.3756,40.0621],[140.3748,40.062],[140.3743,40.0613],[140.3742,40.0597],[140.3743,40.0593],[140.3738,40.0581],[140.3739,40.057],[140.3754,40.0569],[140.3767,40.0564],[140.377,40.0561],[140.377,40.0556],[140.3766,40.055],[140.3765,40.0544],[140.3754,40.0534],[140.3751,40.0527],[140.3757,40.0522],[140.3769,40.0522],[140.3779,40.0522],[140.3785,40.0515],[140.3787,40.0508],[140.3785,40.0502],[140.3794,40.0497],[140.3794,40.0491],[140.3782,40.0492],[140.3779,40.049],[140.3774,40.0483],[140.3762,40.0476],[140.3758,40.0463],[140.3754,40.0459],[140.3752,40.0452],[140.3752,40.0444],[140.3744,40.0439],[140.3737,40.0431],[140.3732,40.043],[140.3716,40.0431],[140.3707,40.044],[140.3698,40.0428],[140.3692,40.0424],[140.3683,40.0421],[140.3683,40.0412],[140.3689,40.0401],[140.3692,40.0389],[140.3689,40.0381],[140.3682,40.0377],[140.3672,40.0375],[140.3663,40.0367],[140.367,40.0358],[140.367,40.0352],[140.3662,40.0348],[140.3653,40.0334],[140.3653,40.0327],[140.3645,40.0316],[140.3644,40.0309],[140.3634,40.0301],[140.3621,40.03],[140.3612,40.0297],[140.3607,40.029],[140.3593,40.0278],[140.3587,40.0271],[140.3582,40.0269],[140.3572,40.0263],[140.3571,40.0257],[140.3555,40.025],[140.3545,40.0249],[140.3541,40.0244],[140.354,40.0236],[140.3536,40.0228],[140.3522,40.0215],[140.3518,40.0207],[140.3519,40.02],[140.3525,40.0194],[140.3533,40.0191],[140.3547,40.0189],[140.3554,40.0185],[140.3574,40.0182],[140.3578,40.0179],[140.358,40.0172],[140.3579,40.0161],[140.358,40.0155],[140.3579,40.0143],[140.3571,40.0134],[140.3573,40.0122],[140.3583,40.011],[140.359,40.0107],[140.3591,40.0098],[140.3602,40.0083],[140.3609,40.0077],[140.3632,40.0073],[140.3646,40.0064],[140.3645,40.0056],[140.3652,40.0053],[140.3663,40.004],[140.3668,40.0033],[140.3676,40.0027],[140.3682,40.0022],[140.3681,40.0014],[140.3691,40.001],[140.3698,40.001],[140.3721,40.0003],[140.3718,39.9999],[140.372,39.9995],[140.3732,39.9986],[140.3736,39.9978],[140.3736,39.9971],[140.3732,39.9967],[140.3733,39.9957],[140.373,39.995],[140.3731,39.9938],[140.3734,39.9932],[140.3736,39.9925],[140.3739,39.9919],[140.374,39.9913],[140.3743,39.991],[140.3751,39.9904],[140.3759,39.9894],[140.3757,39.9889],[140.3745,39.9884],[140.3739,39.9878],[140.3737,39.9872],[140.3724,39.9866],[140.3719,39.9862],[140.3712,39.9861],[140.37,39.9857],[140.3686,39.9835],[140.3685,39.9827],[140.368,39.9822],[140.3675,39.9811],[140.3665,39.9813],[140.3655,39.9812],[140.3646,39.9813],[140.3632,39.9811],[140.3621,39.9801],[140.3615,39.9801],[140.361,39.9797],[140.3601,39.9792],[140.3592,39.9785],[140.3584,39.9785],[140.3578,39.9778],[140.3561,39.9762],[140.3555,39.9755],[140.3553,39.9749],[140.3545,39.9742],[140.3542,39.9736],[140.3533,39.9721],[140.3528,39.9719],[140.3525,39.9713],[140.3525,39.9708],[140.3533,39.9702],[140.3537,39.969],[140.3536,39.9685],[140.3551,39.9672],[140.355,39.9668],[140.3555,39.9663],[140.3552,39.9654],[140.3565,39.964],[140.3566,39.9632],[140.3575,39.9624],[140.3577,39.9621],[140.3576,39.9613],[140.3572,39.9608],[140.3571,39.9588],[140.3565,39.9577],[140.356,39.9571],[140.357,39.9561],[140.3577,39.9559],[140.3581,39.9548],[140.3585,39.9545],[140.3603,39.9539],[140.3596,39.9533],[140.3587,39.9526],[140.3586,39.9524],[140.3589,39.9499],[140.3583,39.9493],[140.3577,39.9489],[140.3567,39.9487],[140.3563,39.9471],[140.3556,39.9462],[140.3554,39.9455],[140.3554,39.9443],[140.3559,39.9435],[140.3559,39.9428],[140.3563,39.9418],[140.3571,39.9408],[140.3579,39.9401],[140.3586,39.9399],[140.36,39.9396],[140.3606,39.9393],[140.3613,39.9392],[140.3619,39.9386],[140.3619,39.9377],[140.3616,39.937],[140.3616,39.9364],[140.3611,39.9355],[140.3609,39.9348],[140.3603,39.9343],[140.3598,39.9337],[140.3598,39.9321],[140.36,39.9311],[140.3602,39.9308],[140.3602,39.93],[140.3594,39.9291],[140.3597,39.9286],[140.3604,39.9283],[140.3628,39.9281],[140.3636,39.9279],[140.3657,39.9275],[140.3662,39.9273],[140.3662,39.9269],[140.3667,39.9262],[140.3673,39.9257],[140.3689,39.9251],[140.3689,39.9246],[140.3703,39.9235],[140.3718,39.9239],[140.3723,39.9237],[140.3726,39.9228],[140.3725,39.9222],[140.3716,39.921],[140.3712,39.9198],[140.3711,39.9184],[140.3715,39.9179],[140.3718,39.9171],[140.3714,39.9165],[140.3707,39.9158],[140.3711,39.9152],[140.3722,39.9152],[140.3736,39.9144],[140.3744,39.9127],[140.3757,39.9113],[140.3757,39.9101],[140.3765,39.9088],[140.377,39.9078],[140.3769,39.9069],[140.3757,39.9058],[140.3752,39.9048],[140.3755,39.9043],[140.3756,39.9036],[140.3759,39.9031],[140.3754,39.9018],[140.3747,39.9005],[140.3743,39.9001],[140.3741,39.8995],[140.3736,39.899],[140.3736,39.8982],[140.373,39.897],[140.3728,39.896],[140.373,39.8951],[140.3728,39.8939],[140.3724,39.8931],[140.3729,39.8926],[140.3732,39.8915],[140.3743,39.8908],[140.3743,39.8891],[140.3749,39.8889],[140.3757,39.889],[140.3769,39.8886],[140.3774,39.8879],[140.378,39.8866],[140.3779,39.886],[140.3781,39.8851],[140.3789,39.8843],[140.3789,39.8836],[140.3786,39.8821],[140.3787,39.8816],[140.3803,39.8804],[140.3807,39.8801],[140.3826,39.8796],[140.3829,39.8794],[140.3834,39.8782],[140.3833,39.8778],[140.3837,39.8771],[140.3844,39.877],[140.3849,39.8767],[140.3851,39.8761],[140.3862,39.8755],[140.3849,39.8741],[140.3842,39.8734],[140.3835,39.8722],[140.3829,39.8716],[140.383,39.8713],[140.3849,39.8697],[140.3853,39.8696],[140.3864,39.8695],[140.387,39.8677],[140.3879,39.8669],[140.3878,39.8659],[140.3879,39.8653],[140.3886,39.8641],[140.389,39.8637],[140.3892,39.863],[140.3897,39.8627],[140.3891,39.8603],[140.389,39.8587],[140.3893,39.8581],[140.3902,39.8576],[140.391,39.8561],[140.391,39.8555],[140.3903,39.8549],[140.3902,39.854],[140.3905,39.8534],[140.3905,39.853],[140.3898,39.852],[140.3893,39.8507],[140.3896,39.8495],[140.3896,39.8483],[140.39,39.8478],[140.39,39.8472],[140.3907,39.8467],[140.3907,39.8462],[140.3914,39.8448],[140.3925,39.8438],[140.393,39.8436],[140.3938,39.8429],[140.3956,39.8424],[140.3967,39.8419],[140.3975,39.841],[140.3988,39.8401],[140.3996,39.8399],[140.4008,39.8386],[140.4014,39.8367],[140.4008,39.8349],[140.4013,39.8345],[140.4018,39.8338],[140.4018,39.8332],[140.4015,39.8324],[140.4021,39.8316],[140.4026,39.8305],[140.4036,39.8297],[140.404,39.8291],[140.4045,39.8289],[140.4058,39.8287],[140.4079,39.8286],[140.4089,39.8284],[140.4099,39.828],[140.4104,39.8279],[140.4112,39.8282],[140.4124,39.8283],[140.413,39.8282],[140.4143,39.8285],[140.415,39.8284],[140.4166,39.8287],[140.4171,39.8281],[140.4176,39.828],[140.4183,39.8272],[140.419,39.8268],[140.4204,39.8265],[140.4213,39.8259],[140.4222,39.8258],[140.423,39.8254],[140.4244,39.825],[140.4255,39.8251],[140.4265,39.825],[140.4275,39.8252],[140.4281,39.8251],[140.4289,39.8246],[140.43,39.8246],[140.4308,39.8241],[140.431,39.8226],[140.4319,39.8219],[140.4319,39.8215],[140.4312,39.8203],[140.4318,39.8197],[140.4325,39.8197],[140.4337,39.82],[140.4345,39.8207],[140.4365,39.8213],[140.4371,39.8213],[140.4398,39.822],[140.442,39.822],[140.4431,39.8223],[140.4446,39.8221],[140.4456,39.8224],[140.4464,39.8228],[140.4479,39.8229],[140.4484,39.823],[140.4492,39.8238],[140.4513,39.824],[140.4519,39.8244],[140.4524,39.8245],[140.4531,39.8242],[140.4552,39.8238],[140.4562,39.8234],[140.4566,39.8235],[140.458,39.824],[140.4586,39.824],[140.4595,39.8236],[140.4599,39.8225],[140.4597,39.822],[140.4589,39.8207],[140.4589,39.82],[140.4599,39.8176],[140.4605,39.8164],[140.4608,39.8152],[140.461,39.8149],[140.4623,39.8144],[140.4628,39.8138],[140.4643,39.8129],[140.4653,39.8124],[140.4663,39.811],[140.4672,39.8103],[140.4675,39.8089],[140.4675,39.8079],[140.4685,39.8077],[140.4692,39.8069],[140.471,39.8054],[140.4712,39.8047],[140.4712,39.8039],[140.4719,39.8021],[140.4715,39.8013],[140.4715,39.801],[140.4725,39.8005],[140.4731,39.7993],[140.4741,39.7988],[140.4746,39.7983],[140.4747,39.7972],[140.4745,39.7964],[140.4749,39.7957],[140.4754,39.7956],[140.4767,39.796],[140.4779,39.7957],[140.4794,39.7961],[140.4804,39.7965]]]},"properties":{"N03_001":"秋田県","N03_002":"","N03_003":"","N03_004":"北秋田市","N03_007":"05213"}},
{"type":"Feature","geometry":{"type":"Polygon","coordinates":[[[139.9801,39.3131],[139.9794,39.312],[139.9788,39.3107],[139.9776,39.3093],[139.9768,39.3078],[139.9764,39.3074],[139.9756,39.3062],[139.9746,39.3046],[139.9738,39.3036],[139.9726,39.3026],[139.9721,39.3015],[139.9715,39.3008],[139.9705,39.3004],[139.9701,39.2995],[139.9694,39.2991],[139.969,39.2983],[139.9683,39.2976],[139.9682,39.2971],[139.9673,39.2965],[139.9669,39.2959],[139.9664,39.2958],[139.966,39.2951],[139.9651,39.2949],[139.9649,39.2946],[139.9643,39.2946],[139.9622,39.2941],[139.9613,39.2933],[139.9596,39.2926],[139.958,39.2925],[139.958,39.2931],[139.9569,39.293],[139.9562,39.2918],[139.956,39.2919],[139.9541,39.2916],[139.9534,39.291],[139.9516,39.2909],[139.9512,39.2904],[139.95,39.29],[139.948,39.2899],[139.9478,39.2903],[139.9467,39.2894],[139.945,39.2894],[139.9438,39.29],[139.9413,39.2893],[139.9395,39.2889],[139.9385,39.2888],[139.9376,39.2893],[139.9374,39.2896],[139.936,39.2894],[139.9346,39.2893],[139.9328,39.289],[139.9306,39.2892],[139.9302,39.2888],[139.9296,39.2887],[139.9282,39.2882],[139.9281,39.2878],[139.9289,39.2876],[139.9288,39.287],[139.9279,39.2859],[139.9261,39.2857],[139.9258,39.2856],[139.925,39.2845],[139.9245,39.2843],[139.9233,39.2829],[139.9226,39.2818],[139.9216,39.2816],[139.9205,39.2811],[139.9195,39.2808],[139.9192,39.2804],[139.9193,39.2798],[139.9191,39.2792],[139.9181,39.2784],[139.918,39.278],[139.9169,39.2767],[139.9163,39.2757],[139.9158,39.2756],[139.9154,39.2747],[139.9156,39.2724],[139.9149,39.2714],[139.9145,39.2712],[139.914,39.2691],[139.9135,39.2684],[139.9133,39.2674],[139.9126,39.2664],[139.9113,39.2662],[139.9111,39.2653],[139.9112,39.2642],[139.9117,39.2635],[139.9115,39.2633],[139.9123,39.2626],[139.9119,39.2614],[139.911,39.2617],[139.9098,39.2591],[139.908,39.2588],[139.9079,39.2584],[139.9087,39.2557],[139.9076,39.2543],[139.9078,39.2543],[139.9088,39.2557],[139.9081,39.2584],[139.9083,39.2587],[139.9098,39.2591],[139.9104,39.2571],[139.9108,39.2572],[139.9109,39.2563],[139.9124,39.2559],[139.9128,39.2553],[139.9122,39.2552],[139.9125,39.2538],[139.9129,39.2531],[139.9126,39.2524],[139.9139,39.2501],[139.9146,39.2501],[139.9149,39.2496],[139.9147,39.2486],[139.9135,39.2479],[139.9137,39.2473],[139.9134,39.247],[139.9134,39.2461],[139.9127,39.2455],[139.9117,39.2453],[139.9127,39.244],[139.9126,39.2435],[139.912,39.2431],[139.9118,39.2423],[139.9115,39.2421],[139.9111,39.2409],[139.9102,39.2393],[139.9087,39.2376],[139.908,39.2362],[139.9075,39.2354],[139.9064,39.234],[139.9062,39.2335],[139.906,39.2319],[139.9057,39.231],[139.9051,39.2303],[139.9048,39.229],[139.9043,39.2275],[139.9037,39.2271],[139.9037,39.2265],[139.9034,39.225],[139.9029,39.2242],[139.9021,39.2239],[139.902,39.2227],[139.9013,39.2222],[139.9009,39.2221],[139.9007,39.2212],[139.9002,39.2209],[139.8991,39.2209],[139.8987,39.2204],[139.8989,39.22],[139.8983,39.2196],[139.8982,39.2191],[139.8988,39.2188],[139.8978,39.218],[139.8972,39.2185],[139.8963,39.2182],[139.8966,39.218],[139.8974,39.218],[139.8975,39.2174],[139.8964,39.2166],[139.8962,39.2162],[139.8969,39.2154],[139.8966,39.2144],[139.8956,39.2143],[139.8945,39.2146],[139.8941,39.2145],[139.8934,39.2135],[139.893,39.2133],[139.893,39.2128],[139.8942,39.2129],[139.8947,39.2124],[139.8948,39.2116],[139.894,39.212],[139.8935,39.2108],[139.8933,39.2097],[139.8926,39.2094],[139.8926,39.2087],[139.8937,39.2081],[139.8942,39.207],[139.8939,39.2056],[139.8934,39.205],[139.8925,39.2044],[139.8927,39.2027],[139.8932,39.2021],[139.895,39.2017],[139.8959,39.2013],[139.8967,39.2016],[139.8968,39.2026],[139.8959,39.2027],[139.8956,39.2019],[139.895,39.2023],[139.8939,39.2025],[139.8942,39.2036],[139.8966,39.2032],[139.8973,39.2031],[139.8971,39.2026],[139.897,39.2015],[139.8996,39.2015],[139.9008,39.2011],[139.9005,39.2003],[139.902,39.1996],[139.9028,39.2001],[139.9036,39.1997],[139.9045,39.1984],[139.9053,39.1966],[139.9053,39.1957],[139.9058,39.1942],[139.9062,39.1918],[139.9061,39.1903],[139.9059,39.1893],[139.9054,39.1877],[139.905,39.1872],[139.9045,39.1861],[139.9048,39.1855],[139.9047,39.1841],[139.905,39.1833],[139.905,39.1815],[139.9042,39.1792],[139.9038,39.1781],[139.9035,39.1768],[139.9029,39.1754],[139.9024,39.1736],[139.9022,39.1732],[139.9013,39.1706],[139.9012,39.1699],[139.9003,39.1681],[139.8999,39.167],[139.8995,39.1663],[139.8991,39.165],[139.8987,39.1644],[139.8982,39.1628],[139.8973,39.1614],[139.8969,39.1605],[139.8968,39.1598],[139.896,39.1583],[139.8953,39.1567],[139.8942,39.155],[139.8933,39.1543],[139.8922,39.1536],[139.8917,39.1527],[139.891,39.1524],[139.8904,39.1524],[139.8903,39.1519],[139.8898,39.1514],[139.8892,39.1513],[139.889,39.1506],[139.8862,39.1491],[139.8857,39.149],[139.8854,39.1484],[139.8855,39.1479],[139.8851,39.1476],[139.8848,39.1465],[139.8845,39.1463],[139.8839,39.1453],[139.8834,39.1453],[139.8834,39.1447],[139.8832,39.1436],[139.8828,39.1432],[139.883,39.1422],[139.8826,39.1415],[139.8821,39.1415],[139.8818,39.1411],[139.8822,39.1407],[139.8827,39.1395],[139.8815,39.139],[139.8828,39.1386],[139.8829,39.138],[139.8823,39.1376],[139.8828,39.1374],[139.8831,39.1369],[139.884,39.1365],[139.8839,39.1358],[139.8844,39.1356],[139.8835,39.1351],[139.8841,39.1343],[139.8851,39.1335],[139.885,39.133],[139.8846,39.1326],[139.8832,39.1322],[139.8827,39.1313],[139.8826,39.1301],[139.8816,39.1294],[139.8813,39.1289],[139.8809,39.1287],[139.8811,39.1275],[139.8809,39.1268],[139.88,39.1268],[139.8782,39.1254],[139.8773,39.1251],[139.877,39.1246],[139.8779,39.1237],[139.8786,39.1236],[139.8791,39.1232],[139.8792,39.1228],[139.8786,39.1223],[139.8786,39.1219],[139.878,39.1211],[139.8771,39.1206],[139.8759,39.1205],[139.8749,39.1206],[139.8736,39.121],[139.8729,39.1213],[139.8722,39.1213],[139.8718,39.1209],[139.8711,39.1205],[139.8705,39.1206],[139.8702,39.1201],[139.871,39.12],[139.8712,39.1195],[139.8707,39.1194],[139.8704,39.1187],[139.8696,39.1183],[139.8716,39.1183],[139.8865,39.1185],[139.906,39.1188],[139.9348,39.1144],[139.9457,39.1128],[139.9481,39.1172],[139.9752,39.1103],[139.9826,39.1084],[139.9944,39.1055],[139.9966,39.1123],[139.9967,39.1128],[139.9976,39.1158],[140.0078,39.123],[140.0104,39.1236],[140.0136,39.1241],[140.0414,39.1294],[140.0469,39.1305],[140.0531,39.1316],[140.0621,39.1334],[140.0624,39.1335],[140.0639,39.1363],[140.0651,39.1387],[140.0657,39.1409],[140.0659,39.1424],[140.0659,39.1437],[140.0658,39.1448],[140.0652,39.1464],[140.0641,39.1489],[140.0635,39.1503],[140.0634,39.1513],[140.064,39.1537],[140.0643,39.1561],[140.0643,39.1575],[140.0641,39.1584],[140.0635,39.1597],[140.0635,39.1601],[140.0641,39.1613],[140.0639,39.1616],[140.0631,39.1618],[140.0613,39.1621],[140.0604,39.1625],[140.059,39.1636],[140.0581,39.1645],[140.0565,39.1663],[140.0567,39.168],[140.0564,39.1683],[140.0551,39.1684],[140.0534,39.1683],[140.0532,39.1685],[140.0512,39.1696],[140.0502,39.17],[140.0492,39.1701],[140.0476,39.1703],[140.046,39.1715],[140.0453,39.1724],[140.0446,39.1726],[140.0433,39.1741],[140.0426,39.1745],[140.0422,39.1756],[140.0422,39.1763],[140.0426,39.1776],[140.0431,39.1782],[140.0447,39.1798],[140.0449,39.1805],[140.0448,39.1811],[140.0459,39.1829],[140.046,39.1835],[140.0456,39.1849],[140.0467,39.1863],[140.0477,39.1882],[140.0489,39.189],[140.0499,39.1902],[140.0517,39.1906],[140.0521,39.191],[140.0534,39.1925],[140.0539,39.1938],[140.0536,39.1946],[140.0529,39.1984],[140.0532,39.2023],[140.0537,39.2082],[140.0537,39.209],[140.0541,39.2119],[140.0544,39.213],[140.0552,39.2151],[140.0556,39.2169],[140.0562,39.2186],[140.0572,39.2226],[140.0578,39.2242],[140.0584,39.2266],[140.0548,39.2315],[140.0523,39.2339],[140.0508,39.2346],[140.05,39.2354],[140.0484,39.2362],[140.0474,39.2363],[140.0463,39.2362],[140.046,39.2364],[140.0455,39.2373],[140.0453,39.2382],[140.0445,39.2386],[140.044,39.239],[140.0422,39.239],[140.042,39.2391],[140.0412,39.2416],[140.0415,39.2419],[140.0412,39.2431],[140.0412,39.2436],[140.0407,39.2439],[140.039,39.2443],[140.0389,39.2447],[140.0383,39.2453],[140.0378,39.2454],[140.0368,39.2464],[140.0364,39.247],[140.0349,39.247],[140.0349,39.2477],[140.0344,39.2485],[140.0333,39.2488],[140.0321,39.2486],[140.0329,39.2495],[140.0338,39.251],[140.0339,39.2515],[140.0335,39.2523],[140.038,39.2595],[140.0312,39.2635],[140.0306,39.2638],[140.0297,39.2645],[140.0218,39.2692],[140.02,39.2685],[140.0194,39.2684],[140.0185,39.2681],[140.0169,39.268],[140.0158,39.2677],[140.0146,39.2671],[140.0139,39.267],[140.012,39.2673],[140.0116,39.2677],[140.0113,39.2687],[140.0101,39.2694],[140.0098,39.2709],[140.009,39.272],[140.0078,39.2728],[140.007,39.273],[140.0068,39.2733],[140.0058,39.2739],[140.0053,39.2739],[140.0043,39.2737],[140.0034,39.2758],[140.0028,39.2766],[140.0019,39.2771],[140.0016,39.2775],[140.0006,39.2812],[139.9999,39.2817],[139.9992,39.2826],[139.9995,39.2829],[139.9994,39.2834],[139.9986,39.2842],[139.997,39.2841],[139.9963,39.2849],[139.9956,39.2848],[139.9947,39.2853],[139.9928,39.2859],[139.9924,39.2866],[139.9929,39.2876],[139.9929,39.2892],[139.9936,39.2896],[139.9957,39.2891],[139.9963,39.2889],[139.9962,39.2896],[139.9963,39.2908],[139.9959,39.2914],[139.9959,39.2919],[139.9974,39.293],[139.9996,39.2936],[140.0028,39.2943],[140.0024,39.2945],[140.0013,39.2948],[140.0005,39.2958],[139.9987,39.2964],[139.996,39.2962],[139.9956,39.2965],[139.9944,39.2975],[139.9935,39.298],[139.9935,39.2991],[139.9926,39.3002],[139.9922,39.301],[139.9914,39.3018],[139.9903,39.3025],[139.9899,39.3036],[139.9904,39.3054],[139.9905,39.3062],[139.9903,39.3068],[139.9886,39.3076],[139.9881,39.3079],[139.9879,39.3088],[139.9872,39.3096],[139.9855,39.3103],[139.9852,39.3107],[139.9844,39.311],[139.9832,39.3117],[139.9801,39.3131]]]},"properties":{"N03_001":"秋田県","N03_002":"","N03_003":"","N03_004":"にかほ市","N03_007":"05214"}},
{"type":"Feature","geometry":{"type":"Polygon","coordinates":[[[140.4965,39.7237],[140.4958,39.7223],[140.4956,39.7214],[140.4958,39.7208],[140.4957,39.7199],[140.4954,39.7194],[140.4945,39.7181],[140.4944,39.7179],[140.4953,39.7164],[140.4951,39.7146],[140.4952,39.714],[140.4959,39.7137],[140.4975,39.7116],[140.4969,39.7106],[140.4972,39.7094],[140.4967,39.7072],[140.4973,39.7063],[140.4987,39.7052],[140.499,39.7047],[140.4997,39.704],[140.4994,39.7035],[140.4999,39.7019],[140.4996,39.7009],[140.5002,39.6987],[140.5002,39.6979],[140.5004,39.6976],[140.5017,39.6975],[140.5021,39.6965],[140.5029,39.6961],[140.5033,39.6956],[140.504,39.6952],[140.5046,39.6947],[140.5051,39.6938],[140.505,39.6931],[140.5046,39.6926],[140.5021,39.6911],[140.5015,39.6911],[140.4999,39.6902],[140.4974,39.6894],[140.4968,39.689],[140.496,39.6876],[140.4954,39.6865],[140.4952,39.6859],[140.4953,39.685],[140.4949,39.6842],[140.4949,39.6834],[140.4946,39.6827],[140.4948,39.6816],[140.494,39.6806],[140.494,39.6796],[140.4938,39.6791],[140.4931,39.6781],[140.4931,39.6779],[140.494,39.677],[140.4935,39.6756],[140.4938,39.6745],[140.4933,39.6739],[140.4931,39.6729],[140.4925,39.6724],[140.4927,39.6716],[140.4923,39.6707],[140.4924,39.6699],[140.4922,39.6688],[140.4919,39.668],[140.4918,39.6671],[140.492,39.6658],[140.4915,39.6652],[140.4903,39.6649],[140.4895,39.6645],[140.4887,39.6642],[140.4887,39.6628],[140.4883,39.6611],[140.4875,39.6609],[140.486,39.66],[140.485,39.6598],[140.4835,39.6592],[140.4838,39.6587],[140.4833,39.6579],[140.4829,39.6576],[140.4815,39.657],[140.4796,39.6566],[140.4793,39.6561],[140.4792,39.655],[140.4795,39.6539],[140.4793,39.6537],[140.478,39.6535],[140.4774,39.6531],[140.4764,39.6519],[140.4754,39.6509],[140.4746,39.6496],[140.4737,39.6484],[140.4734,39.6476],[140.4735,39.6457],[140.4732,39.6448],[140.4732,39.6438],[140.4731,39.6434],[140.472,39.6423],[140.4717,39.6411],[140.4719,39.639],[140.4717,39.6383],[140.471,39.6378],[140.4696,39.6372],[140.4694,39.6359],[140.469,39.635],[140.4689,39.634],[140.4685,39.6326],[140.4685,39.6319],[140.4689,39.6309],[140.4693,39.6302],[140.4701,39.6296],[140.4706,39.629],[140.4707,39.6277],[140.4701,39.6274],[140.4694,39.6274],[140.4686,39.626],[140.469,39.6255],[140.4692,39.6249],[140.4687,39.6243],[140.4691,39.6236],[140.469,39.6231],[140.4693,39.6223],[140.4677,39.6197],[140.4677,39.6188],[140.4667,39.6182],[140.4654,39.6178],[140.465,39.6175],[140.464,39.6171],[140.4642,39.6163],[140.464,39.6156],[140.4642,39.6152],[140.4647,39.6146],[140.4648,39.6142],[140.4653,39.6133],[140.4655,39.6127],[140.4663,39.6112],[140.4667,39.6107],[140.4676,39.6102],[140.4682,39.6101],[140.4693,39.6102],[140.4697,39.6101],[140.4704,39.6094],[140.4704,39.6087],[140.471,39.6081],[140.4712,39.6076],[140.4713,39.6066],[140.4711,39.6059],[140.4703,39.6046],[140.4697,39.6042],[140.4696,39.6033],[140.4692,39.6023],[140.4694,39.6016],[140.4697,39.6011],[140.4707,39.6012],[140.4722,39.6008],[140.4732,39.6003],[140.4737,39.5998],[140.4743,39.599],[140.475,39.5987],[140.4756,39.5979],[140.4767,39.597],[140.4782,39.5973],[140.4794,39.5978],[140.48,39.5979],[140.4811,39.5972],[140.4819,39.5962],[140.4825,39.5949],[140.4834,39.5944],[140.4846,39.5944],[140.4858,39.5948],[140.4873,39.5948],[140.4884,39.5945],[140.4898,39.5948],[140.4925,39.5948],[140.4924,39.5941],[140.4918,39.5929],[140.4919,39.5925],[140.4929,39.5921],[140.4937,39.5908],[140.4946,39.5898],[140.4947,39.5887],[140.496,39.5877],[140.4961,39.5875],[140.4972,39.5872],[140.4974,39.5866],[140.4979,39.5859],[140.499,39.5858],[140.4995,39.5856],[140.5003,39.5856],[140.5001,39.5849],[140.4993,39.5844],[140.4991,39.5837],[140.4986,39.5832],[140.4993,39.5823],[140.4992,39.5809],[140.4996,39.5804],[140.4992,39.5799],[140.4991,39.579],[140.4993,39.5785],[140.4988,39.5777],[140.4999,39.5764],[140.5001,39.5758],[140.5008,39.5757],[140.5021,39.5742],[140.5025,39.5734],[140.502,39.5728],[140.5017,39.5719],[140.5022,39.5712],[140.5017,39.5704],[140.5008,39.57],[140.5005,39.5694],[140.4998,39.569],[140.5,39.5685],[140.5011,39.568],[140.5026,39.5661],[140.502,39.5656],[140.5018,39.5652],[140.5028,39.5644],[140.5024,39.5637],[140.5028,39.5631],[140.5041,39.5632],[140.505,39.5628],[140.506,39.5631],[140.5076,39.5628],[140.5087,39.5619],[140.5078,39.5604],[140.5074,39.56],[140.5071,39.559],[140.5089,39.5583],[140.5119,39.5586],[140.5123,39.5585],[140.5127,39.5579],[140.5133,39.5575],[140.5152,39.557],[140.5158,39.5568],[140.5174,39.5565],[140.518,39.5561],[140.5187,39.5561],[140.5196,39.5559],[140.5204,39.5562],[140.5221,39.5562],[140.5234,39.5571],[140.5244,39.5575],[140.5255,39.5577],[140.527,39.5576],[140.5273,39.5578],[140.5281,39.557],[140.5285,39.5564],[140.5287,39.5557],[140.5284,39.5541],[140.5292,39.552],[140.5294,39.551],[140.5325,39.5516],[140.5343,39.5522],[140.535,39.5527],[140.5366,39.555],[140.5376,39.5557],[140.5408,39.558],[140.541,39.5588],[140.5404,39.5588],[140.5403,39.5592],[140.5402,39.5604],[140.5398,39.561],[140.5404,39.5618],[140.5403,39.5622],[140.5396,39.563],[140.5397,39.5637],[140.5404,39.5645],[140.5421,39.5658],[140.5455,39.5676],[140.5472,39.5683],[140.5495,39.5689],[140.5505,39.5694],[140.5512,39.57],[140.5525,39.5715],[140.553,39.5728],[140.5532,39.5746],[140.5535,39.5762],[140.5533,39.5769],[140.552,39.5791],[140.5516,39.5803],[140.5516,39.5813],[140.552,39.583],[140.5527,39.5842],[140.5532,39.5846],[140.5549,39.5845],[140.5565,39.5842],[140.5598,39.5842],[140.5602,39.5832],[140.5608,39.5828],[140.5621,39.5824],[140.5631,39.5822],[140.564,39.5823],[140.5647,39.5814],[140.566,39.5802],[140.5681,39.5789],[140.5698,39.5777],[140.5712,39.577],[140.5725,39.5768],[140.5739,39.5768],[140.5743,39.5766],[140.5759,39.5753],[140.5763,39.5749],[140.5771,39.5748],[140.5777,39.575],[140.5795,39.5752],[140.5796,39.5749],[140.5795,39.5741],[140.5806,39.5737],[140.5814,39.5739],[140.582,39.5745],[140.5823,39.5751],[140.5832,39.5755],[140.5846,39.5751],[140.586,39.5748],[140.5866,39.575],[140.5869,39.5746],[140.5879,39.5745],[140.5887,39.5741],[140.5897,39.5742],[140.5902,39.574],[140.5901,39.5737],[140.5934,39.5733],[140.5938,39.5729],[140.5954,39.5734],[140.5957,39.5748],[140.5952,39.5756],[140.5972,39.5759],[140.5968,39.5765],[140.5968,39.5783],[140.5979,39.579],[140.5993,39.5795],[140.5998,39.5824],[140.6,39.585],[140.6003,39.5853],[140.6014,39.5861],[140.6037,39.5853],[140.6049,39.5848],[140.6066,39.5846],[140.6091,39.5841],[140.6097,39.5838],[140.6107,39.5831],[140.6116,39.5827],[140.6145,39.582],[140.6158,39.5815],[140.6168,39.5807],[140.6183,39.5802],[140.6193,39.5801],[140.6204,39.579],[140.6211,39.5788],[140.6228,39.5785],[140.6235,39.578],[140.6245,39.5775],[140.626,39.5771],[140.6267,39.5768],[140.627,39.5762],[140.6281,39.5757],[140.6284,39.575],[140.6284,39.5744],[140.629,39.5735],[140.6307,39.5729],[140.6308,39.5727],[140.6301,39.5723],[140.6311,39.5712],[140.6326,39.5708],[140.633,39.5706],[140.6344,39.5704],[140.6345,39.5698],[140.636,39.5695],[140.6367,39.5696],[140.638,39.5702],[140.6388,39.5703],[140.6393,39.5709],[140.6408,39.5712],[140.6416,39.5727],[140.6418,39.5732],[140.6431,39.575],[140.644,39.575],[140.6451,39.5754],[140.6452,39.5758],[140.6461,39.5765],[140.6471,39.5783],[140.6483,39.5791],[140.6488,39.5795],[140.6498,39.5797],[140.651,39.5801],[140.6512,39.5798],[140.6526,39.5793],[140.6538,39.5794],[140.655,39.579],[140.6565,39.5793],[140.657,39.5795],[140.6576,39.5794],[140.6584,39.5801],[140.6588,39.5807],[140.6598,39.5812],[140.6614,39.5816],[140.6624,39.5825],[140.6636,39.5829],[140.6644,39.583],[140.6668,39.5825],[140.6671,39.5824],[140.6677,39.5812],[140.6699,39.5809],[140.671,39.5801],[140.6723,39.5792],[140.6735,39.5782],[140.6744,39.578],[140.6749,39.5782],[140.6767,39.578],[140.678,39.5779],[140.6799,39.5774],[140.6806,39.5775],[140.682,39.5774],[140.6839,39.5776],[140.6857,39.5778],[140.6866,39.5778],[140.6868,39.5783],[140.6873,39.5788],[140.6874,39.58],[140.6883,39.5806],[140.6889,39.5815],[140.6898,39.582],[140.6903,39.5827],[140.6902,39.5838],[140.6905,39.5845],[140.6913,39.5857],[140.6921,39.5866],[140.693,39.5872],[140.6933,39.5877],[140.6939,39.5881],[140.6946,39.5889],[140.6952,39.5891],[140.6961,39.5886],[140.6973,39.5871],[140.6981,39.5867],[140.6995,39.5866],[140.7002,39.5861],[140.7004,39.5856],[140.7011,39.585],[140.7018,39.5836],[140.7026,39.5832],[140.704,39.5831],[140.7048,39.5828],[140.7052,39.5823],[140.7071,39.5813],[140.708,39.5809],[140.7096,39.5812],[140.7106,39.5812],[140.7121,39.5815],[140.7134,39.5823],[140.7155,39.5826],[140.7162,39.5818],[140.7173,39.5809],[140.7177,39.5807],[140.719,39.5799],[140.7194,39.5794],[140.7199,39.5784],[140.7214,39.5778],[140.7235,39.5776],[140.7246,39.5771],[140.7257,39.5761],[140.7275,39.5754],[140.7276,39.5748],[140.7274,39.5736],[140.7275,39.5715],[140.7274,39.5711],[140.7282,39.5695],[140.7281,39.5689],[140.7283,39.5678],[140.7293,39.5667],[140.7304,39.5658],[140.7311,39.5659],[140.7322,39.5657],[140.734,39.5653],[140.7351,39.5653],[140.7367,39.565],[140.7379,39.565],[140.7385,39.5653],[140.7403,39.5653],[140.741,39.5655],[140.7418,39.5661],[140.7424,39.5664],[140.7442,39.5669],[140.7448,39.5673],[140.7456,39.5682],[140.7463,39.5684],[140.7469,39.5689],[140.7481,39.5692],[140.7486,39.5695],[140.7511,39.5704],[140.7518,39.5705],[140.7536,39.5705],[140.7543,39.5707],[140.7544,39.5717],[140.7552,39.5723],[140.756,39.574],[140.7563,39.5756],[140.7567,39.5761],[140.7581,39.5768],[140.7586,39.5778],[140.7601,39.5796],[140.7605,39.5804],[140.7605,39.5809],[140.7608,39.5814],[140.7622,39.5826],[140.7624,39.5837],[140.7622,39.5847],[140.7635,39.5872],[140.7643,39.5879],[140.7665,39.5885],[140.7701,39.5885],[140.7719,39.5902],[140.7732,39.5906],[140.7736,39.5908],[140.7753,39.591],[140.7767,39.5908],[140.7781,39.5902],[140.7803,39.5902],[140.7807,39.5906],[140.7806,39.5917],[140.7799,39.5929],[140.7793,39.5934],[140.7791,39.594],[140.7792,39.5949],[140.7787,39.5956],[140.7788,39.5986],[140.7794,39.6],[140.7808,39.6012],[140.7816,39.6017],[140.782,39.6022],[140.7822,39.6037],[140.7825,39.6041],[140.7838,39.6039],[140.7857,39.6037],[140.7875,39.6032],[140.7885,39.6032],[140.7897,39.6034],[140.7907,39.6034],[140.7925,39.6033],[140.7943,39.6027],[140.7963,39.6032],[140.7976,39.6042],[140.7977,39.6052],[140.798,39.6054],[140.7999,39.6063],[140.8011,39.6075],[140.8021,39.6087],[140.8029,39.6094],[140.8037,39.6104],[140.8035,39.6113],[140.8042,39.6115],[140.8049,39.612],[140.805,39.6128],[140.8043,39.6148],[140.8043,39.6154],[140.804,39.6161],[140.8037,39.617],[140.8027,39.6183],[140.8026,39.6188],[140.8035,39.62],[140.8046,39.621],[140.8051,39.622],[140.8057,39.6226],[140.8059,39.6231],[140.8065,39.6235],[140.8075,39.6236],[140.8084,39.6243],[140.8081,39.6256],[140.8082,39.6264],[140.8086,39.627],[140.8086,39.6274],[140.8079,39.6292],[140.8073,39.6299],[140.807,39.6313],[140.8071,39.6322],[140.8075,39.6327],[140.8083,39.6331],[140.8094,39.6339],[140.8103,39.6348],[140.8117,39.6367],[140.8119,39.6375],[140.8124,39.6383],[140.8127,39.6394],[140.8135,39.6405],[140.8135,39.6412],[140.8139,39.642],[140.8151,39.6433],[140.8157,39.6442],[140.8156,39.6451],[140.8153,39.6461],[140.8184,39.6469],[140.8191,39.6477],[140.8198,39.6485],[140.8215,39.6493],[140.8223,39.65],[140.8223,39.6503],[140.8212,39.6517],[140.8202,39.6528],[140.8202,39.6534],[140.8208,39.6543],[140.821,39.6561],[140.8209,39.6571],[140.8208,39.6581],[140.821,39.6587],[140.8215,39.6592],[140.8216,39.66],[140.8215,39.661],[140.8217,39.662],[140.822,39.6625],[140.8218,39.6632],[140.8219,39.664],[140.8224,39.6649],[140.823,39.6655],[140.8228,39.6665],[140.8223,39.6677],[140.8225,39.6685],[140.8226,39.6691],[140.8222,39.67],[140.8217,39.6702],[140.8214,39.672],[140.8219,39.6731],[140.8217,39.6735],[140.8205,39.6745],[140.82,39.6746],[140.8195,39.6754],[140.8199,39.6764],[140.8203,39.6772],[140.8202,39.6778],[140.8196,39.6783],[140.8197,39.6792],[140.8193,39.6795],[140.8186,39.6797],[140.8184,39.6801],[140.8189,39.681],[140.8192,39.6821],[140.8191,39.6831],[140.8192,39.684],[140.8198,39.6846],[140.8213,39.6856],[140.8218,39.6861],[140.8223,39.6869],[140.8226,39.6879],[140.8211,39.6879],[140.8202,39.6889],[140.8196,39.6894],[140.8189,39.6896],[140.8171,39.6905],[140.8157,39.691],[140.8156,39.6924],[140.8146,39.6931],[140.8134,39.6935],[140.8129,39.6938],[140.8122,39.6948],[140.8114,39.6955],[140.8113,39.697],[140.8107,39.6979],[140.81,39.6981],[140.8099,39.6984],[140.8102,39.6997],[140.8099,39.7014],[140.8091,39.7017],[140.8089,39.7021],[140.8092,39.7026],[140.8092,39.7035],[140.8097,39.7046],[140.8104,39.7054],[140.8104,39.7059],[140.8102,39.7075],[140.8099,39.708],[140.808,39.709],[140.8076,39.7095],[140.8064,39.7104],[140.8053,39.7108],[140.8027,39.7106],[140.8019,39.7107],[140.8008,39.7105],[140.7999,39.7108],[140.7991,39.7108],[140.7968,39.7104],[140.7958,39.71],[140.7951,39.7096],[140.7945,39.7096],[140.7942,39.7099],[140.7942,39.7106],[140.7936,39.7119],[140.7933,39.7132],[140.7923,39.7139],[140.7919,39.7155],[140.7916,39.7157],[140.7904,39.7158],[140.7901,39.716],[140.7898,39.7174],[140.7895,39.7177],[140.7895,39.7182],[140.7893,39.7192],[140.7883,39.7197],[140.7878,39.7214],[140.7882,39.7222],[140.7887,39.7227],[140.7882,39.7233],[140.7871,39.7235],[140.7862,39.7243],[140.7861,39.7249],[140.7855,39.7251],[140.7835,39.7255],[140.7832,39.7264],[140.7833,39.7271],[140.7837,39.7283],[140.7841,39.7287],[140.784,39.7291],[140.7833,39.7296],[140.7827,39.7301],[140.7819,39.7313],[140.7809,39.7316],[140.7796,39.7322],[140.7793,39.7325],[140.7785,39.7328],[140.7768,39.733],[140.7756,39.7328],[140.775,39.733],[140.7748,39.7346],[140.7757,39.735],[140.7793,39.7364],[140.78,39.7368],[140.7806,39.7374],[140.7808,39.738],[140.7832,39.7382],[140.7857,39.7379],[140.7869,39.738],[140.7883,39.7382],[140.7906,39.7391],[140.7935,39.7398],[140.7975,39.7412],[140.7983,39.7418],[140.7987,39.7418],[140.7997,39.7423],[140.8006,39.7431],[140.8019,39.7439],[140.8037,39.7448],[140.8053,39.7463],[140.8059,39.747],[140.8061,39.7476],[140.8061,39.749],[140.8067,39.7509],[140.8069,39.7528],[140.8068,39.7538],[140.8063,39.7544],[140.8053,39.7563],[140.8053,39.7566],[140.806,39.7572],[140.8069,39.7582],[140.8077,39.7587],[140.8085,39.7594],[140.8105,39.7595],[140.8112,39.7597],[140.8134,39.7614],[140.8146,39.7618],[140.8158,39.7625],[140.8166,39.7636],[140.8167,39.7642],[140.8161,39.7655],[140.8174,39.7668],[140.818,39.7676],[140.8182,39.7683],[140.8191,39.7703],[140.8195,39.7719],[140.8213,39.7735],[140.8222,39.7745],[140.8239,39.7745],[140.8256,39.7743],[140.8266,39.7753],[140.828,39.7762],[140.8304,39.7788],[140.8335,39.7804],[140.8346,39.7809],[140.8348,39.7819],[140.835,39.7822],[140.8369,39.7836],[140.8369,39.7842],[140.8375,39.7849],[140.838,39.7859],[140.8387,39.7863],[140.8391,39.7876],[140.84,39.7885],[140.841,39.7893],[140.842,39.7899],[140.844,39.7914],[140.8459,39.7918],[140.8465,39.7927],[140.8474,39.7926],[140.8481,39.7928],[140.8483,39.7933],[140.8475,39.7939],[140.8472,39.7946],[140.8475,39.7954],[140.8471,39.7969],[140.8475,39.7976],[140.8472,39.7983],[140.8458,39.8],[140.8451,39.8003],[140.8441,39.8006],[140.8435,39.8014],[140.8433,39.8024],[140.8429,39.8026],[140.8421,39.8038],[140.8416,39.8049],[140.8404,39.8055],[140.8397,39.8056],[140.8385,39.8049],[140.8382,39.805],[140.8349,39.8066],[140.8334,39.8069],[140.8325,39.8069],[140.8319,39.8072],[140.8302,39.8086],[140.8292,39.8093],[140.8286,39.81],[140.8274,39.8096],[140.8267,39.8095],[140.825,39.8097],[140.8246,39.8101],[140.8241,39.8112],[140.8239,39.8118],[140.823,39.8142],[140.8225,39.8148],[140.8213,39.8154],[140.8194,39.8163],[140.818,39.8166],[140.8161,39.816],[140.8153,39.816],[140.815,39.8163],[140.8131,39.8178],[140.812,39.8183],[140.8106,39.8182],[140.8091,39.8174],[140.8087,39.8168],[140.8072,39.8162],[140.8056,39.816],[140.8049,39.8152],[140.804,39.8151],[140.8034,39.8153],[140.802,39.8163],[140.8012,39.8166],[140.7997,39.8167],[140.7992,39.8168],[140.7989,39.8173],[140.7987,39.8185],[140.7984,39.819],[140.7978,39.8195],[140.7965,39.8198],[140.795,39.821],[140.7944,39.8213],[140.7927,39.8216],[140.7919,39.8217],[140.7909,39.8221],[140.789,39.8231],[140.7881,39.8233],[140.7868,39.8234],[140.7867,39.8241],[140.787,39.8248],[140.7874,39.8256],[140.7883,39.8264],[140.7874,39.8266],[140.785,39.8274],[140.7839,39.8279],[140.7834,39.8283],[140.7832,39.8289],[140.783,39.8312],[140.7832,39.8317],[140.7839,39.8322],[140.7844,39.8328],[140.7847,39.8333],[140.7857,39.8342],[140.7862,39.8352],[140.7859,39.837],[140.7859,39.8379],[140.7863,39.8387],[140.7864,39.8394],[140.7862,39.8404],[140.7853,39.8416],[140.785,39.8423],[140.7862,39.843],[140.7869,39.8441],[140.7876,39.8465],[140.7886,39.8479],[140.7892,39.8491],[140.7891,39.8502],[140.7887,39.8509],[140.7886,39.8523],[140.7882,39.8527],[140.787,39.8535],[140.786,39.8546],[140.7851,39.8552],[140.7841,39.8559],[140.7839,39.8565],[140.7858,39.8575],[140.7874,39.8586],[140.7874,39.8593],[140.7854,39.8602],[140.7848,39.8603],[140.7834,39.8604],[140.783,39.8609],[140.7833,39.8618],[140.7833,39.8623],[140.7828,39.8629],[140.7826,39.8644],[140.7827,39.8658],[140.7822,39.8674],[140.7822,39.8678],[140.7831,39.8684],[140.7841,39.8692],[140.7846,39.8714],[140.7862,39.8719],[140.7862,39.8729],[140.7867,39.8733],[140.7874,39.8736],[140.7881,39.8742],[140.7897,39.8745],[140.7913,39.8743],[140.7924,39.8748],[140.7939,39.8761],[140.7956,39.8773],[140.7965,39.8778],[140.7966,39.8784],[140.7973,39.8805],[140.7978,39.881],[140.7984,39.8811],[140.7995,39.8817],[140.8025,39.8807],[140.8066,39.8795],[140.8077,39.8793],[140.8112,39.8791],[140.814,39.8791],[140.8157,39.8794],[140.8162,39.8798],[140.8159,39.8802],[140.8159,39.8808],[140.8162,39.8818],[140.8168,39.8825],[140.8175,39.8825],[140.818,39.8821],[140.8193,39.8822],[140.8195,39.8825],[140.8204,39.8826],[140.8216,39.8826],[140.8222,39.8827],[140.8231,39.8832],[140.8234,39.8835],[140.8236,39.8844],[140.8237,39.8854],[140.8239,39.8857],[140.8251,39.8861],[140.8262,39.8861],[140.8273,39.8853],[140.8284,39.885],[140.8285,39.8848],[140.8287,39.8831],[140.8295,39.8822],[140.8303,39.882],[140.8325,39.8824],[140.8332,39.8817],[140.834,39.8812],[140.8345,39.8802],[140.8351,39.8793],[140.8349,39.8787],[140.834,39.8776],[140.8328,39.8768],[140.8322,39.8756],[140.8325,39.8751],[140.834,39.8748],[140.8357,39.8748],[140.8376,39.8757],[140.8394,39.8753],[140.84,39.8749],[140.8421,39.8745],[140.8442,39.8736],[140.8448,39.873],[140.8445,39.8725],[140.8438,39.8721],[140.8431,39.8715],[140.8432,39.8712],[140.8439,39.871],[140.845,39.8702],[140.8453,39.8695],[140.8457,39.8691],[140.8468,39.8686],[140.848,39.8677],[140.8491,39.8675],[140.8501,39.8671],[140.8529,39.8658],[140.8535,39.8658],[140.855,39.8667],[140.856,39.867],[140.8563,39.8673],[140.8567,39.8687],[140.8573,39.8696],[140.8585,39.8703],[140.8591,39.8703],[140.8608,39.8707],[140.8619,39.8711],[140.8633,39.8714],[140.8643,39.8714],[140.8663,39.8716],[140.8668,39.8715],[140.8681,39.8711],[140.869,39.871],[140.8701,39.871],[140.8715,39.8715],[140.873,39.8727],[140.8738,39.8731],[140.8757,39.8735],[140.878,39.8744],[140.8783,39.8749],[140.8786,39.8769],[140.8788,39.8774],[140.8794,39.8782],[140.8793,39.8794],[140.8798,39.8813],[140.8796,39.8833],[140.8794,39.8845],[140.8787,39.8862],[140.8773,39.8889],[140.8769,39.89],[140.8762,39.8913],[140.8749,39.8928],[140.8745,39.8935],[140.8748,39.8941],[140.8728,39.8962],[140.8719,39.8965],[140.8714,39.8969],[140.8701,39.8981],[140.8677,39.8996],[140.867,39.9008],[140.8672,39.9013],[140.868,39.9021],[140.8678,39.9034],[140.868,39.9039],[140.8683,39.9069],[140.8683,39.9078],[140.8679,39.9096],[140.8682,39.9104],[140.8681,39.9117],[140.8669,39.913],[140.8657,39.9151],[140.8653,39.9162],[140.8647,39.9168],[140.8626,39.9177],[140.86,39.9194],[140.8586,39.9202],[140.8547,39.9233],[140.8561,39.9244],[140.8558,39.9257],[140.8572,39.9276],[140.8575,39.9282],[140.8576,39.9294],[140.8576,39.9301],[140.8571,39.9311],[140.8565,39.9314],[140.8561,39.9319],[140.8543,39.9334],[140.8533,39.9341],[140.8528,39.9348],[140.8524,39.9355],[140.8523,39.9364],[140.8529,39.9373],[140.8531,39.9383],[140.8529,39.9393],[140.8529,39.9399],[140.8533,39.9403],[140.8531,39.9413],[140.8532,39.9416],[140.8538,39.9418],[140.8554,39.9427],[140.8569,39.9442],[140.857,39.945],[140.8565,39.9458],[140.856,39.9478],[140.8566,39.9497],[140.8558,39.951],[140.856,39.9516],[140.8572,39.9523],[140.8572,39.953],[140.856,39.954],[140.8549,39.9549],[140.8548,39.9558],[140.8545,39.9564],[140.854,39.957],[140.8525,39.9575],[140.8515,39.9574],[140.8502,39.9581],[140.8495,39.9582],[140.8483,39.9582],[140.8479,39.9587],[140.8479,39.9593],[140.8464,39.9601],[140.8459,39.9605],[140.8447,39.9611],[140.8441,39.9622],[140.8427,39.9624],[140.8414,39.9636],[140.8398,39.9642],[140.8381,39.9654],[140.8375,39.9655],[140.8363,39.9652],[140.8344,39.9657],[140.8334,39.9657],[140.832,39.966],[140.8314,39.9666],[140.8273,39.9696],[140.8265,39.97],[140.8248,39.9704],[140.8236,39.9707],[140.822,39.9714],[140.8198,39.9717],[140.8191,39.9729],[140.818,39.974],[140.817,39.9742],[140.8162,39.9747],[140.8151,39.9748],[140.8142,39.9757],[140.8136,39.9759],[140.8118,39.9758],[140.8101,39.9754],[140.807,39.9743],[140.805,39.9736],[140.8034,39.9733],[140.803,39.9715],[140.8018,39.9708],[140.8014,39.9703],[140.8014,39.9696],[140.8008,39.9696],[140.7997,39.9703],[140.799,39.9703],[140.7986,39.9705],[140.797,39.9705],[140.7965,39.9707],[140.7952,39.9706],[140.7942,39.9708],[140.7925,39.9707],[140.7915,39.9695],[140.7904,39.9687],[140.7901,39.9682],[140.7884,39.9674],[140.7878,39.9669],[140.7852,39.9653],[140.7845,39.9651],[140.7835,39.9649],[140.7822,39.9645],[140.7813,39.9641],[140.7805,39.964],[140.7786,39.9637],[140.7774,39.964],[140.776,39.9637],[140.7752,39.964],[140.7729,39.9636],[140.7725,39.9636],[140.7715,39.9642],[140.771,39.965],[140.7703,39.965],[140.768,39.9641],[140.7679,39.9633],[140.7675,39.9631],[140.7667,39.9631],[140.7651,39.9627],[140.7644,39.9626],[140.7635,39.9623],[140.7604,39.963],[140.7598,39.963],[140.7588,39.9635],[140.7576,39.9637],[140.7567,39.964],[140.7567,39.9643],[140.7573,39.9651],[140.757,39.9662],[140.7572,39.9665],[140.758,39.9675],[140.7574,39.9684],[140.7568,39.9696],[140.7561,39.9698],[140.7547,39.9698],[140.7532,39.9706],[140.7512,39.9717],[140.75,39.9729],[140.7495,39.9739],[140.7495,39.9744],[140.7507,39.9777],[140.7515,39.9788],[140.7535,39.9799],[140.7547,39.9806],[140.7551,39.9813],[140.7543,39.9825],[140.754,39.9833],[140.754,39.9841],[140.7537,39.9848],[140.7524,39.9856],[140.7513,39.9869],[140.7507,39.9874],[140.7495,39.9881],[140.7488,39.9883],[140.748,39.9882],[140.7465,39.9879],[140.7455,39.9882],[140.7446,39.989],[140.7441,39.9897],[140.7438,39.9908],[140.7431,39.9911],[140.7423,39.9918],[140.7422,39.993],[140.7406,39.9941],[140.7398,39.9951],[140.7396,39.9962],[140.7385,39.9972],[140.7371,39.9967],[140.7366,39.9968],[140.7358,39.9973],[140.7349,39.9975],[140.7346,39.9984],[140.7341,39.9987],[140.733,39.9996],[140.7322,39.9998],[140.7307,39.9996],[140.7275,39.9975],[140.7262,39.9976],[140.7252,39.998],[140.7247,39.9979],[140.7234,39.9967],[140.7226,39.9964],[140.7214,39.9968],[140.72,39.9978],[140.7182,39.998],[140.7168,39.9975],[140.7146,39.9973],[140.7141,39.9965],[140.7138,39.9957],[140.714,39.9951],[140.7156,39.9937],[140.7156,39.9926],[140.7154,39.9915],[140.7147,39.99],[140.714,39.9893],[140.712,39.9887],[140.7111,39.9883],[140.7103,39.9876],[140.7086,39.987],[140.7078,39.9869],[140.7067,39.9861],[140.7059,39.9858],[140.7042,39.9858],[140.7033,39.9857],[140.703,39.9853],[140.7011,39.985],[140.6999,39.9845],[140.6972,39.9816],[140.6967,39.9802],[140.6963,39.9794],[140.6968,39.9784],[140.6966,39.9772],[140.6963,39.9767],[140.6941,39.9755],[140.6941,39.975],[140.6939,39.9737],[140.6942,39.9733],[140.6955,39.9732],[140.6958,39.9729],[140.6958,39.9718],[140.6954,39.9713],[140.6946,39.9708],[140.6943,39.9704],[140.6931,39.9697],[140.6915,39.9674],[140.6904,39.9673],[140.6895,39.9671],[140.6886,39.9672],[140.6875,39.967],[140.6866,39.9671],[140.6861,39.9668],[140.6856,39.966],[140.6848,39.9655],[140.6841,39.9655],[140.6827,39.966],[140.6799,39.9652],[140.6791,39.9654],[140.6785,39.9653],[140.6775,39.9649],[140.6768,39.965],[140.6758,39.9656],[140.6753,39.9656],[140.6745,39.9654],[140.6742,39.9651],[140.6746,39.9646],[140.6744,39.964],[140.673,39.9635],[140.6732,39.9628],[140.674,39.9623],[140.6743,39.9616],[140.6731,39.9608],[140.6732,39.9605],[140.674,39.9601],[140.6756,39.9595],[140.6773,39.9593],[140.678,39.9585],[140.677,39.9585],[140.6762,39.9582],[140.6761,39.9577],[140.6756,39.9576],[140.6746,39.9578],[140.6743,39.9577],[140.674,39.9567],[140.6736,39.9565],[140.6735,39.9556],[140.6729,39.9553],[140.6705,39.9555],[140.6688,39.9554],[140.6677,39.9553],[140.6675,39.9551],[140.6679,39.9538],[140.667,39.9535],[140.6664,39.9529],[140.6649,39.9527],[140.6647,39.9524],[140.6646,39.9511],[140.664,39.9504],[140.6641,39.9496],[140.6636,39.9489],[140.6624,39.9486],[140.662,39.9483],[140.6618,39.9478],[140.6612,39.9472],[140.6612,39.9464],[140.6608,39.946],[140.6608,39.9453],[140.6595,39.9446],[140.6597,39.944],[140.6591,39.9429],[140.6596,39.9416],[140.6594,39.9408],[140.6585,39.9405],[140.658,39.9397],[140.6571,39.9395],[140.6566,39.9392],[140.6563,39.9384],[140.6555,39.9383],[140.654,39.9378],[140.6537,39.9373],[140.6527,39.9374],[140.6514,39.9367],[140.6512,39.9361],[140.6506,39.9358],[140.6499,39.9358],[140.6493,39.9354],[140.6488,39.9344],[140.6479,39.934],[140.647,39.9332],[140.6434,39.9323],[140.6425,39.933],[140.6408,39.932],[140.6399,39.932],[140.639,39.9325],[140.6385,39.9329],[140.638,39.9339],[140.6372,39.9337],[140.636,39.9338],[140.635,39.933],[140.6344,39.9322],[140.6343,39.9316],[140.6341,39.9312],[140.6341,39.9306],[140.6344,39.9296],[140.6339,39.9283],[140.6331,39.928],[140.6324,39.9281],[140.6306,39.9276],[140.6298,39.9275],[140.6298,39.9266],[140.6301,39.926],[140.6295,39.9256],[140.6291,39.9245],[140.629,39.9235],[140.6311,39.9233],[140.6316,39.9231],[140.6314,39.9225],[140.6317,39.9218],[140.6312,39.9211],[140.6318,39.9205],[140.6329,39.9207],[140.633,39.9203],[140.6328,39.9194],[140.6329,39.919],[140.6347,39.9191],[140.6357,39.9187],[140.6357,39.9177],[140.635,39.9165],[140.6332,39.915],[140.6348,39.9139],[140.6353,39.9127],[140.6344,39.9125],[140.6347,39.9112],[140.635,39.9107],[140.6346,39.9103],[140.6334,39.9098],[140.6333,39.9091],[140.6346,39.9092],[140.6357,39.9085],[140.6357,39.908],[140.6346,39.9075],[140.6346,39.9072],[140.6359,39.907],[140.6358,39.9065],[140.635,39.9063],[140.635,39.906],[140.6358,39.9058],[140.636,39.9055],[140.6347,39.905],[140.6335,39.9048],[140.6323,39.9039],[140.6334,39.9034],[140.6337,39.903],[140.6334,39.9021],[140.634,39.9015],[140.6336,39.9007],[140.634,39.8998],[140.633,39.8988],[140.6318,39.8984],[140.6312,39.8981],[140.6298,39.8977],[140.6299,39.8971],[140.6306,39.8968],[140.6305,39.8964],[140.6296,39.896],[140.6303,39.8954],[140.6293,39.8949],[140.628,39.8947],[140.6274,39.8944],[140.6273,39.8933],[140.6279,39.8932],[140.6284,39.8929],[140.6282,39.8925],[140.627,39.8916],[140.6262,39.8902],[140.6254,39.8899],[140.6245,39.8904],[140.6232,39.8906],[140.6225,39.8902],[140.6215,39.8898],[140.6203,39.8894],[140.6193,39.8889],[140.6191,39.8885],[140.6192,39.8879],[140.6188,39.887],[140.6178,39.8865],[140.6177,39.8861],[140.6187,39.8858],[140.6177,39.8852],[140.6171,39.8847],[140.6163,39.8846],[140.6158,39.8849],[140.6134,39.8843],[140.6131,39.8839],[140.613,39.8833],[140.6133,39.8823],[140.6118,39.8821],[140.6113,39.8825],[140.6114,39.8829],[140.6109,39.8838],[140.6095,39.8845],[140.6087,39.885],[140.6074,39.8857],[140.6066,39.8855],[140.6058,39.8859],[140.6047,39.8863],[140.6038,39.8863],[140.6034,39.8861],[140.6024,39.8862],[140.6007,39.8863],[140.5992,39.8861],[140.5974,39.8854],[140.5968,39.8852],[140.5961,39.8846],[140.5942,39.8846],[140.5938,39.8849],[140.5931,39.8861],[140.5925,39.8866],[140.591,39.8869],[140.5907,39.8889],[140.5898,39.8891],[140.5888,39.889],[140.5881,39.8895],[140.587,39.8897],[140.5856,39.8905],[140.5852,39.8912],[140.5846,39.8914],[140.5838,39.8924],[140.5834,39.8934],[140.5828,39.894],[140.5826,39.8946],[140.5812,39.8947],[140.5798,39.8946],[140.5789,39.895],[140.5781,39.8949],[140.5763,39.895],[140.5752,39.8945],[140.5734,39.8943],[140.5726,39.8945],[140.5716,39.8945],[140.57,39.8941],[140.5694,39.8937],[140.5685,39.8926],[140.568,39.8915],[140.5663,39.8904],[140.5652,39.8902],[140.5635,39.8897],[140.5625,39.8894],[140.5611,39.8889],[140.5605,39.8874],[140.559,39.8863],[140.5582,39.8859],[140.5581,39.885],[140.5577,39.8844],[140.5571,39.884],[140.5565,39.8841],[140.5553,39.8839],[140.5542,39.8842],[140.5535,39.8841],[140.5529,39.8837],[140.5521,39.8835],[140.5505,39.8821],[140.5492,39.8822],[140.5484,39.882],[140.5476,39.881],[140.547,39.8812],[140.5464,39.8811],[140.5456,39.8815],[140.5451,39.8821],[140.5444,39.8822],[140.5439,39.8826],[140.5439,39.8832],[140.5424,39.883],[140.5408,39.8832],[140.5401,39.8834],[140.5396,39.883],[140.5391,39.8822],[140.5378,39.8811],[140.5377,39.8802],[140.5378,39.8795],[140.5376,39.8787],[140.5378,39.8769],[140.5372,39.8763],[140.5368,39.8758],[140.5354,39.8746],[140.5354,39.8744],[140.5361,39.8738],[140.5358,39.8716],[140.5346,39.8713],[140.5335,39.8697],[140.5328,39.8691],[140.5329,39.8684],[140.5333,39.868],[140.5345,39.8677],[140.535,39.8675],[140.5351,39.8666],[140.5355,39.8662],[140.5364,39.8659],[140.5368,39.8648],[140.5377,39.8636],[140.5377,39.8633],[140.5364,39.8625],[140.5365,39.862],[140.5369,39.8611],[140.536,39.8606],[140.5352,39.8606],[140.5345,39.8602],[140.5339,39.8601],[140.5335,39.8595],[140.533,39.8593],[140.5318,39.8595],[140.5313,39.8588],[140.5322,39.8572],[140.5319,39.8568],[140.5299,39.8565],[140.5288,39.8563],[140.5285,39.8559],[140.5285,39.8551],[140.5284,39.8542],[140.5287,39.8538],[140.5299,39.8532],[140.5296,39.8529],[140.5281,39.852],[140.5279,39.8515],[140.5278,39.8504],[140.5272,39.85],[140.5262,39.8497],[140.5253,39.849],[140.5236,39.8478],[140.5223,39.8476],[140.522,39.8473],[140.5212,39.8473],[140.52,39.8476],[140.5189,39.8471],[140.5184,39.8471],[140.517,39.8477],[140.5163,39.8472],[140.5147,39.8469],[140.5141,39.8466],[140.5132,39.8452],[140.512,39.8442],[140.5108,39.8419],[140.5099,39.8409],[140.5096,39.84],[140.5098,39.8395],[140.5108,39.8382],[140.5116,39.8379],[140.5111,39.8359],[140.5101,39.8348],[140.5101,39.8344],[140.511,39.8339],[140.5114,39.8327],[140.5125,39.8312],[140.5134,39.8307],[140.5138,39.8302],[140.5137,39.8294],[140.5141,39.8286],[140.5141,39.8281],[140.5135,39.8275],[140.515,39.8265],[140.5153,39.8262],[140.5152,39.8249],[140.5153,39.8241],[140.5148,39.8231],[140.5148,39.8223],[140.5155,39.8201],[140.5168,39.8198],[140.5172,39.8195],[140.5172,39.8183],[140.517,39.8171],[140.5171,39.8166],[140.5168,39.8162],[140.5159,39.8155],[140.5157,39.8151],[140.5158,39.8139],[140.5152,39.8132],[140.5142,39.8128],[140.5143,39.8115],[140.5135,39.8104],[140.5127,39.8101],[140.5091,39.8099],[140.5082,39.8098],[140.5071,39.8084],[140.5062,39.808],[140.5052,39.8079],[140.5047,39.8073],[140.5041,39.8068],[140.5028,39.8066],[140.501,39.8071],[140.4986,39.8059],[140.4966,39.8062],[140.4959,39.806],[140.4944,39.8048],[140.4939,39.8047],[140.4924,39.8046],[140.4915,39.8044],[140.4911,39.8048],[140.4898,39.8052],[140.4884,39.8053],[140.4878,39.8049],[140.4865,39.8043],[140.4863,39.8038],[140.4869,39.803],[140.4862,39.8022],[140.4848,39.8015],[140.4842,39.8007],[140.4837,39.8003],[140.4832,39.799],[140.4824,39.7986],[140.4825,39.7981],[140.4818,39.797],[140.4804,39.7965],[140.4804,39.7958],[140.4807,39.7955],[140.482,39.7949],[140.4831,39.7946],[140.4835,39.7944],[140.4842,39.7933],[140.4843,39.7919],[140.4841,39.7911],[140.4844,39.7899],[140.4849,39.7895],[140.4858,39.7894],[140.4862,39.7886],[140.4869,39.7883],[140.4871,39.7874],[140.4874,39.7868],[140.4872,39.7859],[140.4876,39.7851],[140.4898,39.7829],[140.4905,39.7818],[140.4901,39.7811],[140.4901,39.7807],[140.4921,39.7788],[140.4927,39.7779],[140.4932,39.7776],[140.4943,39.7774],[140.4954,39.7765],[140.4968,39.7764],[140.4969,39.7751],[140.4977,39.7739],[140.4982,39.7736],[140.4996,39.7732],[140.501,39.7724],[140.5019,39.772],[140.5037,39.7717],[140.504,39.7715],[140.5043,39.7704],[140.5049,39.7697],[140.5063,39.769],[140.5063,39.7679],[140.5066,39.7674],[140.5068,39.7664],[140.5071,39.7656],[140.5076,39.7642],[140.5076,39.7633],[140.5072,39.7622],[140.5074,39.7612],[140.5077,39.7606],[140.5079,39.7596],[140.5084,39.7588],[140.5087,39.7579],[140.5091,39.7574],[140.5095,39.756],[140.5102,39.7547],[140.512,39.754],[140.5125,39.7534],[140.5126,39.7522],[140.5128,39.7515],[140.5134,39.7507],[140.5152,39.7499],[140.5151,39.7494],[140.5155,39.7487],[140.5156,39.7478],[140.5139,39.7459],[140.5127,39.7453],[140.5114,39.7443],[140.5109,39.7438],[140.5101,39.7418],[140.5096,39.7415],[140.5087,39.7404],[140.5088,39.7392],[140.5087,39.738],[140.509,39.7374],[140.5098,39.7367],[140.5101,39.736],[140.5096,39.7355],[140.5089,39.7345],[140.5091,39.7338],[140.5088,39.7325],[140.5081,39.7319],[140.508,39.7311],[140.507,39.7303],[140.5071,39.7294],[140.5059,39.7292],[140.5052,39.7289],[140.5043,39.728],[140.5042,39.7274],[140.5034,39.7267],[140.5032,39.7262],[140.5024,39.7262],[140.502,39.7259],[140.501,39.7257],[140.5006,39.7252],[140.4992,39.7246],[140.4975,39.7245],[140.4965,39.7237]]]},"properties":{"N03_001":"秋田県","N03_002":"","N03_003":"","N03_004":"仙北市","N03_007":"05215"}},
{"type":"Feature","geometry":{"type":"Polygon","coordinates":[[[140.7255,40.2888],[140.7269,40.2881],[140.7276,40.2881],[140.7295,40.288],[140.7309,40.2884],[140.7319,40.2879],[140.733,40.2876],[140.7335,40.2868],[140.7349,40.2866],[140.7356,40.2862],[140.7359,40.2855],[140.7377,40.2847],[140.7395,40.2841],[140.7416,40.2837],[140.7423,40.2833],[140.7434,40.2832],[140.7439,40.2833],[140.7446,40.2829],[140.7453,40.2823],[140.746,40.2824],[140.7472,40.283],[140.748,40.2836],[140.7489,40.2841],[140.7501,40.2838],[140.751,40.2841],[140.7507,40.2855],[140.7499,40.2863],[140.7498,40.2871],[140.7501,40.2881],[140.7501,40.2888],[140.7497,40.2898],[140.7495,40.2918],[140.7497,40.292],[140.7492,40.2929],[140.7496,40.2934],[140.7516,40.2929],[140.7524,40.2924],[140.754,40.2919],[140.7546,40.291],[140.7547,40.2901],[140.7545,40.2898],[140.7559,40.2885],[140.7565,40.2862],[140.7568,40.2859],[140.7573,40.286],[140.7576,40.2848],[140.7583,40.2842],[140.759,40.2838],[140.7603,40.284],[140.7609,40.284],[140.7621,40.2833],[140.7631,40.2837],[140.7639,40.2836],[140.7643,40.2833],[140.765,40.2836],[140.7661,40.2839],[140.7665,40.2846],[140.7672,40.2843],[140.7677,40.2852],[140.7678,40.2859],[140.7675,40.2865],[140.7681,40.2868],[140.7678,40.2881],[140.7681,40.2885],[140.7684,40.2894],[140.768,40.2908],[140.7672,40.2921],[140.7672,40.2929],[140.7668,40.2935],[140.767,40.2946],[140.7672,40.295],[140.768,40.2943],[140.7674,40.2936],[140.7677,40.2929],[140.7678,40.292],[140.7687,40.2904],[140.7703,40.2908],[140.7707,40.2913],[140.7709,40.2918],[140.7715,40.2923],[140.7711,40.2932],[140.7709,40.2946],[140.7717,40.2956],[140.7719,40.2963],[140.7727,40.2966],[140.7733,40.2972],[140.773,40.2979],[140.7723,40.2983],[140.7719,40.2983],[140.7714,40.2988],[140.7703,40.2991],[140.7707,40.2995],[140.7717,40.2996],[140.7719,40.3],[140.7716,40.3005],[140.7708,40.3012],[140.7709,40.3017],[140.7704,40.3023],[140.7695,40.3023],[140.7693,40.3029],[140.7703,40.3034],[140.7715,40.3044],[140.7725,40.3049],[140.7725,40.3055],[140.772,40.3061],[140.7726,40.3067],[140.7726,40.3075],[140.7739,40.3086],[140.7742,40.3091],[140.7743,40.3104],[140.775,40.3108],[140.7757,40.3126],[140.7753,40.3127],[140.7748,40.3134],[140.7748,40.3139],[140.7746,40.3148],[140.7742,40.3152],[140.774,40.316],[140.7733,40.3161],[140.7723,40.317],[140.7725,40.3175],[140.7724,40.3186],[140.7736,40.3202],[140.7735,40.3208],[140.7745,40.3223],[140.7744,40.3227],[140.7747,40.3232],[140.7751,40.3234],[140.7773,40.3238],[140.7785,40.3238],[140.779,40.3236],[140.7794,40.3231],[140.7804,40.3229],[140.7797,40.3213],[140.7797,40.3198],[140.7793,40.3189],[140.7787,40.3172],[140.7785,40.3162],[140.7785,40.3153],[140.7789,40.3152],[140.7789,40.3163],[140.7803,40.3159],[140.7817,40.3157],[140.7815,40.3152],[140.7822,40.3149],[140.7826,40.3154],[140.7834,40.3177],[140.7849,40.3182],[140.7859,40.3182],[140.7873,40.3186],[140.7878,40.3191],[140.7879,40.3199],[140.7885,40.3204],[140.7883,40.3208],[140.7884,40.3216],[140.7889,40.3218],[140.7908,40.3218],[140.7914,40.322],[140.7917,40.3227],[140.793,40.3242],[140.7926,40.3252],[140.7914,40.326],[140.7906,40.326],[140.7897,40.3266],[140.7902,40.328],[140.7895,40.3286],[140.7873,40.3297],[140.7873,40.3306],[140.7869,40.3313],[140.7865,40.3322],[140.7858,40.3331],[140.7861,40.3335],[140.7878,40.3338],[140.7887,40.3343],[140.7893,40.3359],[140.7895,40.3368],[140.7891,40.3374],[140.7882,40.3385],[140.7885,40.3391],[140.788,40.34],[140.788,40.3406],[140.7882,40.3412],[140.7892,40.3422],[140.7896,40.343],[140.7899,40.3432],[140.7915,40.3439],[140.7911,40.3444],[140.7909,40.345],[140.7915,40.3466],[140.7919,40.3469],[140.7919,40.3478],[140.7917,40.3488],[140.7919,40.3496],[140.7926,40.3506],[140.7919,40.3511],[140.7915,40.3517],[140.7906,40.3519],[140.7898,40.3518],[140.7891,40.3521],[140.7884,40.352],[140.7873,40.3517],[140.786,40.3515],[140.7853,40.3518],[140.7846,40.3514],[140.7838,40.3503],[140.7827,40.3491],[140.7826,40.3499],[140.7828,40.3501],[140.7828,40.351],[140.7833,40.3518],[140.7831,40.3521],[140.7835,40.3524],[140.7833,40.353],[140.7837,40.3532],[140.784,40.3541],[140.7826,40.3546],[140.783,40.355],[140.7837,40.3554],[140.7841,40.3558],[140.7835,40.3564],[140.7844,40.3565],[140.7849,40.3564],[140.7849,40.3555],[140.7856,40.3552],[140.7855,40.3544],[140.7856,40.3542],[140.7869,40.3552],[140.7888,40.356],[140.7897,40.3558],[140.79,40.3565],[140.7902,40.3575],[140.7908,40.3583],[140.792,40.3575],[140.7923,40.3569],[140.7934,40.357],[140.7941,40.3573],[140.7949,40.357],[140.7956,40.3571],[140.7962,40.3575],[140.7976,40.3578],[140.798,40.3583],[140.7993,40.3591],[140.8012,40.3591],[140.8019,40.3595],[140.8032,40.3597],[140.8042,40.3595],[140.8056,40.3605],[140.8057,40.3611],[140.806,40.3614],[140.8072,40.362],[140.8089,40.3632],[140.8102,40.3647],[140.8112,40.3655],[140.8106,40.3658],[140.81,40.3671],[140.8102,40.3684],[140.8101,40.3694],[140.8105,40.3701],[140.8113,40.3708],[140.8122,40.3712],[140.8129,40.3723],[140.8145,40.3732],[140.8148,40.3735],[140.8153,40.3743],[140.8153,40.3749],[140.8161,40.3757],[140.8161,40.3764],[140.8159,40.3769],[140.8173,40.3775],[140.8176,40.378],[140.8181,40.3783],[140.8181,40.379],[140.8178,40.3804],[140.8189,40.3816],[140.8204,40.3829],[140.8209,40.3831],[140.8228,40.3837],[140.8236,40.3844],[140.8238,40.3851],[140.8234,40.3856],[140.8231,40.3868],[140.822,40.3878],[140.8216,40.3883],[140.8218,40.3893],[140.8219,40.3904],[140.8214,40.391],[140.8206,40.3916],[140.8208,40.3925],[140.8212,40.3929],[140.8209,40.3943],[140.8209,40.3949],[140.8214,40.3957],[140.8213,40.3962],[140.8208,40.3969],[140.8204,40.3972],[140.8188,40.3986],[140.8188,40.3994],[140.818,40.4],[140.8177,40.4012],[140.8185,40.4025],[140.8184,40.4034],[140.819,40.4042],[140.8191,40.4051],[140.8197,40.4059],[140.8213,40.406],[140.8227,40.4075],[140.8239,40.4082],[140.8254,40.4092],[140.826,40.41],[140.8268,40.4108],[140.8269,40.4112],[140.8268,40.4119],[140.8272,40.4131],[140.8272,40.4137],[140.8268,40.4147],[140.8264,40.4164],[140.8275,40.4173],[140.8277,40.4185],[140.8284,40.4194],[140.8286,40.4198],[140.8283,40.4209],[140.8285,40.4212],[140.83,40.4221],[140.8322,40.4228],[140.8325,40.4231],[140.833,40.4252],[140.8337,40.4253],[140.8349,40.425],[140.8356,40.425],[140.8365,40.4246],[140.8373,40.4245],[140.8382,40.4247],[140.8389,40.4251],[140.839,40.4257],[140.8394,40.426],[140.8419,40.4256],[140.8433,40.4235],[140.8437,40.4232],[140.845,40.4231],[140.8464,40.4219],[140.8467,40.4214],[140.8468,40.4207],[140.8473,40.4194],[140.8484,40.4181],[140.8483,40.4175],[140.8488,40.4161],[140.8485,40.4154],[140.8487,40.4144],[140.8496,40.4138],[140.8501,40.4131],[140.8507,40.413],[140.851,40.4124],[140.8511,40.4114],[140.8518,40.4108],[140.8521,40.4097],[140.8526,40.4095],[140.854,40.409],[140.8557,40.4087],[140.8573,40.4079],[140.8579,40.4079],[140.8599,40.4083],[140.861,40.4071],[140.862,40.4066],[140.8629,40.4066],[140.8639,40.4062],[140.8644,40.4062],[140.8656,40.4065],[140.8675,40.4065],[140.868,40.4064],[140.8688,40.4072],[140.8689,40.4077],[140.8698,40.4079],[140.872,40.4092],[140.8729,40.4095],[140.8734,40.4095],[140.8744,40.409],[140.8754,40.4076],[140.8768,40.4076],[140.8775,40.4077],[140.8792,40.4078],[140.883,40.4075],[140.8844,40.4078],[140.8861,40.4078],[140.8873,40.4083],[140.889,40.4085],[140.8895,40.4087],[140.8904,40.4094],[140.8909,40.41],[140.8918,40.4115],[140.8925,40.412],[140.8933,40.4124],[140.8952,40.4129],[140.8958,40.4131],[140.8962,40.4137],[140.8968,40.4139],[140.8987,40.415],[140.9003,40.4151],[140.9015,40.4145],[140.9017,40.4142],[140.903,40.4135],[140.9038,40.4133],[140.9053,40.4134],[140.9063,40.4135],[140.9083,40.4137],[140.9098,40.4143],[140.9102,40.415],[140.9117,40.4152],[140.913,40.415],[140.9135,40.4147],[140.9148,40.4144],[140.9154,40.4147],[140.9168,40.415],[140.9178,40.4149],[140.9183,40.4152],[140.9197,40.4159],[140.9208,40.4161],[140.921,40.4167],[140.9209,40.4178],[140.9214,40.4188],[140.9212,40.4197],[140.9215,40.4202],[140.9224,40.4203],[140.9232,40.4208],[140.9245,40.4206],[140.9252,40.4204],[140.9262,40.4206],[140.9268,40.4211],[140.9259,40.4216],[140.9249,40.4225],[140.9243,40.4233],[140.9235,40.424],[140.9221,40.4254],[140.9211,40.4262],[140.9206,40.427],[140.92,40.4273],[140.9192,40.4273],[140.9182,40.427],[140.9168,40.426],[140.9144,40.4251],[140.914,40.4247],[140.9137,40.4242],[140.913,40.4237],[140.9115,40.4233],[140.9109,40.4233],[140.9102,40.4238],[140.9092,40.4242],[140.9067,40.4253],[140.9042,40.4251],[140.9017,40.4253],[140.8995,40.425],[140.8978,40.4249],[140.8968,40.4252],[140.8956,40.4246],[140.8929,40.4234],[140.8923,40.4234],[140.8613,40.4406],[140.8713,40.475],[140.8781,40.4984],[140.8801,40.5102],[140.8793,40.5105],[140.8783,40.511],[140.8768,40.5111],[140.8759,40.5105],[140.8742,40.5099],[140.8732,40.5095],[140.871,40.5089],[140.8699,40.509],[140.8681,40.5082],[140.867,40.5083],[140.8659,40.508],[140.8654,40.5078],[140.8644,40.5077],[140.8632,40.5068],[140.8622,40.5065],[140.8612,40.5064],[140.8604,40.5066],[140.8587,40.5069],[140.8581,40.5068],[140.8572,40.5064],[140.8556,40.5062],[140.8546,40.5061],[140.8529,40.5053],[140.8523,40.5053],[140.8514,40.5058],[140.8499,40.5064],[140.8487,40.5076],[140.848,40.5078],[140.8474,40.5077],[140.8471,40.5074],[140.8464,40.5071],[140.845,40.5074],[140.8446,40.5071],[140.8442,40.5064],[140.8437,40.5059],[140.8425,40.5056],[140.8418,40.5051],[140.8423,40.5039],[140.842,40.5035],[140.841,40.5033],[140.8402,40.5041],[140.8389,40.504],[140.8383,40.5037],[140.8378,40.5038],[140.837,40.5041],[140.8365,40.5041],[140.8355,40.5036],[140.8352,40.5032],[140.8355,40.5027],[140.8354,40.5023],[140.8345,40.5013],[140.8335,40.5011],[140.8324,40.5012],[140.8317,40.501],[140.8312,40.5006],[140.8304,40.4994],[140.8297,40.4987],[140.8297,40.4982],[140.8286,40.4976],[140.8278,40.4975],[140.8275,40.4966],[140.8272,40.4962],[140.8264,40.4959],[140.8256,40.4961],[140.8249,40.4966],[140.8244,40.4966],[140.8235,40.4962],[140.8221,40.4963],[140.8213,40.4961],[140.82,40.4953],[140.8188,40.4937],[140.8186,40.4931],[140.8186,40.4925],[140.8173,40.492],[140.8163,40.4912],[140.8156,40.4901],[140.8147,40.4884],[140.8134,40.4882],[140.8122,40.4881],[140.8111,40.4877],[140.8106,40.4871],[140.8108,40.4857],[140.8108,40.4842],[140.8107,40.4831],[140.8097,40.4818],[140.8096,40.4812],[140.81,40.4801],[140.8115,40.4786],[140.8116,40.4779],[140.8113,40.4767],[140.8109,40.4758],[140.8101,40.4749],[140.8097,40.4741],[140.8097,40.4727],[140.8095,40.4716],[140.8089,40.4709],[140.8086,40.4698],[140.8086,40.4693],[140.8088,40.4681],[140.8086,40.4663],[140.8089,40.4654],[140.8089,40.4641],[140.8077,40.4614],[140.8075,40.4591],[140.8077,40.4578],[140.8073,40.4571],[140.8067,40.4559],[140.8061,40.4551],[140.8057,40.454],[140.8056,40.4527],[140.8051,40.451],[140.8051,40.45],[140.8038,40.4491],[140.8034,40.4486],[140.8018,40.4488],[140.8001,40.4493],[140.7986,40.4495],[140.7963,40.4492],[140.7952,40.4496],[140.7944,40.4497],[140.7935,40.4493],[140.7915,40.4513],[140.791,40.4524],[140.7913,40.4536],[140.791,40.4545],[140.7893,40.4566],[140.789,40.4568],[140.7868,40.4572],[140.7852,40.4562],[140.7833,40.4556],[140.781,40.4553],[140.7802,40.4548],[140.7798,40.4543],[140.7754,40.452],[140.7733,40.4514],[140.7724,40.4512],[140.7717,40.4515],[140.7707,40.4532],[140.7694,40.4539],[140.769,40.4538],[140.767,40.4528],[140.7658,40.4522],[140.7635,40.4516],[140.7627,40.4512],[140.7619,40.4504],[140.7617,40.4499],[140.7615,40.4487],[140.7611,40.4478],[140.7608,40.4474],[140.7592,40.4465],[140.7584,40.4462],[140.7575,40.446],[140.7568,40.4456],[140.7566,40.445],[140.7566,40.4441],[140.7564,40.4434],[140.7556,40.4426],[140.7538,40.4403],[140.7527,40.4392],[140.7521,40.4388],[140.7511,40.4386],[140.749,40.4391],[140.7477,40.4393],[140.7461,40.4383],[140.7454,40.4381],[140.7439,40.4381],[140.7419,40.4379],[140.7413,40.4379],[140.7391,40.4392],[140.7381,40.4396],[140.7372,40.4395],[140.7365,40.4398],[140.7351,40.4399],[140.7341,40.4397],[140.7335,40.4391],[140.7332,40.4385],[140.733,40.4376],[140.7327,40.4359],[140.7336,40.4354],[140.7344,40.4345],[140.7355,40.4341],[140.7353,40.4338],[140.7344,40.4334],[140.7331,40.4331],[140.7314,40.4317],[140.7312,40.4311],[140.7316,40.4305],[140.7322,40.4303],[140.7333,40.4297],[140.7343,40.4286],[140.7359,40.4279],[140.7356,40.427],[140.7356,40.4262],[140.7359,40.4253],[140.7356,40.4249],[140.7349,40.4243],[140.7343,40.4236],[140.7342,40.4231],[140.7349,40.4225],[140.7355,40.4215],[140.7351,40.4207],[140.7352,40.42],[140.7356,40.4194],[140.7355,40.419],[140.7342,40.4178],[140.734,40.417],[140.734,40.4164],[140.7336,40.4158],[140.7324,40.4159],[140.7305,40.4157],[140.7299,40.4157],[140.7286,40.4162],[140.7278,40.4161],[140.7271,40.4157],[140.726,40.4158],[140.7245,40.4161],[140.723,40.4166],[140.7226,40.4172],[140.722,40.4191],[140.7215,40.4195],[140.7206,40.4195],[140.7199,40.4197],[140.7193,40.4204],[140.7175,40.4211],[140.7175,40.4223],[140.7173,40.4232],[140.7172,40.4246],[140.7176,40.4258],[140.7166,40.4267],[140.7161,40.4276],[140.7155,40.4279],[140.7144,40.428],[140.7131,40.4285],[140.7126,40.429],[140.7115,40.4292],[140.7107,40.4296],[140.7096,40.4296],[140.7093,40.4293],[140.7093,40.4286],[140.7091,40.4279],[140.7085,40.4278],[140.7075,40.4279],[140.7057,40.428],[140.7044,40.4278],[140.7038,40.4275],[140.7027,40.4271],[140.7014,40.4273],[140.7003,40.4276],[140.6998,40.428],[140.6996,40.4288],[140.6992,40.4294],[140.6958,40.428],[140.694,40.428],[140.6933,40.4273],[140.6924,40.4272],[140.6917,40.4268],[140.6902,40.4272],[140.6893,40.4276],[140.6887,40.4277],[140.6875,40.427],[140.6866,40.4238],[140.6864,40.4224],[140.6866,40.422],[140.6877,40.4216],[140.6879,40.4212],[140.6878,40.4196],[140.6873,40.4192],[140.6873,40.4184],[140.6861,40.4177],[140.6854,40.4169],[140.6847,40.4164],[140.6837,40.4166],[140.6823,40.4166],[140.6796,40.4157],[140.6786,40.4155],[140.6777,40.415],[140.676,40.4139],[140.6759,40.4129],[140.677,40.4123],[140.6773,40.4115],[140.6769,40.4104],[140.6766,40.4084],[140.6759,40.4071],[140.6761,40.406],[140.6757,40.405],[140.6756,40.4045],[140.6762,40.4035],[140.6762,40.4031],[140.6759,40.4023],[140.6759,40.4013],[140.6754,40.4006],[140.6755,40.3993],[140.6759,40.3983],[140.6758,40.3971],[140.6763,40.3964],[140.6763,40.395],[140.6762,40.3941],[140.6765,40.3934],[140.6772,40.3929],[140.6773,40.3919],[140.6778,40.3912],[140.6774,40.3904],[140.6772,40.3889],[140.6777,40.3876],[140.6772,40.3871],[140.6771,40.3865],[140.6774,40.3862],[140.678,40.386],[140.6783,40.3852],[140.6797,40.3843],[140.6803,40.384],[140.6813,40.3839],[140.6819,40.3831],[140.6826,40.3825],[140.6828,40.3811],[140.6825,40.3799],[140.6827,40.3789],[140.6827,40.3781],[140.683,40.3773],[140.6829,40.3765],[140.6823,40.3757],[140.6827,40.375],[140.6826,40.3739],[140.6831,40.3729],[140.6835,40.3726],[140.6856,40.3721],[140.6865,40.3715],[140.6871,40.3714],[140.6893,40.3716],[140.6902,40.3711],[140.691,40.371],[140.6927,40.3703],[140.693,40.3693],[140.694,40.3683],[140.6954,40.3678],[140.6964,40.3665],[140.6965,40.3659],[140.6972,40.3651],[140.6971,40.3641],[140.6977,40.3634],[140.6978,40.3628],[140.7013,40.3613],[140.7019,40.3605],[140.7028,40.3604],[140.703,40.3586],[140.7039,40.3582],[140.7043,40.357],[140.7057,40.3558],[140.7062,40.3551],[140.7064,40.3546],[140.7063,40.354],[140.7054,40.354],[140.7045,40.3545],[140.7039,40.3543],[140.7039,40.3534],[140.7031,40.3526],[140.7029,40.3515],[140.7017,40.3505],[140.7028,40.3496],[140.7041,40.3495],[140.7046,40.3489],[140.707,40.349],[140.709,40.3494],[140.7101,40.3487],[140.7102,40.3482],[140.71,40.3476],[140.7102,40.3467],[140.7106,40.346],[140.7115,40.3455],[140.7115,40.345],[140.7113,40.3441],[140.7117,40.3431],[140.7118,40.3421],[140.7115,40.341],[140.712,40.3403],[140.7135,40.34],[140.7152,40.3401],[140.7155,40.3392],[140.7159,40.3385],[140.716,40.3376],[140.717,40.3372],[140.718,40.337],[140.718,40.3363],[140.7168,40.3353],[140.7165,40.3348],[140.7149,40.3338],[140.7148,40.3332],[140.7155,40.3323],[140.716,40.3323],[140.717,40.3317],[140.7187,40.3316],[140.7194,40.3314],[140.7208,40.3315],[140.7224,40.3307],[140.7225,40.3303],[140.7219,40.3297],[140.7203,40.3294],[140.7202,40.3282],[140.7207,40.3272],[140.7207,40.3267],[140.7201,40.3262],[140.7202,40.3254],[140.7198,40.3246],[140.7193,40.3242],[140.7187,40.3243],[140.7177,40.3237],[140.717,40.3236],[140.7165,40.3239],[140.715,40.3233],[140.7147,40.3228],[140.7139,40.3225],[140.7134,40.3218],[140.7122,40.3214],[140.7114,40.3208],[140.7113,40.3198],[140.7118,40.3188],[140.7119,40.3181],[140.7125,40.3175],[140.713,40.3166],[140.7136,40.3162],[140.7135,40.3154],[140.7129,40.3143],[140.7121,40.3137],[140.7122,40.3135],[140.7134,40.3126],[140.7139,40.312],[140.7137,40.311],[140.7139,40.3105],[140.7135,40.309],[140.7136,40.3084],[140.7142,40.3082],[140.7151,40.3077],[140.7171,40.3068],[140.718,40.3062],[140.7193,40.3059],[140.7195,40.3064],[140.7201,40.3056],[140.7198,40.3054],[140.7206,40.3047],[140.7204,40.3044],[140.7185,40.3034],[140.7194,40.3025],[140.7195,40.3014],[140.7204,40.3003],[140.7211,40.2989],[140.7218,40.2982],[140.722,40.2965],[140.7228,40.2956],[140.7238,40.2957],[140.7245,40.2954],[140.7249,40.2949],[140.7248,40.2935],[140.7243,40.2922],[140.725,40.2914],[140.7256,40.2899],[140.7255,40.2888]]]},"properties":{"N03_001":"秋田県","N03_002":"","N03_003":"鹿角郡","N03_004":"小坂町","N03_007":"05303"}},
{"type":"Feature","geometry":{"type":"Polygon","coordinates":[[[140.2965,39.8329],[140.2975,39.8331],[140.2984,39.833],[140.299,39.8327],[140.3,39.8325],[140.3012,39.8316],[140.3018,39.8314],[140.3033,39.8313],[140.3043,39.8309],[140.306,39.8304],[140.3067,39.8299],[140.3076,39.8285],[140.3078,39.8278],[140.3077,39.8272],[140.3088,39.8265],[140.3096,39.8256],[140.3097,39.8251],[140.3092,39.8246],[140.3089,39.824],[140.3088,39.8234],[140.309,39.8229],[140.3097,39.8223],[140.3102,39.8215],[140.3107,39.8203],[140.31,39.8196],[140.3089,39.8186],[140.3085,39.8176],[140.3086,39.8167],[140.3098,39.8163],[140.3113,39.8154],[140.3116,39.8144],[140.3119,39.814],[140.3134,39.8134],[140.3136,39.8132],[140.3134,39.8119],[140.313,39.8107],[140.3132,39.8092],[140.3137,39.8082],[140.3144,39.8075],[140.3144,39.8065],[140.3137,39.8036],[140.3129,39.8027],[140.3126,39.801],[140.3121,39.8006],[140.3107,39.7982],[140.311,39.7981],[140.3109,39.7972],[140.3126,39.7972],[140.3133,39.797],[140.3148,39.7968],[140.3164,39.7962],[140.3186,39.7961],[140.3206,39.7965],[140.3213,39.7968],[140.3216,39.7974],[140.323,39.7982],[140.3254,39.7999],[140.3265,39.8002],[140.3282,39.8003],[140.3297,39.8007],[140.3307,39.801],[140.3322,39.8019],[140.3332,39.8022],[140.3342,39.8032],[140.3347,39.8035],[140.3362,39.8041],[140.3386,39.8041],[140.3404,39.8046],[140.3411,39.8056],[140.3417,39.806],[140.3429,39.8065],[140.3433,39.807],[140.3445,39.8079],[140.3452,39.8086],[140.3467,39.8091],[140.3478,39.8098],[140.3484,39.8108],[140.3491,39.8115],[140.3485,39.8124],[140.3484,39.8128],[140.3487,39.8135],[140.348,39.8142],[140.3478,39.8151],[140.3468,39.8159],[140.3466,39.8164],[140.3467,39.8171],[140.3471,39.8176],[140.3478,39.819],[140.3486,39.8194],[140.3502,39.8205],[140.3518,39.8213],[140.3522,39.8222],[140.3534,39.824],[140.3547,39.8252],[140.3552,39.8254],[140.3557,39.8262],[140.3562,39.8266],[140.3574,39.8269],[140.3599,39.8273],[140.3619,39.8273],[140.3624,39.8273],[140.3636,39.8279],[140.3641,39.8283],[140.3644,39.829],[140.3661,39.8309],[140.3669,39.8317],[140.3695,39.8326],[140.3707,39.8333],[140.3708,39.8342],[140.3722,39.8358],[140.3734,39.836],[140.3755,39.8357],[140.3769,39.8349],[140.3777,39.8347],[140.3786,39.834],[140.38,39.834],[140.3807,39.8344],[140.3821,39.8348],[140.3831,39.8348],[140.384,39.8346],[140.3849,39.8347],[140.3861,39.835],[140.3869,39.8348],[140.3875,39.8349],[140.3884,39.8346],[140.39,39.835],[140.3907,39.835],[140.3932,39.8341],[140.3939,39.8333],[140.3945,39.8332],[140.3952,39.8336],[140.3969,39.8339],[140.3989,39.8345],[140.3998,39.8345],[140.4008,39.8349],[140.4014,39.8367],[140.4008,39.8386],[140.3996,39.8399],[140.3988,39.8401],[140.3975,39.841],[140.3967,39.8419],[140.3956,39.8424],[140.3938,39.8429],[140.393,39.8436],[140.3925,39.8438],[140.3914,39.8448],[140.3907,39.8462],[140.3907,39.8467],[140.39,39.8472],[140.39,39.8478],[140.3896,39.8483],[140.3896,39.8495],[140.3893,39.8507],[140.3898,39.852],[140.3905,39.853],[140.3905,39.8534],[140.3902,39.854],[140.3903,39.8549],[140.391,39.8555],[140.391,39.8561],[140.3902,39.8576],[140.3893,39.8581],[140.389,39.8587],[140.3891,39.8603],[140.3897,39.8627],[140.3892,39.863],[140.389,39.8637],[140.3886,39.8641],[140.3879,39.8653],[140.3878,39.8659],[140.3879,39.8669],[140.387,39.8677],[140.3864,39.8695],[140.3853,39.8696],[140.3849,39.8697],[140.383,39.8713],[140.3829,39.8716],[140.3835,39.8722],[140.3842,39.8734],[140.3849,39.8741],[140.3862,39.8755],[140.3851,39.8761],[140.3849,39.8767],[140.3844,39.877],[140.3837,39.8771],[140.3833,39.8778],[140.3834,39.8782],[140.3829,39.8794],[140.3826,39.8796],[140.3807,39.8801],[140.3803,39.8804],[140.3787,39.8816],[140.3786,39.8821],[140.3789,39.8836],[140.3789,39.8843],[140.3781,39.8851],[140.3779,39.886],[140.378,39.8866],[140.3774,39.8879],[140.3769,39.8886],[140.3757,39.889],[140.3749,39.8889],[140.3743,39.8891],[140.3743,39.8908],[140.3732,39.8915],[140.3729,39.8926],[140.3724,39.8931],[140.3728,39.8939],[140.373,39.8951],[140.3728,39.896],[140.373,39.897],[140.3736,39.8982],[140.3736,39.899],[140.3741,39.8995],[140.3743,39.9001],[140.3747,39.9005],[140.3754,39.9018],[140.3759,39.9031],[140.3756,39.9036],[140.3755,39.9043],[140.3752,39.9048],[140.3757,39.9058],[140.3769,39.9069],[140.377,39.9078],[140.3765,39.9088],[140.3757,39.9101],[140.3757,39.9113],[140.3744,39.9127],[140.3736,39.9144],[140.3722,39.9152],[140.3711,39.9152],[140.3707,39.9158],[140.3714,39.9165],[140.3718,39.9171],[140.3715,39.9179],[140.3711,39.9184],[140.3712,39.9198],[140.3716,39.921],[140.3725,39.9222],[140.3726,39.9228],[140.3723,39.9237],[140.3718,39.9239],[140.3703,39.9235],[140.3689,39.9246],[140.3689,39.9251],[140.3673,39.9257],[140.3667,39.9262],[140.3662,39.9269],[140.3662,39.9273],[140.3657,39.9275],[140.3636,39.9279],[140.3628,39.9281],[140.3604,39.9283],[140.3597,39.9286],[140.3594,39.9291],[140.3602,39.93],[140.3602,39.9308],[140.36,39.9311],[140.3598,39.9321],[140.3598,39.9337],[140.3603,39.9343],[140.3609,39.9348],[140.3611,39.9355],[140.3616,39.9364],[140.3616,39.937],[140.3619,39.9377],[140.3619,39.9386],[140.3613,39.9392],[140.3606,39.9393],[140.36,39.9396],[140.3586,39.9399],[140.3579,39.9401],[140.3571,39.9408],[140.3563,39.9418],[140.3559,39.9428],[140.3559,39.9435],[140.3554,39.9443],[140.3554,39.9455],[140.3556,39.9462],[140.3563,39.9471],[140.3567,39.9487],[140.3577,39.9489],[140.3583,39.9493],[140.3589,39.9499],[140.3586,39.9524],[140.3587,39.9526],[140.3596,39.9533],[140.3603,39.9539],[140.3585,39.9545],[140.3581,39.9548],[140.3577,39.9559],[140.357,39.9561],[140.356,39.9571],[140.3565,39.9577],[140.3571,39.9588],[140.3572,39.9608],[140.3576,39.9613],[140.3577,39.9621],[140.3575,39.9624],[140.3566,39.9632],[140.3565,39.964],[140.3552,39.9654],[140.3555,39.9663],[140.355,39.9668],[140.3551,39.9672],[140.3536,39.9685],[140.3537,39.969],[140.3533,39.9702],[140.3525,39.9708],[140.3525,39.9713],[140.3528,39.9719],[140.3533,39.9721],[140.3542,39.9736],[140.3545,39.9742],[140.3553,39.9749],[140.3555,39.9755],[140.3561,39.9762],[140.3578,39.9778],[140.3584,39.9785],[140.3592,39.9785],[140.3601,39.9792],[140.361,39.9797],[140.3615,39.9801],[140.3621,39.9801],[140.3632,39.9811],[140.3646,39.9813],[140.3655,39.9812],[140.3665,39.9813],[140.3675,39.9811],[140.368,39.9822],[140.3685,39.9827],[140.3686,39.9835],[140.37,39.9857],[140.3712,39.9861],[140.3719,39.9862],[140.3724,39.9866],[140.3737,39.9872],[140.3739,39.9878],[140.3745,39.9884],[140.3757,39.9889],[140.3759,39.9894],[140.3751,39.9904],[140.3743,39.991],[140.374,39.9913],[140.3739,39.9919],[140.3736,39.9925],[140.3734,39.9932],[140.3731,39.9938],[140.373,39.995],[140.3733,39.9957],[140.3732,39.9967],[140.3736,39.9971],[140.3736,39.9978],[140.3732,39.9986],[140.372,39.9995],[140.3718,39.9999],[140.3721,40.0003],[140.3698,40.001],[140.3691,40.001],[140.3681,40.0014],[140.3682,40.0022],[140.3676,40.0027],[140.3668,40.0033],[140.3663,40.004],[140.3652,40.0053],[140.3645,40.0056],[140.3646,40.0064],[140.3632,40.0073],[140.3609,40.0077],[140.3602,40.0083],[140.3591,40.0098],[140.359,40.0107],[140.3583,40.011],[140.3573,40.0122],[140.3571,40.0134],[140.3579,40.0143],[140.358,40.0155],[140.3579,40.0161],[140.358,40.0172],[140.3578,40.0179],[140.3574,40.0182],[140.3554,40.0185],[140.3547,40.0189],[140.3533,40.0191],[140.3525,40.0194],[140.3519,40.02],[140.3518,40.0207],[140.3522,40.0215],[140.3536,40.0228],[140.354,40.0236],[140.3541,40.0244],[140.3545,40.0249],[140.3555,40.025],[140.3571,40.0257],[140.3572,40.0263],[140.3582,40.0269],[140.3587,40.0271],[140.3593,40.0278],[140.3607,40.029],[140.3612,40.0297],[140.3621,40.03],[140.3634,40.0301],[140.3644,40.0309],[140.3645,40.0316],[140.3653,40.0327],[140.3653,40.0334],[140.3662,40.0348],[140.367,40.0352],[140.367,40.0358],[140.3663,40.0367],[140.3672,40.0375],[140.3682,40.0377],[140.3689,40.0381],[140.3692,40.0389],[140.3689,40.0401],[140.3683,40.0412],[140.3683,40.0421],[140.3692,40.0424],[140.3698,40.0428],[140.3707,40.044],[140.3716,40.0431],[140.3732,40.043],[140.3737,40.0431],[140.3744,40.0439],[140.3752,40.0444],[140.3752,40.0452],[140.3754,40.0459],[140.3758,40.0463],[140.3762,40.0476],[140.3774,40.0483],[140.3779,40.049],[140.3782,40.0492],[140.3794,40.0491],[140.3794,40.0497],[140.3785,40.0502],[140.3787,40.0508],[140.3785,40.0515],[140.3779,40.0522],[140.3769,40.0522],[140.3757,40.0522],[140.3751,40.0527],[140.3754,40.0534],[140.3765,40.0544],[140.3766,40.055],[140.377,40.0556],[140.377,40.0561],[140.3767,40.0564],[140.3754,40.0569],[140.3739,40.057],[140.3738,40.0581],[140.3743,40.0593],[140.3742,40.0597],[140.3743,40.0613],[140.3748,40.062],[140.3756,40.0621],[140.3761,40.0632],[140.377,40.0639],[140.3788,40.0647],[140.3777,40.0655],[140.3772,40.0666],[140.3766,40.0673],[140.3764,40.0683],[140.3756,40.069],[140.3755,40.0698],[140.3748,40.0707],[140.3744,40.0723],[140.374,40.0728],[140.3741,40.0733],[140.3732,40.0742],[140.3731,40.0755],[140.3725,40.0764],[140.3729,40.0772],[140.3728,40.0775],[140.372,40.0781],[140.3719,40.0789],[140.3722,40.0804],[140.3719,40.081],[140.3719,40.0818],[140.3715,40.0826],[140.3712,40.0839],[140.3715,40.085],[140.3716,40.0861],[140.3724,40.0871],[140.3731,40.0869],[140.3742,40.0873],[140.3752,40.0874],[140.3757,40.0877],[140.3756,40.0884],[140.374,40.09],[140.3736,40.0903],[140.3726,40.0903],[140.371,40.0906],[140.3696,40.0895],[140.3687,40.0893],[140.3679,40.0894],[140.3668,40.0902],[140.3661,40.0904],[140.3648,40.0894],[140.3644,40.0893],[140.3632,40.09],[140.362,40.0897],[140.3615,40.0899],[140.3585,40.0902],[140.3579,40.0901],[140.3577,40.0908],[140.3565,40.091],[140.3558,40.0913],[140.3544,40.091],[140.3538,40.0903],[140.3533,40.0901],[140.3516,40.09],[140.3509,40.0899],[140.3503,40.0905],[140.349,40.0907],[140.348,40.0914],[140.3463,40.0908],[140.3457,40.0902],[140.3449,40.0898],[140.3441,40.0891],[140.3433,40.089],[140.3424,40.0893],[140.3413,40.0891],[140.3406,40.0893],[140.3401,40.0886],[140.3397,40.0878],[140.3397,40.0869],[140.3395,40.0859],[140.3391,40.0854],[140.3384,40.0851],[140.3372,40.0851],[140.3365,40.0846],[140.3359,40.0848],[140.3348,40.0847],[140.3338,40.0842],[140.3316,40.0836],[140.3303,40.0828],[140.3291,40.0822],[140.3285,40.0818],[140.3278,40.0821],[140.3269,40.0817],[140.3262,40.0817],[140.3254,40.0831],[140.3242,40.0838],[140.3235,40.0851],[140.3225,40.0862],[140.3216,40.0869],[140.3214,40.0875],[140.3196,40.0888],[140.3194,40.0901],[140.319,40.0909],[140.3186,40.0913],[140.3176,40.0909],[140.3164,40.0902],[140.3169,40.0893],[140.317,40.0884],[140.3162,40.087],[140.3164,40.0854],[140.3164,40.0846],[140.3157,40.0846],[140.3151,40.0839],[140.3139,40.0835],[140.3132,40.0831],[140.3128,40.083],[140.3103,40.0833],[140.3098,40.0831],[140.3092,40.0822],[140.3082,40.0818],[140.3071,40.0817],[140.3049,40.0822],[140.3039,40.0823],[140.303,40.0831],[140.3023,40.0833],[140.3012,40.0832],[140.3,40.0823],[140.2996,40.0817],[140.2987,40.0816],[140.2984,40.0813],[140.2981,40.0802],[140.2975,40.0799],[140.2977,40.0782],[140.2975,40.0779],[140.2963,40.077],[140.2954,40.0767],[140.294,40.0765],[140.2937,40.0763],[140.293,40.0749],[140.2921,40.0741],[140.2912,40.0735],[140.2913,40.0729],[140.291,40.0724],[140.2893,40.0706],[140.2888,40.0703],[140.288,40.0704],[140.2874,40.0702],[140.2848,40.0703],[140.2842,40.0698],[140.2829,40.0695],[140.2822,40.0695],[140.2807,40.0698],[140.2784,40.0699],[140.2774,40.0696],[140.2759,40.0696],[140.2754,40.0698],[140.2739,40.0697],[140.2733,40.0692],[140.2728,40.0692],[140.2719,40.0689],[140.2716,40.069],[140.2702,40.0689],[140.2692,40.0697],[140.2688,40.0699],[140.268,40.0695],[140.2671,40.0695],[140.2658,40.0699],[140.2647,40.0706],[140.2634,40.0709],[140.2624,40.0712],[140.2605,40.0715],[140.2594,40.0719],[140.2586,40.0722],[140.2577,40.0724],[140.2563,40.0723],[140.2557,40.0718],[140.2549,40.0714],[140.2542,40.0713],[140.2538,40.0702],[140.2525,40.0694],[140.2523,40.0688],[140.2514,40.0689],[140.2501,40.0688],[140.2499,40.0686],[140.2503,40.0679],[140.2499,40.0671],[140.2501,40.0666],[140.25,40.066],[140.249,40.0656],[140.25,40.0648],[140.2499,40.0642],[140.2504,40.0639],[140.2502,40.0635],[140.2489,40.0635],[140.2482,40.063],[140.2474,40.0633],[140.2466,40.0631],[140.2456,40.0635],[140.2449,40.063],[140.244,40.0627],[140.2436,40.0621],[140.2426,40.0624],[140.2423,40.0623],[140.2408,40.0609],[140.2404,40.0605],[140.2408,40.0593],[140.2411,40.0583],[140.242,40.0578],[140.2412,40.057],[140.2401,40.0566],[140.2397,40.0563],[140.2394,40.0553],[140.2396,40.0548],[140.2406,40.0544],[140.241,40.0537],[140.2418,40.0534],[140.2422,40.0529],[140.2425,40.0521],[140.2424,40.0517],[140.2408,40.0502],[140.24,40.0492],[140.239,40.0486],[140.2381,40.0485],[140.237,40.0476],[140.2367,40.0475],[140.2361,40.0452],[140.2371,40.0442],[140.2372,40.0437],[140.2376,40.0435],[140.239,40.0432],[140.2397,40.0429],[140.2408,40.0421],[140.2409,40.0413],[140.2413,40.0409],[140.2416,40.0395],[140.2411,40.039],[140.2418,40.0382],[140.2414,40.0364],[140.2408,40.0362],[140.2408,40.0352],[140.2411,40.0344],[140.2404,40.0332],[140.2405,40.0326],[140.24,40.0322],[140.2401,40.0317],[140.241,40.0317],[140.2417,40.0315],[140.2422,40.031],[140.2429,40.0311],[140.2439,40.0302],[140.2442,40.0302],[140.245,40.0294],[140.2452,40.0286],[140.2451,40.0275],[140.2447,40.027],[140.2447,40.0261],[140.2435,40.0251],[140.2433,40.0246],[140.2426,40.0243],[140.2424,40.0233],[140.2419,40.023],[140.2415,40.0221],[140.2415,40.0214],[140.2418,40.0207],[140.2427,40.0205],[140.2433,40.0189],[140.2433,40.0177],[140.2439,40.0171],[140.2434,40.0162],[140.2427,40.0155],[140.2424,40.0151],[140.2415,40.0145],[140.2399,40.0142],[140.2386,40.0136],[140.2384,40.0123],[140.2381,40.012],[140.2369,40.012],[140.2361,40.0118],[140.2372,40.0107],[140.2375,40.0102],[140.237,40.0095],[140.2361,40.0091],[140.2356,40.0087],[140.2356,40.0081],[140.2354,40.0077],[140.2357,40.0071],[140.2363,40.0065],[140.2362,40.0057],[140.2367,40.0053],[140.2365,40.0045],[140.2368,40.0037],[140.2366,40.003],[140.2367,40.0008],[140.2365,40],[140.236,39.9997],[140.2358,39.9992],[140.2351,39.9986],[140.2344,39.9974],[140.2343,39.9964],[140.2345,39.9961],[140.2341,39.9956],[140.2345,39.9947],[140.2341,39.994],[140.2348,39.9936],[140.2357,39.9929],[140.2356,39.9924],[140.2343,39.9918],[140.2344,39.9913],[140.2352,39.9912],[140.2352,39.9904],[140.2365,39.9901],[140.2365,39.989],[140.2369,39.9887],[140.2381,39.9885],[140.2388,39.9886],[140.2404,39.9879],[140.2412,39.9878],[140.242,39.9871],[140.2422,39.9866],[140.2432,39.9854],[140.2444,39.9852],[140.2458,39.9851],[140.2466,39.9849],[140.2469,39.9844],[140.2483,39.9843],[140.2497,39.984],[140.2504,39.9836],[140.2509,39.9827],[140.2502,39.9816],[140.2502,39.9809],[140.2509,39.98],[140.2514,39.9779],[140.2513,39.9774],[140.2515,39.9761],[140.2518,39.9758],[140.2518,39.9749],[140.252,39.9739],[140.2528,39.9737],[140.2529,39.9732],[140.2524,39.9722],[140.2527,39.971],[140.2527,39.9701],[140.2521,39.9684],[140.2513,39.9678],[140.2509,39.9665],[140.2498,39.9659],[140.2492,39.965],[140.2492,39.9638],[140.249,39.963],[140.2486,39.9626],[140.249,39.9621],[140.2478,39.9606],[140.2476,39.9601],[140.2479,39.959],[140.2482,39.9587],[140.2498,39.9585],[140.2499,39.9579],[140.2504,39.9574],[140.2513,39.956],[140.2515,39.9547],[140.2529,39.9544],[140.2534,39.9541],[140.2552,39.9538],[140.2563,39.953],[140.2576,39.9527],[140.2602,39.9502],[140.2613,39.9497],[140.2616,39.9491],[140.2618,39.9483],[140.2625,39.9469],[140.2627,39.9461],[140.2633,39.945],[140.2652,39.9438],[140.2669,39.9418],[140.2669,39.9404],[140.266,39.9386],[140.2658,39.9378],[140.2667,39.9368],[140.2678,39.9364],[140.2683,39.936],[140.2688,39.9353],[140.2701,39.9343],[140.2715,39.9343],[140.2731,39.9327],[140.2742,39.932],[140.2747,39.9311],[140.275,39.9303],[140.2749,39.9297],[140.2746,39.9286],[140.2753,39.928],[140.2772,39.9278],[140.2782,39.9279],[140.2793,39.9285],[140.2799,39.9285],[140.281,39.9289],[140.2817,39.9287],[140.2822,39.9289],[140.2827,39.9294],[140.2833,39.9295],[140.284,39.9292],[140.2856,39.929],[140.286,39.9286],[140.2859,39.9275],[140.2856,39.9269],[140.2861,39.9262],[140.2865,39.9261],[140.2878,39.9263],[140.2885,39.9271],[140.2898,39.9272],[140.2904,39.9274],[140.291,39.9279],[140.2914,39.928],[140.2924,39.9275],[140.2928,39.9269],[140.2925,39.9256],[140.2928,39.9246],[140.2933,39.9239],[140.2929,39.923],[140.2935,39.9223],[140.2939,39.9215],[140.2956,39.9199],[140.2958,39.9185],[140.2952,39.9178],[140.2949,39.9161],[140.2946,39.9154],[140.2938,39.9142],[140.2938,39.9134],[140.2935,39.9129],[140.2928,39.9122],[140.2928,39.9119],[140.2939,39.9099],[140.2945,39.9094],[140.2948,39.9074],[140.2953,39.9071],[140.2956,39.9065],[140.296,39.9061],[140.2957,39.9051],[140.2957,39.9044],[140.2961,39.9037],[140.2969,39.9029],[140.2973,39.9026],[140.2983,39.9027],[140.2997,39.9016],[140.3001,39.9012],[140.2997,39.9006],[140.2987,39.8998],[140.2984,39.8993],[140.2979,39.899],[140.2974,39.8977],[140.2972,39.8964],[140.2966,39.8958],[140.297,39.8954],[140.297,39.8949],[140.2975,39.8944],[140.2975,39.8939],[140.2971,39.8927],[140.2972,39.8918],[140.2975,39.8909],[140.2975,39.8898],[140.297,39.8894],[140.2967,39.8887],[140.2968,39.8883],[140.2975,39.8874],[140.2974,39.8862],[140.298,39.8857],[140.298,39.8845],[140.2987,39.8831],[140.2991,39.8822],[140.2995,39.882],[140.3002,39.8821],[140.3014,39.8817],[140.3024,39.8809],[140.3028,39.8803],[140.3039,39.8796],[140.3028,39.8791],[140.3022,39.878],[140.3024,39.8771],[140.3022,39.8765],[140.3017,39.8762],[140.3013,39.8756],[140.3011,39.8733],[140.3003,39.8727],[140.3003,39.8717],[140.3002,39.8705],[140.2999,39.87],[140.2999,39.8691],[140.2995,39.8685],[140.2994,39.8678],[140.2989,39.8672],[140.2983,39.8659],[140.2986,39.8648],[140.2993,39.8637],[140.3002,39.863],[140.3015,39.8624],[140.3031,39.8618],[140.3043,39.861],[140.305,39.8607],[140.3049,39.8596],[140.3051,39.8584],[140.3052,39.857],[140.3046,39.8559],[140.3046,39.8554],[140.3056,39.8542],[140.3058,39.8538],[140.3055,39.8532],[140.3048,39.8525],[140.3047,39.852],[140.3052,39.851],[140.3057,39.8494],[140.3063,39.8484],[140.3065,39.8474],[140.3057,39.8454],[140.3055,39.8447],[140.3045,39.8442],[140.3043,39.8437],[140.3048,39.8433],[140.3042,39.8427],[140.3038,39.8418],[140.3025,39.8396],[140.3018,39.8379],[140.3015,39.8376],[140.3002,39.8367],[140.2993,39.8359],[140.2986,39.8345],[140.2981,39.8342],[140.2973,39.8333],[140.2965,39.8329]]]},"properties":{"N03_001":"秋田県","N03_002":"","N03_003":"北秋田郡","N03_004":"上小阿仁村","N03_007":"05327"}},
{"type":"Feature","geometry":{"type":"Polygon","coordinates":[[[140.1562,40.3741],[140.1575,40.3736],[140.1588,40.3729],[140.1596,40.3723],[140.1606,40.3719],[140.1626,40.3716],[140.1643,40.3717],[140.1662,40.3709],[140.1667,40.3703],[140.1677,40.3697],[140.1678,40.3688],[140.1682,40.3679],[140.1689,40.3677],[140.1698,40.3661],[140.1701,40.3652],[140.1707,40.3648],[140.1706,40.3642],[140.1701,40.3639],[140.1696,40.3629],[140.1701,40.3624],[140.1702,40.3619],[140.1711,40.3611],[140.1718,40.3611],[140.1735,40.3617],[140.1751,40.362],[140.1772,40.362],[140.1778,40.3617],[140.1779,40.3612],[140.1779,40.3603],[140.1788,40.3598],[140.1796,40.3595],[140.1803,40.3588],[140.1812,40.3585],[140.1826,40.3578],[140.1828,40.3575],[140.1829,40.356],[140.1832,40.3557],[140.1841,40.3554],[140.1852,40.3554],[140.1858,40.3551],[140.1864,40.3539],[140.1866,40.3537],[140.1888,40.3526],[140.1904,40.3521],[140.1924,40.3511],[140.1935,40.3502],[140.1937,40.3496],[140.1937,40.349],[140.1935,40.3487],[140.1936,40.3478],[140.1943,40.3469],[140.1942,40.3464],[140.195,40.3461],[140.1957,40.3451],[140.1968,40.3448],[140.1973,40.344],[140.1977,40.3424],[140.1976,40.3415],[140.1968,40.3409],[140.1959,40.3394],[140.1955,40.339],[140.1949,40.3373],[140.1952,40.3365],[140.1949,40.3355],[140.1949,40.3351],[140.1957,40.3328],[140.1947,40.3325],[140.1943,40.3322],[140.1938,40.3301],[140.1941,40.3288],[140.1946,40.3284],[140.1953,40.3267],[140.1949,40.326],[140.1945,40.3244],[140.1948,40.3239],[140.1946,40.3233],[140.1952,40.3229],[140.1957,40.3221],[140.195,40.3198],[140.1953,40.3193],[140.1961,40.319],[140.1966,40.3191],[140.1974,40.3183],[140.1979,40.3181],[140.1982,40.3174],[140.1982,40.3166],[140.1985,40.3154],[140.1993,40.3149],[140.1999,40.3139],[140.2005,40.3135],[140.2019,40.3129],[140.2017,40.3121],[140.202,40.3114],[140.202,40.3106],[140.2016,40.3098],[140.2021,40.3083],[140.2021,40.3079],[140.2018,40.3063],[140.2019,40.3052],[140.2016,40.304],[140.2011,40.3033],[140.2012,40.3024],[140.2016,40.3019],[140.2032,40.3012],[140.2043,40.3009],[140.2044,40.3006],[140.2045,40.2973],[140.2084,40.2973],[140.209,40.2973],[140.2091,40.2982],[140.2088,40.299],[140.2095,40.2989],[140.2107,40.2989],[140.2118,40.3008],[140.2124,40.3007],[140.2123,40.2996],[140.2119,40.2992],[140.2121,40.2987],[140.2116,40.2982],[140.2116,40.2974],[140.2127,40.298],[140.2131,40.2979],[140.214,40.2986],[140.2144,40.2983],[140.2135,40.2976],[140.2128,40.2975],[140.2125,40.2971],[140.2127,40.2966],[140.2131,40.2962],[140.213,40.2943],[140.2134,40.2939],[140.2142,40.2949],[140.2148,40.2949],[140.2144,40.2942],[140.2144,40.2934],[140.2135,40.2928],[140.2139,40.2921],[140.2144,40.292],[140.2135,40.2912],[140.2137,40.2904],[140.2134,40.2897],[140.2136,40.2888],[140.2141,40.2881],[140.2138,40.2871],[140.2146,40.2867],[140.2156,40.2871],[140.2156,40.2875],[140.2164,40.2876],[140.2166,40.2879],[140.2168,40.289],[140.2163,40.2904],[140.2165,40.2916],[140.2171,40.2921],[140.2172,40.2913],[140.2175,40.2906],[140.2178,40.2903],[140.2188,40.2901],[140.2193,40.2882],[140.2191,40.2875],[140.2176,40.2848],[140.2179,40.2839],[140.2178,40.2834],[140.2184,40.2822],[140.2178,40.2819],[140.2174,40.2814],[140.2174,40.2808],[140.2165,40.28],[140.2162,40.2793],[140.2164,40.2788],[140.2172,40.2784],[140.2175,40.2775],[140.2169,40.277],[140.2162,40.2759],[140.2147,40.2756],[140.213,40.2752],[140.2118,40.2745],[140.2111,40.2742],[140.2109,40.2738],[140.2113,40.2732],[140.211,40.2723],[140.2112,40.2716],[140.2111,40.2707],[140.2117,40.2704],[140.2116,40.2695],[140.2126,40.269],[140.213,40.2687],[140.2137,40.2686],[140.2144,40.2683],[140.2152,40.2685],[140.2158,40.2681],[140.2161,40.2673],[140.217,40.2671],[140.2179,40.268],[140.2205,40.2678],[140.2218,40.2676],[140.2226,40.2673],[140.223,40.266],[140.2227,40.2653],[140.2234,40.2645],[140.2236,40.2634],[140.2231,40.2632],[140.2217,40.2632],[140.2208,40.2629],[140.2205,40.2626],[140.2206,40.2617],[140.2202,40.2609],[140.2194,40.26],[140.2191,40.2587],[140.2195,40.258],[140.2202,40.2574],[140.221,40.2565],[140.2213,40.2554],[140.2226,40.2555],[140.2233,40.2551],[140.225,40.2546],[140.2262,40.2542],[140.2268,40.2534],[140.2273,40.2524],[140.2283,40.2522],[140.2289,40.2518],[140.2293,40.2514],[140.2302,40.2511],[140.2309,40.2501],[140.2306,40.2493],[140.2308,40.2486],[140.2319,40.2478],[140.233,40.2482],[140.2337,40.2483],[140.2346,40.2489],[140.2357,40.2492],[140.2369,40.2486],[140.2376,40.2484],[140.238,40.2479],[140.2391,40.2472],[140.2403,40.2474],[140.2415,40.2469],[140.2428,40.2459],[140.2435,40.2456],[140.2447,40.2459],[140.2453,40.2454],[140.2461,40.2452],[140.2464,40.2447],[140.2474,40.2448],[140.2482,40.2441],[140.2489,40.2448],[140.2496,40.2457],[140.2504,40.2443],[140.2524,40.2403],[140.2549,40.2412],[140.2571,40.242],[140.2587,40.2428],[140.26,40.2427],[140.2604,40.2423],[140.2614,40.2425],[140.2624,40.2428],[140.2634,40.2437],[140.2647,40.2439],[140.267,40.2432],[140.2682,40.2431],[140.2693,40.2442],[140.2702,40.2446],[140.2718,40.2448],[140.2734,40.2438],[140.2738,40.2435],[140.2742,40.2427],[140.2751,40.2425],[140.276,40.2417],[140.2764,40.2424],[140.277,40.2426],[140.2775,40.2436],[140.2781,40.2439],[140.2796,40.2451],[140.2802,40.2454],[140.2806,40.2459],[140.2819,40.2468],[140.2824,40.2475],[140.2826,40.2485],[140.283,40.2492],[140.2837,40.2495],[140.2843,40.2502],[140.2849,40.2512],[140.2858,40.252],[140.2864,40.2527],[140.2876,40.2536],[140.2884,40.2537],[140.2895,40.2527],[140.2905,40.2521],[140.2919,40.2522],[140.2927,40.252],[140.2934,40.2521],[140.2954,40.2525],[140.2964,40.2529],[140.3003,40.253],[140.301,40.2525],[140.3025,40.2534],[140.3032,40.2535],[140.3038,40.253],[140.3048,40.2529],[140.3055,40.2523],[140.3061,40.2522],[140.3073,40.2524],[140.3078,40.2526],[140.3087,40.2538],[140.3092,40.2545],[140.3099,40.2552],[140.3099,40.2558],[140.3104,40.2563],[140.3104,40.2571],[140.3097,40.2573],[140.3096,40.258],[140.3103,40.2596],[140.3109,40.2604],[140.3111,40.2619],[140.3107,40.2626],[140.3111,40.2637],[140.3111,40.2645],[140.3122,40.2648],[140.313,40.2659],[140.3136,40.2661],[140.3141,40.2666],[140.3141,40.2672],[140.3146,40.2676],[140.3147,40.2686],[140.3155,40.269],[140.3158,40.2694],[140.3165,40.2696],[140.3172,40.2701],[140.3182,40.27],[140.3187,40.2701],[140.3193,40.2707],[140.319,40.2711],[140.3209,40.2725],[140.3224,40.2722],[140.3231,40.2723],[140.3234,40.2732],[140.3236,40.2741],[140.3238,40.2748],[140.3235,40.2755],[140.3236,40.2764],[140.3234,40.277],[140.3226,40.2773],[140.3223,40.2776],[140.3226,40.2784],[140.3232,40.2791],[140.3231,40.2795],[140.3235,40.2805],[140.3247,40.2801],[140.3258,40.28],[140.3263,40.2803],[140.3262,40.2819],[140.3255,40.2829],[140.3253,40.2835],[140.3256,40.2839],[140.3263,40.2842],[140.3262,40.2845],[140.3262,40.2866],[140.3266,40.2878],[140.3269,40.2882],[140.3271,40.2888],[140.3274,40.2895],[140.3271,40.2902],[140.327,40.2923],[140.3262,40.293],[140.3258,40.2935],[140.3257,40.2941],[140.325,40.2946],[140.3248,40.2957],[140.324,40.2969],[140.3241,40.2983],[140.3234,40.2994],[140.3231,40.3004],[140.3232,40.301],[140.3228,40.3019],[140.3231,40.3028],[140.3235,40.303],[140.3237,40.3037],[140.3243,40.3045],[140.3242,40.305],[140.3253,40.3062],[140.3253,40.3069],[140.3258,40.3073],[140.3255,40.3077],[140.3254,40.3087],[140.3257,40.3102],[140.3255,40.3107],[140.3256,40.3112],[140.3254,40.3117],[140.327,40.3121],[140.3279,40.312],[140.3286,40.3123],[140.329,40.3127],[140.3291,40.3132],[140.3301,40.3146],[140.3311,40.3147],[140.333,40.3144],[140.3334,40.315],[140.3334,40.3162],[140.333,40.317],[140.3325,40.3178],[140.3322,40.3197],[140.3329,40.3202],[140.3338,40.3203],[140.3338,40.3205],[140.3329,40.3228],[140.3338,40.3232],[140.3345,40.3233],[140.3348,40.3238],[140.3356,40.3243],[140.3362,40.3249],[140.3367,40.3264],[140.3363,40.3268],[140.3366,40.3286],[140.3365,40.3295],[140.336,40.3298],[140.3355,40.3317],[140.3364,40.3326],[140.3368,40.3338],[140.3373,40.3341],[140.338,40.335],[140.3385,40.336],[140.3392,40.3364],[140.3398,40.3369],[140.3419,40.3378],[140.3423,40.3383],[140.3426,40.3392],[140.3429,40.3398],[140.3436,40.3406],[140.3444,40.3417],[140.3461,40.3433],[140.3469,40.3439],[140.3468,40.3448],[140.349,40.3475],[140.3501,40.3485],[140.3509,40.3496],[140.3508,40.35],[140.3509,40.3514],[140.3506,40.352],[140.3508,40.3524],[140.3531,40.3547],[140.3532,40.3549],[140.3532,40.3553],[140.3523,40.3566],[140.3523,40.357],[140.3529,40.3578],[140.3538,40.3595],[140.3532,40.3602],[140.3532,40.3606],[140.3535,40.3612],[140.3549,40.3628],[140.3557,40.364],[140.3559,40.3648],[140.3559,40.366],[140.3564,40.3666],[140.3548,40.368],[140.3539,40.3697],[140.3522,40.3705],[140.3502,40.3719],[140.35,40.3724],[140.3503,40.3734],[140.3489,40.374],[140.3482,40.3741],[140.3473,40.3747],[140.3468,40.3756],[140.3463,40.3759],[140.3442,40.375],[140.343,40.3751],[140.3421,40.3756],[140.3404,40.3767],[140.3397,40.3776],[140.3383,40.3785],[140.3381,40.3795],[140.3377,40.38],[140.3375,40.3818],[140.3375,40.3829],[140.3378,40.3834],[140.3371,40.3838],[140.3361,40.3841],[140.3355,40.3849],[140.3348,40.3853],[140.3344,40.3858],[140.3341,40.3869],[140.3334,40.388],[140.3338,40.3888],[140.3345,40.3894],[140.3346,40.3899],[140.3343,40.3911],[140.3343,40.3918],[140.3348,40.3931],[140.3342,40.3936],[140.3342,40.3941],[140.3332,40.396],[140.333,40.3965],[140.3333,40.3976],[140.3331,40.398],[140.3333,40.3988],[140.3344,40.4004],[140.3336,40.4009],[140.333,40.4017],[140.3334,40.4022],[140.3332,40.4032],[140.334,40.4038],[140.3365,40.4057],[140.3363,40.4068],[140.337,40.4079],[140.3367,40.4089],[140.3368,40.4095],[140.3364,40.41],[140.3366,40.4105],[140.3365,40.4117],[140.3354,40.4135],[140.3356,40.4144],[140.3355,40.4155],[140.3345,40.4159],[140.3341,40.4164],[140.334,40.4169],[140.3331,40.4191],[140.3327,40.4197],[140.3332,40.42],[140.3337,40.4208],[140.3355,40.4221],[140.3361,40.4223],[140.3355,40.423],[140.336,40.4239],[140.3364,40.4242],[140.3364,40.425],[140.336,40.4255],[140.3345,40.4257],[140.3341,40.4259],[140.3334,40.4273],[140.3337,40.4282],[140.3349,40.4295],[140.3344,40.4308],[140.3351,40.4324],[140.3357,40.4333],[140.3354,40.4345],[140.3356,40.4353],[140.3356,40.4358],[140.3351,40.4363],[140.3349,40.4373],[140.3353,40.4387],[140.3352,40.4394],[140.334,40.4399],[140.3322,40.4401],[140.3313,40.4395],[140.3305,40.4393],[140.3289,40.4392],[140.3278,40.4392],[140.3269,40.4391],[140.3264,40.4392],[140.3239,40.4394],[140.3221,40.4393],[140.3219,40.4389],[140.321,40.4386],[140.3203,40.4386],[140.3194,40.4389],[140.3179,40.4397],[140.3171,40.4393],[140.3168,40.4387],[140.3153,40.4375],[140.3149,40.4374],[140.3137,40.4374],[140.3128,40.4372],[140.3113,40.4363],[140.3107,40.4363],[140.3095,40.4366],[140.3091,40.4372],[140.3082,40.4377],[140.308,40.4381],[140.3083,40.4389],[140.3084,40.44],[140.308,40.4406],[140.3079,40.4416],[140.3076,40.4419],[140.3064,40.4425],[140.3058,40.4427],[140.304,40.4429],[140.302,40.4428],[140.3009,40.4438],[140.3004,40.4445],[140.3,40.4454],[140.2991,40.446],[140.2989,40.4463],[140.2957,40.4464],[140.2946,40.4464],[140.2928,40.446],[140.2922,40.4463],[140.291,40.4466],[140.2899,40.4461],[140.2889,40.445],[140.2881,40.4449],[140.2875,40.4452],[140.2869,40.4459],[140.2859,40.446],[140.2851,40.4458],[140.2844,40.4453],[140.284,40.4454],[140.2827,40.446],[140.2811,40.446],[140.2793,40.4461],[140.2783,40.4457],[140.2773,40.4449],[140.2745,40.4431],[140.2731,40.4426],[140.27,40.4421],[140.2687,40.4414],[140.2669,40.4407],[140.2623,40.4409],[140.2604,40.4419],[140.2591,40.4414],[140.2581,40.4413],[140.2573,40.4414],[140.2542,40.4416],[140.2534,40.4415],[140.2522,40.4419],[140.2515,40.4419],[140.2504,40.4429],[140.2501,40.443],[140.249,40.4418],[140.248,40.4408],[140.2458,40.4394],[140.2457,40.4384],[140.2454,40.4381],[140.2445,40.4379],[140.243,40.4373],[140.2425,40.4373],[140.2416,40.4376],[140.2402,40.4374],[140.2385,40.4374],[140.2378,40.4371],[140.2356,40.4365],[140.2345,40.436],[140.2327,40.4346],[140.232,40.4343],[140.23,40.4339],[140.2277,40.4337],[140.2256,40.4326],[140.2246,40.4325],[140.2234,40.4316],[140.2224,40.4316],[140.2208,40.4312],[140.2202,40.4311],[140.2188,40.4315],[140.2182,40.4318],[140.2177,40.4329],[140.2174,40.4332],[140.2161,40.4338],[140.2147,40.4341],[140.2124,40.4353],[140.2116,40.4359],[140.2107,40.4376],[140.2101,40.4384],[140.2092,40.4386],[140.2084,40.4384],[140.2075,40.4378],[140.2066,40.4373],[140.2053,40.4365],[140.2037,40.4366],[140.2019,40.4361],[140.1993,40.4353],[140.1984,40.435],[140.197,40.4346],[140.1956,40.4345],[140.1941,40.4348],[140.1935,40.4352],[140.1924,40.4364],[140.1907,40.4374],[140.1903,40.4381],[140.1895,40.4385],[140.1875,40.4396],[140.187,40.4403],[140.1862,40.4412],[140.1858,40.442],[140.1855,40.4433],[140.1846,40.4432],[140.1828,40.4425],[140.182,40.4424],[140.1804,40.4411],[140.1784,40.4405],[140.1763,40.4402],[140.1742,40.4403],[140.1729,40.4395],[140.1719,40.4386],[140.1712,40.4381],[140.1707,40.4382],[140.1695,40.4393],[140.1689,40.4396],[140.1672,40.4398],[140.1645,40.4394],[140.1634,40.4395],[140.1624,40.4394],[140.1613,40.4389],[140.1602,40.4387],[140.1586,40.4379],[140.1575,40.4375],[140.1556,40.4362],[140.1542,40.4358],[140.1529,40.4352],[140.1519,40.435],[140.1514,40.435],[140.1508,40.4354],[140.1495,40.4357],[140.1478,40.437],[140.1472,40.4381],[140.146,40.4379],[140.144,40.4379],[140.1418,40.4378],[140.1415,40.4384],[140.141,40.4386],[140.1402,40.4393],[140.1388,40.4395],[140.1367,40.4396],[140.1352,40.4391],[140.1343,40.4383],[140.1333,40.438],[140.1314,40.4382],[140.1308,40.4381],[140.1293,40.4372],[140.1284,40.4371],[140.1263,40.4372],[140.125,40.4368],[140.1233,40.4366],[140.1226,40.4366],[140.1209,40.4364],[140.1204,40.4362],[140.1196,40.4356],[140.1187,40.4353],[140.118,40.435],[140.1176,40.435],[140.1154,40.4361],[140.1147,40.4362],[140.1133,40.436],[140.1124,40.4356],[140.1116,40.4354],[140.1099,40.4358],[140.1076,40.4359],[140.1074,40.4358],[140.107,40.4356],[140.1068,40.4355],[140.1067,40.4354],[140.1063,40.4351],[140.1061,40.4349],[140.106,40.4347],[140.1058,40.4346],[140.1057,40.4345],[140.1055,40.4345],[140.1053,40.4345],[140.1053,40.4344],[140.105,40.4344],[140.1047,40.4342],[140.1046,40.4342],[140.1043,40.434],[140.1041,40.434],[140.1038,40.4339],[140.1036,40.4339],[140.1033,40.4338],[140.1032,40.4337],[140.1031,40.4335],[140.1031,40.4333],[140.103,40.4331],[140.1031,40.433],[140.1031,40.4329],[140.103,40.4328],[140.103,40.4327],[140.1029,40.4325],[140.1028,40.4322],[140.1027,40.4319],[140.1027,40.4317],[140.1026,40.4316],[140.1025,40.4311],[140.1024,40.431],[140.1024,40.4308],[140.1024,40.4306],[140.1024,40.4303],[140.1024,40.4302],[140.1025,40.43],[140.1025,40.4298],[140.1026,40.4295],[140.1027,40.4294],[140.1028,40.4293],[140.103,40.429],[140.103,40.4288],[140.103,40.4286],[140.103,40.4284],[140.1029,40.4283],[140.1028,40.4281],[140.1026,40.4279],[140.1025,40.4277],[140.1023,40.4274],[140.1022,40.4272],[140.1022,40.4271],[140.1021,40.4269],[140.1021,40.4268],[140.102,40.4266],[140.1019,40.4264],[140.1018,40.4263],[140.1016,40.4261],[140.1015,40.426],[140.1015,40.4259],[140.1015,40.4257],[140.1016,40.4256],[140.1016,40.4254],[140.1017,40.425],[140.1018,40.4248],[140.1019,40.4246],[140.102,40.4244],[140.102,40.4242],[140.1021,40.4241],[140.1024,40.424],[140.1027,40.424],[140.1028,40.4239],[140.1028,40.4238],[140.1028,40.4236],[140.1028,40.4235],[140.1026,40.4233],[140.1025,40.4232],[140.1025,40.4231],[140.1021,40.423],[140.1018,40.4228],[140.1016,40.4226],[140.1015,40.4226],[140.1013,40.4225],[140.1012,40.4224],[140.1012,40.4222],[140.1012,40.4221],[140.1011,40.4221],[140.1011,40.4219],[140.1011,40.4218],[140.101,40.4216],[140.101,40.4215],[140.101,40.4213],[140.101,40.4211],[140.1008,40.4209],[140.1007,40.4208],[140.1005,40.4205],[140.1004,40.4203],[140.1003,40.4202],[140.1001,40.4198],[140.1001,40.4197],[140.1,40.4195],[140.1,40.4194],[140.1,40.4191],[140.1,40.4189],[140.1,40.4185],[140.1,40.4184],[140.1001,40.4177],[140.1002,40.4174],[140.1004,40.4173],[140.1006,40.4172],[140.1008,40.4171],[140.1016,40.4169],[140.1022,40.4167],[140.1033,40.4167],[140.1035,40.4167],[140.1055,40.4164],[140.1068,40.4162],[140.1076,40.4161],[140.1075,40.4158],[140.1073,40.415],[140.1072,40.4145],[140.1069,40.414],[140.1067,40.4137],[140.1066,40.4134],[140.1065,40.4132],[140.1065,40.4131],[140.1065,40.4124],[140.1067,40.4119],[140.1068,40.4116],[140.107,40.411],[140.1073,40.4102],[140.1077,40.4094],[140.1082,40.4087],[140.1081,40.4084],[140.1081,40.4083],[140.108,40.4083],[140.1078,40.4079],[140.1079,40.4076],[140.1081,40.4072],[140.1083,40.407],[140.1083,40.4069],[140.1084,40.4069],[140.109,40.4065],[140.1098,40.4061],[140.11,40.4059],[140.1101,40.4055],[140.1099,40.4053],[140.1101,40.4051],[140.1103,40.4049],[140.1103,40.4048],[140.1108,40.4043],[140.1116,40.4037],[140.1126,40.4032],[140.1131,40.4029],[140.1133,40.4026],[140.1134,40.4024],[140.1135,40.4023],[140.1138,40.4021],[140.114,40.402],[140.1142,40.4019],[140.1144,40.4018],[140.1147,40.4017],[140.1149,40.4017],[140.1152,40.4018],[140.1157,40.4019],[140.1162,40.4021],[140.1164,40.4022],[140.1167,40.4023],[140.1167,40.4024],[140.1169,40.4025],[140.117,40.4025],[140.1173,40.4025],[140.1176,40.4026],[140.1178,40.4027],[140.1179,40.4027],[140.1181,40.4029],[140.1185,40.4033],[140.1186,40.4034],[140.1191,40.4041],[140.1192,40.4043],[140.1195,40.4047],[140.1197,40.4048],[140.12,40.4048],[140.1207,40.4047],[140.1216,40.4047],[140.122,40.4046],[140.1222,40.4045],[140.1229,40.4044],[140.1232,40.4044],[140.1234,40.4044],[140.1241,40.4043],[140.1243,40.4043],[140.1244,40.4043],[140.1248,40.4044],[140.125,40.4045],[140.1252,40.4046],[140.1256,40.4047],[140.1257,40.4048],[140.1259,40.4049],[140.1261,40.405],[140.1267,40.4052],[140.1269,40.4052],[140.1277,40.4054],[140.1282,40.4056],[140.1283,40.4056],[140.1285,40.4056],[140.1285,40.4055],[140.1287,40.4055],[140.129,40.4053],[140.1292,40.4052],[140.1297,40.405],[140.1299,40.4049],[140.1306,40.4045],[140.1308,40.4043],[140.131,40.4043],[140.1315,40.4041],[140.1317,40.404],[140.132,40.4039],[140.1326,40.4039],[140.1328,40.4038],[140.1331,40.4037],[140.1333,40.4035],[140.1334,40.4034],[140.1336,40.4033],[140.1338,40.4032],[140.134,40.4031],[140.1343,40.403],[140.1346,40.4029],[140.1354,40.4026],[140.1356,40.4025],[140.136,40.4022],[140.1362,40.4021],[140.1365,40.4021],[140.1367,40.402],[140.1372,40.4017],[140.1374,40.4016],[140.1377,40.4015],[140.1382,40.4013],[140.1384,40.4012],[140.1386,40.4011],[140.1391,40.4009],[140.1393,40.4009],[140.1396,40.4007],[140.1399,40.4007],[140.1402,40.4007],[140.1404,40.4007],[140.1406,40.4007],[140.1409,40.4008],[140.1411,40.401],[140.1411,40.4011],[140.1412,40.4013],[140.1414,40.4015],[140.1415,40.4016],[140.1417,40.4017],[140.1422,40.4017],[140.1424,40.4018],[140.1426,40.4018],[140.1429,40.4018],[140.143,40.4018],[140.1431,40.4018],[140.1433,40.4019],[140.1435,40.4019],[140.1436,40.4019],[140.1438,40.4019],[140.1438,40.402],[140.144,40.4021],[140.1441,40.4022],[140.1442,40.4022],[140.1445,40.4021],[140.1447,40.402],[140.145,40.4019],[140.1452,40.4019],[140.1458,40.4017],[140.1461,40.4016],[140.1463,40.4014],[140.1464,40.4013],[140.1465,40.4012],[140.1466,40.4013],[140.1467,40.4013],[140.1468,40.4015],[140.1474,40.4019],[140.1475,40.4021],[140.1479,40.4024],[140.148,40.4024],[140.1481,40.4025],[140.1483,40.4026],[140.1485,40.4026],[140.1487,40.4027],[140.1489,40.4029],[140.1491,40.4029],[140.1493,40.403],[140.1499,40.4031],[140.15,40.4031],[140.1501,40.4031],[140.1507,40.4033],[140.1509,40.4033],[140.1511,40.4034],[140.1513,40.4033],[140.1516,40.403],[140.152,40.4028],[140.1523,40.4027],[140.1526,40.4026],[140.1531,40.4021],[140.1533,40.402],[140.1534,40.4019],[140.1539,40.4016],[140.154,40.4015],[140.1541,40.4014],[140.1547,40.4011],[140.1549,40.4011],[140.1551,40.401],[140.1557,40.4009],[140.1559,40.4009],[140.156,40.4008],[140.156,40.4004],[140.1559,40.4002],[140.1558,40.4],[140.1557,40.3996],[140.1557,40.3995],[140.1556,40.3988],[140.1555,40.3987],[140.1554,40.3984],[140.1553,40.3982],[140.1553,40.3979],[140.1554,40.3977],[140.1554,40.3972],[140.1554,40.397],[140.1554,40.3963],[140.1554,40.3962],[140.1554,40.396],[140.1554,40.3958],[140.1554,40.3955],[140.1553,40.3953],[140.1552,40.3952],[140.1549,40.3947],[140.1548,40.3946],[140.1547,40.3945],[140.1544,40.394],[140.1543,40.3939],[140.1543,40.3938],[140.1542,40.3937],[140.1539,40.3932],[140.1538,40.393],[140.1537,40.3929],[140.1538,40.3928],[140.1539,40.3925],[140.1541,40.3923],[140.1543,40.3917],[140.1543,40.3915],[140.1544,40.3913],[140.1546,40.3909],[140.1548,40.3906],[140.1549,40.3905],[140.1552,40.3901],[140.1554,40.39],[140.156,40.3896],[140.1562,40.3895],[140.1563,40.3894],[140.1562,40.3889],[140.1563,40.3887],[140.1563,40.3885],[140.1567,40.3882],[140.1569,40.388],[140.1571,40.3879],[140.1573,40.3878],[140.1576,40.3877],[140.158,40.3877],[140.1583,40.3876],[140.1588,40.3875],[140.1591,40.3875],[140.1593,40.3874],[140.1594,40.3873],[140.1598,40.3871],[140.16,40.3869],[140.1602,40.3868],[140.161,40.3865],[140.1617,40.3861],[140.1619,40.386],[140.1622,40.3859],[140.1625,40.3859],[140.1627,40.3857],[140.1629,40.3856],[140.1629,40.3854],[140.163,40.3852],[140.1631,40.3851],[140.1632,40.385],[140.1634,40.385],[140.1637,40.385],[140.1639,40.385],[140.1639,40.3849],[140.164,40.3847],[140.1638,40.3846],[140.1637,40.3844],[140.1634,40.3842],[140.1631,40.3839],[140.1629,40.3837],[140.1627,40.3835],[140.1625,40.3833],[140.1623,40.3832],[140.1621,40.383],[140.1618,40.3829],[140.1616,40.3827],[140.1613,40.3824],[140.1612,40.3823],[140.1608,40.3818],[140.1607,40.3816],[140.1606,40.3815],[140.1604,40.3814],[140.1603,40.3813],[140.16,40.3811],[140.1598,40.3811],[140.1596,40.3809],[140.1594,40.3808],[140.1593,40.3806],[140.1593,40.3804],[140.1594,40.3802],[140.1593,40.3799],[140.1591,40.3797],[140.159,40.3795],[140.1589,40.3794],[140.1586,40.3791],[140.1584,40.3788],[140.1583,40.3787],[140.1583,40.3785],[140.1583,40.3782],[140.1583,40.378],[140.1583,40.3778],[140.1583,40.3776],[140.1583,40.3775],[140.1582,40.3773],[140.1582,40.3771],[140.158,40.3768],[140.1578,40.3766],[140.1576,40.3763],[140.1574,40.3762],[140.157,40.3759],[140.1569,40.3758],[140.1567,40.3758],[140.1565,40.3757],[140.1563,40.3756],[140.1561,40.3753],[140.1561,40.3752],[140.156,40.375],[140.1559,40.3749],[140.1559,40.3747],[140.1559,40.3746],[140.156,40.3744],[140.1561,40.3743],[140.1562,40.3741]]]},"properties":{"N03_001":"秋田県","N03_002":"","N03_003":"山本郡","N03_004":"藤里町","N03_007":"05346"}},
{"type":"Feature","geometry":{"type":"Polygon","coordinates":[[[140.121,39.9783],[140.1226,39.9785],[140.1231,39.9783],[140.1234,39.9797],[140.1222,39.9809],[140.1216,39.9812],[140.1191,39.9818],[140.1183,39.9818],[140.1172,39.9821],[140.1169,39.9825],[140.1174,39.9829],[140.1186,39.9829],[140.1189,39.9837],[140.118,39.9845],[140.1176,39.985],[140.1163,39.9856],[140.1163,39.9863],[140.1171,39.9867],[140.1174,39.9871],[140.118,39.9872],[140.1189,39.9876],[140.1194,39.9883],[140.1201,39.9884],[140.1214,39.9893],[140.1222,39.9892],[140.1227,39.9888],[140.1239,39.989],[140.1252,39.9885],[140.1269,39.9893],[140.1272,39.9902],[140.1277,39.9911],[140.1274,39.9918],[140.1274,39.9927],[140.1277,39.9935],[140.1285,39.9939],[140.1295,39.9943],[140.13,39.9948],[140.131,39.9953],[140.1318,39.9973],[140.1319,39.9977],[140.1332,39.9976],[140.1349,39.9972],[140.1357,39.9972],[140.137,39.9968],[140.1384,39.9968],[140.1391,39.997],[140.14,39.9976],[140.1415,39.9978],[140.1424,39.9982],[140.1433,39.9988],[140.1443,39.9987],[140.146,40.001],[140.1462,40.0021],[140.1479,40.0026],[140.1484,40.0024],[140.1492,40.0026],[140.1505,40.0031],[140.1525,40.0045],[140.1529,40.005],[140.1525,40.0057],[140.1532,40.0065],[140.1532,40.0072],[140.1539,40.0074],[140.1543,40.0082],[140.155,40.0086],[140.1552,40.0084],[140.1568,40.0082],[140.1571,40.0087],[140.1572,40.0095],[140.1582,40.0107],[140.1587,40.0108],[140.1594,40.0106],[140.1605,40.0107],[140.1612,40.0106],[140.1618,40.011],[140.1626,40.0106],[140.1637,40.0108],[140.1644,40.0107],[140.1654,40.011],[140.166,40.0114],[140.1664,40.0114],[140.168,40.0106],[140.1694,40.0105],[140.1708,40.0106],[140.171,40.0103],[140.1711,40.0095],[140.173,40.0084],[140.1735,40.0074],[140.173,40.0061],[140.1734,40.0053],[140.1749,40.0049],[140.1755,40.0044],[140.1765,40.0042],[140.1774,40.0047],[140.1786,40.0051],[140.1801,40.0053],[140.1814,40.0058],[140.1822,40.0067],[140.182,40.008],[140.1823,40.0086],[140.184,40.009],[140.1857,40.0097],[140.1864,40.0097],[140.1869,40.0103],[140.1875,40.0106],[140.1888,40.0103],[140.1895,40.0104],[140.1903,40.0101],[140.1915,40.0102],[140.1927,40.0107],[140.1937,40.0104],[140.1942,40.0104],[140.1945,40.0108],[140.1959,40.0115],[140.1969,40.0126],[140.1973,40.0129],[140.1979,40.0129],[140.2007,40.0127],[140.2018,40.0129],[140.2027,40.0126],[140.2038,40.0116],[140.2041,40.0115],[140.2059,40.0118],[140.2067,40.0121],[140.2076,40.0118],[140.2094,40.0118],[140.2106,40.0113],[140.2117,40.0116],[140.2127,40.011],[140.2136,40.0108],[140.2141,40.0106],[140.2148,40.0098],[140.2158,40.0089],[140.2161,40.0077],[140.2165,40.0074],[140.2176,40.0073],[140.2189,40.0069],[140.2197,40.006],[140.2217,40.006],[140.2226,40.0061],[140.2236,40.0058],[140.2259,40.0057],[140.2268,40.0054],[140.2277,40.0048],[140.2276,40.0043],[140.2282,40.0042],[140.2294,40.0046],[140.2308,40.0045],[140.2316,40.0051],[140.2318,40.0058],[140.233,40.0064],[140.2337,40.0075],[140.2341,40.0076],[140.2354,40.0077],[140.2356,40.0081],[140.2356,40.0087],[140.2361,40.0091],[140.237,40.0095],[140.2375,40.0102],[140.2372,40.0107],[140.2361,40.0118],[140.2369,40.012],[140.2381,40.012],[140.2384,40.0123],[140.2386,40.0136],[140.2399,40.0142],[140.2415,40.0145],[140.2424,40.0151],[140.2427,40.0155],[140.2434,40.0162],[140.2439,40.0171],[140.2433,40.0177],[140.2433,40.0189],[140.2427,40.0205],[140.2418,40.0207],[140.2415,40.0214],[140.2415,40.0221],[140.2419,40.023],[140.2424,40.0233],[140.2426,40.0243],[140.2433,40.0246],[140.2435,40.0251],[140.2447,40.0261],[140.2447,40.027],[140.2451,40.0275],[140.2452,40.0286],[140.245,40.0294],[140.2442,40.0302],[140.2439,40.0302],[140.2429,40.0311],[140.2422,40.031],[140.2417,40.0315],[140.241,40.0317],[140.2401,40.0317],[140.24,40.0322],[140.2405,40.0326],[140.2404,40.0332],[140.2411,40.0344],[140.2408,40.0352],[140.2408,40.0362],[140.2414,40.0364],[140.2418,40.0382],[140.2411,40.039],[140.2416,40.0395],[140.2413,40.0409],[140.2409,40.0413],[140.2408,40.0421],[140.2397,40.0429],[140.239,40.0432],[140.2376,40.0435],[140.2372,40.0437],[140.2371,40.0442],[140.2361,40.0452],[140.2367,40.0475],[140.2351,40.0484],[140.2342,40.0486],[140.2337,40.0491],[140.2327,40.0495],[140.2316,40.0495],[140.2303,40.0494],[140.2296,40.05],[140.2285,40.0507],[140.2272,40.052],[140.2257,40.0525],[140.2254,40.0528],[140.2248,40.054],[140.2244,40.0542],[140.2241,40.0549],[140.2233,40.0552],[140.2226,40.056],[140.2209,40.0564],[140.2205,40.0566],[140.2195,40.0578],[140.2179,40.0589],[140.2175,40.0596],[140.2165,40.0603],[140.2162,40.0607],[140.2162,40.0633],[140.2156,40.0643],[140.2153,40.065],[140.2153,40.0657],[140.2148,40.0665],[140.215,40.0681],[140.2147,40.0685],[140.2149,40.0692],[140.2135,40.0696],[140.2128,40.0695],[140.2117,40.0696],[140.2111,40.0699],[140.2095,40.0701],[140.2082,40.07],[140.2066,40.0706],[140.2048,40.0697],[140.2028,40.0688],[140.2014,40.0687],[140.2006,40.0679],[140.1998,40.0678],[140.1981,40.0684],[140.1978,40.0686],[140.196,40.0687],[140.1948,40.0686],[140.1936,40.0683],[140.1929,40.0683],[140.1921,40.068],[140.1909,40.0677],[140.1901,40.0676],[140.1896,40.0678],[140.1901,40.0684],[140.1901,40.0691],[140.1904,40.0693],[140.1907,40.0706],[140.1906,40.071],[140.191,40.0718],[140.1915,40.0723],[140.1915,40.0731],[140.1919,40.0737],[140.1919,40.0745],[140.1927,40.0748],[140.1928,40.0755],[140.1926,40.0762],[140.1929,40.0768],[140.1932,40.0781],[140.1931,40.0791],[140.1931,40.0806],[140.1926,40.0809],[140.191,40.0807],[140.1895,40.0805],[140.1892,40.0806],[140.189,40.0814],[140.1882,40.0822],[140.1874,40.0821],[140.186,40.0824],[140.1844,40.0825],[140.1842,40.0832],[140.1834,40.0839],[140.1833,40.0843],[140.1843,40.0857],[140.1849,40.0861],[140.1846,40.0868],[140.1846,40.0877],[140.1844,40.0886],[140.1837,40.0891],[140.1838,40.0899],[140.1833,40.0902],[140.1823,40.09],[140.1817,40.0908],[140.1814,40.0916],[140.1815,40.092],[140.1823,40.0927],[140.1823,40.093],[140.1817,40.0938],[140.1808,40.094],[140.1798,40.0945],[140.179,40.0959],[140.1785,40.0962],[140.1781,40.0973],[140.1772,40.098],[140.1765,40.0983],[140.1747,40.0979],[140.1744,40.098],[140.1746,40.0986],[140.1745,40.0993],[140.174,40.1001],[140.174,40.1005],[140.1747,40.1011],[140.1748,40.1019],[140.1752,40.1025],[140.1748,40.103],[140.1746,40.1037],[140.1754,40.1045],[140.1768,40.1051],[140.177,40.1055],[140.1758,40.1062],[140.1751,40.1065],[140.1749,40.1069],[140.1761,40.1078],[140.1774,40.1083],[140.1773,40.1095],[140.177,40.1103],[140.177,40.111],[140.1773,40.1115],[140.1772,40.1121],[140.1779,40.113],[140.1786,40.1136],[140.1795,40.1141],[140.1805,40.1155],[140.1811,40.1162],[140.1817,40.1162],[140.1822,40.1159],[140.1831,40.1162],[140.183,40.117],[140.1835,40.1176],[140.1847,40.1182],[140.1846,40.12],[140.1842,40.1206],[140.1843,40.1216],[140.1839,40.1222],[140.1838,40.1227],[140.1846,40.123],[140.1881,40.1252],[140.1882,40.1262],[140.1885,40.1281],[140.1882,40.1289],[140.1874,40.129],[140.1871,40.1293],[140.186,40.1295],[140.1847,40.1299],[140.1836,40.1301],[140.1825,40.1305],[140.1813,40.1305],[140.18,40.1302],[140.1799,40.1305],[140.1798,40.1315],[140.1794,40.1319],[140.1781,40.132],[140.1764,40.1317],[140.1755,40.1314],[140.1757,40.1307],[140.1754,40.1303],[140.1747,40.1302],[140.1704,40.1314],[140.1693,40.1318],[140.1675,40.132],[140.1661,40.132],[140.1652,40.1317],[140.1633,40.1316],[140.1623,40.1317],[140.1617,40.1316],[140.1616,40.1307],[140.1612,40.1297],[140.1602,40.1293],[140.1597,40.1287],[140.1582,40.1288],[140.1571,40.1281],[140.1552,40.1279],[140.1544,40.1283],[140.1535,40.1287],[140.1513,40.1291],[140.1504,40.1283],[140.1486,40.1286],[140.148,40.1281],[140.1456,40.1277],[140.1446,40.1279],[140.1432,40.1294],[140.141,40.1298],[140.1398,40.1298],[140.1387,40.1294],[140.1368,40.1299],[140.1357,40.1304],[140.135,40.1313],[140.1337,40.132],[140.1327,40.1316],[140.132,40.1315],[140.1314,40.1309],[140.1303,40.1306],[140.1285,40.1306],[140.1265,40.1299],[140.1262,40.1285],[140.1258,40.1285],[140.1251,40.1288],[140.1237,40.1285],[140.1232,40.1291],[140.1213,40.129],[140.1206,40.1293],[140.1201,40.1298],[140.1189,40.1314],[140.1178,40.1314],[140.1172,40.1322],[140.116,40.1327],[140.1147,40.1338],[140.114,40.1346],[140.1132,40.1352],[140.1128,40.1356],[140.1116,40.1359],[140.1116,40.1365],[140.1111,40.1374],[140.1103,40.1377],[140.1099,40.1381],[140.11,40.1391],[140.1098,40.1396],[140.1092,40.1408],[140.1086,40.1409],[140.1087,40.1427],[140.1073,40.1428],[140.1062,40.1432],[140.1049,40.1442],[140.104,40.1443],[140.1033,40.1447],[140.1023,40.1447],[140.1021,40.1441],[140.1017,40.1437],[140.1009,40.1442],[140.1005,40.1447],[140.101,40.1453],[140.101,40.1464],[140.1007,40.1465],[140.0993,40.1453],[140.0979,40.146],[140.0988,40.147],[140.0975,40.1476],[140.0974,40.1484],[140.0964,40.1486],[140.0957,40.1486],[140.0949,40.1477],[140.0934,40.1485],[140.0935,40.1488],[140.0931,40.1497],[140.0917,40.1495],[140.0906,40.1496],[140.0903,40.1493],[140.0878,40.1489],[140.0864,40.1484],[140.085,40.1485],[140.0824,40.149],[140.0828,40.1497],[140.0792,40.1513],[140.0785,40.1511],[140.0781,40.1514],[140.0788,40.1518],[140.0778,40.1523],[140.0757,40.1537],[140.0748,40.1541],[140.0746,40.1546],[140.0739,40.154],[140.0734,40.1544],[140.0737,40.1547],[140.0732,40.1552],[140.0719,40.1556],[140.0708,40.156],[140.0685,40.1573],[140.0674,40.1567],[140.0662,40.1565],[140.0657,40.1559],[140.0652,40.1557],[140.0639,40.1555],[140.0633,40.155],[140.0628,40.155],[140.0619,40.1541],[140.0613,40.1538],[140.0592,40.1532],[140.0586,40.1529],[140.0583,40.1537],[140.0577,40.1529],[140.057,40.1526],[140.0559,40.1517],[140.0551,40.1507],[140.0545,40.1502],[140.053,40.1496],[140.0481,40.1496],[140.0481,40.1501],[140.0465,40.1512],[140.0444,40.1518],[140.0439,40.1526],[140.0431,40.1525],[140.043,40.1531],[140.0422,40.153],[140.0414,40.1535],[140.0409,40.1528],[140.0402,40.1525],[140.0394,40.1516],[140.039,40.1501],[140.0389,40.1495],[140.0392,40.1486],[140.0389,40.1475],[140.038,40.1461],[140.0379,40.1454],[140.0373,40.1451],[140.0357,40.1435],[140.0352,40.1421],[140.0329,40.141],[140.0315,40.1404],[140.0313,40.1393],[140.0316,40.1368],[140.0314,40.1363],[140.0302,40.1356],[140.0282,40.1351],[140.0272,40.134],[140.0263,40.1327],[140.0269,40.1325],[140.0267,40.1313],[140.026,40.1312],[140.0259,40.1289],[140.0237,40.1289],[140.0237,40.128],[140.0257,40.128],[140.026,40.1264],[140.0263,40.1249],[140.0235,40.125],[140.022,40.125],[140.0205,40.1253],[140.019,40.1258],[140.0165,40.1257],[140.0146,40.1253],[140.0139,40.1257],[140.0131,40.1251],[140.0133,40.1245],[140.0141,40.1244],[140.014,40.1241],[140.0124,40.1243],[140.0115,40.1248],[140.0094,40.1258],[140.0085,40.1265],[140.0071,40.1253],[140.0067,40.1222],[140.0014,40.1226],[139.9994,40.1227],[139.9944,40.1231],[139.9925,40.123],[139.9889,40.1232],[139.9847,40.1236],[139.9815,40.1238],[139.9789,40.1237],[139.9776,40.1236],[139.9755,40.1242],[139.9726,40.1251],[139.9718,40.1239],[139.9716,40.1228],[139.9712,40.122],[139.9704,40.1208],[139.9702,40.1197],[139.9696,40.1186],[139.9688,40.1171],[139.9685,40.1161],[139.9676,40.1143],[139.9672,40.1133],[139.9665,40.1118],[139.9659,40.1107],[139.9652,40.1092],[139.9647,40.1085],[139.9641,40.1072],[139.9633,40.1058],[139.9613,40.1017],[139.9607,40.1008],[139.9602,40.0994],[139.9594,40.098],[139.9585,40.0967],[139.9577,40.0949],[139.9568,40.0934],[139.9562,40.092],[139.9547,40.0891],[139.954,40.0878],[139.953,40.0862],[139.9513,40.0828],[139.9506,40.0821],[139.9504,40.0815],[139.949,40.0787],[139.9483,40.0779],[139.9477,40.0769],[139.9471,40.0761],[139.9465,40.0748],[139.9454,40.073],[139.9465,40.0727],[139.9491,40.0719],[139.9496,40.0718],[139.95,40.0717],[139.9509,40.0714],[139.9518,40.0713],[139.9533,40.0709],[139.9538,40.0709],[139.9542,40.0709],[139.9544,40.0709],[139.9546,40.0709],[139.955,40.0707],[139.9552,40.0707],[139.9555,40.0706],[139.9559,40.0705],[139.9562,40.0704],[139.9564,40.0704],[139.9566,40.0704],[139.9573,40.07],[139.9573,40.0699],[139.9571,40.0699],[139.9565,40.0696],[139.9566,40.0695],[139.9567,40.0693],[139.9572,40.0691],[139.9576,40.0691],[139.9577,40.069],[139.9578,40.0688],[139.9577,40.0687],[139.9576,40.0686],[139.9575,40.0685],[139.9574,40.0683],[139.9572,40.0682],[139.957,40.0682],[139.9569,40.0682],[139.9568,40.0683],[139.9567,40.0683],[139.9566,40.0683],[139.9564,40.0683],[139.9557,40.0683],[139.9556,40.0683],[139.9555,40.0682],[139.9556,40.068],[139.9557,40.068],[139.9563,40.068],[139.957,40.0679],[139.9573,40.0679],[139.9579,40.0678],[139.9579,40.0677],[139.9578,40.0677],[139.9574,40.0676],[139.9573,40.0676],[139.9572,40.0675],[139.9572,40.0674],[139.9574,40.0672],[139.9576,40.0672],[139.9578,40.0671],[139.958,40.0671],[139.9581,40.067],[139.9583,40.0669],[139.9584,40.0669],[139.9587,40.0667],[139.9588,40.0666],[139.9588,40.0664],[139.9588,40.0663],[139.9587,40.0662],[139.9583,40.0663],[139.958,40.0663],[139.9574,40.0664],[139.9565,40.0667],[139.9547,40.0671],[139.9533,40.0675],[139.953,40.0676],[139.9527,40.0676],[139.9525,40.0676],[139.9524,40.0675],[139.9524,40.0673],[139.9525,40.0672],[139.9528,40.067],[139.953,40.067],[139.9533,40.0668],[139.9537,40.0667],[139.9544,40.0663],[139.9546,40.0663],[139.9551,40.0661],[139.9555,40.0658],[139.9558,40.0656],[139.9562,40.0654],[139.9566,40.0652],[139.9569,40.0651],[139.9565,40.0646],[139.9564,40.0646],[139.9558,40.0646],[139.9557,40.0646],[139.9556,40.0645],[139.9555,40.0643],[139.9551,40.0645],[139.9545,40.0648],[139.9541,40.0649],[139.954,40.0649],[139.9539,40.0647],[139.9539,40.0646],[139.9539,40.0645],[139.9543,40.0641],[139.9542,40.064],[139.9541,40.0638],[139.9519,40.0643],[139.9519,40.0642],[139.9523,40.0634],[139.953,40.0624],[139.9531,40.062],[139.9532,40.0616],[139.9533,40.0614],[139.9536,40.0612],[139.9543,40.061],[139.9544,40.0609],[139.9545,40.0607],[139.9541,40.0606],[139.9546,40.0604],[139.9549,40.0601],[139.9556,40.0597],[139.9559,40.0595],[139.9561,40.0595],[139.9566,40.0595],[139.9568,40.0595],[139.957,40.0595],[139.9573,40.0593],[139.9575,40.0592],[139.9579,40.0589],[139.9583,40.0587],[139.9585,40.0586],[139.9586,40.0586],[139.959,40.0584],[139.9592,40.0583],[139.9593,40.0583],[139.962,40.0575],[139.9624,40.0584],[139.9636,40.0594],[139.9649,40.0599],[139.9661,40.0605],[139.9672,40.0623],[139.9711,40.064],[139.9752,40.0655],[139.977,40.0662],[139.979,40.067],[139.9797,40.0674],[139.9804,40.0682],[139.9809,40.0693],[139.981,40.0703],[139.9809,40.0712],[139.9806,40.0719],[139.98,40.0727],[139.9791,40.0736],[139.9762,40.0754],[139.976,40.0757],[139.9764,40.0763],[139.9793,40.0773],[139.981,40.0784],[139.982,40.08],[139.9823,40.081],[139.982,40.0824],[139.9837,40.0842],[139.9838,40.0876],[139.9839,40.0891],[139.9841,40.0903],[139.9849,40.0916],[139.9854,40.0934],[139.9879,40.0942],[139.9882,40.0942],[139.9922,40.0939],[139.9958,40.0937],[139.9987,40.0932],[139.9995,40.0934],[139.9997,40.0914],[139.9999,40.0906],[140.0007,40.0898],[140.0008,40.0885],[140.0011,40.088],[140.0018,40.0875],[140.0045,40.0861],[140.0054,40.0857],[140.0105,40.0849],[140.0113,40.0845],[140.0166,40.0822],[140.0202,40.0784],[140.0262,40.0761],[140.0351,40.0726],[140.0436,40.0693],[140.0488,40.0673],[140.0517,40.0661],[140.0559,40.0635],[140.059,40.0615],[140.0632,40.0555],[140.0664,40.0508],[140.0681,40.0471],[140.0713,40.0401],[140.0712,40.0355],[140.071,40.0278],[140.0708,40.0195],[140.0705,40.0098],[140.0704,40.0081],[140.07,40.0027],[140.0697,39.9985],[140.0692,39.9928],[140.0688,39.9893],[140.0686,39.9868],[140.0756,39.986],[140.0774,39.9861],[140.0786,39.9859],[140.0795,39.9838],[140.079,39.9831],[140.0785,39.9827],[140.0786,39.9821],[140.0792,39.9816],[140.0801,39.9813],[140.0801,39.9806],[140.0803,39.9803],[140.0813,39.9801],[140.0821,39.9791],[140.0829,39.9791],[140.0838,39.9781],[140.084,39.9775],[140.0849,39.9769],[140.0856,39.9763],[140.0865,39.9763],[140.0878,39.9758],[140.0885,39.9752],[140.0893,39.9747],[140.0909,39.9748],[140.0923,39.9752],[140.093,39.9751],[140.0939,39.9757],[140.0944,39.9755],[140.0952,39.9756],[140.0956,39.9758],[140.0967,39.976],[140.0973,39.9764],[140.0979,39.9763],[140.0988,39.9764],[140.1001,39.9763],[140.1015,39.9766],[140.1028,39.9757],[140.1037,39.9748],[140.1052,39.9745],[140.1067,39.9746],[140.1081,39.9746],[140.1084,39.9749],[140.1078,39.9756],[140.1079,39.9763],[140.1087,39.9765],[140.1089,39.9768],[140.1088,39.9777],[140.1098,39.9777],[140.1113,39.978],[140.1118,39.9783],[140.1134,39.9781],[140.1141,39.9781],[140.1148,39.9792],[140.1171,39.9793],[140.1185,39.979],[140.12,39.9787],[140.121,39.9783]]]},"properties":{"N03_001":"秋田県","N03_002":"","N03_003":"山本郡","N03_004":"三種町","N03_007":"05348"}},
{"type":"Feature","geometry":{"type":"MultiPolygon","coordinates":[]},"properties":{"N03_001":"秋田県","N03_002":"","N03_003":"山本郡","N03_004":"八峰町","N03_007":"05349"}},
{"type":"Feature","geometry":{"type":"Polygon","coordinates":[[[140.2159,39.8631],[140.2176,39.863],[140.2198,39.8625],[140.2203,39.8621],[140.2204,39.8617],[140.2219,39.8615],[140.2227,39.861],[140.2226,39.8597],[140.2222,39.8587],[140.2228,39.8577],[140.2228,39.8572],[140.2223,39.8563],[140.2224,39.8556],[140.2227,39.855],[140.2236,39.8549],[140.2249,39.8544],[140.2254,39.8539],[140.2266,39.8535],[140.2266,39.8527],[140.2272,39.8525],[140.2271,39.8517],[140.2273,39.8511],[140.2278,39.8506],[140.2278,39.8502],[140.2285,39.8492],[140.2302,39.8478],[140.2314,39.8465],[140.2313,39.8459],[140.2317,39.8455],[140.232,39.845],[140.2325,39.8447],[140.2322,39.8436],[140.2333,39.8427],[140.2338,39.8416],[140.2354,39.8405],[140.2368,39.8402],[140.2372,39.84],[140.2376,39.8392],[140.2387,39.8392],[140.2393,39.839],[140.2394,39.8381],[140.2392,39.8376],[140.2393,39.8372],[140.2398,39.8367],[140.2408,39.8364],[140.2413,39.8358],[140.241,39.835],[140.2413,39.8344],[140.242,39.8341],[140.2424,39.833],[140.243,39.8326],[140.2429,39.8319],[140.244,39.8313],[140.2458,39.831],[140.2457,39.8294],[140.2475,39.8291],[140.2493,39.8289],[140.2497,39.8283],[140.2507,39.8276],[140.2517,39.8275],[140.2526,39.8277],[140.2531,39.8279],[140.2541,39.8281],[140.2544,39.8285],[140.2554,39.8292],[140.2566,39.829],[140.2576,39.8295],[140.2589,39.83],[140.2605,39.8301],[140.2614,39.8296],[140.2618,39.8291],[140.263,39.8296],[140.2638,39.8297],[140.2651,39.8292],[140.2651,39.8285],[140.266,39.8278],[140.2672,39.8275],[140.2687,39.8273],[140.2702,39.827],[140.2719,39.8274],[140.2738,39.8274],[140.2743,39.8279],[140.2746,39.8288],[140.2766,39.8297],[140.2774,39.8299],[140.2778,39.8304],[140.2778,39.8311],[140.2781,39.8315],[140.2783,39.8322],[140.2795,39.8327],[140.2808,39.8342],[140.2818,39.835],[140.282,39.835],[140.2831,39.8342],[140.2856,39.8333],[140.2861,39.8332],[140.2869,39.8326],[140.2873,39.8322],[140.2875,39.8312],[140.2882,39.8308],[140.2897,39.8309],[140.2903,39.831],[140.2914,39.8309],[140.2925,39.8305],[140.293,39.8307],[140.2933,39.8312],[140.2943,39.8317],[140.2949,39.8322],[140.2954,39.8323],[140.2965,39.8329],[140.2973,39.8333],[140.2981,39.8342],[140.2986,39.8345],[140.2993,39.8359],[140.3002,39.8367],[140.3015,39.8376],[140.3018,39.8379],[140.3025,39.8396],[140.3038,39.8418],[140.3042,39.8427],[140.3048,39.8433],[140.3043,39.8437],[140.3045,39.8442],[140.3055,39.8447],[140.3057,39.8454],[140.3065,39.8474],[140.3063,39.8484],[140.3057,39.8494],[140.3052,39.851],[140.3047,39.852],[140.3048,39.8525],[140.3055,39.8532],[140.3058,39.8538],[140.3056,39.8542],[140.3046,39.8554],[140.3046,39.8559],[140.3052,39.857],[140.3051,39.8584],[140.3049,39.8596],[140.305,39.8607],[140.3043,39.861],[140.3031,39.8618],[140.3015,39.8624],[140.3002,39.863],[140.2993,39.8637],[140.2986,39.8648],[140.2983,39.8659],[140.2989,39.8672],[140.2994,39.8678],[140.2995,39.8685],[140.2999,39.8691],[140.2999,39.87],[140.3002,39.8705],[140.3003,39.8717],[140.3003,39.8727],[140.3011,39.8733],[140.3013,39.8756],[140.3017,39.8762],[140.3022,39.8765],[140.3024,39.8771],[140.3022,39.878],[140.3028,39.8791],[140.3039,39.8796],[140.3028,39.8803],[140.3024,39.8809],[140.3014,39.8817],[140.3002,39.8821],[140.2995,39.882],[140.2991,39.8822],[140.2987,39.8831],[140.298,39.8845],[140.298,39.8857],[140.2974,39.8862],[140.2975,39.8874],[140.2968,39.8883],[140.2967,39.8887],[140.297,39.8894],[140.2975,39.8898],[140.2975,39.8909],[140.2972,39.8918],[140.2971,39.8927],[140.2975,39.8939],[140.2975,39.8944],[140.297,39.8949],[140.297,39.8954],[140.2966,39.8958],[140.2972,39.8964],[140.2974,39.8977],[140.2979,39.899],[140.2984,39.8993],[140.2987,39.8998],[140.2997,39.9006],[140.3001,39.9012],[140.2997,39.9016],[140.2983,39.9027],[140.2973,39.9026],[140.2969,39.9029],[140.2961,39.9037],[140.2957,39.9044],[140.2957,39.9051],[140.296,39.9061],[140.2956,39.9065],[140.2953,39.9071],[140.2948,39.9074],[140.2945,39.9094],[140.2939,39.9099],[140.2928,39.9119],[140.2928,39.9122],[140.2935,39.9129],[140.2938,39.9134],[140.2938,39.9142],[140.2946,39.9154],[140.2949,39.9161],[140.2952,39.9178],[140.2958,39.9185],[140.2956,39.9199],[140.2939,39.9215],[140.2935,39.9223],[140.2929,39.923],[140.2933,39.9239],[140.2928,39.9246],[140.2925,39.9256],[140.2928,39.9269],[140.2924,39.9275],[140.2914,39.928],[140.291,39.9279],[140.2904,39.9274],[140.2898,39.9272],[140.2885,39.9271],[140.2878,39.9263],[140.2865,39.9261],[140.2861,39.9262],[140.2856,39.9269],[140.2859,39.9275],[140.286,39.9286],[140.2856,39.929],[140.284,39.9292],[140.2833,39.9295],[140.2827,39.9294],[140.2822,39.9289],[140.2817,39.9287],[140.281,39.9289],[140.2799,39.9285],[140.2793,39.9285],[140.2782,39.9279],[140.2772,39.9278],[140.2753,39.928],[140.2746,39.9286],[140.2749,39.9297],[140.275,39.9303],[140.2747,39.9311],[140.2742,39.932],[140.2731,39.9327],[140.2715,39.9343],[140.2701,39.9343],[140.2688,39.9353],[140.2683,39.936],[140.2678,39.9364],[140.2667,39.9368],[140.2658,39.9378],[140.266,39.9386],[140.2669,39.9404],[140.2669,39.9418],[140.2652,39.9438],[140.2633,39.945],[140.2627,39.9461],[140.2625,39.9469],[140.2618,39.9483],[140.2616,39.9491],[140.2613,39.9497],[140.2602,39.9502],[140.2576,39.9527],[140.2563,39.953],[140.2552,39.9538],[140.2534,39.9541],[140.2529,39.9544],[140.2515,39.9547],[140.2513,39.956],[140.2504,39.9574],[140.2499,39.9579],[140.2498,39.9585],[140.2482,39.9587],[140.2479,39.959],[140.2476,39.9601],[140.2478,39.9606],[140.249,39.9621],[140.2486,39.9626],[140.249,39.963],[140.2492,39.9638],[140.2492,39.965],[140.2498,39.9659],[140.2509,39.9665],[140.2513,39.9678],[140.2521,39.9684],[140.2527,39.9701],[140.2527,39.971],[140.2524,39.9722],[140.2529,39.9732],[140.2528,39.9737],[140.252,39.9739],[140.2518,39.9749],[140.2518,39.9758],[140.2515,39.9761],[140.2513,39.9774],[140.2514,39.9779],[140.2509,39.98],[140.2502,39.9809],[140.2502,39.9816],[140.2509,39.9827],[140.2504,39.9836],[140.2497,39.984],[140.2483,39.9843],[140.2469,39.9844],[140.2466,39.9849],[140.2458,39.9851],[140.2444,39.9852],[140.2432,39.9854],[140.2422,39.9866],[140.242,39.9871],[140.2412,39.9878],[140.2404,39.9879],[140.2388,39.9886],[140.2381,39.9885],[140.2369,39.9887],[140.2365,39.989],[140.2365,39.9901],[140.2352,39.9904],[140.2352,39.9912],[140.2344,39.9913],[140.2343,39.9918],[140.2356,39.9924],[140.2357,39.9929],[140.2348,39.9936],[140.2341,39.994],[140.2345,39.9947],[140.2341,39.9956],[140.2345,39.9961],[140.2343,39.9964],[140.2344,39.9974],[140.2351,39.9986],[140.2358,39.9992],[140.236,39.9997],[140.2365,40],[140.2367,40.0008],[140.2366,40.003],[140.2368,40.0037],[140.2365,40.0045],[140.2367,40.0053],[140.2362,40.0057],[140.2363,40.0065],[140.2357,40.0071],[140.2354,40.0077],[140.2341,40.0076],[140.2337,40.0075],[140.233,40.0064],[140.2318,40.0058],[140.2316,40.0051],[140.2308,40.0045],[140.2294,40.0046],[140.2282,40.0042],[140.2276,40.0043],[140.2277,40.0048],[140.2268,40.0054],[140.2259,40.0057],[140.2236,40.0058],[140.2226,40.0061],[140.2217,40.006],[140.2197,40.006],[140.2189,40.0069],[140.2176,40.0073],[140.2165,40.0074],[140.2161,40.0077],[140.2158,40.0089],[140.2148,40.0098],[140.2141,40.0106],[140.2136,40.0108],[140.2127,40.011],[140.2117,40.0116],[140.2106,40.0113],[140.2094,40.0118],[140.2076,40.0118],[140.2067,40.0121],[140.2059,40.0118],[140.2041,40.0115],[140.2038,40.0116],[140.2027,40.0126],[140.2018,40.0129],[140.2007,40.0127],[140.1979,40.0129],[140.1973,40.0129],[140.1969,40.0126],[140.1959,40.0115],[140.1945,40.0108],[140.1942,40.0104],[140.1937,40.0104],[140.1927,40.0107],[140.1915,40.0102],[140.1903,40.0101],[140.1895,40.0104],[140.1888,40.0103],[140.1875,40.0106],[140.1869,40.0103],[140.1864,40.0097],[140.1857,40.0097],[140.184,40.009],[140.1823,40.0086],[140.182,40.008],[140.1822,40.0067],[140.1814,40.0058],[140.1801,40.0053],[140.1786,40.0051],[140.1774,40.0047],[140.1765,40.0042],[140.1755,40.0044],[140.1749,40.0049],[140.1734,40.0053],[140.173,40.0061],[140.1735,40.0074],[140.173,40.0084],[140.1711,40.0095],[140.171,40.0103],[140.1708,40.0106],[140.1694,40.0105],[140.168,40.0106],[140.1664,40.0114],[140.166,40.0114],[140.1654,40.011],[140.1644,40.0107],[140.1637,40.0108],[140.1626,40.0106],[140.1618,40.011],[140.1612,40.0106],[140.1605,40.0107],[140.1594,40.0106],[140.1587,40.0108],[140.1582,40.0107],[140.1572,40.0095],[140.1571,40.0087],[140.1568,40.0082],[140.1552,40.0084],[140.155,40.0086],[140.1543,40.0082],[140.1539,40.0074],[140.1532,40.0072],[140.1532,40.0065],[140.1525,40.0057],[140.1529,40.005],[140.1525,40.0045],[140.1505,40.0031],[140.1492,40.0026],[140.1484,40.0024],[140.1479,40.0026],[140.1462,40.0021],[140.146,40.001],[140.1443,39.9987],[140.1433,39.9988],[140.1424,39.9982],[140.1415,39.9978],[140.14,39.9976],[140.1391,39.997],[140.1384,39.9968],[140.137,39.9968],[140.1357,39.9972],[140.1349,39.9972],[140.1332,39.9976],[140.1319,39.9977],[140.1318,39.9973],[140.131,39.9953],[140.13,39.9948],[140.1295,39.9943],[140.1285,39.9939],[140.1277,39.9935],[140.1274,39.9927],[140.1274,39.9918],[140.1277,39.9911],[140.1272,39.9902],[140.1269,39.9893],[140.1252,39.9885],[140.1239,39.989],[140.1227,39.9888],[140.1222,39.9892],[140.1214,39.9893],[140.1201,39.9884],[140.1194,39.9883],[140.1189,39.9876],[140.118,39.9872],[140.1174,39.9871],[140.1171,39.9867],[140.1163,39.9863],[140.1163,39.9856],[140.1176,39.985],[140.118,39.9845],[140.1189,39.9837],[140.1186,39.9829],[140.1174,39.9829],[140.1169,39.9825],[140.1172,39.9821],[140.1183,39.9818],[140.1191,39.9818],[140.1216,39.9812],[140.1222,39.9809],[140.1234,39.9797],[140.1231,39.9783],[140.1226,39.9785],[140.121,39.9783],[140.1209,39.9774],[140.1203,39.9765],[140.1197,39.9764],[140.1187,39.9751],[140.1192,39.9747],[140.1191,39.9735],[140.1185,39.9733],[140.1184,39.9729],[140.119,39.9724],[140.1183,39.9719],[140.1181,39.9713],[140.119,39.9706],[140.1198,39.9702],[140.1198,39.9686],[140.1195,39.9679],[140.1192,39.9668],[140.1177,39.9655],[140.1163,39.965],[140.1154,39.9646],[140.1151,39.9642],[140.1151,39.9633],[140.1152,39.9618],[140.1156,39.9608],[140.1151,39.9603],[140.1152,39.9595],[140.1133,39.9584],[140.1118,39.958],[140.1114,39.9581],[140.1106,39.959],[140.1099,39.9594],[140.1097,39.9597],[140.0949,39.9677],[140.0952,39.9673],[140.0952,39.9663],[140.0949,39.9652],[140.0939,39.9652],[140.0934,39.964],[140.0925,39.9642],[140.0904,39.9589],[140.0976,39.9536],[140.0962,39.9531],[140.0969,39.9526],[140.0933,39.9522],[140.0934,39.9515],[140.092,39.9514],[140.0931,39.9454],[140.0932,39.9453],[140.0982,39.9458],[140.0984,39.9453],[140.0996,39.9452],[140.1011,39.9454],[140.1023,39.9463],[140.1028,39.9469],[140.1041,39.9474],[140.1046,39.9479],[140.1054,39.9482],[140.1056,39.9488],[140.106,39.949],[140.106,39.9494],[140.1065,39.9503],[140.1051,39.9509],[140.1053,39.9512],[140.1063,39.9512],[140.1072,39.9513],[140.1077,39.9508],[140.1076,39.9501],[140.1083,39.95],[140.1082,39.9494],[140.1077,39.9491],[140.1076,39.9483],[140.1058,39.9466],[140.1064,39.9452],[140.1068,39.9448],[140.1089,39.9442],[140.1087,39.9435],[140.1082,39.9433],[140.1075,39.9437],[140.1064,39.9437],[140.1057,39.9441],[140.105,39.9436],[140.1043,39.9434],[140.1039,39.942],[140.1032,39.9418],[140.1023,39.9419],[140.101,39.942],[140.0966,39.943],[140.0961,39.9431],[140.094,39.9428],[140.0931,39.9423],[140.0926,39.9413],[140.0907,39.9394],[140.0905,39.9389],[140.0899,39.9384],[140.089,39.9385],[140.0888,39.9411],[140.0886,39.9415],[140.0887,39.9423],[140.088,39.9424],[140.0876,39.9427],[140.0875,39.9431],[140.0862,39.9434],[140.086,39.9424],[140.085,39.9424],[140.0848,39.9419],[140.0854,39.9403],[140.0854,39.9398],[140.0838,39.9399],[140.0831,39.9396],[140.0816,39.9387],[140.0806,39.9387],[140.0792,39.9394],[140.0776,39.94],[140.0765,39.9403],[140.0755,39.9401],[140.0742,39.9394],[140.0712,39.9377],[140.0704,39.9373],[140.0686,39.9366],[140.0663,39.936],[140.0645,39.9357],[140.0637,39.9365],[140.0631,39.9366],[140.0622,39.9365],[140.0616,39.9362],[140.0608,39.9354],[140.0602,39.934],[140.0594,39.9334],[140.0617,39.9328],[140.0628,39.9324],[140.0657,39.9322],[140.0669,39.9321],[140.0674,39.9323],[140.0682,39.9322],[140.0686,39.9324],[140.0691,39.932],[140.0697,39.9319],[140.0703,39.9309],[140.0704,39.9304],[140.0717,39.9301],[140.0724,39.9303],[140.0731,39.9309],[140.0748,39.931],[140.0761,39.9305],[140.0769,39.9305],[140.0779,39.9298],[140.0785,39.9297],[140.0787,39.9293],[140.0805,39.9283],[140.0865,39.9275],[140.0869,39.9277],[140.0895,39.927],[140.0901,39.9264],[140.0912,39.9261],[140.0918,39.9267],[140.0927,39.9266],[140.0927,39.9272],[140.0931,39.9277],[140.0936,39.9274],[140.095,39.9274],[140.0959,39.9271],[140.0992,39.926],[140.1016,39.925],[140.1033,39.9256],[140.1043,39.9269],[140.1066,39.9279],[140.1074,39.9279],[140.1088,39.9276],[140.1095,39.9271],[140.1104,39.9262],[140.1117,39.9261],[140.1123,39.9262],[140.1128,39.9258],[140.1139,39.9253],[140.1145,39.9253],[140.1153,39.9248],[140.1166,39.9251],[140.1172,39.9248],[140.1185,39.9248],[140.1193,39.9242],[140.1192,39.9234],[140.1196,39.9215],[140.1189,39.9213],[140.1188,39.9206],[140.1192,39.9197],[140.1199,39.9196],[140.121,39.92],[140.1219,39.9199],[140.1227,39.9201],[140.1238,39.9202],[140.1239,39.9199],[140.1235,39.9194],[140.1234,39.9189],[140.1244,39.9186],[140.1246,39.9178],[140.1251,39.9177],[140.126,39.918],[140.1271,39.918],[140.1278,39.9178],[140.1289,39.9177],[140.1298,39.9181],[140.1307,39.918],[140.1318,39.9169],[140.1323,39.917],[140.133,39.9168],[140.1332,39.9165],[140.133,39.9158],[140.1335,39.9153],[140.1331,39.9145],[140.1335,39.9141],[140.1328,39.9137],[140.1331,39.9135],[140.1331,39.9125],[140.1332,39.9121],[140.1323,39.9118],[140.1324,39.9106],[140.133,39.9103],[140.1339,39.9107],[140.1347,39.9104],[140.1359,39.9104],[140.1364,39.9097],[140.1365,39.9093],[140.1361,39.9087],[140.1354,39.9086],[140.1357,39.9082],[140.1359,39.9069],[140.1372,39.9062],[140.1374,39.906],[140.1374,39.9052],[140.1382,39.905],[140.1386,39.9046],[140.1398,39.9048],[140.1401,39.9041],[140.1408,39.904],[140.1415,39.9036],[140.143,39.9033],[140.1437,39.9036],[140.1445,39.9032],[140.1448,39.9027],[140.1465,39.9027],[140.1476,39.903],[140.1478,39.9025],[140.1483,39.9024],[140.1486,39.9018],[140.1484,39.9016],[140.1493,39.9006],[140.1501,39.9005],[140.1503,39.8994],[140.1499,39.8991],[140.1504,39.8981],[140.1489,39.8964],[140.1488,39.8953],[140.1499,39.8947],[140.1493,39.8932],[140.1499,39.8923],[140.1503,39.8921],[140.1503,39.891],[140.1507,39.8907],[140.1515,39.8906],[140.1535,39.8908],[140.1555,39.8909],[140.1568,39.8904],[140.1578,39.8906],[140.1585,39.8912],[140.1598,39.8915],[140.1603,39.8919],[140.1618,39.8914],[140.1624,39.8915],[140.1634,39.8924],[140.1638,39.8925],[140.1648,39.8919],[140.1658,39.892],[140.1664,39.8916],[140.1675,39.8915],[140.1681,39.8913],[140.1691,39.8915],[140.1703,39.8915],[140.1713,39.892],[140.1738,39.8922],[140.1748,39.8932],[140.1762,39.894],[140.1774,39.8935],[140.1784,39.8935],[140.1792,39.8928],[140.1794,39.8918],[140.1794,39.891],[140.18,39.8905],[140.1821,39.8891],[140.1829,39.8889],[140.1837,39.8884],[140.1842,39.8878],[140.1847,39.887],[140.1849,39.8856],[140.1852,39.8847],[140.185,39.8838],[140.1854,39.8831],[140.186,39.8828],[140.1872,39.8829],[140.1884,39.8827],[140.1893,39.8823],[140.1903,39.8821],[140.1912,39.8818],[140.1919,39.8817],[140.1936,39.8819],[140.1952,39.8819],[140.1964,39.8812],[140.1977,39.881],[140.1986,39.8811],[140.1997,39.8809],[140.2005,39.8809],[140.2019,39.8813],[140.2031,39.881],[140.204,39.8806],[140.2053,39.8807],[140.2061,39.8803],[140.207,39.8802],[140.2073,39.8803],[140.211,39.8807],[140.2115,39.8804],[140.2128,39.8789],[140.2136,39.8784],[140.2143,39.8784],[140.2147,39.878],[140.2159,39.8781],[140.2162,39.8777],[140.2169,39.8775],[140.2173,39.8769],[140.2172,39.8765],[140.2177,39.875],[140.2167,39.8744],[140.2165,39.8734],[140.2166,39.8726],[140.2163,39.8722],[140.2162,39.871],[140.2167,39.8685],[140.2165,39.8669],[140.2166,39.8657],[140.2165,39.8639],[140.2159,39.8631]]]},"properties":{"N03_001":"秋田県","N03_002":"","N03_003":"南秋田郡","N03_004":"五城目町","N03_007":"05361"}},
{"type":"Feature","geometry":{"type":"Polygon","coordinates":[[[140.0686,39.9868],[140.0682,39.9821],[140.0664,39.9773],[140.0643,39.9713],[140.0611,39.9628],[140.0546,39.9513],[140.0513,39.9462],[140.0511,39.946],[140.0441,39.9402],[140.0483,39.9371],[140.0497,39.9365],[140.0504,39.9362],[140.0526,39.9359],[140.0551,39.936],[140.0567,39.9359],[140.0566,39.9346],[140.0562,39.9335],[140.0567,39.933],[140.0573,39.9328],[140.0589,39.9331],[140.0594,39.9334],[140.0602,39.934],[140.0608,39.9354],[140.0616,39.9362],[140.0622,39.9365],[140.0631,39.9366],[140.0637,39.9365],[140.0645,39.9357],[140.0663,39.936],[140.0686,39.9366],[140.0704,39.9373],[140.0712,39.9377],[140.0742,39.9394],[140.0755,39.9401],[140.0765,39.9403],[140.0776,39.94],[140.0792,39.9394],[140.0806,39.9387],[140.0816,39.9387],[140.0831,39.9396],[140.0838,39.9399],[140.0854,39.9398],[140.0854,39.9403],[140.0848,39.9419],[140.085,39.9424],[140.086,39.9424],[140.0862,39.9434],[140.0875,39.9431],[140.0876,39.9427],[140.088,39.9424],[140.0887,39.9423],[140.0886,39.9415],[140.0888,39.9411],[140.089,39.9385],[140.0899,39.9384],[140.0905,39.9389],[140.0907,39.9394],[140.0926,39.9413],[140.0931,39.9423],[140.094,39.9428],[140.0961,39.9431],[140.0966,39.943],[140.101,39.942],[140.1023,39.9419],[140.1032,39.9418],[140.1039,39.942],[140.1043,39.9434],[140.105,39.9436],[140.1057,39.9441],[140.1064,39.9437],[140.1075,39.9437],[140.1082,39.9433],[140.1087,39.9435],[140.1089,39.9442],[140.1068,39.9448],[140.1064,39.9452],[140.1058,39.9466],[140.1076,39.9483],[140.1077,39.9491],[140.1082,39.9494],[140.1083,39.95],[140.1076,39.9501],[140.1077,39.9508],[140.1072,39.9513],[140.1063,39.9512],[140.1053,39.9512],[140.1051,39.9509],[140.1065,39.9503],[140.106,39.9494],[140.106,39.949],[140.1056,39.9488],[140.1054,39.9482],[140.1046,39.9479],[140.1041,39.9474],[140.1028,39.9469],[140.1023,39.9463],[140.1011,39.9454],[140.0996,39.9452],[140.0984,39.9453],[140.0982,39.9458],[140.0932,39.9453],[140.0931,39.9454],[140.092,39.9514],[140.0934,39.9515],[140.0933,39.9522],[140.0969,39.9526],[140.0962,39.9531],[140.0976,39.9536],[140.0904,39.9589],[140.0925,39.9642],[140.0934,39.964],[140.0939,39.9652],[140.0949,39.9652],[140.0952,39.9663],[140.0952,39.9673],[140.0949,39.9677],[140.1097,39.9597],[140.1099,39.9594],[140.1106,39.959],[140.1114,39.9581],[140.1118,39.958],[140.1133,39.9584],[140.1152,39.9595],[140.1151,39.9603],[140.1156,39.9608],[140.1152,39.9618],[140.1151,39.9633],[140.1151,39.9642],[140.1154,39.9646],[140.1163,39.965],[140.1177,39.9655],[140.1192,39.9668],[140.1195,39.9679],[140.1198,39.9686],[140.1198,39.9702],[140.119,39.9706],[140.1181,39.9713],[140.1183,39.9719],[140.119,39.9724],[140.1184,39.9729],[140.1185,39.9733],[140.1191,39.9735],[140.1192,39.9747],[140.1187,39.9751],[140.1197,39.9764],[140.1203,39.9765],[140.1209,39.9774],[140.121,39.9783],[140.12,39.9787],[140.1185,39.979],[140.1171,39.9793],[140.1148,39.9792],[140.1141,39.9781],[140.1134,39.9781],[140.1118,39.9783],[140.1113,39.978],[140.1098,39.9777],[140.1088,39.9777],[140.1089,39.9768],[140.1087,39.9765],[140.1079,39.9763],[140.1078,39.9756],[140.1084,39.9749],[140.1081,39.9746],[140.1067,39.9746],[140.1052,39.9745],[140.1037,39.9748],[140.1028,39.9757],[140.1015,39.9766],[140.1001,39.9763],[140.0988,39.9764],[140.0979,39.9763],[140.0973,39.9764],[140.0967,39.976],[140.0956,39.9758],[140.0952,39.9756],[140.0944,39.9755],[140.0939,39.9757],[140.093,39.9751],[140.0923,39.9752],[140.0909,39.9748],[140.0893,39.9747],[140.0885,39.9752],[140.0878,39.9758],[140.0865,39.9763],[140.0856,39.9763],[140.0849,39.9769],[140.084,39.9775],[140.0838,39.9781],[140.0829,39.9791],[140.0821,39.9791],[140.0813,39.9801],[140.0803,39.9803],[140.0801,39.9806],[140.0801,39.9813],[140.0792,39.9816],[140.0786,39.9821],[140.0785,39.9827],[140.079,39.9831],[140.0795,39.9838],[140.0786,39.9859],[140.0774,39.9861],[140.0756,39.986],[140.0686,39.9868]]]},"properties":{"N03_001":"秋田県","N03_002":"","N03_003":"南秋田郡","N03_004":"八郎潟町","N03_007":"05363"}},
{"type":"Feature","geometry":{"type":"Polygon","coordinates":[[[140.016,39.9198],[140.0164,39.9194],[140.0335,39.9056],[140.0542,39.905],[140.0582,39.9046],[140.0592,39.9048],[140.0625,39.9046],[140.0641,39.9045],[140.0672,39.9046],[140.0698,39.9044],[140.0698,39.9054],[140.074,39.9053],[140.0739,39.9042],[140.0748,39.9042],[140.075,39.905],[140.0775,39.9053],[140.0791,39.9052],[140.0793,39.9043],[140.0818,39.9045],[140.0828,39.9048],[140.0844,39.9053],[140.0855,39.9049],[140.0868,39.9053],[140.0874,39.9054],[140.09,39.9048],[140.0903,39.9046],[140.0921,39.9043],[140.0919,39.9034],[140.0923,39.9019],[140.0934,39.9013],[140.0944,39.9007],[140.0956,39.8994],[140.0966,39.8986],[140.0966,39.8981],[140.0971,39.8972],[140.0978,39.8971],[140.0985,39.8965],[140.0988,39.8959],[140.1001,39.8952],[140.1,39.8946],[140.0993,39.8944],[140.0986,39.8935],[140.1008,39.8929],[140.102,39.892],[140.1015,39.8912],[140.1018,39.8906],[140.1022,39.8904],[140.1034,39.8904],[140.1045,39.8895],[140.1046,39.8886],[140.1056,39.8875],[140.1062,39.8865],[140.1064,39.8857],[140.1073,39.8857],[140.1087,39.8853],[140.1093,39.8853],[140.1105,39.8851],[140.1113,39.8843],[140.1119,39.884],[140.1123,39.8836],[140.1133,39.8834],[140.1142,39.8824],[140.1137,39.882],[140.1136,39.8813],[140.1133,39.8806],[140.1135,39.8801],[140.1146,39.8799],[140.1149,39.8796],[140.115,39.879],[140.1158,39.878],[140.1157,39.8776],[140.1159,39.877],[140.1156,39.8765],[140.1164,39.8763],[140.1171,39.8759],[140.1184,39.8755],[140.119,39.8755],[140.1203,39.8753],[140.1209,39.875],[140.1212,39.8746],[140.121,39.874],[140.1214,39.8734],[140.1225,39.8736],[140.1229,39.8739],[140.124,39.8737],[140.1253,39.8732],[140.1266,39.8731],[140.1271,39.8734],[140.1279,39.8734],[140.1283,39.8727],[140.1291,39.8723],[140.1293,39.8718],[140.1299,39.8714],[140.1292,39.8707],[140.1294,39.8697],[140.1293,39.8692],[140.13,39.8684],[140.13,39.8679],[140.1304,39.8668],[140.1313,39.8667],[140.1323,39.8664],[140.133,39.8658],[140.1345,39.8658],[140.1349,39.8659],[140.1356,39.8665],[140.1376,39.8668],[140.1389,39.8668],[140.1394,39.8672],[140.1394,39.8677],[140.1403,39.8681],[140.1415,39.8679],[140.1423,39.8681],[140.1423,39.8685],[140.1429,39.8686],[140.1442,39.8679],[140.1453,39.8681],[140.1456,39.8679],[140.1454,39.8667],[140.1456,39.8662],[140.1462,39.866],[140.147,39.8664],[140.1476,39.8662],[140.1479,39.8653],[140.1484,39.8645],[140.1492,39.8641],[140.1498,39.8642],[140.1501,39.8645],[140.1509,39.8647],[140.1513,39.8652],[140.1517,39.8659],[140.1526,39.8659],[140.1528,39.8663],[140.1534,39.8666],[140.1538,39.8673],[140.1541,39.8672],[140.1545,39.8664],[140.1553,39.8664],[140.1557,39.865],[140.1559,39.8649],[140.1568,39.865],[140.1572,39.8642],[140.1569,39.8635],[140.1578,39.8631],[140.1581,39.8622],[140.1586,39.8619],[140.1599,39.8617],[140.1601,39.861],[140.1606,39.8609],[140.1613,39.8605],[140.1612,39.8601],[140.1616,39.8594],[140.1621,39.8593],[140.1628,39.8587],[140.1631,39.858],[140.1635,39.8578],[140.1641,39.858],[140.1649,39.858],[140.1658,39.8582],[140.1668,39.8586],[140.1669,39.858],[140.1668,39.8574],[140.1676,39.8571],[140.1687,39.8564],[140.1689,39.8559],[140.1696,39.8551],[140.1704,39.8549],[140.1722,39.8549],[140.1736,39.8546],[140.175,39.8546],[140.1753,39.8547],[140.1762,39.8546],[140.1773,39.8546],[140.178,39.8544],[140.1794,39.8546],[140.1803,39.8544],[140.1809,39.8545],[140.1815,39.8544],[140.1826,39.8546],[140.1842,39.8541],[140.185,39.8541],[140.186,39.8544],[140.1863,39.8549],[140.1871,39.8558],[140.1889,39.8563],[140.1905,39.8566],[140.1918,39.8571],[140.1925,39.8572],[140.1937,39.8579],[140.1962,39.8589],[140.1971,39.8593],[140.1978,39.8598],[140.1977,39.8603],[140.1981,39.8607],[140.1986,39.8619],[140.199,39.8625],[140.2,39.8636],[140.2004,39.8639],[140.2016,39.8636],[140.2039,39.8638],[140.2049,39.8644],[140.2067,39.8649],[140.2081,39.865],[140.2086,39.8649],[140.2091,39.8645],[140.2094,39.8637],[140.2106,39.8638],[140.212,39.8642],[140.2124,39.8641],[140.2131,39.8633],[140.2133,39.8628],[140.2148,39.8628],[140.2159,39.8631],[140.2165,39.8639],[140.2166,39.8657],[140.2165,39.8669],[140.2167,39.8685],[140.2162,39.871],[140.2163,39.8722],[140.2166,39.8726],[140.2165,39.8734],[140.2167,39.8744],[140.2177,39.875],[140.2172,39.8765],[140.2173,39.8769],[140.2169,39.8775],[140.2162,39.8777],[140.2159,39.8781],[140.2147,39.878],[140.2143,39.8784],[140.2136,39.8784],[140.2128,39.8789],[140.2115,39.8804],[140.211,39.8807],[140.2073,39.8803],[140.207,39.8802],[140.2061,39.8803],[140.2053,39.8807],[140.204,39.8806],[140.2031,39.881],[140.2019,39.8813],[140.2005,39.8809],[140.1997,39.8809],[140.1986,39.8811],[140.1977,39.881],[140.1964,39.8812],[140.1952,39.8819],[140.1936,39.8819],[140.1919,39.8817],[140.1912,39.8818],[140.1903,39.8821],[140.1893,39.8823],[140.1884,39.8827],[140.1872,39.8829],[140.186,39.8828],[140.1854,39.8831],[140.185,39.8838],[140.1852,39.8847],[140.1849,39.8856],[140.1847,39.887],[140.1842,39.8878],[140.1837,39.8884],[140.1829,39.8889],[140.1821,39.8891],[140.18,39.8905],[140.1794,39.891],[140.1794,39.8918],[140.1792,39.8928],[140.1784,39.8935],[140.1774,39.8935],[140.1762,39.894],[140.1748,39.8932],[140.1738,39.8922],[140.1713,39.892],[140.1703,39.8915],[140.1691,39.8915],[140.1681,39.8913],[140.1675,39.8915],[140.1664,39.8916],[140.1658,39.892],[140.1648,39.8919],[140.1638,39.8925],[140.1634,39.8924],[140.1624,39.8915],[140.1618,39.8914],[140.1603,39.8919],[140.1598,39.8915],[140.1585,39.8912],[140.1578,39.8906],[140.1568,39.8904],[140.1555,39.8909],[140.1535,39.8908],[140.1515,39.8906],[140.1507,39.8907],[140.1503,39.891],[140.1503,39.8921],[140.1499,39.8923],[140.1493,39.8932],[140.1499,39.8947],[140.1488,39.8953],[140.1489,39.8964],[140.1504,39.8981],[140.1499,39.8991],[140.1503,39.8994],[140.1501,39.9005],[140.1493,39.9006],[140.1484,39.9016],[140.1486,39.9018],[140.1483,39.9024],[140.1478,39.9025],[140.1476,39.903],[140.1465,39.9027],[140.1448,39.9027],[140.1445,39.9032],[140.1437,39.9036],[140.143,39.9033],[140.1415,39.9036],[140.1408,39.904],[140.1401,39.9041],[140.1398,39.9048],[140.1386,39.9046],[140.1382,39.905],[140.1374,39.9052],[140.1374,39.906],[140.1372,39.9062],[140.1359,39.9069],[140.1357,39.9082],[140.1354,39.9086],[140.1361,39.9087],[140.1365,39.9093],[140.1364,39.9097],[140.1359,39.9104],[140.1347,39.9104],[140.1339,39.9107],[140.133,39.9103],[140.1324,39.9106],[140.1323,39.9118],[140.1332,39.9121],[140.1331,39.9125],[140.1331,39.9135],[140.1328,39.9137],[140.1335,39.9141],[140.1331,39.9145],[140.1335,39.9153],[140.133,39.9158],[140.1332,39.9165],[140.133,39.9168],[140.1323,39.917],[140.1318,39.9169],[140.1307,39.918],[140.1298,39.9181],[140.1289,39.9177],[140.1278,39.9178],[140.1271,39.918],[140.126,39.918],[140.1251,39.9177],[140.1246,39.9178],[140.1244,39.9186],[140.1234,39.9189],[140.1235,39.9194],[140.1239,39.9199],[140.1238,39.9202],[140.1227,39.9201],[140.1219,39.9199],[140.121,39.92],[140.1199,39.9196],[140.1192,39.9197],[140.1188,39.9206],[140.1189,39.9213],[140.1196,39.9215],[140.1192,39.9234],[140.1193,39.9242],[140.1185,39.9248],[140.1172,39.9248],[140.1166,39.9251],[140.1153,39.9248],[140.1145,39.9253],[140.1139,39.9253],[140.1128,39.9258],[140.1123,39.9262],[140.1117,39.9261],[140.1104,39.9262],[140.1095,39.9271],[140.1088,39.9276],[140.1074,39.9279],[140.1066,39.9279],[140.1043,39.9269],[140.1033,39.9256],[140.1016,39.925],[140.0992,39.926],[140.0959,39.9271],[140.095,39.9274],[140.0936,39.9274],[140.0931,39.9277],[140.0927,39.9272],[140.0927,39.9266],[140.0918,39.9267],[140.0912,39.9261],[140.0901,39.9264],[140.0895,39.927],[140.0869,39.9277],[140.0865,39.9275],[140.0805,39.9283],[140.0787,39.9293],[140.0785,39.9297],[140.0779,39.9298],[140.0769,39.9305],[140.0761,39.9305],[140.0748,39.931],[140.0731,39.9309],[140.0724,39.9303],[140.0717,39.9301],[140.0704,39.9304],[140.0703,39.9309],[140.0697,39.9319],[140.0691,39.932],[140.0686,39.9324],[140.0682,39.9322],[140.0674,39.9323],[140.0669,39.9321],[140.0657,39.9322],[140.0628,39.9324],[140.0617,39.9328],[140.0594,39.9334],[140.0589,39.9331],[140.0576,39.9321],[140.063,39.9309],[140.0626,39.9295],[140.0576,39.9291],[140.0568,39.929],[140.0556,39.93],[140.0478,39.9265],[140.016,39.9198]]]},"properties":{"N03_001":"秋田県","N03_002":"","N03_003":"南秋田郡","N03_004":"井川町","N03_007":"05366"}},
{"type":"Feature","geometry":{"type":"Polygon","coordinates":[[[139.962,40.0575],[139.9619,40.0572],[139.9618,40.057],[139.9609,40.0547],[139.9604,40.0532],[139.9602,40.0524],[139.9594,40.0507],[139.9592,40.0503],[139.959,40.05],[139.9587,40.0497],[139.9583,40.0494],[139.9581,40.0492],[139.958,40.0492],[139.9579,40.0489],[139.9578,40.0483],[139.9578,40.048],[139.9577,40.0479],[139.9574,40.0476],[139.9573,40.0474],[139.9568,40.0468],[139.9561,40.0459],[139.9556,40.0454],[139.9555,40.0453],[139.9549,40.0447],[139.9544,40.0441],[139.9536,40.0433],[139.9533,40.0428],[139.9532,40.0426],[139.9532,40.0421],[139.9532,40.0417],[139.9532,40.0414],[139.9532,40.0412],[139.9532,40.0391],[139.9531,40.0385],[139.953,40.0382],[139.9528,40.0376],[139.9524,40.0371],[139.952,40.0369],[139.9515,40.0366],[139.9507,40.0363],[139.95,40.036],[139.9474,40.0351],[139.9469,40.0349],[139.9431,40.0336],[139.9425,40.0333],[139.9417,40.0331],[139.9417,40.033],[139.94,40.0325],[139.9372,40.0315],[139.9358,40.031],[139.9342,40.0303],[139.9341,40.0302],[139.9339,40.0297],[139.9333,40.0283],[139.9322,40.0251],[139.9322,40.025],[139.932,40.0243],[139.9319,40.0242],[139.9318,40.0241],[139.9315,40.0239],[139.931,40.0236],[139.9304,40.0234],[139.9303,40.0233],[139.9304,40.0232],[139.9317,40.02],[139.9318,40.0198],[139.9319,40.0196],[139.932,40.0194],[139.9327,40.0179],[139.9328,40.0177],[139.9333,40.0173],[139.9336,40.0171],[139.934,40.0167],[139.9341,40.0165],[139.9353,40.0132],[139.936,40.0113],[139.9361,40.011],[139.9362,40.0107],[139.9366,40.0104],[139.9377,40.0098],[139.9408,40.0083],[139.9409,40.0083],[139.9416,40.008],[139.9417,40.008],[139.9417,40.0079],[139.9418,40.0079],[139.9426,40.0069],[139.9434,40.0057],[139.9436,40.0053],[139.9436,40.0052],[139.9437,40.0048],[139.9437,40.0045],[139.9436,40.0042],[139.9434,40.0034],[139.9433,40.0028],[139.9433,40.0027],[139.9431,40.0022],[139.9431,40.0017],[139.943,40.0015],[139.9427,40.0011],[139.9422,40.0006],[139.9418,40.0002],[139.9417,40.0002],[139.9415,40],[139.9401,39.9987],[139.9398,39.9985],[139.9386,39.9974],[139.9362,39.9951],[139.9351,39.9931],[139.9343,39.9917],[139.9339,39.991],[139.9335,39.9902],[139.9333,39.9898],[139.9316,39.9846],[139.9315,39.9841],[139.9312,39.9835],[139.9312,39.9833],[139.9301,39.9797],[139.9295,39.9782],[139.9293,39.9774],[139.9288,39.9759],[139.9285,39.975],[139.9284,39.9745],[139.927,39.9707],[139.9265,39.9694],[139.9264,39.969],[139.9257,39.9672],[139.9257,39.9671],[139.9256,39.9669],[139.9256,39.9667],[139.925,39.9652],[139.9247,39.9644],[139.9243,39.9635],[139.924,39.9628],[139.9228,39.9597],[139.9224,39.9588],[139.9225,39.9586],[139.9225,39.9583],[139.9226,39.9579],[139.9245,39.9552],[139.925,39.9546],[139.926,39.9533],[139.9262,39.953],[139.9277,39.9523],[139.929,39.9517],[139.9328,39.95],[139.9333,39.9498],[139.9333,39.9497],[139.9354,39.9488],[139.938,39.9477],[139.9387,39.9474],[139.9397,39.9469],[139.9402,39.9467],[139.9406,39.9465],[139.9414,39.946],[139.9417,39.9459],[139.9417,39.9458],[139.9437,39.9445],[139.9448,39.9439],[139.9455,39.9435],[139.9458,39.9434],[139.9463,39.9432],[139.9469,39.9429],[139.947,39.9429],[139.9472,39.9425],[139.9475,39.9422],[139.9476,39.9422],[139.9482,39.9418],[139.9485,39.9417],[139.9488,39.9415],[139.9489,39.9415],[139.949,39.9414],[139.9491,39.9414],[139.9495,39.9411],[139.95,39.9408],[139.9502,39.9407],[139.9511,39.9403],[139.9555,39.9381],[139.9565,39.9376],[139.9571,39.9373],[139.9574,39.9372],[139.9575,39.9372],[139.9577,39.937],[139.9583,39.9367],[139.9597,39.936],[139.961,39.9354],[139.9652,39.9333],[139.9667,39.9326],[139.9669,39.9325],[139.9686,39.9317],[139.9687,39.9316],[139.9695,39.9312],[139.972,39.9299],[139.9723,39.9298],[139.9746,39.9287],[139.975,39.9285],[139.9763,39.9278],[139.9966,39.9234],[140.0056,39.9215],[140.0115,39.9203],[140.0155,39.9198],[140.016,39.9198],[140.0235,39.9252],[140.0319,39.9311],[140.0386,39.9357],[140.0403,39.9371],[140.0441,39.9402],[140.0511,39.946],[140.0513,39.9462],[140.0546,39.9513],[140.0611,39.9628],[140.0643,39.9713],[140.0664,39.9773],[140.0682,39.9821],[140.0686,39.9868],[140.0688,39.9893],[140.0692,39.9928],[140.0697,39.9985],[140.07,40.0027],[140.0704,40.0081],[140.0705,40.0098],[140.0708,40.0195],[140.071,40.0278],[140.0712,40.0355],[140.0713,40.0401],[140.0681,40.0471],[140.0664,40.0508],[140.0632,40.0555],[140.059,40.0615],[140.0559,40.0635],[140.0517,40.0661],[140.0488,40.0673],[140.0436,40.0693],[140.0351,40.0726],[140.0262,40.0761],[140.0202,40.0784],[140.0166,40.0822],[140.0113,40.0845],[140.0105,40.0849],[140.0054,40.0857],[140.0045,40.0861],[140.0018,40.0875],[140.0011,40.088],[140.0008,40.0885],[140.0007,40.0898],[139.9999,40.0906],[139.9997,40.0914],[139.9995,40.0934],[139.9987,40.0932],[139.9958,40.0937],[139.9922,40.0939],[139.9882,40.0942],[139.9879,40.0942],[139.9854,40.0934],[139.9849,40.0916],[139.9841,40.0903],[139.9839,40.0891],[139.9838,40.0876],[139.9837,40.0842],[139.982,40.0824],[139.9823,40.081],[139.982,40.08],[139.981,40.0784],[139.9793,40.0773],[139.9764,40.0763],[139.976,40.0757],[139.9762,40.0754],[139.9791,40.0736],[139.98,40.0727],[139.9806,40.0719],[139.9809,40.0712],[139.981,40.0703],[139.9809,40.0693],[139.9804,40.0682],[139.9797,40.0674],[139.979,40.067],[139.977,40.0662],[139.9752,40.0655],[139.9711,40.064],[139.9672,40.0623],[139.9661,40.0605],[139.9649,40.0599],[139.9636,40.0594],[139.9624,40.0584],[139.962,40.0575]]]},"properties":{"N03_001":"秋田県","N03_002":"","N03_003":"南秋田郡","N03_004":"大潟村","N03_007":"05368"}},
{"type":"Feature","geometry":{"type":"Polygon","coordinates":[[[140.4894,39.3834],[140.489,39.3823],[140.4891,39.3817],[140.4896,39.3806],[140.4903,39.3799],[140.4912,39.3792],[140.492,39.3788],[140.493,39.3787],[140.4946,39.3787],[140.4979,39.3783],[140.4987,39.378],[140.4991,39.3774],[140.4995,39.3749],[140.5,39.3741],[140.5014,39.3729],[140.5028,39.3723],[140.5038,39.3719],[140.5059,39.371],[140.5069,39.3705],[140.5078,39.3695],[140.5086,39.3671],[140.5093,39.3659],[140.5098,39.3655],[140.5102,39.3649],[140.5111,39.364],[140.5116,39.3636],[140.5126,39.3625],[140.5141,39.3614],[140.5157,39.3607],[140.5163,39.3605],[140.5181,39.3604],[140.5188,39.3603],[140.5203,39.3593],[140.5211,39.3584],[140.5227,39.358],[140.5251,39.3579],[140.5261,39.3576],[140.5269,39.3569],[140.5283,39.3555],[140.5291,39.3543],[140.5302,39.3533],[140.5314,39.3529],[140.534,39.353],[140.5352,39.3528],[140.5379,39.3522],[140.5391,39.3516],[140.5401,39.3514],[140.5405,39.3515],[140.5409,39.3524],[140.5404,39.3532],[140.5407,39.3537],[140.5399,39.3538],[140.5401,39.3545],[140.5384,39.3552],[140.5378,39.355],[140.537,39.355],[140.5358,39.3556],[140.5343,39.3559],[140.5333,39.3565],[140.5328,39.3581],[140.5313,39.3603],[140.5305,39.3619],[140.5303,39.3624],[140.5307,39.3629],[140.5382,39.3637],[140.5391,39.3636],[140.5397,39.3637],[140.5405,39.3626],[140.5416,39.3625],[140.542,39.3622],[140.5427,39.3606],[140.543,39.3605],[140.5438,39.3597],[140.5434,39.3585],[140.5444,39.3564],[140.5448,39.3564],[140.5459,39.3558],[140.5467,39.3552],[140.547,39.3555],[140.5471,39.3563],[140.5475,39.3564],[140.5483,39.357],[140.5485,39.3578],[140.5482,39.3584],[140.5492,39.3588],[140.5502,39.3606],[140.5503,39.3615],[140.5499,39.3635],[140.5507,39.3645],[140.5507,39.3658],[140.551,39.3674],[140.5514,39.3683],[140.5509,39.3693],[140.5514,39.3715],[140.5509,39.3722],[140.5502,39.3721],[140.5491,39.3723],[140.5479,39.3731],[140.5482,39.3735],[140.549,39.3739],[140.5516,39.3746],[140.5529,39.3753],[140.5537,39.3755],[140.555,39.376],[140.5565,39.3763],[140.5591,39.3766],[140.5605,39.3769],[140.5628,39.3771],[140.5641,39.3771],[140.567,39.3767],[140.5679,39.3768],[140.5693,39.377],[140.5705,39.3767],[140.571,39.3777],[140.5718,39.3778],[140.572,39.3794],[140.5723,39.3803],[140.5727,39.3805],[140.5734,39.3806],[140.5745,39.3813],[140.5756,39.3813],[140.5754,39.3804],[140.5758,39.3802],[140.5769,39.3802],[140.578,39.3804],[140.5786,39.3803],[140.5807,39.3794],[140.5827,39.3796],[140.5842,39.3793],[140.5855,39.3788],[140.5871,39.379],[140.5905,39.379],[140.5917,39.3789],[140.5937,39.3785],[140.5941,39.3782],[140.5947,39.3784],[140.5953,39.3782],[140.5956,39.3777],[140.5964,39.377],[140.5974,39.3763],[140.5986,39.3759],[140.5997,39.3757],[140.6002,39.3759],[140.6009,39.3763],[140.6021,39.3762],[140.6025,39.3765],[140.6032,39.3767],[140.6033,39.377],[140.6024,39.377],[140.6018,39.3767],[140.6009,39.3768],[140.5996,39.3771],[140.5995,39.3773],[140.601,39.3772],[140.6022,39.3773],[140.6031,39.3775],[140.6046,39.3776],[140.6057,39.3782],[140.6073,39.3785],[140.6079,39.3789],[140.609,39.3801],[140.6101,39.3807],[140.6106,39.3807],[140.6113,39.3812],[140.6115,39.3816],[140.6127,39.3808],[140.6157,39.38],[140.6163,39.3796],[140.6166,39.3789],[140.6167,39.3783],[140.6164,39.3778],[140.6168,39.3757],[140.6172,39.3747],[140.6175,39.3744],[140.6193,39.374],[140.6202,39.3739],[140.6216,39.3732],[140.6221,39.3727],[140.623,39.3726],[140.6228,39.3722],[140.6219,39.3715],[140.6203,39.3707],[140.62,39.3703],[140.6209,39.3696],[140.6215,39.37],[140.6227,39.3704],[140.6235,39.3704],[140.6244,39.3707],[140.6255,39.3707],[140.6273,39.3711],[140.6277,39.3714],[140.6287,39.372],[140.6297,39.3722],[140.6304,39.3726],[140.6305,39.3737],[140.6312,39.3739],[140.6315,39.3742],[140.6321,39.3755],[140.6324,39.3757],[140.6315,39.3763],[140.6308,39.3769],[140.631,39.3776],[140.6321,39.3786],[140.6338,39.3783],[140.6348,39.3779],[140.6363,39.3783],[140.6361,39.3792],[140.6364,39.3798],[140.6374,39.3803],[140.6388,39.3803],[140.6394,39.3805],[140.6399,39.3804],[140.6409,39.3806],[140.6417,39.3809],[140.6433,39.3816],[140.6437,39.3819],[140.6441,39.3825],[140.6441,39.3834],[140.6443,39.3837],[140.6451,39.3837],[140.6465,39.3835],[140.6476,39.3839],[140.6484,39.3845],[140.6488,39.3852],[140.6508,39.3857],[140.6518,39.3858],[140.6525,39.3855],[140.6535,39.3859],[140.6539,39.3863],[140.6541,39.387],[140.6555,39.389],[140.6562,39.3891],[140.6539,39.3905],[140.6532,39.3908],[140.6532,39.3912],[140.6539,39.3929],[140.6544,39.3939],[140.6547,39.3941],[140.6558,39.394],[140.656,39.395],[140.6566,39.3954],[140.6571,39.3968],[140.6571,39.3974],[140.658,39.398],[140.6583,39.3985],[140.6578,39.3994],[140.658,39.3998],[140.6589,39.4006],[140.6618,39.4019],[140.6621,39.4024],[140.6629,39.4029],[140.6637,39.4038],[140.6628,39.4046],[140.662,39.405],[140.6618,39.4056],[140.6628,39.4079],[140.6627,39.4082],[140.6614,39.4085],[140.6588,39.4093],[140.6586,39.4095],[140.6581,39.4105],[140.6575,39.4112],[140.6575,39.4117],[140.6582,39.4141],[140.6584,39.4151],[140.6589,39.4147],[140.6601,39.4143],[140.6624,39.4148],[140.6645,39.4155],[140.6656,39.416],[140.6663,39.4165],[140.6679,39.4168],[140.6689,39.4174],[140.6697,39.4176],[140.6709,39.4177],[140.6718,39.4174],[140.6733,39.4169],[140.6751,39.4169],[140.6758,39.4177],[140.6764,39.4187],[140.677,39.4189],[140.6789,39.418],[140.6792,39.4177],[140.6794,39.417],[140.6805,39.4175],[140.6811,39.4184],[140.6814,39.4195],[140.6821,39.4209],[140.6833,39.4217],[140.6836,39.4225],[140.6841,39.423],[140.6851,39.4247],[140.6841,39.4261],[140.684,39.4271],[140.6847,39.4278],[140.6847,39.4286],[140.6851,39.4292],[140.6858,39.43],[140.6859,39.4304],[140.6858,39.4315],[140.6863,39.4324],[140.6863,39.4345],[140.6858,39.4355],[140.6856,39.4373],[140.6854,39.4377],[140.6847,39.4383],[140.6835,39.4404],[140.6829,39.4413],[140.6824,39.4419],[140.6814,39.4426],[140.6803,39.443],[140.6803,39.4437],[140.679,39.4449],[140.6778,39.4452],[140.6774,39.4462],[140.677,39.4467],[140.6768,39.4478],[140.677,39.4484],[140.678,39.449],[140.6782,39.4493],[140.6782,39.4502],[140.6785,39.4511],[140.679,39.4518],[140.6797,39.4524],[140.6808,39.453],[140.6811,39.4535],[140.6809,39.4546],[140.6813,39.4556],[140.6819,39.4565],[140.682,39.4573],[140.6825,39.4574],[140.6829,39.4571],[140.6835,39.4571],[140.6847,39.4582],[140.6853,39.4593],[140.6856,39.4595],[140.6873,39.4601],[140.6883,39.4624],[140.6888,39.4631],[140.6895,39.4639],[140.6895,39.4648],[140.6909,39.4651],[140.692,39.4656],[140.6932,39.4659],[140.6942,39.4659],[140.6961,39.4662],[140.6975,39.4669],[140.6982,39.4678],[140.6976,39.4684],[140.6966,39.4698],[140.6958,39.4706],[140.6952,39.472],[140.6952,39.4731],[140.6941,39.4735],[140.6938,39.474],[140.6934,39.4756],[140.6934,39.4771],[140.6919,39.4779],[140.6908,39.4785],[140.6901,39.4791],[140.6894,39.4792],[140.6879,39.4793],[140.6871,39.4796],[140.6849,39.4801],[140.6833,39.4807],[140.6818,39.4808],[140.6804,39.4813],[140.6783,39.4812],[140.6772,39.4817],[140.6767,39.4822],[140.6764,39.4834],[140.6753,39.4842],[140.6738,39.4864],[140.6734,39.4877],[140.6727,39.4881],[140.672,39.4888],[140.6711,39.4889],[140.6707,39.4896],[140.6697,39.49],[140.6691,39.4897],[140.6681,39.489],[140.6671,39.4889],[140.6663,39.4896],[140.6649,39.4903],[140.6646,39.4915],[140.6639,39.4918],[140.6628,39.4927],[140.6616,39.4929],[140.6612,39.4937],[140.661,39.4945],[140.6599,39.4946],[140.659,39.4944],[140.6577,39.4943],[140.6569,39.4944],[140.6559,39.4943],[140.6541,39.4945],[140.6534,39.4942],[140.6519,39.4941],[140.6506,39.4938],[140.6501,39.4941],[140.6498,39.4948],[140.6494,39.4955],[140.6485,39.496],[140.6479,39.4968],[140.6477,39.4975],[140.6457,39.4979],[140.6449,39.4983],[140.6434,39.4984],[140.6423,39.4983],[140.6407,39.4984],[140.6392,39.4981],[140.6391,39.4974],[140.6384,39.4968],[140.6371,39.4968],[140.6362,39.4968],[140.6337,39.4963],[140.6325,39.4966],[140.6314,39.4967],[140.6306,39.4965],[140.6298,39.496],[140.6288,39.4956],[140.628,39.4958],[140.6238,39.4953],[140.6234,39.4946],[140.6227,39.4941],[140.6219,39.4939],[140.6195,39.4925],[140.6189,39.4923],[140.6182,39.4925],[140.6169,39.4919],[140.6159,39.4918],[140.6146,39.4923],[140.614,39.4928],[140.6131,39.4938],[140.6123,39.4937],[140.6117,39.493],[140.6116,39.4926],[140.6111,39.4922],[140.6103,39.4921],[140.6101,39.4918],[140.6089,39.491],[140.6078,39.49],[140.6064,39.4895],[140.6046,39.4893],[140.6038,39.4894],[140.603,39.4889],[140.6007,39.4888],[140.5979,39.4888],[140.5964,39.4889],[140.5954,39.4882],[140.5948,39.4881],[140.5925,39.4869],[140.592,39.4875],[140.5918,39.4868],[140.5905,39.4839],[140.5894,39.4817],[140.5845,39.4822],[140.5842,39.4805],[140.5812,39.4808],[140.5807,39.48],[140.5799,39.4804],[140.5797,39.4802],[140.5788,39.4804],[140.5777,39.4806],[140.5778,39.4798],[140.5755,39.4796],[140.5753,39.4808],[140.575,39.4809],[140.5702,39.4815],[140.5702,39.4817],[140.5748,39.4812],[140.5749,39.4818],[140.5754,39.4819],[140.5756,39.4827],[140.5682,39.4835],[140.5685,39.4858],[140.5678,39.486],[140.5659,39.4853],[140.5661,39.4849],[140.5645,39.4842],[140.56,39.4835],[140.5603,39.4824],[140.5579,39.4819],[140.5575,39.4807],[140.5578,39.4799],[140.559,39.4797],[140.5589,39.4793],[140.5597,39.4789],[140.5599,39.4784],[140.5592,39.4779],[140.559,39.4766],[140.5586,39.4758],[140.5575,39.4751],[140.5556,39.4744],[140.5551,39.4741],[140.5546,39.4735],[140.554,39.4734],[140.5537,39.4731],[140.5521,39.473],[140.5523,39.4736],[140.5479,39.4727],[140.5449,39.4718],[140.545,39.4711],[140.546,39.4712],[140.5461,39.4706],[140.5465,39.4699],[140.5472,39.4701],[140.5474,39.4698],[140.5484,39.4702],[140.55,39.471],[140.5511,39.4713],[140.5514,39.4708],[140.5528,39.4706],[140.5529,39.4701],[140.5527,39.4695],[140.553,39.4693],[140.5547,39.4693],[140.5557,39.4692],[140.5563,39.4688],[140.5578,39.4688],[140.5577,39.4679],[140.5552,39.468],[140.5551,39.4654],[140.5541,39.4651],[140.5536,39.4647],[140.5538,39.4641],[140.5544,39.4639],[140.5556,39.4638],[140.5554,39.4627],[140.555,39.4615],[140.5549,39.4609],[140.5541,39.4605],[140.5542,39.4581],[140.555,39.4571],[140.5551,39.4554],[140.558,39.4538],[140.5572,39.4523],[140.5589,39.4514],[140.5594,39.451],[140.5589,39.4503],[140.559,39.4502],[140.5583,39.4492],[140.5559,39.4498],[140.5563,39.4508],[140.5543,39.4513],[140.5531,39.4511],[140.5523,39.4513],[140.5518,39.4524],[140.5501,39.4528],[140.5491,39.4528],[140.5484,39.4525],[140.5451,39.4527],[140.5452,39.4513],[140.5462,39.451],[140.5458,39.4503],[140.5447,39.4506],[140.5446,39.451],[140.5438,39.451],[140.544,39.4506],[140.543,39.4504],[140.5427,39.45],[140.5426,39.4494],[140.5429,39.4487],[140.5421,39.4489],[140.5415,39.4492],[140.5402,39.4507],[140.5375,39.4507],[140.5374,39.4498],[140.5378,39.4493],[140.5378,39.4479],[140.5375,39.4471],[140.5362,39.4473],[140.5362,39.447],[140.5341,39.4476],[140.5332,39.4454],[140.5328,39.4455],[140.5324,39.4444],[140.5308,39.4448],[140.53,39.4448],[140.5299,39.4444],[140.5291,39.4444],[140.528,39.4441],[140.5267,39.4406],[140.5238,39.4412],[140.5235,39.4403],[140.5219,39.4406],[140.5221,39.4411],[140.5216,39.4412],[140.5211,39.4399],[140.5226,39.4396],[140.5219,39.4371],[140.5212,39.4371],[140.5211,39.4368],[140.519,39.4373],[140.5186,39.4362],[140.5177,39.4364],[140.5158,39.4373],[140.5156,39.4368],[140.5142,39.4372],[140.514,39.4368],[140.513,39.4371],[140.5106,39.4319],[140.5112,39.4314],[140.5116,39.4315],[140.5129,39.4311],[140.5143,39.4304],[140.5145,39.4292],[140.514,39.4275],[140.5158,39.4252],[140.5166,39.4244],[140.5186,39.423],[140.5187,39.424],[140.52,39.4239],[140.52,39.4214],[140.5178,39.4215],[140.5176,39.4194],[140.5175,39.4174],[140.517,39.4165],[140.5161,39.4157],[140.5146,39.4159],[140.5146,39.4148],[140.5142,39.4133],[140.5137,39.4133],[140.5111,39.4144],[140.51,39.4142],[140.5063,39.4148],[140.5053,39.415],[140.504,39.4157],[140.5045,39.4149],[140.5032,39.4143],[140.5047,39.4122],[140.5049,39.412],[140.5064,39.4126],[140.5075,39.409],[140.5079,39.4075],[140.5083,39.4066],[140.5087,39.4061],[140.5101,39.4053],[140.5098,39.4033],[140.5104,39.4032],[140.5102,39.401],[140.5101,39.4001],[140.5107,39.3982],[140.5107,39.3979],[140.5083,39.3958],[140.5074,39.3959],[140.507,39.3966],[140.5067,39.3967],[140.505,39.3968],[140.5049,39.3973],[140.5043,39.3976],[140.5033,39.3977],[140.5033,39.3984],[140.5027,39.3986],[140.5021,39.3993],[140.5014,39.3991],[140.5007,39.3999],[140.5008,39.4006],[140.4998,39.4007],[140.498,39.4022],[140.4981,39.403],[140.4974,39.4041],[140.4968,39.4046],[140.4962,39.4043],[140.4961,39.4037],[140.4956,39.4012],[140.4942,39.4014],[140.4936,39.398],[140.4925,39.3981],[140.4924,39.3974],[140.4902,39.3974],[140.4898,39.4002],[140.4881,39.4],[140.4884,39.401],[140.4881,39.402],[140.4864,39.4021],[140.4851,39.4003],[140.4844,39.3983],[140.4848,39.3973],[140.4856,39.3965],[140.4866,39.396],[140.4879,39.3956],[140.4883,39.3954],[140.4884,39.3946],[140.4881,39.3931],[140.4879,39.3916],[140.488,39.3907],[140.4862,39.3899],[140.4863,39.3892],[140.4871,39.3884],[140.488,39.3878],[140.4893,39.3871],[140.4907,39.3862],[140.491,39.3855],[140.4907,39.3849],[140.4898,39.3842],[140.4894,39.3834]]]},"properties":{"N03_001":"秋田県","N03_002":"","N03_003":"仙北郡","N03_004":"美郷町","N03_007":"05434"}},
{"type":"Feature","geometry":{"type":"Polygon","coordinates":[[[140.3419,39.0836],[140.3433,39.0832],[140.345,39.0824],[140.346,39.0823],[140.3469,39.0827],[140.3476,39.0831],[140.3484,39.0831],[140.349,39.0835],[140.35,39.0837],[140.3516,39.0842],[140.3523,39.0843],[140.3539,39.0849],[140.3546,39.0859],[140.3549,39.087],[140.3549,39.0886],[140.3561,39.0903],[140.3566,39.0908],[140.3565,39.0912],[140.3565,39.0921],[140.3563,39.0927],[140.3564,39.0934],[140.3573,39.0929],[140.3577,39.0928],[140.3598,39.0933],[140.3604,39.0931],[140.3617,39.093],[140.3624,39.093],[140.3632,39.0933],[140.3653,39.0935],[140.3655,39.0948],[140.3653,39.0949],[140.3655,39.0962],[140.366,39.0973],[140.3659,39.0981],[140.3661,39.0985],[140.3677,39.0991],[140.3686,39.0996],[140.3694,39.0997],[140.3699,39.0995],[140.3707,39.1],[140.3716,39.1001],[140.3725,39.1003],[140.3735,39.1003],[140.3739,39.1007],[140.3747,39.1011],[140.3753,39.1005],[140.3761,39.1002],[140.3782,39.1002],[140.3786,39.1006],[140.3794,39.101],[140.3795,39.1013],[140.3803,39.1017],[140.3815,39.1017],[140.3822,39.1023],[140.3833,39.1025],[140.3844,39.1017],[140.3848,39.1016],[140.3858,39.102],[140.3867,39.1031],[140.387,39.103],[140.3877,39.1032],[140.389,39.1029],[140.3897,39.1038],[140.3904,39.1038],[140.3914,39.1048],[140.3924,39.1048],[140.3927,39.105],[140.393,39.1061],[140.3937,39.1071],[140.3945,39.1072],[140.3952,39.1076],[140.396,39.1083],[140.3967,39.1094],[140.3967,39.1104],[140.3969,39.1106],[140.398,39.1109],[140.3983,39.1116],[140.3993,39.1118],[140.4002,39.1126],[140.4006,39.113],[140.4006,39.1136],[140.4009,39.1143],[140.4006,39.1149],[140.4006,39.1153],[140.4021,39.1174],[140.4026,39.1178],[140.4032,39.1188],[140.4031,39.1195],[140.4038,39.1207],[140.4042,39.1211],[140.4054,39.1213],[140.4074,39.1226],[140.4073,39.1241],[140.4074,39.1244],[140.407,39.1257],[140.4061,39.1265],[140.4061,39.1272],[140.4067,39.128],[140.4074,39.1283],[140.4075,39.1294],[140.4072,39.1299],[140.4077,39.1306],[140.4076,39.131],[140.4071,39.1313],[140.4066,39.1326],[140.4069,39.1331],[140.4069,39.1338],[140.4082,39.1346],[140.4083,39.1351],[140.4093,39.1357],[140.4095,39.1362],[140.4107,39.1371],[140.412,39.137],[140.4127,39.1368],[140.414,39.1369],[140.4153,39.137],[140.4161,39.1369],[140.4185,39.1366],[140.4194,39.1362],[140.4197,39.1366],[140.4198,39.1376],[140.4193,39.138],[140.4192,39.1383],[140.4198,39.1393],[140.421,39.1398],[140.4215,39.1402],[140.4236,39.141],[140.4237,39.1415],[140.4244,39.1421],[140.4246,39.143],[140.4247,39.1438],[140.4251,39.1444],[140.4253,39.1454],[140.4262,39.1455],[140.4275,39.1462],[140.4274,39.1468],[140.4278,39.1475],[140.4271,39.1479],[140.4269,39.1485],[140.4273,39.1499],[140.4269,39.1512],[140.4268,39.152],[140.4275,39.1526],[140.4279,39.1533],[140.4287,39.1535],[140.4287,39.1543],[140.4293,39.1548],[140.4292,39.1558],[140.4296,39.1575],[140.4302,39.1583],[140.4302,39.1589],[140.4298,39.1603],[140.4298,39.1608],[140.4303,39.1617],[140.4302,39.1624],[140.4311,39.1636],[140.4315,39.1638],[140.4325,39.1636],[140.4333,39.1642],[140.4335,39.1646],[140.4339,39.1666],[140.4353,39.1665],[140.4365,39.167],[140.4374,39.168],[140.4382,39.1694],[140.4462,39.1636],[140.4487,39.1657],[140.4494,39.1664],[140.4531,39.1695],[140.4552,39.1713],[140.4602,39.1755],[140.4568,39.1779],[140.4587,39.1795],[140.459,39.1799],[140.4581,39.1804],[140.4574,39.1813],[140.4553,39.1832],[140.4548,39.1839],[140.4546,39.1845],[140.4541,39.1851],[140.4516,39.1883],[140.4509,39.1896],[140.45,39.1906],[140.4497,39.1915],[140.4501,39.1931],[140.4504,39.1938],[140.4503,39.1944],[140.4494,39.1952],[140.4487,39.1961],[140.4478,39.1967],[140.4479,39.1974],[140.4479,39.1984],[140.4484,39.1986],[140.4475,39.199],[140.4474,39.1997],[140.447,39.1998],[140.4469,39.2012],[140.4465,39.2007],[140.4455,39.2011],[140.4451,39.2018],[140.4442,39.202],[140.4434,39.2029],[140.4436,39.2039],[140.4439,39.2043],[140.444,39.2049],[140.4436,39.2061],[140.4438,39.2074],[140.445,39.2078],[140.445,39.2081],[140.4444,39.2088],[140.443,39.2099],[140.4424,39.2109],[140.4427,39.2112],[140.4452,39.2125],[140.4448,39.2129],[140.4436,39.2145],[140.4428,39.2153],[140.4436,39.2153],[140.4454,39.2141],[140.4464,39.2136],[140.4467,39.2149],[140.4467,39.2153],[140.4459,39.2159],[140.4456,39.2163],[140.4451,39.2172],[140.4439,39.2179],[140.4433,39.2187],[140.4422,39.2195],[140.4421,39.2212],[140.4421,39.2241],[140.4422,39.2251],[140.4418,39.2258],[140.4387,39.226],[140.4362,39.226],[140.4363,39.2255],[140.436,39.2252],[140.4351,39.2247],[140.4345,39.2254],[140.4334,39.2249],[140.4323,39.2262],[140.4302,39.2252],[140.4262,39.2302],[140.4236,39.229],[140.4228,39.2299],[140.422,39.2303],[140.422,39.2311],[140.4217,39.2322],[140.4214,39.2327],[140.4218,39.2338],[140.4215,39.2348],[140.4243,39.2361],[140.4214,39.2396],[140.4219,39.2401],[140.4231,39.242],[140.4235,39.2422],[140.4247,39.2422],[140.4253,39.2426],[140.4216,39.2443],[140.4176,39.2465],[140.4172,39.2465],[140.416,39.2458],[140.4142,39.247],[140.412,39.2478],[140.4111,39.2481],[140.4098,39.248],[140.4083,39.2475],[140.4095,39.2504],[140.4101,39.2515],[140.4099,39.2517],[140.4082,39.2523],[140.4072,39.253],[140.4032,39.2554],[140.4018,39.2562],[140.4016,39.2569],[140.402,39.2588],[140.4017,39.2601],[140.4002,39.2634],[140.3999,39.2638],[140.3989,39.2638],[140.3981,39.2636],[140.3981,39.2631],[140.3986,39.2611],[140.3986,39.2607],[140.399,39.26],[140.399,39.2596],[140.3976,39.2591],[140.3963,39.2593],[140.3954,39.2596],[140.3941,39.2602],[140.3935,39.2603],[140.393,39.2597],[140.3925,39.2597],[140.3911,39.2601],[140.3904,39.2601],[140.3884,39.2596],[140.3878,39.2593],[140.3872,39.2597],[140.3862,39.2595],[140.3857,39.2597],[140.3857,39.2601],[140.3849,39.2607],[140.3824,39.2609],[140.3819,39.261],[140.3803,39.2598],[140.3801,39.2594],[140.3795,39.2595],[140.3785,39.26],[140.3775,39.2607],[140.377,39.2607],[140.3764,39.2613],[140.3758,39.2613],[140.3751,39.2618],[140.3741,39.2621],[140.3726,39.2617],[140.3717,39.2619],[140.3705,39.2619],[140.3691,39.2616],[140.3676,39.2616],[140.3665,39.2616],[140.3648,39.2607],[140.3643,39.2604],[140.3638,39.2604],[140.3631,39.261],[140.3628,39.261],[140.3619,39.2604],[140.361,39.2593],[140.3609,39.2587],[140.3602,39.2578],[140.359,39.2572],[140.3581,39.2572],[140.3575,39.2564],[140.3568,39.256],[140.3554,39.2556],[140.3539,39.256],[140.3527,39.2552],[140.3525,39.2547],[140.3514,39.2542],[140.3501,39.2534],[140.3489,39.2521],[140.3484,39.252],[140.3482,39.2515],[140.3473,39.2509],[140.3468,39.2505],[140.3474,39.2499],[140.3484,39.2485],[140.3488,39.2482],[140.348,39.2469],[140.3466,39.2468],[140.3449,39.2471],[140.3437,39.2467],[140.3431,39.246],[140.3424,39.2458],[140.3423,39.2449],[140.3421,39.2447],[140.3412,39.2445],[140.3393,39.2455],[140.3385,39.2454],[140.338,39.2451],[140.3374,39.2456],[140.3378,39.246],[140.3382,39.2471],[140.3381,39.2474],[140.3373,39.2479],[140.337,39.2489],[140.3353,39.2492],[140.3347,39.2491],[140.3339,39.2481],[140.3327,39.2482],[140.3324,39.2481],[140.3324,39.2473],[140.3315,39.2461],[140.331,39.246],[140.3278,39.246],[140.3267,39.2458],[140.326,39.2474],[140.3256,39.248],[140.3242,39.2481],[140.3231,39.2477],[140.3214,39.2476],[140.3209,39.2473],[140.3203,39.2474],[140.3189,39.2479],[140.3184,39.2478],[140.3175,39.2473],[140.3167,39.2471],[140.3155,39.2473],[140.3147,39.2471],[140.3143,39.2474],[140.3134,39.2473],[140.3131,39.2469],[140.3126,39.2468],[140.3111,39.2474],[140.3109,39.2481],[140.3104,39.2483],[140.3097,39.2481],[140.308,39.2471],[140.3075,39.2467],[140.3063,39.247],[140.3056,39.247],[140.3052,39.2465],[140.304,39.2455],[140.3035,39.2453],[140.3025,39.2456],[140.3017,39.2454],[140.3016,39.2446],[140.301,39.2443],[140.3001,39.2444],[140.3,39.244],[140.2989,39.244],[140.2985,39.2444],[140.2977,39.2444],[140.2968,39.2446],[140.2962,39.245],[140.2952,39.2449],[140.2944,39.2445],[140.2934,39.2442],[140.2908,39.2439],[140.2904,39.244],[140.2894,39.2438],[140.289,39.244],[140.2878,39.2438],[140.2865,39.2439],[140.2852,39.2434],[140.2841,39.2433],[140.2835,39.2427],[140.2816,39.2414],[140.2819,39.2403],[140.2808,39.2402],[140.2803,39.2406],[140.2795,39.2406],[140.279,39.2408],[140.2782,39.2408],[140.2777,39.2411],[140.2768,39.2409],[140.2756,39.2408],[140.2749,39.2406],[140.2741,39.2399],[140.2732,39.24],[140.2723,39.2405],[140.2704,39.2402],[140.2701,39.2394],[140.2704,39.2389],[140.2704,39.2375],[140.2696,39.2376],[140.2685,39.2372],[140.2675,39.2371],[140.2659,39.2363],[140.2655,39.2366],[140.2646,39.2376],[140.2631,39.238],[140.2625,39.2379],[140.262,39.2373],[140.2611,39.2367],[140.2609,39.236],[140.2611,39.2355],[140.2606,39.2348],[140.26,39.2345],[140.259,39.2337],[140.2585,39.2331],[140.2578,39.2329],[140.2565,39.2326],[140.2558,39.2319],[140.2549,39.2313],[140.2526,39.231],[140.2522,39.2301],[140.2527,39.2287],[140.2524,39.2283],[140.2512,39.2275],[140.2503,39.2264],[140.2497,39.226],[140.2491,39.2249],[140.2484,39.2246],[140.247,39.2245],[140.246,39.2248],[140.2454,39.2248],[140.2446,39.2246],[140.2437,39.2248],[140.2426,39.2247],[140.2417,39.2249],[140.2405,39.2254],[140.2377,39.2273],[140.2366,39.2266],[140.2351,39.226],[140.2339,39.2257],[140.2329,39.2255],[140.2318,39.226],[140.2315,39.2264],[140.2305,39.2277],[140.2297,39.2291],[140.2292,39.2295],[140.2285,39.2297],[140.2264,39.2294],[140.2258,39.2287],[140.2243,39.2279],[140.2236,39.2274],[140.2227,39.2269],[140.2229,39.226],[140.2226,39.2254],[140.2226,39.2244],[140.2231,39.2238],[140.2233,39.2231],[140.2236,39.2226],[140.223,39.2219],[140.2208,39.222],[140.2205,39.2209],[140.2219,39.2201],[140.2216,39.219],[140.2218,39.2187],[140.2218,39.2181],[140.2228,39.2172],[140.2233,39.2168],[140.2248,39.2168],[140.2256,39.2166],[140.2264,39.2161],[140.2268,39.216],[140.2271,39.2156],[140.2271,39.2145],[140.2272,39.2136],[140.2271,39.2132],[140.2272,39.2123],[140.2281,39.2122],[140.2287,39.2117],[140.2289,39.2112],[140.2297,39.211],[140.2292,39.2099],[140.2293,39.2093],[140.2297,39.2089],[140.2299,39.2082],[140.2293,39.2069],[140.2302,39.2055],[140.23,39.2037],[140.231,39.2032],[140.2312,39.2025],[140.2312,39.2014],[140.2325,39.2005],[140.2335,39.1987],[140.2337,39.1981],[140.2345,39.1975],[140.2354,39.1975],[140.2361,39.1973],[140.2363,39.1962],[140.2368,39.1952],[140.2379,39.1946],[140.2387,39.1938],[140.2391,39.1936],[140.2411,39.1942],[140.2417,39.1943],[140.2426,39.1947],[140.2432,39.1948],[140.2441,39.1954],[140.2446,39.1964],[140.2453,39.1969],[140.2461,39.197],[140.2474,39.197],[140.248,39.1972],[140.2489,39.1968],[140.2499,39.1954],[140.2511,39.1943],[140.2517,39.1941],[140.2522,39.1936],[140.254,39.1926],[140.2547,39.1922],[140.2551,39.1916],[140.2559,39.1912],[140.2561,39.1906],[140.2573,39.1901],[140.257,39.1892],[140.2577,39.1887],[140.2578,39.1881],[140.2567,39.1869],[140.2573,39.186],[140.2572,39.1845],[140.2568,39.1831],[140.2572,39.1819],[140.2589,39.1811],[140.2603,39.181],[140.262,39.1789],[140.2627,39.1781],[140.2629,39.1771],[140.2634,39.1764],[140.2637,39.1756],[140.2636,39.1752],[140.2646,39.1745],[140.2653,39.1743],[140.2656,39.1739],[140.2663,39.1732],[140.2675,39.1733],[140.2681,39.1732],[140.2692,39.1727],[140.2707,39.1721],[140.2714,39.1716],[140.2732,39.1719],[140.2737,39.1715],[140.2738,39.1706],[140.2744,39.1701],[140.2749,39.1693],[140.275,39.1687],[140.2756,39.1683],[140.2766,39.1671],[140.2767,39.1668],[140.2773,39.1664],[140.2782,39.1655],[140.2789,39.1646],[140.2791,39.164],[140.2797,39.1634],[140.2799,39.1619],[140.2801,39.1613],[140.2801,39.1599],[140.2802,39.1585],[140.2804,39.1583],[140.281,39.1566],[140.281,39.1553],[140.2813,39.1543],[140.2821,39.1534],[140.2823,39.1529],[140.2821,39.1523],[140.2817,39.1518],[140.2816,39.151],[140.2833,39.1495],[140.2842,39.1497],[140.2858,39.1491],[140.2869,39.1484],[140.2869,39.1479],[140.2872,39.1471],[140.2875,39.1467],[140.2881,39.1466],[140.2891,39.146],[140.2899,39.146],[140.292,39.1455],[140.2922,39.1454],[140.2924,39.1445],[140.293,39.1443],[140.2933,39.1434],[140.2937,39.143],[140.2937,39.1425],[140.2946,39.1419],[140.295,39.1415],[140.2964,39.141],[140.2962,39.1406],[140.2966,39.1393],[140.2963,39.1386],[140.2969,39.1383],[140.2983,39.1371],[140.299,39.1369],[140.2998,39.1361],[140.3003,39.1354],[140.3012,39.1346],[140.302,39.1343],[140.303,39.1336],[140.3033,39.1331],[140.3033,39.1322],[140.3036,39.1314],[140.304,39.1311],[140.3039,39.1303],[140.3037,39.1298],[140.3038,39.1292],[140.3038,39.1282],[140.3034,39.1278],[140.3031,39.1268],[140.3035,39.1259],[140.3045,39.1235],[140.3039,39.1225],[140.304,39.1223],[140.3057,39.1222],[140.3065,39.1214],[140.3071,39.1211],[140.3074,39.1204],[140.3083,39.1204],[140.3094,39.1198],[140.31,39.1191],[140.3106,39.1186],[140.3112,39.1179],[140.3115,39.1169],[140.3127,39.1163],[140.3118,39.1152],[140.312,39.1141],[140.3124,39.1137],[140.3136,39.1131],[140.3143,39.1128],[140.3143,39.1123],[140.3141,39.1119],[140.3143,39.1113],[140.3149,39.1106],[140.315,39.11],[140.3159,39.1097],[140.316,39.1091],[140.3155,39.1082],[140.3156,39.1069],[140.3162,39.1056],[140.3167,39.1054],[140.3168,39.1047],[140.3165,39.104],[140.3169,39.1031],[140.3169,39.1022],[140.317,39.1015],[140.3177,39.1012],[140.319,39.1011],[140.3198,39.1012],[140.3204,39.101],[140.3213,39.1],[140.3218,39.1],[140.3248,39.1009],[140.3253,39.1009],[140.3259,39.1006],[140.3267,39.1005],[140.328,39.1008],[140.3295,39.1006],[140.3303,39.1005],[140.3311,39.1001],[140.332,39.0989],[140.3323,39.0983],[140.3336,39.0975],[140.3349,39.0963],[140.3356,39.0954],[140.3364,39.0938],[140.3375,39.093],[140.3379,39.0922],[140.3387,39.0914],[140.341,39.0893],[140.3417,39.0879],[140.3413,39.0871],[140.3411,39.0862],[140.3413,39.0856],[140.3412,39.085],[140.3415,39.0842],[140.3419,39.0836]]]},"properties":{"N03_001":"秋田県","N03_002":"","N03_003":"雄勝郡","N03_004":"羽後町","N03_007":"05463"}},
{"type":"Feature","geometry":{"type":"Polygon","coordinates":[[[140.6821,39.0925],[140.6829,39.0921],[140.6836,39.0916],[140.684,39.0903],[140.6848,39.0896],[140.6853,39.0885],[140.6856,39.0877],[140.6866,39.0864],[140.687,39.0849],[140.6881,39.0835],[140.688,39.083],[140.6868,39.0827],[140.6866,39.0823],[140.6868,39.0816],[140.6862,39.0805],[140.6866,39.0797],[140.6865,39.0792],[140.6858,39.0781],[140.6859,39.0772],[140.6858,39.0768],[140.6854,39.0765],[140.6853,39.0757],[140.6847,39.0743],[140.6849,39.0734],[140.6841,39.0717],[140.6845,39.0705],[140.6849,39.0702],[140.6851,39.0696],[140.6845,39.0685],[140.6834,39.0676],[140.6833,39.0671],[140.6836,39.0653],[140.6853,39.065],[140.6871,39.0643],[140.6887,39.0641],[140.6893,39.0635],[140.6901,39.0633],[140.6905,39.0623],[140.6912,39.0616],[140.6911,39.061],[140.6917,39.0606],[140.6918,39.0599],[140.6928,39.0587],[140.693,39.058],[140.6935,39.0572],[140.6947,39.0561],[140.696,39.0558],[140.6974,39.0548],[140.6983,39.0544],[140.699,39.0539],[140.7,39.0536],[140.7011,39.0535],[140.702,39.0526],[140.7034,39.0518],[140.7042,39.051],[140.7053,39.0504],[140.7057,39.05],[140.705,39.0491],[140.7053,39.0479],[140.705,39.0473],[140.7056,39.0463],[140.7065,39.046],[140.7069,39.0457],[140.7067,39.0447],[140.7069,39.0436],[140.7063,39.0416],[140.7063,39.0411],[140.7069,39.0403],[140.7081,39.0397],[140.7084,39.0391],[140.7082,39.0374],[140.7071,39.0361],[140.7071,39.0357],[140.7074,39.0351],[140.7077,39.0337],[140.7075,39.0333],[140.7069,39.0329],[140.7064,39.0318],[140.7058,39.0313],[140.7053,39.0307],[140.7044,39.0301],[140.7033,39.0288],[140.7026,39.0271],[140.7029,39.0268],[140.7038,39.0263],[140.7062,39.0259],[140.7072,39.0256],[140.7075,39.0253],[140.7074,39.0248],[140.7071,39.0236],[140.7053,39.0214],[140.705,39.0205],[140.7046,39.0202],[140.7031,39.0194],[140.7019,39.0185],[140.7007,39.0179],[140.7008,39.0177],[140.702,39.0173],[140.7024,39.0168],[140.7032,39.0163],[140.7028,39.0159],[140.7023,39.0148],[140.7025,39.0134],[140.7029,39.0125],[140.7042,39.0126],[140.7065,39.0125],[140.7081,39.0123],[140.7092,39.012],[140.71,39.0115],[140.7116,39.0102],[140.7126,39.009],[140.7151,39.0076],[140.7172,39.0066],[140.7187,39.0055],[140.7182,39.0048],[140.7178,39.004],[140.718,39.0023],[140.7175,39.0015],[140.7179,39.0002],[140.7179,38.9998],[140.7165,38.9987],[140.7163,38.9981],[140.7164,38.9968],[140.7162,38.9963],[140.7157,38.9956],[140.7157,38.9952],[140.7163,38.9946],[140.7165,38.9939],[140.7171,38.993],[140.7179,38.9923],[140.7197,38.9914],[140.7213,38.9897],[140.7223,38.9885],[140.7229,38.9884],[140.7231,38.9879],[140.7231,38.987],[140.7234,38.9863],[140.7245,38.9859],[140.7257,38.9859],[140.7268,38.9859],[140.7277,38.9856],[140.7282,38.9852],[140.7292,38.9838],[140.7292,38.9831],[140.7295,38.9824],[140.7295,38.9812],[140.7299,38.9808],[140.7308,38.9805],[140.732,38.9803],[140.7328,38.98],[140.7353,38.977],[140.7361,38.9764],[140.7374,38.9757],[140.7385,38.975],[140.7398,38.9743],[140.7419,38.9726],[140.7434,38.9715],[140.7442,38.9706],[140.7466,38.9691],[140.7487,38.967],[140.7499,38.966],[140.7504,38.9653],[140.7509,38.964],[140.7518,38.963],[140.7521,38.9622],[140.7533,38.9605],[140.7551,38.959],[140.7556,38.9582],[140.7568,38.9581],[140.7587,38.9585],[140.7597,38.9582],[140.7616,38.9575],[140.7632,38.9571],[140.7653,38.9571],[140.7676,38.9578],[140.7687,38.958],[140.7705,38.958],[140.7721,38.9584],[140.7736,38.9581],[140.774,38.9589],[140.7741,38.9595],[140.775,38.9604],[140.7746,38.9612],[140.773,38.9628],[140.7723,38.9635],[140.772,38.964],[140.7723,38.965],[140.7721,38.9661],[140.7723,38.967],[140.773,38.9674],[140.7734,38.968],[140.7745,38.9687],[140.7747,38.969],[140.775,38.9704],[140.7747,38.9712],[140.7737,38.9727],[140.7727,38.9739],[140.7711,38.9752],[140.7702,38.9762],[140.7698,38.977],[140.7693,38.979],[140.7693,38.9799],[140.7691,38.9815],[140.7688,38.9822],[140.7681,38.9829],[140.7659,38.9841],[140.7648,38.985],[140.7645,38.9856],[140.7649,38.987],[140.7648,38.9875],[140.7638,38.9887],[140.7639,38.9894],[140.7644,38.9898],[140.7647,38.9905],[140.7653,38.991],[140.767,38.9918],[140.7673,38.9921],[140.7671,38.993],[140.7679,38.9947],[140.7676,38.9954],[140.7669,38.9958],[140.7652,38.9961],[140.7648,38.9964],[140.7645,38.997],[140.7647,38.9978],[140.7647,38.9994],[140.7642,38.9998],[140.7644,39.0004],[140.7665,39.0005],[140.7673,39.0007],[140.7685,39.0011],[140.7688,39.0021],[140.7689,39.003],[140.7687,39.0035],[140.771,39.0043],[140.7742,39.0052],[140.7756,39.0062],[140.7773,39.0071],[140.7788,39.0084],[140.7797,39.0106],[140.7799,39.0115],[140.7804,39.0129],[140.78,39.0144],[140.7803,39.0149],[140.7812,39.015],[140.7835,39.0164],[140.784,39.0173],[140.7841,39.0182],[140.7844,39.0191],[140.7853,39.0202],[140.7857,39.0215],[140.7867,39.0219],[140.7895,39.0233],[140.7904,39.0236],[140.7908,39.0241],[140.7909,39.0251],[140.7922,39.0268],[140.7926,39.0277],[140.7933,39.0283],[140.7947,39.0287],[140.7954,39.0297],[140.7951,39.0307],[140.7945,39.0311],[140.7938,39.0314],[140.7933,39.032],[140.7932,39.0328],[140.7935,39.0335],[140.7949,39.0344],[140.7956,39.0352],[140.7961,39.036],[140.796,39.0366],[140.7954,39.0373],[140.7951,39.0389],[140.7942,39.0403],[140.7941,39.0408],[140.7935,39.0417],[140.7957,39.0427],[140.7972,39.0432],[140.7977,39.0438],[140.799,39.0442],[140.7994,39.0445],[140.7993,39.046],[140.7993,39.0462],[140.8006,39.0473],[140.8009,39.0479],[140.8008,39.0494],[140.8015,39.0498],[140.8032,39.0502],[140.804,39.0507],[140.8043,39.0515],[140.8052,39.052],[140.8047,39.0529],[140.8057,39.0535],[140.8064,39.0548],[140.807,39.0548],[140.8082,39.0554],[140.8092,39.0568],[140.8102,39.0572],[140.8098,39.058],[140.8085,39.0582],[140.8066,39.0583],[140.8053,39.0579],[140.8041,39.0581],[140.8033,39.0586],[140.802,39.0588],[140.8012,39.0596],[140.8002,39.06],[140.7996,39.0607],[140.7995,39.0613],[140.7996,39.0621],[140.7994,39.0628],[140.7999,39.0638],[140.8006,39.0646],[140.8018,39.0652],[140.8026,39.0662],[140.8038,39.067],[140.8038,39.0678],[140.8035,39.0684],[140.8034,39.0694],[140.8037,39.0701],[140.8044,39.0706],[140.804,39.0714],[140.804,39.0723],[140.8025,39.0737],[140.8019,39.0739],[140.8008,39.074],[140.8015,39.0752],[140.8019,39.0767],[140.8024,39.0779],[140.8005,39.0778],[140.8003,39.0771],[140.8,39.0765],[140.7993,39.0767],[140.7982,39.0774],[140.7977,39.0775],[140.7962,39.0775],[140.7951,39.0771],[140.7941,39.077],[140.7928,39.0773],[140.7917,39.0779],[140.7909,39.0782],[140.7897,39.0784],[140.7876,39.0785],[140.7855,39.0791],[140.7846,39.0789],[140.7835,39.0791],[140.7826,39.0799],[140.7823,39.0812],[140.7816,39.0816],[140.7789,39.0821],[140.7783,39.0821],[140.7777,39.0819],[140.777,39.0813],[140.7758,39.0808],[140.7751,39.0797],[140.7735,39.0789],[140.772,39.0787],[140.7705,39.0789],[140.7692,39.0794],[140.7683,39.0795],[140.7677,39.0799],[140.7673,39.0806],[140.7666,39.0811],[140.7649,39.0808],[140.7639,39.0804],[140.7632,39.0806],[140.7624,39.0817],[140.762,39.0821],[140.7614,39.0822],[140.7605,39.083],[140.7595,39.0831],[140.759,39.0834],[140.7588,39.0844],[140.7589,39.0848],[140.7585,39.0854],[140.7567,39.0856],[140.7554,39.0854],[140.7542,39.0857],[140.7529,39.086],[140.7527,39.0862],[140.7525,39.0876],[140.7527,39.0886],[140.7531,39.0905],[140.7534,39.091],[140.7544,39.0914],[140.7561,39.0922],[140.7572,39.0938],[140.7563,39.0949],[140.7559,39.0959],[140.7559,39.0968],[140.7565,39.0981],[140.7569,39.0988],[140.7582,39.0997],[140.7589,39.102],[140.7592,39.1026],[140.759,39.1032],[140.76,39.1041],[140.7607,39.106],[140.7622,39.1064],[140.762,39.1071],[140.7632,39.1089],[140.7623,39.1092],[140.7617,39.1097],[140.7617,39.1109],[140.7609,39.1111],[140.7596,39.1117],[140.758,39.1123],[140.7569,39.1123],[140.7559,39.1122],[140.7555,39.1133],[140.7563,39.1146],[140.7562,39.1166],[140.7559,39.1181],[140.7562,39.1185],[140.7587,39.1186],[140.7603,39.1182],[140.7627,39.1187],[140.7636,39.1195],[140.7641,39.1196],[140.7666,39.1202],[140.7668,39.121],[140.7675,39.1215],[140.7683,39.1224],[140.77,39.1242],[140.7696,39.1251],[140.7678,39.1261],[140.7676,39.1265],[140.7669,39.1269],[140.7646,39.1276],[140.7641,39.1279],[140.7626,39.1285],[140.7613,39.1295],[140.7604,39.13],[140.7594,39.1315],[140.7593,39.1319],[140.7583,39.1332],[140.7579,39.1329],[140.7568,39.133],[140.7556,39.1327],[140.7534,39.1332],[140.7518,39.133],[140.7511,39.1333],[140.7509,39.1342],[140.7502,39.1346],[140.7501,39.1355],[140.7495,39.1376],[140.7489,39.1381],[140.7494,39.1389],[140.7494,39.1394],[140.7497,39.1404],[140.7506,39.141],[140.7517,39.1413],[140.7527,39.1424],[140.7532,39.1427],[140.7542,39.1429],[140.7546,39.1432],[140.7561,39.1437],[140.7591,39.1437],[140.7591,39.1444],[140.7595,39.1449],[140.7597,39.1464],[140.7604,39.1469],[140.7612,39.1483],[140.7616,39.1484],[140.762,39.1491],[140.7636,39.1498],[140.7639,39.1501],[140.7642,39.1513],[140.7655,39.1523],[140.7658,39.1527],[140.7657,39.1536],[140.7662,39.1541],[140.7662,39.1544],[140.7657,39.155],[140.7684,39.1572],[140.7696,39.1584],[140.7707,39.1594],[140.7708,39.1608],[140.7715,39.163],[140.772,39.1642],[140.7733,39.1655],[140.7739,39.1676],[140.7741,39.1679],[140.7749,39.1678],[140.7765,39.1684],[140.7778,39.1687],[140.7786,39.1686],[140.7794,39.1678],[140.7799,39.1669],[140.7821,39.1659],[140.7835,39.1654],[140.7849,39.1664],[140.7857,39.1664],[140.7862,39.1668],[140.7866,39.1689],[140.7872,39.1695],[140.7883,39.1725],[140.7899,39.1733],[140.7911,39.1734],[140.7917,39.1738],[140.7926,39.1741],[140.7939,39.175],[140.7949,39.1756],[140.7962,39.1766],[140.797,39.1766],[140.7977,39.1762],[140.7983,39.1756],[140.7989,39.1752],[140.8001,39.1752],[140.8015,39.1759],[140.8033,39.1763],[140.8053,39.1771],[140.8066,39.178],[140.8074,39.1781],[140.8079,39.1784],[140.8076,39.1792],[140.8081,39.1799],[140.8082,39.1804],[140.8073,39.1816],[140.8065,39.1827],[140.806,39.1833],[140.8041,39.1842],[140.8032,39.185],[140.8026,39.1853],[140.8019,39.1859],[140.8004,39.1878],[140.7989,39.1887],[140.7984,39.1893],[140.7978,39.1895],[140.7974,39.19],[140.7962,39.19],[140.7953,39.1899],[140.7934,39.1894],[140.7916,39.1892],[140.7897,39.1886],[140.7885,39.1886],[140.7877,39.189],[140.7872,39.1897],[140.7863,39.1903],[140.7859,39.1903],[140.7848,39.1909],[140.7832,39.1913],[140.7819,39.192],[140.7808,39.192],[140.7797,39.1934],[140.7795,39.1939],[140.7787,39.1948],[140.7771,39.1947],[140.7751,39.1943],[140.7738,39.1942],[140.7731,39.194],[140.7719,39.1935],[140.7709,39.1935],[140.7705,39.1941],[140.7699,39.1945],[140.7693,39.1952],[140.7682,39.1957],[140.7648,39.1978],[140.7646,39.1983],[140.765,39.199],[140.766,39.1993],[140.7667,39.2008],[140.7668,39.2019],[140.7665,39.203],[140.7666,39.2033],[140.7676,39.2045],[140.7673,39.2057],[140.767,39.2061],[140.7666,39.2085],[140.7651,39.2081],[140.7645,39.2076],[140.7639,39.2076],[140.7618,39.2065],[140.7613,39.2064],[140.7608,39.2059],[140.7608,39.205],[140.76,39.2036],[140.7601,39.2025],[140.7598,39.202],[140.7583,39.2011],[140.7567,39.2007],[140.7551,39.2002],[140.7545,39.1997],[140.7532,39.1983],[140.7515,39.198],[140.7504,39.1976],[140.7488,39.1976],[140.7471,39.1974],[140.7465,39.197],[140.7454,39.1969],[140.7445,39.197],[140.7436,39.1968],[140.7432,39.1963],[140.7418,39.196],[140.7402,39.1961],[140.7382,39.1956],[140.7366,39.1958],[140.736,39.1961],[140.7343,39.197],[140.7337,39.1974],[140.7317,39.1975],[140.7312,39.1976],[140.7305,39.1983],[140.7296,39.1985],[140.7288,39.1992],[140.7282,39.1995],[140.7272,39.1979],[140.7259,39.1968],[140.7251,39.1967],[140.7243,39.1969],[140.7236,39.1968],[140.7222,39.1969],[140.7216,39.1961],[140.7214,39.1946],[140.7208,39.1934],[140.72,39.1925],[140.7192,39.192],[140.7188,39.1913],[140.7178,39.1906],[140.7174,39.1906],[140.7158,39.1911],[140.7142,39.1912],[140.7128,39.1905],[140.7118,39.1895],[140.7113,39.1893],[140.7093,39.1877],[140.7084,39.1875],[140.7074,39.1876],[140.7065,39.1878],[140.705,39.1874],[140.7034,39.1875],[140.702,39.1875],[140.6998,39.1872],[140.6988,39.1868],[140.698,39.1872],[140.6978,39.188],[140.6969,39.1885],[140.6963,39.1882],[140.6948,39.188],[140.6916,39.1882],[140.6914,39.1885],[140.6911,39.1898],[140.6898,39.1903],[140.6888,39.1905],[140.6879,39.1912],[140.6872,39.1922],[140.6865,39.1926],[140.6866,39.1934],[140.6849,39.1938],[140.6841,39.1938],[140.6836,39.1943],[140.6835,39.1949],[140.6829,39.195],[140.6813,39.1957],[140.6809,39.1957],[140.6795,39.1969],[140.6778,39.1987],[140.6778,39.1991],[140.6782,39.2003],[140.6785,39.2013],[140.6784,39.2021],[140.6773,39.2022],[140.6756,39.202],[140.675,39.2023],[140.6729,39.2036],[140.6715,39.2048],[140.6703,39.2053],[140.6699,39.206],[140.6684,39.2066],[140.6676,39.2079],[140.6668,39.2086],[140.665,39.2093],[140.664,39.2093],[140.6632,39.2092],[140.6625,39.2088],[140.6621,39.2084],[140.6617,39.2076],[140.6607,39.2061],[140.6593,39.2059],[140.6583,39.2058],[140.6572,39.2059],[140.656,39.2063],[140.6553,39.2067],[140.6527,39.2069],[140.6514,39.2069],[140.6501,39.2065],[140.6484,39.2064],[140.647,39.2067],[140.6462,39.2068],[140.6449,39.2066],[140.6425,39.206],[140.6418,39.2054],[140.6406,39.2052],[140.6385,39.2047],[140.6384,39.2041],[140.6393,39.2026],[140.6399,39.2014],[140.6398,39.2006],[140.6395,39.199],[140.6387,39.1976],[140.6385,39.1969],[140.6384,39.1958],[140.6374,39.1945],[140.6362,39.1945],[140.6354,39.1947],[140.6347,39.1944],[140.634,39.1948],[140.6334,39.1949],[140.632,39.1942],[140.6309,39.1943],[140.63,39.1947],[140.6292,39.1947],[140.6284,39.1953],[140.6278,39.1954],[140.6265,39.1959],[140.6259,39.1952],[140.6255,39.1945],[140.6243,39.1936],[140.6241,39.193],[140.6235,39.1922],[140.6229,39.1917],[140.6231,39.1912],[140.6224,39.1904],[140.6227,39.1902],[140.6217,39.1886],[140.6222,39.1884],[140.6217,39.1874],[140.6207,39.1876],[140.6202,39.1871],[140.6202,39.1868],[140.6194,39.1869],[140.6187,39.1873],[140.6186,39.1867],[140.6196,39.1861],[140.6214,39.1855],[140.6242,39.1855],[140.6247,39.1854],[140.6259,39.1849],[140.6257,39.184],[140.6254,39.1819],[140.6267,39.1808],[140.628,39.1806],[140.6291,39.18],[140.6299,39.1794],[140.6302,39.1787],[140.6323,39.1775],[140.6339,39.1755],[140.6349,39.1757],[140.6352,39.1754],[140.6355,39.174],[140.6364,39.1735],[140.6363,39.1724],[140.6367,39.1718],[140.6366,39.1704],[140.6375,39.1694],[140.6378,39.1688],[140.6388,39.1679],[140.6393,39.167],[140.64,39.1665],[140.6408,39.1651],[140.6412,39.1641],[140.6411,39.1636],[140.6414,39.1629],[140.6413,39.1616],[140.6414,39.1603],[140.6418,39.1596],[140.6427,39.1587],[140.6425,39.1576],[140.6433,39.1568],[140.6435,39.1562],[140.6428,39.1549],[140.6429,39.1542],[140.6425,39.1535],[140.6425,39.1529],[140.6413,39.1526],[140.64,39.1525],[140.6397,39.1523],[140.6399,39.1517],[140.6408,39.15],[140.6423,39.1484],[140.6438,39.1477],[140.6444,39.1476],[140.6451,39.1471],[140.6459,39.1463],[140.6465,39.146],[140.6463,39.1449],[140.6469,39.1446],[140.6487,39.1449],[140.6496,39.1446],[140.6502,39.1447],[140.6513,39.1451],[140.6518,39.1458],[140.6526,39.1459],[140.6532,39.1463],[140.6545,39.1466],[140.655,39.1469],[140.6558,39.1472],[140.6566,39.1481],[140.6567,39.1486],[140.6576,39.1494],[140.6583,39.1502],[140.6592,39.1508],[140.6604,39.1521],[140.6618,39.1526],[140.6624,39.1531],[140.663,39.1532],[140.6636,39.1536],[140.6643,39.1536],[140.6647,39.1538],[140.6651,39.1534],[140.666,39.153],[140.6664,39.1525],[140.6673,39.1521],[140.6674,39.1518],[140.6672,39.1512],[140.6676,39.1508],[140.6679,39.1501],[140.6694,39.1489],[140.671,39.1488],[140.6726,39.1487],[140.6733,39.1491],[140.6745,39.1493],[140.6757,39.1488],[140.6764,39.1489],[140.6775,39.1488],[140.6785,39.1492],[140.6789,39.1487],[140.6792,39.1476],[140.6791,39.1469],[140.6803,39.1465],[140.6807,39.1456],[140.6813,39.1453],[140.6818,39.1447],[140.682,39.1442],[140.6824,39.1439],[140.6834,39.1444],[140.6845,39.1442],[140.6847,39.1435],[140.6855,39.1434],[140.6864,39.1429],[140.6872,39.1414],[140.6869,39.1404],[140.6875,39.1397],[140.6878,39.1388],[140.6874,39.1377],[140.6867,39.1372],[140.6872,39.1358],[140.6862,39.1351],[140.6858,39.1341],[140.6859,39.1334],[140.6856,39.1322],[140.685,39.1317],[140.6845,39.1316],[140.6841,39.131],[140.6839,39.1303],[140.683,39.1295],[140.6817,39.1291],[140.6822,39.1276],[140.682,39.127],[140.6822,39.1261],[140.6832,39.1252],[140.6842,39.1249],[140.6845,39.1244],[140.6844,39.1234],[140.684,39.1225],[140.684,39.122],[140.6845,39.1213],[140.6845,39.1206],[140.6853,39.1201],[140.6855,39.1195],[140.6851,39.1179],[140.6847,39.1174],[140.6852,39.1167],[140.6858,39.1165],[140.6868,39.1156],[140.6877,39.1151],[140.6885,39.114],[140.6884,39.1135],[140.6889,39.1126],[140.6888,39.1124],[140.6893,39.1118],[140.6894,39.1105],[140.6904,39.1103],[140.6906,39.1098],[140.6898,39.1094],[140.6898,39.1089],[140.6903,39.1079],[140.6899,39.1069],[140.6903,39.1066],[140.6899,39.1063],[140.6892,39.1062],[140.6885,39.1059],[140.6877,39.1052],[140.6876,39.1043],[140.6879,39.1027],[140.6877,39.1015],[140.6871,39.0998],[140.6866,39.0992],[140.6863,39.0982],[140.6858,39.0976],[140.686,39.097],[140.6855,39.0965],[140.6845,39.0963],[140.684,39.0957],[140.6836,39.0948],[140.6831,39.0946],[140.6822,39.0932],[140.6821,39.0925]]]},"properties":{"N03_001":"秋田県","N03_002":"","N03_003":"雄勝郡","N03_004":"東成瀬村","N03_007":"05464"}}
]}