{"type":"FeatureCollection", "features": [
{"type":"Feature","geometry":{"type":"Polygon","coordinates":[[[139.5765,35.8715],[139.572,35.8778],[139.5689,35.8807],[139.5712,35.8819],[139.5727,35.8804],[139.5754,35.8817],[139.5767,35.88],[139.5814,35.882],[139.5822,35.8803],[139.5978,35.8806],[139.6019,35.8794],[139.6037,35.8876],[139.6025,35.8897],[139.5996,35.8893],[139.5973,35.891],[139.598,35.8933],[139.5956,35.8952],[139.5981,35.8961],[139.597,35.8981],[139.5986,35.9009],[139.598,35.9066],[139.5994,35.9117],[139.5972,35.915],[139.5955,35.9181],[139.5949,35.921],[139.5985,35.9267],[139.5992,35.9304],[139.5973,35.9366],[139.5971,35.9367],[139.5968,35.9368],[139.5967,35.9368],[139.5966,35.9369],[139.5964,35.937],[139.5961,35.9372],[139.596,35.9372],[139.5958,35.9372],[139.5957,35.9373],[139.5955,35.9376],[139.5952,35.9378],[139.595,35.9381],[139.5949,35.9383],[139.5947,35.9385],[139.5946,35.9385],[139.5945,35.9387],[139.5944,35.9388],[139.5943,35.939],[139.5941,35.9391],[139.594,35.9392],[139.5939,35.9393],[139.5937,35.9394],[139.5935,35.9394],[139.5931,35.9397],[139.5929,35.9398],[139.5927,35.9399],[139.5925,35.94],[139.5924,35.9401],[139.5922,35.9402],[139.592,35.9403],[139.5919,35.9404],[139.5917,35.9405],[139.5915,35.9406],[139.5912,35.9408],[139.5911,35.9409],[139.5909,35.941],[139.5908,35.9411],[139.5907,35.9412],[139.5906,35.9413],[139.5906,35.9414],[139.5905,35.9416],[139.5905,35.9417],[139.5905,35.9418],[139.5905,35.9419],[139.5905,35.942],[139.5904,35.9422],[139.5903,35.9423],[139.5903,35.9424],[139.5902,35.9426],[139.5901,35.9428],[139.59,35.9429],[139.5899,35.943],[139.5896,35.9433],[139.5893,35.9437],[139.5891,35.944],[139.589,35.9441],[139.5889,35.9443],[139.5888,35.9444],[139.5888,35.9446],[139.5886,35.9448],[139.5885,35.945],[139.5884,35.9451],[139.5882,35.9452],[139.5881,35.9452],[139.588,35.9453],[139.5878,35.9454],[139.5875,35.9455],[139.5873,35.9456],[139.5871,35.9456],[139.587,35.9457],[139.5866,35.9457],[139.5864,35.9458],[139.5863,35.9458],[139.5861,35.9458],[139.586,35.9457],[139.5858,35.9457],[139.5855,35.9457],[139.5852,35.9456],[139.5848,35.9455],[139.584,35.9451],[139.5839,35.9451],[139.5835,35.9449],[139.5833,35.9448],[139.5831,35.9447],[139.5829,35.9446],[139.5825,35.9444],[139.5821,35.9443],[139.5818,35.9441],[139.5816,35.944],[139.5815,35.9439],[139.5813,35.9439],[139.5813,35.9438],[139.5809,35.9436],[139.5807,35.9435],[139.5805,35.9434],[139.5803,35.9433],[139.5802,35.9432],[139.5801,35.9432],[139.5801,35.9431],[139.5801,35.943],[139.58,35.9429],[139.5799,35.9429],[139.5797,35.943],[139.5796,35.9431],[139.5795,35.9432],[139.5794,35.9433],[139.5793,35.9433],[139.5792,35.9433],[139.579,35.9433],[139.5788,35.9432],[139.5785,35.9432],[139.5782,35.9432],[139.578,35.9432],[139.5779,35.9431],[139.5775,35.9431],[139.5774,35.9431],[139.5772,35.9431],[139.5769,35.9431],[139.5767,35.9431],[139.5765,35.9431],[139.5761,35.9432],[139.576,35.9433],[139.5759,35.9433],[139.5758,35.9434],[139.5755,35.9436],[139.5753,35.9438],[139.575,35.944],[139.575,35.9441],[139.5749,35.9441],[139.5749,35.9442],[139.5747,35.9441],[139.5746,35.9441],[139.5744,35.944],[139.5743,35.944],[139.5741,35.9439],[139.5738,35.9437],[139.5735,35.9436],[139.5731,35.9434],[139.5729,35.9434],[139.5727,35.9432],[139.5724,35.9431],[139.5722,35.9431],[139.572,35.943],[139.5718,35.9429],[139.5714,35.9427],[139.5712,35.9426],[139.571,35.9425],[139.5709,35.9424],[139.5708,35.9423],[139.5706,35.9422],[139.5704,35.9421],[139.5701,35.942],[139.5699,35.9419],[139.5697,35.9418],[139.5694,35.9417],[139.5692,35.9416],[139.569,35.9415],[139.5688,35.9414],[139.5688,35.9413],[139.5687,35.9413],[139.5683,35.9412],[139.5681,35.941],[139.5679,35.941],[139.5678,35.941],[139.5676,35.9409],[139.5674,35.9408],[139.5672,35.9406],[139.567,35.9405],[139.5669,35.9404],[139.5668,35.9403],[139.5667,35.9402],[139.5665,35.9401],[139.5665,35.94],[139.5664,35.94],[139.5662,35.9399],[139.5659,35.9397],[139.5658,35.9397],[139.5657,35.9396],[139.5656,35.9395],[139.5656,35.9394],[139.5655,35.9394],[139.5655,35.9393],[139.5653,35.9392],[139.5652,35.9391],[139.565,35.939],[139.5649,35.9388],[139.5649,35.9386],[139.565,35.9384],[139.565,35.9383],[139.565,35.9382],[139.565,35.938],[139.565,35.9379],[139.565,35.9373],[139.565,35.9369],[139.5651,35.9366],[139.5651,35.9362],[139.5651,35.9359],[139.5651,35.9356],[139.5651,35.9354],[139.565,35.9352],[139.565,35.9351],[139.5649,35.9349],[139.5648,35.9348],[139.5647,35.9347],[139.5646,35.9345],[139.5644,35.9344],[139.5643,35.9343],[139.564,35.9342],[139.5639,35.9341],[139.5638,35.934],[139.5636,35.9339],[139.5634,35.9339],[139.5631,35.9338],[139.5629,35.9338],[139.5625,35.9337],[139.5622,35.9336],[139.562,35.9334],[139.5619,35.9333],[139.5615,35.933],[139.5614,35.9328],[139.5612,35.9324],[139.5609,35.9319],[139.5608,35.9317],[139.5608,35.9314],[139.5607,35.9313],[139.5607,35.9311],[139.5608,35.931],[139.5609,35.9307],[139.5611,35.9304],[139.5612,35.9303],[139.5613,35.9301],[139.5613,35.9299],[139.5613,35.9298],[139.5611,35.9297],[139.561,35.9297],[139.5607,35.9297],[139.5605,35.9296],[139.5608,35.9293],[139.5608,35.9292],[139.5609,35.9291],[139.5609,35.929],[139.5609,35.9288],[139.5609,35.9286],[139.5608,35.9285],[139.5606,35.9284],[139.5604,35.9282],[139.5606,35.9279],[139.5605,35.9278],[139.5606,35.9277],[139.5607,35.9276],[139.5608,35.9272],[139.5609,35.9271],[139.5611,35.9271],[139.5611,35.927],[139.5612,35.9269],[139.5613,35.9267],[139.5615,35.9268],[139.5613,35.9271],[139.5612,35.9272],[139.5615,35.9273],[139.5616,35.927],[139.5617,35.9268],[139.5618,35.9267],[139.5622,35.9263],[139.5622,35.9262],[139.562,35.9261],[139.5619,35.9258],[139.5618,35.9257],[139.5617,35.9258],[139.5616,35.9258],[139.5616,35.9259],[139.5615,35.9259],[139.5614,35.926],[139.5613,35.926],[139.5613,35.9259],[139.5613,35.9258],[139.5612,35.9258],[139.561,35.9258],[139.5609,35.9258],[139.5609,35.9259],[139.5607,35.9263],[139.5609,35.9264],[139.561,35.9265],[139.561,35.9266],[139.5608,35.9268],[139.5607,35.927],[139.5606,35.927],[139.5605,35.9272],[139.5605,35.9273],[139.5604,35.9275],[139.5604,35.9277],[139.5603,35.9278],[139.5602,35.9279],[139.5601,35.9279],[139.56,35.928],[139.5599,35.928],[139.5598,35.9281],[139.5597,35.9281],[139.5597,35.9282],[139.5596,35.9282],[139.5596,35.9283],[139.5596,35.9284],[139.5595,35.9284],[139.5595,35.9285],[139.5596,35.9287],[139.5599,35.9286],[139.56,35.9287],[139.5603,35.9286],[139.5605,35.9286],[139.5605,35.9287],[139.5606,35.9287],[139.5607,35.9288],[139.5607,35.929],[139.5607,35.9291],[139.5606,35.9292],[139.5605,35.9293],[139.5603,35.9294],[139.5602,35.9294],[139.5601,35.9295],[139.56,35.9297],[139.5597,35.9299],[139.5597,35.9298],[139.5596,35.9297],[139.5596,35.9296],[139.5595,35.9295],[139.5594,35.9295],[139.5593,35.9296],[139.5594,35.9301],[139.559,35.9301],[139.5589,35.9301],[139.5588,35.9301],[139.5588,35.9302],[139.5587,35.9303],[139.5584,35.9308],[139.5583,35.9308],[139.5581,35.9307],[139.5579,35.9318],[139.5583,35.9319],[139.5585,35.9319],[139.5586,35.932],[139.5587,35.932],[139.5588,35.9322],[139.5588,35.9324],[139.5587,35.9326],[139.5586,35.9327],[139.5586,35.9328],[139.5584,35.9329],[139.5583,35.933],[139.5583,35.9332],[139.5582,35.9333],[139.5581,35.9335],[139.558,35.9336],[139.5578,35.9338],[139.5577,35.9339],[139.5576,35.934],[139.5574,35.9341],[139.5573,35.9346],[139.5572,35.9348],[139.5571,35.9349],[139.5571,35.935],[139.557,35.9352],[139.5568,35.9353],[139.5567,35.9354],[139.5565,35.9354],[139.5564,35.9354],[139.5563,35.9355],[139.556,35.9355],[139.5558,35.9354],[139.5557,35.9355],[139.5556,35.9355],[139.5553,35.9355],[139.5552,35.9354],[139.5551,35.9354],[139.555,35.9353],[139.555,35.9351],[139.5539,35.9344],[139.5536,35.9344],[139.5534,35.9343],[139.5532,35.9343],[139.5531,35.9343],[139.553,35.9343],[139.5529,35.9344],[139.5529,35.9346],[139.5528,35.9348],[139.5529,35.9349],[139.553,35.935],[139.5532,35.9352],[139.5533,35.9354],[139.5529,35.9356],[139.5527,35.9356],[139.5525,35.9356],[139.5522,35.9356],[139.5521,35.9356],[139.552,35.9355],[139.5519,35.9355],[139.5518,35.9355],[139.5517,35.9354],[139.5516,35.9353],[139.5515,35.9351],[139.5515,35.9348],[139.5514,35.9346],[139.5514,35.9342],[139.5514,35.934],[139.5514,35.9339],[139.5514,35.9336],[139.5514,35.9334],[139.5514,35.9333],[139.5514,35.9332],[139.5514,35.933],[139.5514,35.9329],[139.5513,35.9328],[139.5511,35.9329],[139.551,35.9329],[139.551,35.933],[139.5509,35.9331],[139.5509,35.9333],[139.551,35.9333],[139.551,35.9334],[139.551,35.9337],[139.551,35.9338],[139.5509,35.9343],[139.5508,35.9344],[139.5506,35.9343],[139.55,35.9343],[139.5498,35.9343],[139.5488,35.9342],[139.5484,35.9341],[139.5482,35.9341],[139.548,35.9341],[139.5478,35.9342],[139.5505,35.9313],[139.5507,35.9286],[139.5464,35.9259],[139.5472,35.9242],[139.5462,35.9219],[139.5503,35.9176],[139.5485,35.9126],[139.5489,35.9114],[139.5521,35.9095],[139.5518,35.9074],[139.5541,35.9064],[139.5549,35.9037],[139.551,35.896],[139.5533,35.8937],[139.5571,35.8916],[139.558,35.8886],[139.5559,35.8873],[139.5525,35.8886],[139.5495,35.8872],[139.5514,35.8833],[139.5596,35.8805],[139.5604,35.8787],[139.5579,35.8758],[139.5589,35.8741],[139.5639,35.8719],[139.5714,35.8722],[139.5765,35.8715]]]},"properties":{"N03_001":"埼玉県","N03_002":"","N03_003":"さいたま市","N03_004":"西区","N03_007":"11101"}},
{"type":"Feature","geometry":{"type":"Polygon","coordinates":[[[139.5972,35.915],[139.605,35.9146],[139.6056,35.916],[139.6118,35.9163],[139.6118,35.9195],[139.6185,35.922],[139.6204,35.9167],[139.6243,35.9182],[139.6269,35.9216],[139.6305,35.9234],[139.6375,35.9255],[139.6388,35.9225],[139.6416,35.9242],[139.6427,35.9343],[139.6424,35.9392],[139.638,35.9416],[139.6373,35.9407],[139.6306,35.9488],[139.627,35.9502],[139.6257,35.9524],[139.625,35.9537],[139.6246,35.9545],[139.624,35.9556],[139.6234,35.9566],[139.6227,35.958],[139.6225,35.9583],[139.6224,35.9585],[139.622,35.9593],[139.6219,35.9594],[139.6219,35.9595],[139.6218,35.9596],[139.6215,35.9599],[139.6213,35.9601],[139.6211,35.9605],[139.621,35.9608],[139.6207,35.9607],[139.6205,35.9607],[139.6204,35.9609],[139.6202,35.9611],[139.6202,35.9612],[139.6201,35.9614],[139.6205,35.9616],[139.6204,35.9617],[139.6204,35.9618],[139.62,35.9625],[139.6199,35.9627],[139.6197,35.9629],[139.6196,35.9631],[139.6195,35.9632],[139.6194,35.9635],[139.6194,35.9636],[139.6191,35.9639],[139.619,35.9641],[139.6187,35.9643],[139.6186,35.9644],[139.6188,35.9644],[139.6188,35.9645],[139.6189,35.9645],[139.6189,35.9646],[139.6188,35.9647],[139.6187,35.9648],[139.6185,35.9649],[139.6184,35.965],[139.6183,35.9649],[139.6182,35.9649],[139.6182,35.9648],[139.6181,35.9648],[139.618,35.9647],[139.6175,35.9649],[139.6172,35.965],[139.6169,35.965],[139.6167,35.9651],[139.6166,35.9651],[139.6161,35.9653],[139.6154,35.9655],[139.6153,35.9655],[139.6151,35.9656],[139.6147,35.9657],[139.6139,35.9659],[139.6136,35.966],[139.6133,35.9657],[139.6132,35.9656],[139.6131,35.9655],[139.6129,35.9653],[139.6127,35.9652],[139.6124,35.965],[139.612,35.9647],[139.6119,35.9647],[139.6116,35.9646],[139.6115,35.9645],[139.6114,35.9645],[139.6111,35.9643],[139.6106,35.964],[139.6104,35.9639],[139.6095,35.9636],[139.6092,35.9634],[139.6089,35.9633],[139.6087,35.9632],[139.6084,35.9631],[139.6083,35.963],[139.6082,35.963],[139.6081,35.9629],[139.6079,35.9628],[139.6077,35.9628],[139.6073,35.9626],[139.6068,35.9624],[139.6064,35.9622],[139.6063,35.9622],[139.6061,35.962],[139.606,35.962],[139.6059,35.962],[139.6052,35.9616],[139.6051,35.9616],[139.6049,35.9615],[139.6047,35.9614],[139.6044,35.9613],[139.6041,35.9612],[139.604,35.9611],[139.6038,35.9611],[139.6033,35.9608],[139.6032,35.9608],[139.6029,35.9607],[139.6023,35.9604],[139.6022,35.9604],[139.6021,35.9603],[139.6019,35.9602],[139.6016,35.9601],[139.6015,35.96],[139.6009,35.9598],[139.6008,35.9597],[139.6007,35.9596],[139.6006,35.9596],[139.6003,35.9595],[139.6002,35.9595],[139.6001,35.9595],[139.6,35.9596],[139.6,35.9597],[139.5998,35.96],[139.5998,35.9601],[139.5998,35.9602],[139.5997,35.9603],[139.5996,35.9606],[139.5996,35.9607],[139.5995,35.9608],[139.5994,35.9609],[139.5992,35.961],[139.5991,35.961],[139.599,35.961],[139.5989,35.961],[139.5987,35.9611],[139.5985,35.9611],[139.5982,35.9611],[139.5981,35.9611],[139.5979,35.9612],[139.5977,35.9612],[139.5975,35.9613],[139.5974,35.9613],[139.5972,35.9613],[139.597,35.9613],[139.5969,35.9613],[139.5966,35.9614],[139.5964,35.9614],[139.5962,35.9614],[139.596,35.9614],[139.5958,35.9614],[139.5955,35.9614],[139.5953,35.9615],[139.5951,35.9615],[139.5949,35.9615],[139.5944,35.9616],[139.5941,35.9616],[139.5939,35.9617],[139.5935,35.9617],[139.5934,35.9617],[139.5933,35.9617],[139.5931,35.9618],[139.5928,35.9618],[139.5927,35.9619],[139.5925,35.9619],[139.5924,35.9619],[139.5923,35.9618],[139.5922,35.9617],[139.5921,35.9616],[139.5921,35.9614],[139.5917,35.9615],[139.5916,35.9615],[139.5916,35.9612],[139.5913,35.9611],[139.5911,35.9611],[139.5909,35.9611],[139.5908,35.9613],[139.5908,35.9614],[139.5906,35.9613],[139.5905,35.9616],[139.5904,35.9615],[139.5902,35.9615],[139.5895,35.9612],[139.5894,35.9613],[139.5895,35.9614],[139.5895,35.9615],[139.5897,35.9615],[139.5896,35.9616],[139.5896,35.9617],[139.5894,35.9617],[139.5892,35.9616],[139.589,35.9618],[139.5889,35.9618],[139.5887,35.9617],[139.5886,35.9616],[139.5885,35.9616],[139.5883,35.9616],[139.5883,35.9615],[139.5884,35.9613],[139.5884,35.9612],[139.5884,35.9611],[139.5882,35.961],[139.5881,35.961],[139.5881,35.9609],[139.588,35.9609],[139.5881,35.9608],[139.5881,35.9607],[139.5881,35.9606],[139.5881,35.9605],[139.5882,35.9603],[139.5883,35.9601],[139.5884,35.96],[139.5886,35.9599],[139.5888,35.9596],[139.5889,35.9595],[139.5891,35.9594],[139.5892,35.9594],[139.5893,35.9593],[139.5894,35.9592],[139.5895,35.9591],[139.5895,35.959],[139.5898,35.9587],[139.59,35.9584],[139.59,35.9583],[139.5902,35.958],[139.5903,35.9579],[139.5903,35.9578],[139.5904,35.9577],[139.5905,35.9576],[139.5906,35.9573],[139.5907,35.9573],[139.5908,35.9572],[139.5909,35.9572],[139.5911,35.9573],[139.5912,35.9573],[139.5913,35.957],[139.5914,35.9569],[139.5916,35.957],[139.5917,35.957],[139.592,35.9571],[139.5921,35.9571],[139.5922,35.957],[139.5922,35.9569],[139.5924,35.9567],[139.5921,35.9565],[139.5922,35.9563],[139.5923,35.9562],[139.5922,35.9562],[139.592,35.9561],[139.592,35.956],[139.5922,35.9558],[139.5922,35.9556],[139.592,35.9554],[139.5919,35.9554],[139.5917,35.9553],[139.5916,35.9552],[139.5917,35.955],[139.5918,35.9549],[139.592,35.9546],[139.592,35.9544],[139.5922,35.9542],[139.5922,35.9541],[139.5923,35.954],[139.5924,35.9539],[139.5927,35.9533],[139.5928,35.9532],[139.5929,35.953],[139.5931,35.9527],[139.5931,35.9526],[139.5933,35.9524],[139.5937,35.9518],[139.5938,35.9516],[139.5939,35.9514],[139.5943,35.9509],[139.5943,35.9508],[139.5944,35.9507],[139.5948,35.9503],[139.5949,35.9502],[139.595,35.95],[139.5952,35.9499],[139.5955,35.9496],[139.5957,35.9493],[139.5958,35.9492],[139.596,35.949],[139.5964,35.9486],[139.5965,35.9484],[139.5966,35.9483],[139.5967,35.9482],[139.5968,35.9479],[139.597,35.9474],[139.597,35.9472],[139.5971,35.9469],[139.5972,35.9467],[139.5974,35.9463],[139.5976,35.9459],[139.5978,35.9455],[139.598,35.9453],[139.5981,35.9451],[139.5982,35.945],[139.5984,35.9448],[139.5987,35.9444],[139.5988,35.9443],[139.599,35.9441],[139.599,35.944],[139.599,35.9439],[139.5991,35.9436],[139.5992,35.9433],[139.5993,35.9427],[139.5993,35.9423],[139.5994,35.9418],[139.5994,35.9417],[139.5994,35.9413],[139.5993,35.941],[139.5992,35.9409],[139.5989,35.9404],[139.5985,35.9399],[139.5981,35.9394],[139.5979,35.9392],[139.5976,35.9387],[139.5974,35.9384],[139.5973,35.9383],[139.5973,35.9382],[139.5973,35.9381],[139.5973,35.9379],[139.5973,35.9378],[139.5973,35.9376],[139.5973,35.9375],[139.5974,35.9373],[139.5974,35.937],[139.5973,35.9367],[139.5973,35.9366],[139.5992,35.9304],[139.5985,35.9267],[139.5949,35.921],[139.5955,35.9181],[139.5972,35.915]]]},"properties":{"N03_001":"埼玉県","N03_002":"","N03_003":"さいたま市","N03_004":"北区","N03_007":"11102"}},
{"type":"Feature","geometry":{"type":"Polygon","coordinates":[[[139.5972,35.915],[139.5994,35.9117],[139.598,35.9066],[139.5986,35.9009],[139.597,35.8981],[139.5981,35.8961],[139.5956,35.8952],[139.598,35.8933],[139.5973,35.891],[139.5996,35.8893],[139.6025,35.8897],[139.6037,35.8876],[139.6043,35.8886],[139.6063,35.8899],[139.6074,35.896],[139.613,35.8943],[139.6214,35.8939],[139.6214,35.8972],[139.6197,35.9012],[139.6251,35.9016],[139.6346,35.8929],[139.6359,35.8892],[139.6374,35.8887],[139.6418,35.8903],[139.6451,35.8889],[139.6473,35.8898],[139.6462,35.8971],[139.6441,35.8995],[139.6455,35.9017],[139.6483,35.9015],[139.6489,35.9036],[139.6478,35.9123],[139.6466,35.9149],[139.6448,35.9163],[139.6438,35.9214],[139.6416,35.9242],[139.6388,35.9225],[139.6375,35.9255],[139.6305,35.9234],[139.6269,35.9216],[139.6243,35.9182],[139.6204,35.9167],[139.6185,35.922],[139.6118,35.9195],[139.6118,35.9163],[139.6056,35.916],[139.605,35.9146],[139.5972,35.915]]]},"properties":{"N03_001":"埼玉県","N03_002":"","N03_003":"さいたま市","N03_004":"大宮区","N03_007":"11103"}},
{"type":"Feature","geometry":{"type":"Polygon","coordinates":[[[139.6483,35.9015],[139.6492,35.8985],[139.6521,35.8942],[139.6609,35.8938],[139.6607,35.8973],[139.6638,35.8982],[139.6666,35.9004],[139.6697,35.8969],[139.6786,35.8964],[139.6778,35.8942],[139.6833,35.8933],[139.689,35.8956],[139.6943,35.895],[139.6941,35.8939],[139.7003,35.8926],[139.7009,35.8989],[139.6985,35.9022],[139.694,35.9064],[139.6927,35.9118],[139.6955,35.914],[139.6925,35.9169],[139.6954,35.9185],[139.6982,35.9154],[139.7004,35.9157],[139.6985,35.9167],[139.6968,35.9196],[139.6973,35.9221],[139.6954,35.9252],[139.6929,35.9265],[139.6908,35.9304],[139.6846,35.933],[139.6828,35.9351],[139.6834,35.9379],[139.6813,35.9437],[139.6821,35.9495],[139.6767,35.9527],[139.6759,35.957],[139.6695,35.9636],[139.6658,35.9649],[139.6621,35.9651],[139.6579,35.9639],[139.6508,35.9633],[139.6489,35.9622],[139.6489,35.962],[139.649,35.962],[139.6494,35.9618],[139.6496,35.9617],[139.6497,35.9617],[139.6498,35.9617],[139.6498,35.9616],[139.6499,35.9615],[139.6499,35.9614],[139.6498,35.9611],[139.6498,35.9609],[139.6498,35.9607],[139.6498,35.9605],[139.6497,35.9602],[139.6495,35.9601],[139.6495,35.96],[139.6495,35.9599],[139.6494,35.9598],[139.6494,35.9597],[139.6493,35.9595],[139.6492,35.9592],[139.6491,35.9591],[139.6491,35.9589],[139.6491,35.9588],[139.6491,35.9587],[139.6491,35.9585],[139.6491,35.9583],[139.6491,35.9581],[139.6491,35.958],[139.6489,35.9576],[139.6487,35.9572],[139.6487,35.957],[139.6487,35.9569],[139.6486,35.9568],[139.6485,35.9566],[139.6483,35.9562],[139.6482,35.956],[139.6482,35.9559],[139.6481,35.9557],[139.6481,35.9556],[139.6481,35.9554],[139.6479,35.955],[139.6479,35.9549],[139.6477,35.9546],[139.6476,35.9544],[139.6473,35.9545],[139.6471,35.9545],[139.647,35.9545],[139.6469,35.9545],[139.6466,35.9545],[139.6464,35.9543],[139.6462,35.9541],[139.6461,35.954],[139.6461,35.9539],[139.646,35.9538],[139.6456,35.9533],[139.6456,35.9532],[139.6455,35.953],[139.6455,35.9528],[139.6456,35.9526],[139.6456,35.9524],[139.6456,35.9522],[139.6456,35.9521],[139.6455,35.952],[139.6454,35.9518],[139.6454,35.9517],[139.6454,35.9515],[139.6453,35.9514],[139.6452,35.9512],[139.6451,35.9511],[139.6449,35.951],[139.6448,35.951],[139.6446,35.9511],[139.6444,35.9512],[139.6443,35.9512],[139.6442,35.9512],[139.6441,35.9512],[139.644,35.9512],[139.6438,35.9511],[139.6436,35.951],[139.6435,35.9509],[139.6433,35.9509],[139.6429,35.9511],[139.6426,35.9513],[139.6425,35.9513],[139.6424,35.9513],[139.6422,35.9514],[139.6417,35.9516],[139.6414,35.9517],[139.6414,35.9518],[139.6414,35.952],[139.6415,35.9521],[139.6415,35.9526],[139.6416,35.953],[139.6416,35.9532],[139.6416,35.9533],[139.6415,35.9533],[139.6413,35.9534],[139.6409,35.9534],[139.6406,35.9535],[139.6403,35.9536],[139.64,35.9537],[139.6397,35.9538],[139.6393,35.9539],[139.6392,35.9539],[139.639,35.9538],[139.6387,35.9538],[139.6385,35.9537],[139.6385,35.9538],[139.6384,35.954],[139.6383,35.9541],[139.6382,35.9542],[139.6381,35.9544],[139.638,35.9545],[139.6378,35.9547],[139.6377,35.9549],[139.6376,35.955],[139.6374,35.9551],[139.6372,35.9551],[139.6371,35.9552],[139.637,35.9552],[139.6369,35.9551],[139.6367,35.955],[139.6365,35.9548],[139.6364,35.9547],[139.6363,35.9547],[139.6362,35.9547],[139.6359,35.9547],[139.6358,35.9547],[139.6357,35.9547],[139.6356,35.9546],[139.6356,35.9545],[139.6355,35.9545],[139.6354,35.9543],[139.6352,35.9541],[139.635,35.954],[139.6348,35.9539],[139.6346,35.9538],[139.6345,35.9537],[139.6343,35.9536],[139.6342,35.9536],[139.6341,35.9536],[139.6339,35.9535],[139.6336,35.9535],[139.6334,35.9535],[139.6333,35.9535],[139.6331,35.9536],[139.6327,35.9537],[139.6323,35.9538],[139.6321,35.9537],[139.6316,35.9537],[139.6309,35.9536],[139.6307,35.9536],[139.6295,35.9534],[139.6279,35.9531],[139.6277,35.953],[139.6273,35.9529],[139.6269,35.9527],[139.6262,35.9525],[139.6259,35.9525],[139.6258,35.9524],[139.6257,35.9524],[139.627,35.9502],[139.6306,35.9488],[139.6373,35.9407],[139.638,35.9416],[139.6424,35.9392],[139.6427,35.9343],[139.6416,35.9242],[139.6438,35.9214],[139.6448,35.9163],[139.6466,35.9149],[139.6478,35.9123],[139.6489,35.9036],[139.6483,35.9015]]]},"properties":{"N03_001":"埼玉県","N03_002":"","N03_003":"さいたま市","N03_004":"見沼区","N03_007":"11104"}},
{"type":"Feature","geometry":{"type":"Polygon","coordinates":[[[139.6043,35.8886],[139.6062,35.8883],[139.6099,35.8849],[139.6091,35.8821],[139.6052,35.8819],[139.6043,35.8781],[139.6081,35.8774],[139.6136,35.8773],[139.6157,35.8745],[139.6171,35.8711],[139.6188,35.8691],[139.6213,35.8725],[139.6245,35.8717],[139.6241,35.8698],[139.6259,35.8662],[139.6297,35.8661],[139.6313,35.8653],[139.6319,35.8628],[139.6344,35.8635],[139.6363,35.8604],[139.6402,35.8581],[139.6401,35.8655],[139.6437,35.8671],[139.6418,35.8692],[139.6381,35.8709],[139.6381,35.8746],[139.6371,35.8815],[139.6385,35.8833],[139.6363,35.8869],[139.6336,35.8868],[139.6333,35.889],[139.6359,35.8892],[139.6346,35.8929],[139.6251,35.9016],[139.6197,35.9012],[139.6214,35.8972],[139.6214,35.8939],[139.613,35.8943],[139.6074,35.896],[139.6063,35.8899],[139.6043,35.8886]]]},"properties":{"N03_001":"埼玉県","N03_002":"","N03_003":"さいたま市","N03_004":"中央区","N03_007":"11105"}},
{"type":"Feature","geometry":{"type":"Polygon","coordinates":[[[139.6074,35.8348],[139.6102,35.8318],[139.6128,35.8347],[139.6153,35.8352],[139.6166,35.834],[139.6265,35.8384],[139.6359,35.841],[139.6358,35.844],[139.6338,35.8476],[139.6332,35.8514],[139.6365,35.8533],[139.6375,35.8556],[139.6363,35.8604],[139.6344,35.8635],[139.6319,35.8628],[139.6313,35.8653],[139.6297,35.8661],[139.6259,35.8662],[139.6241,35.8698],[139.6245,35.8717],[139.6213,35.8725],[139.6188,35.8691],[139.6171,35.8711],[139.6157,35.8745],[139.6136,35.8773],[139.6081,35.8774],[139.6043,35.8781],[139.6052,35.8819],[139.6091,35.8821],[139.6099,35.8849],[139.6062,35.8883],[139.6043,35.8886],[139.6037,35.8876],[139.6019,35.8794],[139.5978,35.8806],[139.5822,35.8803],[139.5814,35.882],[139.5767,35.88],[139.5754,35.8817],[139.5727,35.8804],[139.5712,35.8819],[139.5689,35.8807],[139.572,35.8778],[139.5765,35.8715],[139.5786,35.8645],[139.5798,35.863],[139.5851,35.8605],[139.5888,35.8571],[139.5917,35.8522],[139.5973,35.8484],[139.6001,35.845],[139.6052,35.8441],[139.6064,35.8416],[139.6054,35.8391],[139.6074,35.8348]]]},"properties":{"N03_001":"埼玉県","N03_002":"","N03_003":"さいたま市","N03_004":"桜区","N03_007":"11106"}},
{"type":"Feature","geometry":{"type":"Polygon","coordinates":[[[139.6359,35.8892],[139.6333,35.889],[139.6336,35.8868],[139.6363,35.8869],[139.6385,35.8833],[139.6371,35.8815],[139.6381,35.8746],[139.6381,35.8709],[139.6418,35.8692],[139.6437,35.8671],[139.6401,35.8655],[139.6402,35.8581],[139.6434,35.8584],[139.65,35.8541],[139.6494,35.8503],[139.6554,35.8502],[139.659,35.847],[139.6629,35.8469],[139.663,35.8487],[139.667,35.8526],[139.6664,35.8572],[139.6676,35.8598],[139.6663,35.8613],[139.6655,35.8625],[139.6644,35.8692],[139.6679,35.8727],[139.6667,35.8789],[139.6684,35.8834],[139.6628,35.8897],[139.6643,35.8933],[139.6609,35.8938],[139.6521,35.8942],[139.6492,35.8985],[139.6483,35.9015],[139.6455,35.9017],[139.6441,35.8995],[139.6462,35.8971],[139.6473,35.8898],[139.6451,35.8889],[139.6418,35.8903],[139.6374,35.8887],[139.6359,35.8892]]]},"properties":{"N03_001":"埼玉県","N03_002":"","N03_003":"さいたま市","N03_004":"浦和区","N03_007":"11107"}},
{"type":"Feature","geometry":{"type":"Polygon","coordinates":[[[139.6187,35.8291],[139.6243,35.8347],[139.6308,35.8293],[139.6397,35.8319],[139.6412,35.8306],[139.6455,35.8296],[139.6451,35.8319],[139.65,35.8328],[139.6538,35.8353],[139.6581,35.8296],[139.6602,35.8286],[139.6633,35.829],[139.668,35.8328],[139.6688,35.8357],[139.6771,35.8327],[139.6756,35.8391],[139.6789,35.8404],[139.6752,35.8505],[139.6772,35.8515],[139.679,35.8505],[139.6839,35.8494],[139.688,35.8475],[139.6914,35.8484],[139.6957,35.8486],[139.6954,35.8521],[139.6981,35.8574],[139.695,35.8605],[139.6946,35.8634],[139.6921,35.8643],[139.6895,35.8632],[139.6871,35.8646],[139.6846,35.8641],[139.6821,35.8661],[139.6785,35.8668],[139.6748,35.8659],[139.6742,35.8646],[139.6767,35.8616],[139.6738,35.8605],[139.6708,35.8636],[139.6663,35.8613],[139.6676,35.8598],[139.6664,35.8572],[139.667,35.8526],[139.663,35.8487],[139.6629,35.8469],[139.659,35.847],[139.6554,35.8502],[139.6494,35.8503],[139.65,35.8541],[139.6434,35.8584],[139.6402,35.8581],[139.6363,35.8604],[139.6375,35.8556],[139.6365,35.8533],[139.6332,35.8514],[139.6338,35.8476],[139.6358,35.844],[139.6359,35.841],[139.6265,35.8384],[139.6166,35.834],[139.6171,35.8302],[139.6187,35.8291]]]},"properties":{"N03_001":"埼玉県","N03_002":"","N03_003":"さいたま市","N03_004":"南区","N03_007":"11108"}},
{"type":"Feature","geometry":{"type":"Polygon","coordinates":[[[139.6663,35.8613],[139.6708,35.8636],[139.6738,35.8605],[139.6767,35.8616],[139.6742,35.8646],[139.6748,35.8659],[139.6785,35.8668],[139.6821,35.8661],[139.6846,35.8641],[139.6871,35.8646],[139.6895,35.8632],[139.6921,35.8643],[139.6946,35.8634],[139.695,35.8605],[139.6981,35.8574],[139.7004,35.8611],[139.7041,35.8623],[139.7067,35.8588],[139.71,35.858],[139.7133,35.8588],[139.7115,35.8617],[139.7179,35.8623],[139.7175,35.8676],[139.7202,35.8703],[139.7135,35.8767],[139.719,35.8791],[139.7225,35.8763],[139.7251,35.8763],[139.7279,35.8783],[139.7291,35.8762],[139.7332,35.8754],[139.7343,35.8719],[139.7386,35.8699],[139.7408,35.8763],[139.7396,35.879],[139.7375,35.8812],[139.7417,35.8831],[139.7445,35.8828],[139.7434,35.8859],[139.7414,35.8882],[139.7391,35.8886],[139.7372,35.8904],[139.7352,35.8947],[139.7325,35.8959],[139.731,35.899],[139.7274,35.9017],[139.7237,35.9036],[139.7177,35.9089],[139.7106,35.9095],[139.7096,35.9112],[139.7065,35.9116],[139.7034,35.915],[139.7004,35.9157],[139.6982,35.9154],[139.6954,35.9185],[139.6925,35.9169],[139.6955,35.914],[139.6927,35.9118],[139.694,35.9064],[139.6985,35.9022],[139.7009,35.8989],[139.7003,35.8926],[139.6941,35.8939],[139.6943,35.895],[139.689,35.8956],[139.6833,35.8933],[139.6778,35.8942],[139.6786,35.8964],[139.6697,35.8969],[139.6666,35.9004],[139.6638,35.8982],[139.6607,35.8973],[139.6609,35.8938],[139.6643,35.8933],[139.6628,35.8897],[139.6684,35.8834],[139.6667,35.8789],[139.6679,35.8727],[139.6644,35.8692],[139.6655,35.8625],[139.6663,35.8613]]]},"properties":{"N03_001":"埼玉県","N03_002":"","N03_003":"さいたま市","N03_004":"緑区","N03_007":"11109"}},
{"type":"Feature","geometry":{"type":"Polygon","coordinates":[[[139.7434,35.8859],[139.747,35.8839],[139.7481,35.8818],[139.7523,35.8803],[139.751,35.8813],[139.7474,35.8876],[139.7484,35.8911],[139.7452,35.8937],[139.7496,35.8954],[139.7535,35.8958],[139.7539,35.8981],[139.752,35.8994],[139.7526,35.9014],[139.7548,35.9018],[139.7554,35.9047],[139.7545,35.9105],[139.7524,35.9116],[139.7494,35.9111],[139.7486,35.9146],[139.7451,35.9175],[139.7474,35.9211],[139.7455,35.927],[139.7482,35.9271],[139.7527,35.9311],[139.7543,35.9355],[139.7563,35.9359],[139.7519,35.9405],[139.7501,35.9426],[139.7458,35.9523],[139.7393,35.9517],[139.7383,35.9531],[139.7347,35.954],[139.7355,35.9557],[139.7332,35.9572],[139.7322,35.955],[139.7297,35.9552],[139.7284,35.9537],[139.7248,35.9542],[139.722,35.9522],[139.7194,35.9522],[139.7196,35.9561],[139.7206,35.9584],[139.7177,35.9607],[139.7167,35.9629],[139.7134,35.9656],[139.713,35.9691],[139.7173,35.9681],[139.7215,35.969],[139.7246,35.9727],[139.7242,35.9762],[139.7266,35.9817],[139.7245,35.9857],[139.7187,35.9897],[139.7079,35.9953],[139.7024,35.998],[139.6995,35.998],[139.6956,36.0027],[139.692,36.0012],[139.692,35.999],[139.6956,35.9911],[139.6875,35.9799],[139.6874,35.9773],[139.6931,35.9758],[139.6936,35.9744],[139.6872,35.9756],[139.6843,35.9756],[139.6767,35.9742],[139.6737,35.9761],[139.6721,35.9742],[139.6661,35.9756],[139.6647,35.9729],[139.6607,35.9733],[139.6575,35.9708],[139.6547,35.9697],[139.6535,35.9681],[139.6544,35.9651],[139.6577,35.9658],[139.6579,35.9639],[139.6621,35.9651],[139.6658,35.9649],[139.6695,35.9636],[139.6759,35.957],[139.6767,35.9527],[139.6821,35.9495],[139.6813,35.9437],[139.6834,35.9379],[139.6828,35.9351],[139.6846,35.933],[139.6908,35.9304],[139.6929,35.9265],[139.6954,35.9252],[139.6973,35.9221],[139.6968,35.9196],[139.6985,35.9167],[139.7004,35.9157],[139.7034,35.915],[139.7065,35.9116],[139.7096,35.9112],[139.7106,35.9095],[139.7177,35.9089],[139.7237,35.9036],[139.7274,35.9017],[139.731,35.899],[139.7325,35.8959],[139.7352,35.8947],[139.7372,35.8904],[139.7391,35.8886],[139.7414,35.8882],[139.7434,35.8859]]]},"properties":{"N03_001":"埼玉県","N03_002":"","N03_003":"さいたま市","N03_004":"岩槻区","N03_007":"11110"}},
{"type":"Feature","geometry":{"type":"Polygon","coordinates":[[[139.3795,35.9199],[139.3819,35.9182],[139.3832,35.9159],[139.3847,35.9106],[139.3844,35.9085],[139.3895,35.9079],[139.3926,35.9082],[139.3938,35.9066],[139.3934,35.9041],[139.3944,35.9014],[139.3969,35.8994],[139.3982,35.8935],[139.4016,35.8957],[139.4082,35.8997],[139.4117,35.9009],[139.4131,35.8977],[139.4161,35.898],[139.4188,35.8949],[139.4279,35.8914],[139.429,35.8885],[139.433,35.884],[139.4377,35.8824],[139.4413,35.8849],[139.4473,35.8793],[139.4576,35.8871],[139.4608,35.8863],[139.4571,35.8803],[139.4558,35.8809],[139.454,35.8762],[139.4558,35.875],[139.455,35.8712],[139.462,35.8779],[139.4623,35.8728],[139.4658,35.8671],[139.4603,35.8625],[139.4588,35.859],[139.4663,35.8515],[139.4645,35.8503],[139.4666,35.8471],[139.4689,35.8481],[139.4717,35.8444],[139.4727,35.8443],[139.4761,35.8399],[139.4779,35.8376],[139.4819,35.8401],[139.4841,35.8403],[139.4871,35.842],[139.484,35.8469],[139.485,35.8495],[139.4922,35.8527],[139.4892,35.8553],[139.4771,35.851],[139.4746,35.8552],[139.4809,35.8577],[139.4835,35.8578],[139.489,35.8599],[139.4899,35.8621],[139.493,35.8623],[139.4956,35.8644],[139.4941,35.8653],[139.4982,35.8672],[139.5052,35.8744],[139.511,35.8798],[139.5153,35.8817],[139.5137,35.8839],[139.5151,35.8854],[139.5144,35.8881],[139.5187,35.8905],[139.5207,35.8905],[139.5242,35.8923],[139.5247,35.8896],[139.5233,35.8868],[139.5242,35.8846],[139.5281,35.8812],[139.5331,35.8797],[139.5373,35.8797],[139.5419,35.8781],[139.543,35.8807],[139.5471,35.8811],[139.5436,35.8823],[139.5441,35.8856],[139.547,35.8875],[139.5495,35.8872],[139.5525,35.8886],[139.5559,35.8873],[139.558,35.8886],[139.5571,35.8916],[139.5533,35.8937],[139.551,35.896],[139.5549,35.9037],[139.5541,35.9064],[139.5518,35.9074],[139.5521,35.9095],[139.5489,35.9114],[139.5485,35.9126],[139.5503,35.9176],[139.5462,35.9219],[139.5472,35.9242],[139.5464,35.9259],[139.5507,35.9286],[139.5505,35.9313],[139.5478,35.9342],[139.5444,35.9324],[139.5411,35.9355],[139.5435,35.9378],[139.5437,35.938],[139.5438,35.9381],[139.544,35.9384],[139.5443,35.9387],[139.5445,35.9389],[139.5446,35.939],[139.5447,35.9392],[139.5447,35.9394],[139.5448,35.9396],[139.5449,35.9397],[139.5451,35.9399],[139.5452,35.9402],[139.5453,35.9404],[139.5454,35.9406],[139.5455,35.9407],[139.5457,35.9408],[139.5459,35.9415],[139.5459,35.9417],[139.546,35.9419],[139.546,35.9425],[139.546,35.9428],[139.5459,35.9429],[139.5458,35.943],[139.5457,35.943],[139.5456,35.943],[139.5453,35.943],[139.5451,35.943],[139.5449,35.943],[139.5448,35.943],[139.5447,35.9431],[139.5447,35.9435],[139.5446,35.9439],[139.5445,35.9442],[139.5445,35.9444],[139.5444,35.9445],[139.544,35.9446],[139.5432,35.9447],[139.5427,35.9448],[139.5424,35.9448],[139.5417,35.9448],[139.5416,35.9448],[139.5411,35.9449],[139.5409,35.945],[139.5406,35.945],[139.5401,35.945],[139.5399,35.9451],[139.5397,35.9451],[139.5395,35.9452],[139.5393,35.9453],[139.5391,35.9454],[139.539,35.9455],[139.5387,35.9456],[139.5385,35.9457],[139.5384,35.9458],[139.5382,35.9459],[139.5381,35.946],[139.538,35.9461],[139.5379,35.9463],[139.5377,35.9464],[139.5376,35.9465],[139.5374,35.9467],[139.5371,35.9471],[139.537,35.9472],[139.5369,35.9474],[139.5367,35.9478],[139.5366,35.948],[139.5366,35.9481],[139.535,35.9509],[139.5314,35.9494],[139.5267,35.9497],[139.5236,35.9485],[139.5213,35.95],[139.5028,35.9555],[139.4991,35.958],[139.498,35.955],[139.4912,35.9548],[139.4891,35.9558],[139.4832,35.9568],[139.4795,35.9564],[139.4765,35.9573],[139.4784,35.9593],[139.475,35.9607],[139.4704,35.9594],[139.4677,35.9601],[139.4627,35.9581],[139.4597,35.9539],[139.4554,35.9529],[139.4555,35.9515],[139.4507,35.9483],[139.4347,35.9451],[139.4331,35.9518],[139.4421,35.9539],[139.442,35.9563],[139.4436,35.9585],[139.4392,35.9585],[139.4368,35.9596],[139.4331,35.9585],[139.4311,35.9589],[139.4256,35.9574],[139.4244,35.9584],[139.4215,35.9558],[139.4228,35.9544],[139.421,35.9527],[139.426,35.9484],[139.4268,35.9441],[139.4288,35.9402],[139.4231,35.9371],[139.4162,35.9303],[139.4193,35.9276],[139.418,35.9264],[139.4205,35.9247],[139.416,35.9228],[139.4119,35.924],[139.4046,35.9212],[139.4024,35.9191],[139.3956,35.9163],[139.3892,35.9142],[139.3874,35.9146],[139.385,35.9173],[139.385,35.9214],[139.3806,35.9223],[139.3795,35.9199]]]},"properties":{"N03_001":"埼玉県","N03_002":"","N03_003":"","N03_004":"川越市","N03_007":"11201"}},
{"type":"Feature","geometry":{"type":"Polygon","coordinates":[[[139.4216,36.0696],[139.422,36.0696],[139.4222,36.0697],[139.4224,36.0698],[139.4228,36.0701],[139.423,36.0702],[139.4231,36.0702],[139.4232,36.0701],[139.4233,36.0701],[139.4234,36.0702],[139.4236,36.0704],[139.4237,36.0705],[139.4239,36.0707],[139.4241,36.0709],[139.4244,36.071],[139.4247,36.0713],[139.425,36.0716],[139.4252,36.0717],[139.4253,36.0718],[139.4255,36.0719],[139.4259,36.072],[139.426,36.072],[139.426,36.0721],[139.426,36.0722],[139.4258,36.0723],[139.4257,36.0723],[139.4255,36.0723],[139.4254,36.0723],[139.4253,36.0723],[139.4253,36.0724],[139.4254,36.0725],[139.4258,36.0726],[139.426,36.0726],[139.4261,36.0726],[139.4262,36.0724],[139.4264,36.0722],[139.4266,36.0722],[139.4268,36.0722],[139.4269,36.0723],[139.4271,36.0723],[139.4272,36.0724],[139.4272,36.0725],[139.4273,36.0726],[139.4276,36.073],[139.4278,36.0734],[139.4278,36.0735],[139.4278,36.0741],[139.4278,36.0742],[139.428,36.0743],[139.4286,36.0746],[139.4288,36.074],[139.4289,36.074],[139.429,36.0739],[139.4293,36.0739],[139.4296,36.0739],[139.4298,36.0738],[139.4301,36.0735],[139.4302,36.0735],[139.431,36.074],[139.4328,36.075],[139.433,36.0751],[139.4327,36.0754],[139.4333,36.0757],[139.4339,36.076],[139.4349,36.0765],[139.4356,36.0763],[139.4358,36.0763],[139.4359,36.0763],[139.4362,36.0763],[139.4363,36.0763],[139.4365,36.0763],[139.4367,36.0764],[139.4367,36.0765],[139.4372,36.0767],[139.4379,36.077],[139.4382,36.0771],[139.4384,36.0773],[139.4389,36.0776],[139.4389,36.0777],[139.4391,36.0778],[139.4399,36.0783],[139.4412,36.079],[139.4415,36.0792],[139.4417,36.0793],[139.4422,36.0796],[139.4427,36.0796],[139.4432,36.0796],[139.4435,36.0797],[139.4438,36.0797],[139.4443,36.0799],[139.4454,36.0805],[139.4455,36.0808],[139.4455,36.0811],[139.4456,36.0813],[139.4459,36.0818],[139.4461,36.0821],[139.4464,36.0825],[139.4465,36.0832],[139.4465,36.0833],[139.4466,36.0835],[139.4466,36.0836],[139.4414,36.0831],[139.4376,36.0847],[139.4356,36.0843],[139.4331,36.0865],[139.435,36.0879],[139.4329,36.0926],[139.4327,36.0999],[139.4304,36.103],[139.4317,36.1042],[139.4374,36.1042],[139.4371,36.1074],[139.4318,36.1107],[139.4313,36.111],[139.4309,36.1112],[139.4307,36.1113],[139.4306,36.1114],[139.4301,36.112],[139.4298,36.1122],[139.4297,36.1123],[139.4293,36.1127],[139.4291,36.1129],[139.429,36.1131],[139.429,36.1134],[139.429,36.1136],[139.4291,36.1139],[139.4292,36.114],[139.4293,36.1141],[139.4294,36.1142],[139.4295,36.1143],[139.4299,36.1146],[139.4303,36.1148],[139.4306,36.115],[139.4307,36.1151],[139.4308,36.1151],[139.4311,36.1153],[139.4313,36.1154],[139.4316,36.1156],[139.4316,36.1157],[139.432,36.1159],[139.4325,36.1164],[139.4328,36.1166],[139.4328,36.1167],[139.4331,36.117],[139.4333,36.1173],[139.4335,36.1177],[139.4339,36.1182],[139.434,36.1185],[139.4342,36.1188],[139.4342,36.119],[139.4343,36.1191],[139.4343,36.1193],[139.4343,36.1197],[139.4342,36.12],[139.4342,36.1204],[139.434,36.1206],[139.4339,36.1207],[139.4337,36.1209],[139.4335,36.121],[139.4333,36.1211],[139.433,36.1212],[139.4327,36.1213],[139.4324,36.1213],[139.4321,36.1213],[139.432,36.1213],[139.4319,36.1213],[139.4316,36.1212],[139.4315,36.1212],[139.4311,36.121],[139.431,36.1209],[139.4308,36.1207],[139.4309,36.1205],[139.4308,36.1204],[139.4308,36.1203],[139.4308,36.1202],[139.4308,36.1201],[139.4307,36.12],[139.4305,36.1198],[139.4304,36.1198],[139.4302,36.12],[139.43,36.1202],[139.4298,36.1202],[139.4296,36.1202],[139.4294,36.1203],[139.4292,36.1205],[139.429,36.1209],[139.4293,36.121],[139.4296,36.1211],[139.4297,36.1212],[139.4298,36.1212],[139.4305,36.122],[139.4304,36.1221],[139.4297,36.1225],[139.4295,36.1227],[139.4298,36.1231],[139.4298,36.1232],[139.4299,36.1232],[139.4304,36.1232],[139.4305,36.1233],[139.4305,36.1235],[139.4306,36.1237],[139.4308,36.1237],[139.431,36.1237],[139.4312,36.1237],[139.4313,36.1238],[139.4314,36.1239],[139.4314,36.124],[139.4315,36.1241],[139.4316,36.1241],[139.4318,36.1243],[139.4317,36.1249],[139.4318,36.125],[139.4322,36.125],[139.4322,36.1255],[139.4322,36.1256],[139.4323,36.1257],[139.4324,36.1257],[139.4333,36.1257],[139.4335,36.1257],[139.4336,36.1258],[139.4336,36.1261],[139.4336,36.1267],[139.4336,36.1268],[139.4336,36.1269],[139.4335,36.1269],[139.4333,36.1269],[139.4324,36.1269],[139.4321,36.1269],[139.4317,36.1269],[139.4315,36.1269],[139.4314,36.127],[139.4313,36.1271],[139.4313,36.128],[139.4312,36.1287],[139.4312,36.1297],[139.4312,36.1298],[139.4312,36.1305],[139.4312,36.1308],[139.4312,36.1309],[139.4312,36.131],[139.4311,36.1316],[139.4308,36.1316],[139.4298,36.1316],[139.4298,36.132],[139.4298,36.1321],[139.4298,36.1322],[139.4297,36.1327],[139.4297,36.1328],[139.4297,36.1329],[139.4297,36.133],[139.4296,36.1331],[139.4296,36.1332],[139.4293,36.1332],[139.4293,36.1333],[139.4293,36.1337],[139.4291,36.1337],[139.4291,36.1339],[139.4291,36.1341],[139.4289,36.1342],[139.4284,36.1341],[139.4279,36.1341],[139.4275,36.1341],[139.427,36.1342],[139.4269,36.1344],[139.427,36.1345],[139.427,36.1346],[139.427,36.1347],[139.4269,36.1347],[139.4268,36.1348],[139.4265,36.135],[139.426,36.1353],[139.426,36.1354],[139.426,36.1355],[139.426,36.1356],[139.426,36.1357],[139.4257,36.1357],[139.4256,36.1358],[139.4256,36.1359],[139.4255,36.1362],[139.4254,36.1363],[139.4253,36.1364],[139.425,36.1365],[139.4249,36.1366],[139.4248,36.1368],[139.4248,36.137],[139.4244,36.1371],[139.4243,36.1371],[139.4243,36.1374],[139.4243,36.1376],[139.4243,36.1383],[139.4241,36.1383],[139.4236,36.1383],[139.4234,36.1383],[139.4234,36.1385],[139.4234,36.1387],[139.4233,36.1387],[139.4227,36.1387],[139.4227,36.1388],[139.4226,36.1402],[139.4226,36.1404],[139.4227,36.1405],[139.4228,36.1406],[139.4232,36.1407],[139.4233,36.1407],[139.4233,36.1408],[139.4234,36.1409],[139.4234,36.1411],[139.4233,36.1412],[139.4232,36.1417],[139.4231,36.1424],[139.4226,36.1443],[139.4225,36.1448],[139.4225,36.1451],[139.4225,36.1453],[139.4225,36.1457],[139.4225,36.1459],[139.4225,36.146],[139.4224,36.1462],[139.4224,36.1464],[139.4224,36.1465],[139.4224,36.147],[139.4224,36.1472],[139.4224,36.1474],[139.4224,36.1476],[139.4223,36.1479],[139.4222,36.1481],[139.4221,36.1483],[139.4221,36.1484],[139.4224,36.1484],[139.4225,36.1484],[139.4228,36.1481],[139.4231,36.1478],[139.4233,36.1476],[139.4235,36.1473],[139.4235,36.1472],[139.4237,36.1472],[139.4238,36.1473],[139.424,36.1473],[139.4241,36.1474],[139.4241,36.1479],[139.4249,36.1479],[139.425,36.1479],[139.4251,36.1477],[139.4251,36.1476],[139.4252,36.1472],[139.4252,36.1471],[139.4253,36.1471],[139.4257,36.1471],[139.4258,36.1471],[139.4259,36.1469],[139.426,36.1468],[139.4262,36.1468],[139.4266,36.1468],[139.4269,36.1468],[139.427,36.1467],[139.4271,36.1466],[139.4275,36.1467],[139.4276,36.1467],[139.4276,36.1468],[139.4276,36.1469],[139.4276,36.147],[139.4279,36.1471],[139.4283,36.1471],[139.4285,36.147],[139.4286,36.1468],[139.4287,36.1468],[139.4294,36.1468],[139.4298,36.1468],[139.4297,36.147],[139.4297,36.1471],[139.4298,36.1471],[139.4302,36.1471],[139.4304,36.1471],[139.4305,36.147],[139.4306,36.1469],[139.4307,36.1469],[139.4308,36.1469],[139.4311,36.1469],[139.4314,36.147],[139.4316,36.147],[139.4317,36.147],[139.4319,36.147],[139.432,36.1469],[139.4321,36.1468],[139.4322,36.1466],[139.4322,36.1461],[139.4323,36.1459],[139.4323,36.1458],[139.4324,36.1458],[139.4325,36.1459],[139.4325,36.146],[139.4325,36.1463],[139.4325,36.1467],[139.4325,36.1468],[139.4326,36.1469],[139.4328,36.1469],[139.4329,36.147],[139.4329,36.1471],[139.4328,36.1471],[139.4327,36.1471],[139.4322,36.1472],[139.4321,36.1472],[139.4321,36.1473],[139.4321,36.1474],[139.4332,36.1473],[139.4333,36.1472],[139.4335,36.1472],[139.4336,36.1472],[139.4336,36.1473],[139.4336,36.1474],[139.4336,36.1477],[139.4335,36.1479],[139.4335,36.1482],[139.4334,36.1486],[139.4334,36.1489],[139.4333,36.1498],[139.4333,36.1499],[139.4333,36.15],[139.4332,36.1506],[139.433,36.1515],[139.433,36.1517],[139.433,36.152],[139.433,36.1523],[139.4329,36.1527],[139.4329,36.1531],[139.4329,36.1532],[139.4327,36.1554],[139.4327,36.1557],[139.4327,36.1565],[139.4327,36.1566],[139.4327,36.1567],[139.4326,36.157],[139.4326,36.1571],[139.4325,36.1572],[139.4323,36.1574],[139.4323,36.1576],[139.4322,36.1577],[139.4322,36.1578],[139.4322,36.1582],[139.4322,36.1583],[139.4321,36.1586],[139.4321,36.1588],[139.4322,36.1588],[139.4325,36.159],[139.4326,36.159],[139.433,36.1592],[139.4332,36.1593],[139.4333,36.1594],[139.4334,36.1595],[139.4338,36.1596],[139.4343,36.1597],[139.4345,36.1597],[139.4345,36.1598],[139.4349,36.1598],[139.4354,36.1599],[139.4358,36.1599],[139.4362,36.16],[139.4365,36.1601],[139.437,36.1604],[139.4373,36.1605],[139.4374,36.1605],[139.4376,36.1607],[139.4377,36.1607],[139.4379,36.161],[139.4384,36.1615],[139.4383,36.1616],[139.4382,36.1617],[139.438,36.1617],[139.4379,36.1617],[139.4378,36.1617],[139.4377,36.1618],[139.4375,36.162],[139.4374,36.1622],[139.4372,36.1625],[139.4371,36.1627],[139.4371,36.1628],[139.4371,36.1629],[139.4371,36.1632],[139.4371,36.1634],[139.437,36.1636],[139.4369,36.1636],[139.4368,36.1636],[139.4365,36.1636],[139.4363,36.1636],[139.436,36.1636],[139.4358,36.1635],[139.4355,36.1634],[139.4352,36.1634],[139.4352,36.1635],[139.4351,36.1638],[139.4352,36.1642],[139.4351,36.1647],[139.4351,36.1656],[139.4351,36.1658],[139.4351,36.1659],[139.4351,36.1663],[139.4351,36.1667],[139.4351,36.1684],[139.4351,36.1698],[139.4351,36.1699],[139.4351,36.17],[139.435,36.1702],[139.435,36.1704],[139.4349,36.1704],[139.4347,36.1704],[139.4345,36.1704],[139.4343,36.1704],[139.434,36.1704],[139.4338,36.1704],[139.4334,36.1704],[139.4333,36.1704],[139.4332,36.1704],[139.433,36.1703],[139.4325,36.1703],[139.4322,36.1703],[139.4319,36.1703],[139.4317,36.1703],[139.4315,36.1702],[139.4309,36.1702],[139.4308,36.1702],[139.4301,36.1701],[139.4297,36.1701],[139.4295,36.1701],[139.4293,36.1701],[139.4292,36.17],[139.4286,36.17],[139.4285,36.17],[139.4281,36.17],[139.428,36.17],[139.4276,36.1699],[139.4273,36.1699],[139.4269,36.1699],[139.4267,36.1699],[139.4264,36.1698],[139.4254,36.1698],[139.425,36.1697],[139.4246,36.1697],[139.4239,36.1696],[139.4233,36.1698],[139.4233,36.1699],[139.4231,36.1701],[139.423,36.1702],[139.4229,36.1703],[139.4229,36.1704],[139.4228,36.1705],[139.4228,36.1706],[139.4227,36.1706],[139.4226,36.1707],[139.4224,36.1708],[139.4223,36.171],[139.4224,36.171],[139.4224,36.1711],[139.4225,36.1712],[139.4226,36.1712],[139.4226,36.1713],[139.4226,36.1714],[139.4225,36.1714],[139.4223,36.1716],[139.4222,36.1717],[139.4221,36.1718],[139.4217,36.1716],[139.4215,36.1715],[139.4215,36.1716],[139.4214,36.1717],[139.4214,36.1722],[139.4213,36.1728],[139.422,36.1728],[139.4223,36.1729],[139.4223,36.173],[139.4222,36.1736],[139.4222,36.1739],[139.422,36.1738],[139.4212,36.1738],[139.4212,36.1739],[139.4212,36.1741],[139.4212,36.1742],[139.4211,36.1746],[139.4211,36.175],[139.4213,36.175],[139.4216,36.175],[139.4221,36.1751],[139.422,36.1753],[139.422,36.1754],[139.422,36.1757],[139.4218,36.1764],[139.4217,36.1771],[139.4217,36.1772],[139.4217,36.1774],[139.4216,36.1776],[139.4216,36.1777],[139.4215,36.1783],[139.4214,36.1785],[139.4214,36.1788],[139.4214,36.1789],[139.4212,36.1789],[139.421,36.1788],[139.4209,36.1789],[139.4209,36.179],[139.4209,36.1792],[139.4209,36.1793],[139.4208,36.18],[139.4208,36.1802],[139.4208,36.1804],[139.4207,36.1809],[139.4207,36.181],[139.4206,36.1812],[139.4206,36.1813],[139.4206,36.1815],[139.4206,36.182],[139.4205,36.1822],[139.4205,36.1824],[139.4204,36.1831],[139.4207,36.1831],[139.421,36.1831],[139.4212,36.1831],[139.4216,36.1832],[139.4218,36.1832],[139.4218,36.1833],[139.4217,36.1834],[139.4217,36.1838],[139.4216,36.1847],[139.4215,36.1848],[139.4217,36.1849],[139.4223,36.1849],[139.4225,36.185],[139.4226,36.1851],[139.4226,36.1852],[139.4226,36.1854],[139.4225,36.1859],[139.4227,36.186],[139.4228,36.186],[139.4228,36.1864],[139.4228,36.1865],[139.4227,36.1867],[139.4225,36.1868],[139.4224,36.1869],[139.4222,36.187],[139.422,36.1872],[139.4218,36.1873],[139.4217,36.1874],[139.4215,36.1875],[139.4214,36.1875],[139.4213,36.1876],[139.4209,36.1879],[139.4208,36.1879],[139.4206,36.1879],[139.4205,36.188],[139.4203,36.1881],[139.4201,36.1881],[139.4199,36.1882],[139.4199,36.1883],[139.4198,36.1884],[139.4198,36.1886],[139.4198,36.1887],[139.4197,36.1887],[139.4197,36.1888],[139.4193,36.1886],[139.4192,36.1886],[139.419,36.1886],[139.4189,36.1885],[139.4187,36.1885],[139.4185,36.1884],[139.4183,36.1884],[139.4175,36.1881],[139.4171,36.188],[139.4168,36.1879],[139.4168,36.188],[139.4167,36.188],[139.4167,36.1883],[139.4169,36.1884],[139.4171,36.1884],[139.4174,36.1885],[139.4177,36.1887],[139.4179,36.1888],[139.4181,36.1888],[139.4184,36.1889],[139.4185,36.1889],[139.4186,36.189],[139.4186,36.1891],[139.4187,36.1892],[139.4187,36.1893],[139.4189,36.1894],[139.4191,36.1895],[139.4194,36.1896],[139.4197,36.1897],[139.4198,36.1897],[139.42,36.1898],[139.4201,36.1899],[139.4203,36.1899],[139.4204,36.19],[139.4205,36.1901],[139.4205,36.1902],[139.4206,36.1904],[139.4207,36.1904],[139.4207,36.1905],[139.4208,36.1907],[139.421,36.1912],[139.4211,36.1914],[139.4212,36.1917],[139.4214,36.1922],[139.4214,36.1923],[139.4215,36.1924],[139.4215,36.1926],[139.4215,36.1927],[139.4214,36.1928],[139.4213,36.1929],[139.4212,36.193],[139.421,36.1933],[139.4208,36.1935],[139.4205,36.1938],[139.4204,36.1939],[139.4203,36.1941],[139.4202,36.1942],[139.4201,36.1944],[139.4201,36.1945],[139.4202,36.1946],[139.4203,36.1952],[139.4204,36.1954],[139.4205,36.1955],[139.4205,36.1957],[139.4206,36.1958],[139.4208,36.1959],[139.4209,36.1961],[139.4211,36.1962],[139.4215,36.1966],[139.4217,36.1967],[139.4218,36.1968],[139.422,36.1969],[139.4225,36.1972],[139.4226,36.1973],[139.4228,36.1974],[139.423,36.1975],[139.423,36.1976],[139.4231,36.1976],[139.4231,36.1977],[139.4231,36.1978],[139.4232,36.1979],[139.4232,36.198],[139.4232,36.1981],[139.4233,36.1982],[139.4233,36.1983],[139.4232,36.1983],[139.4237,36.1983],[139.4241,36.1982],[139.4242,36.1982],[139.4245,36.1982],[139.4247,36.1981],[139.4249,36.1981],[139.425,36.198],[139.4253,36.198],[139.4255,36.1979],[139.4257,36.1979],[139.4259,36.1978],[139.4261,36.1977],[139.4263,36.1976],[139.4264,36.1975],[139.4266,36.1974],[139.4267,36.1973],[139.4269,36.1972],[139.427,36.197],[139.4272,36.1969],[139.4273,36.1968],[139.4274,36.1967],[139.4275,36.1966],[139.4277,36.1965],[139.4278,36.1965],[139.428,36.1965],[139.4282,36.1964],[139.4284,36.1964],[139.4286,36.1963],[139.4293,36.1963],[139.4295,36.1963],[139.4302,36.1962],[139.4307,36.1962],[139.4308,36.1962],[139.431,36.1961],[139.4314,36.1961],[139.432,36.1961],[139.4322,36.1961],[139.4327,36.1961],[139.4331,36.196],[139.4333,36.196],[139.4335,36.196],[139.4337,36.196],[139.4339,36.1959],[139.4342,36.1958],[139.4344,36.1958],[139.4346,36.1957],[139.435,36.1955],[139.4352,36.1955],[139.4354,36.1954],[139.4356,36.1954],[139.4358,36.1953],[139.436,36.1953],[139.4362,36.1952],[139.4364,36.1952],[139.4366,36.1952],[139.4368,36.1952],[139.437,36.1951],[139.4372,36.1951],[139.4374,36.1951],[139.4376,36.1951],[139.4378,36.195],[139.438,36.195],[139.4383,36.1949],[139.4384,36.1949],[139.4385,36.1948],[139.4387,36.1947],[139.4388,36.1947],[139.439,36.1946],[139.4391,36.1945],[139.4392,36.1945],[139.4393,36.1945],[139.4396,36.1945],[139.44,36.1944],[139.4401,36.1944],[139.4403,36.1944],[139.4406,36.1943],[139.4408,36.1943],[139.4409,36.1943],[139.441,36.1942],[139.4412,36.1942],[139.4415,36.1942],[139.4417,36.1942],[139.4419,36.1943],[139.4421,36.1945],[139.4423,36.1947],[139.4426,36.195],[139.4426,36.1951],[139.4428,36.1953],[139.4431,36.1956],[139.4432,36.1957],[139.4435,36.1961],[139.4437,36.1963],[139.444,36.1966],[139.4441,36.1967],[139.4442,36.1968],[139.4293,36.2083],[139.424,36.2109],[139.4194,36.2113],[139.4191,36.2164],[139.4087,36.2234],[139.4077,36.2226],[139.3934,36.2276],[139.3901,36.2292],[139.3902,36.2309],[139.3793,36.2412],[139.3767,36.2445],[139.3678,36.2468],[139.3615,36.2521],[139.3582,36.2533],[139.3536,36.2515],[139.3506,36.2542],[139.3473,36.2537],[139.3459,36.249],[139.3434,36.247],[139.3395,36.246],[139.3402,36.2439],[139.3334,36.2429],[139.3279,36.2399],[139.3305,36.2359],[139.3328,36.2351],[139.3355,36.2327],[139.335,36.2281],[139.3336,36.2252],[139.3345,36.22],[139.3365,36.2176],[139.3361,36.212],[139.333,36.2099],[139.3336,36.201],[139.3297,36.196],[139.3295,36.1889],[139.3322,36.1853],[139.3329,36.1798],[139.3276,36.1837],[139.3239,36.1811],[139.3266,36.1781],[139.3261,36.1765],[139.3216,36.1752],[139.3193,36.1756],[139.3179,36.1742],[139.3125,36.1779],[139.3084,36.1761],[139.3028,36.1752],[139.3064,36.1718],[139.3038,36.17],[139.2961,36.1668],[139.297,36.1656],[139.2933,36.1617],[139.2916,36.1626],[139.2896,36.1606],[139.2943,36.1576],[139.2964,36.1549],[139.2999,36.1561],[139.3035,36.1537],[139.3052,36.1517],[139.3088,36.1527],[139.3112,36.149],[139.3135,36.1488],[139.3148,36.1466],[139.3138,36.1436],[139.3085,36.1419],[139.3077,36.1391],[139.3121,36.1384],[139.3119,36.134],[139.3124,36.1278],[139.311,36.1207],[139.3113,36.117],[139.3103,36.1153],[139.3077,36.1145],[139.3061,36.1116],[139.301,36.1118],[139.3012,36.1104],[139.3062,36.1079],[139.3092,36.1052],[139.3127,36.0988],[139.3177,36.0949],[139.3184,36.0922],[139.3209,36.0906],[139.3229,36.0951],[139.3275,36.0989],[139.3285,36.0971],[139.3313,36.0959],[139.3302,36.0921],[139.3317,36.0906],[139.3349,36.0914],[139.3353,36.0887],[139.3422,36.09],[139.3428,36.0935],[139.3422,36.0968],[139.3445,36.1001],[139.3439,36.1036],[139.349,36.1038],[139.3521,36.103],[139.3584,36.1005],[139.3708,36.0994],[139.3752,36.1006],[139.3759,36.0993],[139.3815,36.0958],[139.386,36.1013],[139.3872,36.1018],[139.3892,36.1048],[139.3915,36.1049],[139.3948,36.1012],[139.3972,36.1011],[139.3997,36.0983],[139.4057,36.0946],[139.4113,36.0939],[139.4109,36.0921],[139.4128,36.0902],[139.4101,36.0842],[139.4065,36.0812],[139.4056,36.0752],[139.4085,36.0761],[139.4193,36.074],[139.4231,36.0717],[139.4216,36.0696]]]},"properties":{"N03_001":"埼玉県","N03_002":"","N03_003":"","N03_004":"熊谷市","N03_007":"11202"}},
{"type":"Feature","geometry":{"type":"Polygon","coordinates":[[[139.6771,35.8327],[139.6818,35.8316],[139.6888,35.8289],[139.6904,35.8292],[139.7098,35.8263],[139.7075,35.8236],[139.7073,35.8193],[139.7018,35.819],[139.7025,35.817],[139.6995,35.8153],[139.6988,35.8138],[139.6989,35.8083],[139.6968,35.8058],[139.6952,35.8014],[139.6984,35.8008],[139.6977,35.7984],[139.7053,35.7934],[139.7092,35.792],[139.7174,35.7919],[139.7222,35.7907],[139.7245,35.7873],[139.7266,35.7875],[139.7339,35.79],[139.7385,35.7874],[139.7378,35.7805],[139.7426,35.7817],[139.7463,35.7839],[139.7467,35.7868],[139.7489,35.786],[139.755,35.7869],[139.7556,35.79],[139.76,35.7943],[139.7608,35.7974],[139.7553,35.8032],[139.7507,35.8067],[139.7508,35.8102],[139.7552,35.8107],[139.7571,35.8121],[139.7613,35.8129],[139.7658,35.8157],[139.7676,35.8177],[139.7678,35.8192],[139.7715,35.8185],[139.7722,35.82],[139.7798,35.8221],[139.784,35.8243],[139.7883,35.8247],[139.7852,35.8293],[139.7825,35.8312],[139.7828,35.8328],[139.7791,35.8331],[139.7798,35.8357],[139.7787,35.8422],[139.7756,35.8444],[139.7713,35.8485],[139.7746,35.8517],[139.7666,35.8561],[139.7651,35.8579],[139.7636,35.8634],[139.7666,35.8654],[139.7699,35.8663],[139.765,35.8699],[139.7612,35.8708],[139.7567,35.8775],[139.7523,35.8803],[139.7481,35.8818],[139.747,35.8839],[139.7434,35.8859],[139.7445,35.8828],[139.7417,35.8831],[139.7375,35.8812],[139.7396,35.879],[139.7408,35.8763],[139.7386,35.8699],[139.7343,35.8719],[139.7332,35.8754],[139.7291,35.8762],[139.7279,35.8783],[139.7251,35.8763],[139.7225,35.8763],[139.719,35.8791],[139.7135,35.8767],[139.7202,35.8703],[139.7175,35.8676],[139.7179,35.8623],[139.7115,35.8617],[139.7133,35.8588],[139.71,35.858],[139.7067,35.8588],[139.7041,35.8623],[139.7004,35.8611],[139.6981,35.8574],[139.6954,35.8521],[139.6957,35.8486],[139.6914,35.8484],[139.688,35.8475],[139.6839,35.8494],[139.679,35.8505],[139.6772,35.8515],[139.6752,35.8505],[139.6789,35.8404],[139.6756,35.8391],[139.6771,35.8327]]]},"properties":{"N03_001":"埼玉県","N03_002":"","N03_003":"","N03_004":"川口市","N03_007":"11203"}},
{"type":"Feature","geometry":{"type":"MultiPolygon","coordinates":[]},"properties":{"N03_001":"埼玉県","N03_002":"","N03_003":"","N03_004":"行田市","N03_007":"11206"}},
{"type":"Feature","geometry":{"type":"Polygon","coordinates":[[[138.8284,36.0373],[138.8257,36.0375],[138.8157,36.0354],[138.8141,36.0337],[138.8087,36.0331],[138.8066,36.0341],[138.8022,36.0334],[138.795,36.0304],[138.791,36.0294],[138.7879,36.0305],[138.7863,36.0331],[138.7818,36.0343],[138.7806,36.0369],[138.7764,36.0371],[138.773,36.0388],[138.7691,36.0388],[138.7615,36.036],[138.7598,36.0349],[138.7544,36.0345],[138.7529,36.0305],[138.7536,36.0283],[138.7507,36.0251],[138.7485,36.0184],[138.7492,36.0167],[138.7448,36.0137],[138.7438,36.0101],[138.7367,36.0065],[138.7374,36.0043],[138.7357,36.0016],[138.7322,35.9983],[138.7299,35.9981],[138.7261,35.9945],[138.7228,35.9945],[138.7168,35.9929],[138.7147,35.9896],[138.7146,35.9869],[138.7132,35.9843],[138.7119,35.9792],[138.7122,35.9738],[138.7114,35.9713],[138.7142,35.9655],[138.7195,35.9629],[138.721,35.9591],[138.7256,35.9576],[138.7282,35.9543],[138.7291,35.9513],[138.7305,35.9503],[138.7314,35.9474],[138.7311,35.9451],[138.7347,35.943],[138.7393,35.9391],[138.7375,35.9358],[138.7392,35.9333],[138.7385,35.929],[138.7361,35.9249],[138.7338,35.9232],[138.7324,35.9196],[138.7291,35.9172],[138.7306,35.9146],[138.7293,35.9127],[138.7289,35.9097],[138.7327,35.905],[138.7349,35.904],[138.7392,35.9058],[138.7491,35.9016],[138.7536,35.9029],[138.7583,35.9024],[138.7657,35.8991],[138.7708,35.9005],[138.7772,35.9004],[138.7813,35.8989],[138.7822,35.8969],[138.7891,35.8932],[138.7911,35.8908],[138.7916,35.884],[138.7928,35.8819],[138.7918,35.8798],[138.7918,35.876],[138.797,35.8721],[138.8045,35.8698],[138.8084,35.87],[138.8111,35.8649],[138.8136,35.8624],[138.8197,35.8652],[138.8219,35.8646],[138.8245,35.8656],[138.8285,35.8657],[138.8305,35.8647],[138.8324,35.8623],[138.8348,35.8624],[138.8383,35.8643],[138.8417,35.8649],[138.8454,35.8674],[138.8566,35.8646],[138.8569,35.8603],[138.8588,35.8576],[138.8622,35.8586],[138.8656,35.8587],[138.8694,35.8572],[138.8724,35.8548],[138.874,35.8518],[138.8774,35.8482],[138.8797,35.8469],[138.8856,35.8471],[138.892,35.8398],[138.8944,35.8408],[138.8992,35.8467],[138.9047,35.8485],[138.9092,35.8508],[138.9109,35.8527],[138.9154,35.8524],[138.9183,35.8513],[138.9226,35.8507],[138.9264,35.8489],[138.9312,35.85],[138.9322,35.8513],[138.9351,35.851],[138.9375,35.8523],[138.9429,35.8538],[138.9439,35.8548],[138.9429,35.8602],[138.9465,35.8644],[138.9451,35.8679],[138.9493,35.869],[138.9544,35.8742],[138.9545,35.8749],[138.9601,35.8768],[138.9652,35.8778],[138.968,35.8822],[138.9725,35.882],[138.9789,35.885],[138.9853,35.8812],[138.9888,35.8811],[138.9946,35.8833],[138.9959,35.8844],[139.0008,35.884],[139.005,35.8874],[139.0067,35.8896],[139.0068,35.8936],[139.0105,35.8971],[139.0134,35.8983],[139.0184,35.8984],[139.0209,35.8972],[139.0236,35.8974],[139.0293,35.8929],[139.0376,35.8891],[139.0403,35.8863],[139.0429,35.8856],[139.0483,35.8812],[139.0498,35.8788],[139.0556,35.8775],[139.0578,35.8775],[139.0592,35.875],[139.0614,35.8737],[139.0705,35.8715],[139.0726,35.8717],[139.0749,35.8741],[139.0778,35.8753],[139.0825,35.8749],[139.084,35.8734],[139.0892,35.871],[139.0917,35.869],[139.0945,35.8695],[139.0991,35.8687],[139.1003,35.8672],[139.1081,35.8727],[139.111,35.8775],[139.1106,35.8821],[139.1144,35.8848],[139.1184,35.8896],[139.1187,35.8917],[139.1208,35.8954],[139.1186,35.9023],[139.1137,35.9053],[139.112,35.9078],[139.1139,35.9158],[139.1125,35.9198],[139.1045,35.9235],[139.1028,35.9272],[139.0992,35.9298],[139.0981,35.9343],[139.0955,35.9359],[139.0976,35.9414],[139.0961,35.9441],[139.0977,35.9481],[139.0971,35.9525],[139.0934,35.9551],[139.093,35.9595],[139.0885,35.9657],[139.0868,35.9712],[139.0871,35.9755],[139.0902,35.9835],[139.091,35.9878],[139.0903,35.9893],[139.0932,35.9909],[139.0929,35.9932],[139.0945,35.9976],[139.0997,36.003],[139.1008,36.005],[139.1064,36.0089],[139.1101,36.0076],[139.115,35.9991],[139.1194,35.9976],[139.1227,35.9998],[139.126,36.0011],[139.1328,35.9993],[139.1369,35.9989],[139.142,35.9977],[139.1434,35.9985],[139.1481,35.9969],[139.1496,35.9972],[139.155,35.9954],[139.1587,35.9948],[139.1638,35.9957],[139.1698,35.9924],[139.1722,35.9901],[139.1746,35.989],[139.1758,35.993],[139.1751,35.9948],[139.1762,35.9977],[139.1749,36.0004],[139.1728,36.0024],[139.1671,36.0058],[139.1646,36.0094],[139.1633,36.0132],[139.1603,36.0151],[139.159,36.0174],[139.1533,36.0233],[139.1527,36.0269],[139.1491,36.0286],[139.1442,36.0279],[139.1433,36.0293],[139.1356,36.0323],[139.1326,36.0332],[139.1276,36.0333],[139.1245,36.0354],[139.1241,36.0399],[139.1212,36.0426],[139.1185,36.0427],[139.119,36.0469],[139.1171,36.0497],[139.1153,36.0557],[139.1078,36.0599],[139.1051,36.06],[139.0957,36.0577],[139.0911,36.0637],[139.088,36.0645],[139.0864,36.0683],[139.0844,36.0661],[139.0807,36.0656],[139.0718,36.0623],[139.0697,36.0637],[139.0643,36.0611],[139.0577,36.0599],[139.0548,36.0607],[139.056,36.0641],[139.055,36.0699],[139.0552,36.0727],[139.0467,36.0747],[139.0441,36.0744],[139.0408,36.072],[139.0402,36.0707],[139.0352,36.07],[139.0307,36.0726],[139.0305,36.0735],[139.0231,36.0757],[139.0199,36.078],[139.0182,36.081],[139.0143,36.0851],[139.0075,36.0859],[139.005,36.0852],[139.0039,36.0879],[139.0044,36.0909],[139.0059,36.0929],[139.0078,36.0975],[138.997,36.0971],[138.9932,36.0953],[138.9895,36.0971],[138.9904,36.0984],[138.9877,36.1013],[138.9864,36.1049],[138.983,36.108],[138.977,36.1098],[138.9762,36.1138],[138.9765,36.1172],[138.974,36.1209],[138.97,36.1242],[138.9669,36.1243],[138.9642,36.1259],[138.9585,36.1241],[138.9587,36.1211],[138.9573,36.1181],[138.9563,36.1119],[138.958,36.1096],[138.9566,36.1057],[138.9515,36.1031],[138.9504,36.0996],[138.9464,36.0966],[138.9448,36.0945],[138.9381,36.0929],[138.9311,36.0881],[138.9315,36.0832],[138.9334,36.0788],[138.9362,36.0761],[138.9403,36.0745],[138.9404,36.0724],[138.9432,36.0716],[138.9456,36.0663],[138.9468,36.0662],[138.9493,36.0627],[138.9549,36.0598],[138.9592,36.0594],[138.9619,36.0569],[138.9651,36.0555],[138.9682,36.0553],[138.9725,36.0532],[138.9722,36.0501],[138.9701,36.0469],[138.9693,36.0433],[138.9797,36.0383],[138.9834,36.0377],[138.9841,36.0343],[138.9903,36.0328],[138.9938,36.0307],[138.9968,36.0309],[138.9993,36.0285],[139.0028,36.0276],[139.0069,36.0283],[139.0093,36.0279],[139.0161,36.0234],[139.02,36.0183],[139.0241,36.016],[139.0287,36.0181],[139.0323,36.0185],[139.0381,36.0205],[139.0389,36.0232],[139.042,36.0242],[139.0481,36.0218],[139.0502,36.0193],[139.0483,36.0152],[139.0497,36.0131],[139.0487,36.0113],[139.051,36.0093],[139.0462,36.0044],[139.0408,36.0017],[139.0469,35.9966],[139.0505,35.992],[139.0475,35.9888],[139.0439,35.9814],[139.0436,35.9792],[139.0407,35.9759],[139.0376,35.974],[139.0323,35.9725],[139.0289,35.969],[139.0236,35.9679],[139.0204,35.9685],[139.0168,35.967],[139.0149,35.968],[139.0126,35.9666],[139.0128,35.972],[139.0093,35.9759],[139.0084,35.9797],[139.0038,35.9801],[139.0003,35.9792],[138.9975,35.9772],[138.993,35.9762],[138.9921,35.9786],[138.9856,35.9791],[138.9845,35.981],[138.9816,35.9829],[138.9773,35.9816],[138.9739,35.9791],[138.9701,35.9809],[138.9661,35.9788],[138.9631,35.9782],[138.9581,35.9796],[138.9543,35.977],[138.9513,35.9736],[138.9508,35.9699],[138.9459,35.969],[138.9436,35.9669],[138.9397,35.9668],[138.9368,35.9692],[138.9321,35.9703],[138.927,35.9701],[138.9243,35.967],[138.923,35.9667],[138.9183,35.9681],[138.9179,35.9699],[138.9131,35.9702],[138.9089,35.9722],[138.9057,35.9724],[138.9034,35.9742],[138.8987,35.9754],[138.8963,35.9731],[138.8915,35.9743],[138.8863,35.9745],[138.8838,35.9732],[138.8788,35.9751],[138.8748,35.9789],[138.8684,35.9814],[138.866,35.9805],[138.8628,35.9837],[138.8569,35.9868],[138.8544,35.9903],[138.8503,35.9936],[138.8498,35.9951],[138.8411,36.0006],[138.8396,36.0007],[138.8408,36.0065],[138.8392,36.0073],[138.8406,36.0113],[138.8386,36.0136],[138.8382,36.0185],[138.8393,36.0219],[138.841,36.0229],[138.8422,36.0271],[138.8418,36.0305],[138.8388,36.0337],[138.8315,36.0351],[138.8284,36.0373]]]},"properties":{"N03_001":"埼玉県","N03_002":"","N03_003":"","N03_004":"秩父市","N03_007":"11207"}},
{"type":"Feature","geometry":{"type":"Polygon","coordinates":[[[139.4195,35.8178],[139.4148,35.8135],[139.4137,35.8139],[139.406,35.8108],[139.4038,35.8108],[139.401,35.8092],[139.3966,35.8092],[139.3942,35.8078],[139.3861,35.8056],[139.3893,35.7998],[139.3879,35.7937],[139.3859,35.7883],[139.3861,35.7864],[139.3886,35.7833],[139.3909,35.7835],[139.3953,35.7823],[139.3957,35.7783],[139.3937,35.7752],[139.3908,35.7755],[139.3882,35.7745],[139.3857,35.7752],[139.3815,35.7743],[139.379,35.7712],[139.3802,35.7664],[139.3848,35.7652],[139.3896,35.7671],[139.3918,35.7668],[139.3905,35.7641],[139.3922,35.7633],[139.3985,35.7644],[139.4003,35.7678],[139.4049,35.7692],[139.4095,35.7687],[139.4159,35.7663],[139.4196,35.7659],[139.4222,35.7678],[139.4276,35.7664],[139.4316,35.7663],[139.4383,35.768],[139.4409,35.7669],[139.445,35.7667],[139.4462,35.7679],[139.4513,35.7693],[139.4586,35.7697],[139.4589,35.7717],[139.4613,35.7734],[139.4698,35.7742],[139.4712,35.7734],[139.4745,35.7753],[139.4755,35.7769],[139.4795,35.7799],[139.485,35.7808],[139.4896,35.7791],[139.4935,35.7817],[139.498,35.7812],[139.4994,35.7822],[139.5067,35.7828],[139.5085,35.7847],[139.5119,35.7851],[139.514,35.7885],[139.5168,35.789],[139.5203,35.7884],[139.5226,35.7892],[139.5255,35.7919],[139.5293,35.7941],[139.5369,35.8039],[139.5417,35.8073],[139.5448,35.8105],[139.5455,35.8126],[139.5439,35.8147],[139.542,35.8153],[139.542,35.8179],[139.54,35.8198],[139.5377,35.8163],[139.5345,35.8192],[139.5332,35.8207],[139.5323,35.825],[139.529,35.8241],[139.5222,35.8212],[139.5206,35.8221],[139.5155,35.8177],[139.5079,35.8152],[139.5032,35.8143],[139.4973,35.8221],[139.4878,35.8327],[139.4871,35.8341],[139.4824,35.8387],[139.48,35.8351],[139.4779,35.8376],[139.4761,35.8399],[139.4749,35.8393],[139.4783,35.8349],[139.474,35.8328],[139.4713,35.8378],[139.4663,35.8378],[139.4634,35.8436],[139.4589,35.8398],[139.4535,35.836],[139.4541,35.8343],[139.4492,35.8324],[139.4498,35.8306],[139.4378,35.824],[139.4412,35.8203],[139.4326,35.8215],[139.4313,35.818],[139.4286,35.8189],[139.4246,35.819],[139.4195,35.8178]]]},"properties":{"N03_001":"埼玉県","N03_002":"","N03_003":"","N03_004":"所沢市","N03_007":"11208"}},
{"type":"Feature","geometry":{"type":"Polygon","coordinates":[[[139.3161,35.8188],[139.3213,35.8227],[139.3237,35.8236],[139.3263,35.8264],[139.3328,35.8258],[139.3351,35.8226],[139.3383,35.8223],[139.3393,35.8248],[139.3383,35.828],[139.3455,35.8277],[139.346,35.8328],[139.3452,35.834],[139.3447,35.8395],[139.3455,35.8457],[139.3447,35.85],[139.3467,35.8521],[139.3518,35.8526],[139.3502,35.859],[139.3535,35.8607],[139.358,35.862],[139.3609,35.8594],[139.365,35.8592],[139.3735,35.8655],[139.3747,35.8684],[139.3737,35.8703],[139.3688,35.8709],[139.3645,35.873],[139.3701,35.8784],[139.3678,35.8811],[139.3679,35.8825],[139.3653,35.8845],[139.3627,35.8804],[139.358,35.878],[139.3541,35.8773],[139.3498,35.8803],[139.3462,35.8806],[139.3347,35.8784],[139.3304,35.8816],[139.3276,35.8825],[139.3229,35.8789],[139.3182,35.8779],[139.3166,35.8758],[139.3159,35.8728],[139.3075,35.8731],[139.3068,35.8717],[139.302,35.8705],[139.3003,35.871],[139.2961,35.8685],[139.291,35.8682],[139.289,35.8719],[139.2823,35.8699],[139.2807,35.8732],[139.2776,35.8727],[139.2754,35.8747],[139.2768,35.8783],[139.2814,35.8815],[139.2792,35.8826],[139.2791,35.8875],[139.2804,35.8886],[139.2792,35.8906],[139.2795,35.8968],[139.2772,35.9006],[139.2706,35.9018],[139.2699,35.905],[139.2705,35.9076],[139.2731,35.9129],[139.2706,35.9142],[139.267,35.9179],[139.2679,35.9198],[139.2633,35.9242],[139.2605,35.9232],[139.2572,35.9244],[139.2549,35.9243],[139.2534,35.9221],[139.2478,35.9229],[139.2482,35.9252],[139.2432,35.9283],[139.2369,35.9302],[139.2366,35.9346],[139.2338,35.937],[139.2347,35.9401],[139.2316,35.9412],[139.2286,35.9439],[139.2281,35.9457],[139.2236,35.9462],[139.2206,35.9487],[139.2182,35.9491],[139.2169,35.9519],[139.2148,35.9527],[139.2125,35.9552],[139.2129,35.9564],[139.2078,35.9601],[139.2019,35.9626],[139.2015,35.9658],[139.1928,35.9679],[139.1904,35.9669],[139.1858,35.9672],[139.1837,35.9687],[139.1808,35.9682],[139.1786,35.9697],[139.1766,35.9651],[139.1778,35.9633],[139.1768,35.9617],[139.1723,35.9596],[139.1687,35.9543],[139.1681,35.9496],[139.1636,35.9489],[139.1626,35.9459],[139.1568,35.9453],[139.1508,35.9431],[139.1487,35.9442],[139.1438,35.9421],[139.1422,35.9393],[139.1339,35.9373],[139.1315,35.9375],[139.1266,35.9362],[139.1201,35.933],[139.1167,35.9308],[139.1131,35.9306],[139.108,35.9292],[139.1028,35.9272],[139.1045,35.9235],[139.1125,35.9198],[139.1139,35.9158],[139.112,35.9078],[139.1137,35.9053],[139.1186,35.9023],[139.1208,35.8954],[139.1187,35.8917],[139.1184,35.8896],[139.1144,35.8848],[139.1106,35.8821],[139.111,35.8775],[139.1081,35.8727],[139.1003,35.8672],[139.1117,35.8647],[139.1144,35.8654],[139.116,35.8645],[139.1292,35.8656],[139.1312,35.8645],[139.1354,35.8654],[139.1389,35.864],[139.1475,35.8627],[139.1551,35.8586],[139.1594,35.8571],[139.1632,35.851],[139.1691,35.85],[139.171,35.8486],[139.1744,35.8483],[139.1836,35.8436],[139.1869,35.8429],[139.1924,35.8403],[139.1958,35.84],[139.1993,35.8412],[139.2031,35.8412],[139.2049,35.8446],[139.2075,35.8464],[139.2126,35.8466],[139.2193,35.8425],[139.2201,35.8414],[139.2245,35.8405],[139.2277,35.839],[139.2307,35.8367],[139.2325,35.8366],[139.2357,35.8383],[139.2372,35.8402],[139.241,35.8402],[139.2425,35.8368],[139.2468,35.8369],[139.2523,35.8382],[139.2588,35.8373],[139.2605,35.836],[139.2637,35.8374],[139.2682,35.8382],[139.2719,35.8397],[139.2818,35.8395],[139.2829,35.8372],[139.2862,35.8369],[139.2909,35.838],[139.2956,35.8338],[139.2963,35.8351],[139.3012,35.835],[139.3012,35.8298],[139.3027,35.826],[139.3026,35.8241],[139.3068,35.823],[139.3115,35.8253],[139.3149,35.8252],[139.3162,35.8237],[139.3161,35.8188]]]},"properties":{"N03_001":"埼玉県","N03_002":"","N03_003":"","N03_004":"飯能市","N03_007":"11209"}},
{"type":"Feature","geometry":{"type":"Polygon","coordinates":[[[139.5309,36.1177],[139.5326,36.116],[139.5306,36.1127],[139.5311,36.1115],[139.5378,36.1058],[139.5419,36.1001],[139.5446,36.1023],[139.5468,36.1004],[139.5485,36.1017],[139.5512,36.1007],[139.554,36.1013],[139.5518,36.0974],[139.5514,36.0934],[139.5485,36.0939],[139.5447,36.0909],[139.5412,36.0872],[139.543,36.0862],[139.54,36.0819],[139.5472,36.0787],[139.5489,36.081],[139.553,36.0792],[139.5596,36.0718],[139.5655,36.0714],[139.5682,36.0729],[139.5709,36.0716],[139.5762,36.0714],[139.5806,36.0734],[139.5823,36.0724],[139.5846,36.0744],[139.5818,36.0753],[139.5845,36.0779],[139.5863,36.0777],[139.5909,36.0736],[139.5933,36.0728],[139.5982,36.0785],[139.6014,36.0814],[139.6036,36.0871],[139.6054,36.0876],[139.6111,36.0854],[139.614,36.0833],[139.6227,36.0819],[139.6281,36.0798],[139.6327,36.0792],[139.6334,36.0819],[139.6309,36.0822],[139.6339,36.0868],[139.6375,36.0881],[139.6397,36.0871],[139.6439,36.0929],[139.6431,36.0947],[139.6458,36.0977],[139.6444,36.101],[139.6456,36.1037],[139.6537,36.1039],[139.6555,36.1035],[139.6598,36.1067],[139.6633,36.1075],[139.6683,36.107],[139.6675,36.1091],[139.6648,36.1117],[139.6643,36.1166],[139.6678,36.1201],[139.6742,36.122],[139.6763,36.1218],[139.6788,36.1244],[139.6822,36.1232],[139.6848,36.1236],[139.6854,36.1266],[139.683,36.1339],[139.6846,36.1368],[139.6959,36.1426],[139.703,36.1451],[139.7014,36.1471],[139.6961,36.1564],[139.6947,36.1605],[139.694,36.1664],[139.692,36.1698],[139.6909,36.1753],[139.6925,36.1861],[139.6943,36.1901],[139.6936,36.1917],[139.6895,36.1945],[139.6879,36.1964],[139.6879,36.1997],[139.6866,36.2033],[139.6846,36.2035],[139.6823,36.201],[139.6803,36.2005],[139.6773,36.2015],[139.6756,36.2042],[139.6749,36.2083],[139.6722,36.2092],[139.6686,36.2069],[139.6626,36.2071],[139.6613,36.2084],[139.6637,36.2111],[139.6635,36.2124],[139.66,36.2149],[139.6523,36.2128],[139.6494,36.2112],[139.65,36.2028],[139.6515,36.1984],[139.6488,36.1961],[139.6407,36.1973],[139.6372,36.1972],[139.629,36.1952],[139.6264,36.1932],[139.625,36.187],[139.6238,36.1869],[139.6186,36.1898],[139.613,36.1937],[139.6099,36.1968],[139.6046,36.1929],[139.603,36.1862],[139.607,36.1825],[139.6066,36.1803],[139.6084,36.1789],[139.6125,36.1734],[139.6131,36.1715],[139.6117,36.1685],[139.609,36.1667],[139.6092,36.1651],[139.6071,36.1593],[139.6,36.1617],[139.5964,36.1622],[139.5945,36.1649],[139.5896,36.1641],[139.5863,36.1505],[139.5832,36.1507],[139.5726,36.1502],[139.5736,36.1471],[139.5728,36.143],[139.5695,36.1432],[139.5695,36.1406],[139.5725,36.1389],[139.5735,36.1371],[139.5632,36.1368],[139.5587,36.1373],[139.5522,36.1371],[139.5493,36.1379],[139.545,36.1367],[139.5388,36.1373],[139.5338,36.1389],[139.5277,36.1427],[139.5258,36.1422],[139.5244,36.1382],[139.5243,36.138],[139.524,36.1373],[139.5239,36.1371],[139.5238,36.1367],[139.5238,36.1365],[139.5239,36.1363],[139.5239,36.1362],[139.5239,36.1361],[139.5239,36.136],[139.5239,36.1357],[139.5239,36.1354],[139.5238,36.1351],[139.5239,36.1349],[139.524,36.1346],[139.5244,36.1339],[139.5245,36.1339],[139.5245,36.1338],[139.5247,36.1335],[139.5248,36.1333],[139.5249,36.1333],[139.5249,36.1332],[139.525,36.133],[139.525,36.1329],[139.5251,36.1327],[139.5252,36.1325],[139.5253,36.1323],[139.5255,36.1321],[139.5256,36.132],[139.5259,36.1319],[139.5261,36.1318],[139.5263,36.1318],[139.5268,36.1317],[139.527,36.1317],[139.5272,36.1317],[139.5277,36.1318],[139.5282,36.132],[139.5285,36.132],[139.5287,36.1321],[139.5289,36.132],[139.529,36.132],[139.5293,36.1319],[139.5295,36.1318],[139.5298,36.1317],[139.5301,36.1315],[139.5304,36.1313],[139.5308,36.1309],[139.5311,36.1308],[139.5312,36.1306],[139.5317,36.1304],[139.5321,36.1303],[139.5323,36.1302],[139.5325,36.1301],[139.5328,36.1299],[139.533,36.1297],[139.5332,36.1295],[139.5333,36.1294],[139.5334,36.1293],[139.5338,36.129],[139.534,36.1288],[139.5342,36.1286],[139.5343,36.1284],[139.5345,36.1281],[139.5346,36.1279],[139.535,36.1275],[139.5352,36.1271],[139.5354,36.1268],[139.5355,36.1267],[139.5355,36.1266],[139.5356,36.1265],[139.5355,36.1264],[139.5353,36.1261],[139.5352,36.1258],[139.5349,36.1255],[139.5346,36.1252],[139.5345,36.125],[139.5344,36.1249],[139.5342,36.1247],[139.5341,36.1245],[139.534,36.1244],[139.5339,36.1242],[139.5338,36.124],[139.5337,36.1237],[139.5336,36.1236],[139.5333,36.1233],[139.5331,36.1231],[139.5328,36.1228],[139.5328,36.1227],[139.5324,36.1223],[139.5323,36.1222],[139.5318,36.1217],[139.5316,36.1215],[139.5314,36.1212],[139.5313,36.1209],[139.5312,36.1207],[139.5311,36.1206],[139.531,36.1203],[139.531,36.1201],[139.531,36.1198],[139.5311,36.1195],[139.5311,36.1193],[139.5311,36.1192],[139.5311,36.1191],[139.5311,36.1188],[139.5311,36.1183],[139.5311,36.1181],[139.531,36.1179],[139.531,36.1178],[139.5309,36.1177]]]},"properties":{"N03_001":"埼玉県","N03_002":"","N03_003":"","N03_004":"加須市","N03_007":"11210"}},
{"type":"Feature","geometry":{"type":"Polygon","coordinates":[[[139.0825,36.1216],[139.0831,36.123],[139.0878,36.1238],[139.0872,36.1283],[139.088,36.1315],[139.0935,36.1366],[139.096,36.1379],[139.0994,36.1376],[139.1013,36.1365],[139.1027,36.1396],[139.106,36.1437],[139.1111,36.1426],[139.1153,36.1431],[139.1197,36.147],[139.1265,36.1483],[139.1292,36.146],[139.1345,36.145],[139.1367,36.1457],[139.1368,36.1478],[139.1387,36.1483],[139.1426,36.152],[139.1465,36.153],[139.1462,36.1558],[139.1436,36.1595],[139.1429,36.1642],[139.1487,36.1683],[139.1508,36.1718],[139.1545,36.1763],[139.1528,36.1776],[139.1499,36.182],[139.1524,36.1824],[139.155,36.1873],[139.1565,36.1918],[139.1601,36.1927],[139.1606,36.1951],[139.1561,36.1966],[139.1555,36.1985],[139.1613,36.2001],[139.163,36.2052],[139.1665,36.2082],[139.1719,36.2105],[139.1802,36.2112],[139.1821,36.2093],[139.1906,36.2094],[139.1919,36.2071],[139.1941,36.2082],[139.1957,36.2103],[139.195,36.2126],[139.1967,36.216],[139.204,36.2208],[139.2064,36.2211],[139.2131,36.2233],[139.2169,36.2223],[139.2175,36.2256],[139.2189,36.2283],[139.2285,36.2288],[139.2295,36.2261],[139.2284,36.224],[139.2321,36.2233],[139.2334,36.2257],[139.2387,36.2239],[139.2416,36.2242],[139.2428,36.2281],[139.2476,36.2325],[139.2459,36.2375],[139.2435,36.2394],[139.2437,36.2445],[139.2375,36.2462],[139.2335,36.2489],[139.231,36.2526],[139.224,36.2583],[139.2121,36.2563],[139.212,36.2602],[139.2083,36.2625],[139.198,36.2622],[139.1878,36.2664],[139.1806,36.2691],[139.1695,36.2748],[139.1689,36.2678],[139.1645,36.266],[139.162,36.2642],[139.1658,36.2597],[139.1625,36.2575],[139.1616,36.2546],[139.1556,36.25],[139.1569,36.2482],[139.1604,36.2464],[139.1609,36.2442],[139.1594,36.2422],[139.1631,36.2405],[139.1634,36.2389],[139.168,36.2392],[139.1701,36.2375],[139.1654,36.2345],[139.1631,36.2339],[139.1597,36.2347],[139.157,36.2323],[139.1494,36.2269],[139.1459,36.2262],[139.1442,36.2233],[139.1411,36.2237],[139.138,36.2201],[139.1359,36.2213],[139.1317,36.2165],[139.1297,36.2175],[139.1278,36.2154],[139.1302,36.2117],[139.1279,36.2069],[139.1297,36.2021],[139.1244,36.1984],[139.1194,36.202],[139.121,36.2036],[139.1172,36.2049],[139.1144,36.2069],[139.1092,36.2072],[139.1099,36.2026],[139.112,36.1998],[139.1104,36.1992],[139.1025,36.1933],[139.0999,36.1922],[139.0965,36.1936],[139.094,36.1922],[139.0933,36.19],[139.0896,36.188],[139.0837,36.1895],[139.0827,36.1844],[139.0792,36.1835],[139.0799,36.182],[139.0769,36.1793],[139.0754,36.1769],[139.0756,36.1717],[139.0784,36.1684],[139.0767,36.1671],[139.0763,36.1616],[139.0738,36.1613],[139.0697,36.1624],[139.0676,36.1621],[139.0674,36.1588],[139.0696,36.1571],[139.0686,36.1531],[139.0703,36.1497],[139.0756,36.1481],[139.072,36.1423],[139.0669,36.1431],[139.0628,36.138],[139.0612,36.1335],[139.0582,36.1335],[139.0583,36.1299],[139.0568,36.1262],[139.0588,36.1234],[139.0669,36.1209],[139.0712,36.1189],[139.0757,36.1194],[139.0789,36.122],[139.0825,36.1216]]]},"properties":{"N03_001":"埼玉県","N03_002":"","N03_003":"","N03_004":"本庄市","N03_007":"11211"}},
{"type":"Feature","geometry":{"type":"Polygon","coordinates":[[[139.3427,36.009],[139.3438,36.0091],[139.3472,36.0052],[139.3514,36.003],[139.3524,36.0037],[139.3572,36.0027],[139.3625,35.9991],[139.3639,35.9992],[139.369,35.9962],[139.3707,35.9926],[139.3764,35.9887],[139.3779,35.9868],[139.3742,35.9854],[139.3773,35.9819],[139.3794,35.9816],[139.3846,35.9826],[139.3867,35.9847],[139.3895,35.9836],[139.3932,35.9847],[139.3947,35.9842],[139.3995,35.9851],[139.4044,35.9854],[139.4071,35.9882],[139.4117,35.9906],[139.4138,35.991],[139.4201,35.9942],[139.4223,35.9938],[139.4302,35.998],[139.4244,35.9979],[139.4229,36.0015],[139.424,36.0051],[139.4264,36.006],[139.4345,36.0036],[139.4385,36.0035],[139.4438,36.0052],[139.4457,36.0039],[139.4484,36.0049],[139.4546,36.005],[139.455,36.0098],[139.4571,36.0119],[139.4564,36.012],[139.4555,36.0123],[139.4555,36.0122],[139.4553,36.0118],[139.4553,36.0117],[139.4552,36.0116],[139.4551,36.0116],[139.4551,36.0115],[139.4549,36.0114],[139.4548,36.0114],[139.4547,36.0115],[139.4546,36.0115],[139.4545,36.0116],[139.4544,36.0118],[139.4544,36.0119],[139.4543,36.0121],[139.4541,36.0124],[139.454,36.0126],[139.4539,36.0129],[139.4538,36.0132],[139.4537,36.0133],[139.4531,36.0134],[139.4525,36.0135],[139.4516,36.0136],[139.4515,36.0136],[139.4512,36.0136],[139.4509,36.0137],[139.4508,36.0137],[139.4501,36.0139],[139.45,36.0139],[139.4497,36.0139],[139.4496,36.014],[139.4496,36.0142],[139.4497,36.0144],[139.4497,36.0145],[139.4497,36.0146],[139.4499,36.0147],[139.45,36.0147],[139.4503,36.0147],[139.4505,36.0147],[139.4509,36.0147],[139.451,36.0147],[139.4511,36.0147],[139.4511,36.0149],[139.451,36.0155],[139.451,36.0157],[139.4509,36.0159],[139.4508,36.0159],[139.4507,36.0159],[139.4504,36.0159],[139.4502,36.0159],[139.45,36.016],[139.4499,36.0163],[139.4499,36.0164],[139.4496,36.0164],[139.4493,36.0164],[139.4492,36.0163],[139.449,36.0163],[139.4484,36.0161],[139.4483,36.016],[139.4483,36.0159],[139.4485,36.0158],[139.4486,36.0157],[139.4484,36.0156],[139.4481,36.0156],[139.4476,36.0155],[139.4472,36.0153],[139.447,36.0152],[139.4468,36.015],[139.4466,36.0149],[139.4465,36.0149],[139.4464,36.0149],[139.4463,36.0149],[139.4461,36.0149],[139.4459,36.0149],[139.4457,36.0149],[139.4455,36.0148],[139.4459,36.0144],[139.4456,36.0142],[139.4454,36.0141],[139.4453,36.014],[139.4452,36.0139],[139.4449,36.0136],[139.4446,36.0134],[139.4444,36.0133],[139.4442,36.0133],[139.444,36.0133],[139.4438,36.0133],[139.4436,36.0132],[139.4432,36.0132],[139.4431,36.0132],[139.4423,36.0131],[139.4419,36.0131],[139.442,36.0121],[139.4417,36.0122],[139.4413,36.0123],[139.441,36.0124],[139.4407,36.0125],[139.4403,36.0128],[139.44,36.0129],[139.4398,36.0131],[139.4397,36.0134],[139.4397,36.0136],[139.4398,36.0137],[139.4398,36.0139],[139.4399,36.0142],[139.4398,36.0143],[139.4395,36.0144],[139.4393,36.0144],[139.439,36.0146],[139.4384,36.0154],[139.4389,36.0155],[139.4385,36.0164],[139.4385,36.0167],[139.4382,36.0176],[139.4381,36.0178],[139.438,36.0183],[139.4378,36.0187],[139.4376,36.0192],[139.4375,36.0192],[139.4372,36.0194],[139.4366,36.0197],[139.437,36.0201],[139.4355,36.0216],[139.4355,36.0217],[139.4356,36.0218],[139.4359,36.0221],[139.436,36.0222],[139.436,36.0224],[139.436,36.0226],[139.4359,36.0227],[139.4354,36.023],[139.4344,36.0234],[139.4338,36.0236],[139.4337,36.0236],[139.4335,36.0236],[139.4333,36.0236],[139.4329,36.0237],[139.4326,36.0237],[139.4324,36.0236],[139.4323,36.0237],[139.4322,36.0237],[139.4321,36.0239],[139.4321,36.0242],[139.4322,36.0244],[139.4323,36.0246],[139.4323,36.0247],[139.4322,36.0249],[139.432,36.025],[139.4314,36.0256],[139.4303,36.0267],[139.4298,36.0272],[139.429,36.0279],[139.4287,36.0282],[139.4271,36.0297],[139.4267,36.0301],[139.4264,36.0303],[139.4263,36.0303],[139.4256,36.0306],[139.4251,36.0308],[139.425,36.0308],[139.4249,36.0309],[139.4247,36.031],[139.4246,36.0311],[139.4245,36.0312],[139.4244,36.0314],[139.4244,36.0315],[139.4243,36.0316],[139.4243,36.0318],[139.4241,36.0326],[139.4241,36.0328],[139.424,36.0329],[139.4236,36.0333],[139.4232,36.0338],[139.4228,36.0342],[139.4224,36.0345],[139.4219,36.0347],[139.4214,36.0349],[139.421,36.035],[139.42,36.0352],[139.4198,36.0352],[139.4196,36.0351],[139.4195,36.035],[139.4193,36.035],[139.419,36.0349],[139.4187,36.035],[139.4183,36.0351],[139.4181,36.0353],[139.418,36.0354],[139.418,36.0356],[139.418,36.0357],[139.4181,36.0359],[139.4182,36.0361],[139.4185,36.0363],[139.4191,36.0371],[139.4193,36.0372],[139.4193,36.0373],[139.4195,36.0374],[139.4196,36.0376],[139.4197,36.0378],[139.4197,36.038],[139.4198,36.038],[139.4199,36.038],[139.4201,36.0381],[139.4204,36.0383],[139.4208,36.0385],[139.4209,36.0386],[139.4209,36.0388],[139.4209,36.039],[139.4208,36.0392],[139.4207,36.0394],[139.4205,36.0396],[139.4203,36.0396],[139.4195,36.0396],[139.4194,36.0397],[139.4193,36.0403],[139.4192,36.041],[139.4192,36.0411],[139.4192,36.0417],[139.4192,36.0419],[139.4192,36.0434],[139.4192,36.0444],[139.4192,36.0445],[139.4192,36.0446],[139.4192,36.0448],[139.4193,36.0449],[139.4194,36.045],[139.4197,36.0453],[139.4199,36.0455],[139.4201,36.0457],[139.4201,36.0458],[139.4202,36.0459],[139.4202,36.0461],[139.4201,36.0467],[139.4201,36.0468],[139.4202,36.0474],[139.4202,36.0475],[139.4201,36.0479],[139.42,36.0483],[139.4199,36.0484],[139.4194,36.0489],[139.4191,36.0492],[139.419,36.0493],[139.4186,36.0499],[139.4185,36.05],[139.4184,36.0501],[139.4183,36.0502],[139.4181,36.0507],[139.418,36.0509],[139.4175,36.0519],[139.4174,36.0521],[139.4173,36.0521],[139.4173,36.0522],[139.417,36.0524],[139.4169,36.0524],[139.4169,36.0525],[139.4169,36.0526],[139.417,36.0527],[139.4171,36.0528],[139.4176,36.0529],[139.4179,36.053],[139.4181,36.053],[139.4186,36.053],[139.419,36.053],[139.4194,36.0531],[139.4197,36.0532],[139.4198,36.0534],[139.4198,36.0535],[139.4198,36.0536],[139.4197,36.0536],[139.4196,36.0536],[139.4195,36.0536],[139.4194,36.0535],[139.4192,36.0534],[139.4191,36.0534],[139.419,36.0534],[139.4189,36.0535],[139.4187,36.0534],[139.4185,36.0534],[139.4182,36.0534],[139.4177,36.0534],[139.4175,36.0533],[139.4171,36.0533],[139.417,36.0533],[139.4169,36.0534],[139.4167,36.0539],[139.4165,36.0542],[139.4163,36.0546],[139.4162,36.0547],[139.4161,36.0546],[139.4149,36.0543],[139.4144,36.0541],[139.4143,36.0541],[139.4138,36.0548],[139.4143,36.055],[139.4156,36.0554],[139.4161,36.0555],[139.4161,36.0558],[139.4167,36.0559],[139.4168,36.0559],[139.4169,36.0559],[139.4177,36.0559],[139.4186,36.056],[139.4187,36.056],[139.4187,36.0561],[139.4187,36.0562],[139.4186,36.0565],[139.4185,36.0569],[139.4184,36.057],[139.418,36.0572],[139.4177,36.0574],[139.4175,36.0575],[139.4173,36.0577],[139.4173,36.0579],[139.4173,36.0583],[139.4173,36.0584],[139.4172,36.0592],[139.4172,36.0593],[139.4174,36.0595],[139.4175,36.06],[139.4174,36.0603],[139.4173,36.0607],[139.4172,36.0608],[139.4172,36.061],[139.4173,36.0612],[139.4173,36.0614],[139.4173,36.0615],[139.4174,36.0617],[139.4173,36.0618],[139.4172,36.0619],[139.4173,36.0621],[139.4173,36.0623],[139.4173,36.0626],[139.4174,36.0629],[139.4174,36.0633],[139.4174,36.0634],[139.4173,36.0637],[139.4173,36.0638],[139.4172,36.0638],[139.4171,36.0638],[139.4169,36.0637],[139.4167,36.0637],[139.4166,36.0637],[139.4165,36.0637],[139.4164,36.0638],[139.4163,36.0638],[139.4163,36.0639],[139.4164,36.0639],[139.4165,36.064],[139.4167,36.0641],[139.4171,36.0643],[139.4175,36.0647],[139.418,36.0652],[139.4185,36.0656],[139.4189,36.0661],[139.4192,36.0665],[139.4194,36.0667],[139.4195,36.0668],[139.4197,36.0671],[139.4199,36.0675],[139.4201,36.0677],[139.4202,36.0679],[139.4206,36.0682],[139.4208,36.0685],[139.4214,36.0694],[139.4215,36.0695],[139.4215,36.0696],[139.4216,36.0696],[139.4231,36.0717],[139.4193,36.074],[139.4085,36.0761],[139.4056,36.0752],[139.4065,36.0812],[139.4101,36.0842],[139.4128,36.0902],[139.4109,36.0921],[139.4113,36.0939],[139.4057,36.0946],[139.3997,36.0983],[139.3972,36.1011],[139.3948,36.1012],[139.3915,36.1049],[139.3892,36.1048],[139.3872,36.1018],[139.3863,36.0975],[139.3821,36.0911],[139.3804,36.0873],[139.3766,36.0841],[139.3768,36.081],[139.379,36.0766],[139.377,36.0725],[139.3788,36.0689],[139.378,36.0669],[139.3786,36.064],[139.3815,36.0597],[139.382,36.0553],[139.3848,36.0525],[139.3837,36.0493],[139.3821,36.0497],[139.3857,36.0413],[139.3827,36.041],[139.3742,36.042],[139.3722,36.0391],[139.3706,36.0398],[139.3679,36.0366],[139.3572,36.041],[139.3551,36.0375],[139.3463,36.0398],[139.3398,36.0408],[139.3311,36.0413],[139.3303,36.0371],[139.3319,36.031],[139.3389,36.026],[139.3369,36.0231],[139.3368,36.0171],[139.3377,36.0143],[139.3427,36.009]]]},"properties":{"N03_001":"埼玉県","N03_002":"","N03_003":"","N03_004":"東松山市","N03_007":"11212"}},
{"type":"Feature","geometry":{"type":"Polygon","coordinates":[[[139.7079,35.9953],[139.7187,35.9897],[139.7245,35.9857],[139.7266,35.9817],[139.7242,35.9762],[139.7246,35.9727],[139.7215,35.969],[139.7173,35.9681],[139.713,35.9691],[139.7134,35.9656],[139.7167,35.9629],[139.7177,35.9607],[139.7206,35.9584],[139.7196,35.9561],[139.7194,35.9522],[139.722,35.9522],[139.7248,35.9542],[139.7284,35.9537],[139.7297,35.9552],[139.7322,35.955],[139.7332,35.9572],[139.7355,35.9557],[139.7347,35.954],[139.7383,35.9531],[139.7393,35.9517],[139.7458,35.9523],[139.7501,35.9426],[139.7519,35.9405],[139.7535,35.9425],[139.7556,35.9421],[139.7586,35.9445],[139.7598,35.9408],[139.7656,35.9355],[139.7686,35.9364],[139.7698,35.9378],[139.7792,35.9381],[139.783,35.9419],[139.7776,35.9439],[139.7761,35.9478],[139.7791,35.9537],[139.7773,35.9579],[139.7802,35.9575],[139.787,35.9551],[139.7961,35.9493],[139.799,35.9467],[139.7999,35.9431],[139.8024,35.9414],[139.8058,35.9466],[139.8053,35.9497],[139.8064,35.9516],[139.805,35.9544],[139.8094,35.9529],[139.8207,35.966],[139.8226,35.9642],[139.8247,35.9641],[139.8333,35.969],[139.8272,35.9714],[139.8258,35.9726],[139.8252,35.9755],[139.8263,35.9788],[139.8267,35.9831],[139.8173,35.9943],[139.8143,35.9971],[139.8147,35.9993],[139.8169,36.0024],[139.8146,36.0174],[139.8134,36.0231],[139.814,36.025],[139.8173,36.0297],[139.8173,36.0325],[139.8154,36.0368],[139.8137,36.0385],[139.8069,36.0432],[139.8047,36.038],[139.8055,36.0366],[139.8028,36.0337],[139.8012,36.0331],[139.7988,36.0368],[139.7876,36.0307],[139.7781,36.0261],[139.7804,36.0193],[139.7837,36.0174],[139.7835,36.0127],[139.7798,36.0119],[139.7808,36.0099],[139.781,36.0047],[139.7792,36.0043],[139.7772,36.0066],[139.7733,36.0071],[139.7719,36.0084],[139.7695,36.0073],[139.7688,36.005],[139.76,36.0048],[139.7575,35.9996],[139.7523,36.0006],[139.7438,36.0005],[139.7426,35.9987],[139.734,35.9978],[139.7275,35.9994],[139.7246,35.9981],[139.7226,35.9985],[139.718,36.001],[139.7161,36.0038],[139.7138,36.0048],[139.7079,35.9953]]]},"properties":{"N03_001":"埼玉県","N03_002":"","N03_003":"","N03_004":"春日部市","N03_007":"11214"}},
{"type":"Feature","geometry":{"type":"Polygon","coordinates":[[[139.4195,35.8178],[139.4246,35.819],[139.4286,35.8189],[139.4313,35.818],[139.4326,35.8215],[139.4412,35.8203],[139.4378,35.824],[139.4498,35.8306],[139.4492,35.8324],[139.4541,35.8343],[139.4535,35.836],[139.4589,35.8398],[139.4634,35.8436],[139.4663,35.8378],[139.4713,35.8378],[139.474,35.8328],[139.4783,35.8349],[139.4749,35.8393],[139.4761,35.8399],[139.4727,35.8443],[139.4717,35.8444],[139.4689,35.8481],[139.4666,35.8471],[139.4645,35.8503],[139.4663,35.8515],[139.4588,35.859],[139.4603,35.8625],[139.4658,35.8671],[139.4623,35.8728],[139.462,35.8779],[139.455,35.8712],[139.4558,35.875],[139.454,35.8762],[139.4558,35.8809],[139.4571,35.8803],[139.4608,35.8863],[139.4576,35.8871],[139.4473,35.8793],[139.4413,35.8849],[139.4377,35.8824],[139.433,35.884],[139.429,35.8885],[139.4279,35.8914],[139.4188,35.8949],[139.4161,35.898],[139.4131,35.8977],[139.4117,35.9009],[139.4082,35.8997],[139.4016,35.8957],[139.3995,35.8919],[139.3957,35.8885],[139.3881,35.8824],[139.3873,35.8804],[139.3895,35.8757],[139.3747,35.8684],[139.3735,35.8655],[139.365,35.8592],[139.3609,35.8594],[139.3622,35.8555],[139.3615,35.8536],[139.3625,35.8518],[139.3625,35.8484],[139.3641,35.8422],[139.367,35.8415],[139.3712,35.8416],[139.3728,35.8425],[139.3729,35.8449],[139.3708,35.8472],[139.3723,35.849],[139.3896,35.8526],[139.3893,35.8505],[139.3919,35.8471],[139.394,35.8417],[139.3935,35.8398],[139.3975,35.8389],[139.402,35.8388],[139.4074,35.8403],[139.4109,35.8355],[139.4132,35.8277],[139.4152,35.8258],[139.4195,35.8178]]]},"properties":{"N03_001":"埼玉県","N03_002":"","N03_003":"","N03_004":"狭山市","N03_007":"11215"}},
{"type":"Feature","geometry":{"type":"Polygon","coordinates":[[[139.4955,36.1926],[139.4955,36.1919],[139.4955,36.1917],[139.4955,36.1915],[139.4955,36.1913],[139.4955,36.1907],[139.4955,36.1905],[139.4955,36.1904],[139.4955,36.1903],[139.4955,36.19],[139.4955,36.1899],[139.4955,36.1897],[139.4956,36.1897],[139.4956,36.1895],[139.4958,36.1893],[139.496,36.1889],[139.496,36.1888],[139.4961,36.1886],[139.4963,36.188],[139.4963,36.1879],[139.4965,36.1876],[139.4965,36.1875],[139.4966,36.1873],[139.4967,36.1872],[139.4968,36.1871],[139.4969,36.187],[139.4972,36.1868],[139.4974,36.1867],[139.4976,36.1866],[139.4977,36.1865],[139.4979,36.1861],[139.4981,36.186],[139.4982,36.1859],[139.4983,36.1858],[139.4984,36.1857],[139.4984,36.1856],[139.4986,36.1855],[139.4988,36.1852],[139.499,36.1851],[139.4991,36.185],[139.4994,36.1848],[139.4997,36.1844],[139.4999,36.1843],[139.5,36.1842],[139.5002,36.184],[139.5003,36.1838],[139.5005,36.1837],[139.5006,36.1836],[139.5007,36.1835],[139.5009,36.1834],[139.5009,36.1833],[139.5011,36.1832],[139.5012,36.1831],[139.5014,36.183],[139.5015,36.1829],[139.5017,36.1827],[139.5017,36.1825],[139.5012,36.1824],[139.5008,36.1824],[139.5008,36.1823],[139.5008,36.1821],[139.5007,36.1821],[139.5005,36.182],[139.5,36.182],[139.4998,36.182],[139.4995,36.1819],[139.4994,36.1819],[139.4995,36.1812],[139.4997,36.1798],[139.4991,36.1797],[139.4988,36.1797],[139.498,36.1796],[139.4976,36.1795],[139.4974,36.1795],[139.4975,36.1795],[139.4975,36.1794],[139.4976,36.1788],[139.4977,36.1783],[139.4979,36.177],[139.4979,36.1767],[139.4978,36.1767],[139.4974,36.1767],[139.497,36.1766],[139.4968,36.1766],[139.4966,36.1766],[139.4963,36.1766],[139.496,36.1765],[139.4958,36.1765],[139.4957,36.1765],[139.4956,36.1769],[139.4954,36.1768],[139.4952,36.1768],[139.4947,36.1768],[139.4946,36.1768],[139.4945,36.1767],[139.4939,36.1767],[139.4934,36.1767],[139.4931,36.1766],[139.4929,36.1766],[139.4928,36.1766],[139.4922,36.1765],[139.492,36.1765],[139.4917,36.1765],[139.4916,36.1765],[139.4912,36.1765],[139.4911,36.1766],[139.491,36.1766],[139.4908,36.1766],[139.4906,36.1766],[139.4903,36.1767],[139.4902,36.1766],[139.49,36.1766],[139.4898,36.1766],[139.4895,36.1766],[139.4894,36.1765],[139.4891,36.1765],[139.489,36.1765],[139.4888,36.1765],[139.4887,36.1765],[139.4886,36.1764],[139.4885,36.1762],[139.4885,36.176],[139.4884,36.1758],[139.4883,36.1752],[139.4882,36.175],[139.4882,36.1749],[139.4882,36.1748],[139.4882,36.1743],[139.4882,36.1742],[139.4882,36.1741],[139.4882,36.174],[139.4881,36.1733],[139.488,36.1732],[139.488,36.1729],[139.4881,36.1729],[139.4883,36.1727],[139.4884,36.1726],[139.4885,36.1726],[139.4885,36.1725],[139.4887,36.1725],[139.4889,36.1724],[139.4891,36.1723],[139.4892,36.1723],[139.4893,36.1721],[139.4894,36.172],[139.4895,36.1719],[139.4896,36.1718],[139.4897,36.1717],[139.4898,36.1716],[139.4899,36.1715],[139.4901,36.1714],[139.4902,36.1712],[139.4903,36.171],[139.4904,36.1709],[139.4905,36.1709],[139.4909,36.1706],[139.4911,36.1705],[139.4911,36.1704],[139.4913,36.1701],[139.4914,36.17],[139.4914,36.1699],[139.4915,36.1698],[139.4916,36.1697],[139.4917,36.1696],[139.4917,36.1695],[139.4919,36.1692],[139.492,36.169],[139.4921,36.1689],[139.4925,36.1686],[139.4927,36.1685],[139.4928,36.1683],[139.493,36.168],[139.4932,36.1677],[139.4933,36.1676],[139.4934,36.1675],[139.4934,36.1673],[139.4935,36.1672],[139.4937,36.167],[139.4939,36.1669],[139.4941,36.1668],[139.4943,36.1668],[139.4945,36.1668],[139.4947,36.1667],[139.4949,36.1666],[139.4951,36.1665],[139.4951,36.1663],[139.4952,36.1661],[139.4954,36.1658],[139.4954,36.1657],[139.4954,36.1655],[139.4954,36.1653],[139.4955,36.1652],[139.4955,36.1651],[139.4956,36.1649],[139.4968,36.1632],[139.4969,36.1631],[139.497,36.163],[139.4972,36.163],[139.4974,36.163],[139.4976,36.1631],[139.4977,36.1632],[139.4977,36.1633],[139.4977,36.1634],[139.4977,36.1637],[139.4977,36.1638],[139.4976,36.164],[139.4976,36.1641],[139.4974,36.1642],[139.4974,36.1643],[139.4974,36.1644],[139.4975,36.1645],[139.4976,36.1645],[139.4976,36.1646],[139.4978,36.1645],[139.4979,36.1644],[139.498,36.1643],[139.498,36.1642],[139.498,36.1641],[139.4981,36.1641],[139.4981,36.164],[139.4981,36.1639],[139.4981,36.1638],[139.498,36.1638],[139.498,36.1637],[139.498,36.1636],[139.498,36.1634],[139.4981,36.1632],[139.4981,36.1631],[139.4981,36.163],[139.4981,36.1629],[139.4978,36.1626],[139.4977,36.1624],[139.4977,36.1623],[139.4976,36.1623],[139.4977,36.1622],[139.4978,36.1619],[139.4979,36.1616],[139.498,36.1613],[139.4981,36.161],[139.4981,36.1608],[139.4981,36.1606],[139.4981,36.1604],[139.498,36.1602],[139.498,36.1601],[139.498,36.16],[139.4981,36.1598],[139.4983,36.1596],[139.4984,36.1595],[139.4985,36.1594],[139.4986,36.1593],[139.4986,36.1591],[139.4987,36.1589],[139.4987,36.1587],[139.4986,36.1586],[139.4986,36.1585],[139.4985,36.1585],[139.4982,36.1584],[139.4981,36.1584],[139.498,36.1584],[139.4979,36.1583],[139.4979,36.1582],[139.4977,36.1577],[139.4977,36.1576],[139.4977,36.1575],[139.4976,36.1573],[139.4976,36.1572],[139.4976,36.1571],[139.4976,36.1569],[139.4976,36.1568],[139.4977,36.1566],[139.4978,36.1565],[139.4978,36.1563],[139.498,36.156],[139.4981,36.1559],[139.4981,36.1558],[139.4982,36.1557],[139.4982,36.1556],[139.4983,36.1556],[139.4984,36.1555],[139.4986,36.1555],[139.4987,36.1555],[139.4988,36.1555],[139.4991,36.1555],[139.4996,36.1556],[139.4999,36.1556],[139.5,36.1556],[139.5002,36.1557],[139.5004,36.1557],[139.5008,36.1557],[139.5021,36.1557],[139.5028,36.1557],[139.5033,36.1556],[139.5038,36.1555],[139.504,36.1555],[139.5042,36.1555],[139.5047,36.1554],[139.505,36.1553],[139.5056,36.1551],[139.506,36.155],[139.5064,36.1549],[139.5068,36.1548],[139.5073,36.1546],[139.5075,36.1545],[139.5077,36.1544],[139.5079,36.1543],[139.508,36.1543],[139.5081,36.1544],[139.5083,36.1544],[139.5089,36.1546],[139.5091,36.1546],[139.5094,36.1547],[139.5095,36.1547],[139.5099,36.1545],[139.51,36.1544],[139.5105,36.1543],[139.5109,36.1543],[139.511,36.1543],[139.5114,36.1542],[139.5115,36.1542],[139.5118,36.1542],[139.512,36.1541],[139.5122,36.154],[139.512,36.1537],[139.5122,36.1535],[139.5124,36.1534],[139.5128,36.1532],[139.5129,36.1531],[139.5131,36.1531],[139.5132,36.153],[139.5133,36.1531],[139.5134,36.1531],[139.5136,36.1532],[139.5137,36.1531],[139.5139,36.1529],[139.5141,36.1528],[139.5142,36.1527],[139.5142,36.1526],[139.5142,36.1525],[139.5143,36.1522],[139.5143,36.152],[139.5144,36.1516],[139.5144,36.1513],[139.5144,36.1507],[139.5145,36.1505],[139.5147,36.15],[139.5147,36.1499],[139.5148,36.1497],[139.5148,36.1495],[139.5148,36.1494],[139.515,36.1486],[139.5151,36.1484],[139.5151,36.1482],[139.5151,36.1476],[139.5152,36.1474],[139.5152,36.1472],[139.5152,36.1469],[139.5151,36.1468],[139.5151,36.1466],[139.5149,36.1463],[139.5146,36.1457],[139.5145,36.1455],[139.5143,36.145],[139.5142,36.1449],[139.5142,36.1448],[139.5141,36.1446],[139.5141,36.1445],[139.5141,36.1442],[139.5141,36.144],[139.5142,36.1438],[139.5142,36.1436],[139.5143,36.1432],[139.5144,36.1429],[139.5145,36.1425],[139.5148,36.1417],[139.5151,36.141],[139.5152,36.1406],[139.5159,36.1391],[139.5161,36.1387],[139.5162,36.1384],[139.5163,36.1383],[139.5163,36.1381],[139.5165,36.1381],[139.5167,36.1381],[139.5169,36.1381],[139.5171,36.138],[139.5175,36.138],[139.5181,36.138],[139.5184,36.138],[139.5185,36.1381],[139.5187,36.1382],[139.5189,36.1384],[139.5191,36.1385],[139.5194,36.1388],[139.5197,36.1388],[139.5198,36.1388],[139.52,36.1388],[139.5207,36.1389],[139.5214,36.1389],[139.5223,36.139],[139.5229,36.1389],[139.5234,36.1388],[139.5238,36.1387],[139.524,36.1386],[139.5242,36.1385],[139.5243,36.1385],[139.5244,36.1383],[139.5244,36.1382],[139.5258,36.1422],[139.5277,36.1427],[139.5338,36.1389],[139.5388,36.1373],[139.545,36.1367],[139.5493,36.1379],[139.5522,36.1371],[139.5587,36.1373],[139.5632,36.1368],[139.5735,36.1371],[139.5725,36.1389],[139.5695,36.1406],[139.5695,36.1432],[139.5728,36.143],[139.5736,36.1471],[139.5726,36.1502],[139.5832,36.1507],[139.5863,36.1505],[139.5896,36.1641],[139.5945,36.1649],[139.5964,36.1622],[139.6,36.1617],[139.6071,36.1593],[139.6092,36.1651],[139.609,36.1667],[139.6117,36.1685],[139.6131,36.1715],[139.6125,36.1734],[139.6084,36.1789],[139.6066,36.1803],[139.607,36.1825],[139.603,36.1862],[139.6046,36.1929],[139.6099,36.1968],[139.6079,36.1995],[139.6038,36.2034],[139.5981,36.2072],[139.5944,36.2089],[139.5878,36.2104],[139.583,36.2092],[139.5735,36.2042],[139.5649,36.2021],[139.5547,36.2008],[139.5485,36.1986],[139.5447,36.1966],[139.5352,36.1929],[139.5282,36.1915],[139.5212,36.1912],[139.5117,36.1929],[139.5015,36.1935],[139.4955,36.1926]]]},"properties":{"N03_001":"埼玉県","N03_002":"","N03_003":"","N03_004":"羽生市","N03_007":"11216"}},
{"type":"Feature","geometry":{"type":"Polygon","coordinates":[[[139.4318,36.1107],[139.4371,36.1074],[139.4374,36.1042],[139.4317,36.1042],[139.4304,36.103],[139.4327,36.0999],[139.4329,36.0926],[139.435,36.0879],[139.4331,36.0865],[139.4356,36.0843],[139.4376,36.0847],[139.4414,36.0831],[139.4466,36.0836],[139.4468,36.0837],[139.4469,36.0837],[139.4477,36.0839],[139.4481,36.0839],[139.4482,36.084],[139.4491,36.0841],[139.4493,36.084],[139.4494,36.084],[139.4495,36.084],[139.4497,36.084],[139.45,36.0839],[139.4503,36.0839],[139.4505,36.0838],[139.4506,36.0838],[139.4508,36.0837],[139.4509,36.0836],[139.4513,36.0834],[139.4513,36.0833],[139.4514,36.0832],[139.4519,36.0827],[139.4525,36.0819],[139.4529,36.0815],[139.4534,36.0811],[139.4539,36.0809],[139.4544,36.0806],[139.4546,36.0805],[139.4548,36.0804],[139.455,36.0803],[139.4555,36.0801],[139.4558,36.08],[139.4561,36.0798],[139.4563,36.0797],[139.4564,36.0795],[139.4565,36.0793],[139.4567,36.0789],[139.4568,36.0785],[139.4572,36.0775],[139.4576,36.0766],[139.4579,36.0762],[139.458,36.076],[139.4583,36.0755],[139.4585,36.0753],[139.4588,36.075],[139.4593,36.0745],[139.4598,36.0742],[139.4603,36.074],[139.4609,36.0738],[139.4614,36.0736],[139.462,36.0733],[139.4622,36.0732],[139.4625,36.073],[139.4634,36.0723],[139.4635,36.0723],[139.4639,36.072],[139.4649,36.0712],[139.4658,36.0706],[139.4662,36.0702],[139.4664,36.0701],[139.4666,36.0698],[139.4667,36.0696],[139.4667,36.0694],[139.4668,36.069],[139.4669,36.0683],[139.4669,36.0679],[139.4669,36.0678],[139.467,36.0675],[139.4672,36.0672],[139.4678,36.0667],[139.4684,36.0662],[139.4686,36.066],[139.4691,36.0656],[139.4697,36.0648],[139.4698,36.0648],[139.4702,36.0638],[139.4706,36.063],[139.4707,36.0628],[139.471,36.0623],[139.4712,36.0619],[139.4713,36.0618],[139.4719,36.0611],[139.4722,36.0608],[139.4723,36.0607],[139.4728,36.0604],[139.4734,36.0601],[139.4739,36.0599],[139.4745,36.0598],[139.475,36.0598],[139.4751,36.0598],[139.4759,36.0599],[139.4763,36.0599],[139.4767,36.0599],[139.4769,36.0599],[139.4774,36.0599],[139.4778,36.0599],[139.4781,36.0598],[139.4793,36.0597],[139.4805,36.0595],[139.4821,36.0592],[139.4822,36.0592],[139.4827,36.0591],[139.483,36.0591],[139.483,36.059],[139.483,36.0589],[139.4829,36.0587],[139.4829,36.0583],[139.4829,36.0581],[139.4828,36.0577],[139.4827,36.0572],[139.4827,36.0571],[139.4826,36.0566],[139.4825,36.0561],[139.4824,36.0557],[139.4824,36.0554],[139.4823,36.0549],[139.4823,36.0547],[139.4823,36.0545],[139.4824,36.0541],[139.4826,36.0538],[139.4829,36.0533],[139.4832,36.0529],[139.4833,36.0528],[139.484,36.0521],[139.4844,36.0518],[139.4847,36.0514],[139.4851,36.051],[139.4855,36.0507],[139.4857,36.0505],[139.4861,36.0504],[139.4862,36.0504],[139.4864,36.0503],[139.4866,36.0503],[139.4873,36.0502],[139.4878,36.0501],[139.4881,36.0501],[139.4884,36.05],[139.4886,36.0499],[139.4889,36.0498],[139.4893,36.0494],[139.4896,36.049],[139.4897,36.0488],[139.49,36.0484],[139.4901,36.0483],[139.4902,36.0482],[139.4904,36.0481],[139.4905,36.048],[139.4906,36.048],[139.4908,36.0478],[139.491,36.0473],[139.4912,36.0469],[139.4912,36.0468],[139.4912,36.0466],[139.4913,36.0464],[139.4912,36.046],[139.4912,36.0457],[139.4912,36.0455],[139.4911,36.0454],[139.491,36.045],[139.4907,36.0445],[139.4905,36.0443],[139.4904,36.0441],[139.49,36.0438],[139.4898,36.0436],[139.4897,36.0435],[139.4897,36.0434],[139.4894,36.043],[139.4893,36.0426],[139.4893,36.0425],[139.4893,36.042],[139.4894,36.0417],[139.4894,36.0414],[139.4896,36.041],[139.4897,36.0408],[139.49,36.0405],[139.4902,36.0403],[139.4904,36.0402],[139.4906,36.0401],[139.4909,36.0399],[139.4914,36.0397],[139.4916,36.0395],[139.4917,36.0394],[139.4917,36.0393],[139.4918,36.0392],[139.4918,36.0388],[139.4918,36.0383],[139.4918,36.0378],[139.4918,36.0376],[139.4918,36.0375],[139.4919,36.0373],[139.4919,36.0371],[139.4921,36.0369],[139.4923,36.0366],[139.4926,36.0364],[139.4928,36.0363],[139.4929,36.0362],[139.4931,36.036],[139.4934,36.0358],[139.4935,36.0358],[139.4936,36.0357],[139.4938,36.0355],[139.494,36.0353],[139.4942,36.0352],[139.4943,36.0351],[139.4948,36.0357],[139.5024,36.0339],[139.5112,36.0345],[139.5145,36.0333],[139.517,36.031],[139.5227,36.036],[139.5262,36.0332],[139.5315,36.0349],[139.5305,36.0363],[139.5229,36.0443],[139.5206,36.0476],[139.5259,36.0509],[139.5218,36.0548],[139.528,36.0566],[139.533,36.0516],[139.5345,36.0524],[139.5366,36.0504],[139.5417,36.048],[139.543,36.046],[139.5464,36.0442],[139.5474,36.0452],[139.5503,36.0443],[139.5535,36.0444],[139.5559,36.043],[139.5585,36.0432],[139.5586,36.0413],[139.5625,36.0368],[139.5643,36.0355],[139.5674,36.037],[139.5674,36.0389],[139.5704,36.0405],[139.5703,36.0417],[139.566,36.0446],[139.5622,36.0479],[139.5613,36.0535],[139.5587,36.0539],[139.5576,36.0562],[139.5596,36.0581],[139.5621,36.0556],[139.5652,36.0573],[139.5638,36.0604],[139.5646,36.062],[139.5622,36.0651],[139.5635,36.0663],[139.5596,36.0718],[139.553,36.0792],[139.5489,36.081],[139.5472,36.0787],[139.54,36.0819],[139.543,36.0862],[139.5412,36.0872],[139.5447,36.0909],[139.5485,36.0939],[139.5514,36.0934],[139.5518,36.0974],[139.554,36.1013],[139.5512,36.1007],[139.5485,36.1017],[139.5468,36.1004],[139.5446,36.1023],[139.5419,36.1001],[139.5378,36.1058],[139.5311,36.1115],[139.5306,36.1127],[139.5326,36.116],[139.5309,36.1177],[139.5306,36.118],[139.5305,36.1181],[139.5305,36.1182],[139.5305,36.1183],[139.5306,36.1185],[139.5305,36.1186],[139.5303,36.1187],[139.5298,36.1189],[139.5297,36.1189],[139.5297,36.1188],[139.5297,36.1187],[139.5296,36.1186],[139.5296,36.1185],[139.5294,36.1185],[139.5292,36.1185],[139.5291,36.1185],[139.5284,36.1183],[139.5282,36.1182],[139.5279,36.1181],[139.5277,36.118],[139.5274,36.1179],[139.5271,36.1179],[139.5269,36.1179],[139.5263,36.1181],[139.526,36.1182],[139.5257,36.1183],[139.5254,36.1184],[139.525,36.1186],[139.5246,36.1187],[139.524,36.119],[139.5236,36.1191],[139.523,36.1194],[139.5225,36.1195],[139.5219,36.1197],[139.5217,36.1198],[139.5214,36.12],[139.5213,36.12],[139.5211,36.1201],[139.5209,36.1203],[139.5208,36.1203],[139.5208,36.1204],[139.5206,36.1205],[139.5204,36.1206],[139.5204,36.1207],[139.5203,36.1208],[139.5202,36.121],[139.5201,36.1211],[139.5199,36.121],[139.5198,36.121],[139.5196,36.121],[139.5191,36.1209],[139.5188,36.1209],[139.5186,36.1209],[139.5184,36.1209],[139.5183,36.121],[139.5182,36.121],[139.5181,36.1211],[139.5179,36.1215],[139.5176,36.1217],[139.5174,36.1219],[139.5172,36.1221],[139.517,36.1222],[139.5169,36.1223],[139.5167,36.1223],[139.5165,36.1223],[139.5162,36.1223],[139.516,36.1223],[139.5157,36.1223],[139.5156,36.1224],[139.5153,36.1225],[139.5149,36.1226],[139.5146,36.1227],[139.5143,36.123],[139.514,36.1232],[139.5137,36.1233],[139.5134,36.1234],[139.5129,36.1235],[139.5127,36.1236],[139.5126,36.1236],[139.5124,36.1237],[139.5121,36.1239],[139.5118,36.124],[139.5115,36.1243],[139.5111,36.1244],[139.511,36.1245],[139.5107,36.1246],[139.5104,36.1247],[139.5098,36.1247],[139.5092,36.1247],[139.5085,36.1249],[139.5084,36.1248],[139.5083,36.1247],[139.5079,36.124],[139.5077,36.1237],[139.5076,36.1236],[139.5074,36.1236],[139.5073,36.1235],[139.507,36.1235],[139.5069,36.1234],[139.507,36.1233],[139.5071,36.123],[139.5071,36.1229],[139.5074,36.1221],[139.5076,36.1217],[139.5078,36.1214],[139.5079,36.1212],[139.5078,36.121],[139.5077,36.1205],[139.5076,36.1203],[139.5074,36.1195],[139.5072,36.119],[139.507,36.119],[139.5069,36.119],[139.5068,36.119],[139.5068,36.1189],[139.5067,36.1186],[139.5066,36.1184],[139.5064,36.1173],[139.5066,36.1171],[139.5067,36.1169],[139.5067,36.1167],[139.5065,36.1161],[139.5063,36.1156],[139.5061,36.1153],[139.5058,36.115],[139.5055,36.1148],[139.5053,36.1147],[139.5051,36.1145],[139.505,36.1144],[139.5046,36.1141],[139.5042,36.1138],[139.5041,36.1138],[139.5039,36.1136],[139.5035,36.1134],[139.5032,36.1132],[139.5027,36.113],[139.5023,36.1127],[139.5019,36.1125],[139.5018,36.1125],[139.5016,36.1124],[139.5014,36.1123],[139.5008,36.1122],[139.5006,36.1122],[139.5004,36.1121],[139.5,36.1121],[139.4996,36.1121],[139.4992,36.112],[139.4986,36.1119],[139.4984,36.1119],[139.4978,36.1118],[139.4976,36.1118],[139.4972,36.1118],[139.4971,36.1118],[139.4968,36.1117],[139.4963,36.1115],[139.4959,36.1113],[139.4954,36.1109],[139.4948,36.1105],[139.4947,36.1103],[139.4946,36.1103],[139.4947,36.1102],[139.4954,36.1097],[139.4964,36.1093],[139.4968,36.1092],[139.4973,36.109],[139.4973,36.1089],[139.4968,36.1083],[139.4966,36.1081],[139.4955,36.107],[139.4965,36.1063],[139.4967,36.1062],[139.4968,36.1062],[139.4968,36.1061],[139.4971,36.1065],[139.4976,36.1069],[139.4986,36.1063],[139.4988,36.1061],[139.4992,36.1059],[139.5,36.1054],[139.5007,36.105],[139.501,36.1047],[139.5016,36.1044],[139.5017,36.1043],[139.5025,36.1038],[139.5027,36.1037],[139.5024,36.1037],[139.5022,36.1037],[139.502,36.1036],[139.5018,36.1036],[139.5017,36.1035],[139.5017,36.1034],[139.5013,36.1031],[139.501,36.1027],[139.5007,36.1024],[139.5004,36.1021],[139.5004,36.102],[139.5,36.1015],[139.4998,36.1013],[139.4995,36.101],[139.4994,36.1009],[139.4993,36.1008],[139.4991,36.1006],[139.499,36.1005],[139.4989,36.1004],[139.4989,36.1003],[139.4988,36.1],[139.4987,36.1],[139.4985,36.0997],[139.4984,36.0995],[139.4983,36.0993],[139.4981,36.0991],[139.4979,36.0989],[139.4978,36.0987],[139.4976,36.0985],[139.4976,36.0984],[139.4975,36.0982],[139.4975,36.098],[139.4974,36.0978],[139.4974,36.0976],[139.4973,36.0974],[139.4973,36.0971],[139.4971,36.0968],[139.4968,36.0965],[139.4968,36.0964],[139.4964,36.096],[139.4961,36.0957],[139.496,36.0955],[139.496,36.0953],[139.496,36.0952],[139.4961,36.095],[139.4961,36.0948],[139.4961,36.0946],[139.4961,36.0944],[139.496,36.0942],[139.4958,36.094],[139.4957,36.0939],[139.4955,36.0937],[139.495,36.0933],[139.4942,36.0927],[139.4941,36.0926],[139.4939,36.0925],[139.494,36.0923],[139.4938,36.0922],[139.4937,36.0921],[139.4935,36.0919],[139.4935,36.0918],[139.4935,36.0917],[139.4936,36.0916],[139.4938,36.0914],[139.494,36.0913],[139.4941,36.091],[139.4941,36.0906],[139.4942,36.0904],[139.4942,36.0903],[139.494,36.0903],[139.4935,36.0902],[139.4932,36.0901],[139.4929,36.0902],[139.4927,36.0903],[139.4918,36.0907],[139.4917,36.0907],[139.4915,36.0908],[139.4914,36.0908],[139.4913,36.0908],[139.4911,36.0908],[139.4908,36.0908],[139.4906,36.0908],[139.4904,36.0908],[139.4899,36.0908],[139.4898,36.0908],[139.4895,36.0909],[139.4893,36.091],[139.4888,36.0911],[139.4884,36.0912],[139.488,36.0914],[139.4877,36.0915],[139.4875,36.0917],[139.4874,36.0918],[139.4872,36.092],[139.4868,36.0922],[139.4864,36.0924],[139.4861,36.0925],[139.4858,36.0926],[139.4856,36.0927],[139.4854,36.0929],[139.4854,36.093],[139.4853,36.0932],[139.4852,36.0938],[139.4852,36.094],[139.4851,36.0942],[139.485,36.0943],[139.485,36.0944],[139.4848,36.0947],[139.484,36.0955],[139.4833,36.0962],[139.4831,36.0964],[139.483,36.0968],[139.4829,36.097],[139.4828,36.0972],[139.4826,36.0974],[139.4825,36.0975],[139.4822,36.0976],[139.482,36.0977],[139.4817,36.0977],[139.4812,36.0977],[139.4811,36.0977],[139.4805,36.0978],[139.4805,36.0979],[139.4805,36.0981],[139.4806,36.0982],[139.4808,36.0984],[139.4811,36.0986],[139.4812,36.0988],[139.4814,36.0992],[139.4815,36.0993],[139.4816,36.0994],[139.4817,36.0996],[139.4817,36.0997],[139.4817,36.0998],[139.4817,36.1],[139.4817,36.1001],[139.4819,36.1003],[139.4826,36.1016],[139.4828,36.102],[139.4832,36.1026],[139.4833,36.103],[139.4837,36.1037],[139.4838,36.1038],[139.484,36.1041],[139.4843,36.1047],[139.4845,36.1049],[139.4845,36.105],[139.484,36.1049],[139.4833,36.1047],[139.4832,36.1047],[139.4822,36.1043],[139.4809,36.104],[139.4802,36.1038],[139.4799,36.1037],[139.4795,36.1036],[139.4792,36.1035],[139.4789,36.1041],[139.4784,36.104],[139.4783,36.104],[139.4782,36.104],[139.4781,36.1039],[139.4779,36.1039],[139.4777,36.1038],[139.4774,36.1045],[139.4773,36.1045],[139.4773,36.1046],[139.4772,36.1046],[139.4769,36.1045],[139.4762,36.1043],[139.4753,36.1041],[139.4751,36.1045],[139.475,36.1046],[139.4749,36.1047],[139.4748,36.1048],[139.4747,36.1049],[139.4746,36.105],[139.4744,36.1051],[139.4742,36.1056],[139.4738,36.1058],[139.4737,36.1059],[139.4736,36.1059],[139.4736,36.106],[139.473,36.1063],[139.4716,36.1072],[139.4711,36.1075],[139.471,36.1075],[139.4706,36.1076],[139.4701,36.1077],[139.4698,36.1079],[139.4696,36.108],[139.4691,36.1083],[139.4686,36.1087],[139.4678,36.1092],[139.4676,36.1094],[139.4674,36.1096],[139.4672,36.1097],[139.4671,36.1098],[139.467,36.1099],[139.467,36.1101],[139.467,36.1103],[139.4669,36.1104],[139.4667,36.1107],[139.4666,36.1109],[139.4665,36.1111],[139.4665,36.1113],[139.4664,36.1116],[139.4664,36.1118],[139.4663,36.1121],[139.4663,36.1123],[139.4663,36.1125],[139.4662,36.1127],[139.4661,36.1128],[139.466,36.1128],[139.4655,36.1128],[139.4648,36.1128],[139.4639,36.1128],[139.4637,36.1127],[139.4636,36.1127],[139.4632,36.1127],[139.4628,36.1136],[139.4624,36.1136],[139.4621,36.1143],[139.4619,36.1146],[139.4617,36.1145],[139.4616,36.1145],[139.4614,36.1145],[139.4613,36.1146],[139.461,36.1153],[139.4609,36.1156],[139.4607,36.1158],[139.4597,36.1158],[139.4597,36.1155],[139.4595,36.1146],[139.4594,36.114],[139.4594,36.1138],[139.459,36.1129],[139.4589,36.1126],[139.4588,36.1125],[139.4588,36.1122],[139.4587,36.1119],[139.4587,36.1118],[139.4586,36.1117],[139.4585,36.1116],[139.4584,36.1116],[139.4583,36.1117],[139.458,36.112],[139.4569,36.1124],[139.4559,36.1128],[139.4557,36.1129],[139.4552,36.1132],[139.4546,36.1136],[139.4537,36.1143],[139.4533,36.1145],[139.4527,36.1148],[139.4523,36.1151],[139.4519,36.1153],[139.4507,36.1158],[139.4504,36.116],[139.45,36.1161],[139.4496,36.1163],[139.4489,36.1167],[139.4486,36.1168],[139.4483,36.117],[139.4476,36.1174],[139.4473,36.1176],[139.4472,36.1176],[139.447,36.1174],[139.4464,36.1176],[139.4461,36.1178],[139.4457,36.118],[139.4456,36.118],[139.4454,36.1179],[139.4452,36.1177],[139.4448,36.1179],[139.4446,36.118],[139.4445,36.1179],[139.444,36.1176],[139.4434,36.1173],[139.4434,36.1171],[139.4434,36.1169],[139.4433,36.1168],[139.4432,36.1168],[139.4425,36.1167],[139.4424,36.1167],[139.442,36.1166],[139.4419,36.1165],[139.4417,36.1165],[139.4416,36.1165],[139.4414,36.1164],[139.4414,36.1166],[139.4414,36.1167],[139.4413,36.1169],[139.4413,36.117],[139.4413,36.1171],[139.4412,36.1173],[139.4412,36.1174],[139.4408,36.1173],[139.4402,36.1172],[139.4398,36.1172],[139.4396,36.1171],[139.4387,36.1169],[139.4383,36.1168],[139.4381,36.1168],[139.4379,36.1167],[139.4378,36.1166],[139.4377,36.1164],[139.4376,36.1162],[139.4378,36.1161],[139.4383,36.1158],[139.4382,36.1157],[139.4381,36.1156],[139.4378,36.1153],[139.4377,36.1151],[139.4375,36.115],[139.4374,36.1148],[139.4372,36.1145],[139.4368,36.1143],[139.4367,36.1143],[139.4365,36.1142],[139.4364,36.1141],[139.4364,36.1139],[139.4364,36.1137],[139.4362,36.1135],[139.4361,36.1133],[139.4359,36.1132],[139.436,36.113],[139.4361,36.1129],[139.436,36.1128],[139.4357,36.1128],[139.4354,36.1128],[139.4352,36.1128],[139.435,36.1128],[139.4348,36.1127],[139.4347,36.1126],[139.4346,36.1126],[139.4345,36.1125],[139.4343,36.1124],[139.4342,36.1122],[139.4341,36.1122],[139.4341,36.1121],[139.434,36.112],[139.4339,36.112],[139.4337,36.1121],[139.4336,36.1121],[139.4335,36.112],[139.4333,36.1119],[139.4331,36.1118],[139.433,36.1117],[139.4327,36.1115],[139.4325,36.1114],[139.4325,36.1113],[139.4324,36.1113],[139.4323,36.1112],[139.4322,36.1112],[139.4322,36.1111],[139.4319,36.1108],[139.4318,36.1107]]]},"properties":{"N03_001":"埼玉県","N03_002":"","N03_003":"","N03_004":"鴻巣市","N03_007":"11217"}},
{"type":"Feature","geometry":{"type":"Polygon","coordinates":[[[139.1902,36.1767],[139.1936,36.174],[139.2014,36.1712],[139.2045,36.1686],[139.2122,36.1646],[139.2205,36.159],[139.2237,36.1586],[139.2263,36.1612],[139.2327,36.157],[139.2283,36.1526],[139.2273,36.1507],[139.224,36.1514],[139.2212,36.1509],[139.213,36.1474],[139.2111,36.1447],[139.2054,36.1421],[139.198,36.1406],[139.1907,36.1385],[139.1886,36.139],[139.1856,36.1374],[139.1834,36.1377],[139.1807,36.1365],[139.1811,36.1345],[139.1867,36.1332],[139.1912,36.1345],[139.1956,36.1368],[139.2009,36.1369],[139.2075,36.1347],[139.2123,36.1322],[139.2146,36.1328],[139.2165,36.1277],[139.2162,36.1251],[139.2171,36.1215],[139.2168,36.1191],[139.2241,36.1168],[139.2299,36.1181],[139.2348,36.1184],[139.2449,36.1182],[139.2485,36.1175],[139.2534,36.1192],[139.2545,36.1157],[139.2585,36.116],[139.2658,36.1184],[139.273,36.1193],[139.2744,36.117],[139.2737,36.1154],[139.275,36.1117],[139.2735,36.1109],[139.2676,36.1098],[139.265,36.107],[139.2757,36.1062],[139.278,36.1068],[139.2845,36.1103],[139.2835,36.1072],[139.2846,36.1052],[139.2882,36.1067],[139.2916,36.1073],[139.2962,36.1094],[139.3012,36.1104],[139.301,36.1118],[139.3061,36.1116],[139.3077,36.1145],[139.3103,36.1153],[139.3113,36.117],[139.311,36.1207],[139.3124,36.1278],[139.3119,36.134],[139.3121,36.1384],[139.3077,36.1391],[139.3085,36.1419],[139.3138,36.1436],[139.3148,36.1466],[139.3135,36.1488],[139.3112,36.149],[139.3088,36.1527],[139.3052,36.1517],[139.3035,36.1537],[139.2999,36.1561],[139.2964,36.1549],[139.2943,36.1576],[139.2896,36.1606],[139.2916,36.1626],[139.2933,36.1617],[139.297,36.1656],[139.2961,36.1668],[139.3038,36.17],[139.3064,36.1718],[139.3028,36.1752],[139.3084,36.1761],[139.3125,36.1779],[139.3179,36.1742],[139.3193,36.1756],[139.3216,36.1752],[139.3261,36.1765],[139.3266,36.1781],[139.3239,36.1811],[139.3276,36.1837],[139.3329,36.1798],[139.3322,36.1853],[139.3295,36.1889],[139.3297,36.196],[139.3336,36.201],[139.333,36.2099],[139.3361,36.212],[139.3365,36.2176],[139.3345,36.22],[139.3336,36.2252],[139.335,36.2281],[139.3355,36.2327],[139.3328,36.2351],[139.3305,36.2359],[139.3279,36.2399],[139.328,36.2374],[139.3223,36.2366],[139.3151,36.2366],[139.3093,36.2374],[139.3014,36.2398],[139.297,36.2419],[139.295,36.2436],[139.2863,36.2451],[139.2777,36.248],[139.2668,36.2504],[139.2674,36.2446],[139.267,36.2426],[139.2617,36.2427],[139.2592,36.2445],[139.2539,36.2458],[139.2437,36.2445],[139.2435,36.2394],[139.2459,36.2375],[139.2476,36.2325],[139.2428,36.2281],[139.2416,36.2242],[139.2387,36.2239],[139.2334,36.2257],[139.2321,36.2233],[139.2284,36.224],[139.2295,36.2261],[139.2285,36.2288],[139.2189,36.2283],[139.2175,36.2256],[139.2169,36.2223],[139.2131,36.2233],[139.2064,36.2211],[139.204,36.2208],[139.1967,36.216],[139.195,36.2126],[139.1957,36.2103],[139.1941,36.2082],[139.1969,36.2087],[139.1969,36.1975],[139.2,36.1969],[139.2016,36.199],[139.2062,36.1994],[139.2082,36.1984],[139.2086,36.1951],[139.2067,36.1893],[139.2079,36.1871],[139.2039,36.1842],[139.1982,36.1818],[139.1971,36.1823],[139.1933,36.1805],[139.1922,36.1772],[139.1902,36.1767]]]},"properties":{"N03_001":"埼玉県","N03_002":"","N03_003":"","N03_004":"深谷市","N03_007":"11218"}},
{"type":"Feature","geometry":{"type":"MultiPolygon","coordinates":[]},"properties":{"N03_001":"埼玉県","N03_002":"","N03_003":"","N03_004":"上尾市","N03_007":"11219"}},
{"type":"Feature","geometry":{"type":"Polygon","coordinates":[[[139.8211,35.8151],[139.8185,35.8142],[139.813,35.8156],[139.8155,35.8208],[139.8207,35.8213],[139.8195,35.8248],[139.8148,35.8275],[139.8119,35.8323],[139.8116,35.8347],[139.8161,35.8351],[139.8159,35.831],[139.8215,35.8303],[139.821,35.8281],[139.8264,35.8291],[139.8261,35.832],[139.8291,35.8333],[139.8306,35.8355],[139.8307,35.8388],[139.8298,35.8426],[139.8314,35.8455],[139.8293,35.8512],[139.8287,35.8572],[139.8384,35.8581],[139.8388,35.8559],[139.8409,35.8559],[139.8398,35.8594],[139.8386,35.8646],[139.8399,35.87],[139.836,35.8693],[139.834,35.8715],[139.8316,35.8715],[139.8224,35.8704],[139.8184,35.8691],[139.8221,35.8646],[139.8201,35.8628],[139.8141,35.8607],[139.8113,35.861],[139.8096,35.8596],[139.8072,35.8559],[139.803,35.8567],[139.7998,35.8552],[139.7987,35.8573],[139.7871,35.861],[139.7813,35.8598],[139.7796,35.8587],[139.774,35.8607],[139.7714,35.8658],[139.7699,35.8663],[139.7666,35.8654],[139.7636,35.8634],[139.7651,35.8579],[139.7666,35.8561],[139.7746,35.8517],[139.7713,35.8485],[139.7756,35.8444],[139.7787,35.8422],[139.7798,35.8357],[139.7791,35.8331],[139.7828,35.8328],[139.7825,35.8312],[139.7852,35.8293],[139.7883,35.8247],[139.784,35.8243],[139.7798,35.8221],[139.7722,35.82],[139.7715,35.8185],[139.7678,35.8192],[139.7676,35.8177],[139.7718,35.8169],[139.7792,35.8082],[139.7815,35.8071],[139.7879,35.8067],[139.7924,35.8053],[139.7988,35.8062],[139.8023,35.8086],[139.8047,35.8088],[139.8133,35.8083],[139.8197,35.8118],[139.8211,35.8151]]]},"properties":{"N03_001":"埼玉県","N03_002":"","N03_003":"","N03_004":"草加市","N03_007":"11221"}},
{"type":"Feature","geometry":{"type":"Polygon","coordinates":[[[139.7519,35.9405],[139.7563,35.9359],[139.7543,35.9355],[139.7527,35.9311],[139.7482,35.9271],[139.7455,35.927],[139.7474,35.9211],[139.7451,35.9175],[139.7486,35.9146],[139.7494,35.9111],[139.7524,35.9116],[139.7545,35.9105],[139.7554,35.9047],[139.7548,35.9018],[139.7526,35.9014],[139.752,35.8994],[139.7539,35.8981],[139.7535,35.8958],[139.7496,35.8954],[139.7452,35.8937],[139.7484,35.8911],[139.7474,35.8876],[139.751,35.8813],[139.7523,35.8803],[139.7567,35.8775],[139.7612,35.8708],[139.765,35.8699],[139.7699,35.8663],[139.7714,35.8658],[139.774,35.8607],[139.7796,35.8587],[139.7813,35.8598],[139.7871,35.861],[139.7987,35.8573],[139.7998,35.8552],[139.803,35.8567],[139.8072,35.8559],[139.8096,35.8596],[139.8113,35.861],[139.8141,35.8607],[139.8201,35.8628],[139.8221,35.8646],[139.8184,35.8691],[139.8224,35.8704],[139.8316,35.8715],[139.834,35.8715],[139.836,35.8693],[139.8399,35.87],[139.8402,35.8771],[139.8381,35.8841],[139.838,35.8861],[139.84,35.892],[139.8386,35.8939],[139.8305,35.8969],[139.8286,35.898],[139.8287,35.9008],[139.8323,35.9035],[139.8363,35.9034],[139.8373,35.9061],[139.833,35.9079],[139.8277,35.9072],[139.8232,35.9086],[139.8199,35.9145],[139.8175,35.9154],[139.8075,35.9166],[139.8045,35.9203],[139.8051,35.9236],[139.8091,35.9266],[139.8149,35.928],[139.8177,35.9299],[139.8183,35.9318],[139.8143,35.9367],[139.8111,35.9394],[139.8024,35.9414],[139.7999,35.9431],[139.799,35.9467],[139.7961,35.9493],[139.787,35.9551],[139.7802,35.9575],[139.7773,35.9579],[139.7791,35.9537],[139.7761,35.9478],[139.7776,35.9439],[139.783,35.9419],[139.7792,35.9381],[139.7698,35.9378],[139.7686,35.9364],[139.7656,35.9355],[139.7598,35.9408],[139.7586,35.9445],[139.7556,35.9421],[139.7535,35.9425],[139.7519,35.9405]]]},"properties":{"N03_001":"埼玉県","N03_002":"","N03_003":"","N03_004":"越谷市","N03_007":"11222"}},
{"type":"Feature","geometry":{"type":"Polygon","coordinates":[[[139.6633,35.829],[139.6657,35.8269],[139.6654,35.8247],[139.6707,35.8221],[139.6768,35.8215],[139.6803,35.8186],[139.6856,35.8186],[139.6846,35.8165],[139.6882,35.8142],[139.6917,35.8137],[139.6935,35.8161],[139.6962,35.8164],[139.6995,35.8153],[139.7025,35.817],[139.7018,35.819],[139.7073,35.8193],[139.7075,35.8236],[139.7098,35.8263],[139.6904,35.8292],[139.6888,35.8289],[139.6818,35.8316],[139.6771,35.8327],[139.6688,35.8357],[139.668,35.8328],[139.6633,35.829]]]},"properties":{"N03_001":"埼玉県","N03_002":"","N03_003":"","N03_004":"蕨市","N03_007":"11223"}},
{"type":"Feature","geometry":{"type":"Polygon","coordinates":[[[139.6234,35.8098],[139.6256,35.8108],[139.6289,35.8109],[139.6288,35.8062],[139.6346,35.8052],[139.635,35.8084],[139.6345,35.8126],[139.636,35.8132],[139.6385,35.8107],[139.6385,35.8088],[139.6405,35.8029],[139.6441,35.8017],[139.6463,35.7979],[139.6482,35.7976],[139.6534,35.8002],[139.6578,35.8005],[139.6698,35.8002],[139.6738,35.7992],[139.6784,35.7988],[139.6878,35.8008],[139.6932,35.8004],[139.6977,35.7984],[139.6984,35.8008],[139.6952,35.8014],[139.6968,35.8058],[139.6989,35.8083],[139.6988,35.8138],[139.6995,35.8153],[139.6962,35.8164],[139.6935,35.8161],[139.6917,35.8137],[139.6882,35.8142],[139.6846,35.8165],[139.6856,35.8186],[139.6803,35.8186],[139.6768,35.8215],[139.6707,35.8221],[139.6654,35.8247],[139.6657,35.8269],[139.6633,35.829],[139.6602,35.8286],[139.6581,35.8296],[139.6538,35.8353],[139.65,35.8328],[139.6451,35.8319],[139.6455,35.8296],[139.6412,35.8306],[139.6397,35.8319],[139.6308,35.8293],[139.6243,35.8347],[139.6187,35.8291],[139.6209,35.827],[139.6225,35.824],[139.623,35.8206],[139.622,35.8135],[139.6234,35.8098]]]},"properties":{"N03_001":"埼玉県","N03_002":"","N03_003":"","N03_004":"戸田市","N03_007":"11224"}},
{"type":"Feature","geometry":{"type":"Polygon","coordinates":[[[139.3161,35.8188],[139.315,35.8143],[139.3168,35.8127],[139.3215,35.8021],[139.3222,35.7996],[139.3257,35.7952],[139.3304,35.7943],[139.3328,35.7919],[139.3349,35.7937],[139.3385,35.7946],[139.3427,35.794],[139.3467,35.7964],[139.3497,35.7949],[139.3503,35.7934],[139.3567,35.7935],[139.3598,35.7916],[139.3699,35.7917],[139.3687,35.7903],[139.3699,35.7876],[139.3678,35.787],[139.3675,35.7844],[139.3699,35.7815],[139.3736,35.7797],[139.3755,35.7805],[139.3801,35.7787],[139.3813,35.7773],[139.3815,35.7743],[139.3857,35.7752],[139.3882,35.7745],[139.3908,35.7755],[139.3937,35.7752],[139.3957,35.7783],[139.3953,35.7823],[139.3909,35.7835],[139.3886,35.7833],[139.3861,35.7864],[139.3859,35.7883],[139.3879,35.7937],[139.3893,35.7998],[139.3861,35.8056],[139.3942,35.8078],[139.3966,35.8092],[139.401,35.8092],[139.4038,35.8108],[139.406,35.8108],[139.4137,35.8139],[139.4148,35.8135],[139.4195,35.8178],[139.4152,35.8258],[139.4132,35.8277],[139.4109,35.8355],[139.4074,35.8403],[139.402,35.8388],[139.3975,35.8389],[139.3935,35.8398],[139.394,35.8417],[139.3919,35.8471],[139.3893,35.8505],[139.3896,35.8526],[139.3723,35.849],[139.3708,35.8472],[139.3729,35.8449],[139.3728,35.8425],[139.3712,35.8416],[139.367,35.8415],[139.3641,35.8422],[139.3625,35.8484],[139.3625,35.8518],[139.3615,35.8536],[139.3622,35.8555],[139.3609,35.8594],[139.358,35.862],[139.3535,35.8607],[139.3502,35.859],[139.3518,35.8526],[139.3467,35.8521],[139.3447,35.85],[139.3455,35.8457],[139.3447,35.8395],[139.3452,35.834],[139.346,35.8328],[139.3455,35.8277],[139.3383,35.828],[139.3393,35.8248],[139.3383,35.8223],[139.3351,35.8226],[139.3328,35.8258],[139.3263,35.8264],[139.3237,35.8236],[139.3213,35.8227],[139.3161,35.8188]]]},"properties":{"N03_001":"埼玉県","N03_002":"","N03_003":"","N03_004":"入間市","N03_007":"11225"}},
{"type":"Feature","geometry":{"type":"Polygon","coordinates":[[[139.5972,35.7784],[139.5982,35.783],[139.6009,35.7844],[139.6009,35.7878],[139.6029,35.7894],[139.6045,35.7928],[139.6084,35.7932],[139.61,35.7951],[139.6142,35.7969],[139.6144,35.8058],[139.6192,35.8093],[139.6213,35.808],[139.6234,35.8098],[139.622,35.8135],[139.623,35.8206],[139.6225,35.824],[139.6209,35.827],[139.6187,35.8291],[139.6171,35.8302],[139.6166,35.834],[139.6153,35.8352],[139.6128,35.8347],[139.6102,35.8318],[139.6074,35.8348],[139.6052,35.8323],[139.5981,35.8291],[139.5952,35.827],[139.5865,35.8314],[139.5841,35.8293],[139.5812,35.8293],[139.583,35.8246],[139.5813,35.8229],[139.5779,35.8229],[139.575,35.8172],[139.5743,35.8141],[139.5755,35.8116],[139.5734,35.8109],[139.5731,35.8089],[139.5757,35.8072],[139.5753,35.8034],[139.5728,35.7997],[139.5761,35.7981],[139.5802,35.7924],[139.579,35.7921],[139.5787,35.7875],[139.5816,35.786],[139.581,35.784],[139.5827,35.7814],[139.5874,35.786],[139.5904,35.7825],[139.5895,35.7803],[139.5941,35.7787],[139.5972,35.7784]]]},"properties":{"N03_001":"埼玉県","N03_002":"","N03_003":"","N03_004":"朝霞市","N03_007":"11227"}},
{"type":"Feature","geometry":{"type":"Polygon","coordinates":[[[139.5553,35.8256],[139.5577,35.8251],[139.5618,35.8203],[139.5621,35.8185],[139.573,35.8227],[139.5779,35.8229],[139.5813,35.8229],[139.583,35.8246],[139.5812,35.8293],[139.5841,35.8293],[139.5865,35.8314],[139.5952,35.827],[139.5981,35.8291],[139.6052,35.8323],[139.6074,35.8348],[139.6054,35.8391],[139.6064,35.8416],[139.6052,35.8441],[139.6001,35.845],[139.5973,35.8484],[139.5917,35.8522],[139.5888,35.8571],[139.5851,35.8605],[139.5807,35.8567],[139.5781,35.8508],[139.5783,35.8475],[139.5767,35.8448],[139.5738,35.8419],[139.5765,35.8405],[139.5799,35.8401],[139.5808,35.8373],[139.5762,35.8384],[139.5724,35.8381],[139.5709,35.8353],[139.5664,35.8323],[139.5626,35.832],[139.5553,35.8282],[139.5553,35.8256]]]},"properties":{"N03_001":"埼玉県","N03_002":"","N03_003":"","N03_004":"志木市","N03_007":"11228"}},
{"type":"Feature","geometry":{"type":"Polygon","coordinates":[[[139.5972,35.7784],[139.5969,35.7764],[139.6044,35.775],[139.5984,35.7721],[139.5986,35.7691],[139.6032,35.7709],[139.6064,35.7709],[139.6087,35.7688],[139.6102,35.7706],[139.6149,35.7709],[139.6172,35.7703],[139.6177,35.7666],[139.623,35.7669],[139.6241,35.7713],[139.6245,35.7808],[139.6277,35.7831],[139.6279,35.7847],[139.6317,35.7863],[139.6316,35.7882],[139.6342,35.7903],[139.6375,35.7908],[139.6394,35.7928],[139.6406,35.7977],[139.6463,35.7979],[139.6441,35.8017],[139.6405,35.8029],[139.6385,35.8088],[139.6385,35.8107],[139.636,35.8132],[139.6345,35.8126],[139.635,35.8084],[139.6346,35.8052],[139.6288,35.8062],[139.6289,35.8109],[139.6256,35.8108],[139.6234,35.8098],[139.6213,35.808],[139.6192,35.8093],[139.6144,35.8058],[139.6142,35.7969],[139.61,35.7951],[139.6084,35.7932],[139.6045,35.7928],[139.6029,35.7894],[139.6009,35.7878],[139.6009,35.7844],[139.5982,35.783],[139.5972,35.7784]]]},"properties":{"N03_001":"埼玉県","N03_002":"","N03_003":"","N03_004":"和光市","N03_007":"11229"}},
{"type":"Feature","geometry":{"type":"Polygon","coordinates":[[[139.5941,35.7787],[139.5895,35.7803],[139.5904,35.7825],[139.5874,35.786],[139.5827,35.7814],[139.581,35.784],[139.5816,35.786],[139.5787,35.7875],[139.579,35.7921],[139.5802,35.7924],[139.5761,35.7981],[139.5728,35.7997],[139.5753,35.8034],[139.5757,35.8072],[139.5731,35.8089],[139.5734,35.8109],[139.5755,35.8116],[139.5743,35.8141],[139.575,35.8172],[139.5779,35.8229],[139.573,35.8227],[139.5621,35.8185],[139.5618,35.8203],[139.5577,35.8251],[139.5553,35.8256],[139.554,35.8242],[139.5525,35.82],[139.5501,35.8207],[139.5478,35.8199],[139.5434,35.8212],[139.5389,35.8211],[139.5345,35.8192],[139.5377,35.8163],[139.54,35.8198],[139.542,35.8179],[139.542,35.8153],[139.5439,35.8147],[139.5455,35.8126],[139.5448,35.8105],[139.5417,35.8073],[139.5443,35.8066],[139.5472,35.8027],[139.5462,35.7992],[139.5441,35.7965],[139.5398,35.7937],[139.5376,35.7908],[139.5438,35.7882],[139.5438,35.7828],[139.543,35.7798],[139.5375,35.7769],[139.536,35.7752],[139.5322,35.7734],[139.523,35.7719],[139.5174,35.7668],[139.5214,35.7676],[139.5303,35.7683],[139.5417,35.772],[139.5466,35.7741],[139.5478,35.774],[139.547,35.768],[139.5476,35.7662],[139.5467,35.7627],[139.547,35.7603],[139.5444,35.7555],[139.5468,35.7551],[139.5472,35.7534],[139.552,35.756],[139.5552,35.7557],[139.5554,35.7577],[139.5578,35.7596],[139.5618,35.7596],[139.5636,35.7628],[139.5652,35.7619],[139.57,35.7654],[139.5746,35.7662],[139.5769,35.7681],[139.5782,35.7709],[139.5822,35.7712],[139.584,35.7748],[139.5865,35.7752],[139.5888,35.7785],[139.5934,35.7772],[139.5941,35.7787]]]},"properties":{"N03_001":"埼玉県","N03_002":"","N03_003":"","N03_004":"新座市","N03_007":"11230"}},
{"type":"Feature","geometry":{"type":"Polygon","coordinates":[[[139.5078,35.996],[139.5116,35.9916],[139.5115,35.9898],[139.5144,35.9874],[139.5144,35.9854],[139.5124,35.984],[139.5144,35.9805],[139.5183,35.9759],[139.5215,35.9785],[139.5233,35.9772],[139.5207,35.9749],[139.5236,35.9742],[139.5241,35.9725],[139.5278,35.9716],[139.5271,35.9695],[139.5229,35.968],[139.5245,35.9659],[139.528,35.9644],[139.5294,35.9626],[139.5333,35.9628],[139.5348,35.9607],[139.5349,35.9609],[139.5348,35.9612],[139.5348,35.9616],[139.5348,35.9618],[139.5348,35.962],[139.5347,35.9622],[139.5346,35.9627],[139.5346,35.963],[139.5346,35.9632],[139.5346,35.9636],[139.5346,35.9638],[139.5344,35.9639],[139.5343,35.964],[139.5342,35.9642],[139.5341,35.9642],[139.5341,35.9643],[139.534,35.9644],[139.5341,35.9645],[139.5342,35.9646],[139.5343,35.9646],[139.5344,35.9647],[139.5344,35.9648],[139.5344,35.9649],[139.5343,35.965],[139.5343,35.9651],[139.5343,35.9652],[139.5343,35.9654],[139.5343,35.9655],[139.5343,35.9656],[139.5343,35.9657],[139.5344,35.9659],[139.5345,35.966],[139.5346,35.9661],[139.5347,35.9663],[139.5347,35.9665],[139.5347,35.9666],[139.5347,35.9667],[139.5346,35.9667],[139.5345,35.9668],[139.5345,35.967],[139.5344,35.9672],[139.5344,35.9673],[139.5344,35.9674],[139.5347,35.9676],[139.5348,35.9676],[139.5349,35.9677],[139.5349,35.9679],[139.5348,35.968],[139.5348,35.9681],[139.5349,35.9682],[139.5349,35.9683],[139.535,35.9684],[139.535,35.9686],[139.535,35.9688],[139.5349,35.969],[139.5349,35.9691],[139.5348,35.9692],[139.5348,35.9694],[139.5347,35.9695],[139.5347,35.9697],[139.5346,35.9699],[139.5345,35.97],[139.5345,35.9701],[139.5345,35.9702],[139.5345,35.9703],[139.5346,35.9704],[139.5347,35.9706],[139.5349,35.9707],[139.535,35.9707],[139.5352,35.9708],[139.5353,35.9708],[139.5354,35.9708],[139.5356,35.9707],[139.5357,35.9707],[139.5358,35.9707],[139.536,35.9708],[139.5361,35.9709],[139.5363,35.9711],[139.5364,35.9713],[139.5365,35.9714],[139.5366,35.9715],[139.5366,35.9716],[139.5367,35.9717],[139.5369,35.9717],[139.5371,35.9719],[139.5373,35.972],[139.5374,35.972],[139.5377,35.9721],[139.5378,35.9722],[139.538,35.9723],[139.5381,35.9724],[139.5383,35.9726],[139.5384,35.9727],[139.5385,35.9729],[139.5385,35.9731],[139.5386,35.9732],[139.5386,35.9733],[139.5386,35.9735],[139.5386,35.9736],[139.5386,35.9738],[139.5386,35.974],[139.5387,35.9742],[139.5389,35.9744],[139.539,35.9746],[139.5391,35.9747],[139.5392,35.9748],[139.5394,35.9749],[139.5394,35.975],[139.5395,35.975],[139.5395,35.9751],[139.5398,35.9753],[139.54,35.9754],[139.5401,35.9755],[139.5404,35.9759],[139.5406,35.976],[139.5407,35.9761],[139.5408,35.9763],[139.5409,35.9764],[139.5411,35.9765],[139.5412,35.9766],[139.5414,35.9767],[139.5416,35.9768],[139.5417,35.9769],[139.5417,35.977],[139.5421,35.9775],[139.5421,35.9776],[139.5422,35.9777],[139.5423,35.9778],[139.5424,35.978],[139.5425,35.9781],[139.5425,35.9783],[139.5425,35.9784],[139.5425,35.9786],[139.5424,35.9788],[139.5422,35.979],[139.5419,35.9791],[139.5418,35.9791],[139.5417,35.9791],[139.5417,35.9792],[139.5416,35.9792],[139.5414,35.9791],[139.5413,35.9791],[139.5412,35.9791],[139.5411,35.9794],[139.5411,35.9798],[139.5411,35.98],[139.5411,35.9802],[139.5409,35.9813],[139.5409,35.9814],[139.541,35.9814],[139.5413,35.9814],[139.5412,35.9817],[139.5412,35.9818],[139.5412,35.982],[139.5412,35.9823],[139.5412,35.9826],[139.5412,35.9829],[139.5411,35.983],[139.541,35.983],[139.5409,35.9831],[139.5407,35.9831],[139.5404,35.9832],[139.5402,35.9833],[139.5401,35.9834],[139.5399,35.9835],[139.5397,35.9835],[139.5394,35.9836],[139.5391,35.9838],[139.539,35.9838],[139.5388,35.9838],[139.5386,35.9838],[139.5382,35.9839],[139.5381,35.9841],[139.5381,35.9842],[139.538,35.9844],[139.538,35.9845],[139.5379,35.9847],[139.5379,35.9849],[139.5377,35.9853],[139.5376,35.9856],[139.5376,35.9858],[139.5375,35.986],[139.5374,35.9864],[139.5374,35.9866],[139.5375,35.9867],[139.5376,35.9873],[139.5376,35.9874],[139.5378,35.988],[139.5379,35.988],[139.5379,35.9882],[139.538,35.9888],[139.5382,35.9894],[139.5382,35.9897],[139.5384,35.9903],[139.5384,35.9904],[139.5385,35.9907],[139.5387,35.9914],[139.5388,35.9917],[139.5388,35.9918],[139.539,35.9925],[139.5392,35.9925],[139.5393,35.9924],[139.5395,35.9924],[139.5396,35.9923],[139.5403,35.992],[139.5404,35.992],[139.5407,35.9919],[139.5411,35.9919],[139.5417,35.9919],[139.542,35.9919],[139.5429,35.9919],[139.5431,35.9919],[139.5433,35.992],[139.5434,35.9921],[139.5436,35.9921],[139.5439,35.9921],[139.5441,35.9921],[139.5448,35.9921],[139.5449,35.9921],[139.5458,35.9921],[139.5463,35.9921],[139.5465,35.9921],[139.5467,35.9921],[139.5468,35.9921],[139.5469,35.9921],[139.5472,35.992],[139.5477,35.992],[139.5478,35.992],[139.5481,35.9919],[139.5484,35.9919],[139.5488,35.9919],[139.5489,35.9919],[139.55,35.9917],[139.5503,35.9917],[139.5504,35.9917],[139.551,35.9916],[139.5516,35.9915],[139.5517,35.9915],[139.5519,35.9914],[139.5522,35.9914],[139.5531,35.9912],[139.5536,35.9912],[139.5537,35.9912],[139.5538,35.9912],[139.5539,35.9912],[139.5543,35.9912],[139.5547,35.9913],[139.5551,35.9913],[139.5552,35.9914],[139.5555,35.9913],[139.5557,35.9913],[139.5559,35.9914],[139.5561,35.9913],[139.5561,35.9915],[139.5561,35.9916],[139.5563,35.9916],[139.5564,35.9914],[139.5565,35.9913],[139.5568,35.9913],[139.5575,35.9912],[139.558,35.9911],[139.5583,35.991],[139.5585,35.991],[139.5587,35.9909],[139.559,35.9909],[139.559,35.991],[139.5591,35.991],[139.5592,35.9913],[139.5593,35.9917],[139.5596,35.9916],[139.5597,35.9917],[139.5598,35.9919],[139.5598,35.992],[139.5596,35.9922],[139.5594,35.9923],[139.559,35.9921],[139.559,35.9922],[139.5591,35.9925],[139.559,35.9926],[139.5588,35.9927],[139.5587,35.9928],[139.5588,35.9929],[139.559,35.9931],[139.5595,35.9933],[139.5593,35.9938],[139.5593,35.9939],[139.5593,35.994],[139.5593,35.9941],[139.5592,35.9943],[139.5596,35.9946],[139.5598,35.9947],[139.5599,35.9945],[139.5598,35.9944],[139.5598,35.9942],[139.5597,35.9942],[139.5596,35.994],[139.5597,35.994],[139.5598,35.994],[139.56,35.994],[139.5601,35.994],[139.5605,35.9942],[139.5608,35.9943],[139.5609,35.9944],[139.5611,35.9944],[139.5612,35.9945],[139.5613,35.9946],[139.5613,35.9948],[139.5613,35.995],[139.5614,35.995],[139.5617,35.9951],[139.5618,35.9951],[139.562,35.995],[139.5622,35.9949],[139.5624,35.9948],[139.5625,35.9947],[139.5626,35.9947],[139.5627,35.9947],[139.5629,35.9947],[139.5632,35.9944],[139.5633,35.9943],[139.5634,35.9942],[139.5636,35.9941],[139.5637,35.9941],[139.5639,35.994],[139.5641,35.9938],[139.5643,35.9936],[139.5644,35.9936],[139.5645,35.9935],[139.5647,35.9934],[139.5649,35.9933],[139.565,35.9932],[139.5651,35.9931],[139.565,35.993],[139.565,35.9929],[139.5651,35.9928],[139.5655,35.9924],[139.5655,35.9923],[139.5655,35.9919],[139.5653,35.9918],[139.5653,35.9917],[139.5652,35.9916],[139.565,35.9915],[139.565,35.9914],[139.5653,35.9912],[139.5649,35.9909],[139.5648,35.9909],[139.5648,35.9908],[139.5649,35.9907],[139.565,35.9907],[139.5652,35.9904],[139.5651,35.9903],[139.5647,35.9901],[139.5649,35.9899],[139.5648,35.9898],[139.5646,35.9897],[139.5641,35.9894],[139.5641,35.9892],[139.5642,35.9892],[139.5642,35.989],[139.5641,35.989],[139.564,35.9889],[139.564,35.9887],[139.564,35.9886],[139.564,35.9884],[139.5639,35.9882],[139.5639,35.988],[139.5639,35.9879],[139.564,35.9879],[139.5641,35.9878],[139.5645,35.9877],[139.5645,35.9876],[139.5646,35.9876],[139.5648,35.9875],[139.565,35.9874],[139.5651,35.9874],[139.5652,35.9873],[139.5653,35.9873],[139.5654,35.9872],[139.5656,35.9874],[139.5658,35.9876],[139.5659,35.9877],[139.566,35.9878],[139.5661,35.9879],[139.5663,35.988],[139.5664,35.988],[139.5667,35.9881],[139.5668,35.9881],[139.5669,35.9881],[139.5671,35.988],[139.5674,35.988],[139.5675,35.9879],[139.5679,35.9876],[139.5681,35.9878],[139.5685,35.9881],[139.5687,35.9883],[139.5688,35.9884],[139.5689,35.9884],[139.5691,35.9883],[139.5693,35.9883],[139.5694,35.9882],[139.5698,35.9883],[139.5699,35.9883],[139.57,35.9883],[139.5701,35.9883],[139.5702,35.9883],[139.5706,35.9882],[139.5708,35.9882],[139.5709,35.9881],[139.5711,35.988],[139.5713,35.988],[139.5714,35.9879],[139.5715,35.9879],[139.5716,35.9879],[139.5718,35.9879],[139.5719,35.9879],[139.5721,35.9878],[139.5724,35.9876],[139.5725,35.9876],[139.5728,35.9875],[139.573,35.9874],[139.5732,35.9873],[139.5734,35.9872],[139.5736,35.9871],[139.5738,35.987],[139.5739,35.987],[139.574,35.9869],[139.5743,35.9866],[139.5743,35.9867],[139.5745,35.9865],[139.575,35.9869],[139.5751,35.987],[139.5753,35.987],[139.5753,35.9871],[139.5754,35.9871],[139.5756,35.9873],[139.5759,35.9875],[139.5759,35.9876],[139.5757,35.9878],[139.5757,35.9879],[139.5759,35.988],[139.576,35.988],[139.5761,35.988],[139.5762,35.9879],[139.5763,35.9878],[139.5764,35.9878],[139.5766,35.988],[139.5766,35.9881],[139.5768,35.9882],[139.5767,35.9883],[139.5766,35.9884],[139.5765,35.9885],[139.5764,35.9885],[139.5763,35.9885],[139.5762,35.9886],[139.5762,35.9887],[139.5762,35.9888],[139.5762,35.989],[139.5761,35.9891],[139.5761,35.9892],[139.576,35.9892],[139.5758,35.9893],[139.5756,35.9894],[139.5755,35.9895],[139.5753,35.9897],[139.5751,35.9898],[139.575,35.9899],[139.5749,35.9899],[139.5747,35.9901],[139.5746,35.9901],[139.5744,35.9902],[139.5741,35.9904],[139.574,35.9905],[139.5737,35.9906],[139.5735,35.9907],[139.5734,35.9909],[139.573,35.9912],[139.5729,35.9912],[139.5728,35.9913],[139.5727,35.9914],[139.5727,35.9915],[139.5725,35.9916],[139.5725,35.9917],[139.5724,35.9917],[139.5722,35.9918],[139.572,35.9921],[139.5719,35.9922],[139.5718,35.9923],[139.5717,35.9924],[139.5716,35.9925],[139.5715,35.9926],[139.5714,35.9926],[139.5714,35.9927],[139.5713,35.9927],[139.5713,35.9928],[139.5712,35.9929],[139.5711,35.9929],[139.571,35.993],[139.5709,35.9931],[139.5708,35.9932],[139.571,35.9933],[139.5712,35.9933],[139.5713,35.9934],[139.5715,35.9935],[139.5716,35.9935],[139.5716,35.9936],[139.5717,35.9937],[139.5714,35.994],[139.5713,35.994],[139.5712,35.9941],[139.5711,35.9941],[139.5709,35.9943],[139.5707,35.9946],[139.5709,35.9947],[139.571,35.9949],[139.5714,35.9951],[139.5715,35.9952],[139.5717,35.9953],[139.5717,35.9954],[139.5715,35.9956],[139.5715,35.9958],[139.5718,35.9959],[139.5719,35.9959],[139.5722,35.996],[139.5724,35.9962],[139.5726,35.9963],[139.5728,35.9961],[139.573,35.9962],[139.5732,35.9963],[139.5731,35.9964],[139.5726,35.9969],[139.5726,35.997],[139.5725,35.997],[139.5726,35.997],[139.5727,35.9971],[139.573,35.9973],[139.5734,35.9975],[139.5735,35.9975],[139.5738,35.9977],[139.5739,35.9977],[139.5739,35.9978],[139.5737,35.998],[139.5736,35.9981],[139.5735,35.9983],[139.5734,35.9984],[139.5731,35.9988],[139.573,35.999],[139.573,35.9992],[139.573,35.9994],[139.5731,35.9997],[139.5733,35.9998],[139.5734,35.9999],[139.5733,36],[139.5732,36.0001],[139.5729,36.0005],[139.5726,36.0009],[139.572,36.0017],[139.5719,36.0019],[139.5717,36.0021],[139.5713,36.0026],[139.5711,36.0029],[139.571,36.003],[139.5709,36.003],[139.5708,36.0029],[139.5707,36.0032],[139.5699,36.0042],[139.5698,36.0044],[139.5697,36.0044],[139.5696,36.0045],[139.5693,36.0043],[139.5692,36.0044],[139.5692,36.0045],[139.5691,36.0046],[139.5691,36.0047],[139.5694,36.0049],[139.5695,36.005],[139.5697,36.0051],[139.5698,36.0049],[139.57,36.005],[139.5701,36.0051],[139.5701,36.005],[139.5704,36.0051],[139.5706,36.0052],[139.5704,36.0055],[139.5706,36.0056],[139.5708,36.0056],[139.5709,36.0054],[139.5711,36.0055],[139.5713,36.0056],[139.5715,36.0057],[139.5717,36.0057],[139.5718,36.0056],[139.5718,36.0055],[139.5719,36.0053],[139.5722,36.0055],[139.5723,36.0054],[139.5725,36.0054],[139.5729,36.0056],[139.5734,36.0059],[139.5735,36.0059],[139.5736,36.006],[139.5732,36.0067],[139.5735,36.0068],[139.5733,36.0071],[139.5732,36.0071],[139.573,36.0075],[139.5729,36.0076],[139.5731,36.0077],[139.5735,36.0079],[139.5738,36.008],[139.5737,36.0081],[139.5736,36.0082],[139.5736,36.0083],[139.5736,36.0085],[139.5736,36.0086],[139.5735,36.0087],[139.5734,36.0087],[139.5732,36.0088],[139.5727,36.0091],[139.5726,36.0091],[139.5724,36.0094],[139.5724,36.0097],[139.5726,36.0098],[139.5731,36.0098],[139.5736,36.0096],[139.5739,36.0096],[139.5741,36.0095],[139.5745,36.0093],[139.575,36.0092],[139.5758,36.009],[139.5759,36.009],[139.5763,36.0089],[139.5766,36.0089],[139.5769,36.0088],[139.5773,36.0087],[139.5777,36.0088],[139.5778,36.0088],[139.5779,36.0089],[139.578,36.0089],[139.5783,36.009],[139.5785,36.009],[139.5787,36.009],[139.5789,36.0091],[139.5791,36.0091],[139.5793,36.0091],[139.5798,36.0093],[139.5804,36.0094],[139.5811,36.0095],[139.5814,36.0095],[139.5821,36.0096],[139.5827,36.0097],[139.5832,36.0096],[139.5833,36.0096],[139.5836,36.0096],[139.5839,36.0097],[139.5843,36.0097],[139.5845,36.0095],[139.5848,36.0092],[139.5851,36.0087],[139.5853,36.0088],[139.5855,36.0087],[139.5858,36.0085],[139.5862,36.0083],[139.5863,36.0083],[139.5863,36.0082],[139.5864,36.0082],[139.5866,36.008],[139.5867,36.0079],[139.5867,36.0077],[139.587,36.0075],[139.5873,36.0072],[139.5876,36.007],[139.5879,36.0069],[139.5881,36.0068],[139.5882,36.0068],[139.5885,36.0066],[139.589,36.0065],[139.5894,36.0069],[139.5896,36.0073],[139.5897,36.0075],[139.5898,36.0075],[139.5902,36.0074],[139.5905,36.0075],[139.5907,36.0076],[139.5907,36.008],[139.5907,36.0082],[139.5907,36.0083],[139.5908,36.0085],[139.5908,36.0086],[139.5908,36.0087],[139.5925,36.0114],[139.5924,36.0174],[139.5961,36.0232],[139.5941,36.0248],[139.5956,36.0272],[139.5882,36.0289],[139.5787,36.0315],[139.5753,36.0338],[139.5736,36.0332],[139.5708,36.0356],[139.5704,36.0405],[139.5674,36.0389],[139.5674,36.037],[139.5643,36.0355],[139.5611,36.032],[139.5564,36.0292],[139.5584,36.0266],[139.5579,36.0232],[139.5597,36.0224],[139.5592,36.0184],[139.5528,36.0146],[139.556,36.0101],[139.5517,36.0052],[139.5486,36.009],[139.546,36.011],[139.5387,36.0131],[139.5337,36.0123],[139.5294,36.0127],[139.5232,36.0118],[139.5197,36.009],[139.5182,36.0053],[139.5121,36.0009],[139.5104,36.002],[139.5062,36.0005],[139.5078,35.9979],[139.5078,35.996]]]},"properties":{"N03_001":"埼玉県","N03_002":"","N03_003":"","N03_004":"桶川市","N03_007":"11231"}},
{"type":"Feature","geometry":{"type":"Polygon","coordinates":[[[139.5596,36.0718],[139.5635,36.0663],[139.5622,36.0651],[139.5646,36.062],[139.5638,36.0604],[139.5652,36.0573],[139.5621,36.0556],[139.5596,36.0581],[139.5576,36.0562],[139.5587,36.0539],[139.5613,36.0535],[139.5622,36.0479],[139.566,36.0446],[139.5703,36.0417],[139.5704,36.0405],[139.5708,36.0356],[139.5736,36.0332],[139.5753,36.0338],[139.5787,36.0315],[139.5882,36.0289],[139.5924,36.0311],[139.5946,36.0339],[139.5993,36.0349],[139.6003,36.0363],[139.6042,36.0368],[139.604,36.038],[139.6073,36.04],[139.6077,36.0422],[139.6064,36.0454],[139.6105,36.0466],[139.6141,36.0495],[139.6202,36.0447],[139.6224,36.0448],[139.6238,36.0465],[139.6261,36.0436],[139.6299,36.0425],[139.6342,36.042],[139.6391,36.0404],[139.6439,36.0396],[139.6442,36.0372],[139.6482,36.0348],[139.6521,36.0354],[139.6515,36.0381],[139.6567,36.039],[139.6607,36.0403],[139.6558,36.0459],[139.6593,36.0488],[139.6717,36.0442],[139.6718,36.0415],[139.6783,36.0449],[139.6812,36.0447],[139.6837,36.0421],[139.6875,36.0436],[139.689,36.0452],[139.6869,36.0483],[139.6846,36.0576],[139.6914,36.0569],[139.6993,36.0556],[139.6989,36.0578],[139.7029,36.0624],[139.7094,36.0692],[139.7097,36.0714],[139.7083,36.0745],[139.7051,36.0776],[139.7019,36.0784],[139.6967,36.077],[139.6927,36.0806],[139.6912,36.0843],[139.6921,36.0866],[139.6952,36.0862],[139.6931,36.0907],[139.6975,36.0938],[139.7001,36.098],[139.7037,36.097],[139.7057,36.0974],[139.7114,36.1012],[139.7133,36.1013],[139.7178,36.0988],[139.7202,36.101],[139.7206,36.1081],[139.7234,36.1084],[139.7271,36.1075],[139.7264,36.1125],[139.722,36.1182],[139.7136,36.1262],[139.7107,36.1329],[139.7101,36.1359],[139.7054,36.1425],[139.703,36.1451],[139.6959,36.1426],[139.6846,36.1368],[139.683,36.1339],[139.6854,36.1266],[139.6848,36.1236],[139.6822,36.1232],[139.6788,36.1244],[139.6763,36.1218],[139.6742,36.122],[139.6678,36.1201],[139.6643,36.1166],[139.6648,36.1117],[139.6675,36.1091],[139.6683,36.107],[139.6633,36.1075],[139.6598,36.1067],[139.6555,36.1035],[139.6537,36.1039],[139.6456,36.1037],[139.6444,36.101],[139.6458,36.0977],[139.6431,36.0947],[139.6439,36.0929],[139.6397,36.0871],[139.6375,36.0881],[139.6339,36.0868],[139.6309,36.0822],[139.6334,36.0819],[139.6327,36.0792],[139.6281,36.0798],[139.6227,36.0819],[139.614,36.0833],[139.6111,36.0854],[139.6054,36.0876],[139.6036,36.0871],[139.6014,36.0814],[139.5982,36.0785],[139.5933,36.0728],[139.5909,36.0736],[139.5863,36.0777],[139.5845,36.0779],[139.5818,36.0753],[139.5846,36.0744],[139.5823,36.0724],[139.5806,36.0734],[139.5762,36.0714],[139.5709,36.0716],[139.5682,36.0729],[139.5655,36.0714],[139.5596,36.0718]]]},"properties":{"N03_001":"埼玉県","N03_002":"","N03_003":"","N03_004":"久喜市","N03_007":"11232"}},
{"type":"Feature","geometry":{"type":"Polygon","coordinates":[[[139.5078,35.996],[139.5078,35.9979],[139.5062,36.0005],[139.5104,36.002],[139.5121,36.0009],[139.5182,36.0053],[139.5197,36.009],[139.5232,36.0118],[139.5294,36.0127],[139.5337,36.0123],[139.5387,36.0131],[139.546,36.011],[139.5486,36.009],[139.5517,36.0052],[139.556,36.0101],[139.5528,36.0146],[139.5592,36.0184],[139.5597,36.0224],[139.5579,36.0232],[139.5584,36.0266],[139.5564,36.0292],[139.5611,36.032],[139.5643,36.0355],[139.5625,36.0368],[139.5586,36.0413],[139.5585,36.0432],[139.5559,36.043],[139.5535,36.0444],[139.5503,36.0443],[139.5474,36.0452],[139.5464,36.0442],[139.543,36.046],[139.5417,36.048],[139.5366,36.0504],[139.5345,36.0524],[139.533,36.0516],[139.528,36.0566],[139.5218,36.0548],[139.5259,36.0509],[139.5206,36.0476],[139.5229,36.0443],[139.5305,36.0363],[139.5315,36.0349],[139.5262,36.0332],[139.5227,36.036],[139.517,36.031],[139.5145,36.0333],[139.5112,36.0345],[139.5024,36.0339],[139.4948,36.0357],[139.4943,36.0351],[139.4947,36.0345],[139.4948,36.0343],[139.495,36.0338],[139.4953,36.0333],[139.4953,36.0332],[139.4955,36.033],[139.4959,36.0326],[139.4968,36.032],[139.4973,36.0317],[139.4977,36.0315],[139.4982,36.0312],[139.4983,36.0311],[139.4986,36.0309],[139.4989,36.0306],[139.4991,36.0304],[139.4994,36.0302],[139.4997,36.0297],[139.4999,36.0295],[139.5,36.0294],[139.5002,36.0292],[139.5006,36.029],[139.501,36.0288],[139.5016,36.0285],[139.502,36.0283],[139.5024,36.0282],[139.5028,36.0281],[139.5032,36.0281],[139.5035,36.028],[139.5039,36.0279],[139.5048,36.0276],[139.505,36.0275],[139.505,36.0274],[139.5049,36.0272],[139.5049,36.0269],[139.5049,36.0262],[139.5049,36.0257],[139.5049,36.0251],[139.5048,36.025],[139.5046,36.0246],[139.5042,36.0238],[139.5042,36.0237],[139.5036,36.0231],[139.5031,36.0226],[139.5028,36.0223],[139.5023,36.0218],[139.5019,36.0213],[139.5016,36.0209],[139.5014,36.0206],[139.5013,36.0205],[139.5012,36.0205],[139.5003,36.0201],[139.5,36.0199],[139.4999,36.0198],[139.4998,36.0197],[139.4993,36.0193],[139.4988,36.0189],[139.4986,36.0185],[139.4985,36.0182],[139.4984,36.0177],[139.4984,36.0171],[139.4984,36.0167],[139.4984,36.0163],[139.4983,36.0158],[139.4984,36.0154],[139.4985,36.0151],[139.4986,36.0148],[139.499,36.0142],[139.4992,36.0139],[139.4996,36.0136],[139.5045,36.012],[139.5034,36.0085],[139.5038,36.0054],[139.5004,36.0019],[139.5025,35.9991],[139.5025,35.9959],[139.5078,35.996]]]},"properties":{"N03_001":"埼玉県","N03_002":"","N03_003":"","N03_004":"北本市","N03_007":"11233"}},
{"type":"Feature","geometry":{"type":"Polygon","coordinates":[[[139.8588,35.7944],[139.8556,35.8019],[139.8558,35.8044],[139.8645,35.8095],[139.8671,35.8115],[139.8693,35.8172],[139.8693,35.8192],[139.8674,35.8219],[139.8649,35.8232],[139.8571,35.8234],[139.8511,35.8254],[139.8474,35.8283],[139.8462,35.8305],[139.8448,35.8357],[139.8442,35.842],[139.8416,35.8485],[139.8409,35.8559],[139.8388,35.8559],[139.8384,35.8581],[139.8287,35.8572],[139.8293,35.8512],[139.8314,35.8455],[139.8298,35.8426],[139.8307,35.8388],[139.8306,35.8355],[139.8291,35.8333],[139.8261,35.832],[139.8264,35.8291],[139.821,35.8281],[139.8215,35.8303],[139.8159,35.831],[139.8161,35.8351],[139.8116,35.8347],[139.8119,35.8323],[139.8148,35.8275],[139.8195,35.8248],[139.8207,35.8213],[139.8155,35.8208],[139.813,35.8156],[139.8185,35.8142],[139.8211,35.8151],[139.8234,35.8142],[139.8249,35.8119],[139.8208,35.8055],[139.8196,35.7996],[139.8205,35.7975],[139.8261,35.7934],[139.8328,35.7957],[139.8366,35.8002],[139.838,35.8008],[139.8434,35.7998],[139.8466,35.7967],[139.8526,35.7922],[139.8565,35.791],[139.8588,35.7944]]]},"properties":{"N03_001":"埼玉県","N03_002":"","N03_003":"","N03_004":"八潮市","N03_007":"11234"}},
{"type":"Feature","geometry":{"type":"Polygon","coordinates":[[[139.5553,35.8282],[139.5626,35.832],[139.5664,35.8323],[139.5709,35.8353],[139.5724,35.8381],[139.5762,35.8384],[139.5808,35.8373],[139.5799,35.8401],[139.5765,35.8405],[139.5738,35.8419],[139.5767,35.8448],[139.5783,35.8475],[139.5781,35.8508],[139.5807,35.8567],[139.5851,35.8605],[139.5798,35.863],[139.5786,35.8645],[139.5765,35.8715],[139.5714,35.8722],[139.5639,35.8719],[139.5589,35.8741],[139.5579,35.8758],[139.5604,35.8787],[139.5596,35.8805],[139.5514,35.8833],[139.5495,35.8872],[139.547,35.8875],[139.5441,35.8856],[139.5436,35.8823],[139.5471,35.8811],[139.5499,35.8777],[139.5492,35.8753],[139.5511,35.8718],[139.5497,35.8694],[139.5419,35.8689],[139.5409,35.8678],[139.5329,35.8679],[139.5186,35.8637],[139.5179,35.8628],[139.5181,35.8581],[139.5117,35.8559],[139.5134,35.8548],[139.519,35.8576],[139.5254,35.8597],[139.5322,35.8635],[139.535,35.8631],[139.5333,35.8589],[139.5275,35.855],[139.5278,35.8494],[139.5297,35.8499],[139.5293,35.8453],[139.5353,35.8412],[139.5367,35.8419],[139.5405,35.8355],[139.5463,35.8346],[139.5489,35.8327],[139.5488,35.8286],[139.5553,35.8282]]]},"properties":{"N03_001":"埼玉県","N03_002":"","N03_003":"","N03_004":"富士見市","N03_007":"11235"}},
{"type":"Feature","geometry":{"type":"Polygon","coordinates":[[[139.8409,35.8559],[139.8416,35.8485],[139.8442,35.842],[139.8448,35.8357],[139.8462,35.8305],[139.8474,35.8283],[139.8511,35.8254],[139.8571,35.8234],[139.8649,35.8232],[139.8674,35.8219],[139.8693,35.8192],[139.8693,35.8172],[139.8671,35.8115],[139.8645,35.8095],[139.8558,35.8044],[139.8556,35.8019],[139.8588,35.7944],[139.8599,35.7953],[139.8638,35.7948],[139.8677,35.7967],[139.8708,35.7973],[139.8747,35.7965],[139.8766,35.7938],[139.876,35.7922],[139.8733,35.7904],[139.8716,35.788],[139.8713,35.7856],[139.8745,35.7818],[139.8772,35.7812],[139.8872,35.784],[139.8938,35.7827],[139.8908,35.7902],[139.8887,35.7935],[139.8885,35.7965],[139.8908,35.8006],[139.8888,35.8075],[139.8904,35.8109],[139.8915,35.8193],[139.889,35.8218],[139.888,35.8243],[139.8889,35.8274],[139.8885,35.8312],[139.8898,35.8364],[139.8895,35.8411],[139.89,35.844],[139.8932,35.8497],[139.8961,35.8529],[139.898,35.8594],[139.9003,35.8642],[139.8992,35.8669],[139.8916,35.8655],[139.889,35.8668],[139.8856,35.867],[139.8783,35.8657],[139.8736,35.8681],[139.8681,35.8671],[139.8632,35.8668],[139.8637,35.8646],[139.8398,35.8594],[139.8409,35.8559]]]},"properties":{"N03_001":"埼玉県","N03_002":"","N03_003":"","N03_004":"三郷市","N03_007":"11237"}},
{"type":"Feature","geometry":{"type":"Polygon","coordinates":[[[139.5956,36.0272],[139.6042,36.0236],[139.6116,36.0212],[139.6158,36.0178],[139.6185,36.0121],[139.6223,36.0093],[139.6276,36.0087],[139.6336,36.0072],[139.6351,36.0062],[139.6369,35.9985],[139.6386,35.9969],[139.6448,35.9937],[139.6457,35.9901],[139.6438,35.9877],[139.6431,35.9844],[139.6442,35.9804],[139.6444,35.9766],[139.6436,35.9756],[139.6422,35.9697],[139.6423,35.9697],[139.6428,35.9691],[139.6429,35.969],[139.6429,35.9688],[139.6429,35.9687],[139.6429,35.9686],[139.6429,35.9685],[139.6428,35.9682],[139.6427,35.9679],[139.6426,35.9676],[139.6426,35.9674],[139.6425,35.9674],[139.6426,35.9673],[139.6426,35.9672],[139.6426,35.9671],[139.6427,35.967],[139.6428,35.9668],[139.6429,35.9667],[139.6431,35.9665],[139.6432,35.9664],[139.6436,35.9662],[139.6438,35.9662],[139.644,35.9661],[139.6442,35.966],[139.6443,35.9659],[139.6444,35.9659],[139.6445,35.9659],[139.6447,35.966],[139.6449,35.966],[139.645,35.966],[139.6453,35.9659],[139.6454,35.9659],[139.6455,35.9658],[139.6456,35.9656],[139.6456,35.9654],[139.6455,35.9652],[139.6454,35.9651],[139.6454,35.965],[139.6455,35.9649],[139.6456,35.9647],[139.6456,35.9646],[139.6456,35.9645],[139.6452,35.9637],[139.6453,35.9637],[139.6454,35.9637],[139.6457,35.9638],[139.646,35.9638],[139.6463,35.9638],[139.6464,35.9638],[139.6465,35.9638],[139.6466,35.964],[139.6467,35.9641],[139.6468,35.9641],[139.6469,35.964],[139.6472,35.9639],[139.6475,35.9638],[139.6476,35.9638],[139.6478,35.9637],[139.6481,35.9637],[139.6482,35.9637],[139.6482,35.9636],[139.6482,35.9635],[139.6481,35.9634],[139.6479,35.9631],[139.6478,35.9629],[139.6477,35.9628],[139.6475,35.9628],[139.6471,35.9628],[139.6477,35.9625],[139.6484,35.9622],[139.6485,35.9622],[139.6486,35.9622],[139.6489,35.9622],[139.6508,35.9633],[139.6579,35.9639],[139.6577,35.9658],[139.6544,35.9651],[139.6535,35.9681],[139.6547,35.9697],[139.6575,35.9708],[139.6607,35.9733],[139.6647,35.9729],[139.6661,35.9756],[139.6721,35.9742],[139.6737,35.9761],[139.6767,35.9742],[139.6843,35.9756],[139.6872,35.9756],[139.6936,35.9744],[139.6931,35.9758],[139.6874,35.9773],[139.6875,35.9799],[139.6956,35.9911],[139.692,35.999],[139.687,36.0041],[139.6817,36.0004],[139.6786,36.0012],[139.6758,35.9991],[139.6728,36.0011],[139.6692,36.0046],[139.6645,36.0073],[139.662,36.012],[139.6555,36.0098],[139.6538,36.0119],[139.6505,36.0104],[139.6494,36.014],[139.6502,36.021],[139.649,36.0265],[139.6507,36.0286],[139.6486,36.0313],[139.6451,36.0308],[139.6401,36.0324],[139.6345,36.0311],[139.6319,36.0312],[139.6263,36.0277],[139.6215,36.0307],[139.6128,36.0327],[139.6042,36.0368],[139.6003,36.0363],[139.5993,36.0349],[139.5946,36.0339],[139.5924,36.0311],[139.5882,36.0289],[139.5956,36.0272]]]},"properties":{"N03_001":"埼玉県","N03_002":"","N03_003":"","N03_004":"蓮田市","N03_007":"11238"}},
{"type":"Feature","geometry":{"type":"Polygon","coordinates":[[[139.3489,35.9688],[139.3509,35.9676],[139.3497,35.9637],[139.3527,35.965],[139.3533,35.9612],[139.3556,35.9572],[139.3587,35.9582],[139.3612,35.9546],[139.3583,35.9525],[139.3582,35.9501],[139.3601,35.9476],[139.3589,35.9466],[139.3548,35.9466],[139.3504,35.9437],[139.3475,35.941],[139.3522,35.9392],[139.3539,35.9369],[139.3503,35.936],[139.3485,35.9343],[139.3491,35.9303],[139.3456,35.9302],[139.3433,35.9313],[139.342,35.9337],[139.3358,35.9345],[139.334,35.9359],[139.3311,35.9361],[139.3272,35.935],[139.3271,35.9322],[139.324,35.9289],[139.3275,35.9231],[139.3305,35.9206],[139.3333,35.9197],[139.3414,35.9204],[139.3447,35.9219],[139.3472,35.9254],[139.3524,35.9282],[139.3597,35.9335],[139.366,35.9386],[139.3722,35.945],[139.3775,35.9424],[139.3819,35.9493],[139.3802,35.9509],[139.3883,35.9514],[139.3919,35.9533],[139.3954,35.9529],[139.398,35.9535],[139.3978,35.9495],[139.3997,35.9481],[139.402,35.9492],[139.4096,35.9492],[139.4126,35.952],[139.4103,35.9537],[139.4147,35.9576],[139.4174,35.9587],[139.4215,35.9558],[139.4244,35.9584],[139.4256,35.9574],[139.4311,35.9589],[139.4331,35.9585],[139.4368,35.9596],[139.4392,35.9585],[139.4436,35.9585],[139.442,35.9563],[139.4421,35.9539],[139.4331,35.9518],[139.4347,35.9451],[139.4507,35.9483],[139.4555,35.9515],[139.4554,35.9529],[139.4597,35.9539],[139.4627,35.9581],[139.4677,35.9601],[139.4642,35.9631],[139.4633,35.9663],[139.4609,35.9677],[139.4614,35.9712],[139.4603,35.9736],[139.4575,35.9727],[139.4549,35.9762],[139.4542,35.9801],[139.4503,35.9792],[139.4448,35.9809],[139.4402,35.9842],[139.4409,35.9872],[139.4375,35.9872],[139.4353,35.9907],[139.4338,35.996],[139.4302,35.998],[139.4223,35.9938],[139.4201,35.9942],[139.4138,35.991],[139.4117,35.9906],[139.4071,35.9882],[139.4044,35.9854],[139.3995,35.9851],[139.3947,35.9842],[139.3932,35.9847],[139.3895,35.9836],[139.3867,35.9847],[139.3846,35.9826],[139.3794,35.9816],[139.3768,35.9792],[139.374,35.9793],[139.3667,35.9768],[139.3629,35.9779],[139.3624,35.9767],[139.3586,35.9766],[139.3531,35.972],[139.3498,35.9713],[139.3489,35.9688]]]},"properties":{"N03_001":"埼玉県","N03_002":"","N03_003":"","N03_004":"坂戸市","N03_007":"11239"}},
{"type":"Feature","geometry":{"type":"Polygon","coordinates":[[[139.7271,36.1075],[139.7234,36.1084],[139.7206,36.1081],[139.7202,36.101],[139.7178,36.0988],[139.7133,36.1013],[139.7114,36.1012],[139.7057,36.0974],[139.7037,36.097],[139.7001,36.098],[139.6975,36.0938],[139.6931,36.0907],[139.6952,36.0862],[139.6921,36.0866],[139.6912,36.0843],[139.6927,36.0806],[139.6967,36.077],[139.7019,36.0784],[139.7051,36.0776],[139.7083,36.0745],[139.7097,36.0714],[139.7094,36.0692],[139.7029,36.0624],[139.7096,36.0592],[139.709,36.0584],[139.7166,36.0518],[139.7196,36.0535],[139.7223,36.0522],[139.7245,36.0536],[139.7254,36.0483],[139.7277,36.0471],[139.7275,36.0454],[139.7302,36.0448],[139.7314,36.0462],[139.7347,36.0443],[139.7336,36.043],[139.7398,36.0405],[139.7412,36.0449],[139.745,36.0449],[139.7477,36.0503],[139.7454,36.0523],[139.7464,36.0552],[139.7496,36.0546],[139.7531,36.055],[139.7596,36.0512],[139.7626,36.0484],[139.7667,36.0432],[139.7696,36.0422],[139.772,36.0428],[139.7749,36.0386],[139.7802,36.0449],[139.779,36.0459],[139.7793,36.0499],[139.7806,36.0508],[139.781,36.0565],[139.7851,36.0555],[139.7886,36.0577],[139.7876,36.061],[139.7895,36.0618],[139.7876,36.0649],[139.7833,36.0695],[139.7824,36.0713],[139.7822,36.0752],[139.7806,36.0776],[139.7799,36.0828],[139.7773,36.0876],[139.7762,36.0908],[139.7731,36.0889],[139.7721,36.0865],[139.7719,36.0822],[139.7682,36.0806],[139.7658,36.0804],[139.7565,36.0826],[139.7503,36.0857],[139.7468,36.0871],[139.7404,36.087],[139.7364,36.0864],[139.7318,36.0865],[139.7283,36.0901],[139.7281,36.0965],[139.7271,36.1075]]]},"properties":{"N03_001":"埼玉県","N03_002":"","N03_003":"","N03_004":"幸手市","N03_007":"11240"}},
{"type":"Feature","geometry":{"type":"Polygon","coordinates":[[[139.3795,35.9199],[139.3806,35.9223],[139.385,35.9214],[139.385,35.9173],[139.3874,35.9146],[139.3892,35.9142],[139.3956,35.9163],[139.4024,35.9191],[139.4046,35.9212],[139.4119,35.924],[139.416,35.9228],[139.4205,35.9247],[139.418,35.9264],[139.4193,35.9276],[139.4162,35.9303],[139.4231,35.9371],[139.4288,35.9402],[139.4268,35.9441],[139.426,35.9484],[139.421,35.9527],[139.4228,35.9544],[139.4215,35.9558],[139.4174,35.9587],[139.4147,35.9576],[139.4103,35.9537],[139.4126,35.952],[139.4096,35.9492],[139.402,35.9492],[139.3997,35.9481],[139.3978,35.9495],[139.398,35.9535],[139.3954,35.9529],[139.3919,35.9533],[139.3883,35.9514],[139.3802,35.9509],[139.3819,35.9493],[139.3775,35.9424],[139.3722,35.945],[139.366,35.9386],[139.3597,35.9335],[139.3524,35.9282],[139.3525,35.9247],[139.3562,35.9245],[139.3574,35.9233],[139.3605,35.9239],[139.3642,35.9269],[139.3665,35.9278],[139.3717,35.9257],[139.3715,35.9244],[139.3795,35.9199]]]},"properties":{"N03_001":"埼玉県","N03_002":"","N03_003":"","N03_004":"鶴ヶ島市","N03_007":"11241"}},
{"type":"Feature","geometry":{"type":"Polygon","coordinates":[[[139.2772,35.9006],[139.2795,35.8968],[139.2792,35.8906],[139.2804,35.8886],[139.2791,35.8875],[139.2792,35.8826],[139.2814,35.8815],[139.2768,35.8783],[139.2754,35.8747],[139.2776,35.8727],[139.2807,35.8732],[139.2823,35.8699],[139.289,35.8719],[139.291,35.8682],[139.2961,35.8685],[139.3003,35.871],[139.302,35.8705],[139.3068,35.8717],[139.3075,35.8731],[139.3159,35.8728],[139.3166,35.8758],[139.3182,35.8779],[139.3229,35.8789],[139.3276,35.8825],[139.3304,35.8816],[139.3347,35.8784],[139.3462,35.8806],[139.3498,35.8803],[139.3541,35.8773],[139.358,35.878],[139.3627,35.8804],[139.3653,35.8845],[139.3679,35.8825],[139.3678,35.8811],[139.3701,35.8784],[139.3645,35.873],[139.3688,35.8709],[139.3737,35.8703],[139.3747,35.8684],[139.3895,35.8757],[139.3873,35.8804],[139.3881,35.8824],[139.3957,35.8885],[139.3995,35.8919],[139.4016,35.8957],[139.3982,35.8935],[139.3969,35.8994],[139.3944,35.9014],[139.3934,35.9041],[139.3938,35.9066],[139.3926,35.9082],[139.3895,35.9079],[139.3844,35.9085],[139.3847,35.9106],[139.3832,35.9159],[139.3819,35.9182],[139.3795,35.9199],[139.3715,35.9244],[139.3717,35.9257],[139.3665,35.9278],[139.3642,35.9269],[139.3605,35.9239],[139.3574,35.9233],[139.3562,35.9245],[139.3525,35.9247],[139.3524,35.9282],[139.3472,35.9254],[139.3447,35.9219],[139.3414,35.9204],[139.3333,35.9197],[139.3305,35.9206],[139.3275,35.9231],[139.323,35.9224],[139.3223,35.9197],[139.319,35.9197],[139.3138,35.9165],[139.3096,35.9155],[139.3086,35.9123],[139.3084,35.9087],[139.3065,35.9091],[139.3009,35.9059],[139.298,35.9069],[139.2956,35.904],[139.2925,35.9038],[139.2899,35.9025],[139.2878,35.9036],[139.2844,35.9013],[139.2772,35.9006]]]},"properties":{"N03_001":"埼玉県","N03_002":"","N03_003":"","N03_004":"日高市","N03_007":"11242"}},
{"type":"Feature","geometry":{"type":"Polygon","coordinates":[[[139.8373,35.9061],[139.8363,35.9034],[139.8323,35.9035],[139.8287,35.9008],[139.8286,35.898],[139.8305,35.8969],[139.8386,35.8939],[139.84,35.892],[139.838,35.8861],[139.8381,35.8841],[139.8402,35.8771],[139.8399,35.87],[139.8386,35.8646],[139.8398,35.8594],[139.8637,35.8646],[139.8632,35.8668],[139.8681,35.8671],[139.8736,35.8681],[139.8783,35.8657],[139.8856,35.867],[139.889,35.8668],[139.8916,35.8655],[139.8992,35.8669],[139.897,35.8728],[139.8949,35.8766],[139.8931,35.8854],[139.8899,35.8926],[139.8831,35.9019],[139.8802,35.9046],[139.8765,35.911],[139.8719,35.9159],[139.8674,35.9255],[139.8654,35.9283],[139.8609,35.9325],[139.8493,35.9383],[139.8451,35.9359],[139.8431,35.9362],[139.8398,35.9389],[139.835,35.9387],[139.8329,35.9398],[139.8303,35.9396],[139.8358,35.9345],[139.8397,35.9333],[139.8395,35.9289],[139.8371,35.927],[139.8361,35.9188],[139.8361,35.9153],[139.8408,35.918],[139.8432,35.9153],[139.8434,35.9129],[139.847,35.9127],[139.847,35.911],[139.8418,35.9079],[139.8373,35.9061]]]},"properties":{"N03_001":"埼玉県","N03_002":"","N03_003":"","N03_004":"吉川市","N03_007":"11243"}},
{"type":"Feature","geometry":{"type":"Polygon","coordinates":[[[139.5471,35.8811],[139.543,35.8807],[139.5419,35.8781],[139.5373,35.8797],[139.5331,35.8797],[139.5281,35.8812],[139.5242,35.8846],[139.5233,35.8868],[139.5247,35.8896],[139.5242,35.8923],[139.5207,35.8905],[139.5187,35.8905],[139.5144,35.8881],[139.5151,35.8854],[139.5137,35.8839],[139.5153,35.8817],[139.511,35.8798],[139.5052,35.8744],[139.4982,35.8672],[139.4941,35.8653],[139.4956,35.8644],[139.493,35.8623],[139.4899,35.8621],[139.489,35.8599],[139.4835,35.8578],[139.4809,35.8577],[139.4746,35.8552],[139.4771,35.851],[139.4892,35.8553],[139.4922,35.8527],[139.485,35.8495],[139.484,35.8469],[139.4871,35.842],[139.4891,35.8433],[139.4891,35.846],[139.4908,35.8492],[139.4973,35.8496],[139.5039,35.8486],[139.5096,35.85],[139.5104,35.8488],[139.5105,35.8443],[139.5135,35.8465],[139.5162,35.846],[139.5182,35.8444],[139.5216,35.8433],[139.5234,35.844],[139.5246,35.8469],[139.5278,35.8494],[139.5275,35.855],[139.5333,35.8589],[139.535,35.8631],[139.5322,35.8635],[139.5254,35.8597],[139.519,35.8576],[139.5134,35.8548],[139.5117,35.8559],[139.5181,35.8581],[139.5179,35.8628],[139.5186,35.8637],[139.5329,35.8679],[139.5409,35.8678],[139.5419,35.8689],[139.5497,35.8694],[139.5511,35.8718],[139.5492,35.8753],[139.5499,35.8777],[139.5471,35.8811]]]},"properties":{"N03_001":"埼玉県","N03_002":"","N03_003":"","N03_004":"ふじみ野市","N03_007":"11245"}},
{"type":"Feature","geometry":{"type":"Polygon","coordinates":[[[139.6042,36.0368],[139.6128,36.0327],[139.6215,36.0307],[139.6263,36.0277],[139.6319,36.0312],[139.6345,36.0311],[139.6401,36.0324],[139.6451,36.0308],[139.6486,36.0313],[139.6507,36.0286],[139.649,36.0265],[139.6502,36.021],[139.6494,36.014],[139.6505,36.0104],[139.6538,36.0119],[139.6555,36.0098],[139.662,36.012],[139.6645,36.0073],[139.6692,36.0046],[139.6728,36.0011],[139.6758,35.9991],[139.6786,36.0012],[139.6817,36.0004],[139.687,36.0041],[139.692,35.999],[139.692,36.0012],[139.6956,36.0027],[139.6995,35.998],[139.7024,35.998],[139.7079,35.9953],[139.7138,36.0048],[139.7113,36.0055],[139.7106,36.0073],[139.7054,36.012],[139.7038,36.0145],[139.7082,36.0158],[139.7097,36.0195],[139.7059,36.0231],[139.7045,36.0258],[139.699,36.0278],[139.6899,36.0284],[139.6884,36.0299],[139.6877,36.0331],[139.6852,36.0347],[139.6858,36.0382],[139.6825,36.0407],[139.6837,36.0421],[139.6812,36.0447],[139.6783,36.0449],[139.6718,36.0415],[139.6717,36.0442],[139.6593,36.0488],[139.6558,36.0459],[139.6607,36.0403],[139.6567,36.039],[139.6515,36.0381],[139.6521,36.0354],[139.6482,36.0348],[139.6442,36.0372],[139.6439,36.0396],[139.6391,36.0404],[139.6342,36.042],[139.6299,36.0425],[139.6261,36.0436],[139.6238,36.0465],[139.6224,36.0448],[139.6202,36.0447],[139.6141,36.0495],[139.6105,36.0466],[139.6064,36.0454],[139.6077,36.0422],[139.6073,36.04],[139.604,36.038],[139.6042,36.0368]]]},"properties":{"N03_001":"埼玉県","N03_002":"","N03_003":"","N03_004":"白岡市","N03_007":"11246"}},
{"type":"Feature","geometry":{"type":"Polygon","coordinates":[[[139.5908,36.0087],[139.5909,36.0087],[139.591,36.0087],[139.5913,36.0087],[139.5917,36.0085],[139.592,36.0084],[139.592,36.0083],[139.5922,36.0082],[139.5923,36.0081],[139.5928,36.0077],[139.5932,36.0074],[139.5933,36.0072],[139.5937,36.0068],[139.5941,36.0065],[139.5943,36.0067],[139.5946,36.0067],[139.595,36.0064],[139.5953,36.0061],[139.5955,36.0061],[139.5961,36.0065],[139.5962,36.0066],[139.5963,36.0066],[139.5965,36.0068],[139.5967,36.0065],[139.5968,36.0064],[139.5969,36.0063],[139.597,36.0062],[139.5973,36.0061],[139.5981,36.0057],[139.599,36.0054],[139.5994,36.0052],[139.5995,36.0052],[139.5998,36.0051],[139.6,36.005],[139.601,36.0047],[139.6018,36.0044],[139.6025,36.0041],[139.6026,36.0041],[139.6027,36.004],[139.6033,36.0038],[139.6037,36.0036],[139.6041,36.0032],[139.6041,36.0031],[139.6046,36.0029],[139.6049,36.0027],[139.605,36.0026],[139.6048,36.0023],[139.6047,36.0021],[139.6046,36.0019],[139.6046,36.0018],[139.6045,36.0016],[139.6044,36.0014],[139.6043,36.0011],[139.6043,36.001],[139.6043,36.0008],[139.6042,36.0005],[139.6042,36.0004],[139.6041,36.0003],[139.6041,36.0001],[139.6041,36],[139.6041,35.9998],[139.6041,35.9996],[139.6041,35.9993],[139.604,35.9992],[139.604,35.999],[139.6039,35.9989],[139.6039,35.9988],[139.6038,35.9986],[139.6038,35.9985],[139.6037,35.9984],[139.6037,35.9982],[139.6037,35.9981],[139.6036,35.998],[139.6034,35.9979],[139.6033,35.9978],[139.6034,35.9977],[139.6036,35.9976],[139.6037,35.9975],[139.6039,35.9973],[139.604,35.9972],[139.6041,35.997],[139.6043,35.9969],[139.6044,35.9967],[139.6044,35.9965],[139.6045,35.9963],[139.6046,35.996],[139.6047,35.9959],[139.6047,35.9958],[139.6048,35.9957],[139.6049,35.9956],[139.605,35.9954],[139.605,35.9953],[139.605,35.995],[139.605,35.9948],[139.6051,35.9946],[139.6051,35.9945],[139.6052,35.9944],[139.6054,35.9943],[139.6055,35.9943],[139.6056,35.9942],[139.6058,35.9941],[139.606,35.994],[139.6061,35.994],[139.6063,35.9939],[139.6064,35.9938],[139.6066,35.9936],[139.6066,35.9935],[139.6067,35.9935],[139.6068,35.9934],[139.6069,35.9934],[139.607,35.9934],[139.6071,35.9934],[139.6072,35.9933],[139.6075,35.9932],[139.6079,35.9931],[139.608,35.993],[139.6081,35.9929],[139.6082,35.9928],[139.6083,35.9927],[139.6083,35.9925],[139.6084,35.9924],[139.6085,35.9922],[139.6085,35.9921],[139.6087,35.9917],[139.6088,35.9917],[139.6088,35.9916],[139.609,35.9915],[139.6091,35.9913],[139.6093,35.9912],[139.6099,35.9908],[139.61,35.9907],[139.6102,35.9906],[139.6104,35.9905],[139.6105,35.9904],[139.6106,35.9903],[139.6108,35.9903],[139.6109,35.9902],[139.611,35.9901],[139.6112,35.99],[139.6113,35.99],[139.6115,35.9899],[139.6116,35.9899],[139.6117,35.9898],[139.6118,35.9898],[139.6119,35.9897],[139.6121,35.9895],[139.6123,35.9894],[139.6126,35.9891],[139.6128,35.9889],[139.6129,35.9888],[139.613,35.9887],[139.6131,35.9885],[139.6133,35.9883],[139.6134,35.9882],[139.6135,35.988],[139.6135,35.9878],[139.6136,35.9877],[139.6136,35.9875],[139.6136,35.9874],[139.6136,35.9872],[139.6135,35.9871],[139.6135,35.9869],[139.6135,35.9867],[139.6136,35.9864],[139.6137,35.9862],[139.6137,35.986],[139.6136,35.9857],[139.6136,35.9856],[139.6137,35.9855],[139.6138,35.9853],[139.6139,35.9852],[139.614,35.9851],[139.6141,35.9849],[139.6142,35.9847],[139.6143,35.9847],[139.6144,35.9846],[139.6145,35.9845],[139.6146,35.9843],[139.6147,35.9842],[139.6147,35.984],[139.6148,35.9839],[139.6149,35.9838],[139.615,35.9837],[139.6151,35.9836],[139.6151,35.9835],[139.6152,35.9834],[139.6153,35.9834],[139.6154,35.9833],[139.6155,35.9833],[139.6156,35.9832],[139.6158,35.9831],[139.6159,35.983],[139.616,35.9829],[139.6162,35.9827],[139.6163,35.9827],[139.6165,35.9825],[139.6167,35.9824],[139.6168,35.9823],[139.6169,35.9822],[139.617,35.9821],[139.6171,35.9818],[139.6171,35.9817],[139.6172,35.9816],[139.6173,35.9814],[139.6174,35.9813],[139.6174,35.9812],[139.6175,35.9811],[139.6176,35.981],[139.6178,35.9809],[139.6179,35.9809],[139.618,35.9808],[139.6181,35.9807],[139.6182,35.9806],[139.6183,35.9805],[139.6184,35.9804],[139.6185,35.9802],[139.6187,35.9801],[139.6188,35.98],[139.6188,35.9798],[139.6189,35.9796],[139.6189,35.9795],[139.6191,35.9793],[139.6192,35.9791],[139.6192,35.9789],[139.6193,35.9787],[139.6194,35.9785],[139.6195,35.9783],[139.6196,35.9783],[139.6197,35.9782],[139.6198,35.9781],[139.62,35.978],[139.6201,35.9778],[139.6203,35.9776],[139.6205,35.9775],[139.6206,35.9773],[139.6207,35.9772],[139.6209,35.9771],[139.6212,35.9769],[139.6214,35.9768],[139.6218,35.9766],[139.6223,35.9764],[139.6228,35.9763],[139.6233,35.9762],[139.6234,35.9761],[139.6236,35.9759],[139.6238,35.9757],[139.624,35.9755],[139.6241,35.9754],[139.6242,35.9753],[139.6243,35.9753],[139.6245,35.975],[139.6246,35.975],[139.6247,35.975],[139.6248,35.9749],[139.625,35.9749],[139.6251,35.9748],[139.6252,35.9747],[139.6253,35.9747],[139.6255,35.9746],[139.6255,35.9745],[139.6257,35.9744],[139.6261,35.9741],[139.6263,35.9739],[139.6267,35.9737],[139.627,35.9736],[139.6273,35.9735],[139.6277,35.9734],[139.6284,35.9733],[139.6287,35.9733],[139.6288,35.9733],[139.629,35.9733],[139.6292,35.9733],[139.6297,35.9733],[139.63,35.9734],[139.6304,35.9734],[139.6309,35.9733],[139.631,35.9733],[139.6313,35.9733],[139.6315,35.9732],[139.6317,35.973],[139.6319,35.9729],[139.6321,35.9728],[139.6321,35.9727],[139.6321,35.9724],[139.6333,35.9712],[139.6334,35.9712],[139.6338,35.9708],[139.6339,35.9707],[139.634,35.9707],[139.6344,35.9708],[139.6345,35.9708],[139.6346,35.9708],[139.6348,35.9707],[139.635,35.9707],[139.6353,35.9707],[139.6355,35.9707],[139.6356,35.9707],[139.6357,35.9707],[139.6358,35.9708],[139.6359,35.9708],[139.6365,35.9711],[139.6371,35.9714],[139.6372,35.9714],[139.6374,35.9715],[139.6374,35.9716],[139.6375,35.9716],[139.6376,35.9716],[139.6379,35.9716],[139.6381,35.9716],[139.6385,35.9715],[139.6386,35.9715],[139.639,35.9714],[139.6397,35.9712],[139.6403,35.971],[139.6406,35.9709],[139.6409,35.9708],[139.6411,35.9707],[139.6412,35.9706],[139.6413,35.9706],[139.6414,35.9705],[139.6416,35.9704],[139.6417,35.9703],[139.6418,35.9701],[139.6421,35.9699],[139.6422,35.9697],[139.6436,35.9756],[139.6444,35.9766],[139.6442,35.9804],[139.6431,35.9844],[139.6438,35.9877],[139.6457,35.9901],[139.6448,35.9937],[139.6386,35.9969],[139.6369,35.9985],[139.6351,36.0062],[139.6336,36.0072],[139.6276,36.0087],[139.6223,36.0093],[139.6185,36.0121],[139.6158,36.0178],[139.6116,36.0212],[139.6042,36.0236],[139.5956,36.0272],[139.5941,36.0248],[139.5961,36.0232],[139.5924,36.0174],[139.5925,36.0114],[139.5908,36.0087]]]},"properties":{"N03_001":"埼玉県","N03_002":"","N03_003":"北足立郡","N03_004":"伊奈町","N03_007":"11301"}},
{"type":"Feature","geometry":{"type":"Polygon","coordinates":[[[139.4779,35.8376],[139.48,35.8351],[139.4824,35.8387],[139.4871,35.8341],[139.4878,35.8327],[139.4973,35.8221],[139.5032,35.8143],[139.5079,35.8152],[139.5155,35.8177],[139.5206,35.8221],[139.5222,35.8212],[139.529,35.8241],[139.5323,35.825],[139.5332,35.8207],[139.5345,35.8192],[139.5389,35.8211],[139.5434,35.8212],[139.5478,35.8199],[139.5501,35.8207],[139.5525,35.82],[139.554,35.8242],[139.5553,35.8256],[139.5553,35.8282],[139.5488,35.8286],[139.5489,35.8327],[139.5463,35.8346],[139.5405,35.8355],[139.5367,35.8419],[139.5353,35.8412],[139.5293,35.8453],[139.5297,35.8499],[139.5278,35.8494],[139.5246,35.8469],[139.5234,35.844],[139.5216,35.8433],[139.5182,35.8444],[139.5162,35.846],[139.5135,35.8465],[139.5105,35.8443],[139.5104,35.8488],[139.5096,35.85],[139.5039,35.8486],[139.4973,35.8496],[139.4908,35.8492],[139.4891,35.846],[139.4891,35.8433],[139.4871,35.842],[139.4841,35.8403],[139.4819,35.8401],[139.4779,35.8376]]]},"properties":{"N03_001":"埼玉県","N03_002":"","N03_003":"入間郡","N03_004":"三芳町","N03_007":"11324"}},
{"type":"Feature","geometry":{"type":"Polygon","coordinates":[[[139.2772,35.9006],[139.2844,35.9013],[139.2878,35.9036],[139.2899,35.9025],[139.2925,35.9038],[139.2956,35.904],[139.298,35.9069],[139.3009,35.9059],[139.3065,35.9091],[139.3084,35.9087],[139.3086,35.9123],[139.3096,35.9155],[139.3138,35.9165],[139.319,35.9197],[139.3223,35.9197],[139.323,35.9224],[139.3275,35.9231],[139.324,35.9289],[139.3271,35.9322],[139.3272,35.935],[139.3311,35.9361],[139.334,35.9359],[139.3358,35.9345],[139.342,35.9337],[139.3433,35.9313],[139.3456,35.9302],[139.3491,35.9303],[139.3485,35.9343],[139.3503,35.936],[139.3539,35.9369],[139.3522,35.9392],[139.3475,35.941],[139.3504,35.9437],[139.3548,35.9466],[139.3589,35.9466],[139.3601,35.9476],[139.3582,35.9501],[139.3583,35.9525],[139.3612,35.9546],[139.3587,35.9582],[139.3556,35.9572],[139.3533,35.9612],[139.3527,35.965],[139.3497,35.9637],[139.3509,35.9676],[139.3489,35.9688],[139.3482,35.967],[139.3441,35.9677],[139.3402,35.9645],[139.3394,35.9623],[139.3346,35.9619],[139.3299,35.9629],[139.3266,35.9623],[139.3253,35.9641],[139.3214,35.9656],[139.3161,35.9639],[139.3154,35.9627],[139.3174,35.9574],[139.3136,35.9565],[139.3134,35.9551],[139.3102,35.9501],[139.3074,35.95],[139.3016,35.9464],[139.3003,35.9449],[139.2894,35.9472],[139.2883,35.9489],[139.2836,35.9504],[139.2757,35.9513],[139.2741,35.9483],[139.275,35.9469],[139.2708,35.9437],[139.2689,35.9408],[139.2652,35.9401],[139.2614,35.9339],[139.2621,35.9309],[139.2655,35.9294],[139.265,35.9267],[139.2633,35.9242],[139.2679,35.9198],[139.267,35.9179],[139.2706,35.9142],[139.2731,35.9129],[139.2705,35.9076],[139.2699,35.905],[139.2706,35.9018],[139.2772,35.9006]]]},"properties":{"N03_001":"埼玉県","N03_002":"","N03_003":"入間郡","N03_004":"毛呂山町","N03_007":"11326"}},
{"type":"Feature","geometry":{"type":"Polygon","coordinates":[[[139.2129,35.9564],[139.2125,35.9552],[139.2148,35.9527],[139.2169,35.9519],[139.2182,35.9491],[139.2206,35.9487],[139.2236,35.9462],[139.2281,35.9457],[139.2286,35.9439],[139.2316,35.9412],[139.2347,35.9401],[139.2338,35.937],[139.2366,35.9346],[139.2369,35.9302],[139.2432,35.9283],[139.2482,35.9252],[139.2478,35.9229],[139.2534,35.9221],[139.2549,35.9243],[139.2572,35.9244],[139.2605,35.9232],[139.2633,35.9242],[139.265,35.9267],[139.2655,35.9294],[139.2621,35.9309],[139.2614,35.9339],[139.2652,35.9401],[139.2689,35.9408],[139.2708,35.9437],[139.275,35.9469],[139.2741,35.9483],[139.2757,35.9513],[139.2836,35.9504],[139.2883,35.9489],[139.2894,35.9472],[139.3003,35.9449],[139.3016,35.9464],[139.3074,35.95],[139.3102,35.9501],[139.3134,35.9551],[139.3136,35.9565],[139.3174,35.9574],[139.3154,35.9627],[139.3161,35.9639],[139.3214,35.9656],[139.3176,35.9685],[139.3168,35.9702],[139.3139,35.9716],[139.3121,35.9744],[139.3092,35.9762],[139.3087,35.9786],[139.3013,35.9853],[139.2944,35.9874],[139.2882,35.9913],[139.2825,35.9919],[139.2801,35.9934],[139.2797,35.9893],[139.2787,35.9884],[139.2749,35.9881],[139.2717,35.9849],[139.2664,35.9865],[139.2599,35.9864],[139.2556,35.9847],[139.2519,35.9859],[139.2507,35.9827],[139.2468,35.9818],[139.2455,35.9786],[139.2441,35.9789],[139.2342,35.9744],[139.2306,35.9745],[139.2267,35.9714],[139.2238,35.9682],[139.2205,35.9661],[139.2187,35.9617],[139.2193,35.9589],[139.2164,35.9584],[139.2129,35.9564]]]},"properties":{"N03_001":"埼玉県","N03_002":"","N03_003":"入間郡","N03_004":"越生町","N03_007":"11327"}},
{"type":"Feature","geometry":{"type":"Polygon","coordinates":[[[139.3311,36.0413],[139.3398,36.0408],[139.3463,36.0398],[139.3551,36.0375],[139.3572,36.041],[139.3679,36.0366],[139.3706,36.0398],[139.3722,36.0391],[139.3742,36.042],[139.3827,36.041],[139.3857,36.0413],[139.3821,36.0497],[139.3837,36.0493],[139.3848,36.0525],[139.382,36.0553],[139.3815,36.0597],[139.3786,36.064],[139.378,36.0669],[139.3788,36.0689],[139.377,36.0725],[139.379,36.0766],[139.3768,36.081],[139.3766,36.0841],[139.3804,36.0873],[139.3821,36.0911],[139.3863,36.0975],[139.3872,36.1018],[139.386,36.1013],[139.3815,36.0958],[139.3759,36.0993],[139.3752,36.1006],[139.3708,36.0994],[139.3584,36.1005],[139.3521,36.103],[139.349,36.1038],[139.3439,36.1036],[139.3445,36.1001],[139.3422,36.0968],[139.3428,36.0935],[139.3422,36.09],[139.3353,36.0887],[139.3349,36.0914],[139.3317,36.0906],[139.3302,36.0921],[139.3313,36.0959],[139.3285,36.0971],[139.3275,36.0989],[139.3229,36.0951],[139.3209,36.0906],[139.3232,36.0864],[139.3269,36.0852],[139.3314,36.0818],[139.331,36.079],[139.3274,36.0725],[139.3246,36.07],[139.326,36.0669],[139.3313,36.0641],[139.3332,36.0646],[139.3367,36.0622],[139.3341,36.0599],[139.3368,36.058],[139.3336,36.0537],[139.3352,36.0522],[139.3389,36.0518],[139.3432,36.0536],[139.3443,36.0525],[139.341,36.0482],[139.3345,36.0453],[139.3298,36.0445],[139.3296,36.0424],[139.3311,36.0413]]]},"properties":{"N03_001":"埼玉県","N03_002":"","N03_003":"比企郡","N03_004":"滑川町","N03_007":"11341"}},
{"type":"Feature","geometry":{"type":"Polygon","coordinates":[[[139.2962,36.0325],[139.3011,36.0372],[139.3008,36.0291],[139.3028,36.0279],[139.3057,36.0236],[139.3052,36.022],[139.3088,36.0208],[139.3096,36.0181],[139.3129,36.0156],[139.316,36.015],[139.3156,36.013],[139.3166,36.0091],[139.3191,36.01],[139.3251,36.01],[139.3305,36.0082],[139.3326,36.0083],[139.3355,36.0066],[139.3427,36.009],[139.3377,36.0143],[139.3368,36.0171],[139.3369,36.0231],[139.3389,36.026],[139.3319,36.031],[139.3303,36.0371],[139.3311,36.0413],[139.3296,36.0424],[139.3298,36.0445],[139.3345,36.0453],[139.341,36.0482],[139.3443,36.0525],[139.3432,36.0536],[139.3389,36.0518],[139.3352,36.0522],[139.3336,36.0537],[139.3368,36.058],[139.3341,36.0599],[139.3367,36.0622],[139.3332,36.0646],[139.3313,36.0641],[139.326,36.0669],[139.3246,36.07],[139.3274,36.0725],[139.331,36.079],[139.3314,36.0818],[139.3269,36.0852],[139.3232,36.0864],[139.3209,36.0906],[139.3184,36.0922],[139.3177,36.0949],[139.3127,36.0988],[139.3092,36.1052],[139.3062,36.1079],[139.3012,36.1104],[139.2962,36.1094],[139.2916,36.1073],[139.2882,36.1067],[139.289,36.1012],[139.2882,36.099],[139.2892,36.098],[139.293,36.0991],[139.2965,36.0986],[139.2983,36.0961],[139.3012,36.0954],[139.3002,36.0912],[139.2973,36.0893],[139.295,36.0905],[139.2904,36.0885],[139.2908,36.0811],[139.2939,36.0772],[139.2958,36.0764],[139.3016,36.0707],[139.3026,36.0675],[139.3045,36.0666],[139.308,36.063],[139.3047,36.0593],[139.3003,36.0593],[139.2979,36.0546],[139.2975,36.0518],[139.2998,36.0469],[139.2974,36.0452],[139.2976,36.0422],[139.2907,36.0375],[139.29,36.0344],[139.2962,36.0325]]]},"properties":{"N03_001":"埼玉県","N03_002":"","N03_003":"比企郡","N03_004":"嵐山町","N03_007":"11342"}},
{"type":"Feature","geometry":{"type":"Polygon","coordinates":[[[139.1977,36.0687],[139.2024,36.0669],[139.203,36.0656],[139.2102,36.0636],[139.2141,36.063],[139.216,36.0611],[139.22,36.0609],[139.2255,36.0591],[139.2258,36.0565],[139.2299,36.0532],[139.2328,36.0547],[139.2366,36.0542],[139.239,36.0513],[139.2329,36.0493],[139.2327,36.0486],[139.2256,36.0462],[139.2207,36.0456],[139.2173,36.0415],[139.2126,36.0397],[139.2097,36.036],[139.2057,36.0348],[139.1994,36.0295],[139.1883,36.0281],[139.1857,36.0249],[139.186,36.0214],[139.1881,36.0189],[139.1878,36.0172],[139.1908,36.0136],[139.1891,36.0107],[139.1902,36.0061],[139.1978,36.0066],[139.1999,36.0063],[139.2022,36.0076],[139.2068,36.0063],[139.2091,36.0069],[139.2115,36.005],[139.2134,36.0061],[139.2156,36.0116],[139.2199,36.0107],[139.2238,36.0109],[139.2296,36.019],[139.2344,36.0205],[139.2355,36.023],[139.2376,36.0236],[139.2405,36.0226],[139.243,36.0229],[139.2437,36.0277],[139.25,36.0333],[139.251,36.0322],[139.2556,36.0325],[139.2583,36.0336],[139.2601,36.0319],[139.2655,36.0325],[139.2704,36.0293],[139.2757,36.03],[139.2792,36.0289],[139.2832,36.03],[139.2878,36.0293],[139.2904,36.0308],[139.2931,36.0309],[139.2962,36.0325],[139.29,36.0344],[139.2907,36.0375],[139.2976,36.0422],[139.2974,36.0452],[139.2998,36.0469],[139.2975,36.0518],[139.2979,36.0546],[139.3003,36.0593],[139.3047,36.0593],[139.308,36.063],[139.3045,36.0666],[139.3026,36.0675],[139.3016,36.0707],[139.2958,36.0764],[139.2939,36.0772],[139.2908,36.0811],[139.2904,36.0885],[139.295,36.0905],[139.2973,36.0893],[139.3002,36.0912],[139.3012,36.0954],[139.2983,36.0961],[139.2965,36.0986],[139.293,36.0991],[139.2892,36.098],[139.2882,36.099],[139.2878,36.0956],[139.286,36.0925],[139.28,36.093],[139.2768,36.0949],[139.275,36.0968],[139.2709,36.0986],[139.267,36.0957],[139.2642,36.0948],[139.2628,36.0924],[139.2607,36.0916],[139.2586,36.0871],[139.2552,36.0862],[139.252,36.0835],[139.2496,36.0842],[139.2477,36.083],[139.2434,36.0836],[139.2424,36.0865],[139.2373,36.0873],[139.2319,36.0872],[139.2275,36.088],[139.2254,36.0868],[139.2236,36.0905],[139.2199,36.09],[139.2186,36.0869],[139.2162,36.0866],[139.2099,36.0875],[139.2105,36.085],[139.2086,36.0838],[139.2053,36.0791],[139.2059,36.0766],[139.2026,36.0769],[139.2011,36.074],[139.1988,36.0732],[139.1989,36.0702],[139.1977,36.0687]]]},"properties":{"N03_001":"埼玉県","N03_002":"","N03_003":"比企郡","N03_004":"小川町","N03_007":"11343"}},
{"type":"Feature","geometry":{"type":"Polygon","coordinates":[[[139.4677,35.9601],[139.4704,35.9594],[139.475,35.9607],[139.4784,35.9593],[139.4765,35.9573],[139.4795,35.9564],[139.4832,35.9568],[139.4891,35.9558],[139.4912,35.9548],[139.498,35.955],[139.4991,35.958],[139.5028,35.9555],[139.5213,35.95],[139.5236,35.9485],[139.5267,35.9497],[139.5314,35.9494],[139.535,35.9509],[139.5366,35.9481],[139.5367,35.9483],[139.5368,35.9485],[139.5369,35.9487],[139.537,35.9489],[139.5372,35.949],[139.5374,35.9492],[139.5378,35.9495],[139.5379,35.9496],[139.5381,35.9497],[139.5382,35.9497],[139.5384,35.9497],[139.5386,35.9497],[139.5388,35.9497],[139.539,35.9498],[139.5393,35.9498],[139.5395,35.9498],[139.5397,35.9499],[139.5399,35.9499],[139.5402,35.95],[139.5403,35.95],[139.5404,35.95],[139.5405,35.95],[139.5406,35.95],[139.541,35.9502],[139.5417,35.9504],[139.542,35.9505],[139.5422,35.9505],[139.5425,35.9506],[139.5427,35.9506],[139.5432,35.9507],[139.5439,35.9509],[139.544,35.9509],[139.5443,35.9509],[139.5448,35.951],[139.5451,35.9511],[139.5453,35.9511],[139.5454,35.9513],[139.5455,35.9517],[139.5455,35.9522],[139.5454,35.9523],[139.5453,35.9525],[139.5453,35.9526],[139.5451,35.9527],[139.5451,35.9528],[139.5449,35.9528],[139.5448,35.9529],[139.5447,35.953],[139.5446,35.9531],[139.5445,35.9532],[139.5443,35.9533],[139.5442,35.9535],[139.5441,35.9536],[139.5439,35.9537],[139.5438,35.9538],[139.5438,35.9539],[139.5435,35.9542],[139.5434,35.9544],[139.5432,35.9545],[139.5431,35.9547],[139.543,35.9547],[139.5429,35.9548],[139.5428,35.9549],[139.5427,35.955],[139.5426,35.9551],[139.5425,35.9552],[139.5424,35.9553],[139.5423,35.9553],[139.5422,35.9554],[139.5419,35.9554],[139.5419,35.9555],[139.5418,35.9555],[139.5417,35.9555],[139.5417,35.9556],[139.5416,35.9556],[139.5415,35.9557],[139.5412,35.9559],[139.541,35.9561],[139.5409,35.9563],[139.5408,35.9564],[139.5407,35.9565],[139.5406,35.9568],[139.5405,35.957],[139.5404,35.9572],[139.5404,35.9575],[139.5404,35.9577],[139.5404,35.9579],[139.5404,35.9582],[139.5405,35.9583],[139.5405,35.9585],[139.5406,35.9587],[139.5406,35.9589],[139.5407,35.9593],[139.5407,35.9596],[139.5407,35.9599],[139.5407,35.9601],[139.5406,35.9602],[139.5406,35.9603],[139.5406,35.9605],[139.5405,35.9607],[139.5404,35.9608],[139.5403,35.9609],[139.5402,35.961],[139.5401,35.9611],[139.5399,35.9614],[139.5398,35.9615],[139.5395,35.9619],[139.5393,35.9621],[139.5393,35.9622],[139.5392,35.9622],[139.5389,35.9622],[139.5388,35.9622],[139.5383,35.9622],[139.538,35.9622],[139.5378,35.9621],[139.5376,35.9621],[139.5373,35.9621],[139.5371,35.9621],[139.5369,35.962],[139.5368,35.962],[139.5366,35.962],[139.5362,35.9618],[139.5359,35.9616],[139.5357,35.9613],[139.5356,35.9612],[139.5355,35.961],[139.5354,35.9609],[139.5351,35.9607],[139.5349,35.9607],[139.5348,35.9607],[139.5333,35.9628],[139.5294,35.9626],[139.528,35.9644],[139.5245,35.9659],[139.5229,35.968],[139.5271,35.9695],[139.5278,35.9716],[139.5241,35.9725],[139.5236,35.9742],[139.5207,35.9749],[139.5233,35.9772],[139.5215,35.9785],[139.5183,35.9759],[139.5144,35.9805],[139.5124,35.984],[139.5144,35.9854],[139.5144,35.9874],[139.5115,35.9898],[139.5116,35.9916],[139.5078,35.996],[139.5025,35.9959],[139.5025,35.9991],[139.5004,36.0019],[139.5038,36.0054],[139.5034,36.0085],[139.5045,36.012],[139.4996,36.0136],[139.4992,36.0135],[139.4986,36.0134],[139.4983,36.0134],[139.4979,36.0133],[139.4976,36.0133],[139.4973,36.0134],[139.4972,36.0135],[139.4971,36.0136],[139.4971,36.0138],[139.4969,36.014],[139.4968,36.0141],[139.4966,36.0143],[139.4965,36.0144],[139.4963,36.0146],[139.4961,36.0148],[139.496,36.0149],[139.4959,36.015],[139.4956,36.0152],[139.4951,36.016],[139.4951,36.0161],[139.4947,36.0162],[139.4939,36.0164],[139.4932,36.0166],[139.4929,36.0167],[139.4928,36.0167],[139.4923,36.0168],[139.4919,36.0168],[139.4917,36.0169],[139.4914,36.017],[139.4905,36.0174],[139.4895,36.0177],[139.4893,36.0178],[139.4892,36.0178],[139.4887,36.0182],[139.4885,36.0182],[139.4882,36.0183],[139.4877,36.0183],[139.4875,36.0184],[139.4874,36.0184],[139.4873,36.0184],[139.4873,36.0183],[139.4872,36.0183],[139.4871,36.0183],[139.4868,36.0184],[139.4862,36.0185],[139.4859,36.0186],[139.4858,36.0186],[139.4854,36.0187],[139.4848,36.0188],[139.4844,36.0189],[139.4838,36.0189],[139.4834,36.019],[139.4833,36.019],[139.4831,36.019],[139.4828,36.0191],[139.4824,36.0193],[139.4822,36.0194],[139.4819,36.0195],[139.4815,36.0196],[139.481,36.0196],[139.4806,36.0197],[139.4792,36.0198],[139.479,36.0197],[139.4788,36.0197],[139.4788,36.0196],[139.4787,36.0196],[139.4786,36.0196],[139.4782,36.0196],[139.478,36.0197],[139.4778,36.0197],[139.4776,36.0197],[139.4773,36.0197],[139.4768,36.0197],[139.4763,36.0197],[139.4753,36.0197],[139.475,36.0196],[139.4749,36.0196],[139.4745,36.0196],[139.4743,36.0195],[139.4735,36.0193],[139.4734,36.0193],[139.4725,36.0189],[139.4716,36.0186],[139.4708,36.0183],[139.4707,36.0182],[139.4703,36.0181],[139.4699,36.0178],[139.4691,36.0174],[139.4679,36.0168],[139.4677,36.0167],[139.4671,36.0163],[139.4667,36.016],[139.4665,36.0159],[139.4651,36.0151],[139.4647,36.0149],[139.4645,36.0147],[139.4635,36.0141],[139.4627,36.0135],[139.4621,36.0132],[139.4619,36.013],[139.4612,36.0125],[139.4608,36.0123],[139.4601,36.012],[139.4594,36.0118],[139.459,36.0118],[139.4589,36.0117],[139.4584,36.0117],[139.4583,36.0117],[139.4579,36.0118],[139.4578,36.0118],[139.4571,36.0119],[139.455,36.0098],[139.4546,36.005],[139.4484,36.0049],[139.4457,36.0039],[139.4438,36.0052],[139.4385,36.0035],[139.4345,36.0036],[139.4264,36.006],[139.424,36.0051],[139.4229,36.0015],[139.4244,35.9979],[139.4302,35.998],[139.4338,35.996],[139.4353,35.9907],[139.4375,35.9872],[139.4409,35.9872],[139.4402,35.9842],[139.4448,35.9809],[139.4503,35.9792],[139.4542,35.9801],[139.4549,35.9762],[139.4575,35.9727],[139.4603,35.9736],[139.4614,35.9712],[139.4609,35.9677],[139.4633,35.9663],[139.4642,35.9631],[139.4677,35.9601]]]},"properties":{"N03_001":"埼玉県","N03_002":"","N03_003":"比企郡","N03_004":"川島町","N03_007":"11346"}},
{"type":"Feature","geometry":{"type":"MultiPolygon","coordinates":[]},"properties":{"N03_001":"埼玉県","N03_002":"","N03_003":"比企郡","N03_004":"吉見町","N03_007":"11347"}},
{"type":"Feature","geometry":{"type":"Polygon","coordinates":[[[139.2882,35.9913],[139.2944,35.9874],[139.3013,35.9853],[139.3087,35.9786],[139.3092,35.9762],[139.3121,35.9744],[139.3139,35.9716],[139.3168,35.9702],[139.3176,35.9685],[139.3214,35.9656],[139.3253,35.9641],[139.3266,35.9623],[139.3299,35.9629],[139.3346,35.9619],[139.3394,35.9623],[139.3402,35.9645],[139.3441,35.9677],[139.3482,35.967],[139.3489,35.9688],[139.3498,35.9713],[139.3531,35.972],[139.3586,35.9766],[139.3624,35.9767],[139.3629,35.9779],[139.3667,35.9768],[139.374,35.9793],[139.3768,35.9792],[139.3794,35.9816],[139.3773,35.9819],[139.3742,35.9854],[139.3779,35.9868],[139.3764,35.9887],[139.3707,35.9926],[139.369,35.9962],[139.3639,35.9992],[139.3625,35.9991],[139.3572,36.0027],[139.3524,36.0037],[139.3514,36.003],[139.3472,36.0052],[139.3438,36.0091],[139.3427,36.009],[139.3355,36.0066],[139.3326,36.0083],[139.3305,36.0082],[139.3251,36.01],[139.3191,36.01],[139.3166,36.0091],[139.3091,36.0072],[139.3039,36.0028],[139.3021,36.0023],[139.3031,35.9974],[139.302,35.9948],[139.2977,35.9942],[139.2961,35.9963],[139.2906,35.9984],[139.2877,35.9947],[139.2882,35.9913]]]},"properties":{"N03_001":"埼玉県","N03_002":"","N03_003":"比企郡","N03_004":"鳩山町","N03_007":"11348"}},
{"type":"Feature","geometry":{"type":"Polygon","coordinates":[[[139.1746,35.989],[139.1722,35.9884],[139.1702,35.9861],[139.1706,35.9837],[139.1733,35.9807],[139.1726,35.9776],[139.1749,35.9763],[139.1779,35.9719],[139.1786,35.9697],[139.1808,35.9682],[139.1837,35.9687],[139.1858,35.9672],[139.1904,35.9669],[139.1928,35.9679],[139.2015,35.9658],[139.2019,35.9626],[139.2078,35.9601],[139.2129,35.9564],[139.2164,35.9584],[139.2193,35.9589],[139.2187,35.9617],[139.2205,35.9661],[139.2238,35.9682],[139.2267,35.9714],[139.2306,35.9745],[139.2342,35.9744],[139.2441,35.9789],[139.2455,35.9786],[139.2468,35.9818],[139.2507,35.9827],[139.2519,35.9859],[139.2556,35.9847],[139.2599,35.9864],[139.2664,35.9865],[139.2717,35.9849],[139.2749,35.9881],[139.2787,35.9884],[139.2797,35.9893],[139.2801,35.9934],[139.2825,35.9919],[139.2882,35.9913],[139.2877,35.9947],[139.2906,35.9984],[139.2961,35.9963],[139.2977,35.9942],[139.302,35.9948],[139.3031,35.9974],[139.3021,36.0023],[139.3039,36.0028],[139.3091,36.0072],[139.3166,36.0091],[139.3156,36.013],[139.316,36.015],[139.3129,36.0156],[139.3096,36.0181],[139.3088,36.0208],[139.3052,36.022],[139.3057,36.0236],[139.3028,36.0279],[139.3008,36.0291],[139.3011,36.0372],[139.2962,36.0325],[139.2931,36.0309],[139.2904,36.0308],[139.2878,36.0293],[139.2832,36.03],[139.2792,36.0289],[139.2757,36.03],[139.2704,36.0293],[139.2655,36.0325],[139.2601,36.0319],[139.2583,36.0336],[139.2556,36.0325],[139.251,36.0322],[139.25,36.0333],[139.2437,36.0277],[139.243,36.0229],[139.2405,36.0226],[139.2376,36.0236],[139.2355,36.023],[139.2344,36.0205],[139.2296,36.019],[139.2238,36.0109],[139.2199,36.0107],[139.2156,36.0116],[139.2134,36.0061],[139.2115,36.005],[139.2091,36.0069],[139.2068,36.0063],[139.2022,36.0076],[139.1999,36.0063],[139.1978,36.0066],[139.1902,36.0061],[139.1885,36.0031],[139.1863,36.001],[139.1857,35.9991],[139.1813,35.9978],[139.1762,35.9977],[139.1751,35.9948],[139.1758,35.993],[139.1746,35.989]]]},"properties":{"N03_001":"埼玉県","N03_002":"","N03_003":"比企郡","N03_004":"ときがわ町","N03_007":"11349"}},
{"type":"Feature","geometry":{"type":"Polygon","coordinates":[[[139.1746,35.989],[139.1722,35.9901],[139.1698,35.9924],[139.1638,35.9957],[139.1587,35.9948],[139.155,35.9954],[139.1496,35.9972],[139.1481,35.9969],[139.1434,35.9985],[139.142,35.9977],[139.1369,35.9989],[139.1328,35.9993],[139.126,36.0011],[139.1227,35.9998],[139.1194,35.9976],[139.115,35.9991],[139.1101,36.0076],[139.1064,36.0089],[139.1008,36.005],[139.0997,36.003],[139.0945,35.9976],[139.0929,35.9932],[139.0932,35.9909],[139.0903,35.9893],[139.091,35.9878],[139.0902,35.9835],[139.0871,35.9755],[139.0868,35.9712],[139.0885,35.9657],[139.093,35.9595],[139.0934,35.9551],[139.0971,35.9525],[139.0977,35.9481],[139.0961,35.9441],[139.0976,35.9414],[139.0955,35.9359],[139.0981,35.9343],[139.0992,35.9298],[139.1028,35.9272],[139.108,35.9292],[139.1131,35.9306],[139.1167,35.9308],[139.1201,35.933],[139.1266,35.9362],[139.1315,35.9375],[139.1339,35.9373],[139.1422,35.9393],[139.1438,35.9421],[139.1487,35.9442],[139.1508,35.9431],[139.1568,35.9453],[139.1626,35.9459],[139.1636,35.9489],[139.1681,35.9496],[139.1687,35.9543],[139.1723,35.9596],[139.1768,35.9617],[139.1778,35.9633],[139.1766,35.9651],[139.1786,35.9697],[139.1779,35.9719],[139.1749,35.9763],[139.1726,35.9776],[139.1733,35.9807],[139.1706,35.9837],[139.1702,35.9861],[139.1722,35.9884],[139.1746,35.989]]]},"properties":{"N03_001":"埼玉県","N03_002":"","N03_003":"秩父郡","N03_004":"横瀬町","N03_007":"11361"}},
{"type":"Feature","geometry":{"type":"Polygon","coordinates":[[[139.0078,36.0975],[139.0059,36.0929],[139.0044,36.0909],[139.0039,36.0879],[139.005,36.0852],[139.0075,36.0859],[139.0143,36.0851],[139.0182,36.081],[139.0199,36.078],[139.0231,36.0757],[139.0305,36.0735],[139.0307,36.0726],[139.0352,36.07],[139.0402,36.0707],[139.0408,36.072],[139.0441,36.0744],[139.0467,36.0747],[139.0552,36.0727],[139.055,36.0699],[139.056,36.0641],[139.0548,36.0607],[139.0577,36.0599],[139.0643,36.0611],[139.0697,36.0637],[139.0718,36.0623],[139.0807,36.0656],[139.0844,36.0661],[139.0864,36.0683],[139.088,36.0645],[139.0911,36.0637],[139.0957,36.0577],[139.1051,36.06],[139.1078,36.0599],[139.1153,36.0557],[139.1171,36.0497],[139.119,36.0469],[139.1185,36.0427],[139.1212,36.0426],[139.1241,36.0399],[139.1245,36.0354],[139.1276,36.0333],[139.1326,36.0332],[139.1356,36.0323],[139.1433,36.0293],[139.1442,36.0279],[139.1491,36.0286],[139.1527,36.0269],[139.1569,36.0318],[139.1569,36.0361],[139.1561,36.0402],[139.1545,36.0424],[139.1576,36.0456],[139.157,36.0512],[139.1559,36.0533],[139.1594,36.0589],[139.1591,36.0636],[139.157,36.066],[139.1582,36.0698],[139.1566,36.0745],[139.1558,36.0788],[139.1558,36.0827],[139.1537,36.0866],[139.1515,36.0884],[139.1478,36.0881],[139.1443,36.0904],[139.1421,36.0894],[139.1393,36.0908],[139.1363,36.09],[139.1302,36.0899],[139.1227,36.0904],[139.1176,36.092],[139.1172,36.0896],[139.1187,36.0865],[139.1142,36.0837],[139.1108,36.0856],[139.1099,36.0873],[139.1022,36.0877],[139.0997,36.0901],[139.0969,36.0892],[139.0931,36.091],[139.0876,36.0957],[139.0853,36.0967],[139.0867,36.0993],[139.0858,36.1024],[139.0873,36.1052],[139.0907,36.1066],[139.0857,36.1081],[139.0866,36.1145],[139.0844,36.1166],[139.0825,36.1216],[139.0789,36.122],[139.0757,36.1194],[139.0712,36.1189],[139.0669,36.1209],[139.0588,36.1234],[139.0568,36.1262],[139.0539,36.125],[139.0497,36.1193],[139.0449,36.1162],[139.0444,36.1114],[139.0433,36.1075],[139.041,36.1044],[139.0343,36.1005],[139.0279,36.1009],[139.0224,36.1004],[139.0177,36.0982],[139.0095,36.0985],[139.0078,36.0975]]]},"properties":{"N03_001":"埼玉県","N03_002":"","N03_003":"秩父郡","N03_004":"皆野町","N03_007":"11362"}},
{"type":"Feature","geometry":{"type":"Polygon","coordinates":[[[139.0825,36.1216],[139.0844,36.1166],[139.0866,36.1145],[139.0857,36.1081],[139.0907,36.1066],[139.0873,36.1052],[139.0858,36.1024],[139.0867,36.0993],[139.0853,36.0967],[139.0876,36.0957],[139.0931,36.091],[139.0969,36.0892],[139.0997,36.0901],[139.1022,36.0877],[139.1099,36.0873],[139.1108,36.0856],[139.1142,36.0837],[139.1187,36.0865],[139.1172,36.0896],[139.1176,36.092],[139.1227,36.0904],[139.1302,36.0899],[139.1363,36.09],[139.1393,36.0908],[139.1372,36.0958],[139.1388,36.1],[139.139,36.1091],[139.1397,36.1134],[139.1377,36.1177],[139.1459,36.1222],[139.1444,36.1243],[139.1467,36.1265],[139.1462,36.1292],[139.148,36.1304],[139.1482,36.1331],[139.1553,36.1338],[139.158,36.1328],[139.1602,36.1306],[139.1606,36.135],[139.1582,36.1374],[139.1584,36.1394],[139.1537,36.1416],[139.1474,36.1418],[139.1458,36.1429],[139.1396,36.1435],[139.1367,36.1457],[139.1345,36.145],[139.1292,36.146],[139.1265,36.1483],[139.1197,36.147],[139.1153,36.1431],[139.1111,36.1426],[139.106,36.1437],[139.1027,36.1396],[139.1013,36.1365],[139.0994,36.1376],[139.096,36.1379],[139.0935,36.1366],[139.088,36.1315],[139.0872,36.1283],[139.0878,36.1238],[139.0831,36.123],[139.0825,36.1216]]]},"properties":{"N03_001":"埼玉県","N03_002":"","N03_003":"秩父郡","N03_004":"長瀞町","N03_007":"11363"}},
{"type":"Feature","geometry":{"type":"Polygon","coordinates":[[[138.8284,36.0373],[138.8315,36.0351],[138.8388,36.0337],[138.8418,36.0305],[138.8422,36.0271],[138.841,36.0229],[138.8393,36.0219],[138.8382,36.0185],[138.8386,36.0136],[138.8406,36.0113],[138.8392,36.0073],[138.8408,36.0065],[138.8396,36.0007],[138.8411,36.0006],[138.8498,35.9951],[138.8503,35.9936],[138.8544,35.9903],[138.8569,35.9868],[138.8628,35.9837],[138.866,35.9805],[138.8684,35.9814],[138.8748,35.9789],[138.8788,35.9751],[138.8838,35.9732],[138.8863,35.9745],[138.8915,35.9743],[138.8963,35.9731],[138.8987,35.9754],[138.9034,35.9742],[138.9057,35.9724],[138.9089,35.9722],[138.9131,35.9702],[138.9179,35.9699],[138.9183,35.9681],[138.923,35.9667],[138.9243,35.967],[138.927,35.9701],[138.9321,35.9703],[138.9368,35.9692],[138.9397,35.9668],[138.9436,35.9669],[138.9459,35.969],[138.9508,35.9699],[138.9513,35.9736],[138.9543,35.977],[138.9581,35.9796],[138.9631,35.9782],[138.9661,35.9788],[138.9701,35.9809],[138.9739,35.9791],[138.9773,35.9816],[138.9816,35.9829],[138.9845,35.981],[138.9856,35.9791],[138.9921,35.9786],[138.993,35.9762],[138.9975,35.9772],[139.0003,35.9792],[139.0038,35.9801],[139.0084,35.9797],[139.0093,35.9759],[139.0128,35.972],[139.0126,35.9666],[139.0149,35.968],[139.0168,35.967],[139.0204,35.9685],[139.0236,35.9679],[139.0289,35.969],[139.0323,35.9725],[139.0376,35.974],[139.0407,35.9759],[139.0436,35.9792],[139.0439,35.9814],[139.0475,35.9888],[139.0505,35.992],[139.0469,35.9966],[139.0408,36.0017],[139.0462,36.0044],[139.051,36.0093],[139.0487,36.0113],[139.0497,36.0131],[139.0483,36.0152],[139.0502,36.0193],[139.0481,36.0218],[139.042,36.0242],[139.0389,36.0232],[139.0381,36.0205],[139.0323,36.0185],[139.0287,36.0181],[139.0241,36.016],[139.02,36.0183],[139.0161,36.0234],[139.0093,36.0279],[139.0069,36.0283],[139.0028,36.0276],[138.9993,36.0285],[138.9968,36.0309],[138.9938,36.0307],[138.9903,36.0328],[138.9841,36.0343],[138.9834,36.0377],[138.9797,36.0383],[138.9693,36.0433],[138.9701,36.0469],[138.9722,36.0501],[138.9725,36.0532],[138.9682,36.0553],[138.9651,36.0555],[138.9619,36.0569],[138.9592,36.0594],[138.9549,36.0598],[138.9493,36.0627],[138.9468,36.0662],[138.9456,36.0663],[138.9432,36.0716],[138.9404,36.0724],[138.9403,36.0745],[138.9362,36.0761],[138.9334,36.0788],[138.9315,36.0832],[138.9311,36.0881],[138.9252,36.0905],[138.9209,36.0914],[138.9163,36.0937],[138.9112,36.0909],[138.908,36.092],[138.9025,36.0916],[138.8979,36.0907],[138.8948,36.0875],[138.8924,36.0878],[138.8867,36.0842],[138.8804,36.0833],[138.8734,36.0808],[138.8718,36.0794],[138.868,36.0788],[138.8643,36.0771],[138.8637,36.0745],[138.8615,36.0714],[138.8592,36.0699],[138.8547,36.0685],[138.8506,36.0692],[138.8493,36.0677],[138.846,36.0666],[138.8451,36.0609],[138.8428,36.0558],[138.8409,36.0545],[138.8373,36.0498],[138.8349,36.0501],[138.8322,36.0477],[138.8318,36.0448],[138.8292,36.0419],[138.8284,36.0373]]]},"properties":{"N03_001":"埼玉県","N03_002":"","N03_003":"秩父郡","N03_004":"小鹿野町","N03_007":"11365"}},
{"type":"Feature","geometry":{"type":"Polygon","coordinates":[[[139.1762,35.9977],[139.1813,35.9978],[139.1857,35.9991],[139.1863,36.001],[139.1885,36.0031],[139.1902,36.0061],[139.1891,36.0107],[139.1908,36.0136],[139.1878,36.0172],[139.1881,36.0189],[139.186,36.0214],[139.1857,36.0249],[139.1883,36.0281],[139.1994,36.0295],[139.2057,36.0348],[139.2097,36.036],[139.2126,36.0397],[139.2173,36.0415],[139.2207,36.0456],[139.2256,36.0462],[139.2327,36.0486],[139.2329,36.0493],[139.239,36.0513],[139.2366,36.0542],[139.2328,36.0547],[139.2299,36.0532],[139.2258,36.0565],[139.2255,36.0591],[139.22,36.0609],[139.216,36.0611],[139.2141,36.063],[139.2102,36.0636],[139.203,36.0656],[139.2024,36.0669],[139.1977,36.0687],[139.1937,36.0685],[139.19,36.0692],[139.1845,36.073],[139.1823,36.0766],[139.1737,36.0854],[139.1746,36.0876],[139.1737,36.0898],[139.1711,36.0882],[139.1669,36.0886],[139.1626,36.0909],[139.1588,36.0915],[139.1575,36.0926],[139.1515,36.0884],[139.1537,36.0866],[139.1558,36.0827],[139.1558,36.0788],[139.1566,36.0745],[139.1582,36.0698],[139.157,36.066],[139.1591,36.0636],[139.1594,36.0589],[139.1559,36.0533],[139.157,36.0512],[139.1576,36.0456],[139.1545,36.0424],[139.1561,36.0402],[139.1569,36.0361],[139.1569,36.0318],[139.1527,36.0269],[139.1533,36.0233],[139.159,36.0174],[139.1603,36.0151],[139.1633,36.0132],[139.1646,36.0094],[139.1671,36.0058],[139.1728,36.0024],[139.1749,36.0004],[139.1762,35.9977]]]},"properties":{"N03_001":"埼玉県","N03_002":"","N03_003":"秩父郡","N03_004":"東秩父村","N03_007":"11369"}},
{"type":"Feature","geometry":{"type":"Polygon","coordinates":[[[139.1367,36.1457],[139.1396,36.1435],[139.1458,36.1429],[139.1474,36.1418],[139.1537,36.1416],[139.1584,36.1394],[139.1582,36.1374],[139.1606,36.135],[139.1623,36.1348],[139.1649,36.132],[139.17,36.1321],[139.1767,36.1348],[139.1797,36.1377],[139.1812,36.1379],[139.1868,36.1418],[139.1929,36.1444],[139.1945,36.1472],[139.195,36.1542],[139.1977,36.159],[139.1965,36.1648],[139.1939,36.1693],[139.1897,36.1734],[139.1902,36.1767],[139.1922,36.1772],[139.1933,36.1805],[139.1971,36.1823],[139.1982,36.1818],[139.2039,36.1842],[139.2079,36.1871],[139.2067,36.1893],[139.2086,36.1951],[139.2082,36.1984],[139.2062,36.1994],[139.2016,36.199],[139.2,36.1969],[139.1969,36.1975],[139.1969,36.2087],[139.1941,36.2082],[139.1919,36.2071],[139.1906,36.2094],[139.1821,36.2093],[139.1802,36.2112],[139.1719,36.2105],[139.1665,36.2082],[139.163,36.2052],[139.1613,36.2001],[139.1555,36.1985],[139.1561,36.1966],[139.1606,36.1951],[139.1601,36.1927],[139.1565,36.1918],[139.155,36.1873],[139.1524,36.1824],[139.1499,36.182],[139.1528,36.1776],[139.1545,36.1763],[139.1508,36.1718],[139.1487,36.1683],[139.1429,36.1642],[139.1436,36.1595],[139.1462,36.1558],[139.1465,36.153],[139.1426,36.152],[139.1387,36.1483],[139.1368,36.1478],[139.1367,36.1457]]]},"properties":{"N03_001":"埼玉県","N03_002":"","N03_003":"児玉郡","N03_004":"美里町","N03_007":"11381"}},
{"type":"Feature","geometry":{"type":"Polygon","coordinates":[[[138.9765,36.1172],[138.9762,36.1138],[138.977,36.1098],[138.983,36.108],[138.9864,36.1049],[138.9877,36.1013],[138.9904,36.0984],[138.9895,36.0971],[138.9932,36.0953],[138.997,36.0971],[139.0078,36.0975],[139.0095,36.0985],[139.0177,36.0982],[139.0224,36.1004],[139.0279,36.1009],[139.0343,36.1005],[139.041,36.1044],[139.0433,36.1075],[139.0444,36.1114],[139.0449,36.1162],[139.0497,36.1193],[139.0539,36.125],[139.0568,36.1262],[139.0583,36.1299],[139.0582,36.1335],[139.0612,36.1335],[139.0628,36.138],[139.0669,36.1431],[139.072,36.1423],[139.0756,36.1481],[139.0703,36.1497],[139.0686,36.1531],[139.0696,36.1571],[139.0674,36.1588],[139.0676,36.1621],[139.0697,36.1624],[139.0738,36.1613],[139.0763,36.1616],[139.0767,36.1671],[139.0784,36.1684],[139.0756,36.1717],[139.0754,36.1769],[139.0769,36.1793],[139.0799,36.182],[139.0792,36.1835],[139.0827,36.1844],[139.0837,36.1895],[139.0896,36.188],[139.0933,36.19],[139.094,36.1922],[139.0965,36.1936],[139.0999,36.1922],[139.1025,36.1933],[139.1104,36.1992],[139.112,36.1998],[139.1099,36.2026],[139.1092,36.2072],[139.1144,36.2069],[139.1172,36.2049],[139.121,36.2036],[139.1194,36.202],[139.1244,36.1984],[139.1297,36.2021],[139.1279,36.2069],[139.1302,36.2117],[139.1278,36.2154],[139.1297,36.2175],[139.1317,36.2165],[139.1359,36.2213],[139.1342,36.2208],[139.1299,36.2232],[139.1265,36.223],[139.124,36.2202],[139.1192,36.2189],[139.1189,36.2225],[139.116,36.2238],[139.1133,36.2276],[139.1104,36.2356],[139.1067,36.2325],[139.1014,36.2316],[139.0959,36.2346],[139.0965,36.2382],[139.0919,36.2326],[139.089,36.2284],[139.0857,36.2222],[139.084,36.2198],[139.0817,36.2149],[139.0775,36.2097],[139.072,36.2038],[139.0653,36.1987],[139.0633,36.1957],[139.0646,36.1894],[139.063,36.1858],[139.0577,36.1837],[139.0564,36.1805],[139.0578,36.1734],[139.0574,36.1706],[139.0587,36.1643],[139.063,36.1613],[139.0638,36.1589],[139.0614,36.1551],[139.0606,36.1523],[139.056,36.1526],[139.049,36.1524],[139.0475,36.1519],[139.0472,36.1493],[139.0427,36.148],[139.0411,36.1396],[139.041,36.1355],[139.0432,36.1309],[139.0424,36.1285],[139.0368,36.1262],[139.0312,36.1277],[139.0285,36.13],[139.0257,36.1305],[139.0266,36.1328],[139.0238,36.1339],[139.0211,36.1313],[139.0167,36.1323],[139.0156,36.1341],[139.0107,36.1321],[139.0049,36.1334],[139.0037,36.1321],[139.0067,36.1296],[139.002,36.1253],[138.9968,36.1257],[138.993,36.1245],[138.9893,36.1179],[138.9872,36.1175],[138.9857,36.1156],[138.9815,36.1171],[138.9787,36.116],[138.9765,36.1172]]]},"properties":{"N03_001":"埼玉県","N03_002":"","N03_003":"児玉郡","N03_004":"神川町","N03_007":"11383"}},
{"type":"Feature","geometry":{"type":"Polygon","coordinates":[[[139.0965,36.2382],[139.0959,36.2346],[139.1014,36.2316],[139.1067,36.2325],[139.1104,36.2356],[139.1133,36.2276],[139.116,36.2238],[139.1189,36.2225],[139.1192,36.2189],[139.124,36.2202],[139.1265,36.223],[139.1299,36.2232],[139.1342,36.2208],[139.1359,36.2213],[139.138,36.2201],[139.1411,36.2237],[139.1442,36.2233],[139.1459,36.2262],[139.1494,36.2269],[139.157,36.2323],[139.1597,36.2347],[139.1631,36.2339],[139.1654,36.2345],[139.1701,36.2375],[139.168,36.2392],[139.1634,36.2389],[139.1631,36.2405],[139.1594,36.2422],[139.1609,36.2442],[139.1604,36.2464],[139.1569,36.2482],[139.1556,36.25],[139.1616,36.2546],[139.1625,36.2575],[139.1658,36.2597],[139.162,36.2642],[139.1645,36.266],[139.1689,36.2678],[139.1695,36.2748],[139.1639,36.2789],[139.159,36.2778],[139.1509,36.2785],[139.1361,36.2784],[139.1344,36.2788],[139.1294,36.2833],[139.127,36.2785],[139.1178,36.2688],[139.1133,36.2668],[139.1078,36.2617],[139.1112,36.2585],[139.1075,36.2526],[139.1036,36.2479],[139.0965,36.2382]]]},"properties":{"N03_001":"埼玉県","N03_002":"","N03_003":"児玉郡","N03_004":"上里町","N03_007":"11385"}},
{"type":"Feature","geometry":{"type":"Polygon","coordinates":[[[139.1515,36.0884],[139.1575,36.0926],[139.1588,36.0915],[139.1626,36.0909],[139.1669,36.0886],[139.1711,36.0882],[139.1737,36.0898],[139.1746,36.0876],[139.1737,36.0854],[139.1823,36.0766],[139.1845,36.073],[139.19,36.0692],[139.1937,36.0685],[139.1977,36.0687],[139.1989,36.0702],[139.1988,36.0732],[139.2011,36.074],[139.2026,36.0769],[139.2059,36.0766],[139.2053,36.0791],[139.2086,36.0838],[139.2105,36.085],[139.2099,36.0875],[139.2162,36.0866],[139.2186,36.0869],[139.2199,36.09],[139.2236,36.0905],[139.2254,36.0868],[139.2275,36.088],[139.2319,36.0872],[139.2373,36.0873],[139.2424,36.0865],[139.2434,36.0836],[139.2477,36.083],[139.2496,36.0842],[139.252,36.0835],[139.2552,36.0862],[139.2586,36.0871],[139.2607,36.0916],[139.2628,36.0924],[139.2642,36.0948],[139.267,36.0957],[139.2709,36.0986],[139.275,36.0968],[139.2768,36.0949],[139.28,36.093],[139.286,36.0925],[139.2878,36.0956],[139.2882,36.099],[139.289,36.1012],[139.2882,36.1067],[139.2846,36.1052],[139.2835,36.1072],[139.2845,36.1103],[139.278,36.1068],[139.2757,36.1062],[139.265,36.107],[139.2676,36.1098],[139.2735,36.1109],[139.275,36.1117],[139.2737,36.1154],[139.2744,36.117],[139.273,36.1193],[139.2658,36.1184],[139.2585,36.116],[139.2545,36.1157],[139.2534,36.1192],[139.2485,36.1175],[139.2449,36.1182],[139.2348,36.1184],[139.2299,36.1181],[139.2241,36.1168],[139.2168,36.1191],[139.2171,36.1215],[139.2162,36.1251],[139.2165,36.1277],[139.2146,36.1328],[139.2123,36.1322],[139.2075,36.1347],[139.2009,36.1369],[139.1956,36.1368],[139.1912,36.1345],[139.1867,36.1332],[139.1811,36.1345],[139.1807,36.1365],[139.1834,36.1377],[139.1856,36.1374],[139.1886,36.139],[139.1907,36.1385],[139.198,36.1406],[139.2054,36.1421],[139.2111,36.1447],[139.213,36.1474],[139.2212,36.1509],[139.224,36.1514],[139.2273,36.1507],[139.2283,36.1526],[139.2327,36.157],[139.2263,36.1612],[139.2237,36.1586],[139.2205,36.159],[139.2122,36.1646],[139.2045,36.1686],[139.2014,36.1712],[139.1936,36.174],[139.1902,36.1767],[139.1897,36.1734],[139.1939,36.1693],[139.1965,36.1648],[139.1977,36.159],[139.195,36.1542],[139.1945,36.1472],[139.1929,36.1444],[139.1868,36.1418],[139.1812,36.1379],[139.1797,36.1377],[139.1767,36.1348],[139.17,36.1321],[139.1649,36.132],[139.1623,36.1348],[139.1606,36.135],[139.1602,36.1306],[139.158,36.1328],[139.1553,36.1338],[139.1482,36.1331],[139.148,36.1304],[139.1462,36.1292],[139.1467,36.1265],[139.1444,36.1243],[139.1459,36.1222],[139.1377,36.1177],[139.1397,36.1134],[139.139,36.1091],[139.1388,36.1],[139.1372,36.0958],[139.1393,36.0908],[139.1421,36.0894],[139.1443,36.0904],[139.1478,36.0881],[139.1515,36.0884]]]},"properties":{"N03_001":"埼玉県","N03_002":"","N03_003":"大里郡","N03_004":"寄居町","N03_007":"11408"}},
{"type":"Feature","geometry":{"type":"Polygon","coordinates":[[[139.7138,36.0048],[139.7161,36.0038],[139.718,36.001],[139.7226,35.9985],[139.7246,35.9981],[139.7275,35.9994],[139.734,35.9978],[139.7426,35.9987],[139.7438,36.0005],[139.7441,36.0031],[139.7465,36.0056],[139.7521,36.0088],[139.7531,36.0118],[139.7518,36.0136],[139.7468,36.0156],[139.7441,36.0198],[139.7383,36.0213],[139.7353,36.0243],[139.7322,36.0263],[139.7271,36.0262],[139.7235,36.0283],[139.7214,36.0304],[139.7119,36.0346],[139.7076,36.0358],[139.7091,36.0378],[139.7084,36.0398],[139.7037,36.0426],[139.6972,36.0487],[139.7004,36.0538],[139.6993,36.0556],[139.6914,36.0569],[139.6846,36.0576],[139.6869,36.0483],[139.689,36.0452],[139.6875,36.0436],[139.6837,36.0421],[139.6825,36.0407],[139.6858,36.0382],[139.6852,36.0347],[139.6877,36.0331],[139.6884,36.0299],[139.6899,36.0284],[139.699,36.0278],[139.7045,36.0258],[139.7059,36.0231],[139.7097,36.0195],[139.7082,36.0158],[139.7038,36.0145],[139.7054,36.012],[139.7106,36.0073],[139.7113,36.0055],[139.7138,36.0048]]]},"properties":{"N03_001":"埼玉県","N03_002":"","N03_003":"南埼玉郡","N03_004":"宮代町","N03_007":"11442"}},
{"type":"Feature","geometry":{"type":"Polygon","coordinates":[[[139.7438,36.0005],[139.7523,36.0006],[139.7575,35.9996],[139.76,36.0048],[139.7688,36.005],[139.7695,36.0073],[139.7719,36.0084],[139.7733,36.0071],[139.7772,36.0066],[139.7792,36.0043],[139.781,36.0047],[139.7808,36.0099],[139.7798,36.0119],[139.7835,36.0127],[139.7837,36.0174],[139.7804,36.0193],[139.7781,36.0261],[139.7876,36.0307],[139.7988,36.0368],[139.8012,36.0331],[139.8028,36.0337],[139.8055,36.0366],[139.8047,36.038],[139.8069,36.0432],[139.8046,36.0446],[139.8016,36.0492],[139.7973,36.0527],[139.7947,36.0559],[139.7914,36.0581],[139.7895,36.0618],[139.7876,36.061],[139.7886,36.0577],[139.7851,36.0555],[139.781,36.0565],[139.7806,36.0508],[139.7793,36.0499],[139.779,36.0459],[139.7802,36.0449],[139.7749,36.0386],[139.772,36.0428],[139.7696,36.0422],[139.7667,36.0432],[139.7626,36.0484],[139.7596,36.0512],[139.7531,36.055],[139.7496,36.0546],[139.7464,36.0552],[139.7454,36.0523],[139.7477,36.0503],[139.745,36.0449],[139.7412,36.0449],[139.7398,36.0405],[139.7336,36.043],[139.7347,36.0443],[139.7314,36.0462],[139.7302,36.0448],[139.7275,36.0454],[139.7277,36.0471],[139.7254,36.0483],[139.7245,36.0536],[139.7223,36.0522],[139.7196,36.0535],[139.7166,36.0518],[139.709,36.0584],[139.7096,36.0592],[139.7029,36.0624],[139.6989,36.0578],[139.6993,36.0556],[139.7004,36.0538],[139.6972,36.0487],[139.7037,36.0426],[139.7084,36.0398],[139.7091,36.0378],[139.7076,36.0358],[139.7119,36.0346],[139.7214,36.0304],[139.7235,36.0283],[139.7271,36.0262],[139.7322,36.0263],[139.7353,36.0243],[139.7383,36.0213],[139.7441,36.0198],[139.7468,36.0156],[139.7518,36.0136],[139.7531,36.0118],[139.7521,36.0088],[139.7465,36.0056],[139.7441,36.0031],[139.7438,36.0005]]]},"properties":{"N03_001":"埼玉県","N03_002":"","N03_003":"北葛飾郡","N03_004":"杉戸町","N03_007":"11464"}},
{"type":"Feature","geometry":{"type":"Polygon","coordinates":[[[139.8024,35.9414],[139.8111,35.9394],[139.8143,35.9367],[139.8183,35.9318],[139.8177,35.9299],[139.8149,35.928],[139.8091,35.9266],[139.8051,35.9236],[139.8045,35.9203],[139.8075,35.9166],[139.8175,35.9154],[139.8199,35.9145],[139.8232,35.9086],[139.8277,35.9072],[139.833,35.9079],[139.8373,35.9061],[139.8418,35.9079],[139.847,35.911],[139.847,35.9127],[139.8434,35.9129],[139.8432,35.9153],[139.8408,35.918],[139.8361,35.9153],[139.8361,35.9188],[139.8371,35.927],[139.8395,35.9289],[139.8397,35.9333],[139.8358,35.9345],[139.8303,35.9396],[139.8329,35.9398],[139.835,35.9387],[139.8398,35.9389],[139.8431,35.9362],[139.8451,35.9359],[139.8493,35.9383],[139.8465,35.941],[139.8378,35.9539],[139.835,35.9602],[139.8353,35.9643],[139.8333,35.969],[139.8247,35.9641],[139.8226,35.9642],[139.8207,35.966],[139.8094,35.9529],[139.805,35.9544],[139.8064,35.9516],[139.8053,35.9497],[139.8058,35.9466],[139.8024,35.9414]]]},"properties":{"N03_001":"埼玉県","N03_002":"","N03_003":"北葛飾郡","N03_004":"松伏町","N03_007":"11465"}}
]}