{"type":"FeatureCollection", "features": [
{"type":"Feature","geometry":{"type":"MultiPolygon","coordinates":[]},"properties":{"N03_001":"福井県","N03_002":"","N03_003":"","N03_004":"福井市","N03_007":"18201"}},
{"type":"Feature","geometry":{"type":"Polygon","coordinates":[[[135.9646,35.7301],[135.9654,35.7297],[135.9662,35.7288],[135.9669,35.7277],[135.9675,35.7266],[135.9682,35.7258],[135.9684,35.7255],[135.9686,35.725],[135.969,35.7249],[135.9694,35.7251],[135.9699,35.7248],[135.9702,35.7247],[135.9709,35.7247],[135.9728,35.7252],[135.9736,35.7253],[135.9742,35.7252],[135.975,35.7248],[135.9761,35.7248],[135.9764,35.7247],[135.9768,35.7243],[135.9771,35.7242],[135.9779,35.7246],[135.9785,35.7247],[135.9792,35.7246],[135.98,35.7244],[135.9814,35.7243],[135.9819,35.7244],[135.9831,35.7246],[135.984,35.7244],[135.9854,35.7243],[135.9859,35.7244],[135.9861,35.7245],[135.9864,35.725],[135.9868,35.7252],[135.9876,35.7254],[135.9887,35.7258],[135.9891,35.7261],[135.9895,35.7261],[135.99,35.726],[135.9904,35.7261],[135.9907,35.7265],[135.9913,35.7267],[135.9932,35.727],[135.9936,35.7269],[135.9944,35.7264],[135.9951,35.726],[135.9954,35.726],[135.9971,35.7269],[135.9977,35.727],[135.9981,35.7272],[135.9982,35.7276],[135.9988,35.7278],[136.0002,35.7279],[136.001,35.7281],[136.0027,35.7285],[136.0037,35.729],[136.0042,35.7297],[136.0048,35.73],[136.0053,35.73],[136.0057,35.7299],[136.006,35.7297],[136.0063,35.7297],[136.0068,35.7299],[136.0071,35.7298],[136.0075,35.7294],[136.0077,35.7289],[136.0081,35.7285],[136.0094,35.7282],[136.0096,35.728],[136.0098,35.7273],[136.0102,35.727],[136.0102,35.7264],[136.0106,35.7259],[136.0113,35.7254],[136.0117,35.7252],[136.0126,35.725],[136.0128,35.7239],[136.0127,35.7232],[136.0129,35.7227],[136.0127,35.7223],[136.0125,35.7213],[136.0131,35.7208],[136.0132,35.7204],[136.013,35.7196],[136.013,35.7187],[136.0131,35.7181],[136.0135,35.7177],[136.0136,35.7174],[136.013,35.7166],[136.0128,35.716],[136.0123,35.7154],[136.0118,35.7137],[136.0117,35.7127],[136.0116,35.7123],[136.0118,35.712],[136.0118,35.7117],[136.0115,35.7115],[136.0112,35.7107],[136.0105,35.7103],[136.0103,35.7101],[136.0102,35.7097],[136.0102,35.7084],[136.0104,35.7082],[136.0113,35.708],[136.012,35.7076],[136.0123,35.7071],[136.0121,35.7066],[136.0114,35.7059],[136.0107,35.704],[136.0107,35.7029],[136.0103,35.7018],[136.0103,35.7012],[136.0107,35.7008],[136.0109,35.7005],[136.011,35.6997],[136.011,35.6992],[136.0113,35.6988],[136.0116,35.6986],[136.0118,35.6983],[136.0121,35.6976],[136.0128,35.6973],[136.0121,35.6968],[136.0113,35.6961],[136.011,35.6955],[136.0109,35.695],[136.0109,35.6946],[136.0111,35.6941],[136.0108,35.6935],[136.0108,35.6933],[136.0112,35.6922],[136.0118,35.6909],[136.0117,35.6907],[136.0113,35.6904],[136.0114,35.6902],[136.0117,35.69],[136.012,35.6896],[136.012,35.6892],[136.0118,35.6887],[136.0109,35.6877],[136.0109,35.6875],[136.0115,35.6866],[136.0119,35.6855],[136.0129,35.684],[136.0126,35.6837],[136.0122,35.6836],[136.0115,35.6827],[136.0111,35.6808],[136.0104,35.6804],[136.0103,35.6802],[136.0102,35.6796],[136.0094,35.679],[136.0091,35.6778],[136.009,35.6777],[136.0094,35.6772],[136.0099,35.6767],[136.0101,35.6763],[136.0105,35.676],[136.0105,35.6756],[136.0101,35.6752],[136.0098,35.6747],[136.0096,35.6742],[136.0096,35.6738],[136.01,35.6734],[136.01,35.6731],[136.0098,35.6725],[136.0096,35.6717],[136.0094,35.6706],[136.0095,35.6698],[136.01,35.6693],[136.0109,35.6691],[136.0114,35.6689],[136.0119,35.6685],[136.0122,35.668],[136.0132,35.6677],[136.0137,35.6672],[136.0137,35.667],[136.0136,35.6666],[136.0132,35.6662],[136.0132,35.6653],[136.0131,35.6651],[136.0127,35.6648],[136.0122,35.6645],[136.0114,35.6637],[136.0111,35.6632],[136.0106,35.6626],[136.0102,35.6623],[136.0097,35.6622],[136.0091,35.6617],[136.0081,35.6609],[136.008,35.6605],[136.0082,35.6601],[136.0082,35.6599],[136.0074,35.6596],[136.0068,35.6586],[136.0065,35.6582],[136.0055,35.658],[136.0051,35.6579],[136.0047,35.6576],[136.0035,35.6558],[136.0018,35.6547],[136.0014,35.6544],[136.0003,35.654],[135.9987,35.6538],[135.9982,35.6524],[135.9982,35.6521],[135.999,35.6514],[135.9991,35.6504],[135.9994,35.6501],[135.9997,35.6494],[135.9999,35.6492],[136.0001,35.6485],[136.0005,35.6481],[136.0012,35.6471],[136.0021,35.6469],[136.0038,35.6463],[136.0042,35.6458],[136.0043,35.6449],[136.0039,35.6445],[136.0039,35.6442],[136.004,35.6437],[136.0044,35.6431],[136.0047,35.6419],[136.0048,35.6407],[136.0051,35.6398],[136.0051,35.6392],[136.0054,35.6384],[136.0056,35.6376],[136.0057,35.6369],[136.0059,35.6364],[136.0063,35.6362],[136.0066,35.6358],[136.0073,35.6353],[136.0075,35.6346],[136.0079,35.6344],[136.0085,35.634],[136.0086,35.6335],[136.0083,35.6329],[136.0087,35.6327],[136.0089,35.6323],[136.0091,35.6315],[136.0085,35.631],[136.0083,35.6306],[136.008,35.6297],[136.0076,35.6294],[136.0072,35.6284],[136.0069,35.6276],[136.0074,35.6274],[136.0076,35.627],[136.0075,35.6262],[136.0076,35.6257],[136.0073,35.6247],[136.007,35.624],[136.0066,35.6235],[136.0065,35.6232],[136.0067,35.6223],[136.0067,35.6217],[136.0071,35.6212],[136.0074,35.6203],[136.0073,35.6201],[136.0069,35.6196],[136.0068,35.6192],[136.0073,35.618],[136.0073,35.6177],[136.0071,35.6172],[136.007,35.6167],[136.0068,35.6165],[136.0062,35.6164],[136.0059,35.616],[136.006,35.6155],[136.0062,35.6145],[136.0062,35.6139],[136.0063,35.6136],[136.007,35.6132],[136.0072,35.613],[136.0072,35.6121],[136.0075,35.6119],[136.008,35.6114],[136.0085,35.6104],[136.0091,35.6102],[136.0094,35.6098],[136.0094,35.6091],[136.0084,35.6079],[136.0082,35.6074],[136.0082,35.6065],[136.0078,35.6058],[136.0079,35.6053],[136.0079,35.6046],[136.0078,35.6043],[136.0079,35.6038],[136.0076,35.602],[136.0078,35.601],[136.0075,35.6003],[136.0075,35.5998],[136.0075,35.5995],[136.0072,35.5991],[136.0071,35.5982],[136.0069,35.5975],[136.0067,35.5973],[136.0049,35.5965],[136.0046,35.5962],[136.0045,35.5959],[136.0046,35.5952],[136.005,35.5946],[136.0053,35.5942],[136.0053,35.5935],[136.0061,35.5932],[136.0065,35.5927],[136.0068,35.5921],[136.0069,35.5917],[136.0068,35.5908],[136.0069,35.5903],[136.0072,35.5898],[136.0078,35.5893],[136.0083,35.5885],[136.0092,35.5865],[136.0094,35.5858],[136.0107,35.5856],[136.0113,35.5858],[136.0116,35.5855],[136.0118,35.5849],[136.0121,35.5849],[136.0132,35.5853],[136.0137,35.5858],[136.0145,35.586],[136.015,35.5862],[136.0155,35.5862],[136.0162,35.5861],[136.017,35.5863],[136.0173,35.5866],[136.0189,35.5871],[136.02,35.5866],[136.0203,35.5864],[136.0222,35.5864],[136.0229,35.5862],[136.0238,35.5862],[136.0241,35.5865],[136.025,35.5873],[136.0252,35.5873],[136.0263,35.5862],[136.0262,35.5855],[136.0264,35.584],[136.0271,35.5826],[136.0271,35.5823],[136.0267,35.5814],[136.0263,35.581],[136.0263,35.5809],[136.0274,35.5805],[136.0279,35.5802],[136.0283,35.5796],[136.0287,35.5792],[136.0289,35.5788],[136.029,35.5783],[136.0292,35.578],[136.0294,35.5772],[136.0294,35.5764],[136.0296,35.5757],[136.0295,35.575],[136.0294,35.5745],[136.0295,35.5737],[136.0298,35.5732],[136.0298,35.5723],[136.0293,35.5718],[136.0291,35.5714],[136.0293,35.5708],[136.0292,35.5702],[136.0293,35.5699],[136.0297,35.5692],[136.0295,35.5687],[136.029,35.5684],[136.0286,35.568],[136.0283,35.5675],[136.0283,35.567],[136.0283,35.5664],[136.0282,35.5661],[136.0272,35.5655],[136.0271,35.5648],[136.0262,35.5642],[136.0251,35.5636],[136.0247,35.5632],[136.0245,35.5628],[136.0245,35.5625],[136.0243,35.562],[136.0241,35.5617],[136.0234,35.5611],[136.0233,35.5601],[136.0228,35.5585],[136.0228,35.5581],[136.0232,35.5574],[136.0232,35.557],[136.023,35.5562],[136.0231,35.5554],[136.024,35.5538],[136.0244,35.5532],[136.0245,35.5525],[136.0247,35.552],[136.0251,35.5513],[136.0251,35.5506],[136.0249,35.5495],[136.0245,35.5484],[136.0244,35.547],[136.0243,35.5467],[136.0239,35.5462],[136.0238,35.5458],[136.024,35.5454],[136.0244,35.545],[136.0247,35.5439],[136.0252,35.5435],[136.0267,35.543],[136.0277,35.5425],[136.0276,35.5418],[136.0273,35.541],[136.0273,35.5406],[136.0273,35.5396],[136.0269,35.5386],[136.0266,35.5373],[136.0266,35.5365],[136.027,35.5359],[136.0274,35.5355],[136.0275,35.5349],[136.0274,35.5344],[136.0274,35.5335],[136.027,35.5329],[136.0267,35.5324],[136.0267,35.5318],[136.0265,35.5299],[136.0265,35.5295],[136.0266,35.5295],[136.0278,35.5291],[136.0283,35.5291],[136.0291,35.5293],[136.0299,35.5294],[136.0305,35.5297],[136.0327,35.5301],[136.0336,35.5301],[136.0366,35.5307],[136.0371,35.5309],[136.038,35.5314],[136.0396,35.5316],[136.0409,35.5322],[136.0412,35.5321],[136.0419,35.5309],[136.0426,35.5307],[136.044,35.5307],[136.0448,35.5305],[136.0456,35.5304],[136.0461,35.5302],[136.0464,35.5302],[136.0468,35.5306],[136.0469,35.5309],[136.047,35.5321],[136.0477,35.5335],[136.048,35.5342],[136.0483,35.5345],[136.0495,35.5343],[136.0515,35.5341],[136.0524,35.5337],[136.0532,35.5332],[136.0537,35.5331],[136.0544,35.5333],[136.055,35.5335],[136.0558,35.5335],[136.0563,35.5329],[136.0573,35.5325],[136.0578,35.5319],[136.0583,35.5318],[136.0589,35.5318],[136.0594,35.5322],[136.0607,35.5319],[136.061,35.5315],[136.0611,35.5312],[136.0615,35.5302],[136.0618,35.5289],[136.062,35.5285],[136.0624,35.5281],[136.0638,35.5281],[136.0646,35.528],[136.0651,35.5282],[136.0654,35.5282],[136.066,35.5274],[136.0668,35.5269],[136.0674,35.5267],[136.0686,35.5263],[136.0692,35.5262],[136.0698,35.5264],[136.0703,35.5266],[136.0715,35.5273],[136.0724,35.5281],[136.0728,35.5289],[136.0743,35.5297],[136.0753,35.5298],[136.077,35.5305],[136.0775,35.5313],[136.0775,35.532],[136.0772,35.5325],[136.077,35.5332],[136.077,35.5337],[136.0767,35.5341],[136.0767,35.5344],[136.0769,35.5348],[136.0778,35.5353],[136.079,35.5356],[136.0794,35.5357],[136.0798,35.5364],[136.0805,35.5389],[136.0807,35.5392],[136.0811,35.5393],[136.0814,35.5395],[136.0815,35.5399],[136.0817,35.5401],[136.0827,35.5405],[136.0832,35.5406],[136.0842,35.54],[136.0846,35.5399],[136.0858,35.5396],[136.0866,35.5392],[136.0874,35.539],[136.0883,35.539],[136.0887,35.5389],[136.0892,35.5383],[136.0901,35.5377],[136.0909,35.5374],[136.0916,35.5374],[136.0924,35.5376],[136.0929,35.5376],[136.0936,35.5373],[136.094,35.5368],[136.0944,35.5361],[136.0954,35.5353],[136.0974,35.5339],[136.0981,35.5337],[136.0989,35.534],[136.0994,35.534],[136.0999,35.5337],[136.1002,35.5329],[136.1002,35.5324],[136.1003,35.5322],[136.1006,35.532],[136.101,35.532],[136.1016,35.5316],[136.1027,35.5309],[136.1038,35.5304],[136.1042,35.5301],[136.1044,35.5296],[136.1047,35.5294],[136.1053,35.5287],[136.1057,35.5289],[136.1065,35.529],[136.1072,35.5304],[136.1072,35.5307],[136.1066,35.532],[136.1062,35.5323],[136.1061,35.5326],[136.1061,35.533],[136.1064,35.5342],[136.1067,35.5346],[136.1068,35.5348],[136.1068,35.5358],[136.106,35.5369],[136.1062,35.5377],[136.1059,35.538],[136.1059,35.5383],[136.1061,35.5386],[136.107,35.5391],[136.1073,35.5395],[136.108,35.5401],[136.1081,35.5408],[136.1084,35.5414],[136.1088,35.542],[136.1091,35.5424],[136.1091,35.5426],[136.1089,35.5431],[136.1093,35.5435],[136.1094,35.5439],[136.1092,35.5444],[136.1094,35.5448],[136.1094,35.5451],[136.1089,35.5459],[136.1083,35.5463],[136.108,35.5467],[136.1079,35.5475],[136.1082,35.5482],[136.1086,35.5486],[136.1091,35.5497],[136.109,35.5498],[136.1085,35.5501],[136.1084,35.5503],[136.1084,35.5508],[136.1082,35.5512],[136.1078,35.5516],[136.1074,35.5525],[136.107,35.553],[136.1064,35.5534],[136.1063,35.5536],[136.1061,35.5543],[136.1054,35.5554],[136.1055,35.5557],[136.106,35.556],[136.1067,35.5568],[136.1072,35.5571],[136.1075,35.5574],[136.1084,35.5576],[136.1087,35.5578],[136.1088,35.5581],[136.1087,35.5588],[136.1089,35.559],[136.1101,35.5593],[136.1104,35.5596],[136.1105,35.56],[136.1103,35.5606],[136.1103,35.5611],[136.1105,35.5614],[136.1105,35.5626],[136.1107,35.5633],[136.1106,35.5636],[136.1098,35.5649],[136.1098,35.5652],[136.1095,35.566],[136.1089,35.5672],[136.1082,35.5679],[136.1079,35.5683],[136.1081,35.5686],[136.1086,35.5689],[136.1095,35.5691],[136.1099,35.5691],[136.1102,35.5694],[136.1103,35.57],[136.111,35.5707],[136.1112,35.5713],[136.1115,35.5718],[136.1115,35.5721],[136.1112,35.5729],[136.1113,35.573],[136.1122,35.5732],[136.1126,35.5734],[136.1129,35.574],[136.1127,35.5746],[136.1129,35.5752],[136.1127,35.5755],[136.1123,35.5757],[136.1123,35.5763],[136.1121,35.5767],[136.1121,35.5774],[136.1122,35.5777],[136.1121,35.5785],[136.1124,35.5792],[136.1122,35.5798],[136.1123,35.5803],[136.1127,35.581],[136.113,35.582],[136.1136,35.5828],[136.1141,35.583],[136.1153,35.5829],[136.1155,35.5829],[136.1161,35.5823],[136.1167,35.5819],[136.1169,35.5817],[136.1173,35.5808],[136.1172,35.5803],[136.1168,35.5798],[136.1167,35.5795],[136.1168,35.5788],[136.1178,35.5776],[136.1184,35.5771],[136.1192,35.5768],[136.1202,35.5768],[136.1208,35.5764],[136.1216,35.5762],[136.1233,35.5763],[136.1236,35.5762],[136.1243,35.576],[136.125,35.576],[136.1258,35.5758],[136.1264,35.5755],[136.1267,35.5755],[136.1277,35.5758],[136.1281,35.5758],[136.129,35.5753],[136.1299,35.5753],[136.1303,35.5752],[136.131,35.5749],[136.1323,35.5747],[136.1328,35.5745],[136.1341,35.5749],[136.135,35.5753],[136.1356,35.5757],[136.136,35.5758],[136.1366,35.5757],[136.1373,35.5753],[136.1375,35.5753],[136.1387,35.5757],[136.1391,35.5756],[136.1402,35.5747],[136.1411,35.5743],[136.1417,35.5739],[136.1421,35.5736],[136.1423,35.5732],[136.1425,35.5722],[136.1433,35.5711],[136.1445,35.5708],[136.1448,35.5706],[136.1455,35.5706],[136.1464,35.5708],[136.1467,35.5711],[136.1472,35.572],[136.1475,35.5721],[136.1481,35.572],[136.1487,35.5715],[136.1492,35.5714],[136.1496,35.5714],[136.1498,35.5718],[136.1499,35.5725],[136.1503,35.5729],[136.1509,35.5729],[136.1518,35.5727],[136.1534,35.5726],[136.1539,35.5725],[136.1543,35.5722],[136.1544,35.5719],[136.1548,35.5715],[136.1552,35.5715],[136.1559,35.5715],[136.1567,35.5715],[136.1571,35.5713],[136.1576,35.5712],[136.1585,35.5716],[136.1599,35.5719],[136.1605,35.5718],[136.1615,35.5715],[136.1623,35.5715],[136.163,35.5713],[136.1632,35.5711],[136.1636,35.5706],[136.1638,35.5698],[136.1639,35.5695],[136.1658,35.5668],[136.1664,35.5662],[136.1669,35.5654],[136.1672,35.5653],[136.1677,35.5653],[136.1682,35.5655],[136.169,35.5655],[136.1695,35.5657],[136.1699,35.5661],[136.1699,35.5663],[136.1693,35.5675],[136.1692,35.568],[136.1697,35.5685],[136.1695,35.5692],[136.1695,35.5698],[136.1703,35.5711],[136.1703,35.5714],[136.17,35.5716],[136.1699,35.5719],[136.1695,35.5739],[136.1696,35.5743],[136.1706,35.5755],[136.1706,35.5758],[136.1702,35.5764],[136.1691,35.5772],[136.1685,35.5775],[136.1678,35.5791],[136.1678,35.5803],[136.1675,35.5808],[136.1669,35.5812],[136.1667,35.5815],[136.1664,35.5822],[136.1665,35.5827],[136.1676,35.5839],[136.1684,35.5849],[136.1695,35.5857],[136.1705,35.5863],[136.171,35.5868],[136.1724,35.5883],[136.1725,35.5888],[136.1725,35.5896],[136.1727,35.5901],[136.1732,35.5907],[136.1741,35.5913],[136.1746,35.5917],[136.1751,35.592],[136.1756,35.5926],[136.1757,35.5933],[136.1759,35.5937],[136.1772,35.5947],[136.1775,35.595],[136.1775,35.5954],[136.1774,35.5957],[136.1767,35.5965],[136.1769,35.5972],[136.1768,35.5983],[136.1767,35.5985],[136.1761,35.599],[136.1753,35.6004],[136.1747,35.6018],[136.1744,35.6024],[136.1745,35.6032],[136.1744,35.6036],[136.1736,35.6041],[136.1732,35.6045],[136.1731,35.6055],[136.1723,35.6068],[136.1717,35.6072],[136.1712,35.6081],[136.1708,35.6087],[136.1708,35.6096],[136.1707,35.6104],[136.1704,35.6124],[136.1702,35.6127],[136.1693,35.6137],[136.1687,35.6142],[136.1683,35.6148],[136.1679,35.6157],[136.1674,35.6171],[136.1672,35.6178],[136.1669,35.6186],[136.1664,35.6188],[136.1657,35.6188],[136.1652,35.6189],[136.1649,35.6192],[136.1647,35.6195],[136.1643,35.62],[136.1643,35.6203],[136.1644,35.6205],[136.1643,35.6212],[136.1638,35.622],[136.1631,35.6225],[136.1628,35.6231],[136.1626,35.6239],[136.1617,35.6243],[136.1613,35.6248],[136.161,35.625],[136.1604,35.625],[136.1599,35.6252],[136.1598,35.6256],[136.1599,35.6259],[136.1603,35.6267],[136.1602,35.6273],[136.1593,35.6294],[136.1587,35.6296],[136.1587,35.63],[136.1592,35.6304],[136.1595,35.6309],[136.1596,35.6318],[136.1596,35.6329],[136.1596,35.6336],[136.1597,35.6341],[136.1599,35.6346],[136.1598,35.635],[136.1591,35.6352],[136.1583,35.6357],[136.1583,35.6361],[136.1585,35.6371],[136.1586,35.6376],[136.1585,35.6384],[136.1581,35.6395],[136.1578,35.64],[136.1574,35.6404],[136.1574,35.6408],[136.1573,35.6413],[136.157,35.6414],[136.1554,35.6418],[136.1549,35.6424],[136.1547,35.6427],[136.1547,35.6432],[136.1542,35.6436],[136.154,35.6442],[136.154,35.6445],[136.1543,35.6455],[136.1543,35.6461],[136.154,35.6463],[136.1536,35.6462],[136.1531,35.6461],[136.1529,35.6463],[136.1527,35.6468],[136.1515,35.6483],[136.1512,35.649],[136.1514,35.6497],[136.1516,35.65],[136.1525,35.6506],[136.1525,35.6507],[136.1512,35.6511],[136.151,35.6514],[136.1509,35.6516],[136.1511,35.6524],[136.1513,35.653],[136.1512,35.6533],[136.1508,35.6533],[136.1505,35.6535],[136.1501,35.6545],[136.1501,35.6548],[136.1505,35.6552],[136.1512,35.6554],[136.1513,35.6556],[136.1509,35.6563],[136.1507,35.6574],[136.1504,35.6581],[136.1504,35.6589],[136.15,35.6596],[136.1492,35.6603],[136.1491,35.6611],[136.149,35.6613],[136.1483,35.6622],[136.1478,35.6625],[136.1451,35.6632],[136.1445,35.6634],[136.1437,35.6638],[136.1424,35.664],[136.1418,35.6638],[136.1406,35.6638],[136.1399,35.6642],[136.1393,35.6649],[136.1379,35.6649],[136.1375,35.6651],[136.1364,35.6657],[136.136,35.6661],[136.1355,35.6673],[136.135,35.6675],[136.1347,35.668],[136.1347,35.6686],[136.1345,35.6694],[136.1345,35.6698],[136.1351,35.6704],[136.1355,35.671],[136.136,35.6714],[136.1361,35.6721],[136.1362,35.6724],[136.1366,35.6727],[136.1376,35.6728],[136.1379,35.6733],[136.138,35.6751],[136.1382,35.6753],[136.1389,35.6756],[136.1391,35.6757],[136.1398,35.677],[136.1398,35.6773],[136.1396,35.6776],[136.1396,35.678],[136.1399,35.6782],[136.1411,35.6787],[136.1415,35.679],[136.1423,35.679],[136.1428,35.6797],[136.143,35.6802],[136.1429,35.6808],[136.143,35.6811],[136.1433,35.6815],[136.1435,35.6822],[136.1435,35.683],[136.1439,35.6834],[136.1445,35.6839],[136.1447,35.6843],[136.1451,35.6844],[136.1453,35.6847],[136.1456,35.6856],[136.146,35.6865],[136.1463,35.687],[136.1466,35.6872],[136.1474,35.6873],[136.1481,35.6873],[136.1485,35.6877],[136.1489,35.6884],[136.149,35.6888],[136.1488,35.6893],[136.1492,35.69],[136.1495,35.6904],[136.1503,35.6911],[136.1503,35.6916],[136.1501,35.6923],[136.1501,35.693],[136.1503,35.6937],[136.1503,35.694],[136.1497,35.6947],[136.1497,35.6949],[136.1498,35.6954],[136.1501,35.696],[136.1506,35.6967],[136.1506,35.6971],[136.1503,35.6977],[136.1501,35.6981],[136.1493,35.6988],[136.1489,35.699],[136.1483,35.6991],[136.1476,35.699],[136.1471,35.6993],[136.147,35.6995],[136.147,35.7002],[136.1462,35.7008],[136.1453,35.7024],[136.1453,35.7027],[136.1456,35.703],[136.146,35.703],[136.1465,35.7028],[136.1468,35.7028],[136.1476,35.7031],[136.1481,35.7032],[136.1484,35.7035],[136.1485,35.7042],[136.149,35.7044],[136.1491,35.7046],[136.1491,35.7052],[136.149,35.7057],[136.1492,35.7063],[136.1492,35.7066],[136.149,35.707],[136.1486,35.7077],[136.1485,35.7082],[136.1484,35.7089],[136.1487,35.7092],[136.1488,35.7103],[136.1488,35.7107],[136.1485,35.7111],[136.1475,35.712],[136.147,35.7123],[136.1464,35.7126],[136.146,35.7132],[136.1457,35.7136],[136.1451,35.7136],[136.1438,35.7141],[136.1436,35.7143],[136.1432,35.7153],[136.143,35.7157],[136.1426,35.7161],[136.1414,35.7166],[136.1409,35.7169],[136.1396,35.7175],[136.139,35.7182],[136.1382,35.7189],[136.1363,35.7195],[136.1357,35.7199],[136.1349,35.721],[136.1337,35.7216],[136.1327,35.7223],[136.1322,35.7225],[136.132,35.7227],[136.1319,35.7232],[136.132,35.7233],[136.1328,35.7238],[136.1329,35.7242],[136.1334,35.7246],[136.1336,35.7249],[136.1335,35.7253],[136.1331,35.7257],[136.1336,35.7264],[136.1334,35.7272],[136.1337,35.7282],[136.1337,35.7286],[136.1334,35.7289],[136.1328,35.729],[136.1326,35.7299],[136.1326,35.7306],[136.1327,35.7315],[136.1328,35.7323],[136.1331,35.7328],[136.1334,35.7335],[136.1332,35.7344],[136.133,35.7349],[136.1327,35.7351],[136.1329,35.7363],[136.1326,35.7373],[136.132,35.738],[136.1314,35.739],[136.1311,35.7402],[136.1307,35.741],[136.1303,35.7412],[136.1294,35.7413],[136.1285,35.7415],[136.1278,35.7419],[136.1269,35.7425],[136.1267,35.7426],[136.1265,35.7431],[136.1264,35.7439],[136.1259,35.7442],[136.1256,35.7445],[136.1254,35.7453],[136.1256,35.7459],[136.1255,35.7461],[136.1247,35.7463],[136.1242,35.747],[136.1239,35.748],[136.1237,35.7484],[136.1234,35.7486],[136.1229,35.7485],[136.1225,35.7488],[136.1223,35.7492],[136.1222,35.7498],[136.1216,35.75],[136.121,35.7505],[136.1202,35.7507],[136.1197,35.7513],[136.1192,35.7516],[136.1186,35.7516],[136.1185,35.7518],[136.1187,35.7522],[136.119,35.7526],[136.119,35.7536],[136.1186,35.7538],[136.1184,35.7542],[136.1187,35.7549],[136.1185,35.7553],[136.1176,35.756],[136.1174,35.7565],[136.1174,35.7569],[136.1176,35.7577],[136.1175,35.7579],[136.1168,35.7585],[136.116,35.7588],[136.1158,35.7591],[136.1157,35.7596],[136.1157,35.7604],[136.1153,35.7622],[136.1149,35.7629],[136.1145,35.7634],[136.1143,35.7639],[136.1139,35.7643],[136.1133,35.7647],[136.1128,35.7654],[136.112,35.7658],[136.1111,35.7659],[136.11,35.7657],[136.1083,35.7652],[136.1079,35.7651],[136.1056,35.7654],[136.1025,35.7656],[136.102,35.7657],[136.1006,35.7656],[136.0995,35.7652],[136.0983,35.7652],[136.0984,35.7645],[136.0993,35.763],[136.0994,35.7627],[136.0993,35.7621],[136.099,35.7613],[136.0991,35.761],[136.0993,35.7608],[136.1001,35.7599],[136.1004,35.7598],[136.1008,35.7592],[136.1012,35.7582],[136.1014,35.7569],[136.1015,35.755],[136.1015,35.7542],[136.1014,35.7529],[136.1011,35.7527],[136.1005,35.7519],[136.1,35.751],[136.0999,35.7505],[136.0999,35.7501],[136.0997,35.7494],[136.0997,35.749],[136.0995,35.7483],[136.0996,35.7476],[136.0999,35.7471],[136.0999,35.7467],[136.0996,35.7462],[136.0992,35.7459],[136.0979,35.7444],[136.0968,35.7437],[136.0961,35.7432],[136.0957,35.7427],[136.0951,35.7423],[136.0946,35.7422],[136.0931,35.7421],[136.0926,35.7417],[136.0921,35.7418],[136.0918,35.7421],[136.0913,35.7421],[136.0909,35.742],[136.0908,35.7416],[136.0904,35.7413],[136.0899,35.7412],[136.0892,35.7413],[136.0891,35.7414],[136.0885,35.7414],[136.0882,35.7413],[136.088,35.7409],[136.0875,35.7407],[136.0875,35.7399],[136.087,35.7396],[136.0858,35.7394],[136.0864,35.7388],[136.0862,35.7384],[136.0865,35.7382],[136.0871,35.7382],[136.0874,35.7384],[136.0877,35.7384],[136.0885,35.7384],[136.0888,35.738],[136.0892,35.7376],[136.0897,35.7376],[136.0903,35.7374],[136.0907,35.7371],[136.0911,35.7372],[136.0919,35.7373],[136.0924,35.7366],[136.0932,35.7364],[136.0936,35.7366],[136.0943,35.7368],[136.0951,35.7368],[136.0955,35.7366],[136.0961,35.7359],[136.0967,35.7354],[136.097,35.7346],[136.0973,35.7338],[136.0972,35.7331],[136.0973,35.7327],[136.0971,35.7323],[136.097,35.7318],[136.0969,35.7312],[136.0965,35.7309],[136.0965,35.7307],[136.096,35.7302],[136.096,35.7295],[136.0965,35.7289],[136.0969,35.7288],[136.0975,35.728],[136.0979,35.7273],[136.0983,35.7267],[136.0986,35.7263],[136.0986,35.7256],[136.098,35.7247],[136.0977,35.7239],[136.0966,35.7228],[136.096,35.7226],[136.0959,35.7225],[136.0958,35.7218],[136.0954,35.7213],[136.0955,35.721],[136.095,35.72],[136.0935,35.7188],[136.0927,35.718],[136.092,35.7171],[136.0917,35.717],[136.0914,35.7171],[136.091,35.7169],[136.0911,35.7159],[136.0915,35.7157],[136.0913,35.7154],[136.091,35.7153],[136.091,35.7151],[136.0912,35.7147],[136.0911,35.7143],[136.0913,35.7138],[136.0911,35.7133],[136.0914,35.7132],[136.0916,35.7127],[136.0922,35.7121],[136.0924,35.711],[136.0919,35.7107],[136.0916,35.7104],[136.0914,35.71],[136.0906,35.7096],[136.0902,35.7092],[136.0899,35.7088],[136.0889,35.7084],[136.0883,35.7079],[136.0876,35.7077],[136.087,35.7074],[136.0867,35.7076],[136.0864,35.7077],[136.086,35.7074],[136.0854,35.7075],[136.0842,35.7074],[136.0837,35.7069],[136.0834,35.7064],[136.0835,35.7058],[136.083,35.7052],[136.0821,35.7049],[136.0811,35.7047],[136.0804,35.7048],[136.0799,35.7047],[136.0795,35.7048],[136.0792,35.7046],[136.0792,35.7042],[136.0785,35.7036],[136.0786,35.703],[136.079,35.7025],[136.079,35.7022],[136.0797,35.7017],[136.0803,35.701],[136.0808,35.7002],[136.0815,35.6998],[136.0816,35.6995],[136.0814,35.6988],[136.081,35.6979],[136.0801,35.6973],[136.0803,35.6969],[136.0805,35.6964],[136.0803,35.6957],[136.0809,35.6949],[136.0811,35.6946],[136.0812,35.6939],[136.0812,35.6934],[136.0807,35.6928],[136.081,35.6925],[136.0812,35.692],[136.0812,35.6911],[136.0814,35.6901],[136.0814,35.6892],[136.0822,35.6887],[136.0829,35.6884],[136.0833,35.6881],[136.0836,35.6875],[136.0838,35.6874],[136.0847,35.6874],[136.0854,35.687],[136.0859,35.6866],[136.086,35.686],[136.0862,35.6853],[136.0861,35.6848],[136.086,35.6846],[136.0854,35.6848],[136.0851,35.6839],[136.0847,35.6832],[136.0842,35.6825],[136.0838,35.6827],[136.083,35.6818],[136.0825,35.6814],[136.0817,35.6813],[136.0809,35.6807],[136.0802,35.6804],[136.0797,35.6804],[136.0792,35.6805],[136.0791,35.6801],[136.0787,35.6801],[136.0786,35.6807],[136.0781,35.6804],[136.0775,35.6804],[136.0775,35.6798],[136.0771,35.6797],[136.0765,35.6799],[136.0756,35.6797],[136.0756,35.6795],[136.0714,35.6795],[136.0634,35.6795],[136.0634,35.6794],[136.0698,35.6794],[136.0707,35.6794],[136.0707,35.6783],[136.0709,35.6781],[136.0736,35.6784],[136.0736,35.6781],[136.0743,35.6781],[136.0743,35.6674],[136.0729,35.6677],[136.0729,35.667],[136.0728,35.6666],[136.0716,35.6657],[136.0707,35.6654],[136.0701,35.6653],[136.0701,35.6659],[136.0668,35.6659],[136.0668,35.6682],[136.0633,35.6682],[136.0626,35.6681],[136.0625,35.6654],[136.0628,35.6653],[136.0628,35.6648],[136.0621,35.664],[136.0619,35.6639],[136.061,35.664],[136.0582,35.6643],[136.0623,35.6638],[136.0627,35.6638],[136.0679,35.6643],[136.0679,35.6641],[136.0717,35.6631],[136.0723,35.6627],[136.0725,35.6623],[136.0726,35.6612],[136.0722,35.6607],[136.0718,35.6607],[136.0656,35.6592],[136.0648,35.6592],[136.0647,35.6606],[136.0644,35.6605],[136.0643,35.6613],[136.0595,35.6608],[136.0593,35.66],[136.0602,35.6598],[136.0636,35.6602],[136.0636,35.6585],[136.0597,35.6574],[136.0596,35.6572],[136.0588,35.657],[136.0579,35.6571],[136.0573,35.6568],[136.056,35.6567],[136.0553,35.6569],[136.0548,35.6567],[136.0528,35.6567],[136.0504,35.6569],[136.0483,35.6571],[136.0475,35.6572],[136.0465,35.6574],[136.0458,35.6577],[136.0448,35.6582],[136.0439,35.6588],[136.0442,35.6592],[136.0443,35.6595],[136.0432,35.66],[136.0437,35.661],[136.0437,35.6611],[136.044,35.6619],[136.0442,35.6621],[136.0452,35.6626],[136.0453,35.6631],[136.0456,35.6635],[136.0452,35.6636],[136.0451,35.6639],[136.044,35.6644],[136.0441,35.6647],[136.0434,35.6651],[136.0431,35.6656],[136.0429,35.6661],[136.0428,35.6663],[136.0424,35.667],[136.0423,35.6679],[136.0427,35.6683],[136.0428,35.6695],[136.0421,35.67],[136.0419,35.6705],[136.0415,35.6708],[136.0413,35.6707],[136.0408,35.6709],[136.0403,35.6712],[136.0396,35.6713],[136.0386,35.6717],[136.0385,35.6719],[136.0378,35.6722],[136.0376,35.6728],[136.037,35.6732],[136.0369,35.6736],[136.0368,35.674],[136.0363,35.6756],[136.036,35.676],[136.0355,35.6759],[136.0351,35.6755],[136.0348,35.6754],[136.0341,35.6755],[136.0334,35.6757],[136.0322,35.6762],[136.0315,35.6767],[136.0303,35.6773],[136.0302,35.6776],[136.0286,35.6789],[136.0281,35.679],[136.0274,35.6788],[136.0269,35.6789],[136.0265,35.6791],[136.0259,35.6797],[136.0255,35.6803],[136.0254,35.681],[136.0254,35.6817],[136.0255,35.6822],[136.0253,35.6823],[136.0255,35.6835],[136.0258,35.6844],[136.026,35.6849],[136.0268,35.6862],[136.0271,35.6866],[136.0286,35.6884],[136.0294,35.689],[136.0301,35.6897],[136.0301,35.6899],[136.0312,35.6913],[136.0315,35.6916],[136.0328,35.6926],[136.034,35.693],[136.0342,35.6932],[136.0351,35.6936],[136.0357,35.6941],[136.0362,35.6943],[136.0371,35.6945],[136.0379,35.6946],[136.0381,35.6947],[136.0389,35.6943],[136.0392,35.6941],[136.039,35.6938],[136.0396,35.6931],[136.0397,35.6925],[136.0398,35.6922],[136.0397,35.6919],[136.0406,35.6916],[136.0412,35.6917],[136.0416,35.6915],[136.0426,35.6916],[136.0434,35.6914],[136.0437,35.691],[136.0442,35.6911],[136.0443,35.6916],[136.0441,35.6923],[136.0443,35.694],[136.0446,35.6941],[136.0449,35.6948],[136.0447,35.696],[136.0446,35.6961],[136.0444,35.6969],[136.0444,35.6976],[136.0442,35.698],[136.0438,35.6983],[136.0428,35.6984],[136.0417,35.6983],[136.0413,35.6984],[136.041,35.6986],[136.0407,35.6992],[136.0407,35.6995],[136.0412,35.7],[136.0412,35.701],[136.0415,35.7015],[136.0414,35.7017],[136.0413,35.7021],[136.0415,35.7026],[136.0421,35.7033],[136.0425,35.704],[136.0428,35.7044],[136.044,35.7049],[136.0443,35.7051],[136.0443,35.7055],[136.0437,35.7057],[136.0434,35.7059],[136.0429,35.7059],[136.0424,35.7058],[136.0418,35.7059],[136.0409,35.7065],[136.0397,35.7073],[136.0392,35.7077],[136.0384,35.7085],[136.038,35.7092],[136.0377,35.7098],[136.0377,35.7102],[136.0382,35.7107],[136.0387,35.7113],[136.0389,35.7119],[136.0392,35.7124],[136.0397,35.7122],[136.0397,35.7125],[136.04,35.7129],[136.0397,35.7131],[136.0399,35.7135],[136.0398,35.7142],[136.0397,35.7145],[136.0394,35.7148],[136.0391,35.7154],[136.0375,35.7165],[136.0365,35.7175],[136.0361,35.7181],[136.0359,35.7187],[136.0361,35.7199],[136.0359,35.7204],[136.0358,35.721],[136.036,35.7216],[136.0361,35.7223],[136.0363,35.7226],[136.0365,35.7232],[136.0371,35.7238],[136.0375,35.7244],[136.0379,35.7248],[136.0381,35.725],[136.0384,35.7252],[136.0385,35.7256],[136.0383,35.7259],[136.0382,35.7265],[136.0384,35.7267],[136.038,35.7272],[136.0375,35.7279],[136.0374,35.7283],[136.037,35.7287],[136.0364,35.7296],[136.0358,35.73],[136.0354,35.7304],[136.0347,35.7308],[136.0342,35.7313],[136.0339,35.732],[136.0336,35.7325],[136.0329,35.7332],[136.0328,35.7338],[136.032,35.734],[136.031,35.7341],[136.0305,35.7345],[136.0302,35.7353],[136.0302,35.7358],[136.0295,35.736],[136.0286,35.7366],[136.0283,35.737],[136.0281,35.7374],[136.0283,35.7384],[136.0285,35.7387],[136.0285,35.7392],[136.028,35.7392],[136.0281,35.7397],[136.0283,35.7399],[136.0282,35.7406],[136.0277,35.7414],[136.0272,35.7417],[136.0268,35.7421],[136.0258,35.7427],[136.0247,35.743],[136.0239,35.7437],[136.0231,35.7443],[136.0228,35.7447],[136.0225,35.7454],[136.0227,35.7463],[136.0229,35.7467],[136.0229,35.747],[136.0232,35.7474],[136.0227,35.7481],[136.022,35.7488],[136.024,35.75],[136.0259,35.7484],[136.0268,35.7477],[136.0272,35.7472],[136.0276,35.747],[136.0278,35.7466],[136.0278,35.7464],[136.0283,35.7459],[136.0288,35.7452],[136.0292,35.7446],[136.03,35.744],[136.0307,35.7433],[136.0315,35.7429],[136.032,35.7427],[136.0324,35.7424],[136.0328,35.7419],[136.0333,35.7415],[136.0342,35.7412],[136.0342,35.7408],[136.0344,35.7406],[136.0349,35.7403],[136.0351,35.7398],[136.0358,35.7394],[136.0364,35.7392],[136.037,35.7388],[136.0376,35.7388],[136.0377,35.7391],[136.0374,35.7394],[136.0373,35.7399],[136.0368,35.74],[136.0364,35.7403],[136.0361,35.7408],[136.0363,35.7408],[136.0363,35.7413],[136.0363,35.7419],[136.036,35.7423],[136.0356,35.7425],[136.0354,35.7428],[136.035,35.7431],[136.0347,35.7438],[136.0348,35.7442],[136.0343,35.7449],[136.0337,35.7453],[136.0334,35.7459],[136.0329,35.7471],[136.033,35.7474],[136.0329,35.7483],[136.0328,35.7485],[136.0328,35.7492],[136.0327,35.7494],[136.0328,35.75],[136.0325,35.7507],[136.0313,35.7524],[136.0311,35.7524],[136.0303,35.7532],[136.0294,35.7536],[136.0291,35.7536],[136.0266,35.7545],[136.026,35.7548],[136.0254,35.7554],[136.0245,35.7569],[136.0241,35.7579],[136.0243,35.7581],[136.0239,35.7587],[136.0235,35.7599],[136.0235,35.7604],[136.0231,35.7606],[136.0221,35.7616],[136.0217,35.7622],[136.0214,35.7624],[136.0207,35.7631],[136.0205,35.7632],[136.02,35.7637],[136.0192,35.7639],[136.0191,35.764],[136.0182,35.7641],[136.0177,35.7641],[136.0173,35.7638],[136.0168,35.7637],[136.0167,35.763],[136.0163,35.7622],[136.0162,35.761],[136.0162,35.7607],[136.0157,35.7603],[136.0152,35.7599],[136.0141,35.7597],[136.0138,35.7596],[136.0132,35.7586],[136.0125,35.7583],[136.012,35.7582],[136.011,35.7583],[136.0105,35.7583],[136.0101,35.7575],[136.0102,35.7573],[136.01,35.7569],[136.0096,35.7569],[136.0094,35.7562],[136.0091,35.7553],[136.0091,35.7549],[136.0096,35.7546],[136.0096,35.7542],[136.0074,35.7551],[136.0074,35.7552],[136.0054,35.7561],[136.0028,35.7545],[136.0031,35.7545],[136.0043,35.7552],[136.005,35.755],[136.0057,35.7542],[136.0043,35.7534],[136.0038,35.754],[136.0036,35.7539],[136.0026,35.7523],[136.0027,35.7522],[136.0012,35.7499],[136.0005,35.7501],[136,35.75],[135.9994,35.7499],[135.9989,35.7496],[135.9977,35.7493],[135.9972,35.7496],[135.9968,35.7495],[135.9966,35.7493],[135.9959,35.7492],[135.9952,35.7488],[135.9948,35.7487],[135.9941,35.7487],[135.9936,35.7489],[135.9934,35.7483],[135.9935,35.7475],[135.9927,35.7467],[135.992,35.7462],[135.9916,35.7458],[135.9916,35.7456],[135.9913,35.7451],[135.9902,35.7443],[135.9897,35.744],[135.989,35.7435],[135.9889,35.7431],[135.9881,35.7424],[135.988,35.7421],[135.9874,35.7419],[135.987,35.7415],[135.9856,35.7405],[135.9845,35.7397],[135.9824,35.7386],[135.9809,35.7377],[135.9811,35.7375],[135.984,35.7392],[135.9848,35.739],[135.9834,35.7367],[135.9838,35.7364],[135.9842,35.7358],[135.9833,35.7352],[135.9829,35.7345],[135.9826,35.7342],[135.9823,35.734],[135.9813,35.7333],[135.9811,35.7331],[135.9803,35.7328],[135.98,35.7328],[135.9792,35.7333],[135.9789,35.733],[135.9787,35.7325],[135.9784,35.7324],[135.9776,35.7324],[135.9772,35.7323],[135.977,35.7324],[135.976,35.7325],[135.976,35.733],[135.9752,35.7331],[135.9751,35.7332],[135.9754,35.7345],[135.9753,35.7347],[135.9748,35.735],[135.9746,35.7348],[135.9743,35.7349],[135.9744,35.7353],[135.9739,35.7354],[135.9737,35.7352],[135.9729,35.7346],[135.9721,35.7344],[135.9719,35.7345],[135.9712,35.7351],[135.9707,35.7352],[135.9703,35.7351],[135.9684,35.7351],[135.9683,35.7355],[135.9679,35.7356],[135.9678,35.7354],[135.9678,35.735],[135.9684,35.7341],[135.9684,35.7336],[135.9681,35.7332],[135.9675,35.7325],[135.9669,35.7324],[135.9666,35.7325],[135.9652,35.7326],[135.9651,35.7323],[135.9654,35.7319],[135.9653,35.7317],[135.9649,35.7313],[135.9646,35.7309],[135.9646,35.7301]],[[136.0562,35.6578],[136.0549,35.6577],[136.0549,35.6578],[136.0562,35.6579],[136.0562,35.6578]],[[136.0565,35.6578],[136.0565,35.6579],[136.0579,35.6581],[136.0579,35.658],[136.0565,35.6578]],[[136.0417,35.7349],[136.0412,35.7349],[136.0415,35.7352],[136.0417,35.736],[136.0417,35.7367],[136.041,35.7373],[136.0394,35.7384],[136.0388,35.7386],[136.0387,35.7388],[136.0396,35.7386],[136.0409,35.7381],[136.0412,35.7379],[136.0413,35.7375],[136.0418,35.7369],[136.042,35.7362],[136.0423,35.7355],[136.0419,35.7356],[136.0417,35.7354],[136.0417,35.7349]],[[136.0802,35.6818],[136.0812,35.6824],[136.0813,35.6824],[136.0802,35.6817],[136.0802,35.6818]],[[136.0086,35.7581],[136.0089,35.7582],[136.009,35.7578],[136.0085,35.7577],[136.0086,35.7581]],[[136.0087,35.7567],[136.0088,35.7563],[136.0085,35.7563],[136.0087,35.7567]],[[136.0092,35.7564],[136.0092,35.7559],[136.009,35.7556],[136.0088,35.7558],[136.0089,35.7562],[136.0092,35.7564]],[[136.0094,35.7575],[136.0095,35.7579],[136.0098,35.7578],[136.0096,35.7576],[136.0094,35.7575]],[[136.0124,35.7598],[136.0124,35.7602],[136.0126,35.7604],[136.013,35.7603],[136.013,35.76],[136.0124,35.7598]],[[136.0133,35.76],[136.0134,35.7595],[136.013,35.7596],[136.0133,35.76]],[[136.0165,35.7641],[136.0162,35.7637],[136.0157,35.7638],[136.0158,35.7641],[136.0165,35.7641]]]},"properties":{"N03_001":"福井県","N03_002":"","N03_003":"","N03_004":"敦賀市","N03_007":"18202"}},
{"type":"Feature","geometry":{"type":"Polygon","coordinates":[[[135.6452,35.4786],[135.6451,35.4779],[135.6448,35.4776],[135.6448,35.4771],[135.6451,35.4764],[135.6448,35.4758],[135.6448,35.4752],[135.645,35.4748],[135.6457,35.4736],[135.6461,35.4734],[135.6465,35.473],[135.6469,35.4725],[135.6468,35.4717],[135.6468,35.471],[135.6463,35.4704],[135.6462,35.4698],[135.6468,35.4693],[135.6474,35.4685],[135.6475,35.4682],[135.6472,35.4677],[135.6472,35.4673],[135.6476,35.4669],[135.6477,35.4661],[135.6482,35.4657],[135.6485,35.4652],[135.6485,35.465],[135.6481,35.4647],[135.6473,35.4645],[135.6464,35.464],[135.6458,35.4635],[135.6454,35.4634],[135.6446,35.4633],[135.6439,35.463],[135.643,35.4629],[135.6425,35.4626],[135.6423,35.4621],[135.6419,35.4617],[135.6415,35.4613],[135.6413,35.4606],[135.6414,35.46],[135.6412,35.4597],[135.6408,35.4592],[135.6408,35.459],[135.6414,35.4582],[135.6414,35.4578],[135.6413,35.4565],[135.6416,35.456],[135.6423,35.4558],[135.6426,35.4556],[135.6435,35.4553],[135.6438,35.455],[135.644,35.4544],[135.6447,35.4539],[135.6454,35.4534],[135.6459,35.4531],[135.6466,35.4527],[135.6469,35.452],[135.6472,35.4505],[135.6472,35.4501],[135.6467,35.45],[135.6448,35.4495],[135.6446,35.4493],[135.6445,35.4487],[135.6442,35.4484],[135.6432,35.4481],[135.6425,35.448],[135.6417,35.4477],[135.6411,35.4476],[135.6406,35.4477],[135.6401,35.4476],[135.6397,35.4474],[135.6395,35.4469],[135.6392,35.4468],[135.6386,35.4468],[135.6384,35.4472],[135.638,35.4472],[135.6364,35.4471],[135.6359,35.4469],[135.6349,35.446],[135.6342,35.4458],[135.6337,35.4457],[135.6331,35.4453],[135.6324,35.445],[135.6319,35.4446],[135.6316,35.4446],[135.631,35.4447],[135.6302,35.4451],[135.628,35.4456],[135.6274,35.4457],[135.6268,35.4455],[135.6263,35.4456],[135.6258,35.4455],[135.6252,35.4455],[135.6245,35.4454],[135.6235,35.4453],[135.6224,35.4453],[135.6222,35.4447],[135.6215,35.4441],[135.6213,35.4438],[135.6207,35.4432],[135.6207,35.4427],[135.6208,35.442],[135.621,35.4417],[135.621,35.4415],[135.6207,35.4412],[135.6199,35.4411],[135.6194,35.4413],[135.6184,35.4413],[135.6178,35.4403],[135.6173,35.4401],[135.6161,35.4401],[135.6154,35.4402],[135.6142,35.4405],[135.6131,35.4411],[135.6128,35.4411],[135.6123,35.4409],[135.6119,35.4411],[135.6111,35.4415],[135.6104,35.4415],[135.6092,35.4413],[135.6088,35.441],[135.6087,35.4408],[135.6081,35.4405],[135.6074,35.4405],[135.6067,35.4405],[135.6064,35.4403],[135.6064,35.4399],[135.6054,35.4395],[135.6051,35.4393],[135.6046,35.4386],[135.6044,35.438],[135.6042,35.4379],[135.6029,35.4372],[135.6023,35.4366],[135.6019,35.4365],[135.6012,35.4365],[135.6007,35.4362],[135.6007,35.4357],[135.6005,35.4354],[135.6,35.435],[135.5995,35.4345],[135.5989,35.4344],[135.5981,35.4343],[135.5976,35.4341],[135.5971,35.4341],[135.5962,35.4344],[135.5958,35.4344],[135.5952,35.4342],[135.5949,35.4342],[135.5938,35.4343],[135.593,35.4346],[135.5926,35.4346],[135.5916,35.4335],[135.5913,35.4333],[135.5907,35.4335],[135.5902,35.4336],[135.5896,35.4334],[135.589,35.433],[135.5889,35.4326],[135.589,35.432],[135.5887,35.4305],[135.5889,35.4301],[135.5898,35.4298],[135.5904,35.4294],[135.5907,35.4288],[135.5913,35.4283],[135.5916,35.4281],[135.5926,35.4278],[135.5934,35.4271],[135.5947,35.4262],[135.5959,35.4257],[135.5964,35.4256],[135.5975,35.4254],[135.598,35.4252],[135.5984,35.4247],[135.5984,35.4244],[135.5981,35.4236],[135.5981,35.4231],[135.5982,35.4223],[135.5986,35.4215],[135.5984,35.4207],[135.5987,35.4201],[135.5986,35.4198],[135.5988,35.4191],[135.5991,35.4188],[135.5994,35.4188],[135.6002,35.4185],[135.6008,35.418],[135.6011,35.4179],[135.6014,35.418],[135.602,35.4179],[135.6024,35.4177],[135.6029,35.4175],[135.6035,35.4175],[135.6038,35.4173],[135.6039,35.4169],[135.6042,35.4165],[135.6045,35.4158],[135.6049,35.416],[135.6056,35.416],[135.6061,35.4159],[135.6068,35.416],[135.6072,35.4163],[135.608,35.4166],[135.6086,35.417],[135.6101,35.4171],[135.6106,35.4169],[135.6113,35.4162],[135.6118,35.416],[135.6129,35.416],[135.6133,35.4158],[135.6137,35.4155],[135.6137,35.4151],[135.614,35.4148],[135.6145,35.4145],[135.615,35.4144],[135.6153,35.4145],[135.6162,35.4157],[135.6163,35.4159],[135.617,35.4163],[135.6186,35.417],[135.619,35.4173],[135.6192,35.4176],[135.6197,35.4188],[135.62,35.4192],[135.62,35.4198],[135.6199,35.4202],[135.6197,35.4204],[135.6197,35.4207],[135.62,35.421],[135.6209,35.4219],[135.6212,35.422],[135.6219,35.4215],[135.6222,35.4214],[135.6231,35.4217],[135.624,35.4218],[135.6251,35.4215],[135.6268,35.4213],[135.6278,35.4214],[135.6284,35.4216],[135.6298,35.4227],[135.6299,35.423],[135.6297,35.4234],[135.6298,35.4238],[135.6302,35.4244],[135.631,35.4255],[135.6314,35.4259],[135.6319,35.4265],[135.6321,35.4267],[135.6326,35.4266],[135.6335,35.4262],[135.6343,35.4263],[135.635,35.426],[135.6358,35.4261],[135.6362,35.4261],[135.6368,35.4259],[135.6376,35.425],[135.6377,35.4247],[135.6385,35.4247],[135.6391,35.4251],[135.6397,35.4251],[135.641,35.4245],[135.6411,35.4243],[135.6412,35.4237],[135.6415,35.4233],[135.6416,35.4229],[135.6417,35.4219],[135.6421,35.4213],[135.6421,35.4206],[135.6422,35.4201],[135.6426,35.4193],[135.6431,35.4178],[135.6435,35.4171],[135.6435,35.4167],[135.6442,35.4167],[135.6447,35.4169],[135.6451,35.4172],[135.6456,35.4173],[135.6461,35.4173],[135.6468,35.4172],[135.6473,35.4171],[135.6478,35.4172],[135.6484,35.4171],[135.65,35.416],[135.6502,35.416],[135.6516,35.416],[135.6521,35.4162],[135.6528,35.4161],[135.6534,35.4158],[135.6544,35.4157],[135.6553,35.4151],[135.6556,35.4146],[135.656,35.4144],[135.6565,35.4139],[135.657,35.4131],[135.6572,35.4129],[135.658,35.4133],[135.659,35.4136],[135.6596,35.4136],[135.66,35.4134],[135.6605,35.4134],[135.6608,35.4136],[135.6612,35.4135],[135.6613,35.4127],[135.6622,35.4122],[135.6628,35.4119],[135.6632,35.4114],[135.6635,35.4113],[135.6644,35.4111],[135.6653,35.4105],[135.6657,35.4103],[135.6662,35.4102],[135.6677,35.4104],[135.6679,35.4105],[135.6678,35.411],[135.6679,35.4121],[135.6684,35.4129],[135.669,35.4135],[135.6693,35.4138],[135.6694,35.4143],[135.6695,35.4149],[135.6697,35.4152],[135.6705,35.4159],[135.6709,35.4162],[135.6714,35.4169],[135.6717,35.4172],[135.6725,35.4179],[135.673,35.418],[135.674,35.4178],[135.6745,35.4178],[135.676,35.4179],[135.6767,35.4181],[135.6772,35.4181],[135.6778,35.418],[135.6784,35.4181],[135.6793,35.4183],[135.6805,35.4185],[135.681,35.4186],[135.6821,35.4187],[135.6821,35.4177],[135.682,35.4172],[135.682,35.4165],[135.6823,35.4155],[135.6837,35.4155],[135.6847,35.4152],[135.6855,35.4147],[135.6863,35.4142],[135.687,35.4139],[135.6873,35.4136],[135.6882,35.4129],[135.6886,35.4128],[135.6893,35.4128],[135.6898,35.4127],[135.6903,35.4123],[135.6906,35.4117],[135.6909,35.4115],[135.6914,35.4112],[135.6923,35.4112],[135.6927,35.411],[135.693,35.4107],[135.6935,35.4103],[135.6939,35.4103],[135.6945,35.4105],[135.6952,35.4104],[135.6964,35.4101],[135.6978,35.4102],[135.6982,35.4102],[135.7002,35.4099],[135.7008,35.4096],[135.7019,35.4094],[135.7025,35.4094],[135.7029,35.4096],[135.7035,35.4102],[135.7044,35.4104],[135.7047,35.4108],[135.7049,35.4108],[135.7054,35.4104],[135.7062,35.4102],[135.7069,35.4101],[135.7075,35.4099],[135.7088,35.4093],[135.7093,35.4093],[135.71,35.4094],[135.7118,35.4092],[135.7122,35.409],[135.7128,35.409],[135.7135,35.4095],[135.7137,35.4097],[135.7139,35.4104],[135.7143,35.4108],[135.7146,35.4119],[135.7153,35.4124],[135.7159,35.4131],[135.7165,35.4136],[135.7169,35.4137],[135.7178,35.4137],[135.7183,35.4139],[135.7188,35.4142],[135.7193,35.4148],[135.72,35.4149],[135.721,35.4147],[135.722,35.4141],[135.7224,35.4141],[135.7239,35.4141],[135.7253,35.4139],[135.7259,35.4138],[135.7268,35.4138],[135.7277,35.4139],[135.728,35.4141],[135.7282,35.4146],[135.7286,35.4152],[135.729,35.4155],[135.729,35.4159],[135.729,35.4165],[135.7295,35.4171],[135.7298,35.4177],[135.73,35.4185],[135.7306,35.4185],[135.7323,35.4184],[135.7334,35.4182],[135.7338,35.4179],[135.7342,35.4174],[135.735,35.417],[135.7362,35.416],[135.7367,35.416],[135.7379,35.4164],[135.7385,35.4165],[135.7395,35.417],[135.7402,35.4169],[135.7419,35.4164],[135.7423,35.4163],[135.7427,35.4161],[135.7434,35.4154],[135.744,35.4152],[135.7443,35.4148],[135.745,35.4147],[135.7461,35.4144],[135.7468,35.4146],[135.7472,35.4148],[135.7475,35.4147],[135.748,35.4142],[135.7483,35.4141],[135.7491,35.4139],[135.7496,35.4137],[135.7506,35.4135],[135.7513,35.4136],[135.7517,35.4134],[135.7527,35.4132],[135.7534,35.4129],[135.7548,35.4124],[135.7556,35.4123],[135.7566,35.4112],[135.7569,35.4107],[135.7577,35.41],[135.758,35.4098],[135.7589,35.4097],[135.7598,35.4098],[135.7602,35.4099],[135.7604,35.4098],[135.7606,35.4092],[135.7613,35.4084],[135.7622,35.4075],[135.7624,35.407],[135.7632,35.406],[135.7635,35.4055],[135.7639,35.405],[135.7649,35.4047],[135.7668,35.4044],[135.7674,35.4042],[135.768,35.4039],[135.7686,35.403],[135.7692,35.4024],[135.7698,35.4016],[135.7701,35.4009],[135.7701,35.4007],[135.7697,35.4003],[135.7696,35.3997],[135.7698,35.399],[135.7698,35.3978],[135.77,35.3972],[135.7702,35.397],[135.7714,35.3966],[135.7717,35.3965],[135.7719,35.3955],[135.7723,35.395],[135.7729,35.3945],[135.7738,35.3935],[135.7746,35.3937],[135.7756,35.3936],[135.7764,35.394],[135.777,35.3943],[135.7773,35.3943],[135.778,35.3938],[135.7786,35.3936],[135.779,35.3933],[135.78,35.3924],[135.7807,35.3922],[135.7819,35.392],[135.7824,35.3918],[135.7829,35.3919],[135.7835,35.3917],[135.7842,35.3918],[135.7851,35.3916],[135.7857,35.3914],[135.7869,35.3904],[135.7882,35.39],[135.7886,35.3898],[135.789,35.3891],[135.789,35.3886],[135.7893,35.3876],[135.7896,35.3872],[135.7902,35.3869],[135.7909,35.3866],[135.7926,35.387],[135.7941,35.3874],[135.7952,35.3874],[135.7966,35.387],[135.7978,35.3864],[135.7986,35.3857],[135.7991,35.3849],[135.7994,35.3849],[135.8002,35.3851],[135.8011,35.385],[135.8023,35.3851],[135.8031,35.3851],[135.8036,35.3849],[135.8047,35.3844],[135.8052,35.3844],[135.8068,35.3849],[135.8075,35.3854],[135.8078,35.3859],[135.8079,35.3869],[135.8081,35.3874],[135.8088,35.3882],[135.8089,35.3891],[135.8093,35.3901],[135.81,35.3911],[135.8101,35.3915],[135.8101,35.3918],[135.8092,35.3923],[135.8083,35.3931],[135.8081,35.3936],[135.808,35.394],[135.808,35.3944],[135.8081,35.3952],[135.8088,35.397],[135.8094,35.3979],[135.8095,35.3983],[135.8094,35.3993],[135.8094,35.3996],[135.81,35.4002],[135.8101,35.4011],[135.8103,35.4019],[135.8103,35.4024],[135.8105,35.403],[135.8106,35.4033],[135.8104,35.4043],[135.8105,35.405],[135.8107,35.4062],[135.8106,35.4085],[135.8108,35.4095],[135.8115,35.4107],[135.8121,35.4113],[135.8128,35.4124],[135.8132,35.413],[135.8138,35.4133],[135.8147,35.4131],[135.8152,35.4132],[135.8157,35.4131],[135.8165,35.4127],[135.8172,35.4127],[135.8192,35.4125],[135.8208,35.413],[135.8218,35.4135],[135.8229,35.414],[135.8238,35.4144],[135.8245,35.4147],[135.8251,35.4146],[135.8255,35.4144],[135.8259,35.4144],[135.8267,35.4147],[135.827,35.4146],[135.8277,35.4143],[135.8287,35.4138],[135.8292,35.4135],[135.8304,35.4132],[135.8313,35.4127],[135.8318,35.4123],[135.832,35.4122],[135.8326,35.4125],[135.8328,35.4125],[135.8333,35.4122],[135.8339,35.412],[135.8363,35.412],[135.8368,35.4121],[135.8371,35.4125],[135.8376,35.4134],[135.8378,35.4137],[135.8384,35.4142],[135.8388,35.4144],[135.8393,35.4143],[135.8402,35.4138],[135.8407,35.4134],[135.8412,35.4131],[135.8419,35.413],[135.8425,35.413],[135.8438,35.4132],[135.8442,35.4131],[135.8448,35.4125],[135.8457,35.4117],[135.846,35.4114],[135.8463,35.4113],[135.8472,35.4115],[135.8479,35.4111],[135.8487,35.411],[135.8497,35.4106],[135.8504,35.4106],[135.8509,35.4107],[135.852,35.4106],[135.8526,35.4107],[135.8531,35.4115],[135.8534,35.4126],[135.8536,35.4134],[135.8536,35.4141],[135.8543,35.4151],[135.8547,35.4154],[135.8553,35.4158],[135.8558,35.4162],[135.8563,35.417],[135.8565,35.4171],[135.8573,35.4174],[135.8575,35.4179],[135.8579,35.4182],[135.8578,35.4185],[135.8575,35.4187],[135.8575,35.419],[135.8578,35.4196],[135.858,35.4202],[135.8581,35.4207],[135.8578,35.4218],[135.8579,35.4224],[135.8581,35.4227],[135.8585,35.423],[135.8586,35.4232],[135.8585,35.4239],[135.8586,35.4244],[135.8588,35.425],[135.8587,35.4254],[135.8588,35.4263],[135.859,35.4266],[135.8593,35.427],[135.8598,35.428],[135.8604,35.4285],[135.8599,35.4299],[135.8595,35.4306],[135.8594,35.4311],[135.8594,35.4318],[135.8592,35.4323],[135.8586,35.4327],[135.8581,35.4329],[135.8573,35.433],[135.857,35.4332],[135.8565,35.4341],[135.8558,35.4353],[135.8552,35.4361],[135.8549,35.4367],[135.8544,35.4372],[135.8539,35.4373],[135.8529,35.4379],[135.8525,35.438],[135.852,35.4385],[135.8518,35.439],[135.8514,35.4394],[135.8512,35.4399],[135.8499,35.4412],[135.8496,35.4415],[135.849,35.4423],[135.8487,35.4422],[135.8482,35.4422],[135.8477,35.442],[135.8472,35.4418],[135.8459,35.4422],[135.8457,35.4423],[135.8452,35.4422],[135.8449,35.4422],[135.8441,35.4424],[135.8428,35.4425],[135.8423,35.4421],[135.842,35.4415],[135.8414,35.4413],[135.8409,35.4414],[135.8405,35.4415],[135.8403,35.4418],[135.8398,35.442],[135.8392,35.4421],[135.8382,35.4428],[135.8372,35.443],[135.8367,35.4432],[135.836,35.4434],[135.8354,35.4438],[135.8349,35.4444],[135.8345,35.4447],[135.8331,35.4453],[135.8325,35.4457],[135.8317,35.4465],[135.8311,35.447],[135.8306,35.4474],[135.8298,35.4481],[135.8292,35.4485],[135.8277,35.4489],[135.8263,35.4495],[135.8248,35.4499],[135.8238,35.4498],[135.8231,35.4499],[135.8222,35.4501],[135.8211,35.4504],[135.8196,35.4509],[135.819,35.4515],[135.8176,35.4532],[135.8173,35.4542],[135.8169,35.4548],[135.8169,35.4554],[135.8166,35.456],[135.8162,35.4564],[135.8153,35.4569],[135.8152,35.4574],[135.8154,35.4578],[135.8154,35.4586],[135.8156,35.4591],[135.8153,35.4604],[135.8152,35.4611],[135.8156,35.4614],[135.8156,35.4619],[135.8154,35.4624],[135.8148,35.4633],[135.8145,35.4635],[135.8138,35.4639],[135.8124,35.4645],[135.812,35.4647],[135.8111,35.4649],[135.8106,35.4653],[135.8103,35.4657],[135.8101,35.4661],[135.8101,35.4671],[135.8102,35.4677],[135.8103,35.469],[135.8101,35.4693],[135.8098,35.4697],[135.81,35.4699],[135.8106,35.4701],[135.8112,35.4715],[135.8117,35.4725],[135.8123,35.4737],[135.8125,35.4742],[135.8119,35.4757],[135.8114,35.4759],[135.8082,35.4771],[135.8074,35.4772],[135.8065,35.4776],[135.8051,35.4782],[135.8034,35.4792],[135.8037,35.48],[135.8032,35.4802],[135.8027,35.4796],[135.8018,35.48],[135.801,35.4806],[135.8002,35.4811],[135.7992,35.4821],[135.7987,35.4828],[135.799,35.4832],[135.7986,35.4837],[135.7989,35.4843],[135.7986,35.4844],[135.7989,35.485],[135.7992,35.4849],[135.7994,35.4853],[135.7983,35.4856],[135.7973,35.4858],[135.7975,35.4864],[135.7971,35.4871],[135.7964,35.4881],[135.7964,35.4885],[135.7969,35.4897],[135.7972,35.4899],[135.7984,35.4902],[135.7995,35.4902],[135.8005,35.4899],[135.8012,35.49],[135.8021,35.4906],[135.8029,35.4909],[135.8036,35.491],[135.8051,35.4907],[135.8056,35.4907],[135.8062,35.4908],[135.8073,35.4903],[135.808,35.4904],[135.8094,35.4899],[135.8105,35.4895],[135.8112,35.4894],[135.812,35.489],[135.8124,35.4885],[135.8129,35.4875],[135.814,35.4873],[135.8144,35.4873],[135.8147,35.4872],[135.815,35.4867],[135.8155,35.4863],[135.8159,35.4858],[135.8163,35.485],[135.8163,35.4848],[135.8162,35.4841],[135.8165,35.4838],[135.8168,35.484],[135.8176,35.4837],[135.8179,35.4832],[135.8181,35.4832],[135.8188,35.4828],[135.8192,35.4824],[135.8198,35.482],[135.8218,35.4807],[135.8235,35.4798],[135.8246,35.4793],[135.8249,35.4792],[135.8261,35.4795],[135.8267,35.4799],[135.8273,35.4803],[135.8276,35.4806],[135.8283,35.4811],[135.8286,35.4815],[135.8302,35.4816],[135.8308,35.4818],[135.8316,35.4823],[135.8319,35.4824],[135.8324,35.4823],[135.833,35.4825],[135.834,35.4828],[135.8347,35.4835],[135.835,35.4835],[135.8355,35.4831],[135.836,35.4831],[135.8363,35.483],[135.837,35.4825],[135.8375,35.4825],[135.8379,35.4826],[135.8385,35.483],[135.8396,35.4834],[135.8399,35.4836],[135.8411,35.484],[135.8417,35.4842],[135.8422,35.4842],[135.8431,35.4843],[135.8433,35.4844],[135.8434,35.4849],[135.8437,35.4853],[135.8447,35.4864],[135.8448,35.4869],[135.8445,35.4877],[135.8443,35.4887],[135.8444,35.4895],[135.8441,35.4904],[135.8438,35.4911],[135.8437,35.4915],[135.8438,35.4918],[135.8436,35.4921],[135.8431,35.4927],[135.8427,35.4931],[135.8423,35.4947],[135.8424,35.4956],[135.8427,35.4961],[135.8428,35.4966],[135.8431,35.4971],[135.8436,35.4975],[135.8437,35.4977],[135.8439,35.4986],[135.8447,35.4995],[135.8446,35.5002],[135.8449,35.5006],[135.845,35.5012],[135.8454,35.502],[135.8453,35.5023],[135.8448,35.5028],[135.8447,35.5032],[135.8436,35.5041],[135.8436,35.5047],[135.8432,35.5049],[135.8429,35.5053],[135.8427,35.506],[135.8421,35.507],[135.8419,35.5071],[135.8414,35.5072],[135.8409,35.5076],[135.841,35.5082],[135.8417,35.5087],[135.8419,35.5093],[135.8424,35.5098],[135.8421,35.5104],[135.8414,35.513],[135.8411,35.5134],[135.8403,35.5138],[135.84,35.5139],[135.8392,35.5144],[135.8383,35.5151],[135.8375,35.5155],[135.8372,35.5159],[135.8371,35.5164],[135.8367,35.5171],[135.8366,35.5175],[135.8361,35.5182],[135.8354,35.5188],[135.8353,35.5192],[135.8349,35.52],[135.8338,35.5207],[135.8332,35.5214],[135.8332,35.5216],[135.832,35.5225],[135.8325,35.523],[135.8331,35.5238],[135.8336,35.5243],[135.8344,35.5246],[135.8346,35.5248],[135.835,35.5255],[135.8362,35.5268],[135.837,35.5273],[135.838,35.5277],[135.8387,35.5285],[135.8394,35.5292],[135.8403,35.5299],[135.8414,35.5307],[135.8419,35.5312],[135.8419,35.532],[135.842,35.5324],[135.8426,35.5331],[135.8428,35.5336],[135.8435,35.5336],[135.8441,35.5337],[135.8444,35.5343],[135.8447,35.5345],[135.846,35.5351],[135.8464,35.5352],[135.8472,35.5355],[135.8482,35.5356],[135.8484,35.5357],[135.8488,35.5364],[135.8493,35.537],[135.8496,35.5374],[135.8495,35.538],[135.8498,35.5386],[135.85,35.5394],[135.8504,35.5403],[135.851,35.5407],[135.8513,35.541],[135.8511,35.5412],[135.8507,35.542],[135.8504,35.5429],[135.8498,35.5434],[135.8495,35.5436],[135.8487,35.5451],[135.8483,35.5455],[135.8475,35.5457],[135.8466,35.5458],[135.8461,35.546],[135.8457,35.5464],[135.8456,35.5472],[135.8456,35.5474],[135.8452,35.5477],[135.845,35.5483],[135.8448,35.5484],[135.8445,35.5489],[135.8442,35.5492],[135.8432,35.5495],[135.8417,35.5497],[135.8412,35.5498],[135.8394,35.5501],[135.8391,35.5508],[135.8386,35.5515],[135.8384,35.5517],[135.8375,35.5522],[135.8368,35.5524],[135.836,35.5536],[135.8355,35.5541],[135.8345,35.5541],[135.8338,35.5542],[135.8336,35.5544],[135.8332,35.555],[135.8328,35.5553],[135.8322,35.5555],[135.8314,35.5561],[135.8302,35.5566],[135.8294,35.5572],[135.829,35.5577],[135.8281,35.5578],[135.8273,35.5584],[135.8252,35.5588],[135.8247,35.559],[135.8234,35.5593],[135.8222,35.5597],[135.8215,35.5603],[135.8213,35.5607],[135.8213,35.5612],[135.8206,35.5621],[135.8206,35.5627],[135.8204,35.5632],[135.8204,35.5639],[135.82,35.5644],[135.8196,35.5646],[135.8194,35.5651],[135.8191,35.566],[135.8188,35.5662],[135.8182,35.5664],[135.8169,35.5666],[135.8162,35.5668],[135.8151,35.5668],[135.8145,35.5671],[135.8143,35.5672],[135.8139,35.5679],[135.8133,35.5684],[135.8131,35.5689],[135.8134,35.5695],[135.8139,35.5702],[135.8147,35.571],[135.8152,35.5716],[135.8145,35.5722],[135.8142,35.5726],[135.8138,35.5726],[135.8134,35.5727],[135.8132,35.573],[135.8131,35.5737],[135.8132,35.5739],[135.813,35.5744],[135.8123,35.5751],[135.8121,35.5756],[135.812,35.5758],[135.812,35.5762],[135.8119,35.5768],[135.8114,35.5772],[135.8107,35.5769],[135.8107,35.5763],[135.8103,35.5759],[135.8107,35.5759],[135.8107,35.5756],[135.8109,35.575],[135.811,35.5748],[135.8113,35.574],[135.8111,35.5737],[135.8109,35.5731],[135.811,35.5729],[135.8106,35.5725],[135.8105,35.572],[135.8102,35.5715],[135.8098,35.5715],[135.8092,35.5712],[135.809,35.5708],[135.8086,35.5704],[135.8077,35.5698],[135.8069,35.5699],[135.8063,35.5698],[135.806,35.5695],[135.8051,35.5697],[135.8048,35.5698],[135.8042,35.5705],[135.8037,35.5712],[135.803,35.5716],[135.8025,35.5716],[135.8022,35.5718],[135.8016,35.5716],[135.8014,35.5713],[135.8015,35.5711],[135.8021,35.5707],[135.8026,35.5707],[135.8029,35.5706],[135.8033,35.57],[135.8038,35.5696],[135.8039,35.569],[135.8034,35.5688],[135.8032,35.5684],[135.8034,35.5679],[135.8034,35.5676],[135.8036,35.5671],[135.8038,35.5669],[135.8039,35.5664],[135.8038,35.566],[135.8039,35.5656],[135.8039,35.5653],[135.804,35.5649],[135.8044,35.5645],[135.805,35.5643],[135.8054,35.5643],[135.8058,35.5644],[135.8069,35.5645],[135.8082,35.5647],[135.8091,35.5649],[135.8098,35.5646],[135.8099,35.5641],[135.8106,35.5638],[135.8119,35.5641],[135.8124,35.5638],[135.8128,35.5634],[135.8133,35.5624],[135.8136,35.5617],[135.8136,35.5612],[135.8134,35.5605],[135.8129,35.5598],[135.8123,35.5596],[135.8121,35.5592],[135.8117,35.5592],[135.8117,35.559],[135.8122,35.5585],[135.8126,35.5584],[135.8133,35.5581],[135.8135,35.5581],[135.8141,35.5577],[135.8146,35.5576],[135.8149,35.557],[135.8155,35.5566],[135.8175,35.5571],[135.8181,35.5571],[135.8188,35.5568],[135.8192,35.5564],[135.8194,35.5557],[135.82,35.5553],[135.8208,35.5551],[135.8213,35.5547],[135.8216,35.5542],[135.8217,35.5532],[135.8213,35.5527],[135.8212,35.5519],[135.8212,35.5514],[135.8216,35.551],[135.8221,35.551],[135.8225,35.5512],[135.8229,35.5512],[135.8235,35.5516],[135.8239,35.552],[135.8246,35.5526],[135.8249,35.5526],[135.8256,35.5523],[135.826,35.5519],[135.8263,35.5515],[135.8264,35.5512],[135.8262,35.5511],[135.826,35.5506],[135.8258,35.5504],[135.8247,35.5495],[135.8247,35.5492],[135.8249,35.5488],[135.825,35.5481],[135.8253,35.5479],[135.8256,35.5472],[135.8255,35.5467],[135.826,35.546],[135.8263,35.546],[135.8277,35.5466],[135.8281,35.5466],[135.8287,35.5463],[135.829,35.5458],[135.8292,35.5452],[135.8292,35.5448],[135.8284,35.5436],[135.8278,35.5434],[135.8274,35.5435],[135.827,35.5431],[135.827,35.5429],[135.8266,35.5422],[135.8265,35.5419],[135.8267,35.5414],[135.8269,35.5412],[135.8272,35.5419],[135.8275,35.5421],[135.828,35.5422],[135.8299,35.5426],[135.8304,35.5424],[135.8306,35.5425],[135.8311,35.5423],[135.8312,35.5418],[135.8313,35.5407],[135.8316,35.54],[135.832,35.5394],[135.8318,35.5388],[135.8326,35.5383],[135.8329,35.5382],[135.8331,35.5387],[135.8339,35.5385],[135.8342,35.5383],[135.8339,35.5379],[135.8343,35.5378],[135.8344,35.5374],[135.8342,35.5368],[135.8337,35.5359],[135.8335,35.5357],[135.833,35.5355],[135.8326,35.5355],[135.8319,35.5354],[135.831,35.5348],[135.8298,35.5346],[135.8292,35.5344],[135.8287,35.5344],[135.8283,35.5338],[135.8278,35.5334],[135.8272,35.5333],[135.8264,35.5335],[135.8246,35.5337],[135.8239,35.5337],[135.8234,35.5335],[135.8219,35.5336],[135.8213,35.5339],[135.8211,35.5342],[135.821,35.5348],[135.8211,35.5356],[135.8209,35.5361],[135.8205,35.5364],[135.8201,35.5364],[135.8193,35.5367],[135.8188,35.5369],[135.8184,35.5373],[135.8181,35.5372],[135.8176,35.5374],[135.8172,35.5374],[135.8171,35.5372],[135.8176,35.5366],[135.8171,35.5364],[135.8166,35.5364],[135.8151,35.5366],[135.8148,35.5368],[135.8143,35.537],[135.8142,35.5372],[135.8135,35.5377],[135.8127,35.5377],[135.8126,35.5372],[135.8128,35.5367],[135.8127,35.536],[135.8132,35.5359],[135.814,35.5354],[135.8147,35.5349],[135.815,35.5348],[135.8152,35.5344],[135.8152,35.534],[135.8155,35.5337],[135.8162,35.5332],[135.8164,35.533],[135.8163,35.5321],[135.8162,35.5317],[135.8159,35.5317],[135.8157,35.5314],[135.8153,35.5313],[135.815,35.5305],[135.8151,35.5303],[135.8154,35.5297],[135.8153,35.5295],[135.8148,35.5291],[135.8144,35.5291],[135.8141,35.5293],[135.8136,35.5295],[135.813,35.5293],[135.8128,35.5289],[135.8131,35.5283],[135.8131,35.528],[135.813,35.5277],[135.8125,35.5274],[135.812,35.5274],[135.8119,35.5275],[135.8112,35.528],[135.8111,35.5282],[135.8104,35.5285],[135.81,35.5281],[135.8097,35.5281],[135.809,35.5278],[135.8088,35.5278],[135.8083,35.5274],[135.8076,35.5275],[135.807,35.5277],[135.8064,35.5282],[135.8067,35.5286],[135.807,35.5288],[135.8067,35.529],[135.8069,35.5295],[135.8067,35.5298],[135.8062,35.5299],[135.8061,35.5305],[135.8061,35.5309],[135.8059,35.5313],[135.8058,35.5317],[135.8059,35.532],[135.8053,35.5324],[135.8051,35.5328],[135.8047,35.533],[135.8037,35.5321],[135.8039,35.5314],[135.8034,35.5303],[135.8028,35.5297],[135.8024,35.5296],[135.8021,35.5293],[135.8016,35.5291],[135.8014,35.5288],[135.8007,35.5287],[135.8006,35.5285],[135.8001,35.5283],[135.8001,35.5278],[135.8003,35.5275],[135.8004,35.5265],[135.8003,35.5262],[135.8001,35.5261],[135.8003,35.5255],[135.7992,35.525],[135.7984,35.525],[135.7981,35.5252],[135.798,35.5254],[135.7975,35.5258],[135.7971,35.5257],[135.7965,35.5259],[135.7962,35.5261],[135.7959,35.5277],[135.7958,35.5291],[135.7955,35.5301],[135.7956,35.5306],[135.7955,35.5308],[135.7952,35.5309],[135.7943,35.5309],[135.7939,35.5308],[135.7934,35.5306],[135.7933,35.5303],[135.7927,35.5305],[135.7923,35.5298],[135.7912,35.5303],[135.7908,35.5302],[135.7897,35.5307],[135.7885,35.5314],[135.788,35.5318],[135.7879,35.5322],[135.7881,35.5327],[135.7881,35.5329],[135.7879,35.5331],[135.7874,35.5331],[135.7869,35.5333],[135.7866,35.5336],[135.7862,35.5341],[135.7859,35.535],[135.7858,35.5358],[135.7858,35.5365],[135.7861,35.5368],[135.7873,35.5368],[135.7874,35.5371],[135.7886,35.5372],[135.7888,35.5375],[135.7893,35.5379],[135.7893,35.5382],[135.7892,35.5386],[135.7892,35.5391],[135.7893,35.5394],[135.7901,35.5405],[135.7907,35.5407],[135.7916,35.5408],[135.7923,35.5406],[135.7928,35.5407],[135.7934,35.541],[135.7936,35.541],[135.7933,35.5415],[135.793,35.5417],[135.7925,35.5417],[135.7922,35.5415],[135.7917,35.5414],[135.7911,35.5414],[135.7906,35.5417],[135.79,35.5417],[135.7895,35.5415],[135.7891,35.5412],[135.7886,35.5409],[135.788,35.5411],[135.7876,35.5413],[135.7872,35.5414],[135.7866,35.5417],[135.7862,35.5422],[135.7858,35.5423],[135.7853,35.5426],[135.7848,35.543],[135.7842,35.5438],[135.784,35.5439],[135.7841,35.5442],[135.7838,35.5446],[135.7833,35.5445],[135.7829,35.5447],[135.7828,35.5451],[135.7825,35.5452],[135.7822,35.5456],[135.7823,35.5461],[135.7825,35.5464],[135.7825,35.5469],[135.7827,35.547],[135.7824,35.5473],[135.7825,35.5476],[135.7823,35.5477],[135.7818,35.5475],[135.7815,35.5478],[135.7815,35.548],[135.7813,35.5484],[135.7812,35.5487],[135.7802,35.5498],[135.7797,35.5503],[135.7792,35.5503],[135.7791,35.5498],[135.7783,35.5495],[135.7775,35.5495],[135.7771,35.5496],[135.7767,35.5495],[135.7765,35.5492],[135.7759,35.5492],[135.7743,35.5499],[135.7735,35.5504],[135.7735,35.5506],[135.7728,35.5514],[135.7724,35.5516],[135.7718,35.5521],[135.7714,35.5522],[135.7712,35.5525],[135.7705,35.5531],[135.7701,35.5539],[135.7696,35.5545],[135.7692,35.5546],[135.7688,35.5546],[135.7679,35.5549],[135.7672,35.5557],[135.7666,35.5566],[135.766,35.557],[135.7659,35.5573],[135.7651,35.5573],[135.765,35.5568],[135.7647,35.5567],[135.7645,35.556],[135.7643,35.5553],[135.764,35.5548],[135.7642,35.5542],[135.7641,35.554],[135.7643,35.5532],[135.7647,35.5526],[135.7653,35.5524],[135.7654,35.552],[135.7652,35.5515],[135.7648,35.551],[135.7642,35.551],[135.7642,35.5508],[135.7648,35.5507],[135.7663,35.5511],[135.7666,35.551],[135.7671,35.5501],[135.7671,35.5498],[135.7673,35.5496],[135.7676,35.5495],[135.7683,35.5497],[135.7686,35.5496],[135.7689,35.5493],[135.7689,35.549],[135.7688,35.5487],[135.7688,35.5481],[135.7691,35.5479],[135.7696,35.548],[135.7704,35.5478],[135.7704,35.5476],[135.7713,35.5475],[135.7714,35.5471],[135.7714,35.5466],[135.7712,35.5461],[135.7705,35.545],[135.7698,35.5445],[135.77,35.5444],[135.7701,35.544],[135.7699,35.5437],[135.7695,35.5433],[135.7684,35.5428],[135.7678,35.5427],[135.7676,35.5428],[135.7671,35.5433],[135.7663,35.5434],[135.7659,35.5433],[135.7651,35.5434],[135.7648,35.5437],[135.765,35.544],[135.765,35.5443],[135.7646,35.5447],[135.764,35.545],[135.7636,35.545],[135.7632,35.5448],[135.7632,35.5445],[135.7631,35.5443],[135.7624,35.5442],[135.7621,35.5444],[135.7611,35.5444],[135.7608,35.5441],[135.7603,35.5438],[135.7602,35.5432],[135.7598,35.543],[135.7589,35.5427],[135.7588,35.5426],[135.7582,35.5427],[135.7579,35.543],[135.7571,35.5433],[135.7571,35.5438],[135.7571,35.5444],[135.7567,35.5444],[135.7563,35.5444],[135.7557,35.545],[135.7548,35.5455],[135.7544,35.5457],[135.754,35.546],[135.7538,35.5466],[135.7542,35.5466],[135.7542,35.5472],[135.7544,35.5474],[135.7558,35.5475],[135.7558,35.5476],[135.7553,35.5478],[135.7558,35.5482],[135.7558,35.5488],[135.7554,35.5488],[135.7549,35.5492],[135.7546,35.5496],[135.7533,35.5494],[135.7531,35.5494],[135.7526,35.55],[135.7527,35.5505],[135.753,35.5509],[135.7535,35.5511],[135.7539,35.5517],[135.7543,35.5523],[135.7544,35.5526],[135.7538,35.5529],[135.7528,35.5529],[135.7517,35.5533],[135.7507,35.5541],[135.7503,35.5546],[135.75,35.5551],[135.7501,35.5557],[135.7509,35.5565],[135.751,35.5567],[135.7518,35.5569],[135.7525,35.5576],[135.7528,35.5581],[135.7527,35.5583],[135.7527,35.5587],[135.7524,35.5591],[135.7524,35.5594],[135.752,35.5592],[135.7518,35.5593],[135.7514,35.5603],[135.7514,35.5608],[135.7517,35.561],[135.7519,35.5612],[135.7515,35.5614],[135.7513,35.5617],[135.7511,35.5624],[135.7514,35.5631],[135.7513,35.5637],[135.7509,35.5642],[135.7508,35.5647],[135.7509,35.5648],[135.7508,35.5657],[135.7506,35.5659],[135.7499,35.5663],[135.7499,35.5666],[135.7495,35.5664],[135.7485,35.5665],[135.7483,35.5666],[135.7477,35.5662],[135.7474,35.5663],[135.7464,35.5656],[135.7462,35.5651],[135.7455,35.5647],[135.7455,35.5644],[135.7451,35.5643],[135.7441,35.5647],[135.744,35.565],[135.7436,35.565],[135.7433,35.5654],[135.7433,35.5662],[135.7431,35.5664],[135.7428,35.5666],[135.7427,35.567],[135.7425,35.5668],[135.7421,35.5671],[135.7421,35.5675],[135.7417,35.568],[135.7413,35.5679],[135.7412,35.5683],[135.7416,35.5691],[135.7417,35.5698],[135.7415,35.5702],[135.7405,35.5705],[135.7399,35.5703],[135.7394,35.5703],[135.7391,35.5701],[135.7387,35.57],[135.7378,35.5702],[135.7376,35.5704],[135.7372,35.5706],[135.7369,35.571],[135.7365,35.5709],[135.7358,35.5713],[135.7355,35.571],[135.735,35.5711],[135.7346,35.571],[135.7345,35.5708],[135.7341,35.5708],[135.7335,35.5708],[135.7331,35.5707],[135.7328,35.5708],[135.7327,35.5705],[135.7316,35.5702],[135.7313,35.5703],[135.7309,35.57],[135.7294,35.5696],[135.7291,35.5696],[135.7291,35.5693],[135.7287,35.569],[135.7283,35.5689],[135.7277,35.5689],[135.7274,35.569],[135.7269,35.5689],[135.7263,35.5695],[135.7257,35.5695],[135.7258,35.5692],[135.7249,35.5693],[135.7245,35.5691],[135.7246,35.5688],[135.7243,35.5688],[135.7239,35.5685],[135.7237,35.5687],[135.7236,35.5691],[135.7232,35.5692],[135.7228,35.5689],[135.7226,35.5693],[135.7223,35.5692],[135.7218,35.5687],[135.7218,35.5683],[135.721,35.5683],[135.7208,35.5687],[135.7205,35.5689],[135.72,35.5689],[135.7197,35.569],[135.7197,35.5694],[135.7194,35.5698],[135.719,35.5699],[135.7191,35.5703],[135.7187,35.5704],[135.718,35.5702],[135.7179,35.57],[135.718,35.5694],[135.7178,35.5695],[135.7172,35.57],[135.717,35.5699],[135.7169,35.5695],[135.7161,35.5695],[135.7159,35.5699],[135.7151,35.57],[135.7146,35.5699],[135.7145,35.5697],[135.7146,35.5693],[135.7138,35.5691],[135.7128,35.568],[135.7126,35.5675],[135.7123,35.5677],[135.712,35.5675],[135.7119,35.5671],[135.7121,35.5668],[135.7119,35.5666],[135.7122,35.5654],[135.7126,35.565],[135.7125,35.5647],[135.7118,35.5641],[135.7114,35.5638],[135.7109,35.5637],[135.7099,35.5637],[135.7097,35.5635],[135.7093,35.5636],[135.7083,35.5637],[135.7077,35.5636],[135.7079,35.5641],[135.7077,35.5643],[135.7071,35.5638],[135.7069,35.5634],[135.7059,35.5621],[135.7054,35.5619],[135.7052,35.5613],[135.7045,35.5609],[135.7045,35.5603],[135.7039,35.5594],[135.7037,35.559],[135.7036,35.5581],[135.7033,35.5577],[135.7029,35.5574],[135.7021,35.557],[135.7016,35.5564],[135.7009,35.556],[135.7008,35.5562],[135.7003,35.556],[135.7001,35.5561],[135.6998,35.5558],[135.6999,35.5552],[135.6995,35.555],[135.6984,35.5542],[135.698,35.5536],[135.6973,35.5534],[135.6972,35.5537],[135.6967,35.5536],[135.6963,35.553],[135.6956,35.5526],[135.6958,35.552],[135.6953,35.5516],[135.6948,35.5518],[135.6944,35.5513],[135.6938,35.5514],[135.6932,35.5511],[135.6931,35.5509],[135.6931,35.5503],[135.6929,35.55],[135.6926,35.55],[135.6919,35.5496],[135.6914,35.5498],[135.6909,35.5494],[135.6905,35.5499],[135.6895,35.5501],[135.6892,35.5497],[135.6892,35.5493],[135.6894,35.549],[135.6901,35.5488],[135.6898,35.5484],[135.6897,35.5479],[135.6895,35.5474],[135.6892,35.5471],[135.689,35.5471],[135.6888,35.5469],[135.689,35.5464],[135.6886,35.5463],[135.6889,35.5454],[135.6892,35.5449],[135.6898,35.5443],[135.6912,35.5437],[135.6916,35.5436],[135.6922,35.5436],[135.6925,35.5437],[135.6931,35.5435],[135.6934,35.543],[135.6939,35.5426],[135.6945,35.5427],[135.6948,35.5431],[135.6955,35.5437],[135.6968,35.5441],[135.6973,35.5444],[135.698,35.5443],[135.6992,35.5441],[135.6995,35.5441],[135.7006,35.5442],[135.7007,35.5443],[135.7014,35.5442],[135.7015,35.5443],[135.7023,35.5442],[135.7029,35.5443],[135.7034,35.5441],[135.7044,35.5433],[135.7054,35.543],[135.7061,35.5431],[135.7068,35.5426],[135.7077,35.5423],[135.7076,35.5414],[135.7091,35.5413],[135.7091,35.5414],[135.7077,35.5415],[135.7078,35.5422],[135.708,35.5422],[135.709,35.5421],[135.709,35.5423],[135.7098,35.5428],[135.7105,35.5426],[135.7116,35.5427],[135.7126,35.5425],[135.7135,35.5421],[135.7137,35.5419],[135.7155,35.5415],[135.716,35.5411],[135.7168,35.5407],[135.7177,35.5394],[135.7179,35.5389],[135.7183,35.5377],[135.7185,35.537],[135.7185,35.5358],[135.7184,35.5349],[135.7183,35.5342],[135.7178,35.5339],[135.7178,35.5335],[135.7176,35.5328],[135.7175,35.5324],[135.7172,35.5321],[135.7168,35.5319],[135.7163,35.5317],[135.716,35.5313],[135.7162,35.5311],[135.716,35.5307],[135.7165,35.5304],[135.7168,35.53],[135.7168,35.5294],[135.7175,35.529],[135.7176,35.5286],[135.7176,35.5279],[135.7179,35.5273],[135.7179,35.5268],[135.7178,35.5266],[135.717,35.526],[135.7166,35.5254],[135.7167,35.5251],[135.7172,35.5247],[135.7173,35.5242],[135.7181,35.5238],[135.7179,35.5235],[135.7175,35.5234],[135.7174,35.5232],[135.7172,35.5225],[135.7173,35.5222],[135.7169,35.5217],[135.7161,35.5215],[135.7161,35.5213],[135.7167,35.5209],[135.7169,35.5209],[135.7175,35.5206],[135.7179,35.5201],[135.7181,35.5197],[135.7184,35.52],[135.7188,35.5201],[135.7196,35.5209],[135.72,35.521],[135.7209,35.5212],[135.7215,35.5211],[135.7219,35.5212],[135.7221,35.5214],[135.723,35.5218],[135.7236,35.5218],[135.7241,35.5216],[135.7246,35.5216],[135.7256,35.5217],[135.7262,35.5215],[135.7272,35.5216],[135.7274,35.5217],[135.7279,35.5222],[135.728,35.5227],[135.7285,35.5231],[135.7298,35.5236],[135.7303,35.524],[135.7308,35.5242],[135.731,35.5238],[135.7332,35.5241],[135.7332,35.5242],[135.7313,35.5239],[135.7309,35.5248],[135.7321,35.5254],[135.7334,35.5255],[135.7339,35.5255],[135.7345,35.5264],[135.7351,35.5267],[135.7353,35.5271],[135.7351,35.5275],[135.7353,35.5276],[135.7351,35.5284],[135.7346,35.5284],[135.7345,35.5289],[135.7349,35.5304],[135.7353,35.531],[135.7356,35.5315],[135.736,35.532],[135.7358,35.5328],[135.7359,35.5339],[135.7362,35.5346],[135.7368,35.5351],[135.7371,35.5353],[135.7387,35.5359],[135.7395,35.5362],[135.7402,35.5363],[135.7408,35.5363],[135.741,35.536],[135.7413,35.536],[135.7417,35.5363],[135.7424,35.5365],[135.7427,35.5369],[135.7434,35.537],[135.7445,35.5366],[135.745,35.5368],[135.7456,35.5369],[135.7466,35.5365],[135.7471,35.5361],[135.7471,35.536],[135.7469,35.5355],[135.7468,35.5348],[135.7472,35.5336],[135.7474,35.5333],[135.7477,35.5331],[135.7481,35.5331],[135.7485,35.5332],[135.749,35.5336],[135.749,35.5338],[135.7489,35.5346],[135.7493,35.5351],[135.7497,35.5354],[135.7503,35.5355],[135.7505,35.5357],[135.7505,35.5361],[135.7502,35.5367],[135.7503,35.5372],[135.7507,35.5377],[135.7517,35.5378],[135.7529,35.5377],[135.7538,35.5378],[135.7545,35.5376],[135.7559,35.5369],[135.7562,35.5369],[135.7567,35.5372],[135.7577,35.5381],[135.7576,35.5383],[135.758,35.5386],[135.7587,35.5388],[135.7591,35.5387],[135.7598,35.5383],[135.7604,35.5382],[135.7612,35.5384],[135.7624,35.5381],[135.7633,35.5376],[135.7642,35.5366],[135.7645,35.5361],[135.7648,35.5352],[135.765,35.534],[135.7647,35.5339],[135.7646,35.5335],[135.7643,35.5325],[135.7639,35.5322],[135.7637,35.5321],[135.7638,35.5318],[135.7634,35.5311],[135.7629,35.5308],[135.7626,35.5305],[135.762,35.5305],[135.7614,35.5305],[135.7604,35.5302],[135.7597,35.5302],[135.7593,35.5303],[135.7585,35.531],[135.7575,35.5318],[135.7566,35.5322],[135.7561,35.5325],[135.7558,35.5332],[135.7554,35.5337],[135.7552,35.5337],[135.7552,35.5329],[135.7547,35.533],[135.7545,35.5323],[135.7548,35.5322],[135.7548,35.532],[135.7537,35.5321],[135.7532,35.5319],[135.7522,35.5319],[135.752,35.5321],[135.7514,35.5314],[135.7509,35.53],[135.7509,35.528],[135.7511,35.5233],[135.7511,35.5221],[135.7509,35.519],[135.7507,35.5175],[135.7503,35.5175],[135.75,35.5164],[135.7491,35.5166],[135.749,35.5163],[135.7501,35.516],[135.75,35.5154],[135.7492,35.5138],[135.7488,35.5139],[135.7485,35.5134],[135.7481,35.5135],[135.7478,35.5127],[135.7469,35.5109],[135.7467,35.5106],[135.7465,35.51],[135.746,35.5093],[135.7457,35.5092],[135.7449,35.508],[135.7447,35.5077],[135.7438,35.5063],[135.7428,35.5069],[135.7423,35.506],[135.7422,35.5053],[135.742,35.5052],[135.7414,35.5041],[135.7408,35.5047],[135.7369,35.5055],[135.7369,35.5054],[135.7403,35.5047],[135.7408,35.5046],[135.7414,35.5041],[135.7406,35.5027],[135.7392,35.5032],[135.7395,35.5038],[135.7381,35.5041],[135.7376,35.5032],[135.7367,35.5036],[135.7363,35.503],[135.7373,35.5026],[135.7362,35.5007],[135.735,35.5012],[135.7346,35.5006],[135.7387,35.499],[135.7393,35.5],[135.741,35.4994],[135.7408,35.4991],[135.7408,35.4986],[135.7397,35.4968],[135.7393,35.4966],[135.7383,35.4955],[135.7383,35.4951],[135.738,35.4952],[135.7375,35.4944],[135.7367,35.4937],[135.736,35.4933],[135.7354,35.4931],[135.735,35.4931],[135.7343,35.4935],[135.7339,35.4931],[135.7331,35.4935],[135.7328,35.4941],[135.7322,35.4947],[135.7313,35.495],[135.7309,35.495],[135.7307,35.4952],[135.7299,35.4951],[135.7297,35.495],[135.73,35.4946],[135.7295,35.4939],[135.7291,35.4938],[135.729,35.4931],[135.7282,35.4925],[135.7272,35.4918],[135.7264,35.4917],[135.7262,35.4918],[135.7253,35.4917],[135.7251,35.492],[135.7245,35.492],[135.7235,35.492],[135.7231,35.4917],[135.7229,35.4919],[135.7226,35.4917],[135.7224,35.4918],[135.7219,35.4918],[135.7214,35.4919],[135.721,35.4922],[135.7206,35.492],[135.7205,35.4917],[135.7202,35.4917],[135.7202,35.4913],[135.72,35.4911],[135.7203,35.4904],[135.7202,35.4898],[135.72,35.4897],[135.7208,35.4892],[135.7209,35.489],[135.7208,35.4886],[135.7209,35.4885],[135.7208,35.4881],[135.7203,35.4877],[135.72,35.4877],[135.7197,35.4874],[135.7194,35.4873],[135.7193,35.4871],[135.7193,35.4867],[135.7192,35.4866],[135.7195,35.4861],[135.7198,35.4859],[135.7198,35.4855],[135.7196,35.485],[135.7188,35.4843],[135.7188,35.4842],[135.7177,35.4838],[135.7171,35.484],[135.7168,35.4838],[135.7158,35.4835],[135.7156,35.4836],[135.715,35.4836],[135.7151,35.4834],[135.7142,35.4832],[135.7133,35.4833],[135.7126,35.4835],[135.7118,35.4839],[135.7113,35.4843],[135.7108,35.4849],[135.7109,35.4853],[135.7111,35.4855],[135.7115,35.4855],[135.7129,35.4857],[135.7129,35.4858],[135.7106,35.4855],[135.7105,35.4859],[135.7102,35.4864],[135.7101,35.4869],[135.7097,35.4871],[135.7093,35.4877],[135.7091,35.488],[135.7085,35.4883],[135.7081,35.4889],[135.7081,35.4892],[135.7079,35.4896],[135.7077,35.4898],[135.7073,35.4898],[135.7072,35.4896],[135.7068,35.4894],[135.7062,35.4894],[135.706,35.4891],[135.7046,35.4888],[135.7043,35.4888],[135.704,35.489],[135.7022,35.4895],[135.7017,35.4899],[135.7016,35.4903],[135.7017,35.4904],[135.7019,35.4908],[135.7021,35.4909],[135.7021,35.4912],[135.7018,35.4914],[135.7016,35.4919],[135.7012,35.4925],[135.7013,35.4932],[135.7011,35.4932],[135.7012,35.4937],[135.7014,35.494],[135.7009,35.4945],[135.7007,35.4943],[135.7006,35.4939],[135.701,35.4936],[135.7002,35.4928],[135.6999,35.4928],[135.6998,35.4925],[135.6993,35.4922],[135.6988,35.4918],[135.698,35.4915],[135.6974,35.4915],[135.6972,35.4913],[135.6965,35.4914],[135.6961,35.4912],[135.6958,35.4905],[135.6955,35.4903],[135.6957,35.4901],[135.6955,35.4897],[135.6953,35.4897],[135.6952,35.4894],[135.6946,35.489],[135.6944,35.489],[135.6939,35.4888],[135.6934,35.4887],[135.693,35.4885],[135.6929,35.4883],[135.6924,35.4882],[135.6921,35.4879],[135.6917,35.4877],[135.6906,35.4877],[135.6902,35.4879],[135.6898,35.4878],[135.6894,35.488],[135.688,35.488],[135.6874,35.4877],[135.6862,35.4875],[135.6846,35.4875],[135.6842,35.4877],[135.6838,35.4874],[135.6829,35.4875],[135.6817,35.4873],[135.6807,35.4872],[135.6801,35.4873],[135.6793,35.4875],[135.6783,35.4874],[135.6778,35.4874],[135.6767,35.4875],[135.6763,35.4875],[135.6754,35.4876],[135.6734,35.488],[135.6727,35.4881],[135.6718,35.4885],[135.6716,35.4888],[135.6717,35.4894],[135.672,35.4899],[135.672,35.4901],[135.6723,35.4906],[135.6721,35.4907],[135.6721,35.4911],[135.6718,35.4913],[135.6712,35.4911],[135.6706,35.4905],[135.6701,35.4903],[135.6694,35.4898],[135.669,35.4893],[135.6685,35.4893],[135.6676,35.4895],[135.6669,35.4897],[135.6661,35.4898],[135.6654,35.4901],[135.6651,35.4906],[135.6654,35.4908],[135.6653,35.4916],[135.6654,35.4923],[135.6651,35.4922],[135.6647,35.4924],[135.6644,35.4924],[135.664,35.4927],[135.664,35.4932],[135.6637,35.4936],[135.6633,35.4936],[135.6629,35.4938],[135.6621,35.4935],[135.6616,35.4932],[135.6617,35.4929],[135.6616,35.4925],[135.6611,35.4923],[135.6607,35.4923],[135.6603,35.4921],[135.6602,35.4917],[135.6605,35.4913],[135.6601,35.4905],[135.6602,35.4903],[135.66,35.49],[135.6602,35.4893],[135.6602,35.4891],[135.6598,35.4882],[135.6592,35.4879],[135.6589,35.4876],[135.6583,35.4873],[135.6578,35.4872],[135.6581,35.4867],[135.6584,35.4864],[135.6584,35.486],[135.6582,35.4855],[135.6579,35.4851],[135.6573,35.4848],[135.6567,35.4846],[135.6564,35.4844],[135.6562,35.4839],[135.6559,35.4837],[135.6562,35.4832],[135.6563,35.4829],[135.6553,35.4825],[135.6551,35.4823],[135.6543,35.482],[135.6546,35.4817],[135.6547,35.4814],[135.6547,35.481],[135.6543,35.4804],[135.6537,35.4801],[135.653,35.4799],[135.6518,35.48],[135.6515,35.4798],[135.6509,35.4792],[135.6503,35.479],[135.6494,35.479],[135.6487,35.4792],[135.6481,35.4795],[135.6482,35.4783],[135.6473,35.4782],[135.6455,35.4786],[135.6452,35.4786]],[[135.6503,35.4804],[135.6523,35.4811],[135.6524,35.4811],[135.6503,35.4804]],[[135.6833,35.4973],[135.6827,35.4974],[135.6826,35.498],[135.6827,35.4981],[135.6828,35.4986],[135.6827,35.4989],[135.683,35.499],[135.6837,35.4988],[135.6835,35.4985],[135.684,35.4978],[135.6838,35.4973],[135.6833,35.4973]],[[135.7333,35.5022],[135.7323,35.5009],[135.7322,35.5009],[135.736,35.5057],[135.7333,35.5022]],[[135.7382,35.525],[135.7381,35.5247],[135.7377,35.5246],[135.7371,35.5242],[135.7367,35.5242],[135.7364,35.5246],[135.7359,35.5249],[135.7361,35.5252],[135.7364,35.5253],[135.7371,35.5252],[135.7374,35.5253],[135.7379,35.5255],[135.7383,35.5254],[135.7382,35.525]],[[135.745,35.5105],[135.7451,35.5105],[135.7443,35.5092],[135.7442,35.5092],[135.745,35.5105]],[[135.8124,35.5379],[135.8125,35.5377],[135.8119,35.5378],[135.8121,35.538],[135.8124,35.5379]]]},"properties":{"N03_001":"福井県","N03_002":"","N03_003":"","N03_004":"小浜市","N03_007":"18204"}},
{"type":"Feature","geometry":{"type":"Polygon","coordinates":[[[136.416,35.7824],[136.4166,35.7821],[136.4169,35.7821],[136.418,35.7825],[136.419,35.7823],[136.4196,35.7819],[136.42,35.7816],[136.4212,35.7809],[136.4229,35.7802],[136.4234,35.7799],[136.4239,35.7791],[136.424,35.7786],[136.4245,35.7782],[136.4255,35.778],[136.426,35.7779],[136.4275,35.7773],[136.4282,35.7769],[136.4294,35.7764],[136.4301,35.7759],[136.4305,35.7751],[136.4307,35.775],[136.4332,35.7746],[136.4353,35.7744],[136.4365,35.7749],[136.4369,35.7749],[136.4375,35.7749],[136.4385,35.7744],[136.4392,35.7745],[136.4397,35.7747],[136.4405,35.7751],[136.4412,35.7752],[136.442,35.7749],[136.4431,35.7746],[136.4435,35.7744],[136.4439,35.7738],[136.4442,35.7736],[136.4449,35.7736],[136.4453,35.7733],[136.4458,35.7729],[136.446,35.7734],[136.4466,35.7742],[136.447,35.7744],[136.4478,35.7746],[136.4495,35.7756],[136.45,35.7757],[136.4509,35.7764],[136.4515,35.7766],[136.4531,35.7765],[136.4536,35.7766],[136.4544,35.777],[136.455,35.7776],[136.4552,35.7778],[136.4563,35.7782],[136.4569,35.7782],[136.4578,35.7787],[136.4589,35.7791],[136.4594,35.779],[136.4616,35.7787],[136.4619,35.7785],[136.462,35.7779],[136.4622,35.7777],[136.4633,35.7767],[136.4635,35.7763],[136.4638,35.776],[136.4644,35.7757],[136.4648,35.7751],[136.4651,35.7748],[136.4667,35.7742],[136.4672,35.7736],[136.4676,35.7732],[136.4681,35.7732],[136.469,35.7729],[136.4694,35.773],[136.4698,35.7733],[136.4708,35.7733],[136.472,35.7728],[136.4726,35.7727],[136.4735,35.773],[136.4746,35.7728],[136.4749,35.7729],[136.475,35.7732],[136.4753,35.7736],[136.4757,35.7737],[136.4773,35.774],[136.4779,35.7742],[136.4783,35.7742],[136.4798,35.7738],[136.4812,35.7739],[136.4824,35.7744],[136.483,35.7747],[136.4836,35.7749],[136.4846,35.7751],[136.485,35.7759],[136.485,35.7765],[136.4857,35.7765],[136.4856,35.7757],[136.485,35.7751],[136.4848,35.7748],[136.4849,35.7745],[136.4853,35.7737],[136.4859,35.7731],[136.4886,35.7717],[136.4894,35.7711],[136.4904,35.7702],[136.4907,35.7699],[136.4914,35.7697],[136.4918,35.7691],[136.4924,35.7683],[136.4928,35.7676],[136.4934,35.7672],[136.4939,35.7673],[136.4941,35.7673],[136.4945,35.7668],[136.495,35.7666],[136.4965,35.7655],[136.4974,35.7629],[136.4973,35.7624],[136.4971,35.7612],[136.4971,35.7608],[136.4977,35.7598],[136.4987,35.7586],[136.4989,35.7581],[136.4989,35.7573],[136.499,35.7569],[136.4994,35.7558],[136.5003,35.7547],[136.5006,35.7541],[136.501,35.7538],[136.5015,35.7532],[136.5019,35.7526],[136.5027,35.7518],[136.5034,35.7509],[136.5036,35.7507],[136.5049,35.7504],[136.5056,35.7503],[136.5062,35.7503],[136.5076,35.7523],[136.508,35.7532],[136.5081,35.7535],[136.508,35.7541],[136.5075,35.7547],[136.5074,35.7552],[136.5075,35.7558],[136.5082,35.757],[136.5086,35.7574],[136.5094,35.7576],[136.5097,35.7577],[136.5103,35.7582],[136.5116,35.7584],[136.5119,35.7586],[136.5122,35.7589],[136.5124,35.7593],[136.5126,35.7606],[136.5129,35.7612],[136.5137,35.7622],[136.5132,35.7634],[136.5131,35.7642],[136.5131,35.7646],[136.5139,35.7666],[136.5138,35.7671],[136.5131,35.7676],[136.513,35.768],[136.5131,35.77],[136.5129,35.7704],[136.5122,35.7712],[136.512,35.7716],[136.512,35.7719],[136.5122,35.7722],[136.5127,35.7726],[136.513,35.7732],[136.5131,35.7739],[136.5132,35.7747],[136.5133,35.7753],[136.5136,35.7756],[136.5142,35.7762],[136.5153,35.7772],[136.516,35.7776],[136.5163,35.7779],[136.5173,35.7783],[136.5176,35.7786],[136.5181,35.7789],[136.5185,35.7794],[136.5186,35.7801],[136.519,35.7807],[136.5194,35.781],[136.5199,35.7816],[136.5201,35.7821],[136.52,35.7828],[136.5201,35.7832],[136.5207,35.7838],[136.5214,35.7844],[136.5217,35.7851],[136.5223,35.7855],[136.5225,35.786],[136.5228,35.7875],[136.5227,35.7881],[136.523,35.7882],[136.5252,35.788],[136.526,35.7873],[136.5284,35.7863],[136.5294,35.7858],[136.5298,35.7855],[136.5301,35.7849],[136.5306,35.7841],[136.5312,35.7838],[136.5324,35.7837],[136.5329,35.7836],[136.5335,35.7832],[136.5345,35.7827],[136.5354,35.7821],[136.5365,35.781],[136.5375,35.781],[136.5385,35.781],[136.5392,35.7809],[136.5398,35.7807],[136.5406,35.7803],[136.5414,35.7802],[136.5423,35.7799],[136.5429,35.7796],[136.5438,35.7791],[136.5443,35.7789],[136.5453,35.7787],[136.5455,35.7787],[136.546,35.779],[136.5465,35.7792],[136.5474,35.7793],[136.548,35.7796],[136.5483,35.7802],[136.5488,35.7804],[136.5493,35.7807],[136.5507,35.7811],[136.5514,35.7809],[136.5527,35.7807],[136.5535,35.7807],[136.5542,35.7807],[136.5549,35.7809],[136.5558,35.781],[136.5569,35.7806],[136.5585,35.7798],[136.5588,35.7796],[136.5593,35.7793],[136.5602,35.7794],[136.5608,35.7792],[136.5616,35.7787],[136.562,35.7787],[136.5626,35.779],[136.5637,35.7793],[136.5648,35.7795],[136.5658,35.7797],[136.5675,35.7791],[136.5686,35.7777],[136.569,35.7774],[136.5694,35.7774],[136.5707,35.7774],[136.5711,35.7775],[136.5723,35.778],[136.5728,35.7784],[136.5738,35.7793],[136.5746,35.7803],[136.5758,35.781],[136.5764,35.7811],[136.5771,35.7815],[136.5776,35.7816],[136.5786,35.7814],[136.5793,35.7815],[136.5801,35.7816],[136.5813,35.7826],[136.5825,35.7833],[136.5844,35.7835],[136.5851,35.7838],[136.586,35.7844],[136.5856,35.7851],[136.5856,35.7853],[136.5855,35.7862],[136.5854,35.7867],[136.5848,35.7874],[136.5848,35.788],[136.5851,35.7887],[136.5851,35.7893],[136.5852,35.7896],[136.5857,35.7903],[136.5859,35.7909],[136.5859,35.7913],[136.5861,35.7915],[136.5876,35.7927],[136.5878,35.7932],[136.5884,35.7941],[136.5893,35.7949],[136.5895,35.7953],[136.5898,35.7956],[136.59,35.7957],[136.5917,35.7951],[136.5926,35.795],[136.5938,35.7954],[136.595,35.7953],[136.5954,35.7954],[136.5965,35.7963],[136.5969,35.7966],[136.5972,35.7969],[136.598,35.7974],[136.5984,35.7977],[136.5988,35.7983],[136.5991,35.7985],[136.5997,35.7985],[136.6001,35.7984],[136.6009,35.7978],[136.6012,35.7973],[136.6015,35.7971],[136.6024,35.7965],[136.6032,35.7963],[136.603,35.7952],[136.6034,35.7944],[136.6036,35.7942],[136.6048,35.7939],[136.6055,35.7933],[136.6068,35.7922],[136.6087,35.7922],[136.6095,35.7923],[136.6095,35.7916],[136.6098,35.7909],[136.6098,35.7901],[136.6101,35.7897],[136.6115,35.7888],[136.6118,35.7887],[136.6128,35.7888],[136.6135,35.7887],[136.6139,35.7888],[136.6145,35.7892],[136.6153,35.7893],[136.6162,35.7887],[136.6165,35.7886],[136.6171,35.7883],[136.6178,35.7884],[136.6186,35.7881],[136.62,35.7883],[136.6209,35.7882],[136.6217,35.7879],[136.6219,35.7875],[136.6219,35.787],[136.6223,35.7869],[136.623,35.7878],[136.6235,35.7881],[136.6248,35.7891],[136.626,35.7894],[136.6271,35.7901],[136.6276,35.7908],[136.6277,35.7911],[136.6273,35.7916],[136.6269,35.7917],[136.6268,35.7921],[136.627,35.7926],[136.6271,35.7931],[136.6271,35.7933],[136.6267,35.7939],[136.6266,35.7943],[136.6263,35.7948],[136.6261,35.7954],[136.6264,35.7966],[136.6266,35.7968],[136.6273,35.7963],[136.6276,35.7961],[136.6287,35.7959],[136.6297,35.7957],[136.6305,35.7956],[136.6324,35.7957],[136.6337,35.796],[136.6342,35.7962],[136.6349,35.7963],[136.636,35.7966],[136.6368,35.797],[136.6379,35.7973],[136.6382,35.7975],[136.6384,35.798],[136.6387,35.799],[136.6389,35.7996],[136.6393,35.7999],[136.6398,35.8017],[136.6408,35.8035],[136.6416,35.8041],[136.6422,35.805],[136.6426,35.8053],[136.6437,35.8056],[136.6443,35.8064],[136.6447,35.8067],[136.6452,35.8068],[136.6464,35.8061],[136.6467,35.8058],[136.6469,35.8052],[136.6488,35.8036],[136.6493,35.8029],[136.6496,35.8021],[136.6503,35.8009],[136.6513,35.7996],[136.6518,35.7994],[136.6523,35.799],[136.6525,35.7987],[136.653,35.7977],[136.653,35.797],[136.6525,35.7959],[136.6524,35.7955],[136.6525,35.7943],[136.6528,35.7934],[136.6531,35.7931],[136.6532,35.7926],[136.6531,35.7919],[136.6527,35.7911],[136.6527,35.7908],[136.6532,35.7899],[136.654,35.7888],[136.654,35.7882],[136.6537,35.7874],[136.6542,35.7864],[136.6543,35.7859],[136.6545,35.7857],[136.6551,35.7856],[136.6558,35.7853],[136.6561,35.7848],[136.6566,35.7843],[136.6573,35.7839],[136.6577,35.7835],[136.6585,35.7835],[136.6602,35.7834],[136.6608,35.7836],[136.6615,35.7841],[136.6621,35.7845],[136.6632,35.7849],[136.664,35.7853],[136.6646,35.7853],[136.6653,35.7853],[136.6661,35.7851],[136.6668,35.7862],[136.6674,35.7871],[136.6681,35.7878],[136.6682,35.7884],[136.6685,35.7886],[136.6694,35.789],[136.6698,35.7892],[136.6699,35.7894],[136.6712,35.7901],[136.6717,35.7904],[136.672,35.7908],[136.672,35.7913],[136.6726,35.7915],[136.673,35.7915],[136.6743,35.7913],[136.6748,35.7911],[136.6749,35.792],[136.6752,35.7923],[136.6759,35.7926],[136.677,35.7933],[136.6772,35.7931],[136.6774,35.7925],[136.6776,35.7921],[136.6797,35.7908],[136.6808,35.7904],[136.6814,35.7898],[136.6826,35.7896],[136.6849,35.7895],[136.6855,35.7896],[136.686,35.7897],[136.6865,35.7898],[136.6871,35.7896],[136.6876,35.7896],[136.6886,35.7899],[136.6889,35.7898],[136.6898,35.7893],[136.69,35.7893],[136.6903,35.7896],[136.6913,35.7901],[136.6922,35.7909],[136.6926,35.791],[136.6937,35.7909],[136.6941,35.7909],[136.6945,35.7912],[136.6953,35.7919],[136.6962,35.7928],[136.6969,35.7938],[136.6971,35.7941],[136.6977,35.7939],[136.6989,35.794],[136.6996,35.7942],[136.7,35.7942],[136.7012,35.7937],[136.7024,35.7926],[136.7031,35.7921],[136.7039,35.7922],[136.7045,35.792],[136.7051,35.7914],[136.7054,35.7913],[136.7057,35.7914],[136.7064,35.7919],[136.7069,35.7919],[136.7082,35.7915],[136.709,35.7917],[136.71,35.792],[136.7103,35.7924],[136.7103,35.7926],[136.7107,35.7931],[136.7112,35.7934],[136.7118,35.7942],[136.712,35.7947],[136.7131,35.7954],[136.7137,35.7954],[136.7146,35.7961],[136.7149,35.7962],[136.7161,35.7964],[136.7167,35.7965],[136.7172,35.7968],[136.7174,35.7971],[136.7176,35.7977],[136.7182,35.7978],[136.7188,35.7982],[136.7192,35.7986],[136.7196,35.7995],[136.7206,35.8002],[136.7209,35.801],[136.721,35.8017],[136.7212,35.8026],[136.7214,35.8029],[136.7222,35.8034],[136.7225,35.8039],[136.7229,35.8045],[136.7229,35.8059],[136.7224,35.8064],[136.7223,35.8067],[136.7225,35.8077],[136.723,35.8081],[136.7234,35.8082],[136.7238,35.8081],[136.7245,35.8081],[136.7249,35.808],[136.7259,35.8074],[136.7272,35.8073],[136.7285,35.8074],[136.7289,35.8073],[136.7295,35.807],[136.731,35.8069],[136.7316,35.8067],[136.7324,35.8066],[136.7333,35.8059],[136.7345,35.8053],[136.7355,35.8051],[136.7359,35.8049],[136.736,35.8041],[136.7364,35.804],[136.7369,35.8039],[136.7377,35.8034],[136.738,35.8028],[136.7386,35.8025],[136.7395,35.8022],[136.74,35.8015],[136.7407,35.8011],[136.7411,35.8011],[136.7417,35.8014],[136.7434,35.8023],[136.7438,35.8029],[136.7445,35.8035],[136.7452,35.8043],[136.7458,35.8044],[136.7466,35.8047],[136.747,35.8051],[136.7478,35.8052],[136.7483,35.8054],[136.7487,35.8057],[136.7496,35.8059],[136.7509,35.8071],[136.752,35.8072],[136.7526,35.8075],[136.7531,35.8083],[136.7537,35.8085],[136.7545,35.8092],[136.7554,35.8096],[136.7559,35.8095],[136.7569,35.8096],[136.7588,35.8097],[136.7592,35.8098],[136.7602,35.8103],[136.7608,35.8105],[136.7617,35.8106],[136.7629,35.8105],[136.7639,35.8106],[136.7644,35.8104],[136.7655,35.8094],[136.7659,35.8091],[136.767,35.809],[136.7673,35.8088],[136.7687,35.8085],[136.7691,35.8082],[136.7693,35.8079],[136.7697,35.8077],[136.7716,35.8068],[136.7723,35.8068],[136.7732,35.8071],[136.7744,35.8067],[136.7743,35.8064],[136.7739,35.8056],[136.7739,35.8051],[136.7742,35.8044],[136.7741,35.8039],[136.7737,35.8034],[136.7736,35.8031],[136.7736,35.8027],[136.774,35.8024],[136.7742,35.8017],[136.7742,35.8011],[136.774,35.8007],[136.7741,35.8],[136.776,35.7988],[136.7766,35.7988],[136.7773,35.7989],[136.7786,35.7988],[136.7791,35.7989],[136.7802,35.7988],[136.7807,35.7989],[136.7816,35.7993],[136.7821,35.7994],[136.7826,35.7992],[136.7829,35.7986],[136.7832,35.7981],[136.7834,35.7981],[136.7843,35.7985],[136.7855,35.7987],[136.786,35.7988],[136.7866,35.7987],[136.7874,35.7985],[136.7885,35.7991],[136.7887,35.7991],[136.7893,35.7994],[136.7898,35.8007],[136.79,35.8013],[136.7899,35.8021],[136.7902,35.8026],[136.7907,35.8033],[136.791,35.8044],[136.792,35.8053],[136.7924,35.8059],[136.7926,35.8067],[136.7928,35.8069],[136.7934,35.807],[136.7936,35.8071],[136.7948,35.8082],[136.7958,35.8088],[136.7959,35.8091],[136.7956,35.81],[136.7954,35.811],[136.7961,35.8124],[136.7966,35.8135],[136.7967,35.8144],[136.7969,35.815],[136.7971,35.8161],[136.7975,35.8165],[136.798,35.8169],[136.7985,35.8177],[136.7979,35.8184],[136.7978,35.8186],[136.7979,35.8198],[136.7984,35.8212],[136.7982,35.8215],[136.7981,35.8222],[136.7981,35.823],[136.7979,35.8237],[136.7979,35.824],[136.7986,35.8251],[136.7982,35.8259],[136.7981,35.8263],[136.7974,35.8272],[136.7971,35.8281],[136.7973,35.8285],[136.7984,35.8292],[136.799,35.8303],[136.7994,35.8313],[136.7995,35.832],[136.7994,35.8325],[136.7992,35.8336],[136.7993,35.8339],[136.7998,35.8346],[136.7997,35.8355],[136.7998,35.8365],[136.7999,35.8372],[136.8007,35.8387],[136.8012,35.8394],[136.8014,35.84],[136.8019,35.8419],[136.8017,35.8432],[136.802,35.8437],[136.8023,35.844],[136.8033,35.8437],[136.8046,35.8434],[136.8058,35.8429],[136.8064,35.8429],[136.8073,35.8432],[136.8077,35.8433],[136.8085,35.8432],[136.8088,35.843],[136.8093,35.8426],[136.8103,35.843],[136.8109,35.843],[136.8115,35.8425],[136.812,35.8425],[136.8128,35.8429],[136.8135,35.8427],[136.8154,35.8425],[136.8159,35.8426],[136.8164,35.8428],[136.8177,35.844],[136.8181,35.8441],[136.8185,35.844],[136.8191,35.8441],[136.8201,35.8438],[136.8209,35.8439],[136.8212,35.844],[136.8219,35.8445],[136.8228,35.8448],[136.8239,35.845],[136.8243,35.8453],[136.8251,35.8454],[136.826,35.8459],[136.8266,35.8466],[136.8271,35.8479],[136.8275,35.8481],[136.8285,35.8488],[136.8292,35.8496],[136.8295,35.85],[136.8301,35.8508],[136.8303,35.8514],[136.8311,35.8518],[136.8311,35.8522],[136.8309,35.8528],[136.8311,35.8535],[136.8317,35.854],[136.8317,35.8543],[136.8314,35.855],[136.8314,35.8558],[136.8318,35.8567],[136.8322,35.8571],[136.8324,35.8574],[136.8322,35.8581],[136.832,35.8585],[136.832,35.8589],[136.8323,35.8593],[136.8321,35.8603],[136.8316,35.8613],[136.8308,35.862],[136.8303,35.8633],[136.8302,35.8643],[136.83,35.8648],[136.8301,35.8656],[136.8301,35.8658],[136.8296,35.8664],[136.8291,35.8674],[136.8286,35.8677],[136.8278,35.8688],[136.8273,35.8692],[136.8262,35.8697],[136.8258,35.8701],[136.8257,35.8703],[136.8257,35.8711],[136.8258,35.8718],[136.8262,35.8723],[136.8262,35.8727],[136.8261,35.8738],[136.8261,35.8743],[136.826,35.8746],[136.8252,35.8748],[136.8248,35.8748],[136.8244,35.875],[136.8242,35.8752],[136.8238,35.876],[136.8233,35.8769],[136.823,35.8779],[136.8229,35.8781],[136.822,35.8784],[136.821,35.8789],[136.8202,35.8794],[136.8199,35.8799],[136.819,35.8817],[136.8205,35.8824],[136.8207,35.8827],[136.8213,35.8838],[136.8216,35.8842],[136.8222,35.8847],[136.8229,35.8864],[136.8229,35.8871],[136.8227,35.8887],[136.8227,35.8895],[136.8226,35.8899],[136.8226,35.8904],[136.823,35.8913],[136.8237,35.8922],[136.8238,35.8928],[136.8233,35.8934],[136.8227,35.8939],[136.8224,35.8952],[136.8223,35.8963],[136.8222,35.8965],[136.8216,35.897],[136.821,35.8976],[136.821,35.8979],[136.8211,35.8985],[136.8209,35.8989],[136.8201,35.8995],[136.8196,35.8997],[136.8191,35.9011],[136.8185,35.9015],[136.8181,35.9017],[136.8169,35.9016],[136.8165,35.9017],[136.8164,35.9021],[136.816,35.9024],[136.8157,35.903],[136.8158,35.9038],[136.8165,35.905],[136.8165,35.9057],[136.8159,35.9062],[136.8159,35.9066],[136.8157,35.9068],[136.8148,35.907],[136.8144,35.9074],[136.8145,35.9079],[136.8147,35.9085],[136.8147,35.9088],[136.8141,35.9097],[136.814,35.9104],[136.8137,35.9109],[136.8122,35.9117],[136.8121,35.9123],[136.812,35.9125],[136.8115,35.9126],[136.8102,35.9128],[136.8086,35.913],[136.8083,35.913],[136.8072,35.9127],[136.8062,35.9127],[136.8058,35.9129],[136.8055,35.914],[136.8053,35.9143],[136.8046,35.9147],[136.8036,35.9152],[136.803,35.9154],[136.8026,35.9158],[136.802,35.9167],[136.8011,35.9177],[136.8007,35.918],[136.7999,35.9181],[136.7992,35.9183],[136.799,35.9186],[136.7994,35.9198],[136.7995,35.9203],[136.799,35.9206],[136.7984,35.9208],[136.7973,35.9208],[136.7964,35.9211],[136.7952,35.921],[136.7946,35.9213],[136.7942,35.9216],[136.7937,35.9216],[136.793,35.9209],[136.7925,35.9208],[136.7919,35.9208],[136.7907,35.9208],[136.7887,35.9213],[136.7875,35.9218],[136.7872,35.922],[136.7865,35.9223],[136.7854,35.9232],[136.7848,35.924],[136.7846,35.9247],[136.7843,35.9253],[136.7839,35.9257],[136.7836,35.927],[136.7839,35.9278],[136.7842,35.9282],[136.7849,35.9289],[136.7853,35.9298],[136.7858,35.9303],[136.7859,35.9306],[136.7859,35.9316],[136.7866,35.9326],[136.7869,35.9336],[136.7878,35.9345],[136.7879,35.935],[136.7889,35.9361],[136.7897,35.9374],[136.79,35.9377],[136.7905,35.9381],[136.7915,35.9386],[136.7923,35.9391],[136.7927,35.9404],[136.7934,35.9409],[136.7936,35.9425],[136.7936,35.9428],[136.7932,35.9441],[136.7932,35.9448],[136.7935,35.9456],[136.7932,35.946],[136.7927,35.9462],[136.7921,35.9467],[136.7914,35.9468],[136.791,35.9472],[136.79,35.9477],[136.7896,35.948],[136.7891,35.9487],[136.7888,35.9488],[136.7876,35.9489],[136.7868,35.9491],[136.7859,35.9488],[136.7849,35.9486],[136.7843,35.9488],[136.7835,35.9494],[136.7817,35.95],[136.7809,35.9505],[136.7805,35.9506],[136.78,35.9505],[136.7785,35.9506],[136.778,35.9507],[136.777,35.9512],[136.7766,35.9512],[136.7761,35.951],[136.7756,35.9507],[136.775,35.9506],[136.774,35.9506],[136.7732,35.9503],[136.7721,35.9502],[136.7704,35.9504],[136.7697,35.9506],[136.7693,35.951],[136.7692,35.9515],[136.769,35.9517],[136.7681,35.952],[136.7672,35.9526],[136.7666,35.9528],[136.7654,35.9531],[136.7647,35.9531],[136.7638,35.9533],[136.7623,35.9542],[136.7617,35.9544],[136.7593,35.9548],[136.7587,35.955],[136.7583,35.9555],[136.7579,35.9557],[136.7569,35.9558],[136.7562,35.9555],[136.7555,35.9555],[136.7547,35.9561],[136.7535,35.9562],[136.7533,35.9564],[136.7529,35.9565],[136.7513,35.9578],[136.7503,35.9589],[136.7499,35.9594],[136.7497,35.9606],[136.7498,35.9614],[136.7493,35.9618],[136.7488,35.9636],[136.7491,35.9643],[136.7497,35.9648],[136.7498,35.9654],[136.75,35.9658],[136.7502,35.966],[136.7504,35.9663],[136.7505,35.967],[136.7509,35.9673],[136.7522,35.9676],[136.7535,35.9681],[136.7536,35.9686],[136.753,35.9695],[136.7533,35.9704],[136.7533,35.9711],[136.7528,35.9718],[136.7526,35.9723],[136.7524,35.9731],[136.7525,35.9738],[136.7529,35.9747],[136.7527,35.9753],[136.7528,35.9761],[136.7529,35.9769],[136.7532,35.9776],[136.7533,35.9782],[136.7532,35.9791],[136.7529,35.98],[136.7525,35.9808],[136.7521,35.9824],[136.7521,35.9827],[136.7527,35.9833],[136.7528,35.9835],[136.7525,35.9841],[136.7526,35.9847],[136.7519,35.9858],[136.7518,35.9861],[136.752,35.9866],[136.7519,35.9869],[136.7515,35.9873],[136.7519,35.9876],[136.7523,35.9883],[136.7523,35.9886],[136.7515,35.9894],[136.7508,35.9904],[136.7497,35.9909],[136.7491,35.9909],[136.7482,35.9906],[136.7474,35.9912],[136.7468,35.9911],[136.7457,35.9914],[136.7434,35.9916],[136.7425,35.9917],[136.7414,35.9919],[136.7401,35.9926],[136.7384,35.9932],[136.738,35.993],[136.7377,35.993],[136.7372,35.9933],[136.7364,35.9933],[136.7352,35.9933],[136.7345,35.9934],[136.7336,35.9939],[136.7321,35.9942],[136.7302,35.9947],[136.7292,35.9948],[136.7285,35.9951],[136.7275,35.9954],[136.7271,35.9956],[136.7267,35.9959],[136.7274,35.9964],[136.7284,35.9976],[136.7287,35.9991],[136.7291,36.0001],[136.7294,36.0015],[136.7293,36.0031],[136.7291,36.0034],[136.729,36.0042],[136.7291,36.0049],[136.7291,36.0056],[136.729,36.006],[136.7284,36.0069],[136.7283,36.0074],[136.7284,36.0077],[136.7289,36.008],[136.729,36.0082],[136.7289,36.0094],[136.7292,36.0096],[136.7298,36.01],[136.7302,36.0106],[136.7304,36.011],[136.731,36.0119],[136.7312,36.0122],[136.7317,36.0125],[136.732,36.0126],[136.7324,36.013],[136.7323,36.0133],[136.732,36.014],[136.7318,36.0147],[136.7312,36.0163],[136.7309,36.0176],[136.731,36.018],[136.7314,36.0185],[136.7331,36.0194],[136.7334,36.0196],[136.7342,36.0205],[136.7344,36.021],[136.7343,36.0217],[136.7336,36.0225],[136.7333,36.0232],[136.7331,36.0241],[136.733,36.0252],[136.733,36.0264],[136.7332,36.0275],[136.7335,36.0282],[136.7341,36.0291],[136.7349,36.0301],[136.7353,36.0307],[136.7357,36.0323],[136.7357,36.0326],[136.7355,36.0335],[136.7355,36.0341],[136.7349,36.0347],[136.7349,36.0349],[136.7355,36.0354],[136.7356,36.0357],[136.7356,36.0363],[136.7355,36.0367],[136.7353,36.0378],[136.7353,36.0385],[136.7357,36.0394],[136.7358,36.0398],[136.7358,36.0403],[136.7356,36.0409],[136.7352,36.0416],[136.7348,36.042],[136.7347,36.0423],[136.735,36.0428],[136.7359,36.0436],[136.7359,36.0441],[136.7353,36.0458],[136.7353,36.0467],[136.7355,36.0477],[136.7354,36.0479],[136.7345,36.0483],[136.733,36.0487],[136.7328,36.0489],[136.7333,36.0493],[136.7339,36.0494],[136.7352,36.0502],[136.7354,36.0505],[136.7357,36.0511],[136.7359,36.0514],[136.7374,36.0524],[136.7377,36.0527],[136.7383,36.0531],[136.7396,36.0534],[136.7399,36.0536],[136.7405,36.0543],[136.7406,36.0549],[136.7404,36.056],[136.7401,36.0569],[136.7418,36.057],[136.7422,36.0572],[136.7427,36.0582],[136.7436,36.059],[136.7444,36.0599],[136.7446,36.0601],[136.7452,36.0603],[136.7462,36.0605],[136.7472,36.0609],[136.7482,36.0616],[136.7486,36.0617],[136.749,36.0617],[136.7498,36.0613],[136.7502,36.0612],[136.7511,36.0614],[136.7517,36.0617],[136.7527,36.0624],[136.7531,36.0628],[136.7537,36.0638],[136.7544,36.0646],[136.7553,36.0651],[136.7558,36.0652],[136.7571,36.0653],[136.7574,36.0654],[136.7578,36.0658],[136.7582,36.0666],[136.759,36.0671],[136.7601,36.0672],[136.7615,36.0671],[136.7619,36.0671],[136.7643,36.0677],[136.7644,36.0682],[136.765,36.0694],[136.765,36.0697],[136.7649,36.0704],[136.7646,36.0709],[136.7646,36.0715],[136.7643,36.0722],[136.7641,36.0734],[136.7641,36.0742],[136.7638,36.0747],[136.7633,36.0752],[136.7628,36.0754],[136.7622,36.076],[136.7617,36.0762],[136.7613,36.0767],[136.7608,36.0778],[136.7606,36.0783],[136.761,36.0788],[136.7609,36.0792],[136.7602,36.0801],[136.7598,36.0806],[136.7594,36.0808],[136.7582,36.0809],[136.7574,36.0814],[136.7573,36.0816],[136.7564,36.0832],[136.7561,36.0836],[136.7558,36.0848],[136.7553,36.0857],[136.7548,36.0861],[136.7543,36.0863],[136.7538,36.0859],[136.7531,36.0855],[136.7528,36.0855],[136.752,36.086],[136.7511,36.0861],[136.75,36.086],[136.749,36.0856],[136.7485,36.0855],[136.747,36.0855],[136.746,36.0853],[136.7453,36.0851],[136.7447,36.0848],[136.744,36.0841],[136.7433,36.0831],[136.7431,36.0827],[136.7424,36.0827],[136.742,36.0825],[136.7409,36.0817],[136.7396,36.0813],[136.7388,36.0804],[136.7379,36.0805],[136.7375,36.0802],[136.7367,36.0803],[136.7356,36.0807],[136.7347,36.0808],[136.7343,36.0806],[136.7333,36.0805],[136.7328,36.0804],[136.7325,36.0804],[136.7318,36.0807],[136.7309,36.0813],[136.7304,36.0815],[136.7298,36.0815],[136.7291,36.0817],[136.7286,36.0816],[136.7282,36.0814],[136.7274,36.0812],[136.727,36.0812],[136.7262,36.0816],[136.7254,36.0821],[136.7248,36.0823],[136.7242,36.0823],[136.7237,36.0821],[136.7229,36.0821],[136.722,36.0821],[136.7214,36.082],[136.7204,36.0823],[136.7195,36.0822],[136.7188,36.0819],[136.7181,36.0817],[136.7178,36.0817],[136.7167,36.0819],[136.7153,36.0821],[136.7145,36.0818],[136.7136,36.0809],[136.7132,36.0809],[136.7128,36.081],[136.7117,36.0812],[136.7111,36.0811],[136.7108,36.0809],[136.7107,36.0804],[136.7092,36.0795],[136.7089,36.0794],[136.7077,36.0794],[136.7071,36.0796],[136.706,36.079],[136.7056,36.0787],[136.7053,36.0781],[136.7045,36.0778],[136.7036,36.0773],[136.7029,36.077],[136.7021,36.0766],[136.7018,36.0759],[136.7017,36.0753],[136.7012,36.0749],[136.7003,36.0744],[136.6994,36.074],[136.699,36.0739],[136.6983,36.0739],[136.6976,36.0737],[136.6973,36.0737],[136.6963,36.0743],[136.6956,36.0744],[136.6951,36.0742],[136.6946,36.0737],[136.694,36.0734],[136.6935,36.0729],[136.6932,36.0723],[136.6922,36.0718],[136.6913,36.0722],[136.6911,36.0725],[136.6906,36.073],[136.6898,36.0733],[136.6894,36.0733],[136.6885,36.0727],[136.6877,36.0726],[136.6868,36.0722],[136.6861,36.0722],[136.6857,36.0721],[136.6854,36.0717],[136.6849,36.0713],[136.6843,36.0712],[136.6836,36.0714],[136.683,36.0714],[136.682,36.0711],[136.6817,36.0711],[136.6811,36.0713],[136.6805,36.0712],[136.6797,36.0708],[136.6785,36.0705],[136.6778,36.0701],[136.6776,36.0699],[136.6775,36.0688],[136.6767,36.0682],[136.6762,36.068],[136.675,36.0679],[136.6747,36.0677],[136.6742,36.0672],[136.6737,36.0676],[136.6723,36.0685],[136.672,36.0686],[136.6712,36.0693],[136.6705,36.0694],[136.6698,36.0688],[136.6695,36.0684],[136.6686,36.0678],[136.6683,36.0678],[136.667,36.0682],[136.6665,36.0682],[136.666,36.068],[136.6652,36.068],[136.6642,36.0677],[136.6628,36.0676],[136.6623,36.0676],[136.6616,36.0681],[136.6602,36.0684],[136.6595,36.0688],[136.659,36.0689],[136.6587,36.0695],[136.6573,36.0693],[136.657,36.0694],[136.6559,36.0687],[136.6551,36.0683],[136.6547,36.0681],[136.654,36.068],[136.6532,36.0677],[136.6527,36.0678],[136.6517,36.0676],[136.6513,36.0675],[136.6503,36.0673],[136.6494,36.067],[136.6478,36.0658],[136.6468,36.0654],[136.6462,36.0647],[136.6458,36.0644],[136.6449,36.0643],[136.6436,36.064],[136.6431,36.0639],[136.6422,36.0639],[136.6415,36.0634],[136.6407,36.0632],[136.6398,36.0626],[136.6394,36.0624],[136.6389,36.0622],[136.6381,36.0619],[136.6375,36.0617],[136.6373,36.0615],[136.6372,36.0609],[136.6372,36.0603],[136.637,36.0601],[136.6353,36.0592],[136.635,36.0589],[136.6351,36.0584],[136.6344,36.0579],[136.6347,36.0571],[136.635,36.0567],[136.6348,36.0563],[136.6343,36.0561],[136.634,36.0558],[136.6332,36.0553],[136.633,36.055],[136.6328,36.0544],[136.6324,36.0541],[136.6321,36.0537],[136.6317,36.0535],[136.6311,36.0534],[136.6303,36.0533],[136.6294,36.0534],[136.629,36.0532],[136.6282,36.0529],[136.6271,36.0523],[136.6269,36.0523],[136.6258,36.0519],[136.6254,36.0517],[136.6251,36.0513],[136.6248,36.0512],[136.6249,36.051],[136.6253,36.0507],[136.6254,36.0504],[136.6253,36.05],[136.625,36.0498],[136.6237,36.0489],[136.6224,36.0477],[136.6222,36.0471],[136.6215,36.0463],[136.6212,36.0461],[136.6201,36.0462],[136.6195,36.0461],[136.6189,36.0458],[136.6185,36.0454],[136.6177,36.0452],[136.617,36.0452],[136.616,36.045],[136.6151,36.0447],[136.6139,36.0445],[136.6135,36.0443],[136.6124,36.0433],[136.6123,36.0428],[136.6123,36.0421],[136.612,36.0411],[136.6116,36.0402],[136.6111,36.0394],[136.6108,36.039],[136.6103,36.0386],[136.6095,36.0387],[136.6082,36.0387],[136.607,36.0386],[136.6064,36.0385],[136.6053,36.0383],[136.6047,36.0383],[136.6042,36.0386],[136.6036,36.0386],[136.6022,36.0384],[136.6018,36.0384],[136.601,36.0386],[136.5998,36.0385],[136.5993,36.0383],[136.5982,36.0378],[136.5975,36.0374],[136.597,36.0372],[136.5964,36.0371],[136.596,36.0369],[136.5952,36.0361],[136.5944,36.0357],[136.5937,36.0354],[136.5924,36.0353],[136.5919,36.0349],[136.5917,36.0346],[136.5912,36.0345],[136.5908,36.0342],[136.5903,36.0339],[136.5894,36.0338],[136.5885,36.0333],[136.5881,36.033],[136.5878,36.0325],[136.5869,36.0315],[136.5864,36.0306],[136.5859,36.0302],[136.5854,36.0299],[136.5851,36.0296],[136.584,36.0288],[136.5826,36.0285],[136.5824,36.0283],[136.5821,36.0277],[136.5817,36.027],[136.5812,36.0264],[136.5808,36.0261],[136.5797,36.025],[136.5785,36.024],[136.5773,36.0233],[136.5759,36.0226],[136.5751,36.0223],[136.5744,36.0224],[136.5737,36.023],[136.5733,36.0231],[136.5721,36.0225],[136.5713,36.0219],[136.5708,36.0212],[136.5707,36.0208],[136.5701,36.0197],[136.5687,36.018],[136.5686,36.0176],[136.5685,36.0164],[136.5685,36.0157],[136.5683,36.0142],[136.5682,36.0135],[136.568,36.0109],[136.5676,36.0105],[136.567,36.0102],[136.5656,36.0098],[136.5652,36.0097],[136.5644,36.0099],[136.5638,36.0097],[136.5634,36.0092],[136.5631,36.0091],[136.562,36.0087],[136.5615,36.0086],[136.5608,36.0089],[136.5604,36.0096],[136.5595,36.0104],[136.5589,36.0107],[136.5578,36.0106],[136.5571,36.0106],[136.5563,36.0107],[136.5554,36.011],[136.5549,36.0111],[136.5542,36.0117],[136.5521,36.0121],[136.5512,36.012],[136.5507,36.0117],[136.5503,36.0112],[136.5502,36.0106],[136.5498,36.0098],[136.5497,36.0097],[136.549,36.0095],[136.5485,36.0093],[136.5481,36.009],[136.5473,36.0089],[136.5459,36.0088],[136.5456,36.0087],[136.5448,36.0081],[136.5438,36.007],[136.5429,36.0074],[136.5424,36.0077],[136.5416,36.0084],[136.5412,36.0088],[136.5406,36.0094],[136.5385,36.011],[136.5371,36.012],[136.5365,36.0123],[136.5342,36.0138],[136.533,36.0143],[136.5321,36.0145],[136.5307,36.0152],[136.5297,36.0155],[136.5285,36.0158],[136.5272,36.0163],[136.5263,36.0168],[136.5252,36.0173],[136.5233,36.0182],[136.5224,36.0187],[136.5208,36.0196],[136.5198,36.0202],[136.518,36.0213],[136.5173,36.0216],[136.5168,36.0218],[136.5164,36.0217],[136.5168,36.0209],[136.5171,36.0206],[136.5172,36.02],[136.517,36.019],[136.5168,36.0184],[136.5166,36.018],[136.5158,36.0173],[136.5153,36.0168],[136.5151,36.0167],[136.5142,36.0182],[136.5139,36.0184],[136.5134,36.0185],[136.5128,36.0185],[136.5121,36.0183],[136.5115,36.0183],[136.5111,36.0184],[136.5105,36.0191],[136.5096,36.0192],[136.5089,36.0195],[136.5083,36.0194],[136.5078,36.0191],[136.5073,36.019],[136.506,36.0192],[136.5054,36.0195],[136.505,36.0195],[136.5044,36.0194],[136.5037,36.0194],[136.5029,36.0195],[136.5026,36.0197],[136.502,36.0206],[136.5015,36.0212],[136.5009,36.0215],[136.5002,36.0217],[136.4995,36.0219],[136.499,36.0222],[136.4985,36.0224],[136.498,36.0228],[136.4975,36.0233],[136.4972,36.024],[136.4967,36.0245],[136.4967,36.0253],[136.4962,36.0254],[136.4957,36.0253],[136.4948,36.0255],[136.4945,36.0255],[136.4933,36.0253],[136.4929,36.0253],[136.4921,36.0256],[136.4917,36.0258],[136.491,36.0259],[136.4905,36.026],[136.4892,36.026],[136.4879,36.0259],[136.4865,36.0257],[136.4858,36.0255],[136.4839,36.0255],[136.4825,36.026],[136.4807,36.026],[136.4802,36.0262],[136.4789,36.0264],[136.4781,36.0268],[136.4778,36.0276],[136.4776,36.0277],[136.4767,36.028],[136.4755,36.0287],[136.4752,36.029],[136.4748,36.0293],[136.4745,36.029],[136.4738,36.0287],[136.4732,36.0286],[136.4723,36.0286],[136.4717,36.0283],[136.4706,36.0276],[136.4698,36.0264],[136.4694,36.026],[136.4692,36.0257],[136.469,36.0251],[136.469,36.0244],[136.4687,36.0239],[136.4687,36.0235],[136.4684,36.0229],[136.4679,36.0219],[136.4679,36.0211],[136.4675,36.0204],[136.4675,36.0196],[136.4674,36.0192],[136.4668,36.0186],[136.4655,36.0179],[136.465,36.0177],[136.4646,36.0173],[136.4641,36.017],[136.4634,36.0168],[136.4628,36.0168],[136.4622,36.0167],[136.4616,36.0168],[136.4604,36.0169],[136.4595,36.0164],[136.4591,36.0164],[136.4578,36.0165],[136.4577,36.016],[136.4576,36.0158],[136.4574,36.0156],[136.4572,36.0154],[136.457,36.0154],[136.4567,36.0152],[136.4564,36.015],[136.4561,36.0148],[136.456,36.0147],[136.4558,36.0145],[136.4554,36.0142],[136.4552,36.014],[136.4551,36.0139],[136.4549,36.0138],[136.4543,36.0138],[136.4538,36.0136],[136.4536,36.0135],[136.4532,36.0133],[136.4531,36.0133],[136.4529,36.0132],[136.4528,36.0132],[136.4527,36.0132],[136.4525,36.0131],[136.4521,36.013],[136.4516,36.0129],[136.4515,36.0128],[136.4511,36.0126],[136.4507,36.0126],[136.4506,36.0125],[136.4505,36.0124],[136.4505,36.0122],[136.4504,36.012],[136.4504,36.0119],[136.4501,36.0117],[136.45,36.0116],[136.4499,36.0115],[136.4498,36.0114],[136.4496,36.0112],[136.4493,36.0107],[136.4492,36.0106],[136.4491,36.0105],[136.449,36.0103],[136.4489,36.0101],[136.4491,36.0099],[136.4493,36.0097],[136.4494,36.0096],[136.4495,36.0094],[136.4498,36.0091],[136.45,36.0089],[136.45,36.0088],[136.4502,36.0086],[136.4505,36.0084],[136.4506,36.0083],[136.4508,36.0082],[136.451,36.0081],[136.4511,36.0079],[136.4513,36.0078],[136.4516,36.0075],[136.4518,36.0072],[136.4519,36.007],[136.4519,36.0069],[136.452,36.0066],[136.4522,36.0065],[136.4524,36.0063],[136.4526,36.0061],[136.4527,36.006],[136.4526,36.0057],[136.4525,36.0053],[136.4524,36.0052],[136.4524,36.005],[136.4526,36.0046],[136.4526,36.0043],[136.4528,36.0041],[136.4528,36.004],[136.4532,36.0037],[136.4534,36.0035],[136.4535,36.0034],[136.4537,36.0031],[136.4539,36.0027],[136.4543,36.0024],[136.4553,36.0021],[136.4553,36.002],[136.4552,36.0018],[136.455,36.0016],[136.4547,36.001],[136.4544,36.0007],[136.454,36.0004],[136.4536,36.0002],[136.4535,36],[136.4534,35.9999],[136.4533,35.9996],[136.4533,35.9995],[136.4531,35.999],[136.4527,35.9982],[136.4525,35.998],[136.4522,35.9977],[136.452,35.9974],[136.4519,35.9972],[136.4516,35.9972],[136.4515,35.997],[136.4516,35.9969],[136.4519,35.9963],[136.4522,35.996],[136.4528,35.9953],[136.4534,35.9949],[136.4539,35.9944],[136.4546,35.9938],[136.455,35.9933],[136.4555,35.9928],[136.4559,35.9925],[136.4561,35.9924],[136.4563,35.9922],[136.4563,35.9921],[136.4563,35.9919],[136.4561,35.9917],[136.4557,35.9913],[136.4555,35.9911],[136.4554,35.9907],[136.4554,35.9906],[136.4553,35.9902],[136.4551,35.9899],[136.4549,35.9897],[136.4543,35.9894],[136.4538,35.9891],[136.4533,35.9886],[136.4532,35.9884],[136.4531,35.9878],[136.453,35.9874],[136.4529,35.9872],[136.4526,35.987],[136.4522,35.9868],[136.451,35.9863],[136.4506,35.9861],[136.45,35.9859],[136.4498,35.9859],[136.4492,35.9857],[136.4488,35.9855],[136.4487,35.9854],[136.4486,35.9849],[136.4487,35.9844],[136.4487,35.9841],[136.4485,35.9839],[136.4485,35.9838],[136.4485,35.9834],[136.4486,35.9833],[136.4487,35.9829],[136.4491,35.9826],[136.4492,35.9826],[136.4493,35.9824],[136.4494,35.9821],[136.4494,35.9818],[136.4495,35.9815],[136.4499,35.9811],[136.45,35.981],[136.4507,35.9806],[136.451,35.9805],[136.4513,35.9805],[136.4515,35.9803],[136.4518,35.98],[136.452,35.9798],[136.4522,35.9797],[136.4524,35.9795],[136.4523,35.9789],[136.4522,35.9782],[136.4523,35.9773],[136.4523,35.9772],[136.4523,35.9766],[136.4523,35.9762],[136.4523,35.9755],[136.4523,35.975],[136.4522,35.9748],[136.4522,35.9747],[136.4521,35.9742],[136.4522,35.974],[136.4523,35.9738],[136.4526,35.9736],[136.4528,35.9733],[136.4528,35.973],[136.453,35.9726],[136.4531,35.9724],[136.4532,35.9722],[136.4533,35.972],[136.4532,35.9715],[136.4533,35.9714],[136.4534,35.9713],[136.4536,35.9713],[136.4539,35.9713],[136.454,35.9713],[136.4545,35.971],[136.455,35.9706],[136.4557,35.9699],[136.4563,35.9693],[136.4565,35.9688],[136.4568,35.9676],[136.4572,35.9671],[136.4572,35.9669],[136.457,35.9667],[136.4565,35.9661],[136.4561,35.9657],[136.4557,35.9651],[136.4557,35.9648],[136.4558,35.9642],[136.4558,35.9638],[136.4554,35.963],[136.455,35.9623],[136.4547,35.9617],[136.4546,35.9614],[136.4545,35.9611],[136.4546,35.9606],[136.4546,35.9604],[136.4547,35.9603],[136.4547,35.9601],[136.4545,35.9596],[136.4544,35.9594],[136.4544,35.9593],[136.4544,35.9592],[136.4545,35.9588],[136.4547,35.9583],[136.4548,35.958],[136.4551,35.9574],[136.4553,35.9569],[136.4554,35.9567],[136.4554,35.9564],[136.4554,35.9561],[136.4552,35.9556],[136.4553,35.9554],[136.4554,35.9552],[136.4557,35.955],[136.4564,35.9546],[136.4568,35.9544],[136.4576,35.9544],[136.4583,35.9544],[136.4584,35.9544],[136.4588,35.9543],[136.459,35.9543],[136.4595,35.9539],[136.46,35.9536],[136.4605,35.9534],[136.4606,35.9534],[136.4613,35.9533],[136.4618,35.9533],[136.4621,35.9533],[136.4623,35.9532],[136.4626,35.953],[136.463,35.9528],[136.4634,35.9525],[136.4636,35.9524],[136.4638,35.9524],[136.4639,35.9524],[136.4642,35.9522],[136.4644,35.952],[136.4645,35.9518],[136.4647,35.9514],[136.4649,35.9512],[136.4652,35.9509],[136.4654,35.9508],[136.4654,35.9506],[136.4655,35.9504],[136.4655,35.9501],[136.4655,35.95],[136.4655,35.9498],[136.4653,35.9495],[136.465,35.9492],[136.4647,35.949],[136.4642,35.9484],[136.464,35.948],[136.4638,35.9475],[136.4637,35.9474],[136.4637,35.9473],[136.4633,35.9471],[136.4632,35.9469],[136.4632,35.9467],[136.4632,35.9462],[136.4631,35.9461],[136.4627,35.9458],[136.4624,35.9456],[136.4622,35.9453],[136.462,35.945],[136.4619,35.9447],[136.4619,35.9444],[136.4618,35.9434],[136.4615,35.9422],[136.4613,35.9418],[136.4613,35.9417],[136.4613,35.9416],[136.4615,35.9412],[136.4616,35.9407],[136.4618,35.9405],[136.4621,35.9403],[136.4622,35.9402],[136.4622,35.94],[136.4619,35.9397],[136.4616,35.9392],[136.4615,35.939],[136.4615,35.9388],[136.4618,35.9382],[136.4623,35.9373],[136.4623,35.9372],[136.4623,35.9369],[136.4625,35.9366],[136.4626,35.9364],[136.4626,35.9361],[136.4626,35.936],[136.4627,35.9359],[136.4631,35.9358],[136.4632,35.9355],[136.4633,35.9348],[136.4633,35.9345],[136.4633,35.9342],[136.4635,35.9339],[136.4639,35.9334],[136.464,35.9333],[136.4642,35.9332],[136.4644,35.9331],[136.4644,35.933],[136.4641,35.9328],[136.4635,35.9326],[136.4631,35.9326],[136.4623,35.9327],[136.4612,35.9328],[136.461,35.9328],[136.4608,35.9328],[136.4598,35.9325],[136.4593,35.9324],[136.4585,35.9323],[136.4583,35.9322],[136.4581,35.9322],[136.4579,35.932],[136.4578,35.9318],[136.4577,35.9314],[136.4574,35.9313],[136.4571,35.9312],[136.4569,35.9312],[136.4565,35.9313],[136.4559,35.9316],[136.4556,35.9317],[136.4552,35.9318],[136.4548,35.9318],[136.4543,35.9318],[136.4539,35.9317],[136.4536,35.9316],[136.4535,35.9316],[136.4533,35.9315],[136.4533,35.9313],[136.4533,35.9311],[136.4534,35.9308],[136.4536,35.9305],[136.4538,35.9302],[136.4538,35.9299],[136.4539,35.9297],[136.454,35.9296],[136.4541,35.9295],[136.4544,35.9293],[136.4545,35.9291],[136.4549,35.9289],[136.4552,35.9287],[136.4556,35.9286],[136.4558,35.9286],[136.4562,35.9286],[136.4565,35.9286],[136.4567,35.9285],[136.4568,35.9285],[136.4572,35.9282],[136.4577,35.9279],[136.4581,35.9277],[136.4583,35.9276],[136.4589,35.9274],[136.4601,35.9271],[136.4604,35.9271],[136.4609,35.9271],[136.4614,35.9271],[136.4616,35.927],[136.4618,35.9269],[136.4626,35.9265],[136.4632,35.9261],[136.4637,35.9258],[136.4642,35.9252],[136.4645,35.925],[136.4646,35.9249],[136.4647,35.9247],[136.4648,35.9244],[136.4651,35.9241],[136.4654,35.9238],[136.4655,35.9237],[136.466,35.9232],[136.4666,35.9224],[136.4667,35.9223],[136.4672,35.9216],[136.4672,35.9215],[136.4671,35.9213],[136.467,35.9212],[136.4667,35.9212],[136.4666,35.9211],[136.4661,35.9211],[136.465,35.9211],[136.4643,35.9211],[136.4639,35.9212],[136.4635,35.9214],[136.4633,35.9214],[136.4626,35.9216],[136.4624,35.9215],[136.4621,35.9214],[136.4616,35.9208],[136.4613,35.9207],[136.461,35.9206],[136.4607,35.9205],[136.4605,35.9206],[136.4604,35.9203],[136.4599,35.9198],[136.4606,35.9191],[136.4605,35.9188],[136.4601,35.9184],[136.4599,35.9177],[136.4595,35.9172],[136.4586,35.917],[136.4582,35.9167],[136.4579,35.9158],[136.4573,35.9149],[136.4568,35.9144],[136.4563,35.9141],[136.4557,35.9136],[136.4551,35.9133],[136.4541,35.9132],[136.4528,35.9132],[136.4521,35.9131],[136.4514,35.9128],[136.4507,35.913],[136.4504,35.9133],[136.45,35.9131],[136.4495,35.9123],[136.4486,35.9112],[136.4482,35.9111],[136.4478,35.9107],[136.4472,35.9103],[136.4466,35.9101],[136.446,35.9101],[136.4453,35.9102],[136.4446,35.91],[136.4441,35.9102],[136.4432,35.9101],[136.443,35.9101],[136.4424,35.9096],[136.4417,35.9094],[136.441,35.9094],[136.4391,35.909],[136.4388,35.9086],[136.4387,35.9071],[136.4386,35.9059],[136.4386,35.9053],[136.4382,35.904],[136.4382,35.9032],[136.4386,35.9026],[136.4386,35.9025],[136.438,35.902],[136.4376,35.901],[136.437,35.9008],[136.4361,35.9008],[136.436,35.9007],[136.4349,35.8991],[136.4347,35.8988],[136.4341,35.8983],[136.4334,35.8974],[136.4325,35.8964],[136.4325,35.8952],[136.4322,35.8947],[136.4323,35.8938],[136.4322,35.8935],[136.4319,35.8928],[136.4318,35.8925],[136.4318,35.8921],[136.4324,35.8911],[136.4324,35.8907],[136.4322,35.8901],[136.4325,35.8897],[136.433,35.8889],[136.4342,35.8886],[136.4352,35.8876],[136.4358,35.8867],[136.4359,35.8863],[136.4363,35.8861],[136.4385,35.886],[136.4393,35.886],[136.4394,35.8849],[136.4395,35.8844],[136.4395,35.884],[136.4391,35.8831],[136.4391,35.8826],[136.4392,35.8813],[136.4392,35.8808],[136.4398,35.8793],[136.4399,35.8786],[136.4399,35.8779],[136.4395,35.8774],[136.4384,35.8767],[136.4375,35.8759],[136.4371,35.8752],[136.4368,35.8746],[136.4364,35.8741],[136.4358,35.8736],[136.4354,35.8733],[136.435,35.8733],[136.4345,35.873],[136.4332,35.8723],[136.4331,35.8719],[136.4338,35.8713],[136.4356,35.8693],[136.4357,35.8691],[136.4351,35.8677],[136.435,35.8671],[136.4346,35.8668],[136.4344,35.8663],[136.4334,35.8653],[136.4329,35.8649],[136.4324,35.8644],[136.4316,35.8638],[136.4304,35.8638],[136.4298,35.8634],[136.4296,35.8631],[136.4294,35.8623],[136.4297,35.8616],[136.4296,35.8609],[136.4285,35.86],[136.4277,35.859],[136.4276,35.8589],[136.4279,35.8583],[136.4282,35.8576],[136.4286,35.8572],[136.4291,35.8571],[136.4293,35.8569],[136.4293,35.8563],[136.4296,35.8556],[136.4298,35.8549],[136.4301,35.8546],[136.4313,35.8543],[136.4316,35.8541],[136.4318,35.8538],[136.4319,35.8529],[136.4328,35.8522],[136.4335,35.8517],[136.4343,35.8512],[136.435,35.851],[136.4365,35.8498],[136.4356,35.8496],[136.4331,35.85],[136.4328,35.8502],[136.4324,35.8507],[136.431,35.8505],[136.4309,35.8502],[136.4312,35.8493],[136.4315,35.8486],[136.4313,35.8479],[136.4318,35.8475],[136.4321,35.8474],[136.4323,35.8471],[136.4317,35.8468],[136.4312,35.8464],[136.4308,35.8459],[136.4304,35.845],[136.4301,35.844],[136.4298,35.8438],[136.4295,35.8431],[136.4297,35.8424],[136.4295,35.8418],[136.4283,35.8412],[136.4283,35.8409],[136.4289,35.8403],[136.429,35.8396],[136.4289,35.839],[136.4286,35.8386],[136.4281,35.8379],[136.4277,35.8374],[136.4268,35.8363],[136.4263,35.8362],[136.4254,35.8361],[136.4249,35.8359],[136.4247,35.8356],[136.4248,35.8354],[136.4246,35.8351],[136.4242,35.8348],[136.4238,35.8345],[136.4235,35.8336],[136.4234,35.8328],[136.4234,35.8325],[136.4239,35.8318],[136.4239,35.8313],[136.4243,35.8309],[136.4245,35.83],[136.4243,35.8292],[136.4246,35.8288],[136.4246,35.8284],[136.4247,35.828],[136.4255,35.8273],[136.4257,35.8272],[136.426,35.8268],[136.4261,35.8261],[136.4268,35.8249],[136.4275,35.8245],[136.4282,35.8236],[136.4281,35.8234],[136.427,35.8234],[136.4268,35.8233],[136.4256,35.8227],[136.4254,35.8224],[136.4247,35.8221],[136.4243,35.8211],[136.4229,35.8209],[136.4227,35.8206],[136.4226,35.8197],[136.4226,35.8193],[136.4226,35.8184],[136.4226,35.8176],[136.4231,35.8165],[136.4229,35.8159],[136.423,35.8154],[136.4233,35.8146],[136.4233,35.8142],[136.4232,35.8138],[136.4231,35.8133],[136.4232,35.813],[136.4246,35.8124],[136.4256,35.8118],[136.4258,35.8116],[136.4264,35.8101],[136.4267,35.8098],[136.4278,35.8096],[136.4286,35.8093],[136.429,35.809],[136.4297,35.8088],[136.4303,35.8084],[136.4306,35.8079],[136.4318,35.8073],[136.4326,35.8071],[136.4332,35.8063],[136.4333,35.8055],[136.4326,35.8038],[136.4317,35.8035],[136.431,35.8027],[136.4311,35.802],[136.4306,35.8007],[136.4309,35.7997],[136.4309,35.7989],[136.4313,35.7979],[136.4303,35.7971],[136.4297,35.7964],[136.4291,35.7962],[136.4287,35.7958],[136.4279,35.7948],[136.4266,35.7942],[136.4263,35.7938],[136.4258,35.7937],[136.4247,35.7939],[136.4241,35.7939],[136.4228,35.7934],[136.4223,35.7925],[136.4219,35.7916],[136.4212,35.791],[136.4209,35.7906],[136.4205,35.7899],[136.4202,35.7888],[136.4202,35.7883],[136.4201,35.7877],[136.4198,35.7874],[136.4197,35.7869],[136.4187,35.7864],[136.4179,35.7862],[136.4161,35.7846],[136.4161,35.7844],[136.4166,35.7839],[136.4161,35.7831],[136.416,35.7824]]]},"properties":{"N03_001":"福井県","N03_002":"","N03_003":"","N03_004":"大野市","N03_007":"18205"}},
{"type":"Feature","geometry":{"type":"Polygon","coordinates":[[[136.3928,36.1249],[136.3926,36.1243],[136.392,36.1232],[136.3919,36.1226],[136.3917,36.1213],[136.3914,36.1207],[136.3914,36.1204],[136.3916,36.1201],[136.3918,36.1196],[136.3918,36.1193],[136.3915,36.1185],[136.3912,36.1173],[136.3911,36.1165],[136.3913,36.1162],[136.3926,36.1156],[136.3929,36.1154],[136.3937,36.1148],[136.3942,36.1145],[136.3949,36.1144],[136.397,36.1136],[136.3979,36.1128],[136.3982,36.1123],[136.3989,36.1116],[136.3989,36.1112],[136.3987,36.1109],[136.3986,36.1101],[136.3982,36.1091],[136.3984,36.1086],[136.3985,36.1084],[136.3994,36.1069],[136.3996,36.1065],[136.4001,36.1062],[136.4009,36.1063],[136.4013,36.1062],[136.4017,36.1059],[136.402,36.1055],[136.4026,36.1053],[136.4027,36.105],[136.4025,36.1042],[136.4021,36.1033],[136.4022,36.1029],[136.4027,36.1019],[136.4029,36.1014],[136.4029,36.1009],[136.4033,36.1003],[136.4042,36.0992],[136.4041,36.0991],[136.4028,36.0984],[136.4022,36.0982],[136.4009,36.0976],[136.4005,36.0974],[136.4002,36.0969],[136.3994,36.0965],[136.399,36.0963],[136.3987,36.0959],[136.3985,36.0955],[136.3978,36.0947],[136.3964,36.0935],[136.396,36.0927],[136.3956,36.0922],[136.3945,36.0917],[136.3933,36.0914],[136.3931,36.0912],[136.3928,36.0909],[136.3914,36.0907],[136.3891,36.0907],[136.3884,36.0908],[136.3884,36.0894],[136.3883,36.0875],[136.3892,36.0875],[136.3899,36.0873],[136.3919,36.0864],[136.393,36.0861],[136.3944,36.0857],[136.3949,36.0856],[136.3965,36.0851],[136.3979,36.0847],[136.3997,36.0842],[136.4006,36.0839],[136.4018,36.0835],[136.4036,36.0829],[136.4052,36.0824],[136.4061,36.0821],[136.4095,36.081],[136.4113,36.0807],[136.4122,36.0803],[136.4145,36.0799],[136.4147,36.0798],[136.4175,36.0792],[136.4187,36.0789],[136.4209,36.0784],[136.4216,36.0783],[136.4236,36.0778],[136.4249,36.0774],[136.4282,36.0766],[136.4291,36.0763],[136.4302,36.0761],[136.431,36.076],[136.4326,36.0761],[136.4336,36.0759],[136.4341,36.076],[136.438,36.0754],[136.4383,36.0736],[136.4383,36.0732],[136.4387,36.0724],[136.4388,36.0718],[136.4392,36.0708],[136.4394,36.0699],[136.4393,36.0695],[136.439,36.0684],[136.4385,36.0676],[136.4384,36.067],[136.4381,36.0665],[136.4381,36.0659],[136.4383,36.0653],[136.4382,36.0651],[136.4373,36.0644],[136.4368,36.0637],[136.4368,36.0632],[136.4362,36.0625],[136.4359,36.0618],[136.4357,36.0616],[136.435,36.0611],[136.4343,36.0607],[136.4343,36.0605],[136.4343,36.0592],[136.4341,36.0589],[136.4335,36.0587],[136.433,36.0588],[136.4327,36.0584],[136.4324,36.0579],[136.4325,36.0574],[136.4327,36.057],[136.4326,36.0567],[136.4325,36.0559],[136.4326,36.0548],[136.4325,36.0542],[136.4328,36.0538],[136.4328,36.0535],[136.4329,36.0531],[136.4333,36.0526],[136.4331,36.0521],[136.433,36.0516],[136.4334,36.0512],[136.4344,36.0508],[136.4355,36.0502],[136.4355,36.0501],[136.435,36.0498],[136.4346,36.0484],[136.4341,36.0476],[136.4335,36.0469],[136.4333,36.0463],[136.433,36.0461],[136.4326,36.0455],[136.4326,36.045],[136.4325,36.0444],[136.432,36.0435],[136.432,36.0433],[136.4322,36.0431],[136.4323,36.0429],[136.4324,36.0428],[136.4325,36.0427],[136.4326,36.0426],[136.4327,36.0423],[136.4328,36.0422],[136.4329,36.0421],[136.433,36.042],[136.4328,36.0417],[136.4328,36.0416],[136.4327,36.0414],[136.4326,36.0412],[136.4326,36.041],[136.4327,36.0406],[136.4328,36.0405],[136.4329,36.0403],[136.4331,36.0402],[136.4333,36.0401],[136.4336,36.0401],[136.4339,36.0401],[136.434,36.04],[136.4342,36.0399],[136.4343,36.0399],[136.4346,36.0396],[136.4347,36.0394],[136.4348,36.0393],[136.4349,36.0392],[136.435,36.0391],[136.4351,36.039],[136.4352,36.0388],[136.4353,36.0386],[136.4354,36.0385],[136.4355,36.0384],[136.4356,36.0382],[136.4358,36.0381],[136.4359,36.038],[136.436,36.0378],[136.4361,36.0377],[136.4362,36.0376],[136.4365,36.0373],[136.4367,36.037],[136.4368,36.0369],[136.4369,36.0368],[136.4371,36.0364],[136.4373,36.0363],[136.4375,36.0362],[136.4376,36.0361],[136.4379,36.0359],[136.4381,36.0356],[136.4382,36.0354],[136.4383,36.0353],[136.4385,36.0351],[136.4387,36.0349],[136.4388,36.0347],[136.4389,36.0346],[136.439,36.0345],[136.4391,36.0344],[136.4395,36.0341],[136.4396,36.0339],[136.4397,36.0338],[136.4397,36.0337],[136.4397,36.0333],[136.4397,36.0329],[136.4398,36.0328],[136.4399,36.0327],[136.4405,36.0325],[136.4407,36.0325],[136.4409,36.0324],[136.441,36.0324],[136.4414,36.0319],[136.4416,36.0317],[136.4417,36.0315],[136.4417,36.0314],[136.4418,36.0313],[136.4419,36.0311],[136.4421,36.0306],[136.4422,36.0305],[136.4423,36.0303],[136.4423,36.03],[136.4424,36.0297],[136.4423,36.0296],[136.4422,36.0291],[136.4423,36.0289],[136.4423,36.0287],[136.4424,36.0286],[136.4425,36.0283],[136.4427,36.0277],[136.4428,36.0273],[136.4428,36.0271],[136.4428,36.0269],[136.443,36.0268],[136.4431,36.0267],[136.4433,36.0266],[136.4436,36.0263],[136.4439,36.0261],[136.4441,36.026],[136.4442,36.0259],[136.4447,36.0257],[136.445,36.0255],[136.445,36.0254],[136.445,36.0252],[136.4449,36.025],[136.4449,36.0249],[136.4448,36.0246],[136.4448,36.0244],[136.4449,36.0243],[136.4451,36.024],[136.4451,36.0239],[136.4453,36.0236],[136.4454,36.0234],[136.4456,36.0231],[136.4456,36.0228],[136.4455,36.0227],[136.4455,36.0225],[136.4454,36.0224],[136.4455,36.022],[136.4456,36.0219],[136.4458,36.0217],[136.4458,36.0216],[136.446,36.0214],[136.4461,36.0212],[136.4464,36.021],[136.4466,36.0209],[136.4468,36.0208],[136.4471,36.0207],[136.4476,36.0206],[136.4479,36.0206],[136.4481,36.0206],[136.4483,36.0206],[136.4487,36.0204],[136.4488,36.0204],[136.4491,36.0203],[136.4493,36.0202],[136.4495,36.0201],[136.4499,36.0198],[136.45,36.0198],[136.4503,36.0196],[136.4504,36.0195],[136.4505,36.0194],[136.4508,36.0191],[136.4512,36.0187],[136.4515,36.0185],[136.4519,36.0184],[136.4522,36.0183],[136.4524,36.0182],[136.4531,36.018],[136.4535,36.018],[136.4537,36.018],[136.4539,36.0181],[136.4544,36.0181],[136.4548,36.0181],[136.4549,36.0181],[136.4551,36.018],[136.4556,36.0179],[136.456,36.0179],[136.4562,36.0179],[136.4567,36.0179],[136.4569,36.0177],[136.4571,36.0176],[136.4572,36.0174],[136.4573,36.0172],[136.4576,36.0168],[136.4577,36.0167],[136.4578,36.0165],[136.4591,36.0164],[136.4595,36.0164],[136.4604,36.0169],[136.4616,36.0168],[136.4622,36.0167],[136.4628,36.0168],[136.4634,36.0168],[136.4641,36.017],[136.4646,36.0173],[136.465,36.0177],[136.4655,36.0179],[136.4668,36.0186],[136.4674,36.0192],[136.4675,36.0196],[136.4675,36.0204],[136.4679,36.0211],[136.4679,36.0219],[136.4684,36.0229],[136.4687,36.0235],[136.4687,36.0239],[136.469,36.0244],[136.469,36.0251],[136.4692,36.0257],[136.4694,36.026],[136.4698,36.0264],[136.4706,36.0276],[136.4717,36.0283],[136.4723,36.0286],[136.4732,36.0286],[136.4738,36.0287],[136.4745,36.029],[136.4748,36.0293],[136.4752,36.029],[136.4755,36.0287],[136.4767,36.028],[136.4776,36.0277],[136.4778,36.0276],[136.4781,36.0268],[136.4789,36.0264],[136.4802,36.0262],[136.4807,36.026],[136.4825,36.026],[136.4839,36.0255],[136.4858,36.0255],[136.4865,36.0257],[136.4879,36.0259],[136.4892,36.026],[136.4905,36.026],[136.491,36.0259],[136.4917,36.0258],[136.4921,36.0256],[136.4929,36.0253],[136.4933,36.0253],[136.4945,36.0255],[136.4948,36.0255],[136.4957,36.0253],[136.4962,36.0254],[136.4967,36.0253],[136.4967,36.0245],[136.4972,36.024],[136.4975,36.0233],[136.498,36.0228],[136.4985,36.0224],[136.499,36.0222],[136.4995,36.0219],[136.5002,36.0217],[136.5009,36.0215],[136.5015,36.0212],[136.502,36.0206],[136.5026,36.0197],[136.5029,36.0195],[136.5037,36.0194],[136.5044,36.0194],[136.505,36.0195],[136.5054,36.0195],[136.506,36.0192],[136.5073,36.019],[136.5078,36.0191],[136.5083,36.0194],[136.5089,36.0195],[136.5096,36.0192],[136.5105,36.0191],[136.5111,36.0184],[136.5115,36.0183],[136.5121,36.0183],[136.5128,36.0185],[136.5134,36.0185],[136.5139,36.0184],[136.5142,36.0182],[136.5151,36.0167],[136.5153,36.0168],[136.5158,36.0173],[136.5166,36.018],[136.5168,36.0184],[136.517,36.019],[136.5172,36.02],[136.5171,36.0206],[136.5168,36.0209],[136.5164,36.0217],[136.5168,36.0218],[136.5173,36.0216],[136.518,36.0213],[136.5198,36.0202],[136.5208,36.0196],[136.5224,36.0187],[136.5233,36.0182],[136.5252,36.0173],[136.5263,36.0168],[136.5272,36.0163],[136.5285,36.0158],[136.5297,36.0155],[136.5307,36.0152],[136.5321,36.0145],[136.533,36.0143],[136.5342,36.0138],[136.5365,36.0123],[136.5371,36.012],[136.5385,36.011],[136.5406,36.0094],[136.5412,36.0088],[136.5416,36.0084],[136.5424,36.0077],[136.5429,36.0074],[136.5438,36.007],[136.5448,36.0081],[136.5456,36.0087],[136.5459,36.0088],[136.5473,36.0089],[136.5481,36.009],[136.5485,36.0093],[136.549,36.0095],[136.5497,36.0097],[136.5498,36.0098],[136.5502,36.0106],[136.5503,36.0112],[136.5507,36.0117],[136.5512,36.012],[136.5521,36.0121],[136.5542,36.0117],[136.5549,36.0111],[136.5554,36.011],[136.5563,36.0107],[136.5571,36.0106],[136.5578,36.0106],[136.5589,36.0107],[136.5595,36.0104],[136.5604,36.0096],[136.5608,36.0089],[136.5615,36.0086],[136.562,36.0087],[136.5631,36.0091],[136.5634,36.0092],[136.5638,36.0097],[136.5644,36.0099],[136.5652,36.0097],[136.5656,36.0098],[136.567,36.0102],[136.5676,36.0105],[136.568,36.0109],[136.5682,36.0135],[136.5683,36.0142],[136.5685,36.0157],[136.5685,36.0164],[136.5686,36.0176],[136.5687,36.018],[136.5701,36.0197],[136.5707,36.0208],[136.5708,36.0212],[136.5713,36.0219],[136.5721,36.0225],[136.5733,36.0231],[136.5737,36.023],[136.5744,36.0224],[136.5751,36.0223],[136.5759,36.0226],[136.5773,36.0233],[136.5785,36.024],[136.5797,36.025],[136.5808,36.0261],[136.5812,36.0264],[136.5817,36.027],[136.5821,36.0277],[136.5824,36.0283],[136.5826,36.0285],[136.584,36.0288],[136.5851,36.0296],[136.5854,36.0299],[136.5859,36.0302],[136.5864,36.0306],[136.5869,36.0315],[136.5878,36.0325],[136.5881,36.033],[136.5885,36.0333],[136.5894,36.0338],[136.5903,36.0339],[136.5908,36.0342],[136.5912,36.0345],[136.5917,36.0346],[136.5919,36.0349],[136.5924,36.0353],[136.5937,36.0354],[136.5944,36.0357],[136.5952,36.0361],[136.596,36.0369],[136.5964,36.0371],[136.597,36.0372],[136.5975,36.0374],[136.5982,36.0378],[136.5993,36.0383],[136.5998,36.0385],[136.601,36.0386],[136.6018,36.0384],[136.6022,36.0384],[136.6036,36.0386],[136.6042,36.0386],[136.6047,36.0383],[136.6053,36.0383],[136.6064,36.0385],[136.607,36.0386],[136.6082,36.0387],[136.6095,36.0387],[136.6103,36.0386],[136.6108,36.039],[136.6111,36.0394],[136.6116,36.0402],[136.612,36.0411],[136.6123,36.0421],[136.6123,36.0428],[136.6124,36.0433],[136.6135,36.0443],[136.6139,36.0445],[136.6151,36.0447],[136.616,36.045],[136.617,36.0452],[136.6177,36.0452],[136.6185,36.0454],[136.6189,36.0458],[136.6195,36.0461],[136.6201,36.0462],[136.6212,36.0461],[136.6215,36.0463],[136.6222,36.0471],[136.6224,36.0477],[136.6237,36.0489],[136.625,36.0498],[136.6253,36.05],[136.6254,36.0504],[136.6253,36.0507],[136.6249,36.051],[136.6248,36.0512],[136.6251,36.0513],[136.6254,36.0517],[136.6258,36.0519],[136.6269,36.0523],[136.6271,36.0523],[136.6282,36.0529],[136.629,36.0532],[136.6294,36.0534],[136.6303,36.0533],[136.6311,36.0534],[136.6317,36.0535],[136.6321,36.0537],[136.6324,36.0541],[136.6328,36.0544],[136.633,36.055],[136.6332,36.0553],[136.634,36.0558],[136.6343,36.0561],[136.6348,36.0563],[136.635,36.0567],[136.6347,36.0571],[136.6344,36.0579],[136.6351,36.0584],[136.635,36.0589],[136.6353,36.0592],[136.637,36.0601],[136.6372,36.0603],[136.6372,36.0609],[136.6373,36.0615],[136.6375,36.0617],[136.6381,36.0619],[136.6389,36.0622],[136.6394,36.0624],[136.6398,36.0626],[136.6407,36.0632],[136.6415,36.0634],[136.6422,36.0639],[136.6431,36.0639],[136.6436,36.064],[136.6449,36.0643],[136.6458,36.0644],[136.6462,36.0647],[136.6468,36.0654],[136.6478,36.0658],[136.6494,36.067],[136.6503,36.0673],[136.6513,36.0675],[136.6517,36.0676],[136.6527,36.0678],[136.6532,36.0677],[136.654,36.068],[136.6547,36.0681],[136.6551,36.0683],[136.6559,36.0687],[136.657,36.0694],[136.6573,36.0693],[136.6587,36.0695],[136.6587,36.0699],[136.659,36.0707],[136.6588,36.0712],[136.6588,36.0715],[136.6586,36.0722],[136.6582,36.0728],[136.6581,36.0734],[136.6578,36.0739],[136.6577,36.0744],[136.6574,36.0749],[136.6572,36.0751],[136.6558,36.0756],[136.6556,36.0757],[136.6553,36.0764],[136.655,36.0774],[136.655,36.0778],[136.6553,36.0783],[136.6562,36.0791],[136.6565,36.0798],[136.6565,36.0803],[136.6564,36.0809],[136.6566,36.0813],[136.6572,36.0831],[136.6572,36.0835],[136.657,36.0838],[136.6568,36.0846],[136.6559,36.085],[136.6547,36.0854],[136.6539,36.086],[136.6534,36.0864],[136.6534,36.0869],[136.6529,36.0882],[136.6524,36.0889],[136.6519,36.0893],[136.6517,36.0896],[136.6516,36.0899],[136.6517,36.091],[136.6517,36.0916],[136.6516,36.0919],[136.6513,36.0922],[136.6507,36.0925],[136.6501,36.0927],[136.648,36.0935],[136.6463,36.0944],[136.6455,36.0948],[136.645,36.0953],[136.6447,36.0959],[136.644,36.0967],[136.6433,36.0973],[136.6427,36.0975],[136.6421,36.0981],[136.6409,36.0983],[136.6405,36.0987],[136.6396,36.0991],[136.6391,36.0991],[136.638,36.0988],[136.6371,36.0984],[136.6368,36.0983],[136.636,36.0984],[136.6353,36.099],[136.6349,36.0991],[136.634,36.0991],[136.6331,36.0993],[136.6323,36.0994],[136.632,36.0996],[136.6313,36.1005],[136.6309,36.101],[136.6304,36.1012],[136.6299,36.1015],[136.6296,36.1019],[136.6295,36.1026],[136.6285,36.1029],[136.6272,36.1038],[136.6269,36.1039],[136.6261,36.1039],[136.6254,36.104],[136.625,36.1042],[136.6245,36.1048],[136.6239,36.1051],[136.6232,36.1056],[136.6226,36.1063],[136.6222,36.1065],[136.6211,36.1067],[136.6199,36.1067],[136.6194,36.1067],[136.6189,36.1066],[136.6183,36.1066],[136.6175,36.1068],[136.6171,36.1072],[136.6168,36.1075],[136.6162,36.1078],[136.6153,36.108],[136.6147,36.1083],[136.6142,36.1093],[136.6141,36.1097],[136.6134,36.1108],[136.6134,36.1112],[136.6134,36.1116],[136.6132,36.1117],[136.6121,36.1116],[136.6119,36.1117],[136.6117,36.1122],[136.6114,36.1128],[136.6115,36.113],[136.6121,36.1132],[136.6127,36.1142],[136.6128,36.1147],[136.6126,36.1153],[136.6125,36.1161],[136.6123,36.1168],[136.6118,36.117],[136.6112,36.117],[136.6102,36.1179],[136.61,36.1183],[136.6097,36.1185],[136.6092,36.1187],[136.6086,36.1188],[136.6083,36.1189],[136.6081,36.1194],[136.6076,36.1197],[136.6069,36.1199],[136.6059,36.1204],[136.6057,36.1209],[136.6057,36.1213],[136.6056,36.1215],[136.6051,36.1217],[136.6044,36.1222],[136.6043,36.1227],[136.6046,36.1237],[136.6047,36.1244],[136.6046,36.1249],[136.6041,36.1255],[136.6036,36.1259],[136.603,36.1267],[136.6031,36.1274],[136.6035,36.1278],[136.6034,36.1279],[136.6026,36.1288],[136.6014,36.1297],[136.601,36.1299],[136.6004,36.1304],[136.6001,36.1305],[136.5991,36.1306],[136.598,36.1308],[136.5968,36.1308],[136.5966,36.1311],[136.5963,36.1318],[136.596,36.132],[136.5954,36.1321],[136.5949,36.132],[136.594,36.1316],[136.5931,36.1316],[136.5924,36.1315],[136.5913,36.1312],[136.5905,36.1312],[136.5899,36.1317],[136.5889,36.1325],[136.5884,36.1326],[136.5875,36.1326],[136.5868,36.133],[136.587,36.1338],[136.5869,36.1342],[136.5864,36.1343],[136.5861,36.1344],[136.5855,36.1349],[136.585,36.1355],[136.5849,36.1359],[136.5845,36.136],[136.583,36.1361],[136.5817,36.1363],[136.5809,36.1366],[136.5805,36.1368],[136.5802,36.1377],[136.5795,36.1382],[136.5785,36.139],[136.5781,36.1396],[136.5775,36.1412],[136.5773,36.1415],[136.5766,36.1421],[136.5763,36.1422],[136.5748,36.1422],[136.5744,36.1424],[136.5739,36.143],[136.5734,36.1431],[136.5724,36.1432],[136.5719,36.1435],[136.5716,36.1434],[136.5709,36.1434],[136.5699,36.1439],[136.5685,36.1445],[136.5673,36.1442],[136.5666,36.1442],[136.5655,36.144],[136.5648,36.1443],[136.5638,36.1446],[136.5632,36.1446],[136.563,36.1447],[136.5631,36.1454],[136.563,36.146],[136.5629,36.1464],[136.5624,36.1468],[136.562,36.1473],[136.5622,36.1477],[136.5622,36.1481],[136.5619,36.1489],[136.5613,36.15],[136.5605,36.1514],[136.5603,36.1525],[136.5601,36.153],[136.5598,36.1532],[136.5593,36.1531],[136.5586,36.1532],[136.5583,36.1532],[136.5577,36.1528],[136.5573,36.1527],[136.5566,36.153],[136.5555,36.1529],[136.555,36.153],[136.5545,36.1531],[136.5542,36.1534],[136.5538,36.1538],[136.5532,36.1541],[136.5526,36.1543],[136.5522,36.1547],[136.5518,36.1549],[136.5511,36.1546],[136.5503,36.1545],[136.5495,36.1545],[136.5488,36.1544],[136.5481,36.154],[136.5476,36.1534],[136.5471,36.1531],[136.5462,36.1528],[136.5453,36.1528],[136.5414,36.1537],[136.5407,36.1535],[136.5391,36.1528],[136.5387,36.1527],[136.5384,36.1523],[136.5385,36.1519],[136.5381,36.1514],[136.5377,36.1504],[136.5361,36.1501],[136.5352,36.1497],[136.5343,36.1497],[136.534,36.1493],[136.534,36.149],[136.5338,36.1485],[136.5332,36.1482],[136.5328,36.1475],[136.5319,36.1475],[136.5314,36.1473],[136.531,36.1473],[136.5307,36.1477],[136.5307,36.148],[136.5305,36.1483],[136.5299,36.1489],[136.5295,36.1489],[136.5291,36.1488],[136.5278,36.1487],[136.5273,36.1486],[136.5267,36.1481],[136.5257,36.1492],[136.5253,36.1498],[136.5244,36.1503],[136.5233,36.1506],[136.5215,36.1514],[136.5206,36.1508],[136.5203,36.1506],[136.5197,36.1503],[136.5189,36.1501],[136.5185,36.1498],[136.5173,36.1496],[136.5166,36.149],[136.5152,36.1484],[136.5145,36.1484],[136.5136,36.1479],[136.5125,36.1468],[136.5119,36.1463],[136.5116,36.1461],[136.5107,36.1461],[136.5099,36.1462],[136.509,36.1466],[136.5085,36.1466],[136.5064,36.1467],[136.5057,36.1466],[136.5051,36.1472],[136.5041,36.1485],[136.5039,36.1488],[136.504,36.1492],[136.5037,36.1494],[136.503,36.1497],[136.5018,36.1497],[136.5006,36.1499],[136.4997,36.1498],[136.4983,36.1497],[136.4971,36.1497],[136.4967,36.1498],[136.4963,36.1502],[136.4954,36.1517],[136.4948,36.1531],[136.4949,36.1536],[136.4942,36.1551],[136.4932,36.1562],[136.4925,36.1567],[136.4921,36.1574],[136.4918,36.1581],[136.4913,36.1584],[136.4905,36.1586],[136.4896,36.1589],[136.4884,36.1591],[136.488,36.1591],[136.4874,36.159],[136.4869,36.1587],[136.4867,36.1584],[136.4867,36.1578],[136.4864,36.1575],[136.4852,36.1571],[136.4839,36.1571],[136.4833,36.1569],[136.4829,36.156],[136.4825,36.1554],[136.4817,36.1547],[136.4802,36.1536],[136.4789,36.1526],[136.4779,36.152],[136.4774,36.1518],[136.4771,36.1514],[136.4772,36.1507],[136.477,36.1504],[136.4763,36.1499],[136.4759,36.1494],[136.4756,36.1485],[136.4751,36.1481],[136.4747,36.1476],[136.4741,36.1466],[136.4738,36.1466],[136.4729,36.1468],[136.4724,36.1466],[136.4718,36.1466],[136.4711,36.1461],[136.4706,36.1459],[136.4701,36.1454],[136.4699,36.1451],[136.469,36.1436],[136.4686,36.1434],[136.4684,36.143],[136.4678,36.1423],[136.4673,36.1421],[136.4663,36.1418],[136.4661,36.1415],[136.466,36.1411],[136.4653,36.1406],[136.4653,36.1402],[136.4648,36.1393],[136.4646,36.1383],[136.4645,36.1379],[136.464,36.1376],[136.4636,36.1377],[136.4634,36.1376],[136.4627,36.1372],[136.462,36.1369],[136.4614,36.1366],[136.4608,36.1366],[136.4599,36.1369],[136.4591,36.1368],[136.4587,36.1369],[136.458,36.1367],[136.4574,36.1366],[136.4568,36.1363],[136.4565,36.1363],[136.456,36.1367],[136.4554,36.1372],[136.4544,36.1376],[136.4538,36.1379],[136.4533,36.138],[136.4524,36.1381],[136.4519,36.1381],[136.4513,36.1387],[136.451,36.1392],[136.4507,36.1395],[136.45,36.1397],[136.4488,36.1407],[136.4482,36.1406],[136.4472,36.1401],[136.4463,36.1399],[136.4456,36.14],[136.4454,36.1399],[136.4448,36.1394],[136.4436,36.139],[136.4427,36.1384],[136.4422,36.1382],[136.442,36.138],[136.442,36.1375],[136.4417,36.1373],[136.4406,36.1373],[136.4404,36.1374],[136.4399,36.1367],[136.4399,36.1361],[136.44,36.1358],[136.4396,36.1348],[136.4391,36.1347],[136.4379,36.134],[136.4371,36.1338],[136.4368,36.1338],[136.4362,36.1341],[136.4352,36.1344],[136.4349,36.1344],[136.4339,36.1343],[136.4329,36.1334],[136.4326,36.1333],[136.4322,36.1332],[136.4318,36.1334],[136.431,36.1333],[136.4306,36.1332],[136.4296,36.1326],[136.4292,36.1322],[136.429,36.1321],[136.4274,36.1331],[136.4262,36.1331],[136.4259,36.1333],[136.4253,36.1337],[136.4246,36.1332],[136.4237,36.1331],[136.4231,36.1331],[136.4215,36.1327],[136.4204,36.1325],[136.4195,36.1323],[136.419,36.132],[136.4181,36.1316],[136.4173,36.1314],[136.4158,36.1313],[136.4149,36.1309],[136.4134,36.1303],[136.4125,36.13],[136.4111,36.1295],[136.4096,36.1291],[136.4086,36.1287],[136.4077,36.1286],[136.4069,36.1284],[136.405,36.1281],[136.4041,36.1281],[136.4034,36.1279],[136.4024,36.1279],[136.4019,36.1276],[136.4011,36.1266],[136.4003,36.126],[136.4,36.1255],[136.3994,36.125],[136.3987,36.1248],[136.3974,36.1251],[136.3965,36.1251],[136.3961,36.125],[136.3958,36.1245],[136.3955,36.1246],[136.3952,36.1249],[136.3948,36.1251],[136.3938,36.1254],[136.3928,36.1249]]]},"properties":{"N03_001":"福井県","N03_002":"","N03_003":"","N03_004":"勝山市","N03_007":"18206"}},
{"type":"Feature","geometry":{"type":"Polygon","coordinates":[[[136.1552,35.9923],[136.1553,35.9918],[136.1553,35.9917],[136.1553,35.9915],[136.1554,35.9914],[136.1555,35.9911],[136.1556,35.9909],[136.1557,35.9907],[136.1557,35.99],[136.1557,35.9898],[136.156,35.9897],[136.1561,35.9896],[136.1562,35.9882],[136.1562,35.9878],[136.1562,35.9875],[136.1562,35.9872],[136.1552,35.9849],[136.1547,35.9837],[136.1546,35.9835],[136.1545,35.9833],[136.1543,35.9828],[136.1542,35.9826],[136.154,35.9825],[136.1533,35.982],[136.1524,35.9816],[136.1518,35.9814],[136.1516,35.9813],[136.15,35.9805],[136.1494,35.9801],[136.149,35.9799],[136.1484,35.9791],[136.1484,35.979],[136.1482,35.9788],[136.1475,35.9772],[136.1473,35.9769],[136.1469,35.9763],[136.1466,35.9759],[136.1457,35.9752],[136.1455,35.975],[136.1453,35.9748],[136.1446,35.9742],[136.1439,35.9736],[136.1438,35.9735],[136.1425,35.9725],[136.1419,35.9719],[136.1417,35.9716],[136.1411,35.9709],[136.1407,35.9704],[136.1405,35.9703],[136.1404,35.9702],[136.1403,35.9702],[136.1389,35.9699],[136.1385,35.9697],[136.1382,35.9696],[136.138,35.9694],[136.1378,35.9689],[136.1375,35.9672],[136.1375,35.9667],[136.1375,35.966],[136.1377,35.9658],[136.1388,35.9642],[136.1385,35.964],[136.1385,35.9639],[136.1385,35.9638],[136.1385,35.9637],[136.1386,35.9635],[136.1385,35.9631],[136.1384,35.9629],[136.1383,35.9625],[136.1381,35.9621],[136.1378,35.9617],[136.1371,35.9612],[136.1368,35.9611],[136.1365,35.961],[136.1364,35.9609],[136.1364,35.9605],[136.1363,35.9602],[136.1358,35.9597],[136.1358,35.9596],[136.136,35.9591],[136.1359,35.959],[136.1356,35.9588],[136.1354,35.9587],[136.1351,35.9584],[136.1351,35.9583],[136.1347,35.9581],[136.134,35.9578],[136.1334,35.9573],[136.1333,35.9572],[136.1332,35.9571],[136.133,35.9571],[136.1327,35.9569],[136.1325,35.9565],[136.1321,35.956],[136.132,35.9555],[136.1316,35.9543],[136.1316,35.9539],[136.1316,35.9536],[136.1315,35.9533],[136.1311,35.9528],[136.131,35.9526],[136.1307,35.9524],[136.1306,35.9523],[136.1301,35.952],[136.1297,35.9514],[136.1295,35.9511],[136.1294,35.9507],[136.1294,35.95],[136.1292,35.9492],[136.1293,35.9487],[136.1287,35.9482],[136.1284,35.9475],[136.1281,35.9471],[136.1277,35.9468],[136.1276,35.9468],[136.1268,35.947],[136.1266,35.9469],[136.1257,35.9463],[136.125,35.946],[136.1249,35.9459],[136.1246,35.9456],[136.1244,35.9453],[136.1243,35.9448],[136.1245,35.944],[136.1245,35.9436],[136.1243,35.9432],[136.1241,35.943],[136.1241,35.9428],[136.1243,35.9424],[136.1243,35.9417],[136.1244,35.9417],[136.1246,35.9412],[136.1246,35.9408],[136.1247,35.9407],[136.125,35.9407],[136.1254,35.9407],[136.1257,35.9406],[136.126,35.9403],[136.1265,35.9402],[136.1267,35.94],[136.1269,35.9396],[136.1273,35.9388],[136.1274,35.9385],[136.1276,35.9383],[136.1279,35.9381],[136.1281,35.9378],[136.1283,35.9377],[136.129,35.9374],[136.1292,35.9372],[136.1295,35.937],[136.1297,35.9366],[136.1299,35.9364],[136.1303,35.9361],[136.1305,35.9359],[136.1307,35.9357],[136.1309,35.9354],[136.1311,35.935],[136.1313,35.9348],[136.1325,35.9333],[136.1326,35.9333],[136.1328,35.9331],[136.1332,35.933],[136.1333,35.9329],[136.1336,35.9329],[136.134,35.9329],[136.1347,35.9328],[136.1362,35.9326],[136.1365,35.9327],[136.1368,35.9331],[136.1376,35.9338],[136.1382,35.9341],[136.1387,35.9346],[136.1396,35.9359],[136.1396,35.9363],[136.1404,35.9376],[136.1416,35.9378],[136.1428,35.9382],[136.1431,35.9381],[136.1447,35.9371],[136.1456,35.9368],[136.147,35.9366],[136.1478,35.9367],[136.1481,35.9365],[136.1486,35.9365],[136.149,35.9366],[136.1493,35.9365],[136.1496,35.936],[136.15,35.9357],[136.1513,35.9357],[136.1564,35.9358],[136.1594,35.9361],[136.1609,35.9361],[136.1609,35.9384],[136.1609,35.9399],[136.1667,35.94],[136.1667,35.9399],[136.1666,35.9382],[136.1674,35.9381],[136.1679,35.9371],[136.1688,35.9363],[136.1691,35.9361],[136.1754,35.9367],[136.1756,35.9349],[136.1756,35.9322],[136.1759,35.9263],[136.176,35.9262],[136.1775,35.9264],[136.1787,35.9266],[136.1788,35.9272],[136.1793,35.9277],[136.1793,35.9282],[136.1795,35.9283],[136.1795,35.9292],[136.1793,35.9297],[136.1786,35.9296],[136.1785,35.9295],[136.1789,35.9292],[136.1789,35.9289],[136.1781,35.9285],[136.1771,35.9288],[136.1769,35.929],[136.1768,35.9295],[136.177,35.9297],[136.1773,35.9298],[136.1775,35.9296],[136.178,35.9297],[136.1782,35.9302],[136.181,35.9304],[136.1886,35.9306],[136.1891,35.9305],[136.1902,35.9306],[136.1997,35.9307],[136.2001,35.931],[136.2009,35.9309],[136.201,35.9289],[136.2033,35.929],[136.2046,35.9291],[136.2057,35.9291],[136.2083,35.9294],[136.2088,35.9296],[136.2102,35.9291],[136.2105,35.9291],[136.2124,35.9291],[136.2137,35.929],[136.2168,35.9293],[136.2167,35.9302],[136.2173,35.9303],[136.2174,35.9314],[136.2179,35.9318],[136.2177,35.9321],[136.2178,35.9326],[136.2183,35.9329],[136.2191,35.9331],[136.2195,35.9328],[136.2198,35.9321],[136.2204,35.9319],[136.2213,35.9319],[136.2221,35.9318],[136.223,35.9314],[136.2237,35.9313],[136.2246,35.9309],[136.2255,35.932],[136.2258,35.9325],[136.2259,35.9329],[136.2258,35.9338],[136.2258,35.9341],[136.2258,35.9345],[136.2261,35.935],[136.2261,35.9352],[136.2256,35.936],[136.2259,35.9372],[136.2258,35.9378],[136.2256,35.9384],[136.2266,35.9388],[136.2278,35.9391],[136.2297,35.94],[136.2308,35.9404],[136.2315,35.9406],[136.232,35.9408],[136.2323,35.9413],[136.2329,35.9416],[136.2336,35.9426],[136.2337,35.943],[136.234,35.9434],[136.2346,35.9437],[136.2353,35.9439],[136.2355,35.9445],[136.2365,35.9451],[136.2368,35.9448],[136.2369,35.9444],[136.2382,35.9444],[136.2403,35.9446],[136.2403,35.9453],[136.2402,35.9457],[136.2402,35.948],[136.2406,35.9482],[136.2457,35.9483],[136.2471,35.9484],[136.2488,35.9485],[136.2487,35.9442],[136.2487,35.9439],[136.2495,35.9423],[136.2502,35.9414],[136.2505,35.9414],[136.2517,35.9416],[136.2526,35.9421],[136.2535,35.9429],[136.255,35.9431],[136.2555,35.9431],[136.2565,35.9426],[136.258,35.9421],[136.2593,35.9419],[136.2609,35.9411],[136.2614,35.941],[136.2621,35.9409],[136.2638,35.9412],[136.2642,35.9409],[136.2646,35.9408],[136.2656,35.9407],[136.2661,35.9408],[136.2674,35.9406],[136.2678,35.9407],[136.2697,35.9413],[136.2712,35.9413],[136.2719,35.9417],[136.2721,35.9417],[136.2732,35.9415],[136.274,35.9414],[136.275,35.9416],[136.2758,35.9411],[136.2764,35.941],[136.277,35.941],[136.2776,35.9411],[136.2779,35.9411],[136.2785,35.9413],[136.279,35.9414],[136.2799,35.9412],[136.2812,35.9416],[136.2819,35.9416],[136.2822,35.9418],[136.2826,35.9423],[136.2841,35.9428],[136.2848,35.9429],[136.2853,35.9432],[136.286,35.9432],[136.287,35.9435],[136.2882,35.9444],[136.289,35.945],[136.2893,35.9452],[136.2913,35.9446],[136.2917,35.9445],[136.2923,35.9443],[136.2942,35.944],[136.2953,35.9435],[136.2964,35.943],[136.2967,35.943],[136.2974,35.9434],[136.2985,35.9441],[136.2991,35.9444],[136.2998,35.9445],[136.3009,35.9442],[136.3011,35.944],[136.3021,35.9437],[136.3033,35.9429],[136.3037,35.9428],[136.3044,35.9432],[136.3049,35.9433],[136.3053,35.943],[136.3056,35.9429],[136.3066,35.943],[136.3078,35.9426],[136.3091,35.9426],[136.3095,35.9426],[136.3098,35.9423],[136.3102,35.9416],[136.3102,35.9405],[136.3105,35.9402],[136.3113,35.9397],[136.3124,35.9394],[136.3129,35.9392],[136.3135,35.9384],[136.3141,35.9379],[136.3143,35.9372],[136.3158,35.9376],[136.3162,35.9376],[136.3171,35.9375],[136.3173,35.9373],[136.3173,35.9364],[136.3177,35.9361],[136.3184,35.9359],[136.3198,35.9356],[136.3199,35.9354],[136.3198,35.9348],[136.3198,35.9344],[136.3201,35.934],[136.3204,35.9338],[136.3217,35.9333],[136.3223,35.9327],[136.3227,35.932],[136.3231,35.9313],[136.3237,35.9307],[136.324,35.93],[136.3246,35.9296],[136.3253,35.9295],[136.3271,35.9289],[136.3277,35.9287],[136.3284,35.9289],[136.329,35.929],[136.3295,35.9289],[136.3301,35.9286],[136.3306,35.9284],[136.3316,35.9286],[136.3325,35.9286],[136.3332,35.9287],[136.3337,35.9287],[136.3337,35.9293],[136.3337,35.9295],[136.3338,35.9297],[136.334,35.9299],[136.3343,35.9302],[136.3344,35.9303],[136.3344,35.9305],[136.3343,35.9307],[136.3341,35.931],[136.334,35.9313],[136.334,35.9315],[136.334,35.9319],[136.3339,35.9321],[136.3337,35.9325],[136.3336,35.9328],[136.3336,35.9329],[136.3338,35.9331],[136.334,35.9333],[136.334,35.9334],[136.3339,35.9335],[136.3337,35.9337],[136.3336,35.9339],[136.3335,35.934],[136.3336,35.9342],[136.3337,35.9344],[136.3338,35.9346],[136.3341,35.9349],[136.3341,35.935],[136.3342,35.9351],[136.3341,35.9352],[136.3338,35.9357],[136.3335,35.9363],[136.3334,35.9366],[136.3334,35.9369],[136.3334,35.937],[136.3334,35.9372],[136.3334,35.9374],[136.3337,35.9379],[136.334,35.9384],[136.3341,35.9387],[136.3341,35.939],[136.334,35.9392],[136.3339,35.9393],[136.3337,35.9394],[136.3335,35.9395],[136.3334,35.9396],[136.3333,35.9398],[136.3333,35.94],[136.3332,35.9401],[136.333,35.9402],[136.3323,35.9403],[136.3321,35.9404],[136.332,35.9405],[136.332,35.9408],[136.3319,35.941],[136.3318,35.9412],[136.3316,35.9414],[136.3316,35.9415],[136.3316,35.9417],[136.3317,35.9419],[136.3317,35.942],[136.3317,35.9422],[136.3316,35.9425],[136.3315,35.9427],[136.3315,35.9428],[136.3316,35.9429],[136.3318,35.9432],[136.3321,35.9435],[136.3323,35.9438],[136.3324,35.944],[136.3326,35.9441],[136.3328,35.9443],[136.3329,35.9444],[136.333,35.9446],[136.3332,35.9449],[136.3333,35.9451],[136.3334,35.9452],[136.3336,35.9455],[136.3338,35.9457],[136.3339,35.9458],[136.3341,35.9459],[136.3342,35.946],[136.3344,35.9462],[136.3345,35.9464],[136.3347,35.9466],[136.3349,35.9467],[136.3349,35.9468],[136.3349,35.9471],[136.335,35.9475],[136.3351,35.9476],[136.3351,35.9478],[136.3353,35.948],[136.3358,35.9485],[136.3359,35.9486],[136.3359,35.9488],[136.336,35.9491],[136.336,35.9496],[136.3361,35.95],[136.3361,35.9501],[136.3363,35.9506],[136.3365,35.951],[136.3365,35.9511],[136.3365,35.9513],[136.3363,35.9514],[136.3362,35.9514],[136.336,35.9514],[136.3357,35.9514],[136.3347,35.9511],[136.3344,35.9511],[136.3342,35.9511],[136.334,35.9511],[136.3338,35.9512],[136.3336,35.9511],[136.3334,35.9511],[136.3333,35.9511],[136.3332,35.9511],[136.333,35.9512],[136.3329,35.9513],[136.3328,35.9515],[136.3329,35.9515],[136.333,35.9518],[136.3331,35.9519],[136.333,35.952],[136.3329,35.9522],[136.3328,35.9522],[136.3327,35.9522],[136.3325,35.9522],[136.3321,35.9521],[136.3319,35.952],[136.3315,35.952],[136.3313,35.9519],[136.3309,35.9518],[136.3307,35.9517],[136.3305,35.9517],[136.3304,35.9518],[136.3301,35.9519],[136.3298,35.952],[136.3297,35.9521],[136.3296,35.952],[136.3295,35.952],[136.3293,35.9519],[136.3292,35.9517],[136.3292,35.9515],[136.3292,35.9513],[136.3292,35.951],[136.3291,35.9508],[136.329,35.9507],[136.3288,35.9505],[136.3286,35.9504],[136.3285,35.9504],[136.3283,35.9503],[136.3281,35.9503],[136.328,35.9503],[136.3279,35.9504],[136.3278,35.9505],[136.3278,35.9507],[136.3277,35.9508],[136.3275,35.9509],[136.3272,35.951],[136.327,35.951],[136.3268,35.9511],[136.3266,35.9513],[136.3264,35.9514],[136.3263,35.9514],[136.3262,35.9514],[136.3258,35.9514],[136.3256,35.9514],[136.3254,35.9515],[136.3252,35.9516],[136.325,35.9517],[136.3249,35.9518],[136.3247,35.9519],[136.3246,35.9519],[136.3239,35.9518],[136.3236,35.9517],[136.3234,35.9517],[136.3232,35.9517],[136.3229,35.9519],[136.3228,35.952],[136.3227,35.9523],[136.3226,35.9525],[136.3226,35.9527],[136.3227,35.953],[136.3228,35.9531],[136.3228,35.9532],[136.3228,35.9534],[136.3227,35.9536],[136.3227,35.9538],[136.3228,35.954],[136.323,35.9544],[136.323,35.9546],[136.323,35.955],[136.323,35.9553],[136.323,35.9557],[136.323,35.9559],[136.3231,35.956],[136.3232,35.9562],[136.3232,35.9564],[136.3231,35.9566],[136.3231,35.9567],[136.3229,35.9568],[136.3227,35.9569],[136.3224,35.957],[136.3218,35.9571],[136.3214,35.9571],[136.3212,35.9572],[136.3209,35.9574],[136.3207,35.9577],[136.3205,35.9578],[136.3203,35.9578],[136.3202,35.9578],[136.3198,35.9578],[136.3193,35.9579],[136.319,35.9579],[136.3186,35.958],[136.3184,35.958],[136.3182,35.958],[136.318,35.958],[136.3178,35.9579],[136.3179,35.9582],[136.318,35.9583],[136.3182,35.9589],[136.3182,35.9591],[136.3182,35.9593],[136.3183,35.9597],[136.3183,35.96],[136.3183,35.9602],[136.3183,35.9605],[136.3181,35.9608],[136.3179,35.9611],[136.3177,35.9613],[136.3173,35.9616],[136.3172,35.9618],[136.3172,35.9619],[136.3173,35.9621],[136.3174,35.9623],[136.3174,35.9624],[136.3174,35.9626],[136.3173,35.963],[136.3173,35.9634],[136.3174,35.9636],[136.3175,35.9638],[136.3176,35.964],[136.3176,35.9641],[136.3177,35.9642],[136.3174,35.9642],[136.3169,35.9642],[136.3167,35.9642],[136.3166,35.9642],[136.3162,35.9641],[136.3158,35.9641],[136.3156,35.9641],[136.3151,35.9642],[136.3146,35.9644],[136.3143,35.9646],[136.314,35.9648],[136.3137,35.9651],[136.3135,35.9653],[136.3134,35.9655],[136.3134,35.9657],[136.3133,35.9659],[136.3131,35.966],[136.3129,35.966],[136.3124,35.9661],[136.312,35.9661],[136.3117,35.9661],[136.3113,35.966],[136.3111,35.966],[136.311,35.9659],[136.3108,35.9658],[136.3105,35.9658],[136.3101,35.9657],[136.31,35.9656],[136.3097,35.9654],[136.3092,35.9652],[136.309,35.9652],[136.3087,35.9652],[136.3084,35.9653],[136.3083,35.9653],[136.3081,35.9652],[136.3079,35.9651],[136.3077,35.9649],[136.3074,35.9648],[136.3072,35.9647],[136.3071,35.9647],[136.3069,35.9647],[136.3067,35.9647],[136.3066,35.9648],[136.3065,35.9648],[136.3064,35.9648],[136.3063,35.9647],[136.306,35.9647],[136.3058,35.9646],[136.3055,35.9646],[136.3053,35.9647],[136.3051,35.9647],[136.3047,35.9646],[136.304,35.9645],[136.3038,35.9644],[136.3034,35.9645],[136.3032,35.9645],[136.3029,35.9646],[136.3027,35.9647],[136.3023,35.9651],[136.3019,35.9654],[136.3015,35.9659],[136.3013,35.9664],[136.3012,35.9665],[136.3012,35.9667],[136.3011,35.9668],[136.301,35.9672],[136.3008,35.9675],[136.3005,35.9678],[136.3004,35.9682],[136.3003,35.9684],[136.3002,35.9685],[136.3001,35.9686],[136.3,35.9687],[136.2996,35.9689],[136.2992,35.969],[136.2988,35.9691],[136.2984,35.9692],[136.298,35.9692],[136.2978,35.9692],[136.2975,35.9692],[136.2974,35.9693],[136.2973,35.9695],[136.2973,35.9697],[136.2973,35.9699],[136.2973,35.9701],[136.2972,35.9703],[136.2972,35.9705],[136.297,35.9706],[136.2969,35.9708],[136.2965,35.9709],[136.2963,35.971],[136.2958,35.9711],[136.295,35.9713],[136.2945,35.9715],[136.2938,35.9718],[136.2934,35.972],[136.293,35.9723],[136.2926,35.9726],[136.2922,35.973],[136.2921,35.9731],[136.292,35.9733],[136.2918,35.9734],[136.2917,35.9735],[136.2915,35.9736],[136.2911,35.9737],[136.2904,35.974],[136.2902,35.974],[136.2901,35.974],[136.2899,35.9739],[136.2898,35.9738],[136.2895,35.9736],[136.2889,35.9733],[136.2886,35.9732],[136.2881,35.9729],[136.2878,35.9727],[136.2875,35.9726],[136.2873,35.9727],[136.2872,35.9727],[136.2869,35.9728],[136.2865,35.9731],[136.2861,35.9734],[136.2858,35.9735],[136.2854,35.9736],[136.2851,35.9737],[136.2849,35.9737],[136.2848,35.9737],[136.2847,35.9736],[136.2844,35.9735],[136.2841,35.9732],[136.2836,35.9727],[136.2833,35.9724],[136.2832,35.9723],[136.2831,35.9722],[136.2827,35.9719],[136.2826,35.9718],[136.2824,35.9717],[136.282,35.9717],[136.2816,35.9717],[136.2813,35.9717],[136.2809,35.9715],[136.2807,35.9715],[136.2805,35.9716],[136.2803,35.9716],[136.2802,35.9716],[136.28,35.9716],[136.2798,35.9716],[136.2796,35.9716],[136.2795,35.9716],[136.2791,35.9718],[136.279,35.9719],[136.2787,35.9719],[136.2779,35.9719],[136.2775,35.972],[136.2769,35.9721],[136.2767,35.9721],[136.2753,35.9721],[136.275,35.9721],[136.2748,35.9722],[136.2747,35.9725],[136.2746,35.9729],[136.2744,35.9738],[136.2743,35.974],[136.2742,35.9743],[136.2739,35.9749],[136.2738,35.975],[136.2738,35.9751],[136.2736,35.9752],[136.273,35.9755],[136.2723,35.9758],[136.2721,35.976],[136.2717,35.9763],[136.2714,35.9766],[136.2713,35.9768],[136.2712,35.9771],[136.2713,35.9778],[136.2713,35.9779],[136.2711,35.978],[136.2707,35.978],[136.2696,35.978],[136.2689,35.978],[136.2685,35.978],[136.2682,35.978],[136.2677,35.978],[136.2673,35.978],[136.2671,35.978],[136.2669,35.9781],[136.2667,35.9782],[136.2664,35.9785],[136.2662,35.9788],[136.266,35.9789],[136.2657,35.979],[136.2653,35.9791],[136.2648,35.9794],[136.2646,35.9795],[136.2644,35.9795],[136.2643,35.9795],[136.2642,35.9795],[136.2639,35.9793],[136.2631,35.9789],[136.2628,35.9788],[136.2627,35.9788],[136.2624,35.9789],[136.2618,35.9791],[136.2615,35.9793],[136.2613,35.9793],[136.261,35.9794],[136.2607,35.9796],[136.2606,35.9797],[136.2605,35.9798],[136.2603,35.98],[136.26,35.9802],[136.2595,35.9804],[136.2594,35.9804],[136.2593,35.9802],[136.2592,35.98],[136.2591,35.9799],[136.2589,35.9799],[136.2586,35.9799],[136.2585,35.9798],[136.2583,35.9799],[136.2582,35.9799],[136.2578,35.98],[136.2566,35.98],[136.2565,35.98],[136.2563,35.98],[136.2561,35.98],[136.2557,35.9798],[136.2548,35.9794],[136.2545,35.9793],[136.2544,35.9793],[136.2542,35.9794],[136.2539,35.9796],[136.2537,35.9798],[136.2534,35.98],[136.2533,35.9801],[136.253,35.9801],[136.2525,35.9802],[136.252,35.9803],[136.2518,35.9803],[136.2516,35.9805],[136.2514,35.9807],[136.2511,35.981],[136.2509,35.9811],[136.2505,35.9813],[136.2502,35.9815],[136.25,35.9815],[136.2497,35.9816],[136.2494,35.9817],[136.2492,35.9818],[136.2491,35.9818],[136.249,35.9818],[136.2488,35.9817],[136.2485,35.9815],[136.248,35.9811],[136.2477,35.981],[136.2476,35.981],[136.2475,35.981],[136.2473,35.9812],[136.2471,35.9813],[136.2465,35.9814],[136.2452,35.9817],[136.245,35.9819],[136.2447,35.9821],[136.2446,35.9821],[136.2438,35.9823],[136.2431,35.9823],[136.2421,35.9827],[136.2417,35.9829],[136.2411,35.9831],[136.2409,35.9832],[136.2405,35.9833],[136.2404,35.9834],[136.24,35.9835],[136.2394,35.9835],[136.2389,35.9835],[136.2387,35.9835],[136.2382,35.9839],[136.2377,35.9842],[136.2373,35.9845],[136.2368,35.985],[136.2366,35.9852],[136.2366,35.9856],[136.2365,35.9861],[136.2361,35.9866],[136.2358,35.9869],[136.2357,35.987],[136.2356,35.987],[136.2355,35.9871],[136.235,35.9873],[136.2348,35.9875],[136.2347,35.9876],[136.2347,35.988],[136.2347,35.9881],[136.2344,35.9882],[136.2339,35.9883],[136.2337,35.9885],[136.2333,35.9888],[136.233,35.9892],[136.2322,35.9901],[136.2322,35.9902],[136.2322,35.9906],[136.2321,35.9907],[136.2318,35.9906],[136.2314,35.9906],[136.2309,35.9906],[136.2304,35.9906],[136.2297,35.9908],[136.2295,35.9908],[136.2294,35.9907],[136.2292,35.9903],[136.2288,35.9901],[136.2284,35.99],[136.2277,35.9896],[136.2275,35.9896],[136.2267,35.9895],[136.2263,35.9895],[136.2258,35.9897],[136.225,35.9899],[136.2248,35.9899],[136.2245,35.9901],[136.2241,35.9903],[136.2239,35.9904],[136.2238,35.9905],[136.2234,35.9898],[136.2232,35.9896],[136.2225,35.9895],[136.2223,35.9893],[136.2219,35.9889],[136.2217,35.9885],[136.2215,35.9882],[136.2212,35.9881],[136.221,35.988],[136.2209,35.988],[136.2201,35.9879],[136.22,35.9879],[136.2199,35.9877],[136.2195,35.9867],[136.2192,35.9861],[136.2191,35.986],[136.2191,35.9857],[136.2191,35.9854],[136.2189,35.9848],[136.2187,35.9846],[136.218,35.9844],[136.2178,35.9843],[136.217,35.984],[136.2167,35.9838],[136.2166,35.9838],[136.2152,35.9834],[136.2151,35.9833],[136.215,35.9832],[136.2149,35.983],[136.215,35.9827],[136.2152,35.9815],[136.2151,35.981],[136.2152,35.9807],[136.2151,35.9804],[136.2144,35.9795],[136.2138,35.9789],[136.2132,35.9783],[136.2126,35.9781],[136.2121,35.9779],[136.2118,35.9778],[136.2114,35.9778],[136.2105,35.9774],[136.2099,35.9774],[136.2097,35.9772],[136.2096,35.9771],[136.2095,35.9766],[136.2089,35.976],[136.2088,35.9759],[136.2089,35.9754],[136.2089,35.9753],[136.2087,35.9751],[136.2086,35.975],[136.2086,35.9749],[136.2086,35.9745],[136.2084,35.9743],[136.2083,35.9742],[136.2077,35.9735],[136.2077,35.9732],[136.2078,35.9726],[136.2078,35.9723],[136.2077,35.9719],[136.2076,35.9715],[136.2076,35.9709],[136.2074,35.9708],[136.2062,35.9711],[136.2056,35.9712],[136.2055,35.9714],[136.2054,35.9717],[136.2053,35.9722],[136.2052,35.9726],[136.205,35.9727],[136.2042,35.9736],[136.2041,35.9736],[136.2039,35.9735],[136.2037,35.9734],[136.2034,35.9733],[136.2027,35.9737],[136.2023,35.974],[136.2022,35.9741],[136.2017,35.9742],[136.2017,35.9743],[136.202,35.9745],[136.202,35.9747],[136.2019,35.975],[136.2018,35.9754],[136.203,35.9754],[136.2038,35.9753],[136.2039,35.9753],[136.204,35.9758],[136.204,35.976],[136.204,35.9764],[136.2039,35.9765],[136.2038,35.9767],[136.2035,35.9771],[136.2037,35.9772],[136.204,35.9773],[136.204,35.9775],[136.204,35.9782],[136.2045,35.9787],[136.2048,35.9787],[136.2048,35.9789],[136.2049,35.9791],[136.2045,35.9792],[136.2044,35.9793],[136.205,35.9805],[136.2043,35.9807],[136.2045,35.9813],[136.204,35.9815],[136.204,35.9816],[136.2048,35.9833],[136.2055,35.985],[136.206,35.9848],[136.2061,35.985],[136.2064,35.9857],[136.205,35.9863],[136.2021,35.9877],[136.202,35.9877],[136.2017,35.9879],[136.2,35.9886],[136.1993,35.9888],[136.1984,35.9893],[136.1984,35.9895],[136.1957,35.9906],[136.1954,35.9906],[136.1953,35.9906],[136.1947,35.9908],[136.194,35.9892],[136.1938,35.989],[136.1936,35.9891],[136.1934,35.9891],[136.1931,35.9891],[136.1929,35.9891],[136.1929,35.9892],[136.1931,35.9895],[136.1923,35.9897],[136.1923,35.9898],[136.1922,35.9901],[136.1917,35.9902],[136.1914,35.9903],[136.1909,35.9904],[136.191,35.99],[136.1909,35.99],[136.1905,35.9901],[136.1905,35.9903],[136.1905,35.9905],[136.1904,35.9906],[136.1902,35.9909],[136.1897,35.9911],[136.1894,35.9911],[136.1882,35.9905],[136.1876,35.9901],[136.1865,35.9895],[136.1863,35.9895],[136.1854,35.9891],[136.1852,35.9889],[136.1851,35.989],[136.1851,35.9892],[136.1857,35.9895],[136.1862,35.9897],[136.1858,35.99],[136.1858,35.9901],[136.1855,35.9899],[136.1853,35.9901],[136.1852,35.9904],[136.1852,35.9906],[136.1852,35.9907],[136.1852,35.9908],[136.1851,35.9909],[136.1851,35.9917],[136.1851,35.9923],[136.185,35.9924],[136.1845,35.9925],[136.1843,35.9925],[136.1842,35.9926],[136.1833,35.9932],[136.1831,35.9933],[136.1828,35.9933],[136.1824,35.9933],[136.1821,35.9933],[136.1814,35.9932],[136.1812,35.9932],[136.181,35.9933],[136.1807,35.9938],[136.1804,35.9941],[136.18,35.9943],[136.1798,35.9945],[136.1797,35.9951],[136.1795,35.9954],[136.1796,35.9956],[136.1796,35.9957],[136.1795,35.9958],[136.1795,35.9964],[136.1794,35.9968],[136.1793,35.9969],[136.1797,35.9977],[136.1797,35.9978],[136.1804,35.9985],[136.1807,35.9991],[136.1806,35.9993],[136.1803,35.9995],[136.1801,36],[136.1799,36.0004],[136.1797,36.0006],[136.1788,36.0008],[136.1782,36.0011],[136.1778,36.0014],[136.1775,36.0014],[136.1772,36.0011],[136.1771,36.0009],[136.177,36.0004],[136.1768,36.0001],[136.1765,36],[136.176,35.9998],[136.1751,35.9996],[136.175,35.9996],[136.1736,35.9992],[136.1729,35.9991],[136.1725,35.9991],[136.172,35.9987],[136.1717,35.9985],[136.1714,35.9985],[136.1705,35.9983],[136.17,35.9982],[136.1694,35.9979],[136.1692,35.9979],[136.1689,35.9979],[136.1688,35.9979],[136.1683,35.9979],[136.1676,35.9975],[136.167,35.9971],[136.167,35.997],[136.1669,35.9969],[136.1667,35.9967],[136.1662,35.996],[136.1661,35.996],[136.1659,35.9963],[136.1656,35.9963],[136.165,35.9965],[136.1645,35.9967],[136.1643,35.9967],[136.1637,35.9965],[136.1631,35.9968],[136.163,35.9968],[136.1605,35.9969],[136.1605,35.9973],[136.1606,35.9979],[136.1601,35.998],[136.16,35.998],[136.1599,35.998],[136.1591,35.9982],[136.159,35.9982],[136.1586,35.9975],[136.1585,35.9974],[136.1583,35.997],[136.1579,35.9963],[136.1574,35.9956],[136.1574,35.9955],[136.1575,35.9955],[136.1577,35.9955],[136.1583,35.9955],[136.1599,35.9956],[136.1608,35.9937],[136.1602,35.9936],[136.1598,35.9936],[136.1596,35.9937],[136.1592,35.9938],[136.1586,35.9937],[136.1583,35.9935],[136.1582,35.9934],[136.1577,35.9934],[136.1576,35.9933],[136.1568,35.9931],[136.1565,35.993],[136.1564,35.993],[136.1563,35.9926],[136.1562,35.9925],[136.1558,35.9924],[136.1553,35.9923],[136.1552,35.9923]]]},"properties":{"N03_001":"福井県","N03_002":"","N03_003":"","N03_004":"鯖江市","N03_007":"18207"}},
{"type":"Feature","geometry":{"type":"Polygon","coordinates":[[[136.1832,36.2576],[136.1843,36.2562],[136.1842,36.2559],[136.1843,36.2552],[136.1848,36.2547],[136.1838,36.2539],[136.1842,36.2535],[136.1836,36.2531],[136.1833,36.2528],[136.1835,36.2526],[136.183,36.252],[136.1829,36.2517],[136.1824,36.2515],[136.1812,36.2507],[136.1843,36.2484],[136.1847,36.2487],[136.1846,36.249],[136.1845,36.2498],[136.1861,36.25],[136.187,36.25],[136.1871,36.2496],[136.1875,36.2493],[136.1883,36.25],[136.1889,36.2496],[136.1894,36.2499],[136.1894,36.2503],[136.1903,36.2509],[136.1908,36.2509],[136.1908,36.2512],[136.1912,36.2513],[136.1913,36.2515],[136.1917,36.2517],[136.1926,36.2509],[136.1935,36.2502],[136.1941,36.2508],[136.1946,36.2504],[136.1955,36.2512],[136.1966,36.2495],[136.1971,36.249],[136.198,36.2487],[136.1987,36.2487],[136.199,36.2486],[136.1997,36.2476],[136.2002,36.2472],[136.2005,36.2468],[136.2007,36.2461],[136.1999,36.2461],[136.1994,36.2461],[136.1987,36.2462],[136.1985,36.2461],[136.1981,36.2452],[136.1977,36.2451],[136.1974,36.2448],[136.1967,36.2447],[136.1969,36.2443],[136.1966,36.2437],[136.1964,36.2434],[136.1959,36.2432],[136.1956,36.2427],[136.1946,36.2416],[136.1946,36.2414],[136.1938,36.241],[136.1937,36.2408],[136.1941,36.2397],[136.1947,36.2386],[136.1957,36.2389],[136.1963,36.2386],[136.1965,36.2381],[136.1967,36.2375],[136.1961,36.2374],[136.1964,36.236],[136.1969,36.2357],[136.1948,36.2342],[136.1944,36.2339],[136.1941,36.234],[136.1941,36.2345],[136.1947,36.2347],[136.1944,36.235],[136.1941,36.2346],[136.1934,36.2346],[136.1934,36.2341],[136.1922,36.2341],[136.1917,36.2341],[136.1911,36.2342],[136.1907,36.234],[136.1905,36.2334],[136.1903,36.2334],[136.1895,36.2341],[136.1889,36.234],[136.1885,36.2336],[136.1885,36.2328],[136.1889,36.2319],[136.1889,36.2313],[136.1887,36.2308],[136.1877,36.2304],[136.1868,36.2301],[136.1866,36.2302],[136.1867,36.2309],[136.1865,36.2314],[136.1863,36.2317],[136.1849,36.2328],[136.1844,36.2329],[136.1837,36.2327],[136.1836,36.2326],[136.1837,36.2315],[136.1835,36.2313],[136.1829,36.2313],[136.1819,36.2316],[136.1815,36.2317],[136.1812,36.2314],[136.1812,36.2307],[136.1814,36.2305],[136.1817,36.2298],[136.182,36.2295],[136.1824,36.2293],[136.1824,36.2289],[136.1827,36.2289],[136.1844,36.229],[136.185,36.2283],[136.185,36.228],[136.1847,36.2259],[136.1842,36.226],[136.184,36.2233],[136.1839,36.223],[136.1825,36.2232],[136.1821,36.2232],[136.1822,36.2241],[136.182,36.224],[136.179,36.2231],[136.1748,36.2218],[136.1754,36.2203],[136.1751,36.2202],[136.175,36.2186],[136.1745,36.2187],[136.1742,36.2186],[136.174,36.2181],[136.1741,36.2174],[136.1726,36.2165],[136.1718,36.2162],[136.1709,36.2162],[136.1701,36.2164],[136.1695,36.2164],[136.1692,36.2162],[136.1685,36.2155],[136.1681,36.2153],[136.1676,36.2146],[136.1674,36.2139],[136.1671,36.2131],[136.1668,36.2126],[136.1667,36.212],[136.1668,36.2112],[136.1666,36.2098],[136.1666,36.2091],[136.1677,36.2091],[136.1681,36.2095],[136.1686,36.212],[136.1687,36.2122],[136.1743,36.2114],[136.1743,36.2115],[136.1755,36.2113],[136.1751,36.2098],[136.1758,36.2098],[136.1765,36.2096],[136.176,36.2086],[136.1763,36.2084],[136.1762,36.2078],[136.176,36.2078],[136.1753,36.2078],[136.1752,36.2077],[136.1748,36.2063],[136.1742,36.2065],[136.1731,36.2066],[136.1729,36.2065],[136.1729,36.2057],[136.1728,36.2052],[136.1727,36.2032],[136.1731,36.2031],[136.1732,36.2028],[136.1737,36.2027],[136.1733,36.2011],[136.1733,36.2008],[136.1728,36.1988],[136.176,36.1982],[136.1757,36.1969],[136.1782,36.1965],[136.1779,36.1953],[136.1786,36.1952],[136.1784,36.1944],[136.1796,36.194],[136.1805,36.194],[136.1806,36.194],[136.1806,36.1933],[136.1805,36.1929],[136.1823,36.1929],[136.1846,36.1928],[136.1866,36.1929],[136.1883,36.1929],[136.1903,36.1929],[136.1907,36.1926],[136.1906,36.1912],[136.1905,36.1902],[136.1916,36.1898],[136.1942,36.1894],[136.1953,36.1893],[136.1958,36.1896],[136.196,36.1896],[136.196,36.1904],[136.1966,36.1904],[136.1968,36.1912],[136.2017,36.1914],[136.2032,36.1915],[136.2043,36.1915],[136.2072,36.1916],[136.2106,36.1919],[136.2107,36.1903],[136.2118,36.1903],[136.2118,36.1899],[136.2125,36.1898],[136.2125,36.1893],[136.213,36.1893],[136.2131,36.189],[136.2143,36.1891],[136.2143,36.1894],[136.2152,36.1895],[136.215,36.1903],[136.2159,36.1904],[136.2155,36.1924],[136.2164,36.1924],[136.2177,36.1926],[136.2186,36.1923],[136.219,36.1929],[136.2193,36.1937],[136.2214,36.1938],[136.2217,36.1938],[136.2225,36.1942],[136.2229,36.1942],[136.2231,36.1946],[136.2233,36.1953],[136.2233,36.1967],[136.2248,36.1967],[136.2257,36.1972],[136.2286,36.1973],[136.229,36.197],[136.229,36.1955],[136.2299,36.1953],[136.2303,36.1951],[136.2302,36.1941],[136.2304,36.194],[136.2314,36.1939],[136.2329,36.1939],[136.2333,36.1937],[136.2333,36.1934],[136.2337,36.1933],[136.2364,36.1933],[136.2363,36.1928],[136.2361,36.1926],[136.2359,36.1921],[136.2366,36.1919],[136.2374,36.1917],[136.2369,36.191],[136.2362,36.1903],[136.2355,36.1901],[136.2355,36.1897],[136.2358,36.1891],[136.2359,36.1885],[136.2362,36.188],[136.2364,36.1871],[136.237,36.1846],[136.237,36.1842],[136.2372,36.1839],[136.2374,36.1838],[136.2398,36.184],[136.2394,36.1845],[136.2396,36.1847],[136.2421,36.1842],[136.2425,36.1842],[136.2436,36.1845],[136.2457,36.1847],[136.247,36.185],[136.2481,36.1852],[136.2506,36.1854],[136.2518,36.1854],[136.2519,36.1842],[136.2519,36.184],[136.255,36.1839],[136.2553,36.1837],[136.2568,36.1836],[136.2572,36.1835],[136.2568,36.183],[136.2569,36.1826],[136.2568,36.1818],[136.2584,36.1817],[136.2585,36.1809],[136.2585,36.1801],[136.2588,36.1794],[136.2591,36.1791],[136.2596,36.1794],[136.2602,36.1795],[136.2616,36.1794],[136.2617,36.179],[136.2623,36.179],[136.2624,36.1784],[136.2652,36.1784],[136.2664,36.1784],[136.2679,36.1783],[136.2688,36.1783],[136.2688,36.1781],[136.2699,36.1781],[136.2699,36.1775],[136.2708,36.1775],[136.2719,36.1774],[136.2729,36.1773],[136.2728,36.1776],[136.2735,36.1784],[136.2738,36.1793],[136.2743,36.1799],[136.2751,36.1804],[136.2753,36.1803],[136.2758,36.1795],[136.2758,36.1789],[136.276,36.1784],[136.2763,36.1781],[136.2769,36.1777],[136.2772,36.1777],[136.2786,36.1782],[136.2792,36.1786],[136.2797,36.1788],[136.2803,36.1783],[136.2808,36.1765],[136.2817,36.1764],[136.2823,36.1758],[136.2829,36.1757],[136.284,36.1753],[136.2845,36.1754],[136.2846,36.175],[136.2848,36.1747],[136.2855,36.1746],[136.2857,36.1749],[136.2865,36.1751],[136.2868,36.1753],[136.2869,36.1756],[136.2877,36.1758],[136.2885,36.1763],[136.289,36.1764],[136.2902,36.1764],[136.2909,36.1766],[136.2915,36.1769],[136.2926,36.1774],[136.2938,36.1781],[136.2945,36.1781],[136.2948,36.1784],[136.2946,36.1788],[136.2948,36.1793],[136.2951,36.1796],[136.2954,36.1797],[136.2965,36.1795],[136.2972,36.1792],[136.2975,36.1792],[136.2979,36.1797],[136.2986,36.1802],[136.299,36.1807],[136.2992,36.1811],[136.2995,36.1814],[136.3001,36.1816],[136.3007,36.1822],[136.3015,36.1827],[136.302,36.1832],[136.3023,36.1839],[136.3024,36.184],[136.3031,36.1838],[136.3037,36.1837],[136.3044,36.1839],[136.3047,36.1841],[136.3051,36.1846],[136.3052,36.1849],[136.3052,36.1857],[136.3052,36.1863],[136.3057,36.1875],[136.3057,36.1885],[136.3059,36.1887],[136.3064,36.1888],[136.3074,36.1898],[136.3076,36.1903],[136.3078,36.1903],[136.3086,36.1901],[136.309,36.1901],[136.3099,36.19],[136.311,36.19],[136.3113,36.1902],[136.3119,36.1906],[136.3124,36.1906],[136.3128,36.1909],[136.3136,36.1913],[136.3141,36.1913],[136.3145,36.1916],[136.3151,36.1925],[136.3152,36.1927],[136.3159,36.1928],[136.3169,36.1932],[136.3172,36.1935],[136.3176,36.194],[136.3183,36.1947],[136.3188,36.1954],[136.3188,36.1956],[136.3188,36.197],[136.3188,36.1974],[136.3195,36.1982],[136.3199,36.1986],[136.3206,36.1991],[136.3225,36.199],[136.3236,36.1989],[136.3239,36.1989],[136.3246,36.1994],[136.3253,36.1997],[136.3259,36.2002],[136.3265,36.2004],[136.3278,36.2006],[136.3285,36.2014],[136.329,36.2018],[136.3294,36.202],[136.3294,36.2026],[136.329,36.2033],[136.3288,36.2048],[136.3287,36.2057],[136.3285,36.2069],[136.3285,36.2076],[136.3282,36.2084],[136.3279,36.2087],[136.328,36.2094],[136.3279,36.2099],[136.3286,36.2107],[136.3286,36.2111],[136.3289,36.2117],[136.3292,36.212],[136.3296,36.2127],[136.3301,36.2131],[136.3301,36.2136],[136.3298,36.2149],[136.3299,36.2154],[136.3302,36.2159],[136.3306,36.2164],[136.3313,36.217],[136.3314,36.2174],[136.3313,36.2178],[136.3312,36.2184],[136.3304,36.2193],[136.3299,36.2204],[136.329,36.2213],[136.329,36.2218],[136.3292,36.2221],[136.329,36.2233],[136.329,36.2243],[136.3291,36.2246],[136.3296,36.2249],[136.33,36.2258],[136.3304,36.2265],[136.3311,36.2272],[136.3318,36.2279],[136.3324,36.2291],[136.3324,36.2296],[136.3321,36.2299],[136.3315,36.2301],[136.3307,36.23],[136.3299,36.23],[136.329,36.2302],[136.3285,36.2304],[136.3277,36.2309],[136.3275,36.2315],[136.327,36.2322],[136.3265,36.2323],[136.3258,36.2323],[136.3246,36.2319],[136.3233,36.2317],[136.3226,36.2318],[136.322,36.2326],[136.3213,36.233],[136.3207,36.2331],[136.3204,36.2332],[136.3198,36.2336],[136.3191,36.2336],[136.3188,36.2338],[136.3181,36.2343],[136.317,36.2347],[136.3167,36.2351],[136.3159,36.2372],[136.3154,36.2378],[136.3155,36.2383],[136.3158,36.2387],[136.3163,36.2391],[136.3169,36.2399],[136.3174,36.2404],[136.3176,36.2408],[136.3174,36.2414],[136.3171,36.243],[136.3166,36.2432],[136.3161,36.2442],[136.3157,36.2446],[136.3153,36.2453],[136.3153,36.2459],[136.315,36.246],[136.313,36.2466],[136.3127,36.2466],[136.3122,36.2465],[136.311,36.2465],[136.3107,36.2466],[136.3101,36.247],[136.3096,36.2471],[136.3088,36.2467],[136.3084,36.2468],[136.308,36.2477],[136.3065,36.2488],[136.3058,36.2497],[136.3049,36.2505],[136.3045,36.2511],[136.3038,36.2523],[136.3036,36.2527],[136.3032,36.2529],[136.3032,36.2535],[136.3035,36.2543],[136.3036,36.2549],[136.3034,36.2553],[136.3033,36.2559],[136.303,36.2563],[136.3026,36.2568],[136.3021,36.2575],[136.3017,36.2579],[136.3012,36.2582],[136.3006,36.2583],[136.3,36.2581],[136.2991,36.2578],[136.2988,36.2579],[136.2985,36.2585],[136.2982,36.2587],[136.2978,36.2589],[136.2965,36.2591],[136.296,36.2595],[136.2954,36.2603],[136.2951,36.2605],[136.2946,36.2607],[136.2934,36.2611],[136.2927,36.2611],[136.2912,36.2608],[136.2895,36.2604],[136.2889,36.2605],[136.2881,36.2611],[136.2873,36.2615],[136.2869,36.2616],[136.2855,36.2617],[136.2851,36.2619],[136.285,36.2622],[136.2853,36.2631],[136.2854,36.2635],[136.2853,36.2638],[136.285,36.2639],[136.2845,36.2638],[136.2836,36.2638],[136.2832,36.2643],[136.2831,36.2656],[136.2828,36.2659],[136.2822,36.2657],[136.2813,36.2649],[136.2804,36.2644],[136.28,36.2644],[136.2789,36.2649],[136.2785,36.265],[136.2772,36.2648],[136.2769,36.2648],[136.2765,36.2651],[136.2761,36.2655],[136.2759,36.266],[136.2756,36.2662],[136.2751,36.2662],[136.2737,36.2658],[136.2732,36.2654],[136.2725,36.2654],[136.2714,36.2662],[136.2712,36.2663],[136.2706,36.2659],[136.2702,36.2658],[136.2697,36.2662],[136.2692,36.2664],[136.2688,36.266],[136.2688,36.2654],[136.2686,36.265],[136.2682,36.2647],[136.2675,36.2648],[136.2668,36.2651],[136.2665,36.2655],[136.266,36.2658],[136.266,36.2662],[136.2665,36.2668],[136.2668,36.2671],[136.2671,36.2676],[136.2673,36.268],[136.2683,36.2693],[136.2684,36.2697],[136.2682,36.27],[136.2669,36.27],[136.2667,36.2699],[136.2658,36.2694],[136.2646,36.2691],[136.2638,36.269],[136.2631,36.269],[136.263,36.2694],[136.2634,36.2704],[136.264,36.2711],[136.264,36.2714],[136.2635,36.2719],[136.2628,36.272],[136.2622,36.2723],[136.2617,36.2727],[136.2615,36.2729],[136.2615,36.2734],[136.2622,36.2737],[136.2636,36.2746],[136.2641,36.2749],[136.2643,36.2755],[136.264,36.2758],[136.2621,36.2761],[136.2619,36.2762],[136.2628,36.277],[136.2633,36.2774],[136.2637,36.2775],[136.2643,36.2779],[136.2642,36.2783],[136.2633,36.2791],[136.2626,36.2796],[136.2621,36.2794],[136.2616,36.2788],[136.2613,36.2786],[136.2607,36.2784],[136.2598,36.2779],[136.2596,36.278],[136.2587,36.2787],[136.2577,36.2792],[136.2571,36.2794],[136.2563,36.2797],[136.2562,36.2799],[136.2567,36.2808],[136.2571,36.2813],[136.2574,36.2824],[136.2574,36.283],[136.2571,36.2837],[136.2567,36.2847],[136.2566,36.2857],[136.2568,36.2867],[136.2573,36.2876],[136.2579,36.2885],[136.2586,36.2893],[136.2585,36.2894],[136.2574,36.2894],[136.2567,36.2895],[136.2556,36.2897],[136.2552,36.2899],[136.255,36.2905],[136.2544,36.2905],[136.2539,36.2904],[136.2533,36.2907],[136.2523,36.2913],[136.2518,36.2916],[136.2505,36.2918],[136.25,36.2917],[136.2492,36.2918],[136.2486,36.2921],[136.2479,36.2929],[136.2476,36.2932],[136.2471,36.2933],[136.246,36.2938],[136.2447,36.2946],[136.2439,36.2953],[136.2434,36.2949],[136.2433,36.2953],[136.2429,36.2953],[136.2427,36.2949],[136.243,36.2944],[136.2429,36.294],[136.243,36.2936],[136.2426,36.2934],[136.2427,36.2932],[136.242,36.2925],[136.242,36.2923],[136.2407,36.2912],[136.2382,36.2892],[136.237,36.2884],[136.2358,36.2876],[136.2351,36.2871],[136.2346,36.2868],[136.2316,36.2849],[136.23,36.2837],[136.2283,36.2826],[136.2267,36.2815],[136.2249,36.2805],[136.2229,36.2794],[136.2217,36.2785],[136.221,36.2781],[136.2192,36.2771],[136.2184,36.2767],[136.2174,36.2759],[136.2163,36.2752],[136.2144,36.2743],[136.2136,36.2737],[136.2129,36.2733],[136.2114,36.2728],[136.2104,36.272],[136.2099,36.2717],[136.2089,36.2712],[136.2078,36.2708],[136.207,36.2702],[136.2059,36.2697],[136.205,36.2692],[136.2042,36.2688],[136.2036,36.2684],[136.2029,36.2681],[136.2017,36.2674],[136.2008,36.2671],[136.2007,36.2668],[136.1999,36.2662],[136.1988,36.2658],[136.1983,36.2655],[136.1976,36.2652],[136.1969,36.2645],[136.1958,36.2641],[136.1955,36.2638],[136.1949,36.2635],[136.1925,36.2622],[136.1915,36.2618],[136.1907,36.2612],[136.1896,36.2607],[136.189,36.2605],[136.188,36.2599],[136.1873,36.2597],[136.1861,36.2591],[136.1855,36.2587],[136.1832,36.2577],[136.1832,36.2576]]]},"properties":{"N03_001":"福井県","N03_002":"","N03_003":"","N03_004":"あわら市","N03_007":"18208"}},
{"type":"Feature","geometry":{"type":"Polygon","coordinates":[[[136.0197,35.8789],[136.02,35.8789],[136.0206,35.8784],[136.0213,35.8783],[136.0214,35.8782],[136.0215,35.8772],[136.0215,35.8768],[136.0216,35.8755],[136.0215,35.8751],[136.0219,35.8748],[136.0225,35.8744],[136.0231,35.8744],[136.0237,35.8743],[136.0249,35.8736],[136.0256,35.8735],[136.0263,35.8733],[136.0272,35.8729],[136.0281,35.873],[136.0294,35.8726],[136.03,35.8719],[136.0314,35.8713],[136.0327,35.8709],[136.0331,35.8708],[136.034,35.8709],[136.0347,35.8707],[136.0351,35.8703],[136.0356,35.87],[136.0358,35.8698],[136.0362,35.8686],[136.0366,35.8684],[136.0372,35.8683],[136.0377,35.868],[136.0381,35.8674],[136.0387,35.8672],[136.0393,35.8672],[136.0399,35.8668],[136.0405,35.8665],[136.0408,35.8656],[136.0415,35.8645],[136.042,35.863],[136.0421,35.8623],[136.0426,35.8618],[136.0436,35.8617],[136.0442,35.8614],[136.0445,35.8606],[136.045,35.8603],[136.0457,35.8604],[136.0462,35.8603],[136.0472,35.8606],[136.0478,35.8599],[136.0485,35.8596],[136.0496,35.8598],[136.0502,35.8601],[136.0509,35.8601],[136.052,35.8601],[136.0528,35.8604],[136.054,35.8608],[136.0547,35.8607],[136.0563,35.8602],[136.0566,35.8598],[136.0565,35.8591],[136.0559,35.8584],[136.0553,35.8568],[136.0547,35.8562],[136.0542,35.8562],[136.0539,35.8558],[136.054,35.8554],[136.0545,35.8546],[136.0546,35.8543],[136.0547,35.8536],[136.0546,35.8532],[136.0542,35.8528],[136.0542,35.8525],[136.0548,35.8519],[136.0548,35.8512],[136.0552,35.8503],[136.0561,35.8497],[136.0559,35.8494],[136.056,35.8493],[136.0566,35.8493],[136.0569,35.8491],[136.0571,35.8486],[136.0573,35.8483],[136.0578,35.8482],[136.0583,35.8483],[136.0588,35.8488],[136.0593,35.8488],[136.0599,35.8489],[136.0604,35.8492],[136.0612,35.8487],[136.0626,35.8483],[136.0633,35.8478],[136.0638,35.8482],[136.0646,35.8489],[136.0651,35.8489],[136.0659,35.8486],[136.0663,35.8483],[136.067,35.8482],[136.0678,35.8486],[136.0686,35.8486],[136.0691,35.8483],[136.0696,35.8486],[136.0705,35.8487],[136.0721,35.8492],[136.0724,35.8496],[136.073,35.8497],[136.0737,35.8497],[136.0743,35.8498],[136.075,35.8498],[136.0764,35.8501],[136.077,35.85],[136.0778,35.8496],[136.078,35.849],[136.0788,35.8483],[136.0795,35.8481],[136.08,35.847],[136.0799,35.8457],[136.0806,35.8455],[136.0811,35.8451],[136.082,35.8439],[136.0826,35.8436],[136.0835,35.8436],[136.084,35.8434],[136.0849,35.8429],[136.0854,35.8429],[136.0869,35.8431],[136.0875,35.8433],[136.0884,35.8433],[136.0898,35.8438],[136.0908,35.844],[136.0916,35.8441],[136.0921,35.8439],[136.0933,35.8437],[136.0944,35.8438],[136.0954,35.8438],[136.0959,35.8439],[136.0964,35.8441],[136.097,35.8446],[136.0975,35.8446],[136.099,35.8445],[136.0998,35.8445],[136.1001,35.8444],[136.1007,35.8437],[136.1012,35.8433],[136.1022,35.8424],[136.1027,35.8417],[136.1032,35.8417],[136.1038,35.8418],[136.1048,35.8416],[136.1052,35.8418],[136.1057,35.8421],[136.1065,35.8425],[136.1073,35.8426],[136.1084,35.8442],[136.1087,35.8442],[136.1093,35.8442],[136.1099,35.8444],[136.1105,35.8448],[136.1118,35.845],[136.1122,35.8453],[136.1141,35.8462],[136.1148,35.8469],[136.1152,35.8468],[136.116,35.8464],[136.1163,35.8459],[136.1169,35.8457],[136.118,35.8462],[136.1186,35.846],[136.1189,35.8455],[136.1208,35.8439],[136.1212,35.8439],[136.1217,35.844],[136.1221,35.8443],[136.123,35.8443],[136.1233,35.8442],[136.1242,35.8437],[136.1247,35.8433],[136.1265,35.8432],[136.1269,35.843],[136.1272,35.8427],[136.1274,35.842],[136.1277,35.8415],[136.1283,35.8412],[136.1293,35.8408],[136.1293,35.8405],[136.129,35.8402],[136.1286,35.8395],[136.1284,35.8393],[136.1281,35.8388],[136.1285,35.8377],[136.1285,35.8372],[136.1287,35.8365],[136.1287,35.8357],[136.129,35.8351],[136.1294,35.8342],[136.1297,35.8335],[136.1298,35.833],[136.1295,35.8323],[136.13,35.8316],[136.1302,35.8313],[136.1304,35.8302],[136.1309,35.8299],[136.131,35.8293],[136.1314,35.8287],[136.1316,35.8281],[136.1316,35.8275],[136.1315,35.8268],[136.1312,35.8262],[136.1299,35.8249],[136.1299,35.8244],[136.1306,35.8238],[136.1308,35.8226],[136.131,35.822],[136.1311,35.8214],[136.1315,35.8207],[136.1323,35.8199],[136.1324,35.8195],[136.1325,35.8179],[136.1326,35.8171],[136.133,35.8167],[136.1334,35.8165],[136.1337,35.8161],[136.1341,35.8151],[136.1344,35.8141],[136.1346,35.8135],[136.1348,35.8123],[136.1351,35.8113],[136.1348,35.8105],[136.1346,35.8101],[136.1355,35.8098],[136.1363,35.8094],[136.1371,35.8092],[136.1377,35.8089],[136.1389,35.808],[136.1395,35.8085],[136.1399,35.8093],[136.1402,35.8096],[136.1408,35.8101],[136.1417,35.8106],[136.1426,35.8119],[136.143,35.8122],[136.1441,35.8121],[136.1451,35.8123],[136.1465,35.813],[136.1467,35.8133],[136.147,35.8139],[136.1474,35.8142],[136.1483,35.8144],[136.1495,35.8151],[136.1501,35.8156],[136.1531,35.8169],[136.1534,35.8174],[136.1534,35.8178],[136.1532,35.8189],[136.1532,35.8193],[136.1535,35.8198],[136.1536,35.8203],[136.1537,35.8205],[136.1545,35.821],[136.1547,35.8212],[136.1551,35.822],[136.1555,35.8225],[136.1557,35.8233],[136.1559,35.8241],[136.1562,35.8248],[136.1563,35.8254],[136.1565,35.8257],[136.1568,35.8259],[136.1578,35.8263],[136.1582,35.8267],[136.1584,35.8276],[136.1584,35.8286],[136.1585,35.829],[136.1589,35.8296],[136.1594,35.8307],[136.1594,35.831],[136.1589,35.8317],[136.1583,35.8322],[136.1581,35.8326],[136.1584,35.8331],[136.1585,35.8335],[136.1589,35.834],[136.1596,35.8343],[136.1602,35.8344],[136.1606,35.8346],[136.1609,35.8351],[136.1616,35.8352],[136.1628,35.8355],[136.1634,35.8359],[136.1644,35.8362],[136.1648,35.8365],[136.1659,35.8371],[136.1661,35.8373],[136.1663,35.8377],[136.1664,35.8382],[136.1667,35.8385],[136.1673,35.8387],[136.168,35.8392],[136.1688,35.8397],[136.1692,35.84],[136.1693,35.8405],[136.1703,35.841],[136.171,35.8417],[136.1715,35.8418],[136.172,35.8422],[136.1725,35.8429],[136.1729,35.8431],[136.1734,35.8431],[136.1741,35.8433],[136.1745,35.8437],[136.175,35.8441],[136.1752,35.8452],[136.1754,35.8455],[136.1754,35.8459],[136.1753,35.8466],[136.1751,35.8471],[136.1753,35.8474],[136.1753,35.8481],[136.1758,35.849],[136.1759,35.8496],[136.1756,35.8499],[136.1751,35.8502],[136.1752,35.8505],[136.1755,35.8508],[136.1756,35.8511],[136.1771,35.8516],[136.1767,35.8519],[136.1782,35.8525],[136.1775,35.8536],[136.1808,35.8551],[136.1809,35.8552],[136.1808,35.8575],[136.1814,35.8575],[136.1819,35.8567],[136.1831,35.8569],[136.1842,35.857],[136.1869,35.8574],[136.1877,35.8574],[136.1894,35.8578],[136.1909,35.858],[136.1914,35.8578],[136.1919,35.8577],[136.1933,35.8579],[136.1945,35.858],[136.195,35.858],[136.1958,35.8575],[136.1963,35.8575],[136.1972,35.8578],[136.199,35.8585],[136.1997,35.8587],[136.2019,35.8591],[136.2029,35.8594],[136.2037,35.8596],[136.2053,35.8596],[136.206,35.8596],[136.2066,35.8596],[136.2068,35.8596],[136.2077,35.859],[136.2084,35.8579],[136.2086,35.8575],[136.2089,35.8572],[136.2094,35.8571],[136.21,35.8568],[136.2107,35.8567],[136.2112,35.8568],[136.2117,35.8572],[136.2126,35.8574],[136.2133,35.8577],[136.2137,35.8576],[136.2145,35.8571],[136.2152,35.8571],[136.2157,35.857],[136.2163,35.8566],[136.2172,35.8564],[136.2179,35.856],[136.2183,35.8559],[136.2193,35.8561],[136.2205,35.8561],[136.2213,35.8561],[136.2217,35.856],[136.223,35.856],[136.2239,35.856],[136.224,35.8558],[136.2243,35.8552],[136.2248,35.8547],[136.2255,35.8544],[136.2262,35.8539],[136.2273,35.8539],[136.2292,35.8533],[136.2299,35.8532],[136.2306,35.8532],[136.2312,35.8528],[136.2324,35.852],[136.233,35.8513],[136.2333,35.8508],[136.2339,35.8501],[136.2344,35.8498],[136.2348,35.8496],[136.2359,35.8494],[136.2366,35.8491],[136.2374,35.8486],[136.2383,35.848],[136.2388,35.8478],[136.2394,35.847],[136.2404,35.8463],[136.2412,35.8455],[136.2415,35.8454],[136.2424,35.8452],[136.2435,35.8448],[136.244,35.8445],[136.2446,35.8446],[136.2449,35.8448],[136.2456,35.8448],[136.2462,35.8453],[136.2471,35.8456],[136.2484,35.8456],[136.2492,35.8455],[136.2497,35.8451],[136.2501,35.844],[136.2503,35.8438],[136.251,35.8434],[136.2516,35.8426],[136.2521,35.8424],[136.2529,35.8424],[136.2538,35.8423],[136.2546,35.8426],[136.2551,35.8426],[136.2555,35.8425],[136.2559,35.8421],[136.2572,35.8427],[136.2574,35.8429],[136.2582,35.8432],[136.2587,35.8433],[136.2592,35.8434],[136.2599,35.8443],[136.2612,35.8446],[136.2622,35.8454],[136.2623,35.8458],[136.2629,35.8467],[136.2641,35.8476],[136.2647,35.848],[136.2653,35.848],[136.2661,35.8485],[136.2664,35.8491],[136.2664,35.8497],[136.2668,35.8505],[136.2677,35.851],[136.2682,35.8525],[136.269,35.8533],[136.2696,35.8545],[136.2704,35.8551],[136.2705,35.8553],[136.2706,35.8558],[136.2712,35.8562],[136.2718,35.8565],[136.2725,35.8571],[136.2728,35.8574],[136.2728,35.8577],[136.2727,35.8587],[136.2728,35.8595],[136.273,35.8598],[136.2732,35.8607],[136.2738,35.8613],[136.2747,35.8617],[136.275,35.862],[136.2751,35.8628],[136.2756,35.8633],[136.276,35.8634],[136.2766,35.864],[136.2771,35.8644],[136.2773,35.8654],[136.2789,35.8657],[136.2792,35.8657],[136.2801,35.8656],[136.2809,35.8653],[136.2814,35.8651],[136.2825,35.8649],[136.283,35.8647],[136.284,35.8647],[136.2853,35.8645],[136.2859,35.8645],[136.2864,35.8653],[136.2869,35.8659],[136.2872,35.8665],[136.288,35.8667],[136.2888,35.8665],[136.2896,35.8664],[136.2903,35.8662],[136.2911,35.8661],[136.2916,35.8665],[136.2923,35.8666],[136.2928,35.8665],[136.2934,35.8668],[136.294,35.8668],[136.2946,35.8673],[136.295,35.8681],[136.2951,35.8685],[136.2961,35.8691],[136.2961,35.87],[136.2963,35.8703],[136.2969,35.8705],[136.2975,35.8709],[136.2982,35.8713],[136.2988,35.8721],[136.2991,35.8723],[136.2997,35.8732],[136.3007,35.8736],[136.3014,35.8737],[136.3023,35.8739],[136.3034,35.8741],[136.304,35.8743],[136.3041,35.8748],[136.3045,35.8753],[136.3046,35.8757],[136.3052,35.8766],[136.3064,35.8777],[136.3065,35.8783],[136.3063,35.8786],[136.3057,35.8792],[136.3051,35.8798],[136.305,35.8804],[136.306,35.8809],[136.3071,35.8817],[136.3072,35.8819],[136.3073,35.8825],[136.3072,35.8831],[136.307,35.8837],[136.3071,35.8841],[136.3077,35.8845],[136.308,35.885],[136.3086,35.8852],[136.3094,35.8856],[136.3102,35.8863],[136.311,35.8867],[136.3116,35.8871],[136.3115,35.8874],[136.312,35.8879],[136.3124,35.8887],[136.3123,35.8889],[136.3117,35.8894],[136.3113,35.8903],[136.3112,35.8907],[136.3113,35.8911],[136.3118,35.8916],[136.3118,35.8918],[136.3121,35.8923],[136.3121,35.8929],[136.312,35.8931],[136.3114,35.8934],[136.3106,35.8942],[136.3098,35.8946],[136.3095,35.8949],[136.309,35.8953],[136.3088,35.8964],[136.309,35.8968],[136.3095,35.8973],[136.3101,35.8976],[136.3102,35.8978],[136.3105,35.8989],[136.3103,35.8994],[136.3106,35.9001],[136.3105,35.901],[136.3108,35.9018],[136.3111,35.9021],[136.3117,35.9026],[136.3118,35.9033],[136.3118,35.9037],[136.3119,35.9039],[136.3124,35.9043],[136.3126,35.9045],[136.3133,35.9048],[136.3134,35.9054],[136.3144,35.9055],[136.3147,35.9056],[136.3154,35.906],[136.316,35.9068],[136.3153,35.9074],[136.3152,35.9077],[136.3154,35.9085],[136.3156,35.9089],[136.3153,35.9093],[136.3154,35.9097],[136.3153,35.9101],[136.3152,35.9111],[136.3152,35.9112],[136.3144,35.9118],[136.314,35.9127],[136.314,35.9129],[136.3134,35.9127],[136.3126,35.9129],[136.3118,35.9135],[136.3113,35.9137],[136.3104,35.9138],[136.31,35.9139],[136.3097,35.9144],[136.31,35.9151],[136.3103,35.9152],[136.3109,35.9153],[136.3109,35.9156],[136.3112,35.9162],[136.3108,35.9171],[136.3108,35.9174],[136.3111,35.9178],[136.3116,35.918],[136.312,35.9185],[136.313,35.9191],[136.3131,35.9194],[136.3133,35.92],[136.3137,35.9203],[136.3148,35.9207],[136.3158,35.9209],[136.3174,35.9212],[136.3195,35.9212],[136.3202,35.9209],[136.321,35.9206],[136.3223,35.9202],[136.323,35.9201],[136.3243,35.92],[136.3251,35.9201],[136.3262,35.9209],[136.327,35.921],[136.3286,35.9214],[136.3298,35.9222],[136.331,35.9232],[136.3319,35.9234],[136.3323,35.9237],[136.3327,35.9241],[136.3333,35.9244],[136.3336,35.9249],[136.3337,35.9263],[136.3341,35.9271],[136.334,35.9275],[136.3337,35.9281],[136.3337,35.9287],[136.3332,35.9287],[136.3325,35.9286],[136.3316,35.9286],[136.3306,35.9284],[136.3301,35.9286],[136.3295,35.9289],[136.329,35.929],[136.3284,35.9289],[136.3277,35.9287],[136.3271,35.9289],[136.3253,35.9295],[136.3246,35.9296],[136.324,35.93],[136.3237,35.9307],[136.3231,35.9313],[136.3227,35.932],[136.3223,35.9327],[136.3217,35.9333],[136.3204,35.9338],[136.3201,35.934],[136.3198,35.9344],[136.3198,35.9348],[136.3199,35.9354],[136.3198,35.9356],[136.3184,35.9359],[136.3177,35.9361],[136.3173,35.9364],[136.3173,35.9373],[136.3171,35.9375],[136.3162,35.9376],[136.3158,35.9376],[136.3143,35.9372],[136.3141,35.9379],[136.3135,35.9384],[136.3129,35.9392],[136.3124,35.9394],[136.3113,35.9397],[136.3105,35.9402],[136.3102,35.9405],[136.3102,35.9416],[136.3098,35.9423],[136.3095,35.9426],[136.3091,35.9426],[136.3078,35.9426],[136.3066,35.943],[136.3056,35.9429],[136.3053,35.943],[136.3049,35.9433],[136.3044,35.9432],[136.3037,35.9428],[136.3033,35.9429],[136.3021,35.9437],[136.3011,35.944],[136.3009,35.9442],[136.2998,35.9445],[136.2991,35.9444],[136.2985,35.9441],[136.2974,35.9434],[136.2967,35.943],[136.2964,35.943],[136.2953,35.9435],[136.2942,35.944],[136.2923,35.9443],[136.2917,35.9445],[136.2913,35.9446],[136.2893,35.9452],[136.289,35.945],[136.2882,35.9444],[136.287,35.9435],[136.286,35.9432],[136.2853,35.9432],[136.2848,35.9429],[136.2841,35.9428],[136.2826,35.9423],[136.2822,35.9418],[136.2819,35.9416],[136.2812,35.9416],[136.2799,35.9412],[136.279,35.9414],[136.2785,35.9413],[136.2779,35.9411],[136.2776,35.9411],[136.277,35.941],[136.2764,35.941],[136.2758,35.9411],[136.275,35.9416],[136.274,35.9414],[136.2732,35.9415],[136.2721,35.9417],[136.2719,35.9417],[136.2712,35.9413],[136.2697,35.9413],[136.2678,35.9407],[136.2674,35.9406],[136.2661,35.9408],[136.2656,35.9407],[136.2646,35.9408],[136.2642,35.9409],[136.2638,35.9412],[136.2621,35.9409],[136.2614,35.941],[136.2609,35.9411],[136.2593,35.9419],[136.258,35.9421],[136.2565,35.9426],[136.2555,35.9431],[136.255,35.9431],[136.2535,35.9429],[136.2526,35.9421],[136.2517,35.9416],[136.2505,35.9414],[136.2502,35.9414],[136.2495,35.9423],[136.2487,35.9439],[136.2487,35.9442],[136.2488,35.9485],[136.2471,35.9484],[136.2457,35.9483],[136.2406,35.9482],[136.2402,35.948],[136.2402,35.9457],[136.2403,35.9453],[136.2403,35.9446],[136.2382,35.9444],[136.2369,35.9444],[136.2368,35.9448],[136.2365,35.9451],[136.2355,35.9445],[136.2353,35.9439],[136.2346,35.9437],[136.234,35.9434],[136.2337,35.943],[136.2336,35.9426],[136.2329,35.9416],[136.2323,35.9413],[136.232,35.9408],[136.2315,35.9406],[136.2308,35.9404],[136.2297,35.94],[136.2278,35.9391],[136.2266,35.9388],[136.2256,35.9384],[136.2258,35.9378],[136.2259,35.9372],[136.2256,35.936],[136.2261,35.9352],[136.2261,35.935],[136.2258,35.9345],[136.2258,35.9341],[136.2258,35.9338],[136.2259,35.9329],[136.2258,35.9325],[136.2255,35.932],[136.2246,35.9309],[136.2237,35.9313],[136.223,35.9314],[136.2221,35.9318],[136.2213,35.9319],[136.2204,35.9319],[136.2198,35.9321],[136.2195,35.9328],[136.2191,35.9331],[136.2183,35.9329],[136.2178,35.9326],[136.2177,35.9321],[136.2179,35.9318],[136.2174,35.9314],[136.2173,35.9303],[136.2167,35.9302],[136.2168,35.9293],[136.2137,35.929],[136.2124,35.9291],[136.2105,35.9291],[136.2102,35.9291],[136.2088,35.9296],[136.2083,35.9294],[136.2057,35.9291],[136.2046,35.9291],[136.2033,35.929],[136.201,35.9289],[136.2009,35.9309],[136.2001,35.931],[136.1997,35.9307],[136.1902,35.9306],[136.1891,35.9305],[136.1886,35.9306],[136.181,35.9304],[136.1782,35.9302],[136.178,35.9297],[136.1775,35.9296],[136.1773,35.9298],[136.177,35.9297],[136.1768,35.9295],[136.1769,35.929],[136.1771,35.9288],[136.1781,35.9285],[136.1789,35.9289],[136.1789,35.9292],[136.1785,35.9295],[136.1786,35.9296],[136.1793,35.9297],[136.1795,35.9292],[136.1795,35.9283],[136.1793,35.9282],[136.1793,35.9277],[136.1788,35.9272],[136.1787,35.9266],[136.1775,35.9264],[136.176,35.9262],[136.1759,35.9263],[136.1756,35.9322],[136.1756,35.9349],[136.1754,35.9367],[136.1691,35.9361],[136.1688,35.9363],[136.1679,35.9371],[136.1674,35.9381],[136.1666,35.9382],[136.1667,35.9399],[136.1667,35.94],[136.1609,35.9399],[136.1609,35.9384],[136.1609,35.9361],[136.1594,35.9361],[136.1564,35.9358],[136.1513,35.9357],[136.15,35.9357],[136.1496,35.936],[136.1493,35.9365],[136.149,35.9366],[136.1486,35.9365],[136.1481,35.9365],[136.1478,35.9367],[136.147,35.9366],[136.1456,35.9368],[136.1447,35.9371],[136.1431,35.9381],[136.1428,35.9382],[136.1416,35.9378],[136.1404,35.9376],[136.1396,35.9363],[136.1396,35.9359],[136.1387,35.9346],[136.1382,35.9341],[136.1376,35.9338],[136.1368,35.9331],[136.1365,35.9327],[136.1362,35.9326],[136.1347,35.9328],[136.1341,35.9315],[136.1339,35.9312],[136.1337,35.931],[136.1333,35.9309],[136.1333,35.9308],[136.1328,35.9303],[136.1328,35.9302],[136.133,35.9298],[136.1328,35.9293],[136.1327,35.929],[136.1328,35.9285],[136.1327,35.9284],[136.1327,35.9282],[136.1325,35.9272],[136.1324,35.927],[136.1322,35.9265],[136.1322,35.9263],[136.1323,35.9261],[136.133,35.9258],[136.133,35.9257],[136.133,35.9252],[136.133,35.925],[136.1327,35.925],[136.1325,35.925],[136.1321,35.9249],[136.1312,35.9247],[136.1307,35.9247],[136.1301,35.9248],[136.1297,35.9248],[136.1288,35.9246],[136.1287,35.9246],[136.1288,35.9245],[136.1292,35.9239],[136.1293,35.9235],[136.1293,35.923],[136.1292,35.922],[136.1292,35.9215],[136.129,35.9213],[136.1289,35.9212],[136.1284,35.9211],[136.1283,35.9209],[136.1282,35.9204],[136.1282,35.9203],[136.1282,35.9198],[136.1281,35.9193],[136.1279,35.9189],[136.1276,35.9186],[136.1266,35.9178],[136.1261,35.9173],[136.126,35.9171],[136.1259,35.917],[136.126,35.9167],[136.126,35.9164],[136.1259,35.9161],[136.1257,35.916],[136.1254,35.9159],[136.125,35.9158],[136.1248,35.9157],[136.1242,35.9159],[136.1241,35.9159],[136.124,35.9159],[136.1238,35.9158],[136.1235,35.9156],[136.1234,35.9155],[136.1226,35.9155],[136.1221,35.9156],[136.1216,35.9159],[136.1214,35.916],[136.1213,35.916],[136.121,35.9159],[136.1205,35.9157],[136.1203,35.9157],[136.12,35.9157],[136.1189,35.9152],[136.1187,35.915],[136.1179,35.9149],[136.1172,35.9148],[136.117,35.9148],[136.1169,35.9147],[136.1169,35.9145],[136.1169,35.9141],[136.117,35.9137],[136.117,35.9132],[136.1169,35.9129],[136.1169,35.9127],[136.1167,35.9121],[136.1167,35.912],[136.1166,35.912],[136.1167,35.9118],[136.1167,35.9117],[136.1167,35.9116],[136.1167,35.9112],[136.1167,35.9111],[136.1166,35.911],[136.1161,35.9109],[136.1158,35.9109],[136.1155,35.9108],[136.1154,35.9108],[136.1151,35.911],[136.1149,35.9111],[136.1146,35.9111],[136.1143,35.911],[136.1141,35.911],[136.1138,35.911],[136.1135,35.9111],[136.1131,35.9112],[136.1128,35.9113],[136.1127,35.9114],[136.1125,35.9115],[136.1122,35.9118],[136.1119,35.9121],[136.1117,35.9124],[136.1114,35.9127],[136.1111,35.9129],[136.1107,35.913],[136.1104,35.913],[136.1103,35.913],[136.1101,35.9129],[136.1099,35.9127],[136.1096,35.9126],[136.1093,35.9125],[136.1091,35.9125],[136.1087,35.9125],[136.1086,35.9124],[136.1083,35.9123],[136.1083,35.9122],[136.1082,35.9121],[136.1081,35.9118],[136.1078,35.9115],[136.1076,35.9113],[136.107,35.911],[136.1065,35.9107],[136.1064,35.9107],[136.1061,35.911],[136.1059,35.9112],[136.1057,35.9114],[136.1054,35.9115],[136.105,35.9115],[136.1048,35.9116],[136.1046,35.9117],[136.1044,35.9119],[136.1043,35.912],[136.1042,35.9121],[136.1039,35.9121],[136.1031,35.9121],[136.1029,35.9121],[136.1028,35.9119],[136.1027,35.9118],[136.1022,35.9114],[136.102,35.9112],[136.1016,35.9108],[136.1012,35.9106],[136.1009,35.9105],[136.1006,35.9104],[136.1003,35.9103],[136.1,35.9104],[136.0999,35.9104],[136.0987,35.9106],[136.0982,35.9106],[136.0979,35.9106],[136.0976,35.9105],[136.0973,35.9105],[136.0966,35.9103],[136.0962,35.9103],[136.0958,35.9102],[136.0956,35.9103],[136.0951,35.9105],[136.0946,35.9106],[136.0942,35.9107],[136.094,35.9107],[136.0938,35.9107],[136.0937,35.9107],[136.0934,35.911],[136.093,35.9115],[136.0927,35.9119],[136.0926,35.9121],[136.0926,35.9122],[136.0927,35.9126],[136.0928,35.9129],[136.0928,35.9131],[136.0927,35.9136],[136.0928,35.9139],[136.0929,35.9144],[136.093,35.9146],[136.0931,35.9147],[136.093,35.9149],[136.0929,35.9154],[136.0928,35.9155],[136.0929,35.9157],[136.0933,35.9161],[136.0933,35.9163],[136.0933,35.9165],[136.0932,35.9167],[136.0931,35.9171],[136.0928,35.9174],[136.0928,35.9175],[136.0925,35.9174],[136.0921,35.9174],[136.0919,35.9173],[136.0917,35.9174],[136.0915,35.9174],[136.091,35.9176],[136.0907,35.9176],[136.0905,35.9177],[136.0901,35.9178],[136.0899,35.918],[136.0897,35.9182],[136.0896,35.9183],[136.0896,35.9185],[136.0897,35.9189],[136.0897,35.9191],[136.0896,35.9192],[136.0895,35.9193],[136.0892,35.9195],[136.089,35.9196],[136.0889,35.9197],[136.0889,35.9198],[136.0889,35.9201],[136.0889,35.9204],[136.0887,35.9207],[136.0886,35.9209],[136.0884,35.9212],[136.0884,35.9214],[136.0884,35.9223],[136.0884,35.9226],[136.0883,35.9228],[136.0881,35.923],[136.088,35.923],[136.0878,35.9229],[136.0876,35.9227],[136.0874,35.9226],[136.0874,35.9225],[136.0872,35.9223],[136.0869,35.9222],[136.0868,35.9221],[136.0863,35.9216],[136.0861,35.9214],[136.0858,35.9213],[136.0857,35.9212],[136.0856,35.921],[136.0855,35.9209],[136.0854,35.9209],[136.0853,35.9209],[136.0853,35.921],[136.0852,35.9213],[136.0851,35.9219],[136.0851,35.9222],[136.0853,35.9225],[136.0855,35.9229],[136.0855,35.923],[136.0854,35.9231],[136.0852,35.9232],[136.0848,35.9233],[136.0845,35.9234],[136.0842,35.9234],[136.084,35.9235],[136.0838,35.9236],[136.0836,35.9237],[136.0833,35.9238],[136.0833,35.9239],[136.0829,35.9239],[136.0826,35.9241],[136.0823,35.9243],[136.082,35.9244],[136.0818,35.9245],[136.0816,35.9247],[136.0814,35.9249],[136.0814,35.925],[136.0812,35.9254],[136.0811,35.9255],[136.0809,35.9256],[136.0808,35.9256],[136.0806,35.9256],[136.0801,35.9254],[136.0798,35.9253],[136.0796,35.9251],[136.0795,35.925],[136.0794,35.925],[136.0793,35.925],[136.0792,35.925],[136.079,35.925],[136.0789,35.9252],[136.0786,35.9255],[136.0785,35.9256],[136.0784,35.9256],[136.0783,35.9256],[136.0782,35.9255],[136.0782,35.9253],[136.078,35.9251],[136.0778,35.925],[136.0777,35.925],[136.0775,35.9249],[136.0773,35.9249],[136.0771,35.9248],[136.077,35.9247],[136.077,35.9246],[136.077,35.9245],[136.077,35.9244],[136.077,35.9243],[136.077,35.9242],[136.0769,35.9239],[136.0768,35.9238],[136.0767,35.9237],[136.0765,35.9237],[136.0763,35.9236],[136.0761,35.9236],[136.0756,35.9233],[136.0754,35.9232],[136.0753,35.9232],[136.075,35.9232],[136.0747,35.9232],[136.0744,35.9232],[136.0743,35.9232],[136.0742,35.9232],[136.0741,35.9232],[136.0741,35.9231],[136.0741,35.923],[136.074,35.9225],[136.074,35.9224],[136.074,35.9222],[136.074,35.9221],[136.0737,35.9219],[136.0735,35.9219],[136.0734,35.9218],[136.0734,35.9217],[136.0734,35.9216],[136.0735,35.9214],[136.0733,35.9213],[136.0733,35.9212],[136.0733,35.921],[136.0733,35.9208],[136.0732,35.9206],[136.0732,35.9205],[136.0733,35.9204],[136.0733,35.9203],[136.0731,35.9198],[136.0731,35.9197],[136.0732,35.9195],[136.0735,35.9192],[136.0736,35.919],[136.0734,35.9189],[136.0731,35.9189],[136.0726,35.9188],[136.0724,35.9189],[136.0722,35.9188],[136.072,35.9186],[136.0717,35.9185],[136.0714,35.9184],[136.0711,35.9183],[136.0709,35.9183],[136.0707,35.9183],[136.0704,35.9183],[136.0703,35.9182],[136.0701,35.918],[136.0699,35.9178],[136.0695,35.9176],[136.0691,35.9175],[136.0688,35.9175],[136.0684,35.9175],[136.0682,35.9177],[136.0679,35.9178],[136.0675,35.9178],[136.0672,35.9178],[136.067,35.9177],[136.0667,35.9175],[136.0667,35.9174],[136.0666,35.9174],[136.0664,35.9173],[136.0661,35.9175],[136.0655,35.9177],[136.0651,35.9179],[136.0647,35.9182],[136.0646,35.9183],[136.0645,35.9183],[136.0643,35.9182],[136.0641,35.918],[136.0638,35.9178],[136.0632,35.9174],[136.0625,35.9172],[136.062,35.9171],[136.0617,35.9171],[136.0615,35.9171],[136.0614,35.9171],[136.0613,35.9172],[136.0611,35.9172],[136.0608,35.9174],[136.0601,35.9176],[136.0599,35.9177],[136.0597,35.9179],[136.0595,35.9181],[136.0593,35.9182],[136.0588,35.9182],[136.0585,35.9183],[136.0584,35.9183],[136.0583,35.9186],[136.0583,35.9189],[136.0581,35.919],[136.0577,35.919],[136.0574,35.919],[136.0569,35.9192],[136.0566,35.9192],[136.0565,35.9191],[136.0562,35.9189],[136.0561,35.9187],[136.056,35.9186],[136.0559,35.9184],[136.0558,35.9183],[136.0557,35.9182],[136.0554,35.9181],[136.0553,35.918],[136.0548,35.9178],[136.0544,35.9177],[136.054,35.9176],[136.0536,35.9176],[136.0531,35.9175],[136.0525,35.9176],[136.0521,35.9176],[136.0519,35.9176],[136.0518,35.9177],[136.0515,35.9178],[136.0513,35.9179],[136.0511,35.918],[136.051,35.9179],[136.0505,35.9178],[136.0504,35.9178],[136.0503,35.9177],[136.0502,35.9176],[136.0501,35.9175],[136.05,35.9174],[136.0499,35.9174],[136.0496,35.9174],[136.0489,35.9173],[136.0486,35.9172],[136.0483,35.9172],[136.0481,35.9172],[136.048,35.9171],[136.0479,35.917],[136.0478,35.9168],[136.0478,35.9167],[136.0475,35.9165],[136.0473,35.9164],[136.0471,35.9162],[136.047,35.9161],[136.0467,35.9158],[136.0466,35.9157],[136.0465,35.9156],[136.0465,35.9154],[136.0464,35.9152],[136.0463,35.9151],[136.0462,35.915],[136.0461,35.9148],[136.0461,35.9147],[136.0459,35.9145],[136.0457,35.9143],[136.0453,35.9142],[136.0451,35.9141],[136.0449,35.9138],[136.0447,35.9135],[136.0445,35.9133],[136.0444,35.9132],[136.0442,35.9131],[136.044,35.9127],[136.0439,35.9126],[136.044,35.9124],[136.044,35.912],[136.0441,35.9118],[136.044,35.9115],[136.0441,35.9113],[136.0441,35.9111],[136.044,35.9108],[136.0438,35.9104],[136.0436,35.9102],[136.0435,35.91],[136.0435,35.9097],[136.0434,35.9094],[136.0433,35.9092],[136.0433,35.909],[136.0434,35.9089],[136.0436,35.9088],[136.0438,35.9088],[136.044,35.9087],[136.044,35.9085],[136.044,35.9083],[136.044,35.9082],[136.044,35.908],[136.0437,35.9071],[136.0437,35.9069],[136.0438,35.9066],[136.0437,35.9064],[136.0435,35.9061],[136.0434,35.9059],[136.0433,35.9056],[136.0431,35.9054],[136.0428,35.9052],[136.0428,35.9051],[136.0425,35.9047],[136.0423,35.9042],[136.0421,35.9039],[136.042,35.9039],[136.0418,35.9039],[136.0417,35.9039],[136.0415,35.9038],[136.0414,35.9036],[136.0413,35.9034],[136.0412,35.9033],[136.0411,35.9033],[136.0409,35.9034],[136.0404,35.9037],[136.0402,35.9038],[136.04,35.9038],[136.0398,35.9038],[136.0393,35.9036],[136.0389,35.9035],[136.0385,35.9036],[136.0382,35.9036],[136.0379,35.9036],[136.0375,35.9036],[136.0373,35.9038],[136.0371,35.9038],[136.037,35.9037],[136.0367,35.9035],[136.0366,35.9034],[136.0364,35.9034],[136.0361,35.9034],[136.0358,35.9033],[136.0356,35.9032],[136.0352,35.903],[136.0344,35.9026],[136.034,35.9024],[136.0339,35.9023],[136.0335,35.9022],[136.0333,35.9021],[136.0331,35.902],[136.0323,35.9015],[136.032,35.9014],[136.0314,35.9012],[136.0309,35.901],[136.0303,35.9009],[136.0296,35.9007],[136.0288,35.9003],[136.0285,35.9002],[136.0281,35.9001],[136.028,35.9001],[136.0279,35.9001],[136.0277,35.9002],[136.0277,35.9003],[136.0276,35.9003],[136.0276,35.9005],[136.0272,35.901],[136.0269,35.9012],[136.0267,35.9015],[136.0264,35.9018],[136.026,35.9022],[136.0259,35.9025],[136.0257,35.9027],[136.0256,35.9026],[136.0254,35.9024],[136.0251,35.9021],[136.025,35.902],[136.0248,35.9018],[136.0247,35.9017],[136.0247,35.9015],[136.0248,35.9014],[136.0247,35.9012],[136.0245,35.9009],[136.0242,35.9007],[136.0241,35.9005],[136.0241,35.9002],[136.024,35.9],[136.024,35.8999],[136.024,35.8997],[136.0241,35.8994],[136.0242,35.8992],[136.0243,35.8989],[136.0242,35.8987],[136.024,35.8986],[136.024,35.8985],[136.024,35.8984],[136.0238,35.8981],[136.0237,35.8974],[136.0235,35.8971],[136.0233,35.8969],[136.023,35.8966],[136.023,35.8965],[136.0231,35.8962],[136.0231,35.8961],[136.0231,35.896],[136.0228,35.8958],[136.0221,35.8955],[136.0218,35.8953],[136.0216,35.8951],[136.0213,35.8949],[136.0212,35.8949],[136.0209,35.8947],[136.0206,35.8947],[136.0204,35.8947],[136.0202,35.8946],[136.0201,35.8945],[136.02,35.8941],[136.02,35.8938],[136.02,35.8935],[136.0201,35.8932],[136.0203,35.893],[136.0206,35.8928],[136.0207,35.8927],[136.0207,35.8924],[136.0207,35.892],[136.0205,35.8918],[136.0205,35.8917],[136.0204,35.8915],[136.0204,35.8912],[136.0204,35.8907],[136.0204,35.8906],[136.0203,35.89],[136.0204,35.8895],[136.0206,35.8888],[136.0202,35.8886],[136.02,35.8885],[136.0197,35.8882],[136.0194,35.8882],[136.0192,35.8882],[136.019,35.8881],[136.0188,35.8881],[136.0187,35.8879],[136.0188,35.8877],[136.019,35.8875],[136.0192,35.8873],[136.0193,35.887],[136.0194,35.8866],[136.0195,35.8864],[136.0196,35.8863],[136.0196,35.886],[136.0195,35.8856],[136.0194,35.8855],[136.0192,35.8854],[136.0191,35.8853],[136.0191,35.8852],[136.0191,35.8851],[136.0193,35.8849],[136.0194,35.8849],[136.0195,35.8848],[136.0198,35.8844],[136.02,35.8841],[136.02,35.8839],[136.02,35.8838],[136.0197,35.8835],[136.0195,35.8833],[136.0194,35.8833],[136.0192,35.8831],[136.0192,35.8828],[136.0193,35.8825],[136.0193,35.8823],[136.0193,35.882],[136.0192,35.8818],[136.0192,35.8817],[136.0193,35.8815],[136.0194,35.8813],[136.0194,35.8809],[136.0195,35.8807],[136.0194,35.8806],[136.0192,35.8804],[136.0191,35.8803],[136.019,35.8802],[136.019,35.8801],[136.0192,35.8797],[136.0195,35.8794],[136.0196,35.8792],[136.0197,35.8791],[136.0197,35.8789]]]},"properties":{"N03_001":"福井県","N03_002":"","N03_003":"","N03_004":"越前市","N03_007":"18209"}},
{"type":"Feature","geometry":{"type":"Polygon","coordinates":[[[136.1,36.1729],[136.1038,36.171],[136.1049,36.1705],[136.1051,36.1704],[136.1056,36.1701],[136.1059,36.17],[136.1065,36.1698],[136.107,36.1695],[136.1073,36.1694],[136.1077,36.1693],[136.1083,36.1691],[136.1086,36.1691],[136.1095,36.1688],[136.1101,36.1686],[136.1111,36.1684],[136.1114,36.1683],[136.1123,36.168],[136.113,36.1678],[136.1135,36.1677],[136.1146,36.1674],[136.1157,36.167],[136.1165,36.1668],[136.1167,36.1667],[136.1169,36.1667],[136.1173,36.1666],[136.1179,36.1663],[136.118,36.1663],[136.1189,36.166],[136.1194,36.1659],[136.1196,36.1658],[136.1198,36.1657],[136.1201,36.1655],[136.1204,36.1653],[136.121,36.1651],[136.1212,36.165],[136.1214,36.165],[136.1216,36.1649],[136.1218,36.1648],[136.122,36.1648],[136.1221,36.1647],[136.1229,36.1643],[136.1236,36.164],[136.1238,36.1639],[136.1241,36.1638],[136.1248,36.1635],[136.125,36.1634],[136.125,36.1633],[136.1252,36.1632],[136.1256,36.163],[136.1258,36.1629],[136.126,36.1628],[136.1259,36.1626],[136.1256,36.1623],[136.1257,36.1622],[136.1255,36.1621],[136.1259,36.1618],[136.1266,36.1614],[136.1267,36.1613],[136.1267,36.1612],[136.1266,36.1611],[136.1259,36.1604],[136.1258,36.1604],[136.1255,36.1601],[136.1257,36.16],[136.1258,36.1601],[136.1261,36.1599],[136.1264,36.1597],[136.1265,36.1597],[136.126,36.1593],[136.1257,36.1591],[136.1256,36.159],[136.1255,36.159],[136.1254,36.1589],[136.1253,36.1587],[136.1252,36.1585],[136.1252,36.1584],[136.1253,36.1584],[136.1253,36.1583],[136.1254,36.1583],[136.1255,36.158],[136.1256,36.158],[136.1258,36.158],[136.1264,36.1582],[136.1265,36.1582],[136.1266,36.1582],[136.1271,36.1583],[136.1271,36.1584],[136.1275,36.1584],[136.1276,36.1583],[136.1276,36.1581],[136.1281,36.1582],[136.1288,36.1583],[136.1289,36.1584],[136.1293,36.1584],[136.1296,36.1585],[136.1298,36.1586],[136.1302,36.1586],[136.1303,36.1586],[136.1299,36.1599],[136.1299,36.1601],[136.1298,36.1603],[136.1298,36.1604],[136.131,36.1606],[136.1309,36.1608],[136.1308,36.1612],[136.1308,36.1614],[136.1307,36.1618],[136.1306,36.162],[136.1306,36.1621],[136.1306,36.1622],[136.1304,36.1622],[136.1302,36.1621],[136.1301,36.1621],[136.1295,36.162],[136.1294,36.1621],[136.1292,36.1622],[136.1288,36.1625],[136.1286,36.1626],[136.1286,36.1627],[136.1289,36.1629],[136.1294,36.1635],[136.1292,36.1637],[136.1294,36.1638],[136.1297,36.1642],[136.13,36.1644],[136.1301,36.1645],[136.131,36.1638],[136.1312,36.164],[136.1317,36.1645],[136.1319,36.1646],[136.132,36.1647],[136.1325,36.1652],[136.1326,36.1652],[136.1327,36.1654],[136.1328,36.1655],[136.1326,36.1656],[136.1324,36.1658],[136.1332,36.1666],[136.1332,36.1667],[136.1333,36.1668],[136.1337,36.1671],[136.1338,36.1672],[136.1336,36.1673],[136.1335,36.1674],[136.1336,36.1676],[136.134,36.168],[136.1342,36.1682],[136.1341,36.1683],[136.1344,36.1686],[136.1348,36.169],[136.1351,36.1693],[136.1353,36.1695],[136.1354,36.1696],[136.1355,36.1696],[136.1356,36.1697],[136.1361,36.1698],[136.1364,36.1698],[136.1365,36.1698],[136.1367,36.1698],[136.1368,36.1698],[136.1375,36.1699],[136.1379,36.1699],[136.1381,36.1699],[136.1381,36.17],[136.1382,36.1701],[136.1382,36.1703],[136.1381,36.1707],[136.1381,36.1708],[136.1381,36.1711],[136.1381,36.1713],[136.1381,36.1714],[136.1381,36.1715],[136.138,36.172],[136.138,36.1721],[136.1382,36.1721],[136.1388,36.1721],[136.1391,36.1721],[136.1391,36.172],[136.1391,36.1718],[136.1391,36.1717],[136.1392,36.1715],[136.1394,36.1711],[136.1395,36.1708],[136.1395,36.1706],[136.1397,36.1705],[136.1397,36.1703],[136.1397,36.1698],[136.1397,36.1695],[136.1399,36.1693],[136.1399,36.1692],[136.1399,36.1691],[136.1396,36.1691],[136.1389,36.1691],[136.1381,36.1691],[136.1378,36.1691],[136.1378,36.169],[136.1378,36.1689],[136.1378,36.1685],[136.1378,36.1684],[136.138,36.1684],[136.1381,36.1683],[136.1381,36.1682],[136.1381,36.1674],[136.1381,36.1669],[136.1381,36.1668],[136.1381,36.1667],[136.1382,36.1654],[136.1382,36.1652],[136.1382,36.1641],[136.1382,36.164],[136.1382,36.1633],[136.1382,36.1632],[136.1387,36.1632],[136.1392,36.1632],[136.1392,36.1626],[136.1395,36.1626],[136.1395,36.1632],[136.1397,36.1632],[136.1401,36.1633],[136.1405,36.1633],[136.1414,36.1633],[136.1417,36.1633],[136.142,36.1633],[136.1427,36.1633],[136.1434,36.1633],[136.1436,36.1633],[136.1442,36.1634],[136.1449,36.1634],[136.1455,36.1634],[136.1461,36.1634],[136.1467,36.1634],[136.1469,36.1634],[136.1474,36.1634],[136.1479,36.1634],[136.1479,36.1638],[136.1481,36.1638],[136.1488,36.1639],[136.1487,36.164],[136.1486,36.164],[136.1485,36.1641],[136.1485,36.1642],[136.1486,36.1643],[136.1489,36.1645],[136.149,36.1646],[136.1491,36.1647],[136.1492,36.1647],[136.1492,36.1648],[136.1489,36.165],[136.1489,36.1651],[136.149,36.1653],[136.1491,36.1654],[136.1493,36.1655],[136.1494,36.1656],[136.1497,36.1658],[136.15,36.166],[136.1501,36.1661],[136.1503,36.1661],[136.1511,36.1666],[136.1512,36.1667],[136.1516,36.1669],[136.1518,36.1667],[136.1519,36.1667],[136.152,36.1666],[136.1521,36.1665],[136.1525,36.1663],[136.1528,36.166],[136.1533,36.1658],[136.1534,36.1657],[136.1535,36.1656],[136.1539,36.1654],[136.1544,36.1652],[136.1549,36.165],[136.1551,36.1649],[136.1552,36.1649],[136.1557,36.1646],[136.1562,36.1644],[136.1567,36.1642],[136.1572,36.1639],[136.1575,36.1637],[136.1578,36.1634],[136.158,36.1632],[136.1583,36.1629],[136.1584,36.1629],[136.1588,36.1625],[136.1592,36.1622],[136.1595,36.1619],[136.1598,36.1616],[136.16,36.1613],[136.1601,36.1613],[136.1604,36.1608],[136.1608,36.1604],[136.161,36.1601],[136.1612,36.1597],[136.1614,36.1595],[136.1616,36.1592],[136.1619,36.1588],[136.1621,36.1584],[136.1622,36.1583],[136.1623,36.1581],[136.1624,36.1578],[136.1626,36.1574],[136.1629,36.1567],[136.1631,36.1562],[136.1633,36.1556],[136.1635,36.1549],[136.1636,36.1546],[136.1636,36.1545],[136.1636,36.154],[136.1637,36.1535],[136.1638,36.1532],[136.1639,36.1524],[136.164,36.1517],[136.164,36.1515],[136.164,36.1511],[136.1641,36.1507],[136.1642,36.1502],[136.1642,36.15],[136.1643,36.1497],[136.1643,36.1493],[136.1644,36.1488],[136.1645,36.1484],[136.1646,36.1482],[136.1647,36.1479],[136.1648,36.1475],[136.1649,36.1471],[136.165,36.1468],[136.1651,36.1466],[136.1652,36.1463],[136.1654,36.146],[136.1656,36.1457],[136.1658,36.1454],[136.166,36.1451],[136.1662,36.1448],[136.1665,36.1445],[136.1667,36.1443],[136.1668,36.1442],[136.1671,36.1439],[136.1676,36.1435],[136.1679,36.1433],[136.1681,36.1431],[136.1685,36.1429],[136.1689,36.1426],[136.1693,36.1423],[136.1699,36.142],[136.1704,36.1417],[136.1705,36.1417],[136.171,36.1414],[136.1715,36.1412],[136.1718,36.141],[136.1723,36.1408],[136.1728,36.1406],[136.1733,36.1403],[136.1738,36.1401],[136.1741,36.1399],[136.1743,36.1398],[136.1745,36.1397],[136.175,36.1394],[136.1751,36.1394],[136.1754,36.1392],[136.1756,36.1389],[136.1757,36.1389],[136.176,36.1386],[136.1763,36.1384],[136.1765,36.1382],[136.1766,36.1381],[136.1766,36.138],[136.1767,36.1379],[136.1768,36.1377],[136.1771,36.1374],[136.1773,36.1369],[136.1775,36.1365],[136.1776,36.1363],[136.1776,36.1361],[136.1776,36.1359],[136.1777,36.1355],[136.1778,36.1352],[136.1778,36.135],[136.1778,36.1342],[136.1778,36.1341],[136.1778,36.1337],[136.178,36.1337],[136.1786,36.1336],[136.1792,36.1336],[136.1794,36.1336],[136.1798,36.1335],[136.1801,36.1335],[136.1805,36.1335],[136.1807,36.1335],[136.1808,36.1335],[136.1811,36.1335],[136.1813,36.1335],[136.1816,36.1333],[136.1823,36.1331],[136.1833,36.1326],[136.1844,36.1322],[136.1856,36.1317],[136.1859,36.1316],[136.1864,36.1314],[136.1867,36.1312],[136.1872,36.131],[136.1877,36.1308],[136.1881,36.1306],[136.1885,36.1305],[136.1888,36.1305],[136.1895,36.1305],[136.1899,36.1306],[136.1903,36.1306],[136.1904,36.1306],[136.1912,36.1305],[136.1917,36.1305],[136.1917,36.1304],[136.1918,36.1304],[136.1919,36.1303],[136.1919,36.1302],[136.1919,36.13],[136.1918,36.1293],[136.1918,36.129],[136.1918,36.1287],[136.1919,36.1286],[136.1918,36.1285],[136.1918,36.1284],[136.1918,36.1282],[136.1918,36.1281],[136.1919,36.1281],[136.192,36.1281],[136.1921,36.128],[136.1922,36.1278],[136.1924,36.1274],[136.1926,36.1272],[136.1927,36.127],[136.1929,36.127],[136.193,36.127],[136.1935,36.127],[136.1937,36.127],[136.1939,36.127],[136.194,36.1269],[136.1941,36.1268],[136.1942,36.1265],[136.1942,36.1262],[136.1942,36.1261],[136.1941,36.126],[136.1941,36.1259],[136.1941,36.1258],[136.1941,36.1256],[136.1941,36.1255],[136.1942,36.1254],[136.1942,36.1253],[136.1942,36.1251],[136.1942,36.125],[136.1942,36.1245],[136.1938,36.1246],[136.1937,36.1247],[136.1935,36.1246],[136.1932,36.1246],[136.1931,36.1247],[136.1931,36.1246],[136.1931,36.1245],[136.1931,36.1244],[136.1932,36.1243],[136.1935,36.124],[136.1937,36.1238],[136.1941,36.1235],[136.1942,36.1235],[136.1946,36.1233],[136.1949,36.1231],[136.1952,36.123],[136.1954,36.1228],[136.1958,36.1227],[136.1967,36.1222],[136.1968,36.1221],[136.1973,36.1218],[136.1976,36.1217],[136.1979,36.1215],[136.1983,36.1214],[136.1985,36.1213],[136.1987,36.1213],[136.1988,36.1212],[136.199,36.1212],[136.1994,36.1211],[136.1997,36.1211],[136.1999,36.1211],[136.2,36.1211],[136.2001,36.1211],[136.2002,36.1211],[136.2007,36.1211],[136.2014,36.121],[136.2019,36.121],[136.2021,36.121],[136.203,36.1209],[136.2033,36.1209],[136.2038,36.1209],[136.204,36.1211],[136.2043,36.1213],[136.2046,36.1216],[136.2048,36.1217],[136.2049,36.1218],[136.2053,36.1219],[136.2059,36.1221],[136.2062,36.1221],[136.2063,36.1222],[136.2065,36.1222],[136.2067,36.1223],[136.2075,36.1218],[136.2083,36.1213],[136.2085,36.1211],[136.2091,36.1207],[136.2094,36.1205],[136.2095,36.1205],[136.2097,36.1205],[136.2101,36.1205],[136.2109,36.1205],[136.2116,36.1205],[136.2123,36.1205],[136.2127,36.1206],[136.2133,36.1207],[136.2136,36.1207],[136.2145,36.1207],[136.2149,36.1207],[136.2152,36.1207],[136.2156,36.1207],[136.2158,36.1208],[136.2163,36.1208],[136.2167,36.1209],[136.2169,36.1209],[136.2178,36.1209],[136.2183,36.1209],[136.2186,36.1209],[136.2188,36.1209],[136.2191,36.1209],[136.2193,36.1209],[136.2196,36.1209],[136.22,36.1209],[136.2202,36.1209],[136.2207,36.1209],[136.2209,36.1209],[136.2212,36.1209],[136.2217,36.1208],[136.2227,36.1208],[136.223,36.1208],[136.2242,36.1208],[136.2245,36.1208],[136.2249,36.1208],[136.225,36.1208],[136.2261,36.1208],[136.2269,36.1208],[136.2271,36.1207],[136.2274,36.1207],[136.2277,36.1207],[136.228,36.1207],[136.2284,36.1207],[136.2287,36.1208],[136.2292,36.1208],[136.2297,36.1209],[136.2298,36.1209],[136.23,36.1209],[136.2304,36.1208],[136.2307,36.1208],[136.2307,36.1207],[136.2308,36.1207],[136.2309,36.1205],[136.231,36.1202],[136.2309,36.1202],[136.2309,36.1201],[136.2309,36.1199],[136.2309,36.1195],[136.2309,36.1194],[136.2311,36.1193],[136.2313,36.1193],[136.2317,36.1192],[136.2321,36.1191],[136.2322,36.1191],[136.2323,36.1191],[136.2326,36.119],[136.2328,36.1189],[136.2331,36.1189],[136.2333,36.1188],[136.2335,36.1188],[136.2339,36.1187],[136.2342,36.1186],[136.2346,36.1186],[136.2351,36.1187],[136.2352,36.1187],[136.2355,36.1187],[136.2367,36.1187],[136.2372,36.1187],[136.2373,36.1188],[136.2372,36.1191],[136.2373,36.1192],[136.2373,36.1193],[136.2376,36.1194],[136.2378,36.1194],[136.238,36.1195],[136.2382,36.1195],[136.2383,36.1196],[136.2383,36.1199],[136.2387,36.1201],[136.239,36.1197],[136.2393,36.1198],[136.2397,36.1199],[136.2403,36.12],[136.2406,36.1201],[136.2408,36.1202],[136.241,36.1202],[136.2413,36.1203],[136.2417,36.1204],[136.2419,36.1205],[136.2423,36.1206],[136.2429,36.1207],[136.2438,36.1207],[136.2442,36.1207],[136.2448,36.1208],[136.2449,36.1208],[136.245,36.1208],[136.2455,36.1208],[136.2456,36.1208],[136.2456,36.1207],[136.2456,36.1203],[136.2456,36.1195],[136.2456,36.1187],[136.2456,36.1182],[136.2471,36.1183],[136.2481,36.1183],[136.2481,36.1196],[136.2481,36.1199],[136.2482,36.1203],[136.2485,36.1204],[136.2486,36.1206],[136.2488,36.1207],[136.2489,36.1208],[136.249,36.1209],[136.2491,36.121],[136.2494,36.121],[136.2495,36.121],[136.2497,36.1211],[136.2497,36.1213],[136.25,36.1213],[136.2502,36.1213],[136.2504,36.1213],[136.2505,36.1214],[136.2506,36.1215],[136.2507,36.1216],[136.2507,36.1221],[136.2508,36.1222],[136.2508,36.1223],[136.2509,36.1224],[136.2511,36.1225],[136.2514,36.1225],[136.2515,36.1226],[136.2516,36.1229],[136.2517,36.123],[136.2517,36.1231],[136.2518,36.1233],[136.2519,36.1234],[136.2521,36.1235],[136.2526,36.1235],[136.2528,36.1235],[136.2529,36.1235],[136.2531,36.1236],[136.2535,36.1236],[136.2541,36.1236],[136.2542,36.1229],[136.2542,36.1227],[136.2542,36.1223],[136.2542,36.1222],[136.2544,36.1213],[136.2545,36.1207],[136.2545,36.1204],[136.2546,36.1203],[136.2547,36.1202],[136.2548,36.12],[136.2549,36.1199],[136.2553,36.1197],[136.2554,36.1196],[136.2554,36.1195],[136.2553,36.1193],[136.2553,36.1192],[136.2552,36.1191],[136.255,36.119],[136.2549,36.119],[136.2548,36.1189],[136.2546,36.1188],[136.2545,36.1188],[136.2544,36.1187],[136.2543,36.1185],[136.2542,36.1183],[136.254,36.1181],[136.254,36.1174],[136.254,36.1169],[136.254,36.1167],[136.2541,36.1163],[136.254,36.1162],[136.254,36.116],[136.254,36.1158],[136.254,36.1157],[136.254,36.1156],[136.254,36.1153],[136.254,36.1151],[136.2541,36.1149],[136.2541,36.1147],[136.2541,36.1146],[136.2541,36.1145],[136.2541,36.1143],[136.2542,36.1142],[136.2543,36.1142],[136.2546,36.114],[136.2549,36.1138],[136.2551,36.1136],[136.2553,36.1134],[136.2555,36.1132],[136.2555,36.1129],[136.2555,36.1128],[136.2555,36.1125],[136.2554,36.1124],[136.2553,36.1122],[136.2553,36.1121],[136.2552,36.1119],[136.2551,36.1114],[136.255,36.1112],[136.2549,36.1106],[136.2548,36.1104],[136.2548,36.1103],[136.2547,36.1103],[136.2547,36.1101],[136.2546,36.1098],[136.2546,36.1096],[136.2546,36.1095],[136.2545,36.1094],[136.2545,36.1093],[136.2542,36.1083],[136.2541,36.1082],[136.2541,36.108],[136.2539,36.1075],[136.2537,36.1069],[136.2537,36.1067],[136.2537,36.1066],[136.2537,36.1065],[136.2541,36.1064],[136.2545,36.1063],[136.2548,36.1063],[136.2551,36.1063],[136.2556,36.1064],[136.2558,36.1063],[136.256,36.1063],[136.2566,36.1061],[136.2568,36.106],[136.2568,36.1058],[136.2568,36.1053],[136.2568,36.1051],[136.2569,36.1049],[136.2572,36.1049],[136.2575,36.1049],[136.2577,36.1049],[136.2579,36.1049],[136.2583,36.1049],[136.2589,36.1049],[136.2593,36.1049],[136.2597,36.105],[136.2598,36.105],[136.2601,36.1051],[136.2602,36.1051],[136.2609,36.1052],[136.2612,36.1052],[136.262,36.1052],[136.2625,36.1052],[136.2631,36.1052],[136.2634,36.1052],[136.2638,36.1052],[136.2641,36.1052],[136.2644,36.1051],[136.2647,36.1051],[136.2654,36.1049],[136.2658,36.1048],[136.2667,36.1046],[136.2671,36.1045],[136.2678,36.1044],[136.2683,36.1043],[136.2692,36.1042],[136.2693,36.1042],[136.2694,36.1041],[136.27,36.1041],[136.2701,36.1041],[136.2715,36.1055],[136.273,36.1072],[136.2736,36.1072],[136.274,36.1081],[136.2746,36.1085],[136.2745,36.1092],[136.2756,36.1093],[136.2752,36.1107],[136.2755,36.1108],[136.2757,36.1113],[136.2764,36.1114],[136.2775,36.1115],[136.2807,36.112],[136.2806,36.1134],[136.2807,36.1135],[136.2814,36.1135],[136.2813,36.115],[136.2805,36.1186],[136.2801,36.1203],[136.2798,36.1208],[136.2805,36.1209],[136.2811,36.1207],[136.2853,36.1196],[136.2852,36.1193],[136.2846,36.1179],[136.2852,36.1177],[136.2849,36.1168],[136.2851,36.1167],[136.2847,36.1158],[136.2849,36.1157],[136.2845,36.1149],[136.2851,36.1148],[136.2846,36.1137],[136.2839,36.1126],[136.284,36.1121],[136.284,36.1112],[136.2871,36.1111],[136.2873,36.1123],[136.2868,36.1125],[136.2869,36.1127],[136.2863,36.1129],[136.2868,36.1138],[136.2866,36.1139],[136.2871,36.115],[136.2889,36.1145],[136.2893,36.1152],[136.2898,36.115],[136.2904,36.116],[136.2922,36.1154],[136.2917,36.1145],[136.2925,36.1142],[136.2922,36.1135],[136.2939,36.1131],[136.2942,36.1136],[136.2963,36.113],[136.2973,36.1125],[136.2987,36.1115],[136.2984,36.1109],[136.2977,36.1096],[136.2971,36.1093],[136.2973,36.1087],[136.2969,36.1086],[136.2964,36.1077],[136.2962,36.1073],[136.2973,36.1071],[136.2979,36.107],[136.2989,36.1068],[136.3003,36.1063],[136.3025,36.1054],[136.3051,36.1044],[136.3063,36.1038],[136.3076,36.1037],[136.3095,36.1036],[136.3106,36.1035],[136.3122,36.1034],[136.3126,36.1038],[136.314,36.1038],[136.3146,36.1037],[136.3155,36.1037],[136.3156,36.1032],[136.316,36.1031],[136.3173,36.1024],[136.3176,36.1023],[136.3183,36.1023],[136.3195,36.1024],[136.3214,36.1027],[136.323,36.1028],[136.3231,36.1029],[136.3231,36.1035],[136.3226,36.1049],[136.3236,36.1051],[136.3233,36.106],[136.3238,36.1062],[136.3245,36.1067],[136.3256,36.1069],[136.3261,36.1069],[136.3271,36.1072],[136.3278,36.1072],[136.3282,36.1073],[136.3289,36.1077],[136.3299,36.1082],[136.3309,36.1084],[136.3314,36.109],[136.332,36.1093],[136.3329,36.1096],[136.3331,36.1098],[136.3339,36.111],[136.3343,36.1113],[136.3343,36.1117],[136.3348,36.1121],[136.3352,36.1122],[136.3359,36.1124],[136.3364,36.1123],[136.3374,36.112],[136.3384,36.1113],[136.339,36.111],[136.3394,36.1109],[136.3406,36.1112],[136.3418,36.1112],[136.3429,36.111],[136.3432,36.111],[136.3436,36.1113],[136.3444,36.1121],[136.3449,36.1129],[136.3453,36.1133],[136.3459,36.1138],[136.3466,36.1136],[136.3476,36.1134],[136.3479,36.1135],[136.3482,36.114],[136.3487,36.1142],[136.3491,36.1144],[136.3495,36.115],[136.3501,36.1154],[136.351,36.1153],[136.3521,36.1156],[136.3529,36.1155],[136.3533,36.1156],[136.3538,36.1162],[136.3544,36.1164],[136.3554,36.1169],[136.3556,36.1174],[136.356,36.1178],[136.3561,36.1187],[136.3565,36.1195],[136.357,36.1203],[136.3574,36.1207],[136.3581,36.121],[136.3585,36.1219],[136.3589,36.1222],[136.3592,36.1225],[136.3596,36.1232],[136.3598,36.1238],[136.3601,36.1241],[136.3602,36.1245],[136.3603,36.1251],[136.3603,36.1255],[136.3601,36.1261],[136.3601,36.1269],[136.3602,36.1274],[136.3606,36.1277],[136.3613,36.128],[136.3619,36.1287],[136.3624,36.1284],[136.3628,36.1283],[136.3635,36.1285],[136.3646,36.1286],[136.3657,36.1286],[136.3667,36.129],[136.3679,36.1293],[136.3687,36.1292],[136.3695,36.1293],[136.3705,36.1295],[136.371,36.1298],[136.3717,36.1301],[136.3719,36.1297],[136.3721,36.1292],[136.3725,36.1286],[136.373,36.1284],[136.3733,36.1282],[136.3743,36.1271],[136.3753,36.1262],[136.3758,36.1259],[136.3764,36.1259],[136.3771,36.1261],[136.3775,36.1261],[136.3781,36.126],[136.3786,36.1261],[136.3797,36.1264],[136.3806,36.1266],[136.3826,36.1268],[136.3848,36.1269],[136.3853,36.1268],[136.386,36.1265],[136.3863,36.1263],[136.3866,36.1259],[136.3872,36.1256],[136.3877,36.1255],[136.3888,36.1256],[136.3893,36.1257],[136.3897,36.1256],[136.3901,36.1253],[136.391,36.1248],[136.3915,36.1247],[136.3924,36.1249],[136.3928,36.1249],[136.3938,36.1254],[136.3948,36.1251],[136.3952,36.1249],[136.3955,36.1246],[136.3958,36.1245],[136.3961,36.125],[136.3965,36.1251],[136.3974,36.1251],[136.3987,36.1248],[136.3994,36.125],[136.4,36.1255],[136.4003,36.126],[136.4011,36.1266],[136.4019,36.1276],[136.4024,36.1279],[136.4034,36.1279],[136.4041,36.1281],[136.405,36.1281],[136.4069,36.1284],[136.4077,36.1286],[136.4086,36.1287],[136.4096,36.1291],[136.4111,36.1295],[136.4125,36.13],[136.4134,36.1303],[136.4149,36.1309],[136.4158,36.1313],[136.4173,36.1314],[136.4181,36.1316],[136.419,36.132],[136.4195,36.1323],[136.4204,36.1325],[136.4215,36.1327],[136.4231,36.1331],[136.4237,36.1331],[136.4246,36.1332],[136.4253,36.1337],[136.4259,36.1333],[136.4262,36.1331],[136.4274,36.1331],[136.429,36.1321],[136.4292,36.1322],[136.4296,36.1326],[136.4306,36.1332],[136.431,36.1333],[136.4318,36.1334],[136.4322,36.1332],[136.4326,36.1333],[136.4329,36.1334],[136.4339,36.1343],[136.4349,36.1344],[136.4352,36.1344],[136.4362,36.1341],[136.4368,36.1338],[136.4371,36.1338],[136.4379,36.134],[136.4391,36.1347],[136.4396,36.1348],[136.44,36.1358],[136.4399,36.1361],[136.4399,36.1367],[136.4404,36.1374],[136.4401,36.1377],[136.4394,36.1382],[136.4391,36.1394],[136.4385,36.1402],[136.4387,36.1411],[136.4386,36.1417],[136.4383,36.1421],[136.4378,36.1423],[136.437,36.1425],[136.4355,36.1428],[136.4349,36.1428],[136.4344,36.1428],[136.4339,36.1431],[136.4333,36.1432],[136.4318,36.1435],[136.4314,36.1439],[136.4308,36.1449],[136.4304,36.1453],[136.4302,36.1458],[136.4297,36.1463],[136.4288,36.1468],[136.4281,36.1471],[136.4278,36.1473],[136.4278,36.1479],[136.4275,36.1484],[136.4268,36.1489],[136.4267,36.1497],[136.427,36.1507],[136.4267,36.1513],[136.426,36.1519],[136.4254,36.153],[136.4247,36.1536],[136.4245,36.1543],[136.4242,36.1546],[136.4227,36.1549],[136.4213,36.1547],[136.4201,36.1548],[136.4198,36.1549],[136.4192,36.1555],[136.4184,36.1555],[136.4176,36.1557],[136.4168,36.1555],[136.416,36.1558],[136.4153,36.1564],[136.4143,36.1566],[136.4141,36.1571],[136.4135,36.158],[136.413,36.1595],[136.4126,36.1598],[136.4116,36.1601],[136.4114,36.1607],[136.412,36.1616],[136.412,36.1622],[136.4123,36.1628],[136.4123,36.1632],[136.4123,36.1641],[136.4127,36.1648],[136.4129,36.1657],[136.4133,36.1666],[136.4133,36.167],[136.4126,36.1685],[136.412,36.169],[136.4118,36.1694],[136.4116,36.1698],[136.4104,36.17],[136.41,36.1705],[136.4095,36.1715],[136.4093,36.1722],[136.4082,36.1719],[136.4075,36.1717],[136.4066,36.1713],[136.406,36.1707],[136.4054,36.1704],[136.4048,36.1703],[136.4035,36.1704],[136.4017,36.1706],[136.4004,36.1706],[136.3977,36.1705],[136.3968,36.1704],[136.3963,36.1701],[136.3951,36.1692],[136.3946,36.1689],[136.393,36.1684],[136.3922,36.1682],[136.3911,36.1677],[136.3907,36.1675],[136.3899,36.1674],[136.3888,36.1677],[136.3871,36.1675],[136.3867,36.1672],[136.3858,36.1677],[136.3848,36.1678],[136.3843,36.168],[136.3834,36.1684],[136.3822,36.1684],[136.3809,36.1687],[136.3806,36.1687],[136.3797,36.1683],[136.3791,36.1683],[136.3788,36.1685],[136.3768,36.1692],[136.3756,36.1695],[136.374,36.17],[136.3734,36.1701],[136.3717,36.1698],[136.3704,36.1699],[136.3689,36.1698],[136.3685,36.1696],[136.368,36.1691],[136.3674,36.1688],[136.3673,36.1685],[136.367,36.1673],[136.3667,36.1669],[136.3659,36.1662],[136.3655,36.1661],[136.3644,36.166],[136.3638,36.1662],[136.3633,36.1662],[136.3625,36.166],[136.3616,36.166],[136.3606,36.1655],[136.3597,36.1653],[136.3593,36.1653],[136.3587,36.1653],[136.3583,36.1651],[136.358,36.1651],[136.3573,36.1658],[136.3568,36.1663],[136.3563,36.1669],[136.3556,36.1681],[136.3551,36.1688],[136.3546,36.1691],[136.354,36.1693],[136.353,36.1694],[136.352,36.1693],[136.3514,36.1693],[136.35,36.1701],[136.3489,36.1705],[136.3484,36.1707],[136.348,36.1713],[136.3473,36.1717],[136.3462,36.1723],[136.3449,36.1726],[136.3441,36.173],[136.3438,36.1734],[136.343,36.1741],[136.3425,36.1745],[136.3421,36.1749],[136.3421,36.1752],[136.3417,36.1759],[136.3416,36.1769],[136.3412,36.1775],[136.341,36.1781],[136.3408,36.1782],[136.3406,36.1789],[136.3402,36.1794],[136.3394,36.18],[136.3392,36.1805],[136.3393,36.1808],[136.3393,36.1813],[136.3389,36.1819],[136.3384,36.1824],[136.3376,36.1837],[136.3372,36.1841],[136.3363,36.1843],[136.3359,36.1846],[136.3357,36.1849],[136.3356,36.1854],[136.3358,36.1858],[136.3358,36.1867],[136.3362,36.1873],[136.3364,36.1878],[136.3368,36.1887],[136.3368,36.1891],[136.3366,36.1896],[136.3366,36.1901],[136.337,36.1908],[136.3368,36.1917],[136.3363,36.193],[136.3361,36.1941],[136.336,36.1946],[136.3353,36.1948],[136.3344,36.1949],[136.3335,36.1951],[136.3328,36.1957],[136.3325,36.1964],[136.3322,36.1968],[136.3324,36.198],[136.3323,36.1987],[136.332,36.1998],[136.3317,36.2003],[136.3312,36.2009],[136.3302,36.2013],[136.3296,36.2017],[136.3294,36.202],[136.329,36.2018],[136.3285,36.2014],[136.3278,36.2006],[136.3265,36.2004],[136.3259,36.2002],[136.3253,36.1997],[136.3246,36.1994],[136.3239,36.1989],[136.3236,36.1989],[136.3225,36.199],[136.3206,36.1991],[136.3199,36.1986],[136.3195,36.1982],[136.3188,36.1974],[136.3188,36.197],[136.3188,36.1956],[136.3188,36.1954],[136.3183,36.1947],[136.3176,36.194],[136.3172,36.1935],[136.3169,36.1932],[136.3159,36.1928],[136.3152,36.1927],[136.3151,36.1925],[136.3145,36.1916],[136.3141,36.1913],[136.3136,36.1913],[136.3128,36.1909],[136.3124,36.1906],[136.3119,36.1906],[136.3113,36.1902],[136.311,36.19],[136.3099,36.19],[136.309,36.1901],[136.3086,36.1901],[136.3078,36.1903],[136.3076,36.1903],[136.3074,36.1898],[136.3064,36.1888],[136.3059,36.1887],[136.3057,36.1885],[136.3057,36.1875],[136.3052,36.1863],[136.3052,36.1857],[136.3052,36.1849],[136.3051,36.1846],[136.3047,36.1841],[136.3044,36.1839],[136.3037,36.1837],[136.3031,36.1838],[136.3024,36.184],[136.3023,36.1839],[136.302,36.1832],[136.3015,36.1827],[136.3007,36.1822],[136.3001,36.1816],[136.2995,36.1814],[136.2992,36.1811],[136.299,36.1807],[136.2986,36.1802],[136.2979,36.1797],[136.2975,36.1792],[136.2972,36.1792],[136.2965,36.1795],[136.2954,36.1797],[136.2951,36.1796],[136.2948,36.1793],[136.2946,36.1788],[136.2948,36.1784],[136.2945,36.1781],[136.2938,36.1781],[136.2926,36.1774],[136.2915,36.1769],[136.2909,36.1766],[136.2902,36.1764],[136.289,36.1764],[136.2885,36.1763],[136.2877,36.1758],[136.2869,36.1756],[136.2868,36.1753],[136.2865,36.1751],[136.2857,36.1749],[136.2855,36.1746],[136.2848,36.1747],[136.2846,36.175],[136.2845,36.1754],[136.284,36.1753],[136.2829,36.1757],[136.2823,36.1758],[136.2817,36.1764],[136.2808,36.1765],[136.2803,36.1783],[136.2797,36.1788],[136.2792,36.1786],[136.2786,36.1782],[136.2772,36.1777],[136.2769,36.1777],[136.2763,36.1781],[136.276,36.1784],[136.2758,36.1789],[136.2758,36.1795],[136.2753,36.1803],[136.2751,36.1804],[136.2743,36.1799],[136.2738,36.1793],[136.2735,36.1784],[136.2728,36.1776],[136.2729,36.1773],[136.2719,36.1774],[136.2708,36.1775],[136.2699,36.1775],[136.2699,36.1781],[136.2688,36.1781],[136.2688,36.1783],[136.2679,36.1783],[136.2664,36.1784],[136.2652,36.1784],[136.2624,36.1784],[136.2623,36.179],[136.2617,36.179],[136.2616,36.1794],[136.2602,36.1795],[136.2596,36.1794],[136.2591,36.1791],[136.2588,36.1794],[136.2585,36.1801],[136.2585,36.1809],[136.2584,36.1817],[136.2568,36.1818],[136.2569,36.1826],[136.2568,36.183],[136.2572,36.1835],[136.2568,36.1836],[136.2553,36.1837],[136.255,36.1839],[136.2519,36.184],[136.2519,36.1842],[136.2518,36.1854],[136.2506,36.1854],[136.2481,36.1852],[136.247,36.185],[136.2457,36.1847],[136.2436,36.1845],[136.2425,36.1842],[136.2421,36.1842],[136.2396,36.1847],[136.2394,36.1845],[136.2398,36.184],[136.2374,36.1838],[136.2372,36.1839],[136.237,36.1842],[136.237,36.1846],[136.2364,36.1871],[136.2362,36.188],[136.2359,36.1885],[136.2358,36.1891],[136.2355,36.1897],[136.2355,36.1901],[136.2362,36.1903],[136.2369,36.191],[136.2374,36.1917],[136.2366,36.1919],[136.2359,36.1921],[136.2361,36.1926],[136.2363,36.1928],[136.2364,36.1933],[136.2337,36.1933],[136.2333,36.1934],[136.2333,36.1937],[136.2329,36.1939],[136.2314,36.1939],[136.2304,36.194],[136.2302,36.1941],[136.2303,36.1951],[136.2299,36.1953],[136.229,36.1955],[136.229,36.197],[136.2286,36.1973],[136.2257,36.1972],[136.2248,36.1967],[136.2233,36.1967],[136.2233,36.1953],[136.2231,36.1946],[136.2229,36.1942],[136.2225,36.1942],[136.2217,36.1938],[136.2214,36.1938],[136.2193,36.1937],[136.219,36.1929],[136.2186,36.1923],[136.2177,36.1926],[136.2164,36.1924],[136.2155,36.1924],[136.2159,36.1904],[136.215,36.1903],[136.2152,36.1895],[136.2143,36.1894],[136.2143,36.1891],[136.2131,36.189],[136.213,36.1893],[136.2125,36.1893],[136.2125,36.1898],[136.2118,36.1899],[136.2118,36.1903],[136.2107,36.1903],[136.2106,36.1919],[136.2072,36.1916],[136.2043,36.1915],[136.2032,36.1915],[136.2017,36.1914],[136.1968,36.1912],[136.1966,36.1904],[136.196,36.1904],[136.196,36.1896],[136.1958,36.1896],[136.1953,36.1893],[136.1942,36.1894],[136.1916,36.1898],[136.1905,36.1902],[136.1906,36.1912],[136.1907,36.1926],[136.1903,36.1929],[136.1883,36.1929],[136.1866,36.1929],[136.1846,36.1928],[136.1823,36.1929],[136.1805,36.1929],[136.1806,36.1933],[136.1806,36.194],[136.1805,36.194],[136.1796,36.194],[136.1784,36.1944],[136.1786,36.1952],[136.1779,36.1953],[136.1782,36.1965],[136.1757,36.1969],[136.176,36.1982],[136.1728,36.1988],[136.1733,36.2008],[136.1733,36.2011],[136.1737,36.2027],[136.1732,36.2028],[136.1731,36.2031],[136.1727,36.2032],[136.1728,36.2052],[136.1729,36.2057],[136.1729,36.2065],[136.1731,36.2066],[136.1742,36.2065],[136.1748,36.2063],[136.1752,36.2077],[136.1753,36.2078],[136.176,36.2078],[136.1762,36.2078],[136.1763,36.2084],[136.176,36.2086],[136.1765,36.2096],[136.1758,36.2098],[136.1751,36.2098],[136.1755,36.2113],[136.1743,36.2115],[136.1743,36.2114],[136.1687,36.2122],[136.1686,36.212],[136.1681,36.2095],[136.1677,36.2091],[136.1666,36.2091],[136.1666,36.2098],[136.1668,36.2112],[136.1667,36.212],[136.1668,36.2126],[136.1671,36.2131],[136.1674,36.2139],[136.1676,36.2146],[136.1681,36.2153],[136.1685,36.2155],[136.1692,36.2162],[136.1695,36.2164],[136.1701,36.2164],[136.1709,36.2162],[136.1718,36.2162],[136.1726,36.2165],[136.1741,36.2174],[136.174,36.2181],[136.1742,36.2186],[136.1745,36.2187],[136.175,36.2186],[136.1751,36.2202],[136.1754,36.2203],[136.1748,36.2218],[136.179,36.2231],[136.182,36.224],[136.1822,36.2241],[136.1821,36.2232],[136.1825,36.2232],[136.1839,36.223],[136.184,36.2233],[136.1842,36.226],[136.1847,36.2259],[136.185,36.228],[136.185,36.2283],[136.1844,36.229],[136.1827,36.2289],[136.1824,36.2289],[136.1824,36.2293],[136.182,36.2295],[136.1817,36.2298],[136.1814,36.2305],[136.1812,36.2307],[136.1812,36.2314],[136.1815,36.2317],[136.1819,36.2316],[136.1829,36.2313],[136.1835,36.2313],[136.1837,36.2315],[136.1836,36.2326],[136.1837,36.2327],[136.1844,36.2329],[136.1849,36.2328],[136.1863,36.2317],[136.1865,36.2314],[136.1867,36.2309],[136.1866,36.2302],[136.1868,36.2301],[136.1877,36.2304],[136.1887,36.2308],[136.1889,36.2313],[136.1889,36.2319],[136.1885,36.2328],[136.1885,36.2336],[136.1889,36.234],[136.1895,36.2341],[136.1903,36.2334],[136.1905,36.2334],[136.1907,36.234],[136.1911,36.2342],[136.1917,36.2341],[136.1922,36.2341],[136.1934,36.2341],[136.1934,36.2346],[136.1941,36.2346],[136.1944,36.235],[136.1947,36.2347],[136.1941,36.2345],[136.1941,36.234],[136.1944,36.2339],[136.1948,36.2342],[136.1969,36.2357],[136.1964,36.236],[136.1961,36.2374],[136.1967,36.2375],[136.1965,36.2381],[136.1963,36.2386],[136.1957,36.2389],[136.1947,36.2386],[136.1941,36.2397],[136.1937,36.2408],[136.1938,36.241],[136.1946,36.2414],[136.1946,36.2416],[136.1956,36.2427],[136.1959,36.2432],[136.1964,36.2434],[136.1966,36.2437],[136.1969,36.2443],[136.1967,36.2447],[136.1974,36.2448],[136.1977,36.2451],[136.1981,36.2452],[136.1985,36.2461],[136.1987,36.2462],[136.1994,36.2461],[136.1999,36.2461],[136.2007,36.2461],[136.2005,36.2468],[136.2002,36.2472],[136.1997,36.2476],[136.199,36.2486],[136.1987,36.2487],[136.198,36.2487],[136.1971,36.249],[136.1966,36.2495],[136.1955,36.2512],[136.1946,36.2504],[136.1941,36.2508],[136.1935,36.2502],[136.1926,36.2509],[136.1917,36.2517],[136.1913,36.2515],[136.1912,36.2513],[136.1908,36.2512],[136.1908,36.2509],[136.1903,36.2509],[136.1894,36.2503],[136.1894,36.2499],[136.1889,36.2496],[136.1883,36.25],[136.1875,36.2493],[136.1871,36.2496],[136.187,36.25],[136.1861,36.25],[136.1845,36.2498],[136.1846,36.249],[136.1847,36.2487],[136.1843,36.2484],[136.1812,36.2507],[136.1824,36.2515],[136.1829,36.2517],[136.183,36.252],[136.1835,36.2526],[136.1833,36.2528],[136.1836,36.2531],[136.1842,36.2535],[136.1838,36.2539],[136.1848,36.2547],[136.1843,36.2552],[136.1842,36.2559],[136.1843,36.2562],[136.1832,36.2576],[136.1831,36.2574],[136.1809,36.2564],[136.1798,36.2559],[136.1775,36.2549],[136.176,36.2541],[136.1752,36.2538],[136.1741,36.2533],[136.1719,36.2526],[136.1701,36.2522],[136.1696,36.2521],[136.169,36.2522],[136.1689,36.2518],[136.1685,36.2516],[136.1677,36.2515],[136.1673,36.2512],[136.1667,36.251],[136.1662,36.251],[136.1658,36.2508],[136.1652,36.2507],[136.1644,36.2507],[136.1643,36.2503],[136.1639,36.2502],[136.1633,36.2501],[136.1625,36.2498],[136.162,36.2498],[136.1604,36.2498],[136.1601,36.2498],[136.1591,36.2502],[136.1587,36.2501],[136.1584,36.2504],[136.1579,36.2501],[136.1575,36.2504],[136.1569,36.2507],[136.1563,36.2511],[136.1558,36.2513],[136.1551,36.2523],[136.1546,36.2525],[136.1545,36.253],[136.1539,36.2534],[136.1535,36.2535],[136.1533,36.2531],[136.1524,36.2529],[136.1514,36.2528],[136.1511,36.2525],[136.1494,36.2526],[136.1492,36.2528],[136.1493,36.253],[136.1492,36.2535],[136.1485,36.2541],[136.149,36.2547],[136.1491,36.2549],[136.1488,36.2554],[136.1484,36.2549],[136.148,36.2548],[136.1476,36.2545],[136.1477,36.2543],[136.1475,36.2538],[136.147,36.2535],[136.1461,36.2534],[136.146,36.253],[136.146,36.2522],[136.1454,36.2516],[136.1446,36.2516],[136.1446,36.252],[136.1441,36.2523],[136.1438,36.2528],[136.1436,36.2528],[136.1429,36.2529],[136.1427,36.2526],[136.142,36.2525],[136.1418,36.2527],[136.1412,36.2528],[136.1405,36.2524],[136.1403,36.2521],[136.1398,36.2519],[136.1398,36.2511],[136.1382,36.2504],[136.1375,36.2504],[136.1365,36.2505],[136.1363,36.2506],[136.1358,36.2506],[136.1351,36.2508],[136.1344,36.2514],[136.1335,36.2516],[136.1328,36.2514],[136.1324,36.251],[136.1315,36.2508],[136.1309,36.251],[136.1303,36.2509],[136.1299,36.251],[136.1293,36.2508],[136.1284,36.2507],[136.1281,36.2505],[136.1276,36.2506],[136.1269,36.2509],[136.1265,36.2511],[136.1255,36.2506],[136.1251,36.2509],[136.1248,36.2507],[136.1248,36.2504],[136.1242,36.2504],[136.1234,36.25],[136.123,36.2494],[136.1236,36.2492],[136.1239,36.2483],[136.1236,36.2482],[136.1226,36.2489],[136.1225,36.2488],[136.1232,36.2484],[136.1242,36.2477],[136.1241,36.2475],[136.1246,36.247],[136.1248,36.2465],[136.1258,36.2461],[136.1265,36.246],[136.1275,36.2453],[136.1278,36.2452],[136.1281,36.2449],[136.1286,36.2445],[136.1284,36.2441],[136.1286,36.2439],[136.1286,36.2436],[136.1288,36.2432],[136.1291,36.2429],[136.1297,36.2429],[136.1301,36.2425],[136.1303,36.2425],[136.1306,36.2421],[136.131,36.2421],[136.1308,36.2418],[136.1306,36.2417],[136.131,36.2411],[136.1314,36.241],[136.1315,36.2405],[136.1312,36.2398],[136.1308,36.2393],[136.1302,36.2391],[136.1293,36.239],[136.1289,36.2392],[136.129,36.2388],[136.1286,36.2389],[136.1285,36.2387],[136.1281,36.2386],[136.1277,36.2388],[136.127,36.2389],[136.1271,36.2385],[136.1264,36.2388],[136.126,36.2385],[136.1256,36.2385],[136.1255,36.2382],[136.1262,36.238],[136.1261,36.2378],[136.1256,36.238],[136.1255,36.2374],[136.1259,36.2372],[136.1256,36.237],[136.1261,36.2363],[136.1263,36.2359],[136.1268,36.2356],[136.127,36.2351],[136.1274,36.2346],[136.1284,36.2335],[136.1289,36.2333],[136.1293,36.2329],[136.1297,36.2329],[136.1305,36.2324],[136.1308,36.2321],[136.1313,36.2315],[136.1313,36.2311],[136.1314,36.2308],[136.1314,36.2305],[136.1319,36.2304],[136.1322,36.2304],[136.1326,36.2298],[136.1327,36.2293],[136.1332,36.2284],[136.133,36.228],[136.1325,36.2278],[136.1326,36.2272],[136.1326,36.2263],[136.1324,36.2259],[136.1321,36.2258],[136.132,36.2252],[136.1316,36.2246],[136.1317,36.2243],[136.132,36.2244],[136.1324,36.2242],[136.133,36.2243],[136.1334,36.2245],[136.1339,36.2243],[136.1342,36.224],[136.1346,36.2235],[136.1349,36.2226],[136.135,36.2222],[136.135,36.2214],[136.1349,36.221],[136.1347,36.2207],[136.1335,36.2207],[136.1327,36.2205],[136.1322,36.2203],[136.1313,36.2198],[136.1311,36.22],[136.1274,36.2178],[136.1274,36.2177],[136.1297,36.219],[136.1305,36.2182],[136.1313,36.2173],[136.1319,36.2168],[136.1322,36.2164],[136.1322,36.2155],[136.132,36.2139],[136.1282,36.21],[136.1272,36.209],[136.1254,36.2063],[136.1247,36.2054],[136.1224,36.2023],[136.1223,36.2021],[136.1196,36.2033],[136.1196,36.2032],[136.1222,36.2019],[136.1219,36.2015],[136.1215,36.2012],[136.1186,36.2005],[136.1188,36.2005],[136.1218,36.2011],[136.1266,36.1989],[136.1268,36.1992],[136.1268,36.1995],[136.1272,36.1998],[136.1288,36.202],[136.1287,36.2021],[136.1284,36.2017],[136.1276,36.202],[136.1287,36.2037],[136.1297,36.2032],[136.1311,36.2052],[136.1325,36.2045],[136.1331,36.2053],[136.1343,36.2047],[136.1337,36.204],[136.134,36.2038],[136.1273,36.1944],[136.1275,36.1945],[136.1288,36.1939],[136.1291,36.194],[136.1293,36.1935],[136.1291,36.1929],[136.129,36.1921],[136.1288,36.1916],[136.1283,36.191],[136.128,36.1906],[136.1277,36.1901],[136.125,36.1913],[136.1239,36.1898],[136.1232,36.1899],[136.1222,36.1899],[136.1211,36.1896],[136.1203,36.1899],[136.1188,36.1906],[136.1186,36.1908],[136.115,36.1925],[136.1144,36.1927],[136.1141,36.1949],[136.1137,36.1979],[136.1127,36.2053],[136.1125,36.2052],[136.1138,36.1956],[136.1143,36.1926],[136.112,36.1894],[136.1116,36.1892],[136.1104,36.1875],[136.1093,36.1859],[136.1091,36.1856],[136.1083,36.1845],[136.1075,36.1834],[136.1073,36.1831],[136.1062,36.1817],[136.1049,36.1797],[136.1033,36.1774],[136.1026,36.1765],[136.1007,36.1739],[136.1,36.1729]],[[136.1188,36.25],[136.1181,36.2499],[136.1182,36.2502],[136.1178,36.2502],[136.117,36.25],[136.1168,36.2503],[136.117,36.2505],[136.1169,36.2509],[136.1172,36.2513],[136.1172,36.2517],[136.1173,36.2519],[136.1174,36.2523],[136.1176,36.2529],[136.1178,36.2528],[136.1184,36.253],[136.1189,36.2529],[136.1192,36.253],[136.1191,36.2534],[136.1194,36.2535],[136.1198,36.2532],[136.1204,36.2532],[136.1204,36.2535],[136.1207,36.2535],[136.1209,36.2533],[136.1209,36.2525],[136.1211,36.2521],[136.1209,36.2518],[136.1208,36.2515],[136.121,36.2506],[136.121,36.2505],[136.1202,36.2506],[136.1199,36.2504],[136.1194,36.2503],[136.1188,36.25]],[[136.1301,36.2261],[136.1304,36.2261],[136.1307,36.2257],[136.1306,36.2257],[136.1301,36.2261]],[[136.1264,36.2513],[136.1271,36.2514],[136.1271,36.2512],[136.1264,36.2513]],[[136.1289,36.2514],[136.1293,36.2514],[136.1293,36.251],[136.1289,36.2511],[136.1289,36.2514]],[[136.1298,36.2517],[136.1301,36.2516],[136.1299,36.2514],[136.1295,36.2513],[136.1298,36.2517]],[[136.1466,36.2558],[136.1468,36.2559],[136.1472,36.2558],[136.1473,36.2553],[136.1472,36.2552],[136.1474,36.2547],[136.147,36.2547],[136.1467,36.255],[136.1467,36.2553],[136.1471,36.2557],[136.1466,36.2558]],[[136.153,36.2539],[136.1534,36.2536],[136.1533,36.2533],[136.153,36.2532],[136.153,36.2539]]]},"properties":{"N03_001":"福井県","N03_002":"","N03_003":"","N03_004":"坂井市","N03_007":"18210"}},
{"type":"Feature","geometry":{"type":"Polygon","coordinates":[[[136.27,36.1041],[136.2706,36.104],[136.2716,36.1038],[136.2724,36.1037],[136.2739,36.1034],[136.275,36.1033],[136.2772,36.103],[136.2773,36.103],[136.2774,36.103],[136.2775,36.103],[136.2776,36.1031],[136.2777,36.1032],[136.2778,36.1034],[136.2779,36.1035],[136.2781,36.1037],[136.2782,36.1037],[136.2784,36.1039],[136.2787,36.1041],[136.2789,36.1042],[136.2792,36.1042],[136.2794,36.1041],[136.2796,36.1041],[136.28,36.1041],[136.2802,36.104],[136.2804,36.1038],[136.2806,36.1037],[136.2807,36.1036],[136.2807,36.1035],[136.2807,36.1032],[136.2809,36.1019],[136.2809,36.1018],[136.281,36.1017],[136.281,36.1015],[136.281,36.1014],[136.2811,36.1009],[136.2811,36.1006],[136.2811,36.1004],[136.2811,36.1003],[136.2811,36.1],[136.2812,36.0996],[136.2813,36.0989],[136.2814,36.0988],[136.2816,36.0987],[136.2818,36.0987],[136.2833,36.0986],[136.2859,36.0984],[136.2865,36.0984],[136.2873,36.0984],[136.2881,36.0984],[136.2881,36.0978],[136.2882,36.0976],[136.2882,36.0973],[136.2882,36.097],[136.2883,36.0966],[136.2883,36.0964],[136.2883,36.0959],[136.2884,36.0957],[136.2884,36.0953],[136.2884,36.0949],[136.2879,36.0949],[136.2874,36.0948],[136.2855,36.0947],[136.2845,36.0946],[136.2837,36.0946],[136.2833,36.0945],[136.2824,36.0945],[136.2823,36.0944],[136.2821,36.0942],[136.282,36.094],[136.2818,36.094],[136.2818,36.0934],[136.2819,36.0932],[136.2801,36.093],[136.2802,36.0924],[136.2802,36.0923],[136.2801,36.0922],[136.2799,36.0922],[136.28,36.0917],[136.28,36.0911],[136.2787,36.091],[136.2788,36.0901],[136.2789,36.0901],[136.2798,36.0904],[136.2802,36.0905],[136.281,36.0908],[136.2814,36.0908],[136.2817,36.0908],[136.282,36.0908],[136.2821,36.0907],[136.282,36.0905],[136.282,36.0903],[136.2822,36.0899],[136.2824,36.0895],[136.2825,36.0894],[136.2827,36.0893],[136.2829,36.0892],[136.2831,36.0892],[136.2831,36.0883],[136.2833,36.0883],[136.2833,36.0879],[136.2833,36.0878],[136.2834,36.0865],[136.2833,36.0865],[136.2832,36.0865],[136.2833,36.0864],[136.2833,36.0856],[136.2833,36.0855],[136.2834,36.0855],[136.2835,36.0855],[136.2836,36.0854],[136.2851,36.0854],[136.2857,36.0855],[136.2858,36.0843],[136.2869,36.0843],[136.2871,36.0844],[136.2872,36.0837],[136.2872,36.0833],[136.2873,36.0827],[136.2885,36.0828],[136.2895,36.0828],[136.2917,36.0829],[136.2923,36.0829],[136.2923,36.0826],[136.2932,36.0824],[136.294,36.0822],[136.2944,36.082],[136.294,36.0818],[136.2937,36.0817],[136.2935,36.0816],[136.2934,36.0815],[136.2932,36.0815],[136.2932,36.0814],[136.293,36.0811],[136.2928,36.0808],[136.2927,36.0807],[136.2927,36.0806],[136.2928,36.0805],[136.2929,36.0804],[136.2928,36.08],[136.2926,36.0797],[136.2926,36.0795],[136.2924,36.0788],[136.2923,36.0786],[136.292,36.0784],[136.2919,36.0782],[136.2917,36.0782],[136.2915,36.0781],[136.2913,36.0781],[136.2912,36.078],[136.2911,36.0779],[136.291,36.0777],[136.2909,36.0776],[136.2908,36.0774],[136.2906,36.0772],[136.2903,36.0769],[136.2901,36.0767],[136.29,36.0766],[136.2899,36.0765],[136.2894,36.0761],[136.2891,36.076],[136.2888,36.0758],[136.2886,36.0758],[136.2884,36.0757],[136.2883,36.0758],[136.288,36.0758],[136.2876,36.0758],[136.2872,36.0758],[136.287,36.0758],[136.2866,36.0758],[136.2862,36.0759],[136.2861,36.0759],[136.2858,36.0758],[136.2857,36.0759],[136.2856,36.0759],[136.2855,36.076],[136.2852,36.076],[136.285,36.076],[136.2846,36.076],[136.2845,36.0759],[136.2844,36.0759],[136.2844,36.0758],[136.2842,36.0757],[136.2841,36.0756],[136.2839,36.0756],[136.2836,36.0756],[136.2834,36.0755],[136.2833,36.0754],[136.2828,36.075],[136.2827,36.0749],[136.2825,36.0748],[136.2822,36.0745],[136.282,36.0743],[136.2818,36.0742],[136.2816,36.0741],[136.2815,36.0739],[136.2814,36.0738],[136.2814,36.0734],[136.2814,36.0732],[136.2815,36.0731],[136.2816,36.073],[136.2819,36.073],[136.2825,36.0729],[136.2826,36.0728],[136.2828,36.0726],[136.283,36.0725],[136.2832,36.0722],[136.2833,36.072],[136.2833,36.0719],[136.2834,36.0718],[136.2835,36.0717],[136.2835,36.0716],[136.2834,36.0714],[136.2834,36.0712],[136.2834,36.0711],[136.2833,36.0709],[136.2833,36.0708],[136.2833,36.0706],[136.2833,36.0704],[136.2833,36.0703],[136.2834,36.0701],[136.2834,36.0699],[136.2835,36.0698],[136.2837,36.0697],[136.2838,36.0697],[136.284,36.0694],[136.2841,36.0691],[136.2843,36.069],[136.2846,36.0688],[136.2846,36.0687],[136.2845,36.0687],[136.2843,36.0686],[136.284,36.0685],[136.2839,36.0684],[136.2839,36.0683],[136.2838,36.068],[136.2838,36.0679],[136.2837,36.0677],[136.2837,36.0675],[136.2837,36.0673],[136.284,36.067],[136.2841,36.0669],[136.2842,36.0668],[136.2843,36.0667],[136.2843,36.0666],[136.2842,36.0665],[136.2843,36.066],[136.2844,36.0657],[136.2845,36.0655],[136.2846,36.0653],[136.2846,36.0651],[136.2845,36.0649],[136.2845,36.0648],[136.2846,36.0643],[136.2846,36.0641],[136.2846,36.064],[136.2844,36.0637],[136.2844,36.0634],[136.2844,36.0633],[136.2845,36.0632],[136.2846,36.0631],[136.2848,36.0629],[136.2849,36.0629],[136.2853,36.0628],[136.2855,36.0627],[136.2856,36.0627],[136.2857,36.0626],[136.2858,36.0625],[136.2859,36.0624],[136.2859,36.0623],[136.2861,36.062],[136.2863,36.0619],[136.2863,36.0618],[136.2864,36.0616],[136.2864,36.0615],[136.2863,36.0614],[136.2862,36.0611],[136.2863,36.0609],[136.2863,36.0607],[136.2865,36.0606],[136.2865,36.0605],[136.2865,36.0601],[136.2865,36.0599],[136.2866,36.0598],[136.2866,36.0597],[136.2866,36.0596],[136.2867,36.0594],[136.2867,36.059],[136.2867,36.0587],[136.2866,36.0583],[136.2865,36.058],[136.2864,36.0577],[136.2863,36.0575],[136.2863,36.0574],[136.2864,36.0571],[136.2865,36.0568],[136.2865,36.0567],[136.2865,36.0566],[136.2864,36.0563],[136.2864,36.0562],[136.2864,36.0561],[136.2867,36.0559],[136.2868,36.0558],[136.287,36.0558],[136.2871,36.0557],[136.2873,36.0556],[136.2874,36.0556],[136.2875,36.0557],[136.2877,36.0557],[136.2879,36.0557],[136.2882,36.0558],[136.2883,36.0559],[136.2884,36.0559],[136.2885,36.0558],[136.2885,36.0557],[136.2885,36.0555],[136.2885,36.0553],[136.2885,36.0552],[136.2886,36.055],[136.2888,36.0546],[136.2889,36.0544],[136.2889,36.0543],[136.289,36.0542],[136.2894,36.054],[136.2899,36.0537],[136.29,36.0537],[136.2904,36.0535],[136.2909,36.0531],[136.2913,36.0529],[136.2916,36.0527],[136.2917,36.0526],[136.2918,36.0526],[136.2919,36.0524],[136.2922,36.0521],[136.2922,36.052],[136.2923,36.0518],[136.2925,36.0516],[136.2927,36.0512],[136.2928,36.0511],[136.293,36.0506],[136.2933,36.05],[136.2933,36.0499],[136.2934,36.0497],[136.2935,36.0496],[136.2937,36.0495],[136.2938,36.0495],[136.294,36.0495],[136.2941,36.0495],[136.2942,36.0495],[136.2944,36.0496],[136.2945,36.0497],[136.2947,36.0497],[136.295,36.0496],[136.2952,36.0496],[136.2953,36.0496],[136.2955,36.0496],[136.2958,36.0496],[136.2965,36.0496],[136.2968,36.0496],[136.297,36.0497],[136.2971,36.0496],[136.2972,36.0494],[136.2973,36.0492],[136.2974,36.049],[136.2969,36.0486],[136.2967,36.0485],[136.2966,36.0483],[136.2966,36.0482],[136.2967,36.048],[136.2967,36.0479],[136.2967,36.0478],[136.2967,36.0477],[136.2967,36.0475],[136.2968,36.0474],[136.2968,36.0473],[136.2968,36.047],[136.2969,36.0468],[136.297,36.0466],[136.2971,36.0465],[136.2972,36.0463],[136.2973,36.0461],[136.2974,36.0461],[136.2976,36.0461],[136.2979,36.0461],[136.298,36.0461],[136.2984,36.0461],[136.2986,36.046],[136.2989,36.046],[136.2991,36.0459],[136.2995,36.0459],[136.2997,36.0458],[136.2999,36.0458],[136.3,36.0457],[136.3001,36.0456],[136.3003,36.0455],[136.3006,36.0455],[136.3009,36.0455],[136.3011,36.0455],[136.3012,36.0455],[136.3014,36.0454],[136.3017,36.0452],[136.3019,36.0451],[136.302,36.0451],[136.3021,36.0451],[136.3022,36.0452],[136.3024,36.0453],[136.3026,36.0453],[136.3028,36.0453],[136.303,36.0454],[136.3032,36.0453],[136.3033,36.0453],[136.3035,36.0453],[136.3037,36.0453],[136.3038,36.0452],[136.3039,36.0452],[136.3041,36.0451],[136.3042,36.0449],[136.3042,36.0448],[136.3043,36.0447],[136.3043,36.0446],[136.3045,36.0445],[136.3047,36.0444],[136.3049,36.0444],[136.3052,36.0444],[136.3054,36.0444],[136.3057,36.0444],[136.3059,36.0444],[136.3062,36.0444],[136.3065,36.0445],[136.3066,36.0444],[136.3068,36.0444],[136.307,36.0444],[136.3071,36.0443],[136.3073,36.0441],[136.3074,36.0441],[136.3081,36.0436],[136.3083,36.0434],[136.3087,36.0431],[136.3091,36.0429],[136.3094,36.0427],[136.31,36.0425],[136.3105,36.0423],[136.3107,36.0423],[136.3108,36.0423],[136.3109,36.0423],[136.3111,36.0423],[136.3113,36.0422],[136.3117,36.0422],[136.3119,36.0422],[136.3121,36.0422],[136.3123,36.0422],[136.3125,36.0421],[136.3127,36.0421],[136.3131,36.0419],[136.3133,36.0418],[136.3134,36.0417],[136.3136,36.0413],[136.3137,36.0411],[136.3138,36.0411],[136.314,36.0412],[136.3141,36.0412],[136.3143,36.0413],[136.3144,36.0414],[136.3146,36.0414],[136.3147,36.0414],[136.3148,36.0414],[136.315,36.0413],[136.3151,36.0412],[136.3152,36.0412],[136.3155,36.0413],[136.3159,36.0414],[136.316,36.0415],[136.3162,36.0414],[136.3164,36.0414],[136.3166,36.0414],[136.3167,36.0414],[136.3168,36.0413],[136.317,36.0413],[136.3171,36.0413],[136.3172,36.0414],[136.3173,36.0414],[136.3174,36.0415],[136.3175,36.0415],[136.3177,36.0416],[136.318,36.0416],[136.3182,36.0417],[136.3184,36.0418],[136.3185,36.0418],[136.3186,36.0419],[136.3186,36.042],[136.3186,36.0421],[136.3186,36.0422],[136.3187,36.0425],[136.319,36.0431],[136.3192,36.0435],[136.3194,36.0437],[136.3195,36.0438],[136.3198,36.044],[136.3199,36.0441],[136.32,36.0442],[136.3201,36.0443],[136.3201,36.0445],[136.32,36.0446],[136.3198,36.0449],[136.3198,36.045],[136.3198,36.0451],[136.3198,36.0453],[136.3198,36.0454],[136.3197,36.0457],[136.3197,36.046],[136.3197,36.0461],[136.3198,36.0462],[136.3199,36.0467],[136.3199,36.0468],[136.32,36.047],[136.3201,36.0471],[136.3202,36.0472],[136.3203,36.0473],[136.3203,36.0476],[136.3203,36.0477],[136.3204,36.0478],[136.3205,36.0478],[136.3206,36.0479],[136.3211,36.048],[136.3213,36.0482],[136.3214,36.0483],[136.3214,36.0484],[136.3216,36.0487],[136.3217,36.0489],[136.3219,36.0492],[136.3221,36.0496],[136.3222,36.0496],[136.3223,36.0496],[136.3224,36.0496],[136.3225,36.0494],[136.3227,36.0493],[136.3229,36.0491],[136.3231,36.049],[136.3232,36.049],[136.3233,36.049],[136.3235,36.0491],[136.3236,36.0491],[136.3238,36.0491],[136.324,36.049],[136.3241,36.0489],[136.3242,36.0486],[136.3242,36.0485],[136.3244,36.0484],[136.3245,36.0484],[136.3248,36.0485],[136.325,36.0485],[136.3251,36.0485],[136.3252,36.0486],[136.3258,36.0485],[136.3261,36.0485],[136.3262,36.0485],[136.3265,36.0486],[136.3267,36.0486],[136.3271,36.0487],[136.3273,36.0487],[136.3274,36.0487],[136.3277,36.0486],[136.3282,36.0484],[136.3283,36.0483],[136.3284,36.0483],[136.3286,36.0483],[136.3287,36.0483],[136.3289,36.0483],[136.3292,36.0485],[136.3295,36.0487],[136.3296,36.0488],[136.3298,36.0489],[136.33,36.0489],[136.3302,36.0491],[136.3304,36.0493],[136.3305,36.0494],[136.3305,36.0496],[136.3305,36.0498],[136.3306,36.0499],[136.3307,36.05],[136.3309,36.0502],[136.3311,36.0503],[136.3312,36.0503],[136.3315,36.0502],[136.3318,36.0503],[136.3321,36.0504],[136.3323,36.0505],[136.3324,36.0505],[136.3325,36.0505],[136.3326,36.0505],[136.3327,36.0505],[136.3332,36.0506],[136.3333,36.0507],[136.3334,36.0507],[136.3337,36.051],[136.3338,36.051],[136.3343,36.0512],[136.3344,36.0512],[136.3345,36.0513],[136.3346,36.0513],[136.3347,36.0514],[136.3349,36.0519],[136.3351,36.0523],[136.3352,36.0524],[136.3353,36.0525],[136.3354,36.0526],[136.3356,36.0526],[136.3358,36.0526],[136.3361,36.0526],[136.3367,36.0525],[136.3368,36.0525],[136.3369,36.0525],[136.3372,36.0526],[136.3375,36.0528],[136.3378,36.0528],[136.3381,36.0528],[136.3384,36.0528],[136.3388,36.0527],[136.3389,36.0527],[136.3391,36.0527],[136.3392,36.0527],[136.3395,36.0528],[136.3398,36.0529],[136.3401,36.0531],[136.3403,36.0531],[136.3404,36.0531],[136.3405,36.0531],[136.3406,36.0531],[136.3406,36.053],[136.3408,36.0526],[136.3409,36.0525],[136.341,36.0524],[136.341,36.0523],[136.3411,36.0521],[136.3413,36.0516],[136.3414,36.0514],[136.3416,36.0513],[136.3417,36.0511],[136.3419,36.0507],[136.342,36.0506],[136.342,36.0503],[136.342,36.05],[136.342,36.0497],[136.342,36.0496],[136.3421,36.0496],[136.3421,36.0495],[136.3427,36.0491],[136.3428,36.049],[136.3429,36.0489],[136.343,36.0483],[136.3431,36.0479],[136.3432,36.0479],[136.3432,36.0478],[136.3433,36.0478],[136.3438,36.0477],[136.3439,36.0476],[136.344,36.0476],[136.3442,36.0474],[136.3443,36.0471],[136.3444,36.0469],[136.3444,36.0468],[136.3444,36.0467],[136.3443,36.0465],[136.344,36.0459],[136.344,36.0458],[136.344,36.0457],[136.3442,36.0452],[136.3443,36.0451],[136.3443,36.045],[136.3444,36.0448],[136.3446,36.0444],[136.3447,36.0443],[136.3448,36.0443],[136.3449,36.0442],[136.3451,36.0442],[136.3453,36.0441],[136.3455,36.044],[136.3455,36.0439],[136.3456,36.0437],[136.3457,36.0436],[136.3457,36.0433],[136.346,36.0428],[136.3461,36.0426],[136.3462,36.0425],[136.3461,36.0425],[136.346,36.0422],[136.3459,36.0421],[136.3459,36.042],[136.3459,36.0419],[136.346,36.0419],[136.346,36.0418],[136.3462,36.0418],[136.3463,36.0417],[136.3464,36.0417],[136.3464,36.0416],[136.3464,36.0415],[136.3464,36.0412],[136.3465,36.0409],[136.3465,36.0408],[136.3464,36.0407],[136.3463,36.0406],[136.3463,36.0405],[136.3462,36.0403],[136.3462,36.0401],[136.3462,36.04],[136.3461,36.0398],[136.3461,36.0397],[136.3461,36.0396],[136.3463,36.0392],[136.3466,36.039],[136.347,36.0387],[136.3473,36.0386],[136.3475,36.0385],[136.3475,36.0384],[136.3476,36.0383],[136.3476,36.0381],[136.3477,36.038],[136.3478,36.0378],[136.3479,36.0377],[136.3479,36.0376],[136.3482,36.0375],[136.3483,36.0374],[136.3485,36.0374],[136.3487,36.0374],[136.3488,36.0374],[136.3492,36.0373],[136.3495,36.0372],[136.3497,36.0371],[136.3498,36.0371],[136.35,36.0371],[136.3502,36.0371],[136.3504,36.037],[136.3505,36.0368],[136.3508,36.0366],[136.3509,36.0365],[136.351,36.0365],[136.3511,36.0366],[136.3512,36.0366],[136.3514,36.0366],[136.3516,36.0366],[136.3519,36.0366],[136.3521,36.0365],[136.3523,36.0365],[136.3526,36.0365],[136.353,36.0363],[136.3533,36.0361],[136.3534,36.0361],[136.3535,36.0362],[136.3537,36.0363],[136.3538,36.0363],[136.3539,36.0363],[136.354,36.0363],[136.3541,36.0362],[136.3543,36.0362],[136.3545,36.0362],[136.3548,36.0361],[136.3551,36.036],[136.3553,36.036],[136.3557,36.036],[136.3562,36.0361],[136.3563,36.0361],[136.3566,36.0362],[136.3567,36.0361],[136.3572,36.036],[136.3573,36.0359],[136.3574,36.0359],[136.3576,36.0359],[136.3578,36.0357],[136.3582,36.0354],[136.3583,36.0354],[136.3584,36.0353],[136.3586,36.0351],[136.3587,36.035],[136.3591,36.0349],[136.3592,36.0349],[136.3593,36.0348],[136.3594,36.0348],[136.3598,36.0342],[136.36,36.034],[136.3601,36.0339],[136.3602,36.0339],[136.3603,36.0339],[136.3605,36.034],[136.3607,36.0341],[136.3611,36.0342],[136.3614,36.0343],[136.3618,36.0344],[136.3619,36.0344],[136.3621,36.0344],[136.3623,36.0343],[136.3625,36.0343],[136.3628,36.0343],[136.363,36.0344],[136.3632,36.0345],[136.3633,36.0346],[136.3635,36.0346],[136.3636,36.0346],[136.3637,36.0346],[136.3641,36.0345],[136.3645,36.0345],[136.3653,36.0343],[136.3661,36.0342],[136.3662,36.0342],[136.3665,36.034],[136.3667,36.0339],[136.3672,36.0336],[136.3674,36.0336],[136.3676,36.0335],[136.3678,36.0335],[136.3681,36.0336],[136.3682,36.0336],[136.3684,36.0337],[136.3687,36.0338],[136.369,36.034],[136.3691,36.034],[136.3692,36.0341],[136.3695,36.0342],[136.3697,36.0343],[136.3699,36.0345],[136.3701,36.0346],[136.3701,36.0347],[136.3702,36.0348],[136.3703,36.035],[136.3704,36.035],[136.3706,36.0352],[136.371,36.0354],[136.3711,36.0356],[136.3712,36.0357],[136.3715,36.0361],[136.3717,36.0363],[136.3718,36.0364],[136.3718,36.0368],[136.3718,36.0369],[136.3718,36.037],[136.3719,36.0371],[136.3721,36.0372],[136.3723,36.0373],[136.3724,36.0374],[136.3725,36.0375],[136.3728,36.0377],[136.3729,36.0379],[136.3731,36.0381],[136.3733,36.0382],[136.3735,36.0384],[136.3738,36.0387],[136.3741,36.0389],[136.3743,36.039],[136.3746,36.0392],[136.3749,36.0393],[136.375,36.0393],[136.3756,36.0395],[136.3757,36.0395],[136.376,36.0397],[136.3758,36.0399],[136.3758,36.0401],[136.3759,36.0403],[136.376,36.0404],[136.376,36.0405],[136.3762,36.0408],[136.3763,36.0411],[136.3764,36.0413],[136.3765,36.0414],[136.377,36.0417],[136.3772,36.0416],[136.3773,36.0417],[136.3775,36.0417],[136.3776,36.0418],[136.3779,36.0419],[136.3779,36.0421],[136.3781,36.0423],[136.3783,36.0425],[136.3784,36.0427],[136.3787,36.0431],[136.3788,36.0433],[136.3791,36.0434],[136.3792,36.0435],[136.3795,36.0437],[136.3799,36.0439],[136.3802,36.0441],[136.3804,36.0442],[136.3806,36.0443],[136.3809,36.0445],[136.3813,36.0447],[136.3814,36.0448],[136.3816,36.045],[136.3818,36.0452],[136.382,36.0454],[136.3822,36.0455],[136.3824,36.0456],[136.3826,36.0457],[136.383,36.0458],[136.3832,36.0461],[136.3833,36.0462],[136.3834,36.0463],[136.3834,36.0464],[136.3839,36.0467],[136.3841,36.047],[136.3842,36.047],[136.3843,36.0471],[136.3849,36.0472],[136.3852,36.0471],[136.3856,36.0471],[136.3858,36.0471],[136.3861,36.0472],[136.3864,36.0472],[136.3868,36.0473],[136.387,36.0473],[136.3871,36.0474],[136.3873,36.0475],[136.3874,36.0475],[136.3879,36.0476],[136.3882,36.0477],[136.3884,36.0477],[136.3886,36.0477],[136.389,36.0476],[136.3893,36.0477],[136.3894,36.0477],[136.3896,36.0478],[136.3898,36.0478],[136.3902,36.0479],[136.3906,36.0479],[136.391,36.0478],[136.3911,36.0478],[136.3914,36.0477],[136.3916,36.0477],[136.3917,36.0477],[136.3919,36.0477],[136.3923,36.0477],[136.3924,36.0476],[136.3926,36.0476],[136.3931,36.0474],[136.3934,36.0473],[136.3936,36.0473],[136.3938,36.0472],[136.3944,36.047],[136.3949,36.047],[136.3951,36.047],[136.3952,36.047],[136.3957,36.0471],[136.3958,36.0471],[136.396,36.0471],[136.3961,36.0471],[136.3964,36.047],[136.3968,36.0468],[136.3969,36.0468],[136.3973,36.0467],[136.3979,36.0467],[136.398,36.0467],[136.3982,36.0467],[136.3984,36.0467],[136.3985,36.0467],[136.399,36.0468],[136.3993,36.0468],[136.3994,36.0468],[136.3996,36.0468],[136.4,36.0467],[136.4001,36.0467],[136.4005,36.0467],[136.4007,36.0466],[136.4009,36.0466],[136.4014,36.0466],[136.4017,36.0466],[136.4019,36.0466],[136.4021,36.0465],[136.4023,36.0463],[136.4025,36.0462],[136.4028,36.0462],[136.403,36.0462],[136.4033,36.0462],[136.4038,36.0461],[136.404,36.046],[136.4041,36.046],[136.4043,36.046],[136.4045,36.046],[136.4048,36.046],[136.4052,36.0459],[136.4054,36.0458],[136.4056,36.0457],[136.4058,36.0457],[136.4059,36.0457],[136.4064,36.0458],[136.4067,36.0458],[136.4068,36.0458],[136.4071,36.0458],[136.4072,36.0459],[136.4074,36.0459],[136.4076,36.0459],[136.4079,36.0458],[136.408,36.0458],[136.4083,36.0457],[136.4086,36.0456],[136.4087,36.0454],[136.4088,36.0452],[136.4089,36.0451],[136.409,36.045],[136.4092,36.0449],[136.4096,36.0448],[136.4098,36.0447],[136.4099,36.0446],[136.4103,36.0445],[136.4104,36.0443],[136.4106,36.0442],[136.4108,36.044],[136.4109,36.0439],[136.411,36.0437],[136.4111,36.0436],[136.4111,36.0434],[136.4112,36.0433],[136.4116,36.0432],[136.4121,36.0432],[136.4122,36.0433],[136.4124,36.0432],[136.4128,36.0428],[136.4131,36.0426],[136.4133,36.0425],[136.4135,36.0425],[136.4139,36.0425],[136.4141,36.0424],[136.4144,36.0423],[136.4146,36.0423],[136.4147,36.0422],[136.4151,36.0421],[136.4154,36.0421],[136.4157,36.0422],[136.4158,36.0422],[136.416,36.0422],[136.4164,36.0422],[136.4166,36.042],[136.4167,36.042],[136.4168,36.0419],[136.4169,36.0418],[136.4172,36.0417],[136.4173,36.0417],[136.4177,36.0415],[136.418,36.0414],[136.4182,36.0414],[136.4184,36.0414],[136.4188,36.0414],[136.419,36.0414],[136.4193,36.0413],[136.4194,36.0412],[136.4197,36.0412],[136.42,36.0412],[136.4203,36.0411],[136.4205,36.041],[136.4207,36.0409],[136.4209,36.0408],[136.4213,36.0405],[136.4216,36.0403],[136.4218,36.0403],[136.4219,36.0403],[136.4221,36.0403],[136.4224,36.0403],[136.4228,36.0404],[136.4229,36.0405],[136.4233,36.0405],[136.4234,36.0405],[136.4241,36.0405],[136.4243,36.0404],[136.4246,36.0404],[136.4248,36.0402],[136.425,36.0401],[136.425,36.04],[136.4252,36.04],[136.4254,36.0399],[136.4256,36.0398],[136.4259,36.0398],[136.4262,36.0401],[136.4263,36.0402],[136.4266,36.0404],[136.4267,36.0404],[136.4269,36.0405],[136.4275,36.0406],[136.4278,36.0407],[136.428,36.0408],[136.4283,36.0411],[136.4286,36.0413],[136.4287,36.0415],[136.4288,36.0416],[136.4288,36.0417],[136.4288,36.0418],[136.4289,36.0421],[136.429,36.0425],[136.429,36.0427],[136.4292,36.0427],[136.4297,36.0427],[136.43,36.0427],[136.4302,36.0427],[136.4304,36.0428],[136.4309,36.043],[136.4313,36.0431],[136.4314,36.0432],[136.4316,36.0432],[136.432,36.0433],[136.432,36.0435],[136.4325,36.0444],[136.4326,36.045],[136.4326,36.0455],[136.433,36.0461],[136.4333,36.0463],[136.4335,36.0469],[136.4341,36.0476],[136.4346,36.0484],[136.435,36.0498],[136.4355,36.0501],[136.4355,36.0502],[136.4344,36.0508],[136.4334,36.0512],[136.433,36.0516],[136.4331,36.0521],[136.4333,36.0526],[136.4329,36.0531],[136.4328,36.0535],[136.4328,36.0538],[136.4325,36.0542],[136.4326,36.0548],[136.4325,36.0559],[136.4326,36.0567],[136.4327,36.057],[136.4325,36.0574],[136.4324,36.0579],[136.4327,36.0584],[136.433,36.0588],[136.4335,36.0587],[136.4341,36.0589],[136.4343,36.0592],[136.4343,36.0605],[136.4343,36.0607],[136.435,36.0611],[136.4357,36.0616],[136.4359,36.0618],[136.4362,36.0625],[136.4368,36.0632],[136.4368,36.0637],[136.4373,36.0644],[136.4382,36.0651],[136.4383,36.0653],[136.4381,36.0659],[136.4381,36.0665],[136.4384,36.067],[136.4385,36.0676],[136.439,36.0684],[136.4393,36.0695],[136.4394,36.0699],[136.4392,36.0708],[136.4388,36.0718],[136.4387,36.0724],[136.4383,36.0732],[136.4383,36.0736],[136.438,36.0754],[136.4341,36.076],[136.4336,36.0759],[136.4326,36.0761],[136.431,36.076],[136.4302,36.0761],[136.4291,36.0763],[136.4282,36.0766],[136.4249,36.0774],[136.4236,36.0778],[136.4216,36.0783],[136.4209,36.0784],[136.4187,36.0789],[136.4175,36.0792],[136.4147,36.0798],[136.4145,36.0799],[136.4122,36.0803],[136.4113,36.0807],[136.4095,36.081],[136.4061,36.0821],[136.4052,36.0824],[136.4036,36.0829],[136.4018,36.0835],[136.4006,36.0839],[136.3997,36.0842],[136.3979,36.0847],[136.3965,36.0851],[136.3949,36.0856],[136.3944,36.0857],[136.393,36.0861],[136.3919,36.0864],[136.3899,36.0873],[136.3892,36.0875],[136.3883,36.0875],[136.3884,36.0894],[136.3884,36.0908],[136.3891,36.0907],[136.3914,36.0907],[136.3928,36.0909],[136.3931,36.0912],[136.3933,36.0914],[136.3945,36.0917],[136.3956,36.0922],[136.396,36.0927],[136.3964,36.0935],[136.3978,36.0947],[136.3985,36.0955],[136.3987,36.0959],[136.399,36.0963],[136.3994,36.0965],[136.4002,36.0969],[136.4005,36.0974],[136.4009,36.0976],[136.4022,36.0982],[136.4028,36.0984],[136.4041,36.0991],[136.4042,36.0992],[136.4033,36.1003],[136.4029,36.1009],[136.4029,36.1014],[136.4027,36.1019],[136.4022,36.1029],[136.4021,36.1033],[136.4025,36.1042],[136.4027,36.105],[136.4026,36.1053],[136.402,36.1055],[136.4017,36.1059],[136.4013,36.1062],[136.4009,36.1063],[136.4001,36.1062],[136.3996,36.1065],[136.3994,36.1069],[136.3985,36.1084],[136.3984,36.1086],[136.3982,36.1091],[136.3986,36.1101],[136.3987,36.1109],[136.3989,36.1112],[136.3989,36.1116],[136.3982,36.1123],[136.3979,36.1128],[136.397,36.1136],[136.3949,36.1144],[136.3942,36.1145],[136.3937,36.1148],[136.3929,36.1154],[136.3926,36.1156],[136.3913,36.1162],[136.3911,36.1165],[136.3912,36.1173],[136.3915,36.1185],[136.3918,36.1193],[136.3918,36.1196],[136.3916,36.1201],[136.3914,36.1204],[136.3914,36.1207],[136.3917,36.1213],[136.3919,36.1226],[136.392,36.1232],[136.3926,36.1243],[136.3928,36.1249],[136.3924,36.1249],[136.3915,36.1247],[136.391,36.1248],[136.3901,36.1253],[136.3897,36.1256],[136.3893,36.1257],[136.3888,36.1256],[136.3877,36.1255],[136.3872,36.1256],[136.3866,36.1259],[136.3863,36.1263],[136.386,36.1265],[136.3853,36.1268],[136.3848,36.1269],[136.3826,36.1268],[136.3806,36.1266],[136.3797,36.1264],[136.3786,36.1261],[136.3781,36.126],[136.3775,36.1261],[136.3771,36.1261],[136.3764,36.1259],[136.3758,36.1259],[136.3753,36.1262],[136.3743,36.1271],[136.3733,36.1282],[136.373,36.1284],[136.3725,36.1286],[136.3721,36.1292],[136.3719,36.1297],[136.3717,36.1301],[136.371,36.1298],[136.3705,36.1295],[136.3695,36.1293],[136.3687,36.1292],[136.3679,36.1293],[136.3667,36.129],[136.3657,36.1286],[136.3646,36.1286],[136.3635,36.1285],[136.3628,36.1283],[136.3624,36.1284],[136.3619,36.1287],[136.3613,36.128],[136.3606,36.1277],[136.3602,36.1274],[136.3601,36.1269],[136.3601,36.1261],[136.3603,36.1255],[136.3603,36.1251],[136.3602,36.1245],[136.3601,36.1241],[136.3598,36.1238],[136.3596,36.1232],[136.3592,36.1225],[136.3589,36.1222],[136.3585,36.1219],[136.3581,36.121],[136.3574,36.1207],[136.357,36.1203],[136.3565,36.1195],[136.3561,36.1187],[136.356,36.1178],[136.3556,36.1174],[136.3554,36.1169],[136.3544,36.1164],[136.3538,36.1162],[136.3533,36.1156],[136.3529,36.1155],[136.3521,36.1156],[136.351,36.1153],[136.3501,36.1154],[136.3495,36.115],[136.3491,36.1144],[136.3487,36.1142],[136.3482,36.114],[136.3479,36.1135],[136.3476,36.1134],[136.3466,36.1136],[136.3459,36.1138],[136.3453,36.1133],[136.3449,36.1129],[136.3444,36.1121],[136.3436,36.1113],[136.3432,36.111],[136.3429,36.111],[136.3418,36.1112],[136.3406,36.1112],[136.3394,36.1109],[136.339,36.111],[136.3384,36.1113],[136.3374,36.112],[136.3364,36.1123],[136.3359,36.1124],[136.3352,36.1122],[136.3348,36.1121],[136.3343,36.1117],[136.3343,36.1113],[136.3339,36.111],[136.3331,36.1098],[136.3329,36.1096],[136.332,36.1093],[136.3314,36.109],[136.3309,36.1084],[136.3299,36.1082],[136.3289,36.1077],[136.3282,36.1073],[136.3278,36.1072],[136.3271,36.1072],[136.3261,36.1069],[136.3256,36.1069],[136.3245,36.1067],[136.3238,36.1062],[136.3233,36.106],[136.3236,36.1051],[136.3226,36.1049],[136.3231,36.1035],[136.3231,36.1029],[136.323,36.1028],[136.3214,36.1027],[136.3195,36.1024],[136.3183,36.1023],[136.3176,36.1023],[136.3173,36.1024],[136.316,36.1031],[136.3156,36.1032],[136.3155,36.1037],[136.3146,36.1037],[136.314,36.1038],[136.3126,36.1038],[136.3122,36.1034],[136.3106,36.1035],[136.3095,36.1036],[136.3076,36.1037],[136.3063,36.1038],[136.3051,36.1044],[136.3025,36.1054],[136.3003,36.1063],[136.2989,36.1068],[136.2979,36.107],[136.2973,36.1071],[136.2962,36.1073],[136.2964,36.1077],[136.2969,36.1086],[136.2973,36.1087],[136.2971,36.1093],[136.2977,36.1096],[136.2984,36.1109],[136.2987,36.1115],[136.2973,36.1125],[136.2963,36.113],[136.2942,36.1136],[136.2939,36.1131],[136.2922,36.1135],[136.2925,36.1142],[136.2917,36.1145],[136.2922,36.1154],[136.2904,36.116],[136.2898,36.115],[136.2893,36.1152],[136.2889,36.1145],[136.2871,36.115],[136.2866,36.1139],[136.2868,36.1138],[136.2863,36.1129],[136.2869,36.1127],[136.2868,36.1125],[136.2873,36.1123],[136.2871,36.1111],[136.284,36.1112],[136.284,36.1121],[136.2839,36.1126],[136.2846,36.1137],[136.2851,36.1148],[136.2845,36.1149],[136.2849,36.1157],[136.2847,36.1158],[136.2851,36.1167],[136.2849,36.1168],[136.2852,36.1177],[136.2846,36.1179],[136.2852,36.1193],[136.2853,36.1196],[136.2811,36.1207],[136.2805,36.1209],[136.2798,36.1208],[136.2801,36.1203],[136.2805,36.1186],[136.2813,36.115],[136.2814,36.1135],[136.2807,36.1135],[136.2806,36.1134],[136.2807,36.112],[136.2775,36.1115],[136.2764,36.1114],[136.2757,36.1113],[136.2755,36.1108],[136.2752,36.1107],[136.2756,36.1093],[136.2745,36.1092],[136.2746,36.1085],[136.274,36.1081],[136.2736,36.1072],[136.273,36.1072],[136.2715,36.1055],[136.2701,36.1041],[136.27,36.1041]]]},"properties":{"N03_001":"福井県","N03_002":"","N03_003":"吉田郡","N03_004":"永平寺町","N03_007":"18322"}},
{"type":"Feature","geometry":{"type":"Polygon","coordinates":[[[136.3571,35.7868],[136.3582,35.7869],[136.3589,35.7869],[136.36,35.787],[136.3604,35.7873],[136.3616,35.7878],[136.3624,35.788],[136.363,35.788],[136.3641,35.7882],[136.3645,35.7884],[136.3649,35.7888],[136.3653,35.7889],[136.3655,35.7892],[136.3656,35.7895],[136.3663,35.7898],[136.3674,35.79],[136.3685,35.7905],[136.369,35.791],[136.3717,35.792],[136.3721,35.7924],[136.3728,35.7928],[136.3742,35.7934],[136.3754,35.7941],[136.3761,35.7949],[136.3767,35.7952],[136.3778,35.7952],[136.3783,35.7951],[136.3791,35.7944],[136.3793,35.7943],[136.3802,35.7943],[136.381,35.7941],[136.3819,35.794],[136.3827,35.7937],[136.3834,35.7931],[136.3839,35.793],[136.3851,35.793],[136.3857,35.7928],[136.3872,35.7927],[136.3879,35.7922],[136.3888,35.7919],[136.389,35.7918],[136.3893,35.7912],[136.3894,35.7909],[136.3893,35.7902],[136.3897,35.7895],[136.3897,35.7889],[136.3895,35.7883],[136.3895,35.788],[136.3916,35.7882],[136.3928,35.7884],[136.3943,35.7883],[136.3955,35.7882],[136.3961,35.788],[136.3971,35.7884],[136.3974,35.7886],[136.398,35.7887],[136.3993,35.7891],[136.4001,35.7894],[136.4004,35.7893],[136.4006,35.7889],[136.4009,35.788],[136.4009,35.7874],[136.401,35.7871],[136.4014,35.787],[136.4015,35.7863],[136.4017,35.7861],[136.4032,35.7855],[136.4035,35.7854],[136.4037,35.7846],[136.4037,35.7839],[136.4045,35.7831],[136.4054,35.783],[136.408,35.7821],[136.4083,35.7818],[136.4083,35.7813],[136.4089,35.7803],[136.4092,35.7799],[136.4094,35.7805],[136.4112,35.7815],[136.4127,35.782],[136.4138,35.7822],[136.4147,35.7826],[136.4156,35.7825],[136.416,35.7824],[136.4161,35.7831],[136.4166,35.7839],[136.4161,35.7844],[136.4161,35.7846],[136.4179,35.7862],[136.4187,35.7864],[136.4197,35.7869],[136.4198,35.7874],[136.4201,35.7877],[136.4202,35.7883],[136.4202,35.7888],[136.4205,35.7899],[136.4209,35.7906],[136.4212,35.791],[136.4219,35.7916],[136.4223,35.7925],[136.4228,35.7934],[136.4241,35.7939],[136.4247,35.7939],[136.4258,35.7937],[136.4263,35.7938],[136.4266,35.7942],[136.4279,35.7948],[136.4287,35.7958],[136.4291,35.7962],[136.4297,35.7964],[136.4303,35.7971],[136.4313,35.7979],[136.4309,35.7989],[136.4309,35.7997],[136.4306,35.8007],[136.4311,35.802],[136.431,35.8027],[136.4317,35.8035],[136.4326,35.8038],[136.4333,35.8055],[136.4332,35.8063],[136.4326,35.8071],[136.4318,35.8073],[136.4306,35.8079],[136.4303,35.8084],[136.4297,35.8088],[136.429,35.809],[136.4286,35.8093],[136.4278,35.8096],[136.4267,35.8098],[136.4264,35.8101],[136.4258,35.8116],[136.4256,35.8118],[136.4246,35.8124],[136.4232,35.813],[136.4231,35.8133],[136.4232,35.8138],[136.4233,35.8142],[136.4233,35.8146],[136.423,35.8154],[136.4229,35.8159],[136.4231,35.8165],[136.4226,35.8176],[136.4226,35.8184],[136.4226,35.8193],[136.4226,35.8197],[136.4227,35.8206],[136.4229,35.8209],[136.4243,35.8211],[136.4247,35.8221],[136.4254,35.8224],[136.4256,35.8227],[136.4268,35.8233],[136.427,35.8234],[136.4281,35.8234],[136.4282,35.8236],[136.4275,35.8245],[136.4268,35.8249],[136.4261,35.8261],[136.426,35.8268],[136.4257,35.8272],[136.4255,35.8273],[136.4247,35.828],[136.4246,35.8284],[136.4246,35.8288],[136.4243,35.8292],[136.4245,35.83],[136.4243,35.8309],[136.4239,35.8313],[136.4239,35.8318],[136.4234,35.8325],[136.4234,35.8328],[136.4235,35.8336],[136.4238,35.8345],[136.4242,35.8348],[136.4246,35.8351],[136.4248,35.8354],[136.4247,35.8356],[136.4249,35.8359],[136.4254,35.8361],[136.4263,35.8362],[136.4268,35.8363],[136.4277,35.8374],[136.4281,35.8379],[136.4286,35.8386],[136.4289,35.839],[136.429,35.8396],[136.4289,35.8403],[136.4283,35.8409],[136.4283,35.8412],[136.4295,35.8418],[136.4297,35.8424],[136.4295,35.8431],[136.4298,35.8438],[136.4301,35.844],[136.4304,35.845],[136.4308,35.8459],[136.4312,35.8464],[136.4317,35.8468],[136.4323,35.8471],[136.4321,35.8474],[136.4318,35.8475],[136.4313,35.8479],[136.4315,35.8486],[136.4312,35.8493],[136.4309,35.8502],[136.431,35.8505],[136.4324,35.8507],[136.4328,35.8502],[136.4331,35.85],[136.4356,35.8496],[136.4365,35.8498],[136.435,35.851],[136.4343,35.8512],[136.4335,35.8517],[136.4328,35.8522],[136.4319,35.8529],[136.4318,35.8538],[136.4316,35.8541],[136.4313,35.8543],[136.4301,35.8546],[136.4298,35.8549],[136.4296,35.8556],[136.4293,35.8563],[136.4293,35.8569],[136.4291,35.8571],[136.4286,35.8572],[136.4282,35.8576],[136.4279,35.8583],[136.4276,35.8589],[136.4277,35.859],[136.4285,35.86],[136.4296,35.8609],[136.4297,35.8616],[136.4294,35.8623],[136.4296,35.8631],[136.4298,35.8634],[136.4304,35.8638],[136.4316,35.8638],[136.4324,35.8644],[136.4329,35.8649],[136.4334,35.8653],[136.4344,35.8663],[136.4346,35.8668],[136.435,35.8671],[136.4351,35.8677],[136.4357,35.8691],[136.4356,35.8693],[136.4338,35.8713],[136.4331,35.8719],[136.4332,35.8723],[136.4345,35.873],[136.435,35.8733],[136.4354,35.8733],[136.4358,35.8736],[136.4364,35.8741],[136.4368,35.8746],[136.4371,35.8752],[136.4375,35.8759],[136.4384,35.8767],[136.4395,35.8774],[136.4399,35.8779],[136.4399,35.8786],[136.4398,35.8793],[136.4392,35.8808],[136.4392,35.8813],[136.4391,35.8826],[136.4391,35.8831],[136.4395,35.884],[136.4395,35.8844],[136.4394,35.8849],[136.4393,35.886],[136.4385,35.886],[136.4363,35.8861],[136.4359,35.8863],[136.4358,35.8867],[136.4352,35.8876],[136.4342,35.8886],[136.433,35.8889],[136.4325,35.8897],[136.4322,35.8901],[136.4324,35.8907],[136.4324,35.8911],[136.4318,35.8921],[136.4318,35.8925],[136.4319,35.8928],[136.4322,35.8935],[136.4323,35.8938],[136.4322,35.8947],[136.4325,35.8952],[136.4325,35.8964],[136.4334,35.8974],[136.4341,35.8983],[136.4347,35.8988],[136.4349,35.8991],[136.436,35.9007],[136.4361,35.9008],[136.437,35.9008],[136.4376,35.901],[136.438,35.902],[136.4386,35.9025],[136.4386,35.9026],[136.4382,35.9032],[136.4382,35.904],[136.4386,35.9053],[136.4386,35.9059],[136.4387,35.9071],[136.4388,35.9086],[136.4391,35.909],[136.441,35.9094],[136.4417,35.9094],[136.4424,35.9096],[136.443,35.9101],[136.4432,35.9101],[136.4441,35.9102],[136.4446,35.91],[136.4453,35.9102],[136.446,35.9101],[136.4466,35.9101],[136.4472,35.9103],[136.4478,35.9107],[136.4482,35.9111],[136.4486,35.9112],[136.4495,35.9123],[136.45,35.9131],[136.4504,35.9133],[136.4507,35.913],[136.4514,35.9128],[136.4521,35.9131],[136.4528,35.9132],[136.4541,35.9132],[136.4551,35.9133],[136.4557,35.9136],[136.4563,35.9141],[136.4568,35.9144],[136.4573,35.9149],[136.4579,35.9158],[136.4582,35.9167],[136.4586,35.917],[136.4595,35.9172],[136.4599,35.9177],[136.4601,35.9184],[136.4605,35.9188],[136.4606,35.9191],[136.4599,35.9198],[136.4604,35.9203],[136.4605,35.9206],[136.4603,35.9206],[136.4599,35.9208],[136.4596,35.921],[136.4594,35.9213],[136.4592,35.9214],[136.4589,35.9214],[136.4587,35.9214],[136.4584,35.9213],[136.4583,35.9213],[136.4582,35.9212],[136.4578,35.9211],[136.4576,35.9211],[136.4574,35.921],[136.4568,35.9205],[136.4565,35.9204],[136.4563,35.9204],[136.456,35.9205],[136.4557,35.9207],[136.455,35.9208],[136.4543,35.9209],[136.4539,35.921],[136.4533,35.9211],[136.4527,35.9213],[136.4523,35.9215],[136.4521,35.9216],[136.4519,35.9218],[136.4519,35.9222],[136.4519,35.9223],[136.4518,35.9224],[136.4516,35.9225],[136.4514,35.9226],[136.451,35.9228],[136.4507,35.923],[136.4503,35.9232],[136.45,35.9233],[136.4497,35.9233],[136.4494,35.9234],[136.4493,35.9234],[136.4489,35.9234],[136.4487,35.9234],[136.4484,35.9235],[136.448,35.9235],[136.4478,35.9235],[136.4472,35.9233],[136.4468,35.923],[136.4464,35.9228],[136.4461,35.9229],[136.446,35.9231],[136.4458,35.9233],[136.4453,35.9236],[136.4445,35.9243],[136.4442,35.9246],[136.4441,35.9248],[136.4442,35.925],[136.4443,35.9252],[136.4443,35.9253],[136.4442,35.9255],[136.444,35.9256],[136.4436,35.9258],[136.4428,35.9259],[136.4422,35.9261],[136.4417,35.9263],[136.4413,35.9263],[136.4411,35.9264],[136.441,35.9265],[136.4404,35.9269],[136.4401,35.9271],[136.4395,35.9273],[136.439,35.9275],[136.4387,35.9277],[136.4387,35.9278],[136.4387,35.9281],[136.4388,35.9283],[136.4392,35.929],[136.4394,35.9296],[136.4396,35.9305],[136.4397,35.9306],[136.4398,35.9315],[136.4398,35.9321],[136.4398,35.9323],[136.4396,35.9324],[136.4389,35.9328],[136.4388,35.9329],[136.4385,35.9332],[136.4381,35.9333],[136.438,35.9334],[136.4377,35.9335],[136.4375,35.9336],[136.4368,35.9341],[136.4365,35.9343],[136.4365,35.9345],[136.4365,35.9347],[136.4364,35.9349],[136.4363,35.9353],[136.4361,35.9357],[136.4359,35.9359],[136.4356,35.9361],[136.4352,35.9363],[136.4351,35.9363],[136.4348,35.9363],[136.4346,35.9362],[136.4344,35.9362],[136.4339,35.9363],[136.4333,35.9364],[136.4331,35.9365],[136.4324,35.9367],[136.4323,35.9368],[136.432,35.9369],[136.4319,35.937],[136.4317,35.9372],[136.4315,35.9375],[136.4314,35.9377],[136.4312,35.9379],[136.4309,35.938],[136.4303,35.938],[136.4301,35.938],[136.43,35.9381],[136.4297,35.9382],[136.4295,35.9383],[136.4293,35.9383],[136.4288,35.9383],[136.4276,35.9382],[136.4268,35.938],[136.4266,35.938],[136.4264,35.9382],[136.4261,35.9384],[136.4259,35.9385],[136.4257,35.9385],[136.4251,35.9385],[136.425,35.9385],[136.4248,35.9385],[136.4242,35.9387],[136.424,35.9387],[136.4234,35.9388],[136.4231,35.9388],[136.423,35.9388],[136.4229,35.9389],[136.4228,35.9391],[136.4226,35.9394],[136.4223,35.9396],[136.422,35.9399],[136.4217,35.94],[136.4216,35.9402],[136.4215,35.9407],[136.4215,35.9409],[136.4213,35.941],[136.4211,35.941],[136.4209,35.9409],[136.4206,35.9409],[136.4203,35.9408],[136.4199,35.9408],[136.4191,35.9409],[136.4188,35.941],[136.4186,35.941],[136.4185,35.9411],[136.4185,35.9413],[136.4185,35.9415],[136.4185,35.9416],[136.4185,35.9417],[136.4182,35.9419],[136.4181,35.942],[136.4179,35.9422],[136.4177,35.9426],[136.4175,35.9429],[136.4174,35.943],[136.417,35.9431],[136.4167,35.9432],[136.4163,35.9434],[136.4156,35.9436],[136.4147,35.9439],[136.4143,35.9439],[136.414,35.944],[136.4138,35.944],[136.4137,35.9441],[136.4135,35.9444],[136.4134,35.9447],[136.4132,35.9448],[136.413,35.9449],[136.4128,35.945],[136.4127,35.9451],[136.4127,35.9453],[136.4127,35.9454],[136.4127,35.9457],[136.4126,35.9459],[136.4125,35.946],[136.4122,35.9461],[136.4118,35.9462],[136.4116,35.9463],[136.4112,35.9464],[136.4107,35.9466],[136.4106,35.9468],[136.4105,35.9468],[136.4103,35.9469],[136.4101,35.947],[136.4098,35.9469],[136.4097,35.947],[136.4094,35.9475],[136.4092,35.9478],[136.4088,35.9482],[136.4086,35.9483],[136.4085,35.9484],[136.4083,35.9484],[136.4079,35.9485],[136.4077,35.9486],[136.4075,35.9487],[136.4072,35.949],[136.4071,35.949],[136.407,35.949],[136.4067,35.949],[136.4066,35.9488],[136.4064,35.9487],[136.4063,35.9485],[136.4062,35.9484],[136.406,35.9485],[136.4058,35.9486],[136.4056,35.9487],[136.4054,35.9487],[136.4049,35.9486],[136.4046,35.9484],[136.4044,35.9483],[136.4043,35.9483],[136.4042,35.9481],[136.4039,35.948],[136.4037,35.948],[136.4034,35.948],[136.4031,35.9481],[136.4025,35.9483],[136.4023,35.9485],[136.402,35.9485],[136.4012,35.9484],[136.401,35.9484],[136.4008,35.9484],[136.4003,35.9483],[136.4,35.9483],[136.3998,35.9483],[136.3994,35.9485],[136.3987,35.9489],[136.3977,35.9496],[136.3972,35.9498],[136.3968,35.95],[136.3964,35.9501],[136.3958,35.9503],[136.3956,35.9504],[136.3955,35.9505],[136.3952,35.9506],[136.395,35.9506],[136.3945,35.9506],[136.3941,35.9505],[136.3939,35.9504],[136.3937,35.9504],[136.3933,35.9501],[136.3929,35.9504],[136.3928,35.9505],[136.3924,35.9507],[136.392,35.9509],[136.3917,35.951],[136.3916,35.9511],[136.3914,35.9511],[136.3912,35.951],[136.391,35.9511],[136.3909,35.9512],[136.3909,35.9515],[136.3909,35.9517],[136.3907,35.9518],[136.3905,35.9519],[136.3901,35.952],[136.3894,35.9523],[136.3889,35.9524],[136.3881,35.9526],[136.3879,35.9526],[136.3876,35.9526],[136.3874,35.9525],[136.3872,35.9524],[136.387,35.9524],[136.3867,35.9523],[136.3864,35.9524],[136.3863,35.9524],[136.386,35.9523],[136.3856,35.9521],[136.3847,35.9515],[136.3846,35.9515],[136.3844,35.9514],[136.3839,35.9512],[136.3833,35.9512],[136.3827,35.9512],[136.3818,35.9515],[136.3814,35.9517],[136.381,35.9517],[136.3805,35.9516],[136.3798,35.9512],[136.3797,35.9512],[136.3796,35.9512],[136.3795,35.9513],[136.3793,35.9514],[136.3791,35.9515],[136.3788,35.9515],[136.3779,35.9515],[136.3774,35.9515],[136.3767,35.9516],[136.3761,35.9517],[136.3758,35.9518],[136.3756,35.9518],[136.3754,35.9517],[136.3754,35.9515],[136.3753,35.951],[136.3751,35.9508],[136.375,35.9507],[136.3748,35.9507],[136.3743,35.9506],[136.3741,35.9505],[136.3738,35.9503],[136.3735,35.95],[136.3734,35.95],[136.3733,35.9499],[136.3731,35.9498],[136.3728,35.9496],[136.3725,35.9492],[136.3723,35.9492],[136.3721,35.9491],[136.3718,35.9492],[136.3714,35.9491],[136.3708,35.9491],[136.3706,35.949],[136.3703,35.9489],[136.37,35.9487],[136.3698,35.9486],[136.3697,35.9486],[136.3691,35.9486],[136.3684,35.9488],[136.368,35.9488],[136.3678,35.9488],[136.3676,35.9487],[136.3673,35.9486],[136.3672,35.9485],[136.3672,35.9484],[136.3672,35.9482],[136.3672,35.948],[136.3671,35.9479],[136.367,35.9479],[136.3668,35.9479],[136.3667,35.948],[136.3664,35.9481],[136.3662,35.9482],[136.3661,35.9482],[136.3658,35.9481],[136.3652,35.948],[136.3647,35.9478],[136.3642,35.9477],[136.3635,35.9476],[136.3627,35.9476],[136.3622,35.9476],[136.362,35.9477],[136.3617,35.9477],[136.3614,35.9476],[136.361,35.9475],[136.3603,35.9473],[136.3599,35.9473],[136.3596,35.9473],[136.3593,35.9473],[136.359,35.9474],[136.3588,35.9475],[136.3587,35.9475],[136.3586,35.9475],[136.3584,35.9476],[136.3583,35.9475],[136.3582,35.9475],[136.3578,35.9472],[136.3573,35.9466],[136.3571,35.9464],[136.357,35.9462],[136.3568,35.9459],[136.3566,35.9457],[136.3565,35.9456],[136.356,35.9453],[136.3555,35.945],[136.3548,35.9446],[136.3541,35.944],[136.3534,35.9435],[136.3532,35.9434],[136.3524,35.9426],[136.3522,35.9424],[136.352,35.942],[136.3518,35.9417],[136.3518,35.9414],[136.3517,35.9411],[136.3514,35.9407],[136.3509,35.9399],[136.3505,35.9392],[136.3504,35.9389],[136.3503,35.9386],[136.3503,35.9384],[136.3504,35.9377],[136.3503,35.937],[136.3503,35.9368],[136.3504,35.9366],[136.3511,35.936],[136.351,35.9359],[136.3507,35.9355],[136.3506,35.9355],[136.3505,35.9353],[136.3504,35.9352],[136.3503,35.9349],[136.3502,35.9343],[136.3501,35.9343],[136.35,35.9342],[136.3499,35.9342],[136.3492,35.934],[136.3491,35.9339],[136.349,35.9338],[136.349,35.9337],[136.349,35.9336],[136.3488,35.9335],[136.3486,35.9333],[136.3484,35.9331],[136.3482,35.933],[136.348,35.9329],[136.3475,35.9327],[136.3473,35.9326],[136.3471,35.9326],[136.347,35.9324],[136.347,35.9323],[136.3469,35.9322],[136.3467,35.9321],[136.3466,35.932],[136.3464,35.932],[136.3462,35.9319],[136.346,35.9318],[136.3458,35.9317],[136.3457,35.9315],[136.3456,35.9314],[136.3455,35.9314],[136.3454,35.9314],[136.3452,35.9314],[136.3445,35.9317],[136.3443,35.9317],[136.3442,35.9317],[136.344,35.9316],[136.3437,35.9314],[136.3435,35.9314],[136.3433,35.9315],[136.343,35.9317],[136.3429,35.9318],[136.3426,35.9318],[136.3424,35.9319],[136.3423,35.9319],[136.3422,35.9321],[136.342,35.9323],[136.342,35.9325],[136.3419,35.9327],[136.3418,35.9328],[136.3417,35.9328],[136.3416,35.9328],[136.3415,35.9328],[136.3414,35.9327],[136.3413,35.9326],[136.3409,35.9323],[136.3407,35.9322],[136.3405,35.9321],[136.3402,35.9321],[136.3397,35.932],[136.3396,35.932],[136.3395,35.932],[136.3394,35.9318],[136.3393,35.9317],[136.3392,35.9314],[136.3392,35.9311],[136.3392,35.9308],[136.3391,35.9305],[136.339,35.9303],[136.3388,35.93],[136.3388,35.9299],[136.3386,35.9298],[136.3383,35.9296],[136.3382,35.9296],[136.338,35.9295],[136.3374,35.9295],[136.337,35.9294],[136.3368,35.9294],[136.3367,35.9293],[136.3366,35.9292],[136.3364,35.929],[136.3362,35.9289],[136.336,35.9287],[136.3358,35.9286],[136.3353,35.9286],[136.3349,35.9286],[136.3344,35.9286],[136.3337,35.9287],[136.3337,35.9281],[136.334,35.9275],[136.3341,35.9271],[136.3337,35.9263],[136.3336,35.9249],[136.3333,35.9244],[136.3327,35.9241],[136.3323,35.9237],[136.3319,35.9234],[136.331,35.9232],[136.3298,35.9222],[136.3286,35.9214],[136.327,35.921],[136.3262,35.9209],[136.3251,35.9201],[136.3243,35.92],[136.323,35.9201],[136.3223,35.9202],[136.321,35.9206],[136.3202,35.9209],[136.3195,35.9212],[136.3174,35.9212],[136.3158,35.9209],[136.3148,35.9207],[136.3137,35.9203],[136.3133,35.92],[136.3131,35.9194],[136.313,35.9191],[136.312,35.9185],[136.3116,35.918],[136.3111,35.9178],[136.3108,35.9174],[136.3108,35.9171],[136.3112,35.9162],[136.3109,35.9156],[136.3109,35.9153],[136.3103,35.9152],[136.31,35.9151],[136.3097,35.9144],[136.31,35.9139],[136.3104,35.9138],[136.3113,35.9137],[136.3118,35.9135],[136.3126,35.9129],[136.3134,35.9127],[136.314,35.9129],[136.314,35.9127],[136.3144,35.9118],[136.3152,35.9112],[136.3152,35.9111],[136.3153,35.9101],[136.3154,35.9097],[136.3153,35.9093],[136.3156,35.9089],[136.3154,35.9085],[136.3152,35.9077],[136.3153,35.9074],[136.316,35.9068],[136.3154,35.906],[136.3147,35.9056],[136.3144,35.9055],[136.3134,35.9054],[136.3133,35.9048],[136.3126,35.9045],[136.3124,35.9043],[136.3119,35.9039],[136.3118,35.9037],[136.3118,35.9033],[136.3117,35.9026],[136.3111,35.9021],[136.3108,35.9018],[136.3105,35.901],[136.3106,35.9001],[136.3103,35.8994],[136.3105,35.8989],[136.3102,35.8978],[136.3101,35.8976],[136.3095,35.8973],[136.309,35.8968],[136.3088,35.8964],[136.309,35.8953],[136.3095,35.8949],[136.3098,35.8946],[136.3106,35.8942],[136.3114,35.8934],[136.312,35.8931],[136.3121,35.8929],[136.3121,35.8923],[136.3118,35.8918],[136.3118,35.8916],[136.3113,35.8911],[136.3112,35.8907],[136.3113,35.8903],[136.3117,35.8894],[136.3123,35.8889],[136.3124,35.8887],[136.312,35.8879],[136.3115,35.8874],[136.3116,35.8871],[136.311,35.8867],[136.3102,35.8863],[136.3094,35.8856],[136.3086,35.8852],[136.308,35.885],[136.3077,35.8845],[136.3071,35.8841],[136.307,35.8837],[136.3072,35.8831],[136.3073,35.8825],[136.3072,35.8819],[136.3071,35.8817],[136.306,35.8809],[136.305,35.8804],[136.3051,35.8798],[136.3057,35.8792],[136.3063,35.8786],[136.3065,35.8783],[136.3064,35.8777],[136.3052,35.8766],[136.3046,35.8757],[136.3045,35.8753],[136.3041,35.8748],[136.304,35.8743],[136.3034,35.8741],[136.3023,35.8739],[136.3014,35.8737],[136.3007,35.8736],[136.2997,35.8732],[136.2991,35.8723],[136.2988,35.8721],[136.2982,35.8713],[136.2975,35.8709],[136.2969,35.8705],[136.2963,35.8703],[136.2961,35.87],[136.2961,35.8691],[136.2951,35.8685],[136.295,35.8681],[136.2946,35.8673],[136.294,35.8668],[136.2934,35.8668],[136.2928,35.8665],[136.2923,35.8666],[136.2916,35.8665],[136.2911,35.8661],[136.2903,35.8662],[136.2896,35.8664],[136.2888,35.8665],[136.288,35.8667],[136.2872,35.8665],[136.2869,35.8659],[136.2864,35.8653],[136.2859,35.8645],[136.2853,35.8645],[136.284,35.8647],[136.283,35.8647],[136.2825,35.8649],[136.2814,35.8651],[136.2809,35.8653],[136.2801,35.8656],[136.2792,35.8657],[136.2789,35.8657],[136.2773,35.8654],[136.2771,35.8644],[136.2766,35.864],[136.276,35.8634],[136.2756,35.8633],[136.2751,35.8628],[136.275,35.862],[136.2747,35.8617],[136.2738,35.8613],[136.2732,35.8607],[136.273,35.8598],[136.2728,35.8595],[136.2727,35.8587],[136.2728,35.8577],[136.2728,35.8574],[136.2725,35.8571],[136.2718,35.8565],[136.2712,35.8562],[136.2706,35.8558],[136.2705,35.8553],[136.2704,35.8551],[136.2696,35.8545],[136.269,35.8533],[136.2682,35.8525],[136.2677,35.851],[136.2668,35.8505],[136.2664,35.8497],[136.2664,35.8491],[136.2661,35.8485],[136.2653,35.848],[136.2647,35.848],[136.2641,35.8476],[136.2629,35.8467],[136.2623,35.8458],[136.2622,35.8454],[136.2612,35.8446],[136.2599,35.8443],[136.2592,35.8434],[136.2587,35.8433],[136.2582,35.8432],[136.2574,35.8429],[136.2572,35.8427],[136.2559,35.8421],[136.2566,35.8412],[136.2571,35.8409],[136.2574,35.8403],[136.2579,35.8398],[136.258,35.8395],[136.258,35.839],[136.2583,35.8386],[136.2583,35.8381],[136.2594,35.8379],[136.2596,35.8377],[136.2597,35.8374],[136.2599,35.8365],[136.2598,35.8361],[136.26,35.8351],[136.2602,35.8341],[136.2595,35.8325],[136.2595,35.8323],[136.26,35.8318],[136.2602,35.8313],[136.2601,35.8307],[136.2598,35.8301],[136.2597,35.8295],[136.2592,35.8292],[136.2587,35.829],[136.2584,35.8285],[136.2583,35.8277],[136.2581,35.8272],[136.2582,35.8268],[136.2579,35.8262],[136.2579,35.8253],[136.2588,35.8237],[136.2595,35.8233],[136.2605,35.8235],[136.2613,35.8237],[136.2623,35.824],[136.2629,35.8238],[136.2641,35.8237],[136.2646,35.8237],[136.2652,35.8234],[136.2657,35.8233],[136.2666,35.8233],[136.2669,35.8232],[136.2677,35.8225],[136.268,35.8224],[136.2686,35.8227],[136.2703,35.8233],[136.2709,35.8234],[136.2715,35.8234],[136.2721,35.8237],[136.2729,35.8238],[136.2736,35.8233],[136.2745,35.8231],[136.2749,35.8226],[136.2755,35.8223],[136.276,35.8223],[136.2764,35.8221],[136.2772,35.8221],[136.2783,35.8223],[136.2799,35.8228],[136.2804,35.8225],[136.281,35.8224],[136.2816,35.822],[136.2826,35.8217],[136.2831,35.8214],[136.2836,35.8212],[136.2841,35.8212],[136.285,35.8208],[136.2856,35.8204],[136.2863,35.8204],[136.2864,35.8209],[136.2866,35.8215],[136.2872,35.822],[136.2878,35.8221],[136.2883,35.8224],[136.2893,35.8221],[136.2897,35.8221],[136.2904,35.8225],[136.292,35.8232],[136.2929,35.8232],[136.2938,35.8237],[136.2949,35.8246],[136.2953,35.8247],[136.2966,35.8247],[136.298,35.8245],[136.2986,35.8243],[136.2985,35.8249],[136.2984,35.8259],[136.2984,35.8263],[136.2988,35.8268],[136.299,35.8275],[136.2999,35.8281],[136.3003,35.8284],[136.3009,35.8286],[136.3014,35.8292],[136.3015,35.8301],[136.3018,35.83],[136.3017,35.8292],[136.3018,35.8289],[136.3025,35.8281],[136.303,35.8277],[136.3035,35.8273],[136.3045,35.827],[136.3052,35.8265],[136.3057,35.8263],[136.306,35.826],[136.306,35.8255],[136.3069,35.8247],[136.3078,35.8242],[136.3085,35.8243],[136.3094,35.8241],[136.3099,35.8236],[136.3103,35.8236],[136.311,35.8237],[136.3114,35.8232],[136.312,35.8228],[136.3126,35.8226],[136.3131,35.8224],[136.3135,35.8219],[136.3137,35.8209],[136.3137,35.8204],[136.3139,35.82],[136.3138,35.8188],[136.3141,35.8186],[136.3144,35.818],[136.3145,35.8177],[136.3147,35.8174],[136.3153,35.8175],[136.3159,35.8175],[136.3166,35.8173],[136.3177,35.8177],[136.3189,35.8179],[136.3194,35.8181],[136.3195,35.8186],[136.3207,35.8194],[136.3214,35.8208],[136.3218,35.821],[136.3221,35.8215],[136.3234,35.8221],[136.3241,35.8228],[136.3252,35.8239],[136.3255,35.8239],[136.3258,35.8232],[136.3261,35.823],[136.3268,35.8227],[136.3279,35.8218],[136.3284,35.8217],[136.3292,35.8216],[136.3309,35.8202],[136.3313,35.82],[136.332,35.8203],[136.3327,35.821],[136.3333,35.8213],[136.334,35.8222],[136.3343,35.8223],[136.3349,35.8222],[136.3357,35.822],[136.3365,35.8222],[136.3369,35.8225],[136.3375,35.8227],[136.3386,35.8226],[136.3389,35.8223],[136.3393,35.8223],[136.3399,35.8225],[136.3403,35.8227],[136.3413,35.8223],[136.3418,35.8218],[136.3421,35.8211],[136.3425,35.8208],[136.3433,35.8196],[136.3435,35.8189],[136.344,35.8187],[136.345,35.8185],[136.3454,35.8179],[136.3461,35.8174],[136.3466,35.8168],[136.3466,35.8159],[136.347,35.8154],[136.3473,35.8152],[136.3478,35.8149],[136.3479,35.8146],[136.3483,35.8139],[136.3495,35.8133],[136.3495,35.8128],[136.3488,35.8117],[136.3485,35.8113],[136.3478,35.8108],[136.3476,35.8101],[136.347,35.8094],[136.3469,35.8088],[136.3472,35.8084],[136.3465,35.8075],[136.3464,35.8072],[136.3469,35.8065],[136.348,35.8054],[136.3483,35.8054],[136.3492,35.8056],[136.3495,35.8056],[136.3504,35.8051],[136.3509,35.8049],[136.3511,35.8044],[136.3514,35.804],[136.3516,35.8035],[136.3521,35.8028],[136.3522,35.8026],[136.3527,35.802],[136.3528,35.8017],[136.3534,35.8011],[136.3535,35.8009],[136.3531,35.7999],[136.3528,35.7996],[136.3525,35.7989],[136.3522,35.7986],[136.3523,35.7978],[136.3515,35.797],[136.3512,35.7964],[136.351,35.7954],[136.351,35.7949],[136.3517,35.7945],[136.3523,35.7942],[136.3528,35.7938],[136.3526,35.7931],[136.3526,35.7927],[136.3527,35.7924],[136.3527,35.7919],[136.3534,35.7906],[136.3537,35.7902],[136.354,35.7896],[136.354,35.7888],[136.3543,35.7878],[136.3546,35.7876],[136.3562,35.7872],[136.3566,35.7869],[136.3571,35.7868]]]},"properties":{"N03_001":"福井県","N03_002":"","N03_003":"今立郡","N03_004":"池田町","N03_007":"18382"}},
{"type":"Feature","geometry":{"type":"Polygon","coordinates":[[[136.1503,35.6977],[136.1506,35.6979],[136.1514,35.6984],[136.1518,35.6986],[136.1526,35.6987],[136.1536,35.6987],[136.1544,35.699],[136.1552,35.6999],[136.1558,35.7001],[136.1568,35.7004],[136.1571,35.7003],[136.1575,35.7],[136.1581,35.6993],[136.1585,35.699],[136.1608,35.6981],[136.1614,35.6977],[136.1615,35.6969],[136.1618,35.6964],[136.1622,35.6963],[136.1636,35.6962],[136.1648,35.6963],[136.1656,35.6967],[136.166,35.6973],[136.1661,35.6975],[136.1659,35.6983],[136.166,35.6986],[136.166,35.6994],[136.1664,35.7001],[136.1666,35.701],[136.1668,35.7022],[136.1673,35.7029],[136.1679,35.7034],[136.1682,35.7033],[136.1684,35.7028],[136.1694,35.7021],[136.1701,35.7015],[136.1704,35.7014],[136.1708,35.7016],[136.1716,35.7017],[136.1721,35.702],[136.1726,35.7023],[136.173,35.7027],[136.1739,35.7031],[136.1744,35.7037],[136.1746,35.7037],[136.1751,35.7034],[136.1758,35.7032],[136.176,35.703],[136.1764,35.703],[136.1771,35.7028],[136.1777,35.7025],[136.1784,35.7018],[136.1789,35.7019],[136.1798,35.7018],[136.1803,35.7018],[136.1808,35.7015],[136.1811,35.7016],[136.1817,35.7019],[136.1821,35.7025],[136.1822,35.703],[136.1834,35.7036],[136.1844,35.7035],[136.1853,35.7037],[136.1863,35.7034],[136.1868,35.7033],[136.1884,35.7028],[136.1894,35.7023],[136.1898,35.7023],[136.1901,35.7025],[136.1911,35.7025],[136.1913,35.7024],[136.1914,35.7015],[136.1919,35.7007],[136.1921,35.7007],[136.1926,35.7008],[136.1931,35.7008],[136.1934,35.7006],[136.1937,35.7002],[136.1941,35.6993],[136.1947,35.6984],[136.195,35.6979],[136.1952,35.6973],[136.1955,35.6968],[136.1956,35.6961],[136.1955,35.6956],[136.1956,35.695],[136.1958,35.6946],[136.1965,35.6942],[136.1966,35.6939],[136.1966,35.6935],[136.197,35.6927],[136.1968,35.6921],[136.1975,35.691],[136.1979,35.6905],[136.1981,35.69],[136.1985,35.6896],[136.199,35.6894],[136.1992,35.6894],[136.1999,35.6899],[136.2004,35.6898],[136.201,35.6899],[136.2015,35.6895],[136.2016,35.6886],[136.2021,35.6881],[136.2023,35.6875],[136.203,35.6874],[136.2034,35.6872],[136.2037,35.687],[136.2042,35.6868],[136.2045,35.6868],[136.2048,35.6871],[136.2058,35.6872],[136.2063,35.687],[136.2065,35.6872],[136.2074,35.6875],[136.2076,35.6875],[136.208,35.6877],[136.2083,35.6876],[136.2087,35.6871],[136.2093,35.6867],[136.2097,35.6867],[136.2102,35.6863],[136.2105,35.6858],[136.2103,35.6851],[136.2105,35.6845],[136.2118,35.6824],[136.2124,35.6819],[136.2128,35.6818],[136.213,35.6825],[136.2135,35.6829],[136.2139,35.6835],[136.2141,35.6836],[136.2148,35.6837],[136.2155,35.6839],[136.2163,35.6844],[136.2166,35.6845],[136.2176,35.6846],[136.2189,35.6845],[136.2195,35.6844],[136.2198,35.684],[136.22,35.6835],[136.2203,35.6834],[136.2212,35.6834],[136.2218,35.6834],[136.2224,35.6831],[136.2229,35.6824],[136.2232,35.6818],[136.2235,35.6815],[136.2241,35.6811],[136.2246,35.681],[136.2253,35.6809],[136.2259,35.6805],[136.2274,35.6804],[136.2277,35.6805],[136.2284,35.6811],[136.2289,35.6813],[136.2296,35.6815],[136.2305,35.6824],[136.2311,35.6827],[136.2324,35.6826],[136.2331,35.6825],[136.234,35.6825],[136.2344,35.6825],[136.2346,35.6823],[136.2348,35.6818],[136.2351,35.6814],[136.2358,35.6809],[136.2388,35.6785],[136.24,35.6774],[136.2406,35.6769],[136.2418,35.6764],[136.2423,35.676],[136.243,35.6756],[136.2439,35.6746],[136.2446,35.6738],[136.2449,35.6738],[136.2455,35.6743],[136.2467,35.6753],[136.2477,35.6756],[136.2504,35.6762],[136.2508,35.6761],[136.2519,35.6749],[136.2523,35.6746],[136.2531,35.6744],[136.2545,35.6738],[136.255,35.6734],[136.2558,35.6725],[136.2575,35.6713],[136.258,35.6712],[136.2597,35.6717],[136.2601,35.6718],[136.2617,35.6717],[136.2623,35.6716],[136.2634,35.6713],[136.264,35.6711],[136.2664,35.6698],[136.2694,35.6687],[136.2703,35.6681],[136.2705,35.6677],[136.2704,35.6672],[136.2706,35.6669],[136.2712,35.6665],[136.2716,35.666],[136.2716,35.6656],[136.2718,35.6655],[136.2737,35.6655],[136.2743,35.6653],[136.2749,35.6648],[136.276,35.6642],[136.2764,35.6637],[136.2767,35.6636],[136.2773,35.6636],[136.2778,35.6634],[136.2792,35.6619],[136.2795,35.6617],[136.2805,35.6613],[136.2806,35.6611],[136.2801,35.66],[136.28,35.6595],[136.2802,35.6592],[136.2805,35.6588],[136.2807,35.6586],[136.2808,35.6592],[136.2812,35.6598],[136.2823,35.6604],[136.2826,35.6612],[136.2829,35.6615],[136.2837,35.662],[136.2839,35.6623],[136.2843,35.6631],[136.2844,35.6634],[136.2848,35.6637],[136.2858,35.664],[136.2869,35.6645],[136.2879,35.6649],[136.2894,35.6654],[136.2904,35.6658],[136.2907,35.6662],[136.2908,35.6665],[136.2908,35.6668],[136.2899,35.6675],[136.2895,35.6682],[136.2889,35.6694],[136.2888,35.6701],[136.2886,35.6706],[136.2886,35.6711],[136.2888,35.6714],[136.2892,35.6717],[136.2898,35.6721],[136.2902,35.6723],[136.2906,35.6723],[136.2919,35.6729],[136.2923,35.6736],[136.2925,35.6738],[136.2932,35.6742],[136.2939,35.6745],[136.2945,35.675],[136.2953,35.6753],[136.296,35.6757],[136.2968,35.6755],[136.2972,35.6757],[136.2976,35.6766],[136.2989,35.6777],[136.2989,35.6788],[136.2988,35.6789],[136.2982,35.6791],[136.297,35.6798],[136.2965,35.6799],[136.2957,35.6804],[136.2951,35.6804],[136.2947,35.6807],[136.2944,35.6811],[136.294,35.6821],[136.2936,35.6826],[136.2933,35.6831],[136.2929,35.6834],[136.2922,35.6837],[136.2919,35.6841],[136.2919,35.6845],[136.2921,35.6851],[136.2921,35.6853],[136.2919,35.6858],[136.2918,35.6866],[136.2911,35.6873],[136.2908,35.6877],[136.2909,35.6879],[136.2914,35.6883],[136.2916,35.6886],[136.2918,35.6896],[136.2918,35.6904],[136.2919,35.6907],[136.2925,35.691],[136.2933,35.6913],[136.2939,35.6911],[136.2951,35.6909],[136.2953,35.691],[136.296,35.6917],[136.2964,35.6919],[136.297,35.6918],[136.2976,35.6918],[136.2979,35.6919],[136.2981,35.6928],[136.2994,35.6936],[136.2999,35.6943],[136.3003,35.6953],[136.3007,35.6957],[136.301,35.6961],[136.3013,35.6969],[136.3016,35.6974],[136.3019,35.6979],[136.3028,35.6989],[136.3035,35.6993],[136.3041,35.7003],[136.3043,35.701],[136.3045,35.7013],[136.3047,35.7015],[136.3063,35.701],[136.3066,35.7011],[136.3072,35.7016],[136.3078,35.7029],[136.3085,35.7033],[136.3091,35.7033],[136.3095,35.7035],[136.3103,35.7047],[136.3108,35.7057],[136.3108,35.7063],[136.3103,35.707],[136.3103,35.7078],[136.3107,35.7087],[136.3106,35.7096],[136.3104,35.7105],[136.3106,35.7108],[136.311,35.7111],[136.3118,35.712],[136.3131,35.7129],[136.3137,35.7129],[136.3145,35.713],[136.3154,35.7132],[136.3161,35.7132],[136.3164,35.7135],[136.3166,35.7139],[136.3168,35.7143],[136.3172,35.7144],[136.3177,35.7144],[136.3182,35.7143],[136.3187,35.7143],[136.3197,35.7145],[136.3212,35.7151],[136.3219,35.7155],[136.3227,35.7156],[136.3231,35.7161],[136.3234,35.7164],[136.324,35.7167],[136.3237,35.7174],[136.3235,35.718],[136.3221,35.719],[136.3214,35.7198],[136.3207,35.7214],[136.3204,35.7225],[136.3205,35.7229],[136.3218,35.724],[136.3229,35.7244],[136.3236,35.725],[136.3241,35.726],[136.3244,35.7263],[136.3253,35.7264],[136.3252,35.7266],[136.3248,35.727],[136.3247,35.7276],[136.3256,35.7291],[136.3261,35.7302],[136.3266,35.731],[136.3269,35.7313],[136.327,35.7315],[136.3264,35.7319],[136.3257,35.7334],[136.3259,35.7343],[136.3259,35.7346],[136.3256,35.735],[136.3255,35.7361],[136.3253,35.7366],[136.3249,35.7369],[136.3245,35.7375],[136.3243,35.7387],[136.3243,35.7392],[136.3244,35.74],[136.324,35.7405],[136.3242,35.7409],[136.3246,35.742],[136.3247,35.7428],[136.3252,35.7433],[136.3252,35.7436],[136.325,35.7447],[136.3248,35.7448],[136.3232,35.7456],[136.3226,35.746],[136.322,35.7462],[136.3213,35.747],[136.321,35.7471],[136.3204,35.7471],[136.32,35.7473],[136.3195,35.7479],[136.3192,35.7484],[136.3192,35.7489],[136.3195,35.7498],[136.3193,35.7501],[136.3189,35.7504],[136.3184,35.751],[136.3185,35.7512],[136.3192,35.7515],[136.3194,35.7517],[136.3194,35.7521],[136.3192,35.7524],[136.3193,35.7527],[136.3198,35.7531],[136.3198,35.7538],[136.32,35.7546],[136.3199,35.7558],[136.3198,35.7561],[136.32,35.7566],[136.3203,35.757],[136.3204,35.7578],[136.3202,35.7585],[136.3207,35.7593],[136.3213,35.7602],[136.3217,35.7606],[136.322,35.761],[136.3221,35.7614],[136.3218,35.7619],[136.3216,35.7627],[136.3219,35.7632],[136.3219,35.7636],[136.3215,35.7648],[136.3217,35.7653],[136.3226,35.766],[136.323,35.7662],[136.3238,35.7668],[136.3247,35.7671],[136.3247,35.7672],[136.324,35.7679],[136.3239,35.7681],[136.3239,35.7686],[136.324,35.7694],[136.3243,35.7699],[136.325,35.7702],[136.325,35.7705],[136.3252,35.7712],[136.3265,35.7723],[136.327,35.7732],[136.3271,35.7735],[136.3275,35.7742],[136.3279,35.7751],[136.3287,35.775],[136.3297,35.7752],[136.332,35.776],[136.3328,35.7764],[136.3334,35.7765],[136.3343,35.7764],[136.3351,35.7764],[136.3358,35.7763],[136.3363,35.7754],[136.3365,35.7748],[136.3367,35.7747],[136.3376,35.7754],[136.3383,35.7754],[136.3388,35.7757],[136.3395,35.7759],[136.3406,35.7757],[136.3416,35.7761],[136.342,35.7761],[136.3427,35.7757],[136.343,35.7757],[136.3441,35.7763],[136.3451,35.7764],[136.3455,35.7764],[136.3463,35.7761],[136.3468,35.7762],[136.3473,35.7772],[136.3479,35.7777],[136.348,35.7785],[136.3482,35.7788],[136.3482,35.7797],[136.3484,35.78],[136.3497,35.7808],[136.35,35.7809],[136.3503,35.7813],[136.351,35.782],[136.3518,35.7823],[136.3521,35.7828],[136.3524,35.783],[136.353,35.7833],[136.354,35.7835],[136.3544,35.7837],[136.355,35.7841],[136.356,35.7844],[136.357,35.7858],[136.3571,35.7862],[136.3571,35.7868],[136.3566,35.7869],[136.3562,35.7872],[136.3546,35.7876],[136.3543,35.7878],[136.354,35.7888],[136.354,35.7896],[136.3537,35.7902],[136.3534,35.7906],[136.3527,35.7919],[136.3527,35.7924],[136.3526,35.7927],[136.3526,35.7931],[136.3528,35.7938],[136.3523,35.7942],[136.3517,35.7945],[136.351,35.7949],[136.351,35.7954],[136.3512,35.7964],[136.3515,35.797],[136.3523,35.7978],[136.3522,35.7986],[136.3525,35.7989],[136.3528,35.7996],[136.3531,35.7999],[136.3535,35.8009],[136.3534,35.8011],[136.3528,35.8017],[136.3527,35.802],[136.3522,35.8026],[136.3521,35.8028],[136.3516,35.8035],[136.3514,35.804],[136.3511,35.8044],[136.3509,35.8049],[136.3504,35.8051],[136.3495,35.8056],[136.3492,35.8056],[136.3483,35.8054],[136.348,35.8054],[136.3469,35.8065],[136.3464,35.8072],[136.3465,35.8075],[136.3472,35.8084],[136.3469,35.8088],[136.347,35.8094],[136.3476,35.8101],[136.3478,35.8108],[136.3485,35.8113],[136.3488,35.8117],[136.3495,35.8128],[136.3495,35.8133],[136.3483,35.8139],[136.3479,35.8146],[136.3478,35.8149],[136.3473,35.8152],[136.347,35.8154],[136.3466,35.8159],[136.3466,35.8168],[136.3461,35.8174],[136.3454,35.8179],[136.345,35.8185],[136.344,35.8187],[136.3435,35.8189],[136.3433,35.8196],[136.3425,35.8208],[136.3421,35.8211],[136.3418,35.8218],[136.3413,35.8223],[136.3403,35.8227],[136.3399,35.8225],[136.3393,35.8223],[136.3389,35.8223],[136.3386,35.8226],[136.3375,35.8227],[136.3369,35.8225],[136.3365,35.8222],[136.3357,35.822],[136.3349,35.8222],[136.3343,35.8223],[136.334,35.8222],[136.3333,35.8213],[136.3327,35.821],[136.332,35.8203],[136.3313,35.82],[136.3309,35.8202],[136.3292,35.8216],[136.3284,35.8217],[136.3279,35.8218],[136.3268,35.8227],[136.3261,35.823],[136.3258,35.8232],[136.3255,35.8239],[136.3252,35.8239],[136.3241,35.8228],[136.3234,35.8221],[136.3221,35.8215],[136.3218,35.821],[136.3214,35.8208],[136.3207,35.8194],[136.3195,35.8186],[136.3194,35.8181],[136.3189,35.8179],[136.3177,35.8177],[136.3166,35.8173],[136.3159,35.8175],[136.3153,35.8175],[136.3147,35.8174],[136.3145,35.8177],[136.3144,35.818],[136.3141,35.8186],[136.3138,35.8188],[136.3139,35.82],[136.3137,35.8204],[136.3137,35.8209],[136.3135,35.8219],[136.3131,35.8224],[136.3126,35.8226],[136.312,35.8228],[136.3114,35.8232],[136.311,35.8237],[136.3103,35.8236],[136.3099,35.8236],[136.3094,35.8241],[136.3085,35.8243],[136.3078,35.8242],[136.3069,35.8247],[136.306,35.8255],[136.306,35.826],[136.3057,35.8263],[136.3052,35.8265],[136.3045,35.827],[136.3035,35.8273],[136.303,35.8277],[136.3025,35.8281],[136.3018,35.8289],[136.3017,35.8292],[136.3018,35.83],[136.3015,35.8301],[136.3014,35.8292],[136.3009,35.8286],[136.3003,35.8284],[136.2999,35.8281],[136.299,35.8275],[136.2988,35.8268],[136.2984,35.8263],[136.2984,35.8259],[136.2985,35.8249],[136.2986,35.8243],[136.298,35.8245],[136.2966,35.8247],[136.2953,35.8247],[136.2949,35.8246],[136.2938,35.8237],[136.2929,35.8232],[136.292,35.8232],[136.2904,35.8225],[136.2897,35.8221],[136.2893,35.8221],[136.2883,35.8224],[136.2878,35.8221],[136.2872,35.822],[136.2866,35.8215],[136.2864,35.8209],[136.2863,35.8204],[136.2856,35.8204],[136.285,35.8208],[136.2841,35.8212],[136.2836,35.8212],[136.2831,35.8214],[136.2826,35.8217],[136.2816,35.822],[136.281,35.8224],[136.2804,35.8225],[136.2799,35.8228],[136.2783,35.8223],[136.2772,35.8221],[136.2764,35.8221],[136.276,35.8223],[136.2755,35.8223],[136.2749,35.8226],[136.2745,35.8231],[136.2736,35.8233],[136.2729,35.8238],[136.2721,35.8237],[136.2715,35.8234],[136.2709,35.8234],[136.2703,35.8233],[136.2686,35.8227],[136.268,35.8224],[136.2677,35.8225],[136.2669,35.8232],[136.2666,35.8233],[136.2657,35.8233],[136.2652,35.8234],[136.2646,35.8237],[136.2641,35.8237],[136.2629,35.8238],[136.2623,35.824],[136.2613,35.8237],[136.2605,35.8235],[136.2595,35.8233],[136.2588,35.8237],[136.2579,35.8253],[136.2579,35.8262],[136.2582,35.8268],[136.2581,35.8272],[136.2583,35.8277],[136.2584,35.8285],[136.2587,35.829],[136.2592,35.8292],[136.2597,35.8295],[136.2598,35.8301],[136.2601,35.8307],[136.2602,35.8313],[136.26,35.8318],[136.2595,35.8323],[136.2595,35.8325],[136.2602,35.8341],[136.26,35.8351],[136.2598,35.8361],[136.2599,35.8365],[136.2597,35.8374],[136.2596,35.8377],[136.2594,35.8379],[136.2583,35.8381],[136.2583,35.8386],[136.258,35.839],[136.258,35.8395],[136.2579,35.8398],[136.2574,35.8403],[136.2571,35.8409],[136.2566,35.8412],[136.2559,35.8421],[136.2555,35.8425],[136.2551,35.8426],[136.2546,35.8426],[136.2538,35.8423],[136.2529,35.8424],[136.2521,35.8424],[136.2516,35.8426],[136.251,35.8434],[136.2503,35.8438],[136.2501,35.844],[136.2497,35.8451],[136.2492,35.8455],[136.2484,35.8456],[136.2471,35.8456],[136.2462,35.8453],[136.2456,35.8448],[136.2449,35.8448],[136.2446,35.8446],[136.244,35.8445],[136.2435,35.8448],[136.2424,35.8452],[136.2415,35.8454],[136.2412,35.8455],[136.2404,35.8463],[136.2394,35.847],[136.2388,35.8478],[136.2383,35.848],[136.2374,35.8486],[136.2366,35.8491],[136.2359,35.8494],[136.2348,35.8496],[136.2344,35.8498],[136.2339,35.8501],[136.2333,35.8508],[136.233,35.8513],[136.2324,35.852],[136.2312,35.8528],[136.2306,35.8532],[136.2299,35.8532],[136.2292,35.8533],[136.2273,35.8539],[136.2262,35.8539],[136.2255,35.8544],[136.2248,35.8547],[136.2243,35.8552],[136.224,35.8558],[136.2239,35.856],[136.223,35.856],[136.2217,35.856],[136.2213,35.8561],[136.2205,35.8561],[136.2193,35.8561],[136.2183,35.8559],[136.2179,35.856],[136.2172,35.8564],[136.2163,35.8566],[136.2157,35.857],[136.2152,35.8571],[136.2145,35.8571],[136.2137,35.8576],[136.2133,35.8577],[136.2126,35.8574],[136.2117,35.8572],[136.2112,35.8568],[136.2107,35.8567],[136.21,35.8568],[136.2094,35.8571],[136.2089,35.8572],[136.2086,35.8575],[136.2084,35.8579],[136.2077,35.859],[136.2068,35.8596],[136.2066,35.8596],[136.206,35.8596],[136.2053,35.8596],[136.2037,35.8596],[136.2029,35.8594],[136.2019,35.8591],[136.1997,35.8587],[136.199,35.8585],[136.1972,35.8578],[136.1963,35.8575],[136.1958,35.8575],[136.195,35.858],[136.1945,35.858],[136.1933,35.8579],[136.1919,35.8577],[136.1914,35.8578],[136.1909,35.858],[136.1894,35.8578],[136.1877,35.8574],[136.1869,35.8574],[136.1842,35.857],[136.1831,35.8569],[136.1819,35.8567],[136.1814,35.8575],[136.1808,35.8575],[136.1809,35.8552],[136.1808,35.8551],[136.1775,35.8536],[136.1782,35.8525],[136.1767,35.8519],[136.1771,35.8516],[136.1756,35.8511],[136.1755,35.8508],[136.1752,35.8505],[136.1751,35.8502],[136.1756,35.8499],[136.1759,35.8496],[136.1758,35.849],[136.1753,35.8481],[136.1753,35.8474],[136.1751,35.8471],[136.1753,35.8466],[136.1754,35.8459],[136.1754,35.8455],[136.1752,35.8452],[136.175,35.8441],[136.1745,35.8437],[136.1741,35.8433],[136.1734,35.8431],[136.1729,35.8431],[136.1725,35.8429],[136.172,35.8422],[136.1715,35.8418],[136.171,35.8417],[136.1703,35.841],[136.1693,35.8405],[136.1692,35.84],[136.1688,35.8397],[136.168,35.8392],[136.1673,35.8387],[136.1667,35.8385],[136.1664,35.8382],[136.1663,35.8377],[136.1661,35.8373],[136.1659,35.8371],[136.1648,35.8365],[136.1644,35.8362],[136.1634,35.8359],[136.1628,35.8355],[136.1616,35.8352],[136.1609,35.8351],[136.1606,35.8346],[136.1602,35.8344],[136.1596,35.8343],[136.1589,35.834],[136.1585,35.8335],[136.1584,35.8331],[136.1581,35.8326],[136.1583,35.8322],[136.1589,35.8317],[136.1594,35.831],[136.1594,35.8307],[136.1589,35.8296],[136.1585,35.829],[136.1584,35.8286],[136.1584,35.8276],[136.1582,35.8267],[136.1578,35.8263],[136.1568,35.8259],[136.1565,35.8257],[136.1563,35.8254],[136.1562,35.8248],[136.1559,35.8241],[136.1557,35.8233],[136.1555,35.8225],[136.1551,35.822],[136.1547,35.8212],[136.1545,35.821],[136.1537,35.8205],[136.1536,35.8203],[136.1535,35.8198],[136.1532,35.8193],[136.1532,35.8189],[136.1534,35.8178],[136.1534,35.8174],[136.1531,35.8169],[136.1501,35.8156],[136.1495,35.8151],[136.1483,35.8144],[136.1474,35.8142],[136.147,35.8139],[136.1467,35.8133],[136.1465,35.813],[136.1451,35.8123],[136.1441,35.8121],[136.143,35.8122],[136.1426,35.8119],[136.1417,35.8106],[136.1408,35.8101],[136.1402,35.8096],[136.1399,35.8093],[136.1395,35.8085],[136.1389,35.808],[136.1377,35.8089],[136.1371,35.8092],[136.1363,35.8094],[136.1355,35.8098],[136.1346,35.8101],[136.1348,35.8105],[136.1351,35.8113],[136.1348,35.8123],[136.1346,35.8135],[136.1344,35.8141],[136.1341,35.8151],[136.1337,35.8161],[136.1334,35.8165],[136.133,35.8167],[136.1326,35.8171],[136.1325,35.8179],[136.1324,35.8195],[136.1323,35.8199],[136.1315,35.8207],[136.1311,35.8214],[136.131,35.822],[136.1308,35.8226],[136.1306,35.8238],[136.1299,35.8244],[136.1299,35.8249],[136.1312,35.8262],[136.1315,35.8268],[136.1316,35.8275],[136.1316,35.8281],[136.1314,35.8287],[136.131,35.8293],[136.1309,35.8299],[136.1304,35.8302],[136.1302,35.8313],[136.13,35.8316],[136.1295,35.8323],[136.1298,35.833],[136.1297,35.8335],[136.1294,35.8342],[136.129,35.8351],[136.1287,35.8357],[136.1287,35.8365],[136.1285,35.8372],[136.1285,35.8377],[136.1281,35.8388],[136.1284,35.8393],[136.1286,35.8395],[136.129,35.8402],[136.1293,35.8405],[136.1293,35.8408],[136.1283,35.8412],[136.1277,35.8415],[136.1274,35.842],[136.1272,35.8427],[136.1269,35.843],[136.1265,35.8432],[136.1247,35.8433],[136.1242,35.8437],[136.1233,35.8442],[136.123,35.8443],[136.1221,35.8443],[136.1217,35.844],[136.1212,35.8439],[136.1208,35.8439],[136.1189,35.8455],[136.1186,35.846],[136.118,35.8462],[136.1169,35.8457],[136.1163,35.8459],[136.116,35.8464],[136.1152,35.8468],[136.1148,35.8469],[136.1141,35.8462],[136.1122,35.8453],[136.1118,35.845],[136.1105,35.8448],[136.1099,35.8444],[136.1093,35.8442],[136.1087,35.8442],[136.1084,35.8442],[136.1073,35.8426],[136.1065,35.8425],[136.1057,35.8421],[136.1052,35.8418],[136.1048,35.8416],[136.1038,35.8418],[136.1032,35.8417],[136.1027,35.8417],[136.1022,35.8424],[136.1012,35.8433],[136.1007,35.8437],[136.1001,35.8444],[136.0998,35.8445],[136.099,35.8445],[136.0975,35.8446],[136.097,35.8446],[136.0964,35.8441],[136.0959,35.8439],[136.0954,35.8438],[136.0944,35.8438],[136.0933,35.8437],[136.0921,35.8439],[136.0916,35.8441],[136.0908,35.844],[136.0898,35.8438],[136.0884,35.8433],[136.0875,35.8433],[136.0869,35.8431],[136.0854,35.8429],[136.0849,35.8429],[136.084,35.8434],[136.0835,35.8436],[136.0826,35.8436],[136.082,35.8439],[136.0811,35.8451],[136.0806,35.8455],[136.0799,35.8457],[136.08,35.847],[136.0795,35.8481],[136.0788,35.8483],[136.078,35.849],[136.0778,35.8496],[136.077,35.85],[136.0764,35.8501],[136.075,35.8498],[136.0743,35.8498],[136.0737,35.8497],[136.073,35.8497],[136.0724,35.8496],[136.0721,35.8492],[136.0705,35.8487],[136.0696,35.8486],[136.0691,35.8483],[136.0686,35.8486],[136.0678,35.8486],[136.067,35.8482],[136.0663,35.8483],[136.0659,35.8486],[136.0651,35.8489],[136.0646,35.8489],[136.0638,35.8482],[136.0633,35.8478],[136.0626,35.8483],[136.0612,35.8487],[136.0604,35.8492],[136.0599,35.8489],[136.0593,35.8488],[136.0588,35.8488],[136.0583,35.8483],[136.0578,35.8482],[136.0573,35.8483],[136.0571,35.8486],[136.0569,35.8491],[136.0566,35.8493],[136.056,35.8493],[136.0559,35.8494],[136.0561,35.8497],[136.0552,35.8503],[136.0548,35.8512],[136.0548,35.8519],[136.0542,35.8525],[136.0542,35.8528],[136.0546,35.8532],[136.0547,35.8536],[136.0546,35.8543],[136.0545,35.8546],[136.054,35.8554],[136.0539,35.8558],[136.0542,35.8562],[136.0547,35.8562],[136.0553,35.8568],[136.0559,35.8584],[136.0565,35.8591],[136.0566,35.8598],[136.0563,35.8602],[136.0547,35.8607],[136.054,35.8608],[136.0528,35.8604],[136.052,35.8601],[136.0509,35.8601],[136.0502,35.8601],[136.0496,35.8598],[136.0485,35.8596],[136.0478,35.8599],[136.0472,35.8606],[136.0462,35.8603],[136.0457,35.8604],[136.045,35.8603],[136.0445,35.8606],[136.0442,35.8614],[136.0436,35.8617],[136.0426,35.8618],[136.0421,35.8623],[136.042,35.863],[136.0415,35.8645],[136.0408,35.8656],[136.0405,35.8665],[136.0399,35.8668],[136.0393,35.8672],[136.0387,35.8672],[136.0381,35.8674],[136.0377,35.868],[136.0372,35.8683],[136.0366,35.8684],[136.0362,35.8686],[136.0358,35.8698],[136.0356,35.87],[136.0351,35.8703],[136.0347,35.8707],[136.034,35.8709],[136.0331,35.8708],[136.0327,35.8709],[136.0314,35.8713],[136.03,35.8719],[136.0294,35.8726],[136.0281,35.873],[136.0272,35.8729],[136.0263,35.8733],[136.0256,35.8735],[136.0249,35.8736],[136.0237,35.8743],[136.0231,35.8744],[136.0225,35.8744],[136.0219,35.8748],[136.0215,35.8751],[136.0216,35.8755],[136.0215,35.8768],[136.0215,35.8772],[136.0214,35.8782],[136.0213,35.8783],[136.0206,35.8784],[136.02,35.8789],[136.0197,35.8789],[136.0196,35.8786],[136.0196,35.8782],[136.0194,35.878],[136.0192,35.8778],[136.0191,35.8776],[136.0191,35.8775],[136.0189,35.8774],[136.0184,35.8773],[136.0179,35.8772],[136.0177,35.8772],[136.0176,35.8771],[136.0176,35.8768],[136.0175,35.8764],[136.0174,35.8762],[136.0173,35.8762],[136.017,35.8761],[136.0168,35.876],[136.0167,35.876],[136.0166,35.876],[136.0165,35.8759],[136.0161,35.8755],[136.0154,35.875],[136.0147,35.8745],[136.0146,35.8744],[136.014,35.8738],[136.0138,35.8736],[136.0135,35.8732],[136.0132,35.8731],[136.0129,35.8729],[136.0126,35.8728],[136.0117,35.8726],[136.0113,35.8724],[136.0112,35.8724],[136.0121,35.8714],[136.0127,35.871],[136.013,35.8706],[136.0135,35.8702],[136.0136,35.8699],[136.014,35.8699],[136.0146,35.8695],[136.0156,35.8688],[136.0165,35.8682],[136.0176,35.8674],[136.0178,35.8669],[136.0191,35.8661],[136.0196,35.8659],[136.021,35.8652],[136.0212,35.8648],[136.0223,35.8636],[136.0226,35.8633],[136.023,35.8631],[136.0242,35.8624],[136.0244,35.8621],[136.0248,35.8619],[136.0252,35.8616],[136.0254,35.8616],[136.0259,35.8612],[136.0261,35.8609],[136.0264,35.8607],[136.0269,35.8601],[136.0271,35.8597],[136.0273,35.8597],[136.0275,35.8593],[136.0281,35.8587],[136.0286,35.8585],[136.0287,35.8582],[136.0297,35.8574],[136.0299,35.8571],[136.0303,35.8572],[136.0317,35.8565],[136.0325,35.8559],[136.0325,35.8556],[136.033,35.8554],[136.0342,35.8542],[136.034,35.854],[136.0346,35.8533],[136.0349,35.8533],[136.0352,35.8529],[136.0356,35.8526],[136.036,35.8519],[136.0362,35.8519],[136.0364,35.8515],[136.0363,35.8512],[136.0366,35.8509],[136.0375,35.8506],[136.0377,35.8504],[136.0382,35.8503],[136.0387,35.8506],[136.0403,35.8491],[136.0407,35.8484],[136.041,35.8485],[136.042,35.8472],[136.0426,35.8459],[136.0432,35.8448],[136.0432,35.8446],[136.0434,35.8441],[136.044,35.8439],[136.0448,35.8434],[136.0456,35.843],[136.0455,35.8428],[136.0462,35.8423],[136.0465,35.8422],[136.0469,35.8416],[136.0468,35.841],[136.0465,35.8408],[136.0486,35.8393],[136.0487,35.8393],[136.047,35.8405],[136.0474,35.8408],[136.0482,35.8402],[136.0489,35.8398],[136.0494,35.8397],[136.0499,35.8393],[136.05,35.8389],[136.0507,35.8382],[136.0511,35.8381],[136.0516,35.8376],[136.0519,35.8371],[136.0523,35.8369],[136.0538,35.8358],[136.0537,35.8356],[136.0545,35.8353],[136.0545,35.8351],[136.055,35.8348],[136.0555,35.8347],[136.0555,35.8345],[136.056,35.8342],[136.0559,35.8339],[136.0564,35.8337],[136.0569,35.8338],[136.057,35.8336],[136.0577,35.8331],[136.0579,35.8329],[136.0585,35.8327],[136.0588,35.8325],[136.0594,35.8317],[136.0598,35.8314],[136.0601,35.8311],[136.0604,35.8306],[136.061,35.8304],[136.0612,35.83],[136.0609,35.8299],[136.0609,35.8296],[136.0616,35.8297],[136.0618,35.8299],[136.0621,35.8296],[136.0631,35.8292],[136.0636,35.8291],[136.0646,35.8291],[136.0647,35.8287],[136.0672,35.8265],[136.0677,35.8253],[136.0687,35.8244],[136.0688,35.8247],[136.0697,35.8249],[136.0703,35.8248],[136.0709,35.8243],[136.0713,35.8237],[136.0711,35.823],[136.0715,35.8222],[136.0719,35.8216],[136.0721,35.8211],[136.0728,35.82],[136.0732,35.8192],[136.0732,35.8187],[136.0736,35.8179],[136.0734,35.8178],[136.0734,35.8174],[136.0737,35.8169],[136.0741,35.8169],[136.0748,35.8166],[136.0754,35.8159],[136.0757,35.8154],[136.0758,35.8147],[136.0757,35.8145],[136.0759,35.8143],[136.0763,35.8133],[136.0766,35.8129],[136.0765,35.8124],[136.0763,35.812],[136.0764,35.8117],[136.077,35.8109],[136.0767,35.8105],[136.077,35.8103],[136.0772,35.8105],[136.0782,35.81],[136.0787,35.8096],[136.0789,35.8092],[136.0793,35.8083],[136.0805,35.8056],[136.0811,35.8048],[136.0815,35.8043],[136.0821,35.8032],[136.0828,35.8022],[136.0834,35.8016],[136.0838,35.8011],[136.0865,35.7992],[136.0869,35.7989],[136.0874,35.7983],[136.0877,35.7979],[136.088,35.7969],[136.0885,35.7956],[136.089,35.7948],[136.0893,35.7941],[136.0898,35.7918],[136.0901,35.7911],[136.0916,35.7895],[136.0922,35.789],[136.0925,35.7886],[136.0934,35.7874],[136.0952,35.7849],[136.0964,35.7836],[136.0972,35.7827],[136.0977,35.782],[136.0976,35.7818],[136.0977,35.7814],[136.098,35.7815],[136.0983,35.7809],[136.0998,35.7792],[136.1002,35.7783],[136.1004,35.7775],[136.1003,35.7767],[136.1002,35.7762],[136.0992,35.7747],[136.0988,35.774],[136.0987,35.7732],[136.0982,35.773],[136.0982,35.7727],[136.0989,35.7726],[136.099,35.7715],[136.0988,35.7707],[136.0983,35.7708],[136.0981,35.7705],[136.0983,35.77],[136.0981,35.7692],[136.0974,35.7682],[136.0967,35.7681],[136.0965,35.7678],[136.0967,35.7673],[136.0975,35.7669],[136.0979,35.7665],[136.0981,35.7661],[136.0983,35.7652],[136.0995,35.7652],[136.1006,35.7656],[136.102,35.7657],[136.1025,35.7656],[136.1056,35.7654],[136.1079,35.7651],[136.1083,35.7652],[136.11,35.7657],[136.1111,35.7659],[136.112,35.7658],[136.1128,35.7654],[136.1133,35.7647],[136.1139,35.7643],[136.1143,35.7639],[136.1145,35.7634],[136.1149,35.7629],[136.1153,35.7622],[136.1157,35.7604],[136.1157,35.7596],[136.1158,35.7591],[136.116,35.7588],[136.1168,35.7585],[136.1175,35.7579],[136.1176,35.7577],[136.1174,35.7569],[136.1174,35.7565],[136.1176,35.756],[136.1185,35.7553],[136.1187,35.7549],[136.1184,35.7542],[136.1186,35.7538],[136.119,35.7536],[136.119,35.7526],[136.1187,35.7522],[136.1185,35.7518],[136.1186,35.7516],[136.1192,35.7516],[136.1197,35.7513],[136.1202,35.7507],[136.121,35.7505],[136.1216,35.75],[136.1222,35.7498],[136.1223,35.7492],[136.1225,35.7488],[136.1229,35.7485],[136.1234,35.7486],[136.1237,35.7484],[136.1239,35.748],[136.1242,35.747],[136.1247,35.7463],[136.1255,35.7461],[136.1256,35.7459],[136.1254,35.7453],[136.1256,35.7445],[136.1259,35.7442],[136.1264,35.7439],[136.1265,35.7431],[136.1267,35.7426],[136.1269,35.7425],[136.1278,35.7419],[136.1285,35.7415],[136.1294,35.7413],[136.1303,35.7412],[136.1307,35.741],[136.1311,35.7402],[136.1314,35.739],[136.132,35.738],[136.1326,35.7373],[136.1329,35.7363],[136.1327,35.7351],[136.133,35.7349],[136.1332,35.7344],[136.1334,35.7335],[136.1331,35.7328],[136.1328,35.7323],[136.1327,35.7315],[136.1326,35.7306],[136.1326,35.7299],[136.1328,35.729],[136.1334,35.7289],[136.1337,35.7286],[136.1337,35.7282],[136.1334,35.7272],[136.1336,35.7264],[136.1331,35.7257],[136.1335,35.7253],[136.1336,35.7249],[136.1334,35.7246],[136.1329,35.7242],[136.1328,35.7238],[136.132,35.7233],[136.1319,35.7232],[136.132,35.7227],[136.1322,35.7225],[136.1327,35.7223],[136.1337,35.7216],[136.1349,35.721],[136.1357,35.7199],[136.1363,35.7195],[136.1382,35.7189],[136.139,35.7182],[136.1396,35.7175],[136.1409,35.7169],[136.1414,35.7166],[136.1426,35.7161],[136.143,35.7157],[136.1432,35.7153],[136.1436,35.7143],[136.1438,35.7141],[136.1451,35.7136],[136.1457,35.7136],[136.146,35.7132],[136.1464,35.7126],[136.147,35.7123],[136.1475,35.712],[136.1485,35.7111],[136.1488,35.7107],[136.1488,35.7103],[136.1487,35.7092],[136.1484,35.7089],[136.1485,35.7082],[136.1486,35.7077],[136.149,35.707],[136.1492,35.7066],[136.1492,35.7063],[136.149,35.7057],[136.1491,35.7052],[136.1491,35.7046],[136.149,35.7044],[136.1485,35.7042],[136.1484,35.7035],[136.1481,35.7032],[136.1476,35.7031],[136.1468,35.7028],[136.1465,35.7028],[136.146,35.703],[136.1456,35.703],[136.1453,35.7027],[136.1453,35.7024],[136.1462,35.7008],[136.147,35.7002],[136.147,35.6995],[136.1471,35.6993],[136.1476,35.699],[136.1483,35.6991],[136.1489,35.699],[136.1493,35.6988],[136.1501,35.6981],[136.1503,35.6977]]]},"properties":{"N03_001":"福井県","N03_002":"","N03_003":"南条郡","N03_004":"南越前町","N03_007":"18404"}},
{"type":"Feature","geometry":{"type":"MultiPolygon","coordinates":[]},"properties":{"N03_001":"福井県","N03_002":"","N03_003":"丹生郡","N03_004":"越前町","N03_007":"18423"}},
{"type":"Feature","geometry":{"type":"Polygon","coordinates":[[[135.947,35.5205],[135.9471,35.5202],[135.9477,35.5192],[135.9486,35.5173],[135.9488,35.5166],[135.9493,35.5162],[135.9499,35.5155],[135.9504,35.5147],[135.951,35.5129],[135.9516,35.5118],[135.9518,35.5112],[135.9519,35.51],[135.9522,35.5095],[135.9522,35.5092],[135.952,35.5084],[135.9518,35.5077],[135.9518,35.5072],[135.9524,35.5062],[135.9544,35.5057],[135.956,35.506],[135.9567,35.5061],[135.9576,35.506],[135.9579,35.5057],[135.9586,35.5048],[135.9588,35.5044],[135.9592,35.504],[135.9605,35.5029],[135.9608,35.5023],[135.9609,35.5022],[135.9617,35.502],[135.9626,35.5013],[135.9641,35.5018],[135.9648,35.5021],[135.9651,35.5025],[135.9658,35.5027],[135.9669,35.503],[135.9672,35.503],[135.9683,35.5026],[135.969,35.5025],[135.9693,35.5022],[135.9698,35.5015],[135.9701,35.5012],[135.9714,35.5009],[135.9726,35.5001],[135.973,35.4986],[135.9732,35.4983],[135.9746,35.4975],[135.9747,35.4974],[135.9752,35.4963],[135.9757,35.4953],[135.9761,35.4949],[135.9762,35.494],[135.9763,35.4938],[135.9777,35.4927],[135.9788,35.4912],[135.9793,35.4898],[135.9793,35.4889],[135.9794,35.4885],[135.9803,35.4881],[135.981,35.4867],[135.9812,35.4866],[135.9817,35.4866],[135.9827,35.4873],[135.9835,35.4881],[135.9841,35.4886],[135.9845,35.4891],[135.9852,35.4895],[135.9864,35.49],[135.987,35.4905],[135.9876,35.4914],[135.988,35.4918],[135.9891,35.4925],[135.9895,35.4927],[135.9904,35.4927],[135.9909,35.4925],[135.9923,35.4919],[135.9932,35.4916],[135.9938,35.4915],[135.9948,35.4916],[135.9953,35.4918],[135.9959,35.4921],[135.9965,35.4926],[135.9967,35.4926],[135.9973,35.492],[135.9976,35.4915],[135.998,35.4914],[135.9986,35.4915],[135.9996,35.4918],[136.0006,35.4916],[136.0011,35.4917],[136.0018,35.4919],[136.0025,35.4919],[136.0034,35.4914],[136.0038,35.4911],[136.0043,35.491],[136.0052,35.4913],[136.0062,35.4916],[136.0067,35.4918],[136.007,35.4922],[136.0071,35.4927],[136.007,35.4932],[136.0072,35.4934],[136.0085,35.4936],[136.0089,35.4939],[136.0095,35.4946],[136.0102,35.4952],[136.0105,35.4957],[136.0111,35.4966],[136.0114,35.497],[136.0117,35.4976],[136.0116,35.498],[136.0108,35.4995],[136.0108,35.4998],[136.011,35.5],[136.0116,35.5003],[136.0118,35.5009],[136.0117,35.5013],[136.0119,35.5019],[136.0117,35.5025],[136.0119,35.5029],[136.0124,35.5035],[136.0123,35.5037],[136.0119,35.5042],[136.0117,35.5046],[136.0117,35.5048],[136.0124,35.5058],[136.0133,35.5073],[136.0138,35.5078],[136.0146,35.5083],[136.0151,35.5087],[136.0154,35.5095],[136.0158,35.5105],[136.0157,35.5108],[136.0151,35.5115],[136.0151,35.5116],[136.0158,35.5122],[136.016,35.5123],[136.0178,35.5124],[136.0187,35.5121],[136.0194,35.5118],[136.0201,35.5119],[136.0204,35.5123],[136.0206,35.5129],[136.0211,35.5138],[136.0215,35.5149],[136.0224,35.5166],[136.0229,35.5176],[136.0232,35.518],[136.0233,35.5189],[136.0235,35.5192],[136.0234,35.5198],[136.0235,35.52],[136.024,35.5202],[136.0245,35.5204],[136.025,35.5209],[136.0273,35.5219],[136.0282,35.5226],[136.0287,35.5232],[136.0288,35.5234],[136.0288,35.5238],[136.028,35.5244],[136.0274,35.5247],[136.0273,35.5249],[136.0273,35.5252],[136.0276,35.5257],[136.0276,35.5263],[136.0266,35.5266],[136.0262,35.5269],[136.0261,35.5274],[136.0265,35.5287],[136.0265,35.5295],[136.0265,35.5299],[136.0267,35.5318],[136.0267,35.5324],[136.027,35.5329],[136.0274,35.5335],[136.0274,35.5344],[136.0275,35.5349],[136.0274,35.5355],[136.027,35.5359],[136.0266,35.5365],[136.0266,35.5373],[136.0269,35.5386],[136.0273,35.5396],[136.0273,35.5406],[136.0273,35.541],[136.0276,35.5418],[136.0277,35.5425],[136.0267,35.543],[136.0252,35.5435],[136.0247,35.5439],[136.0244,35.545],[136.024,35.5454],[136.0238,35.5458],[136.0239,35.5462],[136.0243,35.5467],[136.0244,35.547],[136.0245,35.5484],[136.0249,35.5495],[136.0251,35.5506],[136.0251,35.5513],[136.0247,35.552],[136.0245,35.5525],[136.0244,35.5532],[136.024,35.5538],[136.0231,35.5554],[136.023,35.5562],[136.0232,35.557],[136.0232,35.5574],[136.0228,35.5581],[136.0228,35.5585],[136.0233,35.5601],[136.0234,35.5611],[136.0241,35.5617],[136.0243,35.562],[136.0245,35.5625],[136.0245,35.5628],[136.0247,35.5632],[136.0251,35.5636],[136.0262,35.5642],[136.0271,35.5648],[136.0272,35.5655],[136.0282,35.5661],[136.0283,35.5664],[136.0283,35.567],[136.0283,35.5675],[136.0286,35.568],[136.029,35.5684],[136.0295,35.5687],[136.0297,35.5692],[136.0293,35.5699],[136.0292,35.5702],[136.0293,35.5708],[136.0291,35.5714],[136.0293,35.5718],[136.0298,35.5723],[136.0298,35.5732],[136.0295,35.5737],[136.0294,35.5745],[136.0295,35.575],[136.0296,35.5757],[136.0294,35.5764],[136.0294,35.5772],[136.0292,35.578],[136.029,35.5783],[136.0289,35.5788],[136.0287,35.5792],[136.0283,35.5796],[136.0279,35.5802],[136.0274,35.5805],[136.0263,35.5809],[136.0263,35.581],[136.0267,35.5814],[136.0271,35.5823],[136.0271,35.5826],[136.0264,35.584],[136.0262,35.5855],[136.0263,35.5862],[136.0252,35.5873],[136.025,35.5873],[136.0241,35.5865],[136.0238,35.5862],[136.0229,35.5862],[136.0222,35.5864],[136.0203,35.5864],[136.02,35.5866],[136.0189,35.5871],[136.0173,35.5866],[136.017,35.5863],[136.0162,35.5861],[136.0155,35.5862],[136.015,35.5862],[136.0145,35.586],[136.0137,35.5858],[136.0132,35.5853],[136.0121,35.5849],[136.0118,35.5849],[136.0116,35.5855],[136.0113,35.5858],[136.0107,35.5856],[136.0094,35.5858],[136.0092,35.5865],[136.0083,35.5885],[136.0078,35.5893],[136.0072,35.5898],[136.0069,35.5903],[136.0068,35.5908],[136.0069,35.5917],[136.0068,35.5921],[136.0065,35.5927],[136.0061,35.5932],[136.0053,35.5935],[136.0053,35.5942],[136.005,35.5946],[136.0046,35.5952],[136.0045,35.5959],[136.0046,35.5962],[136.0049,35.5965],[136.0067,35.5973],[136.0069,35.5975],[136.0071,35.5982],[136.0072,35.5991],[136.0075,35.5995],[136.0075,35.5998],[136.0075,35.6003],[136.0078,35.601],[136.0076,35.602],[136.0079,35.6038],[136.0078,35.6043],[136.0079,35.6046],[136.0079,35.6053],[136.0078,35.6058],[136.0082,35.6065],[136.0082,35.6074],[136.0084,35.6079],[136.0094,35.6091],[136.0094,35.6098],[136.0091,35.6102],[136.0085,35.6104],[136.008,35.6114],[136.0075,35.6119],[136.0072,35.6121],[136.0072,35.613],[136.007,35.6132],[136.0063,35.6136],[136.0062,35.6139],[136.0062,35.6145],[136.006,35.6155],[136.0059,35.616],[136.0062,35.6164],[136.0068,35.6165],[136.007,35.6167],[136.0071,35.6172],[136.0073,35.6177],[136.0073,35.618],[136.0068,35.6192],[136.0069,35.6196],[136.0073,35.6201],[136.0074,35.6203],[136.0071,35.6212],[136.0067,35.6217],[136.0067,35.6223],[136.0065,35.6232],[136.0066,35.6235],[136.007,35.624],[136.0073,35.6247],[136.0076,35.6257],[136.0075,35.6262],[136.0076,35.627],[136.0074,35.6274],[136.0069,35.6276],[136.0072,35.6284],[136.0076,35.6294],[136.008,35.6297],[136.0083,35.6306],[136.0085,35.631],[136.0091,35.6315],[136.0089,35.6323],[136.0087,35.6327],[136.0083,35.6329],[136.0086,35.6335],[136.0085,35.634],[136.0079,35.6344],[136.0075,35.6346],[136.0073,35.6353],[136.0066,35.6358],[136.0063,35.6362],[136.0059,35.6364],[136.0057,35.6369],[136.0056,35.6376],[136.0054,35.6384],[136.0051,35.6392],[136.0051,35.6398],[136.0048,35.6407],[136.0047,35.6419],[136.0044,35.6431],[136.004,35.6437],[136.0039,35.6442],[136.0039,35.6445],[136.0043,35.6449],[136.0042,35.6458],[136.0038,35.6463],[136.0021,35.6469],[136.0012,35.6471],[136.0005,35.6481],[136.0001,35.6485],[135.9999,35.6492],[135.9997,35.6494],[135.9994,35.6501],[135.9991,35.6504],[135.999,35.6514],[135.9982,35.6521],[135.9982,35.6524],[135.9987,35.6538],[136.0003,35.654],[136.0014,35.6544],[136.0018,35.6547],[136.0035,35.6558],[136.0047,35.6576],[136.0051,35.6579],[136.0055,35.658],[136.0065,35.6582],[136.0068,35.6586],[136.0074,35.6596],[136.0082,35.6599],[136.0082,35.6601],[136.008,35.6605],[136.0081,35.6609],[136.0091,35.6617],[136.0097,35.6622],[136.0102,35.6623],[136.0106,35.6626],[136.0111,35.6632],[136.0114,35.6637],[136.0122,35.6645],[136.0127,35.6648],[136.0131,35.6651],[136.0132,35.6653],[136.0132,35.6662],[136.0136,35.6666],[136.0137,35.667],[136.0137,35.6672],[136.0132,35.6677],[136.0122,35.668],[136.0119,35.6685],[136.0114,35.6689],[136.0109,35.6691],[136.01,35.6693],[136.0095,35.6698],[136.0094,35.6706],[136.0096,35.6717],[136.0098,35.6725],[136.01,35.6731],[136.01,35.6734],[136.0096,35.6738],[136.0096,35.6742],[136.0098,35.6747],[136.0101,35.6752],[136.0105,35.6756],[136.0105,35.676],[136.0101,35.6763],[136.0099,35.6767],[136.0094,35.6772],[136.009,35.6777],[136.0091,35.6778],[136.0094,35.679],[136.0102,35.6796],[136.0103,35.6802],[136.0104,35.6804],[136.0111,35.6808],[136.0115,35.6827],[136.0122,35.6836],[136.0126,35.6837],[136.0129,35.684],[136.0119,35.6855],[136.0115,35.6866],[136.0109,35.6875],[136.0109,35.6877],[136.0118,35.6887],[136.012,35.6892],[136.012,35.6896],[136.0117,35.69],[136.0114,35.6902],[136.0113,35.6904],[136.0117,35.6907],[136.0118,35.6909],[136.0112,35.6922],[136.0108,35.6933],[136.0108,35.6935],[136.0111,35.6941],[136.0109,35.6946],[136.0109,35.695],[136.011,35.6955],[136.0113,35.6961],[136.0121,35.6968],[136.0128,35.6973],[136.0121,35.6976],[136.0118,35.6983],[136.0116,35.6986],[136.0113,35.6988],[136.011,35.6992],[136.011,35.6997],[136.0109,35.7005],[136.0107,35.7008],[136.0103,35.7012],[136.0103,35.7018],[136.0107,35.7029],[136.0107,35.704],[136.0114,35.7059],[136.0121,35.7066],[136.0123,35.7071],[136.012,35.7076],[136.0113,35.708],[136.0104,35.7082],[136.0102,35.7084],[136.0102,35.7097],[136.0103,35.7101],[136.0105,35.7103],[136.0112,35.7107],[136.0115,35.7115],[136.0118,35.7117],[136.0118,35.712],[136.0116,35.7123],[136.0117,35.7127],[136.0118,35.7137],[136.0123,35.7154],[136.0128,35.716],[136.013,35.7166],[136.0136,35.7174],[136.0135,35.7177],[136.0131,35.7181],[136.013,35.7187],[136.013,35.7196],[136.0132,35.7204],[136.0131,35.7208],[136.0125,35.7213],[136.0127,35.7223],[136.0129,35.7227],[136.0127,35.7232],[136.0128,35.7239],[136.0126,35.725],[136.0117,35.7252],[136.0113,35.7254],[136.0106,35.7259],[136.0102,35.7264],[136.0102,35.727],[136.0098,35.7273],[136.0096,35.728],[136.0094,35.7282],[136.0081,35.7285],[136.0077,35.7289],[136.0075,35.7294],[136.0071,35.7298],[136.0068,35.7299],[136.0063,35.7297],[136.006,35.7297],[136.0057,35.7299],[136.0053,35.73],[136.0048,35.73],[136.0042,35.7297],[136.0037,35.729],[136.0027,35.7285],[136.001,35.7281],[136.0002,35.7279],[135.9988,35.7278],[135.9982,35.7276],[135.9981,35.7272],[135.9977,35.727],[135.9971,35.7269],[135.9954,35.726],[135.9951,35.726],[135.9944,35.7264],[135.9936,35.7269],[135.9932,35.727],[135.9913,35.7267],[135.9907,35.7265],[135.9904,35.7261],[135.99,35.726],[135.9895,35.7261],[135.9891,35.7261],[135.9887,35.7258],[135.9876,35.7254],[135.9868,35.7252],[135.9864,35.725],[135.9861,35.7245],[135.9859,35.7244],[135.9854,35.7243],[135.984,35.7244],[135.9831,35.7246],[135.9819,35.7244],[135.9814,35.7243],[135.98,35.7244],[135.9792,35.7246],[135.9785,35.7247],[135.9779,35.7246],[135.9771,35.7242],[135.9768,35.7243],[135.9764,35.7247],[135.9761,35.7248],[135.975,35.7248],[135.9742,35.7252],[135.9736,35.7253],[135.9728,35.7252],[135.9709,35.7247],[135.9702,35.7247],[135.9699,35.7248],[135.9694,35.7251],[135.969,35.7249],[135.9686,35.725],[135.9684,35.7255],[135.9682,35.7258],[135.9675,35.7266],[135.9669,35.7277],[135.9662,35.7288],[135.9654,35.7297],[135.9646,35.7301],[135.9643,35.7299],[135.9638,35.7299],[135.9634,35.7297],[135.9629,35.7296],[135.9622,35.7296],[135.9618,35.7294],[135.9617,35.7288],[135.9619,35.7282],[135.962,35.7278],[135.9618,35.7275],[135.9614,35.7272],[135.9599,35.7272],[135.9595,35.727],[135.9588,35.727],[135.9582,35.7267],[135.9579,35.7263],[135.9574,35.7259],[135.9568,35.7253],[135.9561,35.7238],[135.9557,35.7234],[135.9549,35.7231],[135.9545,35.7227],[135.9542,35.7218],[135.9543,35.7214],[135.9541,35.7212],[135.9543,35.7208],[135.9542,35.7206],[135.9544,35.7201],[135.9549,35.72],[135.9552,35.7198],[135.9562,35.7191],[135.9565,35.719],[135.9571,35.7185],[135.9577,35.7179],[135.9588,35.7173],[135.9594,35.7167],[135.9596,35.7162],[135.9595,35.7159],[135.9591,35.7152],[135.9593,35.7148],[135.9591,35.7141],[135.9589,35.7139],[135.9587,35.7133],[135.9589,35.7127],[135.9589,35.7121],[135.9585,35.7113],[135.9585,35.7108],[135.959,35.7097],[135.959,35.7093],[135.9596,35.7082],[135.9597,35.7079],[135.9596,35.707],[135.9592,35.7057],[135.9589,35.7052],[135.9586,35.7049],[135.9582,35.7045],[135.9577,35.7042],[135.9574,35.7043],[135.9572,35.7041],[135.9572,35.7038],[135.9566,35.7039],[135.9564,35.7042],[135.9561,35.7043],[135.9558,35.7039],[135.9557,35.7034],[135.9558,35.703],[135.9571,35.7027],[135.9575,35.7025],[135.9582,35.7024],[135.9597,35.7018],[135.96,35.7014],[135.9601,35.7009],[135.96,35.7005],[135.9602,35.7002],[135.9608,35.6998],[135.9618,35.6996],[135.9626,35.6997],[135.9642,35.7005],[135.9646,35.7006],[135.9646,35.7009],[135.9651,35.701],[135.9652,35.7008],[135.9659,35.7012],[135.9662,35.7011],[135.9667,35.7015],[135.9665,35.7018],[135.9666,35.7021],[135.9665,35.7025],[135.9665,35.7037],[135.9663,35.704],[135.9658,35.7044],[135.9656,35.7048],[135.9657,35.7054],[135.9658,35.7057],[135.9661,35.706],[135.9661,35.7064],[135.9659,35.7067],[135.9652,35.7069],[135.9648,35.7069],[135.9644,35.7067],[135.9644,35.7065],[135.9639,35.7054],[135.9637,35.7054],[135.9632,35.705],[135.9623,35.7045],[135.9622,35.7042],[135.9615,35.7043],[135.9615,35.7053],[135.9611,35.705],[135.9606,35.7052],[135.9609,35.7059],[135.9612,35.7061],[135.9615,35.7061],[135.9619,35.7065],[135.962,35.7069],[135.962,35.7073],[135.9626,35.7076],[135.9625,35.7081],[135.9628,35.7087],[135.9631,35.7092],[135.9639,35.7099],[135.964,35.7098],[135.9653,35.7105],[135.9656,35.7107],[135.9671,35.7111],[135.968,35.7114],[135.9684,35.7114],[135.9694,35.7117],[135.9694,35.7118],[135.9699,35.7121],[135.9707,35.7121],[135.9712,35.7118],[135.9713,35.7116],[135.9715,35.711],[135.9714,35.7108],[135.9716,35.7104],[135.9719,35.7101],[135.9718,35.71],[135.9725,35.7089],[135.9726,35.7088],[135.9727,35.7082],[135.9727,35.7077],[135.9726,35.7074],[135.9707,35.7074],[135.9708,35.7076],[135.9707,35.7091],[135.9707,35.7042],[135.9691,35.7041],[135.9691,35.704],[135.971,35.7041],[135.9711,35.7038],[135.9712,35.7032],[135.9719,35.7027],[135.9729,35.702],[135.9735,35.7013],[135.9741,35.7004],[135.9749,35.6989],[135.9754,35.6983],[135.9756,35.6976],[135.9758,35.6968],[135.976,35.696],[135.9763,35.6939],[135.9764,35.6932],[135.9763,35.6915],[135.9761,35.6911],[135.9761,35.6908],[135.9763,35.6902],[135.9762,35.69],[135.9763,35.6896],[135.9768,35.689],[135.9767,35.6888],[135.9774,35.688],[135.9776,35.6874],[135.9776,35.6867],[135.9772,35.6854],[135.9768,35.6844],[135.976,35.6834],[135.9758,35.6827],[135.9749,35.6807],[135.9743,35.6795],[135.9736,35.6785],[135.973,35.6775],[135.9723,35.6767],[135.9718,35.6762],[135.971,35.6761],[135.9705,35.6757],[135.9703,35.6754],[135.9697,35.6752],[135.9692,35.6749],[135.969,35.6746],[135.9683,35.6742],[135.9668,35.6741],[135.9667,35.6743],[135.9657,35.6745],[135.9653,35.6743],[135.9657,35.6739],[135.9663,35.6737],[135.967,35.6734],[135.9675,35.6728],[135.9683,35.6725],[135.9687,35.6721],[135.9689,35.6718],[135.9689,35.6708],[135.9687,35.6704],[135.9687,35.6696],[135.9689,35.6694],[135.9689,35.6689],[135.9679,35.6678],[135.9675,35.6677],[135.9671,35.6676],[135.9669,35.6673],[135.9668,35.6666],[135.9667,35.666],[135.9667,35.6656],[135.9664,35.6636],[135.9663,35.6632],[135.9661,35.6625],[135.9663,35.6621],[135.9669,35.6609],[135.9669,35.6601],[135.9668,35.6597],[135.9665,35.6593],[135.9657,35.6587],[135.9647,35.6581],[135.9641,35.658],[135.9635,35.6575],[135.9632,35.6572],[135.9632,35.6565],[135.9637,35.6563],[135.9645,35.6562],[135.9653,35.656],[135.9661,35.6554],[135.9677,35.6533],[135.9679,35.6537],[135.9669,35.6549],[135.9675,35.656],[135.968,35.6562],[135.9688,35.6563],[135.9689,35.6557],[135.9698,35.6557],[135.9698,35.6562],[135.9712,35.6563],[135.9713,35.6561],[135.9722,35.6556],[135.9723,35.6553],[135.9736,35.6544],[135.9746,35.6547],[135.9753,35.6536],[135.9756,35.6528],[135.9758,35.652],[135.9763,35.651],[135.9765,35.6508],[135.9773,35.6507],[135.9779,35.6504],[135.9785,35.6498],[135.9787,35.6495],[135.9791,35.6495],[135.9801,35.6489],[135.9802,35.6487],[135.9803,35.6478],[135.9804,35.6472],[135.9809,35.6471],[135.9815,35.6468],[135.9825,35.646],[135.983,35.6454],[135.9829,35.6452],[135.9832,35.6448],[135.9839,35.6446],[135.9841,35.6442],[135.9842,35.6438],[135.9846,35.6438],[135.9856,35.6432],[135.9859,35.6427],[135.9861,35.6425],[135.9862,35.6417],[135.9862,35.641],[135.9859,35.6395],[135.9858,35.6393],[135.9857,35.6387],[135.9852,35.6373],[135.9849,35.6367],[135.9849,35.6365],[135.9843,35.6354],[135.983,35.6332],[135.9824,35.6323],[135.9809,35.6303],[135.9799,35.6292],[135.979,35.6283],[135.9783,35.6276],[135.977,35.6265],[135.9763,35.626],[135.9759,35.6259],[135.9751,35.6252],[135.9743,35.6247],[135.9735,35.6246],[135.973,35.6242],[135.9718,35.6237],[135.9716,35.6235],[135.9708,35.6231],[135.9694,35.6226],[135.9682,35.6223],[135.9669,35.622],[135.9656,35.6218],[135.9646,35.6218],[135.964,35.622],[135.9634,35.6221],[135.9623,35.6225],[135.962,35.6227],[135.9616,35.6231],[135.9616,35.6234],[135.9612,35.6237],[135.9611,35.6243],[135.9608,35.6243],[135.9608,35.6246],[135.9625,35.6248],[135.9611,35.6247],[135.9606,35.6251],[135.9603,35.6255],[135.96,35.6258],[135.96,35.6262],[135.9595,35.6262],[135.9587,35.6266],[135.9585,35.6268],[135.9572,35.6272],[135.9562,35.6277],[135.9557,35.6283],[135.9549,35.6287],[135.9546,35.6291],[135.9542,35.63],[135.9539,35.6313],[135.954,35.6323],[135.9543,35.6326],[135.9545,35.633],[135.9548,35.6333],[135.9548,35.6338],[135.9546,35.6343],[135.9538,35.6342],[135.9532,35.6342],[135.9529,35.6341],[135.9526,35.6338],[135.9513,35.6337],[135.9506,35.6337],[135.95,35.6339],[135.9497,35.6338],[135.9493,35.6332],[135.9488,35.6328],[135.9487,35.6326],[135.9484,35.6325],[135.9481,35.6321],[135.9486,35.6311],[135.949,35.6311],[135.9494,35.631],[135.9499,35.6303],[135.9501,35.6296],[135.9504,35.6295],[135.9507,35.6291],[135.9514,35.6286],[135.9515,35.6282],[135.9513,35.6279],[135.9509,35.6276],[135.9505,35.6277],[135.9502,35.6275],[135.9505,35.6271],[135.9503,35.6267],[135.9501,35.6265],[135.9491,35.6263],[135.9488,35.6263],[135.9483,35.6261],[135.9479,35.6251],[135.9475,35.6249],[135.9473,35.6246],[135.9469,35.6244],[135.9463,35.6242],[135.946,35.6239],[135.9457,35.6237],[135.9453,35.6239],[135.945,35.6238],[135.9449,35.6229],[135.9446,35.6229],[135.9447,35.6222],[135.9446,35.6209],[135.944,35.6204],[135.9439,35.6202],[135.9435,35.6199],[135.943,35.6197],[135.9423,35.6191],[135.9416,35.6189],[135.9408,35.6189],[135.9403,35.6191],[135.94,35.6188],[135.9402,35.6186],[135.94,35.6183],[135.9405,35.6183],[135.9408,35.6178],[135.9406,35.6177],[135.9407,35.6172],[135.9401,35.6163],[135.9401,35.616],[135.9398,35.6157],[135.9387,35.6151],[135.9389,35.6144],[135.9384,35.6143],[135.9381,35.6145],[135.938,35.6144],[135.9371,35.6141],[135.9362,35.6137],[135.9357,35.6135],[135.9347,35.613],[135.9336,35.6125],[135.932,35.612],[135.9318,35.612],[135.931,35.6117],[135.9285,35.6109],[135.9279,35.6108],[135.9272,35.6106],[135.9268,35.6105],[135.9265,35.6103],[135.9258,35.6101],[135.9253,35.6102],[135.9247,35.6098],[135.9232,35.6095],[135.9221,35.6094],[135.9215,35.6094],[135.921,35.6093],[135.9204,35.6093],[135.9195,35.6092],[135.9189,35.6092],[135.918,35.6091],[135.9173,35.6092],[135.9165,35.6091],[135.9158,35.6092],[135.9149,35.6091],[135.914,35.6093],[135.9135,35.6094],[135.9128,35.6097],[135.9123,35.6101],[135.9117,35.6106],[135.912,35.6114],[135.9119,35.6117],[135.9123,35.6119],[135.9125,35.6125],[135.9124,35.6132],[135.9121,35.6131],[135.9119,35.6135],[135.9116,35.6137],[135.9108,35.6138],[135.9101,35.6133],[135.9097,35.6131],[135.9093,35.6133],[135.9085,35.6138],[135.9079,35.6146],[135.9078,35.6149],[135.9079,35.6153],[135.9077,35.6156],[135.9076,35.6163],[135.9078,35.6165],[135.9076,35.6173],[135.9077,35.6182],[135.9076,35.6182],[135.9081,35.6187],[135.9086,35.6183],[135.9094,35.6175],[135.9095,35.6176],[135.9088,35.6184],[135.9081,35.619],[135.908,35.6195],[135.9076,35.6201],[135.9077,35.6204],[135.9082,35.6208],[135.9084,35.6213],[135.9081,35.6222],[135.9083,35.6226],[135.9079,35.6234],[135.9078,35.624],[135.9079,35.6244],[135.9072,35.6247],[135.9068,35.6246],[135.9063,35.6243],[135.9061,35.6244],[135.9053,35.6243],[135.9052,35.6239],[135.9049,35.6239],[135.9048,35.6235],[135.9041,35.6235],[135.9039,35.6237],[135.9032,35.6236],[135.9029,35.6238],[135.9027,35.6237],[135.9021,35.6238],[135.9018,35.6236],[135.9012,35.6239],[135.901,35.6239],[135.9002,35.6236],[135.8994,35.6238],[135.8989,35.624],[135.8984,35.6236],[135.8982,35.6233],[135.8982,35.6228],[135.898,35.6225],[135.8977,35.6225],[135.8975,35.6222],[135.8967,35.6222],[135.896,35.622],[135.8956,35.6219],[135.8952,35.6213],[135.8949,35.6212],[135.8949,35.6208],[135.8947,35.6207],[135.8944,35.62],[135.8945,35.6193],[135.895,35.619],[135.8951,35.6184],[135.8955,35.618],[135.8954,35.6175],[135.8957,35.6168],[135.896,35.6167],[135.8962,35.6164],[135.8962,35.6161],[135.8964,35.6157],[135.8964,35.6151],[135.8956,35.6142],[135.8948,35.6141],[135.8948,35.6139],[135.8955,35.6139],[135.8955,35.6135],[135.8945,35.6126],[135.8933,35.6116],[135.8926,35.6116],[135.8918,35.6118],[135.8915,35.612],[135.8916,35.6125],[135.8916,35.6129],[135.8918,35.6131],[135.8907,35.6132],[135.8903,35.6135],[135.8903,35.6138],[135.8898,35.6141],[135.8897,35.6144],[135.8889,35.6154],[135.8889,35.6156],[135.8882,35.6158],[135.8878,35.6162],[135.8877,35.6165],[135.8874,35.6165],[135.8868,35.6169],[135.8863,35.6168],[135.886,35.6169],[135.8858,35.6175],[135.8854,35.6174],[135.8851,35.6178],[135.8847,35.6175],[135.8843,35.6174],[135.884,35.617],[135.8837,35.6173],[135.8836,35.6168],[135.8832,35.6166],[135.8828,35.6166],[135.8818,35.6162],[135.8812,35.6164],[135.8809,35.6162],[135.8805,35.6162],[135.8803,35.6164],[135.8799,35.6164],[135.8797,35.6161],[135.8794,35.616],[135.8794,35.6157],[135.8789,35.6156],[135.8788,35.6152],[135.8789,35.6148],[135.8786,35.6147],[135.8786,35.6144],[135.8782,35.614],[135.8783,35.6138],[135.8779,35.6136],[135.878,35.6132],[135.8774,35.6126],[135.8773,35.6122],[135.8774,35.612],[135.877,35.6112],[135.8772,35.611],[135.8771,35.6106],[135.8766,35.6103],[135.875,35.61],[135.8722,35.6095],[135.8717,35.6097],[135.8713,35.6091],[135.8706,35.6085],[135.8702,35.6083],[135.8682,35.6081],[135.8669,35.6083],[135.8663,35.6085],[135.8658,35.6088],[135.8656,35.6095],[135.8652,35.6103],[135.8649,35.6106],[135.8643,35.6105],[135.8639,35.6106],[135.8632,35.6106],[135.8628,35.6107],[135.8619,35.6107],[135.8613,35.6106],[135.8611,35.6104],[135.8604,35.6105],[135.8601,35.6108],[135.8593,35.6111],[135.859,35.6113],[135.8589,35.6116],[135.859,35.6121],[135.8589,35.6126],[135.8586,35.6128],[135.8586,35.6131],[135.8583,35.6135],[135.8574,35.6139],[135.8571,35.6145],[135.8566,35.6154],[135.8565,35.6157],[135.8573,35.616],[135.8571,35.6162],[135.8572,35.6167],[135.8569,35.6181],[135.8571,35.6187],[135.857,35.6189],[135.8575,35.6197],[135.8579,35.6199],[135.8589,35.6197],[135.8595,35.62],[135.8598,35.6204],[135.86,35.6211],[135.86,35.6216],[135.8597,35.6219],[135.8594,35.6225],[135.8593,35.6232],[135.859,35.6234],[135.8592,35.6237],[135.8589,35.6238],[135.8586,35.6234],[135.8583,35.6238],[135.8578,35.6237],[135.8574,35.6239],[135.857,35.6241],[135.8555,35.6247],[135.8551,35.6247],[135.8537,35.6251],[135.8536,35.6247],[135.8533,35.6245],[135.8534,35.6243],[135.8528,35.624],[135.8522,35.6239],[135.8521,35.6236],[135.8516,35.6235],[135.8507,35.6231],[135.8498,35.6231],[135.8495,35.6233],[135.8491,35.6228],[135.8486,35.6228],[135.8478,35.6232],[135.8471,35.6237],[135.8468,35.6238],[135.8461,35.6243],[135.846,35.6246],[135.8453,35.625],[135.8451,35.6256],[135.8441,35.626],[135.8439,35.6262],[135.8436,35.6266],[135.8436,35.6269],[135.8432,35.6275],[135.8434,35.628],[135.8441,35.6284],[135.8446,35.6287],[135.8448,35.6293],[135.8447,35.6294],[135.8445,35.6301],[135.8448,35.6303],[135.8448,35.6306],[135.8446,35.6309],[135.8452,35.6312],[135.8451,35.6314],[135.8451,35.632],[135.8455,35.6326],[135.8453,35.6328],[135.8454,35.6334],[135.8451,35.6333],[135.8449,35.6339],[135.8451,35.6346],[135.8453,35.6348],[135.846,35.635],[135.8462,35.6352],[135.8461,35.6355],[135.8453,35.6356],[135.8449,35.6361],[135.8437,35.6367],[135.8435,35.6369],[135.8431,35.637],[135.8425,35.6371],[135.8418,35.637],[135.8413,35.6371],[135.8405,35.637],[135.8403,35.6371],[135.84,35.6376],[135.8394,35.6376],[135.839,35.6378],[135.8391,35.6374],[135.8387,35.637],[135.8377,35.6366],[135.8373,35.6365],[135.8371,35.6364],[135.8356,35.6362],[135.8353,35.6362],[135.8349,35.6364],[135.8344,35.6365],[135.8334,35.6372],[135.8334,35.6374],[135.8329,35.6375],[135.8328,35.638],[135.8316,35.6385],[135.8313,35.6387],[135.8302,35.6388],[135.8299,35.639],[135.8292,35.6389],[135.8286,35.6388],[135.8277,35.6388],[135.8276,35.6394],[135.8271,35.6398],[135.8266,35.6401],[135.8264,35.6401],[135.8259,35.6404],[135.8252,35.6415],[135.825,35.6423],[135.825,35.6434],[135.8247,35.6436],[135.8244,35.6434],[135.8241,35.6434],[135.8233,35.6438],[135.8228,35.6442],[135.8225,35.644],[135.8214,35.6438],[135.8211,35.644],[135.8208,35.6439],[135.8202,35.644],[135.8195,35.644],[135.819,35.644],[135.8189,35.6441],[135.8183,35.6439],[135.8175,35.6434],[135.817,35.6434],[135.8169,35.643],[135.8164,35.6428],[135.816,35.6422],[135.8155,35.6421],[135.8149,35.6423],[135.8146,35.6422],[135.8151,35.6418],[135.8161,35.6412],[135.8172,35.641],[135.818,35.6409],[135.8187,35.641],[135.8196,35.6413],[135.8206,35.6415],[135.821,35.6413],[135.8217,35.6413],[135.8238,35.6403],[135.8246,35.6395],[135.8253,35.6394],[135.826,35.6392],[135.8266,35.6386],[135.8272,35.6381],[135.828,35.6376],[135.8286,35.6376],[135.8291,35.6375],[135.83,35.6374],[135.8307,35.6371],[135.8314,35.6366],[135.8331,35.6357],[135.8337,35.635],[135.8339,35.6347],[135.8342,35.6344],[135.8358,35.6343],[135.837,35.6345],[135.8381,35.6348],[135.8385,35.6349],[135.8392,35.6349],[135.8394,35.6348],[135.8397,35.6345],[135.8399,35.634],[135.8403,35.6335],[135.8409,35.6331],[135.8403,35.6312],[135.8402,35.6307],[135.8405,35.6301],[135.8405,35.6297],[135.8402,35.6292],[135.84,35.6284],[135.8399,35.627],[135.8404,35.6263],[135.8411,35.6252],[135.8425,35.6238],[135.8434,35.6226],[135.8445,35.6217],[135.8452,35.6209],[135.8455,35.6202],[135.8461,35.6195],[135.8467,35.6188],[135.8469,35.6183],[135.8472,35.618],[135.8481,35.6176],[135.8482,35.6173],[135.8485,35.616],[135.8485,35.6154],[135.8481,35.6149],[135.8484,35.6145],[135.849,35.6142],[135.8498,35.6137],[135.85,35.6135],[135.8505,35.6132],[135.8512,35.6124],[135.8521,35.6118],[135.8525,35.6114],[135.8536,35.6102],[135.8537,35.6097],[135.8541,35.6092],[135.8552,35.6085],[135.8559,35.6078],[135.8562,35.6077],[135.8573,35.6074],[135.8576,35.6072],[135.8583,35.6069],[135.8589,35.6068],[135.8607,35.6065],[135.8622,35.6054],[135.8625,35.6048],[135.8635,35.6042],[135.8639,35.6035],[135.8645,35.6029],[135.8653,35.6026],[135.866,35.6022],[135.8669,35.6019],[135.8676,35.6018],[135.869,35.6014],[135.8705,35.6013],[135.8716,35.6027],[135.8727,35.6031],[135.873,35.6033],[135.8738,35.6035],[135.8745,35.6039],[135.8747,35.6042],[135.8744,35.6046],[135.8742,35.6055],[135.8741,35.6062],[135.8738,35.6067],[135.8738,35.6071],[135.8741,35.6073],[135.8749,35.6077],[135.8752,35.6077],[135.8757,35.6076],[135.876,35.6076],[135.8765,35.6078],[135.8771,35.608],[135.8775,35.6083],[135.8785,35.6084],[135.8788,35.6086],[135.8793,35.6084],[135.8801,35.6078],[135.8812,35.6074],[135.8815,35.6071],[135.8818,35.6067],[135.8822,35.6059],[135.8827,35.6045],[135.8828,35.6036],[135.8833,35.6024],[135.8837,35.6019],[135.8844,35.6015],[135.8844,35.6008],[135.8846,35.6002],[135.8853,35.5989],[135.8856,35.5987],[135.8863,35.5984],[135.8867,35.5981],[135.8872,35.5981],[135.8886,35.5978],[135.8892,35.5978],[135.8909,35.5982],[135.892,35.5989],[135.8933,35.5994],[135.8941,35.6006],[135.8951,35.6007],[135.896,35.6009],[135.8963,35.6011],[135.8964,35.6016],[135.8969,35.6017],[135.8972,35.6013],[135.8975,35.6012],[135.8978,35.6016],[135.8983,35.6019],[135.8985,35.6022],[135.8998,35.6035],[135.9001,35.6042],[135.9007,35.6043],[135.9013,35.6042],[135.902,35.6032],[135.902,35.6029],[135.9017,35.6024],[135.9013,35.602],[135.9012,35.6018],[135.9011,35.6008],[135.9009,35.5998],[135.901,35.5991],[135.9012,35.5984],[135.9014,35.5981],[135.9018,35.5979],[135.9021,35.5979],[135.9031,35.5982],[135.9031,35.5987],[135.9041,35.5995],[135.904,35.6],[135.9044,35.6001],[135.9049,35.6007],[135.9053,35.6007],[135.9057,35.6002],[135.9059,35.5998],[135.9071,35.5974],[135.9087,35.5943],[135.9082,35.5934],[135.9074,35.5917],[135.9086,35.5913],[135.9077,35.5895],[135.9109,35.5886],[135.9119,35.5879],[135.9124,35.5876],[135.9126,35.5873],[135.9123,35.5865],[135.9125,35.5861],[135.9137,35.5858],[135.9146,35.5856],[135.9149,35.5855],[135.9154,35.5849],[135.9158,35.5846],[135.9163,35.5845],[135.9163,35.5842],[135.9156,35.5842],[135.9154,35.584],[135.9153,35.5834],[135.9153,35.5827],[135.9155,35.5825],[135.9159,35.5824],[135.916,35.582],[135.9166,35.581],[135.9168,35.5808],[135.9178,35.5801],[135.9183,35.58],[135.9193,35.58],[135.9203,35.5795],[135.9206,35.5794],[135.9216,35.5794],[135.9226,35.5794],[135.9235,35.5793],[135.9245,35.5793],[135.925,35.5793],[135.9256,35.5794],[135.9266,35.5794],[135.9275,35.5793],[135.9283,35.5794],[135.9286,35.5793],[135.9289,35.5793],[135.9294,35.5796],[135.93,35.5797],[135.9308,35.5795],[135.9316,35.5797],[135.9335,35.5784],[135.934,35.5782],[135.9347,35.578],[135.9364,35.5777],[135.9367,35.5775],[135.9371,35.5769],[135.9372,35.5759],[135.9375,35.5756],[135.9381,35.5754],[135.9389,35.575],[135.9402,35.5741],[135.9407,35.5733],[135.9413,35.5717],[135.9416,35.5711],[135.9419,35.5695],[135.9418,35.5687],[135.942,35.5682],[135.942,35.5675],[135.9426,35.567],[135.9427,35.5664],[135.9429,35.566],[135.9432,35.5657],[135.9439,35.5654],[135.9438,35.5649],[135.943,35.5636],[135.943,35.563],[135.9426,35.562],[135.9427,35.5617],[135.9432,35.561],[135.9432,35.5606],[135.9434,35.5603],[135.9436,35.5599],[135.9436,35.5591],[135.9438,35.5586],[135.9447,35.5581],[135.9451,35.5578],[135.9453,35.5574],[135.9454,35.5566],[135.9457,35.5559],[135.9461,35.5555],[135.9462,35.555],[135.9458,35.5539],[135.9457,35.5532],[135.9453,35.5526],[135.9449,35.5511],[135.9451,35.5508],[135.9455,35.5507],[135.946,35.5503],[135.9465,35.5499],[135.9468,35.5492],[135.9479,35.5478],[135.9485,35.5473],[135.9491,35.5464],[135.9498,35.5463],[135.95,35.5461],[135.9501,35.5455],[135.9507,35.545],[135.9509,35.5447],[135.9511,35.5441],[135.9512,35.5435],[135.9515,35.5432],[135.9516,35.5426],[135.9514,35.5422],[135.952,35.5418],[135.9526,35.5411],[135.953,35.5404],[135.953,35.54],[135.9529,35.5394],[135.9529,35.5388],[135.9534,35.5383],[135.9536,35.5374],[135.954,35.5357],[135.954,35.5352],[135.9541,35.5347],[135.954,35.5344],[135.9533,35.5332],[135.9529,35.5327],[135.9531,35.5321],[135.9536,35.5317],[135.9538,35.5313],[135.9534,35.5303],[135.9539,35.5299],[135.954,35.5291],[135.9538,35.5284],[135.9539,35.527],[135.9543,35.5263],[135.9541,35.5261],[135.9536,35.5257],[135.9529,35.5256],[135.9527,35.525],[135.9522,35.5247],[135.9514,35.5248],[135.9511,35.5246],[135.9508,35.524],[135.9501,35.5237],[135.9494,35.5229],[135.9491,35.5228],[135.9487,35.5221],[135.9484,35.5219],[135.9479,35.5217],[135.9476,35.5214],[135.947,35.5205]],[[135.8259,35.6438],[135.8257,35.6434],[135.8252,35.6433],[135.8253,35.6437],[135.8255,35.6439],[135.8259,35.6438]],[[135.8917,35.5916],[135.8914,35.5918],[135.8907,35.5925],[135.89,35.5925],[135.89,35.5923],[135.8897,35.5922],[135.8895,35.5928],[135.8896,35.5932],[135.8907,35.594],[135.8911,35.594],[135.8918,35.5937],[135.8929,35.5936],[135.8937,35.5934],[135.8943,35.5929],[135.8947,35.5927],[135.8954,35.5924],[135.8967,35.5925],[135.8974,35.5928],[135.8979,35.5932],[135.898,35.593],[135.8979,35.5926],[135.8962,35.5913],[135.8958,35.5916],[135.8954,35.5917],[135.8948,35.5916],[135.8939,35.5917],[135.8935,35.592],[135.8932,35.5919],[135.893,35.5917],[135.8926,35.5915],[135.8917,35.5916]],[[135.8996,35.5894],[135.8995,35.5896],[135.8996,35.59],[135.8995,35.5903],[135.8986,35.5909],[135.8975,35.5919],[135.8982,35.5923],[135.8988,35.5929],[135.8993,35.5927],[135.9003,35.5926],[135.9009,35.5927],[135.901,35.5925],[135.9005,35.5922],[135.9004,35.592],[135.9006,35.5917],[135.9009,35.5916],[135.9013,35.5912],[135.9016,35.5911],[135.902,35.5908],[135.9028,35.5906],[135.9033,35.591],[135.9037,35.591],[135.9043,35.5906],[135.9045,35.5903],[135.9043,35.5899],[135.9045,35.5897],[135.9061,35.5889],[135.9058,35.5883],[135.9055,35.5879],[135.9051,35.5877],[135.9041,35.5873],[135.9036,35.5875],[135.9028,35.5881],[135.9024,35.5886],[135.902,35.5888],[135.9013,35.5889],[135.9006,35.5889],[135.9002,35.589],[135.8996,35.5894]],[[135.9077,35.625],[135.9074,35.6249],[135.9073,35.6252],[135.9076,35.6252],[135.9077,35.625]]]},"properties":{"N03_001":"福井県","N03_002":"","N03_003":"三方郡","N03_004":"美浜町","N03_007":"18442"}},
{"type":"Feature","geometry":{"type":"Polygon","coordinates":[[[135.6025,35.5139],[135.6024,35.5137],[135.6021,35.5137],[135.6017,35.5131],[135.6013,35.513],[135.6013,35.5126],[135.601,35.5123],[135.6009,35.5116],[135.6006,35.5115],[135.5999,35.5118],[135.5996,35.5116],[135.5995,35.5113],[135.5996,35.5109],[135.5992,35.5108],[135.5991,35.5104],[135.5992,35.5102],[135.5988,35.5098],[135.5985,35.5093],[135.597,35.5079],[135.5967,35.5075],[135.5962,35.5071],[135.5961,35.5068],[135.5955,35.5061],[135.5946,35.5053],[135.5944,35.505],[135.5938,35.5046],[135.5934,35.504],[135.593,35.5038],[135.5926,35.5032],[135.5927,35.503],[135.5925,35.5027],[135.5919,35.5024],[135.591,35.5023],[135.5905,35.5021],[135.5901,35.5018],[135.5897,35.5018],[135.5894,35.5015],[135.5888,35.5012],[135.5882,35.5006],[135.5878,35.5002],[135.5872,35.4998],[135.586,35.4995],[135.5849,35.4995],[135.5845,35.4992],[135.5831,35.4989],[135.5824,35.4986],[135.5817,35.4985],[135.581,35.4986],[135.5809,35.4992],[135.5808,35.4993],[135.5808,35.4982],[135.5803,35.4981],[135.5797,35.498],[135.5795,35.4993],[135.5785,35.4993],[135.5784,35.4999],[135.5804,35.5],[135.5804,35.5001],[135.5774,35.4999],[135.5769,35.4996],[135.5763,35.4976],[135.5763,35.4974],[135.573,35.4972],[135.5731,35.4971],[135.5744,35.4972],[135.5746,35.497],[135.5758,35.4971],[135.5771,35.496],[135.5774,35.4957],[135.5776,35.4948],[135.5778,35.4947],[135.577,35.4943],[135.5763,35.4949],[135.5765,35.4958],[135.5759,35.4962],[135.5751,35.4962],[135.5751,35.4956],[135.5739,35.4955],[135.5747,35.4949],[135.5757,35.495],[135.5757,35.4942],[135.5754,35.4939],[135.5749,35.4934],[135.5738,35.4928],[135.5729,35.4924],[135.5717,35.4922],[135.5707,35.4923],[135.5697,35.4924],[135.569,35.4927],[135.5687,35.4928],[135.568,35.4934],[135.5676,35.4935],[135.5677,35.4923],[135.568,35.492],[135.5675,35.4915],[135.5668,35.4912],[135.5663,35.4911],[135.5659,35.4909],[135.5645,35.4903],[135.5641,35.4904],[135.5638,35.4902],[135.5625,35.4903],[135.5618,35.4901],[135.5611,35.4901],[135.5597,35.4902],[135.5588,35.49],[135.5579,35.4902],[135.557,35.4903],[135.5561,35.4906],[135.5548,35.4915],[135.5543,35.4923],[135.5537,35.493],[135.5536,35.4934],[135.5537,35.4941],[135.5539,35.4946],[135.5541,35.4948],[135.5547,35.4946],[135.555,35.495],[135.5551,35.4951],[135.5551,35.4955],[135.5549,35.4958],[135.5541,35.4959],[135.554,35.4961],[135.5534,35.4964],[135.5534,35.4959],[135.5538,35.4955],[135.5531,35.4953],[135.5524,35.4955],[135.5521,35.4957],[135.5522,35.4959],[135.5526,35.4961],[135.5525,35.4963],[135.5529,35.4965],[135.5527,35.497],[135.5522,35.4969],[135.5519,35.4972],[135.5515,35.4968],[135.551,35.4971],[135.551,35.4967],[135.5513,35.4965],[135.5511,35.4961],[135.5512,35.4952],[135.551,35.4947],[135.5502,35.4943],[135.5515,35.4944],[135.5515,35.494],[135.5508,35.494],[135.5508,35.4938],[135.5513,35.4937],[135.5513,35.4934],[135.5508,35.493],[135.5508,35.4929],[135.549,35.4926],[135.5471,35.4934],[135.5469,35.4941],[135.5461,35.4945],[135.5457,35.4937],[135.5445,35.4943],[135.5442,35.4942],[135.544,35.4938],[135.5447,35.494],[135.545,35.4938],[135.5451,35.4931],[135.5449,35.4926],[135.5444,35.4922],[135.5437,35.4921],[135.5431,35.4922],[135.5425,35.4927],[135.5421,35.4924],[135.5426,35.4924],[135.5432,35.4916],[135.5428,35.491],[135.5423,35.4906],[135.5415,35.4903],[135.541,35.49],[135.5405,35.4899],[135.5401,35.4896],[135.5395,35.4896],[135.5392,35.4894],[135.5387,35.4894],[135.5384,35.4892],[135.538,35.4892],[135.5376,35.4891],[135.5372,35.4891],[135.5369,35.489],[135.5361,35.4889],[135.5354,35.489],[135.5351,35.4894],[135.5347,35.4892],[135.5343,35.4892],[135.5339,35.4894],[135.5332,35.4895],[135.5328,35.4897],[135.5322,35.4898],[135.5317,35.4901],[135.5312,35.4901],[135.5307,35.4904],[135.5299,35.4905],[135.5288,35.4908],[135.5283,35.4912],[135.5274,35.4911],[135.5266,35.4914],[135.526,35.4917],[135.525,35.4919],[135.5243,35.4923],[135.5239,35.4926],[135.5234,35.4927],[135.5227,35.4929],[135.5225,35.4931],[135.5224,35.4936],[135.5221,35.4938],[135.521,35.4937],[135.5201,35.4939],[135.519,35.4938],[135.5182,35.4941],[135.5178,35.4946],[135.517,35.4947],[135.5163,35.4951],[135.5159,35.4956],[135.5151,35.4962],[135.5144,35.496],[135.5141,35.4962],[135.5147,35.4968],[135.5142,35.4972],[135.5139,35.4978],[135.5136,35.4983],[135.5135,35.4987],[135.5137,35.4992],[135.5132,35.4992],[135.5131,35.4995],[135.5142,35.4997],[135.5146,35.5003],[135.514,35.5012],[135.5137,35.5013],[135.5132,35.5012],[135.5129,35.5012],[135.5122,35.5011],[135.5109,35.501],[135.5106,35.5009],[135.5102,35.5014],[135.5087,35.5031],[135.5084,35.5036],[135.5084,35.5038],[135.5089,35.5041],[135.5084,35.5042],[135.5079,35.5046],[135.5076,35.5052],[135.5073,35.5057],[135.5072,35.5062],[135.5072,35.5071],[135.5074,35.5077],[135.5076,35.5078],[135.5083,35.5079],[135.5089,35.5085],[135.5095,35.5088],[135.5101,35.5088],[135.5106,35.5089],[135.5101,35.5092],[135.5101,35.5096],[135.5099,35.5097],[135.51,35.5105],[135.5096,35.5105],[135.5093,35.5109],[135.5089,35.5122],[135.5089,35.5126],[135.509,35.5132],[135.509,35.5135],[135.5092,35.5138],[135.5097,35.5137],[135.5098,35.5143],[135.5097,35.5144],[135.5102,35.5148],[135.5104,35.5147],[135.5111,35.5147],[135.5113,35.5143],[135.5118,35.5145],[135.5122,35.5149],[135.5131,35.5156],[135.5135,35.5157],[135.5135,35.5161],[135.5138,35.5164],[135.5139,35.517],[135.5142,35.5172],[135.514,35.5178],[135.5136,35.5179],[135.5135,35.5182],[135.5144,35.5188],[135.5144,35.5195],[135.5144,35.5203],[135.5145,35.5204],[135.5144,35.5211],[135.5143,35.5214],[135.5139,35.5218],[135.5134,35.5218],[135.5128,35.522],[135.5127,35.5225],[135.5125,35.5228],[135.5126,35.5232],[135.5129,35.5235],[135.5135,35.5236],[135.514,35.5243],[135.5144,35.5243],[135.5152,35.5245],[135.5155,35.5247],[135.516,35.5249],[135.5161,35.5252],[135.5166,35.5258],[135.5167,35.5261],[135.517,35.5261],[135.5172,35.5264],[135.5172,35.5266],[135.5169,35.5268],[135.5164,35.5267],[135.5158,35.5271],[135.5155,35.5275],[135.5155,35.5278],[135.5154,35.5284],[135.5158,35.5284],[135.5165,35.5282],[135.5167,35.5285],[135.5168,35.5291],[135.5164,35.5294],[135.5163,35.5301],[135.5154,35.531],[135.5144,35.5309],[135.5138,35.5306],[135.5136,35.5309],[135.5137,35.5312],[135.5131,35.5317],[135.5139,35.532],[135.5144,35.5321],[135.5144,35.5325],[135.5148,35.5327],[135.5149,35.5332],[135.5153,35.5335],[135.5153,35.5338],[135.5157,35.5338],[135.516,35.534],[135.516,35.5342],[135.517,35.5346],[135.5171,35.5351],[135.5168,35.5354],[135.5164,35.5353],[135.5152,35.5353],[135.515,35.5351],[135.5147,35.5352],[135.5141,35.5357],[135.5143,35.5365],[135.5147,35.5367],[135.5148,35.5371],[135.5151,35.5374],[135.5151,35.5376],[135.5156,35.5381],[135.5158,35.5385],[135.5164,35.5396],[135.5163,35.5398],[135.516,35.54],[135.516,35.5404],[135.5162,35.5408],[135.5165,35.541],[135.5164,35.5412],[135.5165,35.5417],[135.517,35.5425],[135.5172,35.5425],[135.5176,35.5431],[135.5174,35.5437],[135.5175,35.5438],[135.518,35.5441],[135.5179,35.5447],[135.5182,35.5449],[135.5182,35.5452],[135.5179,35.5454],[135.5183,35.5458],[135.5183,35.5463],[135.5181,35.5466],[135.5184,35.5467],[135.5186,35.5473],[135.5182,35.5476],[135.5181,35.548],[135.5181,35.5487],[135.5184,35.5489],[135.5183,35.5496],[135.518,35.5499],[135.5175,35.5501],[135.5173,35.5505],[135.517,35.5506],[135.5169,35.5508],[135.5163,35.5513],[135.516,35.5514],[135.5158,35.5512],[135.5157,35.5507],[135.5163,35.5499],[135.5157,35.55],[135.5153,35.5497],[135.5154,35.5494],[135.5152,35.5492],[135.5149,35.5495],[135.5147,35.5492],[135.5144,35.5493],[135.5141,35.5492],[135.5134,35.5494],[135.5128,35.5495],[135.5124,35.5489],[135.5118,35.5493],[135.5112,35.5492],[135.511,35.5489],[135.5107,35.5488],[135.5101,35.5488],[135.5097,35.5491],[135.5091,35.5493],[135.5083,35.5494],[135.5079,35.5496],[135.5076,35.5502],[135.5071,35.5505],[135.5068,35.5503],[135.507,35.5498],[135.5066,35.5498],[135.5061,35.5495],[135.5057,35.5495],[135.5053,35.5497],[135.5049,35.5497],[135.5048,35.5502],[135.5043,35.5502],[135.5045,35.5498],[135.504,35.5497],[135.5037,35.5495],[135.5035,35.55],[135.5035,35.5502],[135.5034,35.5509],[135.5025,35.5514],[135.5024,35.5514],[135.5021,35.5522],[135.5021,35.5528],[135.502,35.5531],[135.5021,35.5534],[135.5011,35.5538],[135.5006,35.5536],[135.5006,35.5538],[135.5002,35.5539],[135.4999,35.5534],[135.4993,35.5538],[135.4991,35.5538],[135.4992,35.5534],[135.4988,35.5528],[135.4988,35.5523],[135.4992,35.552],[135.4991,35.5517],[135.4992,35.5514],[135.4991,35.5509],[135.4988,35.5504],[135.4989,35.5501],[135.4992,35.55],[135.4998,35.5496],[135.5001,35.5495],[135.5003,35.5489],[135.5003,35.5485],[135.4997,35.548],[135.4994,35.5475],[135.4997,35.5473],[135.4999,35.5465],[135.5003,35.5459],[135.5005,35.5453],[135.501,35.545],[135.5013,35.5446],[135.5014,35.5443],[135.5016,35.5441],[135.5016,35.5437],[135.5021,35.543],[135.5022,35.5426],[135.5019,35.542],[135.5016,35.5418],[135.5014,35.5419],[135.5004,35.5418],[135.4998,35.5417],[135.4991,35.5416],[135.4987,35.5413],[135.4985,35.541],[135.498,35.5408],[135.4975,35.5409],[135.4971,35.541],[135.4965,35.541],[135.4961,35.5412],[135.496,35.5409],[135.4955,35.5409],[135.4956,35.5405],[135.4959,35.5403],[135.4958,35.54],[135.4961,35.5397],[135.4957,35.5394],[135.4943,35.5387],[135.4943,35.5386],[135.4959,35.5395],[135.4975,35.5389],[135.4981,35.5388],[135.4989,35.5392],[135.4994,35.5396],[135.5003,35.5396],[135.5006,35.5399],[135.5013,35.5401],[135.5018,35.5401],[135.5024,35.54],[135.5033,35.54],[135.504,35.5399],[135.5047,35.5395],[135.5054,35.5393],[135.5059,35.5392],[135.5057,35.539],[135.5062,35.5387],[135.5064,35.5389],[135.5069,35.5386],[135.5074,35.5389],[135.5076,35.5387],[135.5079,35.5381],[135.5078,35.5379],[135.5083,35.5373],[135.5088,35.537],[135.5093,35.5369],[135.5099,35.5346],[135.5095,35.5345],[135.509,35.5346],[135.5082,35.5347],[135.5078,35.535],[135.5077,35.5347],[135.5073,35.5349],[135.5072,35.5343],[135.5058,35.5329],[135.5045,35.5337],[135.5028,35.5333],[135.5032,35.5322],[135.5029,35.5322],[135.5022,35.5308],[135.5033,35.5304],[135.5036,35.5305],[135.5036,35.5297],[135.5033,35.5292],[135.5028,35.5289],[135.5026,35.5286],[135.5026,35.5282],[135.5028,35.5279],[135.5028,35.5275],[135.5031,35.527],[135.5034,35.5267],[135.5028,35.5261],[135.5026,35.5255],[135.5028,35.5255],[135.5026,35.5247],[135.502,35.5241],[135.5014,35.524],[135.4973,35.525],[135.497,35.525],[135.4965,35.5243],[135.4963,35.5238],[135.496,35.5237],[135.4957,35.5235],[135.496,35.5231],[135.4958,35.5228],[135.4951,35.5227],[135.4951,35.5224],[135.4946,35.5222],[135.4934,35.5226],[135.493,35.5228],[135.4925,35.523],[135.4919,35.5236],[135.4924,35.5238],[135.4929,35.5243],[135.4931,35.5247],[135.4932,35.5253],[135.4934,35.5256],[135.4935,35.5262],[135.4938,35.5266],[135.494,35.5275],[135.4938,35.5283],[135.493,35.5293],[135.4925,35.5295],[135.4923,35.5299],[135.492,35.5302],[135.4914,35.5303],[135.4913,35.5306],[135.4906,35.5306],[135.4901,35.5302],[135.4899,35.5296],[135.4893,35.5296],[135.4888,35.5292],[135.4887,35.5291],[135.4887,35.5285],[135.4887,35.5279],[135.4888,35.5272],[135.4889,35.5264],[135.4887,35.5262],[135.4889,35.5256],[135.4888,35.5251],[135.4883,35.5249],[135.4882,35.5247],[135.4875,35.5248],[135.4869,35.5253],[135.4866,35.5253],[135.4864,35.5251],[135.4865,35.5246],[135.4868,35.5239],[135.4874,35.5236],[135.4876,35.5231],[135.4875,35.5228],[135.487,35.5224],[135.4865,35.5224],[135.4856,35.5226],[135.4854,35.5228],[135.4848,35.5229],[135.4847,35.5231],[135.4843,35.5231],[135.4841,35.5233],[135.4838,35.5228],[135.4836,35.5226],[135.4835,35.5222],[135.4832,35.5222],[135.4828,35.522],[135.4824,35.522],[135.4824,35.5223],[135.4819,35.5222],[135.4814,35.5219],[135.4809,35.5219],[135.4808,35.5221],[135.4804,35.5222],[135.4798,35.5226],[135.4788,35.524],[135.4787,35.5243],[135.4782,35.5249],[135.4779,35.5255],[135.4781,35.5261],[135.4785,35.5263],[135.4787,35.5268],[135.4794,35.5274],[135.4796,35.5278],[135.4802,35.528],[135.4805,35.5281],[135.4805,35.5284],[135.481,35.5288],[135.4816,35.5292],[135.4818,35.5298],[135.4822,35.53],[135.4824,35.5305],[135.4827,35.531],[135.4831,35.5315],[135.4833,35.5321],[135.4837,35.5324],[135.4837,35.5327],[135.4835,35.533],[135.4836,35.5334],[135.4835,35.5337],[135.4835,35.5343],[135.4832,35.5345],[135.4829,35.5344],[135.4827,35.5342],[135.482,35.535],[135.4814,35.5353],[135.4806,35.5353],[135.4802,35.5349],[135.4797,35.535],[135.4794,35.5349],[135.4792,35.5344],[135.4786,35.5343],[135.4784,35.534],[135.4776,35.5341],[135.4775,35.5339],[135.4775,35.5335],[135.4773,35.5333],[135.4774,35.5329],[135.4771,35.5328],[135.4761,35.5333],[135.4757,35.5332],[135.4753,35.5328],[135.4752,35.5324],[135.4755,35.5318],[135.4753,35.5313],[135.4756,35.531],[135.4754,35.5308],[135.4749,35.5307],[135.4745,35.53],[135.4748,35.5298],[135.4748,35.5294],[135.4744,35.5296],[135.474,35.5298],[135.4735,35.5297],[135.4732,35.53],[135.4737,35.5302],[135.474,35.5312],[135.4739,35.5318],[135.4736,35.532],[135.4733,35.532],[135.4723,35.5315],[135.4718,35.531],[135.4717,35.531],[135.471,35.5305],[135.4708,35.5306],[135.4704,35.5304],[135.4703,35.5302],[135.4702,35.5298],[135.47,35.5296],[135.4695,35.5298],[135.4691,35.53],[135.4688,35.5303],[135.4687,35.5306],[135.4682,35.5314],[135.4682,35.5318],[135.4687,35.5325],[135.4691,35.5327],[135.4693,35.533],[135.47,35.5336],[135.4707,35.5336],[135.4717,35.5338],[135.4721,35.534],[135.4719,35.5342],[135.4722,35.5344],[135.4723,35.5346],[135.4718,35.5351],[135.4718,35.5358],[135.4719,35.5362],[135.4723,35.5368],[135.473,35.5368],[135.4732,35.5369],[135.4734,35.5375],[135.4742,35.5376],[135.4747,35.5381],[135.4749,35.5384],[135.4747,35.5388],[135.4741,35.5387],[135.4738,35.5397],[135.4732,35.5401],[135.4731,35.5405],[135.4733,35.5408],[135.4742,35.5417],[135.4749,35.5413],[135.4748,35.5416],[135.4745,35.5418],[135.4751,35.5425],[135.4754,35.5423],[135.4759,35.5429],[135.4762,35.5427],[135.4763,35.5423],[135.476,35.542],[135.4765,35.5417],[135.4769,35.5422],[135.4774,35.5422],[135.4779,35.5421],[135.4784,35.5422],[135.4785,35.5424],[135.4784,35.5428],[135.4794,35.5435],[135.4794,35.544],[135.4792,35.5443],[135.4796,35.5451],[135.4795,35.5457],[135.4799,35.546],[135.4799,35.5466],[135.4797,35.5469],[135.4791,35.5473],[135.4786,35.5473],[135.4783,35.5478],[135.4775,35.5485],[135.4773,35.5488],[135.4774,35.5493],[135.478,35.5494],[135.478,35.5492],[135.4787,35.5496],[135.479,35.5501],[135.4789,35.5506],[135.4786,35.5508],[135.4786,35.5511],[135.4794,35.5513],[135.48,35.5516],[135.4801,35.5503],[135.48,35.5517],[135.4802,35.5517],[135.4808,35.552],[135.4814,35.5526],[135.4828,35.5529],[135.4834,35.5529],[135.4837,35.5531],[135.4838,35.5536],[135.4837,35.5542],[135.4839,35.5545],[135.4845,35.5546],[135.485,35.5551],[135.4851,35.556],[135.4856,35.5564],[135.4856,35.5566],[135.4859,35.5569],[135.4862,35.5569],[135.4866,35.5573],[135.4866,35.5579],[135.4854,35.5575],[135.4838,35.5568],[135.4827,35.5566],[135.4815,35.5565],[135.4811,35.5563],[135.4804,35.5557],[135.4779,35.5554],[135.4772,35.5552],[135.4765,35.5546],[135.475,35.554],[135.4741,35.5537],[135.4732,35.5537],[135.4723,35.5538],[135.4714,35.5533],[135.4707,35.553],[135.4698,35.5527],[135.4685,35.5523],[135.4668,35.5519],[135.4662,35.5515],[135.4654,35.5512],[135.465,35.5509],[135.4641,35.55],[135.4635,35.5496],[135.4621,35.549],[135.4611,35.5487],[135.4605,35.5485],[135.4604,35.5478],[135.46,35.5463],[135.4601,35.5458],[135.46,35.5446],[135.4603,35.5441],[135.4603,35.5439],[135.4596,35.5434],[135.4589,35.5426],[135.4581,35.5415],[135.4566,35.5403],[135.456,35.5399],[135.4556,35.539],[135.4544,35.538],[135.4542,35.5376],[135.4541,35.5369],[135.4544,35.5356],[135.4545,35.5342],[135.4545,35.5339],[135.4538,35.5331],[135.4536,35.5321],[135.4528,35.5315],[135.452,35.5311],[135.4519,35.5309],[135.4515,35.529],[135.4515,35.5282],[135.4513,35.5279],[135.4499,35.5272],[135.4498,35.5269],[135.4494,35.526],[135.4495,35.5254],[135.4494,35.5243],[135.4493,35.5237],[135.4494,35.5233],[135.4497,35.5226],[135.4498,35.5212],[135.4499,35.5208],[135.4518,35.5209],[135.4522,35.5209],[135.4524,35.5205],[135.4531,35.5189],[135.4535,35.5188],[135.4538,35.5183],[135.4544,35.518],[135.4552,35.5179],[135.4559,35.5176],[135.4566,35.5169],[135.4571,35.5167],[135.4578,35.5161],[135.4582,35.5157],[135.4592,35.5152],[135.4598,35.5145],[135.4607,35.5142],[135.4617,35.5136],[135.4623,35.5134],[135.4636,35.5132],[135.4639,35.5131],[135.4642,35.5128],[135.4645,35.512],[135.4647,35.5118],[135.4656,35.5112],[135.4663,35.5105],[135.4665,35.5102],[135.4667,35.5095],[135.467,35.5093],[135.4678,35.5092],[135.4698,35.5094],[135.4701,35.5094],[135.4706,35.5089],[135.4714,35.5083],[135.4723,35.5083],[135.4726,35.5084],[135.473,35.5082],[135.4737,35.5078],[135.4744,35.5071],[135.4754,35.5064],[135.4762,35.5055],[135.4753,35.5049],[135.4748,35.5044],[135.4743,35.5033],[135.4741,35.5029],[135.4733,35.5021],[135.4732,35.5018],[135.4726,35.5012],[135.4728,35.5001],[135.4731,35.4997],[135.4734,35.4986],[135.4739,35.4975],[135.4742,35.497],[135.4743,35.4964],[135.4744,35.4954],[135.4747,35.4945],[135.4751,35.494],[135.4751,35.4931],[135.476,35.492],[135.4756,35.4913],[135.4756,35.4908],[135.4763,35.49],[135.4763,35.4897],[135.4761,35.4893],[135.4758,35.489],[135.4755,35.4883],[135.4752,35.4881],[135.4748,35.488],[135.4743,35.4882],[135.4739,35.4888],[135.4734,35.4895],[135.4728,35.4899],[135.4725,35.49],[135.4717,35.4897],[135.4711,35.4894],[135.4707,35.4893],[135.4704,35.489],[135.4703,35.4886],[135.4701,35.488],[135.4693,35.4868],[135.4693,35.4863],[135.4694,35.4858],[135.4696,35.4848],[135.4684,35.4844],[135.4681,35.4842],[135.4671,35.4841],[135.4669,35.484],[135.4667,35.4829],[135.4664,35.482],[135.4657,35.4813],[135.4647,35.4805],[135.4632,35.4795],[135.4625,35.4788],[135.4622,35.478],[135.4616,35.4773],[135.4614,35.4769],[135.4612,35.4761],[135.4607,35.4756],[135.4603,35.4749],[135.4597,35.4738],[135.459,35.4732],[135.459,35.473],[135.4592,35.4721],[135.4592,35.4717],[135.4594,35.4713],[135.4597,35.4707],[135.4594,35.4699],[135.4591,35.4695],[135.4584,35.4689],[135.4583,35.4685],[135.4584,35.4681],[135.4589,35.4677],[135.4597,35.4674],[135.4601,35.4669],[135.4602,35.466],[135.4603,35.4657],[135.4609,35.4648],[135.4612,35.4642],[135.462,35.4636],[135.4628,35.4622],[135.4632,35.4621],[135.464,35.4621],[135.4647,35.462],[135.4651,35.4618],[135.4661,35.4608],[135.4668,35.4606],[135.4671,35.4604],[135.4679,35.4595],[135.4688,35.4588],[135.4695,35.4582],[135.4697,35.4576],[135.47,35.4565],[135.4707,35.4559],[135.4707,35.4554],[135.4703,35.4545],[135.4709,35.454],[135.4712,35.4538],[135.4724,35.4539],[135.473,35.4537],[135.4739,35.4532],[135.4744,35.4526],[135.4746,35.4522],[135.475,35.4519],[135.4757,35.4517],[135.4762,35.4514],[135.4766,35.451],[135.477,35.4505],[135.4773,35.4503],[135.4783,35.45],[135.4787,35.4497],[135.4794,35.4491],[135.4799,35.4489],[135.4803,35.4484],[135.4809,35.4481],[135.4813,35.4482],[135.4817,35.4485],[135.4823,35.4486],[135.4831,35.4484],[135.4839,35.448],[135.4842,35.448],[135.485,35.4484],[135.4856,35.4486],[135.4861,35.4486],[135.4865,35.4492],[135.4871,35.4497],[135.4881,35.4497],[135.4887,35.4498],[135.4903,35.4496],[135.4906,35.45],[135.4912,35.4511],[135.4916,35.4513],[135.4922,35.4513],[135.4927,35.4512],[135.4935,35.4507],[135.4947,35.4499],[135.4951,35.4497],[135.4954,35.4497],[135.4957,35.4498],[135.496,35.4506],[135.4967,35.4512],[135.4976,35.4514],[135.498,35.4516],[135.4983,35.4522],[135.4987,35.4525],[135.4993,35.4527],[135.4998,35.453],[135.5,35.4541],[135.5002,35.4543],[135.5014,35.4547],[135.5026,35.4551],[135.503,35.4554],[135.5038,35.4562],[135.5045,35.4566],[135.505,35.4569],[135.5057,35.4581],[135.5062,35.4584],[135.5062,35.4589],[135.5069,35.4595],[135.5077,35.4598],[135.5081,35.4601],[135.5085,35.4603],[135.5094,35.4605],[135.51,35.4611],[135.5111,35.4611],[135.5119,35.4614],[135.5133,35.4616],[135.5143,35.4618],[135.515,35.4621],[135.516,35.4629],[135.5163,35.463],[135.5165,35.4624],[135.5168,35.4621],[135.5172,35.4618],[135.5184,35.4612],[135.5195,35.4608],[135.5207,35.4608],[135.521,35.4607],[135.5217,35.4598],[135.5221,35.4594],[135.5226,35.4591],[135.5228,35.4589],[135.5231,35.458],[135.5235,35.4574],[135.5236,35.4571],[135.5245,35.4564],[135.5248,35.4557],[135.5252,35.4556],[135.5255,35.4559],[135.5259,35.4561],[135.5267,35.4561],[135.5271,35.4563],[135.5283,35.4572],[135.5285,35.4573],[135.529,35.4571],[135.5294,35.4573],[135.5304,35.458],[135.5308,35.4582],[135.5311,35.4585],[135.5316,35.4587],[135.5321,35.4588],[135.5332,35.4587],[135.5335,35.4589],[135.5344,35.4593],[135.5363,35.4599],[135.5372,35.4598],[135.5384,35.4599],[135.5394,35.4596],[135.5403,35.4598],[135.5409,35.4596],[135.5415,35.4593],[135.5417,35.4594],[135.5421,35.46],[135.5425,35.4603],[135.5429,35.4601],[135.5434,35.4603],[135.5436,35.4604],[135.5443,35.4604],[135.5457,35.4598],[135.5463,35.4592],[135.5466,35.4593],[135.5475,35.4598],[135.5483,35.4597],[135.5496,35.4606],[135.5499,35.4606],[135.5503,35.4603],[135.5505,35.4599],[135.5508,35.4599],[135.5515,35.4603],[135.5523,35.4606],[135.5528,35.4609],[135.5532,35.461],[135.5541,35.4608],[135.5543,35.4608],[135.5555,35.4612],[135.5557,35.4611],[135.5563,35.4609],[135.5566,35.4604],[135.557,35.4603],[135.5577,35.4605],[135.5581,35.4608],[135.5586,35.4608],[135.5591,35.4613],[135.5595,35.4613],[135.5597,35.4611],[135.5603,35.4614],[135.561,35.4614],[135.5613,35.4618],[135.5614,35.4628],[135.5615,35.463],[135.5614,35.4638],[135.5616,35.4639],[135.5627,35.4644],[135.5629,35.4648],[135.5631,35.465],[135.5639,35.4654],[135.5646,35.4656],[135.5655,35.4656],[135.5659,35.4659],[135.5665,35.4657],[135.5674,35.466],[135.5681,35.4661],[135.5691,35.4666],[135.5699,35.4662],[135.5717,35.4661],[135.5721,35.4662],[135.5724,35.4667],[135.5739,35.4678],[135.5742,35.4678],[135.5753,35.4677],[135.5767,35.4677],[135.5774,35.4677],[135.5781,35.4681],[135.5786,35.4688],[135.579,35.4691],[135.5802,35.4693],[135.5811,35.4688],[135.5817,35.4685],[135.5826,35.4679],[135.5838,35.4676],[135.5842,35.4674],[135.5846,35.467],[135.5852,35.4667],[135.5857,35.4665],[135.5864,35.4667],[135.587,35.4667],[135.5875,35.4671],[135.5888,35.4675],[135.5892,35.4675],[135.5897,35.4673],[135.5907,35.4674],[135.5911,35.4679],[135.5916,35.4681],[135.5917,35.4685],[135.592,35.4686],[135.5925,35.4684],[135.5931,35.4682],[135.5943,35.4682],[135.5949,35.468],[135.5951,35.4682],[135.5955,35.4688],[135.5958,35.4691],[135.5962,35.4689],[135.5967,35.4691],[135.597,35.4696],[135.5971,35.4699],[135.5972,35.4712],[135.5974,35.4714],[135.5981,35.4714],[135.5991,35.4717],[135.5996,35.4719],[135.6006,35.4732],[135.6007,35.4734],[135.5999,35.4746],[135.5998,35.4755],[135.6,35.4759],[135.6008,35.4773],[135.6015,35.4779],[135.6026,35.4784],[135.6029,35.4786],[135.6033,35.4793],[135.6038,35.4797],[135.604,35.4799],[135.604,35.4805],[135.6042,35.4813],[135.6045,35.4818],[135.605,35.4822],[135.6052,35.4837],[135.604,35.4835],[135.6038,35.4835],[135.6004,35.4862],[135.5996,35.4869],[135.598,35.4883],[135.5971,35.4888],[135.5966,35.489],[135.5923,35.4904],[135.5901,35.4905],[135.5835,35.4907],[135.5827,35.4898],[135.5827,35.4897],[135.5815,35.4896],[135.581,35.4901],[135.5816,35.4905],[135.5841,35.4926],[135.5885,35.4929],[135.5891,35.4931],[135.5899,35.4938],[135.5903,35.4941],[135.591,35.4944],[135.5915,35.4945],[135.5922,35.4945],[135.5968,35.4921],[135.5976,35.4925],[135.5983,35.4924],[135.5989,35.4921],[135.5999,35.4916],[135.6006,35.4914],[135.6012,35.4914],[135.6021,35.4912],[135.6027,35.4912],[135.6038,35.4912],[135.6044,35.491],[135.6053,35.4905],[135.6059,35.4903],[135.6063,35.4903],[135.6057,35.491],[135.6052,35.4922],[135.6047,35.4925],[135.6043,35.4929],[135.604,35.4936],[135.6036,35.494],[135.6036,35.4945],[135.6034,35.4952],[135.6036,35.4957],[135.6034,35.4972],[135.6035,35.4979],[135.604,35.4983],[135.6054,35.4984],[135.606,35.4986],[135.6066,35.4987],[135.607,35.4985],[135.6073,35.4984],[135.6076,35.4987],[135.6076,35.4991],[135.608,35.5004],[135.6083,35.5011],[135.6083,35.502],[135.608,35.5028],[135.6083,35.5038],[135.609,35.5048],[135.6093,35.5049],[135.6104,35.5059],[135.6107,35.5062],[135.6107,35.5064],[135.6092,35.5068],[135.6088,35.507],[135.6085,35.5074],[135.6086,35.5081],[135.6087,35.5084],[135.609,35.5096],[135.609,35.5099],[135.6082,35.5103],[135.6077,35.5104],[135.6056,35.5114],[135.6042,35.512],[135.6041,35.5122],[135.6037,35.513],[135.6034,35.5135],[135.6025,35.5139]],[[135.5457,35.4954],[135.5453,35.4954],[135.5449,35.4955],[135.5446,35.496],[135.5443,35.4961],[135.5444,35.4964],[135.5452,35.4967],[135.5455,35.4963],[135.5458,35.4962],[135.5458,35.4958],[135.5456,35.4956],[135.5469,35.4952],[135.5471,35.4957],[135.5476,35.4959],[135.5477,35.4957],[135.5473,35.4952],[135.5472,35.4948],[135.5469,35.4951],[135.5457,35.4954]],[[135.55,35.4983],[135.5508,35.4981],[135.5507,35.4979],[135.55,35.4983]],[[135.5511,35.4962],[135.5506,35.4963],[135.5507,35.4966],[135.5511,35.4962]],[[135.5684,35.4977],[135.569,35.4974],[135.5689,35.4971],[135.5684,35.497],[135.5684,35.4968],[135.568,35.4968],[135.5678,35.4976],[135.5684,35.4977]],[[135.5188,35.5351],[135.5187,35.5347],[135.5181,35.5349],[135.5179,35.5352],[135.5176,35.5355],[135.5182,35.5362],[135.5185,35.5361],[135.5186,35.5356],[135.5188,35.5353],[135.5188,35.5351]]]},"properties":{"N03_001":"福井県","N03_002":"","N03_003":"大飯郡","N03_004":"高浜町","N03_007":"18481"}},
{"type":"Feature","geometry":{"type":"Polygon","coordinates":[[[135.7909,35.3866],[135.7902,35.3869],[135.7896,35.3872],[135.7893,35.3876],[135.789,35.3886],[135.789,35.3891],[135.7886,35.3898],[135.7882,35.39],[135.7869,35.3904],[135.7857,35.3914],[135.7851,35.3916],[135.7842,35.3918],[135.7835,35.3917],[135.7829,35.3919],[135.7824,35.3918],[135.7819,35.392],[135.7807,35.3922],[135.78,35.3924],[135.779,35.3933],[135.7786,35.3936],[135.778,35.3938],[135.7773,35.3943],[135.777,35.3943],[135.7764,35.394],[135.7756,35.3936],[135.7746,35.3937],[135.7738,35.3935],[135.7729,35.3945],[135.7723,35.395],[135.7719,35.3955],[135.7717,35.3965],[135.7714,35.3966],[135.7702,35.397],[135.77,35.3972],[135.7698,35.3978],[135.7698,35.399],[135.7696,35.3997],[135.7697,35.4003],[135.7701,35.4007],[135.7701,35.4009],[135.7698,35.4016],[135.7692,35.4024],[135.7686,35.403],[135.768,35.4039],[135.7674,35.4042],[135.7668,35.4044],[135.7649,35.4047],[135.7639,35.405],[135.7635,35.4055],[135.7632,35.406],[135.7624,35.407],[135.7622,35.4075],[135.7613,35.4084],[135.7606,35.4092],[135.7604,35.4098],[135.7602,35.4099],[135.7598,35.4098],[135.7589,35.4097],[135.758,35.4098],[135.7577,35.41],[135.7569,35.4107],[135.7566,35.4112],[135.7556,35.4123],[135.7548,35.4124],[135.7534,35.4129],[135.7527,35.4132],[135.7517,35.4134],[135.7513,35.4136],[135.7506,35.4135],[135.7496,35.4137],[135.7491,35.4139],[135.7483,35.4141],[135.748,35.4142],[135.7475,35.4147],[135.7472,35.4148],[135.7468,35.4146],[135.7461,35.4144],[135.745,35.4147],[135.7443,35.4148],[135.744,35.4152],[135.7434,35.4154],[135.7427,35.4161],[135.7423,35.4163],[135.7419,35.4164],[135.7402,35.4169],[135.7395,35.417],[135.7385,35.4165],[135.7379,35.4164],[135.7367,35.416],[135.7362,35.416],[135.735,35.417],[135.7342,35.4174],[135.7338,35.4179],[135.7334,35.4182],[135.7323,35.4184],[135.7306,35.4185],[135.73,35.4185],[135.7298,35.4177],[135.7295,35.4171],[135.729,35.4165],[135.729,35.4159],[135.729,35.4155],[135.7286,35.4152],[135.7282,35.4146],[135.728,35.4141],[135.7277,35.4139],[135.7268,35.4138],[135.7259,35.4138],[135.7253,35.4139],[135.7239,35.4141],[135.7224,35.4141],[135.722,35.4141],[135.721,35.4147],[135.72,35.4149],[135.7193,35.4148],[135.7188,35.4142],[135.7183,35.4139],[135.7178,35.4137],[135.7169,35.4137],[135.7165,35.4136],[135.7159,35.4131],[135.7153,35.4124],[135.7146,35.4119],[135.7143,35.4108],[135.7139,35.4104],[135.7137,35.4097],[135.7135,35.4095],[135.7128,35.409],[135.7122,35.409],[135.7118,35.4092],[135.71,35.4094],[135.7093,35.4093],[135.7088,35.4093],[135.7075,35.4099],[135.7069,35.4101],[135.7062,35.4102],[135.7054,35.4104],[135.7049,35.4108],[135.7047,35.4108],[135.7044,35.4104],[135.7035,35.4102],[135.7029,35.4096],[135.7025,35.4094],[135.7019,35.4094],[135.7008,35.4096],[135.7002,35.4099],[135.6982,35.4102],[135.6978,35.4102],[135.6964,35.4101],[135.6952,35.4104],[135.6945,35.4105],[135.6939,35.4103],[135.6935,35.4103],[135.693,35.4107],[135.6927,35.411],[135.6923,35.4112],[135.6914,35.4112],[135.6909,35.4115],[135.6906,35.4117],[135.6903,35.4123],[135.6898,35.4127],[135.6893,35.4128],[135.6886,35.4128],[135.6882,35.4129],[135.6873,35.4136],[135.687,35.4139],[135.6863,35.4142],[135.6855,35.4147],[135.6847,35.4152],[135.6837,35.4155],[135.6823,35.4155],[135.682,35.4165],[135.682,35.4172],[135.6821,35.4177],[135.6821,35.4187],[135.681,35.4186],[135.6805,35.4185],[135.6793,35.4183],[135.6784,35.4181],[135.6778,35.418],[135.6772,35.4181],[135.6767,35.4181],[135.676,35.4179],[135.6745,35.4178],[135.674,35.4178],[135.673,35.418],[135.6725,35.4179],[135.6717,35.4172],[135.6714,35.4169],[135.6709,35.4162],[135.6705,35.4159],[135.6697,35.4152],[135.6695,35.4149],[135.6694,35.4143],[135.6693,35.4138],[135.669,35.4135],[135.6684,35.4129],[135.6679,35.4121],[135.6678,35.411],[135.6679,35.4105],[135.6677,35.4104],[135.6662,35.4102],[135.6657,35.4103],[135.6653,35.4105],[135.6644,35.4111],[135.6635,35.4113],[135.6632,35.4114],[135.6628,35.4119],[135.6622,35.4122],[135.6613,35.4127],[135.6612,35.4135],[135.6608,35.4136],[135.6605,35.4134],[135.66,35.4134],[135.6596,35.4136],[135.659,35.4136],[135.658,35.4133],[135.6572,35.4129],[135.657,35.4131],[135.6565,35.4139],[135.656,35.4144],[135.6556,35.4146],[135.6553,35.4151],[135.6544,35.4157],[135.6534,35.4158],[135.6528,35.4161],[135.6521,35.4162],[135.6516,35.416],[135.6502,35.416],[135.65,35.416],[135.6484,35.4171],[135.6478,35.4172],[135.6473,35.4171],[135.6468,35.4172],[135.6461,35.4173],[135.6456,35.4173],[135.6451,35.4172],[135.6447,35.4169],[135.6442,35.4167],[135.6435,35.4167],[135.6435,35.4171],[135.6431,35.4178],[135.6426,35.4193],[135.6422,35.4201],[135.6421,35.4206],[135.6421,35.4213],[135.6417,35.4219],[135.6416,35.4229],[135.6415,35.4233],[135.6412,35.4237],[135.6411,35.4243],[135.641,35.4245],[135.6397,35.4251],[135.6391,35.4251],[135.6385,35.4247],[135.6377,35.4247],[135.6376,35.425],[135.6368,35.4259],[135.6362,35.4261],[135.6358,35.4261],[135.635,35.426],[135.6343,35.4263],[135.6335,35.4262],[135.6326,35.4266],[135.6321,35.4267],[135.6319,35.4265],[135.6314,35.4259],[135.631,35.4255],[135.6302,35.4244],[135.6298,35.4238],[135.6297,35.4234],[135.6299,35.423],[135.6298,35.4227],[135.6284,35.4216],[135.6278,35.4214],[135.6268,35.4213],[135.6251,35.4215],[135.624,35.4218],[135.6231,35.4217],[135.6222,35.4214],[135.6219,35.4215],[135.6212,35.422],[135.6209,35.4219],[135.62,35.421],[135.6197,35.4207],[135.6197,35.4204],[135.6199,35.4202],[135.62,35.4198],[135.62,35.4192],[135.6197,35.4188],[135.6192,35.4176],[135.619,35.4173],[135.6186,35.417],[135.617,35.4163],[135.6163,35.4159],[135.6162,35.4157],[135.6153,35.4145],[135.615,35.4144],[135.6145,35.4145],[135.614,35.4148],[135.6137,35.4151],[135.6137,35.4155],[135.6133,35.4158],[135.6129,35.416],[135.6118,35.416],[135.6113,35.4162],[135.6106,35.4169],[135.6101,35.4171],[135.6086,35.417],[135.608,35.4166],[135.6072,35.4163],[135.6068,35.416],[135.6061,35.4159],[135.6056,35.416],[135.6049,35.416],[135.6045,35.4158],[135.6042,35.4165],[135.6039,35.4169],[135.6038,35.4173],[135.6035,35.4175],[135.6029,35.4175],[135.6024,35.4177],[135.602,35.4179],[135.6014,35.418],[135.6011,35.4179],[135.6008,35.418],[135.6002,35.4185],[135.5994,35.4188],[135.5991,35.4188],[135.5988,35.4191],[135.5986,35.4198],[135.5987,35.4201],[135.5984,35.4207],[135.5986,35.4215],[135.5982,35.4223],[135.5981,35.4231],[135.5981,35.4236],[135.5984,35.4244],[135.5984,35.4247],[135.598,35.4252],[135.5975,35.4254],[135.5964,35.4256],[135.5959,35.4257],[135.5947,35.4262],[135.5934,35.4271],[135.5926,35.4278],[135.5916,35.4281],[135.5913,35.4283],[135.5907,35.4288],[135.5904,35.4294],[135.5898,35.4298],[135.5889,35.4301],[135.5887,35.4305],[135.589,35.432],[135.5889,35.4326],[135.589,35.433],[135.5896,35.4334],[135.5902,35.4336],[135.5907,35.4335],[135.5913,35.4333],[135.5916,35.4335],[135.5926,35.4346],[135.593,35.4346],[135.5938,35.4343],[135.5949,35.4342],[135.5952,35.4342],[135.5958,35.4344],[135.5962,35.4344],[135.5971,35.4341],[135.5976,35.4341],[135.5981,35.4343],[135.5989,35.4344],[135.5995,35.4345],[135.6,35.435],[135.6005,35.4354],[135.6007,35.4357],[135.6007,35.4362],[135.6012,35.4365],[135.6019,35.4365],[135.6023,35.4366],[135.6029,35.4372],[135.6042,35.4379],[135.6044,35.438],[135.6046,35.4386],[135.6051,35.4393],[135.6054,35.4395],[135.6064,35.4399],[135.6064,35.4403],[135.6067,35.4405],[135.6074,35.4405],[135.6081,35.4405],[135.6087,35.4408],[135.6088,35.441],[135.6092,35.4413],[135.6104,35.4415],[135.6111,35.4415],[135.6119,35.4411],[135.6123,35.4409],[135.6128,35.4411],[135.6131,35.4411],[135.6142,35.4405],[135.6154,35.4402],[135.6161,35.4401],[135.6173,35.4401],[135.6178,35.4403],[135.6184,35.4413],[135.6194,35.4413],[135.6199,35.4411],[135.6207,35.4412],[135.621,35.4415],[135.621,35.4417],[135.6208,35.442],[135.6207,35.4427],[135.6207,35.4432],[135.6213,35.4438],[135.6215,35.4441],[135.6222,35.4447],[135.6224,35.4453],[135.6235,35.4453],[135.6245,35.4454],[135.6252,35.4455],[135.6258,35.4455],[135.6263,35.4456],[135.6268,35.4455],[135.6274,35.4457],[135.628,35.4456],[135.6302,35.4451],[135.631,35.4447],[135.6316,35.4446],[135.6319,35.4446],[135.6324,35.445],[135.6331,35.4453],[135.6337,35.4457],[135.6342,35.4458],[135.6349,35.446],[135.6359,35.4469],[135.6364,35.4471],[135.638,35.4472],[135.6384,35.4472],[135.6386,35.4468],[135.6392,35.4468],[135.6395,35.4469],[135.6397,35.4474],[135.6401,35.4476],[135.6406,35.4477],[135.6411,35.4476],[135.6417,35.4477],[135.6425,35.448],[135.6432,35.4481],[135.6442,35.4484],[135.6445,35.4487],[135.6446,35.4493],[135.6448,35.4495],[135.6467,35.45],[135.6472,35.4501],[135.6472,35.4505],[135.6469,35.452],[135.6466,35.4527],[135.6459,35.4531],[135.6454,35.4534],[135.6447,35.4539],[135.644,35.4544],[135.6438,35.455],[135.6435,35.4553],[135.6426,35.4556],[135.6423,35.4558],[135.6416,35.456],[135.6413,35.4565],[135.6414,35.4578],[135.6414,35.4582],[135.6408,35.459],[135.6408,35.4592],[135.6412,35.4597],[135.6414,35.46],[135.6413,35.4606],[135.6415,35.4613],[135.6419,35.4617],[135.6423,35.4621],[135.6425,35.4626],[135.643,35.4629],[135.6439,35.463],[135.6446,35.4633],[135.6454,35.4634],[135.6458,35.4635],[135.6464,35.464],[135.6473,35.4645],[135.6481,35.4647],[135.6485,35.465],[135.6485,35.4652],[135.6482,35.4657],[135.6477,35.4661],[135.6476,35.4669],[135.6472,35.4673],[135.6472,35.4677],[135.6475,35.4682],[135.6474,35.4685],[135.6468,35.4693],[135.6462,35.4698],[135.6463,35.4704],[135.6468,35.471],[135.6468,35.4717],[135.6469,35.4725],[135.6465,35.473],[135.6461,35.4734],[135.6457,35.4736],[135.645,35.4748],[135.6448,35.4752],[135.6448,35.4758],[135.6451,35.4764],[135.6448,35.4771],[135.6448,35.4776],[135.6451,35.4779],[135.6452,35.4786],[135.6448,35.4787],[135.6439,35.4786],[135.644,35.4799],[135.6432,35.4797],[135.6428,35.4795],[135.6423,35.4794],[135.6417,35.4794],[135.6409,35.4796],[135.6402,35.48],[135.6399,35.4797],[135.6385,35.4797],[135.638,35.4798],[135.6372,35.4803],[135.6367,35.4808],[135.6362,35.4811],[135.636,35.4815],[135.6378,35.4812],[135.6378,35.4813],[135.6359,35.4815],[135.6353,35.4802],[135.6361,35.4796],[135.636,35.4795],[135.6354,35.4798],[135.6351,35.4797],[135.634,35.4803],[135.6336,35.4798],[135.633,35.4802],[135.6332,35.4803],[135.634,35.4813],[135.6341,35.4818],[135.6336,35.4822],[135.633,35.4824],[135.6326,35.4826],[135.6323,35.4822],[135.6318,35.4824],[135.6307,35.4811],[135.6295,35.4817],[135.6307,35.4832],[135.6292,35.4836],[135.6283,35.4831],[135.6275,35.4824],[135.6265,35.4815],[135.6261,35.4815],[135.6256,35.4818],[135.6254,35.4821],[135.6246,35.4822],[135.6236,35.4828],[135.6229,35.4834],[135.623,35.4835],[135.6226,35.4841],[135.6224,35.484],[135.6221,35.4843],[135.6207,35.486],[135.6204,35.4861],[135.6197,35.4858],[135.6165,35.4853],[135.6159,35.4854],[135.6052,35.4837],[135.605,35.4822],[135.6045,35.4818],[135.6042,35.4813],[135.604,35.4805],[135.604,35.4799],[135.6038,35.4797],[135.6033,35.4793],[135.6029,35.4786],[135.6026,35.4784],[135.6015,35.4779],[135.6008,35.4773],[135.6,35.4759],[135.5998,35.4755],[135.5999,35.4746],[135.6007,35.4734],[135.6006,35.4732],[135.5996,35.4719],[135.5991,35.4717],[135.5981,35.4714],[135.5974,35.4714],[135.5972,35.4712],[135.5971,35.4699],[135.597,35.4696],[135.5967,35.4691],[135.5962,35.4689],[135.5958,35.4691],[135.5955,35.4688],[135.5951,35.4682],[135.5949,35.468],[135.5943,35.4682],[135.5931,35.4682],[135.5925,35.4684],[135.592,35.4686],[135.5917,35.4685],[135.5916,35.4681],[135.5911,35.4679],[135.5907,35.4674],[135.5897,35.4673],[135.5892,35.4675],[135.5888,35.4675],[135.5875,35.4671],[135.587,35.4667],[135.5864,35.4667],[135.5857,35.4665],[135.5852,35.4667],[135.5846,35.467],[135.5842,35.4674],[135.5838,35.4676],[135.5826,35.4679],[135.5817,35.4685],[135.5811,35.4688],[135.5802,35.4693],[135.579,35.4691],[135.5786,35.4688],[135.5781,35.4681],[135.5774,35.4677],[135.5767,35.4677],[135.5753,35.4677],[135.5742,35.4678],[135.5739,35.4678],[135.5724,35.4667],[135.5721,35.4662],[135.5717,35.4661],[135.5699,35.4662],[135.5691,35.4666],[135.5681,35.4661],[135.5674,35.466],[135.5665,35.4657],[135.5659,35.4659],[135.5655,35.4656],[135.5646,35.4656],[135.5639,35.4654],[135.5631,35.465],[135.5629,35.4648],[135.5627,35.4644],[135.5616,35.4639],[135.5614,35.4638],[135.5615,35.463],[135.5614,35.4628],[135.5613,35.4618],[135.561,35.4614],[135.5603,35.4614],[135.5597,35.4611],[135.5595,35.4613],[135.5591,35.4613],[135.5586,35.4608],[135.5581,35.4608],[135.5577,35.4605],[135.557,35.4603],[135.5566,35.4604],[135.5563,35.4609],[135.5557,35.4611],[135.5555,35.4612],[135.5543,35.4608],[135.5541,35.4608],[135.5532,35.461],[135.5528,35.4609],[135.5523,35.4606],[135.5515,35.4603],[135.5508,35.4599],[135.5505,35.4599],[135.5503,35.4603],[135.5499,35.4606],[135.5496,35.4606],[135.5483,35.4597],[135.5475,35.4598],[135.5466,35.4593],[135.5463,35.4592],[135.5457,35.4598],[135.5443,35.4604],[135.5436,35.4604],[135.5434,35.4603],[135.5429,35.4601],[135.5425,35.4603],[135.5421,35.46],[135.5417,35.4594],[135.5415,35.4593],[135.5409,35.4596],[135.5403,35.4598],[135.5394,35.4596],[135.5384,35.4599],[135.5372,35.4598],[135.5363,35.4599],[135.5344,35.4593],[135.5335,35.4589],[135.5332,35.4587],[135.5321,35.4588],[135.5316,35.4587],[135.5311,35.4585],[135.5308,35.4582],[135.5304,35.458],[135.5294,35.4573],[135.529,35.4571],[135.5285,35.4573],[135.5283,35.4572],[135.5271,35.4563],[135.5267,35.4561],[135.5259,35.4561],[135.5255,35.4559],[135.5252,35.4556],[135.5248,35.4557],[135.5245,35.4564],[135.5236,35.4571],[135.5235,35.4574],[135.5231,35.458],[135.5228,35.4589],[135.5226,35.4591],[135.5221,35.4594],[135.5217,35.4598],[135.521,35.4607],[135.5207,35.4608],[135.5195,35.4608],[135.5184,35.4612],[135.5172,35.4618],[135.5168,35.4621],[135.5165,35.4624],[135.5163,35.463],[135.516,35.4629],[135.515,35.4621],[135.5143,35.4618],[135.5133,35.4616],[135.5119,35.4614],[135.5111,35.4611],[135.51,35.4611],[135.5094,35.4605],[135.5085,35.4603],[135.5081,35.4601],[135.5077,35.4598],[135.5069,35.4595],[135.5062,35.4589],[135.5062,35.4584],[135.5057,35.4581],[135.505,35.4569],[135.5045,35.4566],[135.5038,35.4562],[135.503,35.4554],[135.5026,35.4551],[135.5014,35.4547],[135.5002,35.4543],[135.5,35.4541],[135.4998,35.453],[135.4993,35.4527],[135.4987,35.4525],[135.4983,35.4522],[135.498,35.4516],[135.4976,35.4514],[135.4967,35.4512],[135.496,35.4506],[135.4957,35.4498],[135.4954,35.4497],[135.4951,35.4497],[135.4947,35.4499],[135.4935,35.4507],[135.4927,35.4512],[135.4922,35.4513],[135.4916,35.4513],[135.4912,35.4511],[135.4906,35.45],[135.4903,35.4496],[135.4887,35.4498],[135.4881,35.4497],[135.4871,35.4497],[135.4865,35.4492],[135.4861,35.4486],[135.4861,35.4478],[135.4863,35.4473],[135.4868,35.447],[135.4871,35.4467],[135.4873,35.4459],[135.4872,35.445],[135.4872,35.4448],[135.4879,35.4442],[135.488,35.4433],[135.4883,35.4431],[135.4885,35.4425],[135.4892,35.4415],[135.4894,35.441],[135.4893,35.4407],[135.4888,35.4404],[135.4881,35.4395],[135.4881,35.4392],[135.4888,35.4387],[135.4896,35.4388],[135.49,35.4388],[135.4905,35.4386],[135.491,35.4386],[135.4931,35.4387],[135.4935,35.4386],[135.4942,35.4387],[135.4952,35.439],[135.4955,35.4389],[135.496,35.4387],[135.4968,35.4379],[135.4978,35.4375],[135.498,35.4373],[135.4982,35.4365],[135.4988,35.4358],[135.4988,35.4352],[135.499,35.4346],[135.4998,35.4339],[135.5007,35.4334],[135.5008,35.433],[135.5005,35.4325],[135.5002,35.4324],[135.4996,35.4324],[135.4986,35.4325],[135.4981,35.4323],[135.4976,35.4319],[135.4974,35.4316],[135.4967,35.431],[135.4966,35.4303],[135.4955,35.4295],[135.4955,35.4293],[135.4963,35.4285],[135.4966,35.4281],[135.4965,35.4277],[135.4954,35.4264],[135.4954,35.4259],[135.4959,35.4255],[135.4962,35.4251],[135.4972,35.4249],[135.4979,35.425],[135.4986,35.4245],[135.4997,35.4242],[135.5005,35.4233],[135.5007,35.4228],[135.5005,35.4224],[135.5008,35.4216],[135.5011,35.4212],[135.5018,35.4205],[135.502,35.42],[135.5027,35.42],[135.5035,35.4205],[135.5042,35.4207],[135.5047,35.4208],[135.5053,35.4207],[135.5057,35.4209],[135.507,35.4223],[135.5076,35.4227],[135.5081,35.4232],[135.5085,35.4234],[135.5096,35.4237],[135.5101,35.4244],[135.5108,35.4246],[135.5115,35.4244],[135.512,35.424],[135.5126,35.4233],[135.5132,35.4231],[135.5139,35.4232],[135.5142,35.4232],[135.5143,35.4229],[135.515,35.4224],[135.5153,35.4221],[135.5157,35.4219],[135.5159,35.4219],[135.5172,35.4224],[135.5194,35.4229],[135.5199,35.4228],[135.5205,35.4229],[135.5208,35.4229],[135.5216,35.4225],[135.5223,35.4219],[135.5226,35.4218],[135.5235,35.4219],[135.5239,35.4218],[135.5244,35.4214],[135.5258,35.4204],[135.5261,35.4198],[135.5268,35.4191],[135.527,35.4184],[135.5269,35.4179],[135.5267,35.4173],[135.5265,35.4167],[135.5267,35.416],[135.5276,35.4152],[135.5277,35.415],[135.5277,35.4143],[135.528,35.414],[135.5279,35.4133],[135.5276,35.4129],[135.5275,35.4124],[135.5277,35.4121],[135.5286,35.4117],[135.5289,35.4114],[135.5293,35.4107],[135.5299,35.4102],[135.53,35.4101],[135.5299,35.4094],[135.53,35.4086],[135.53,35.4084],[135.5289,35.4076],[135.5286,35.4074],[135.5283,35.4065],[135.5278,35.406],[135.5276,35.4055],[135.5272,35.4053],[135.5266,35.4052],[135.5262,35.4046],[135.5257,35.4041],[135.5252,35.4031],[135.5251,35.4025],[135.5257,35.4008],[135.5264,35.4004],[135.527,35.3996],[135.5272,35.3992],[135.5275,35.398],[135.5279,35.3977],[135.5298,35.3976],[135.5302,35.3974],[135.5302,35.3967],[135.5304,35.3958],[135.5309,35.3954],[135.5309,35.3947],[135.531,35.3944],[135.5315,35.3937],[135.5317,35.3933],[135.5316,35.3928],[135.5312,35.3924],[135.5304,35.3915],[135.5294,35.3909],[135.5288,35.3907],[135.5286,35.3905],[135.5287,35.3898],[135.529,35.3891],[135.5289,35.3887],[135.5283,35.3873],[135.5281,35.3871],[135.5271,35.387],[135.5267,35.3867],[135.5262,35.3862],[135.5263,35.3858],[135.5268,35.3854],[135.5271,35.3847],[135.5272,35.383],[135.5275,35.3825],[135.5276,35.3821],[135.5275,35.3816],[135.5275,35.3802],[135.5278,35.38],[135.5288,35.3797],[135.5291,35.3796],[135.5299,35.379],[135.534,35.378],[135.5345,35.3774],[135.5349,35.3772],[135.536,35.3768],[135.537,35.3767],[135.5386,35.3767],[135.5402,35.3766],[135.5423,35.3768],[135.5442,35.3769],[135.5446,35.3769],[135.5453,35.3772],[135.5455,35.3772],[135.5459,35.3769],[135.5463,35.3768],[135.547,35.3769],[135.5477,35.3767],[135.5483,35.3767],[135.5492,35.3771],[135.55,35.377],[135.5504,35.3769],[135.5508,35.377],[135.5511,35.3775],[135.5514,35.3777],[135.5521,35.3778],[135.5533,35.3778],[135.5538,35.3777],[135.5546,35.3771],[135.5549,35.3771],[135.5565,35.3776],[135.5569,35.3776],[135.5577,35.3775],[135.5579,35.3774],[135.5586,35.3766],[135.5588,35.3765],[135.5594,35.3764],[135.5602,35.3767],[135.5608,35.3768],[135.5617,35.3766],[135.5621,35.3767],[135.5628,35.3772],[135.5637,35.3772],[135.5646,35.3777],[135.5651,35.3774],[135.5658,35.3773],[135.5662,35.377],[135.5665,35.3763],[135.5668,35.3759],[135.5674,35.3755],[135.5681,35.3749],[135.5686,35.3749],[135.5691,35.3752],[135.5695,35.3752],[135.5703,35.3749],[135.5708,35.3748],[135.5712,35.3744],[135.5717,35.3743],[135.5726,35.3746],[135.5731,35.3746],[135.5741,35.3744],[135.5745,35.3744],[135.575,35.3747],[135.5754,35.3752],[135.5757,35.3752],[135.5763,35.3749],[135.5769,35.3748],[135.5777,35.375],[135.5789,35.3751],[135.5796,35.3749],[135.58,35.3743],[135.5801,35.3738],[135.5802,35.3736],[135.5808,35.3735],[135.5814,35.373],[135.5827,35.3721],[135.5835,35.3713],[135.5838,35.3704],[135.5839,35.3702],[135.5848,35.3699],[135.5854,35.3693],[135.5862,35.3692],[135.5869,35.369],[135.5881,35.3683],[135.5884,35.3683],[135.5888,35.3687],[135.589,35.3687],[135.5897,35.3683],[135.59,35.3684],[135.5905,35.3686],[135.591,35.3691],[135.5914,35.3697],[135.5918,35.37],[135.5922,35.37],[135.5927,35.3702],[135.5936,35.3704],[135.5939,35.3705],[135.5942,35.3709],[135.5949,35.3726],[135.5955,35.3729],[135.5959,35.3729],[135.5965,35.3726],[135.5969,35.3725],[135.5975,35.3725],[135.5983,35.3724],[135.5992,35.3721],[135.5995,35.3718],[135.5998,35.3712],[135.6004,35.3712],[135.6012,35.3714],[135.6022,35.3719],[135.603,35.3721],[135.6034,35.3721],[135.6046,35.3715],[135.6054,35.3713],[135.6064,35.3717],[135.6067,35.3717],[135.6071,35.3715],[135.6076,35.3707],[135.6078,35.3702],[135.6081,35.3699],[135.6092,35.3695],[135.6095,35.3693],[135.6099,35.3686],[135.6103,35.3678],[135.6107,35.3675],[135.611,35.3669],[135.6112,35.3669],[135.6115,35.3682],[135.6116,35.3685],[135.6117,35.3692],[135.6126,35.3695],[135.6132,35.3699],[135.6143,35.3705],[135.6151,35.3711],[135.6154,35.3709],[135.6161,35.3702],[135.6163,35.3701],[135.6169,35.3702],[135.6173,35.3701],[135.6174,35.3699],[135.6178,35.3699],[135.6185,35.3704],[135.6189,35.3705],[135.6206,35.37],[135.6212,35.3696],[135.6218,35.3696],[135.6227,35.3698],[135.6232,35.3699],[135.6235,35.3699],[135.6244,35.3693],[135.6247,35.3687],[135.625,35.3685],[135.6262,35.3684],[135.6272,35.3677],[135.6275,35.3673],[135.6284,35.3669],[135.6293,35.3668],[135.63,35.3662],[135.631,35.3659],[135.6324,35.3656],[135.6329,35.3656],[135.6334,35.3657],[135.6337,35.3656],[135.6339,35.3653],[135.634,35.3648],[135.6345,35.3644],[135.6358,35.3643],[135.6362,35.3638],[135.6366,35.3637],[135.6377,35.3641],[135.6384,35.3642],[135.639,35.3644],[135.6395,35.365],[135.6405,35.3655],[135.6407,35.3657],[135.6406,35.3665],[135.6407,35.3668],[135.6417,35.367],[135.6424,35.3667],[135.6433,35.3658],[135.6441,35.3653],[135.6445,35.3651],[135.6454,35.3648],[135.646,35.364],[135.6464,35.3637],[135.6469,35.3634],[135.6479,35.3629],[135.6483,35.3626],[135.6492,35.3615],[135.6495,35.3612],[135.6524,35.3599],[135.6531,35.3598],[135.6539,35.3599],[135.6544,35.3598],[135.6549,35.3595],[135.6555,35.3593],[135.6564,35.3591],[135.6568,35.359],[135.6573,35.3589],[135.6582,35.3592],[135.6589,35.3588],[135.6593,35.3585],[135.6596,35.3578],[135.6601,35.357],[135.6605,35.3566],[135.6613,35.3563],[135.6621,35.3564],[135.6642,35.3569],[135.6652,35.3569],[135.6659,35.3566],[135.6666,35.3566],[135.6677,35.3571],[135.6682,35.3571],[135.669,35.3563],[135.6692,35.3559],[135.6693,35.3549],[135.6695,35.3543],[135.6698,35.3541],[135.6704,35.354],[135.6713,35.354],[135.6719,35.3541],[135.6722,35.3541],[135.6733,35.3536],[135.6737,35.3533],[135.6745,35.3524],[135.6752,35.3514],[135.6754,35.3509],[135.6753,35.3502],[135.676,35.3508],[135.6764,35.3507],[135.6768,35.35],[135.6771,35.3498],[135.6779,35.35],[135.6801,35.35],[135.6809,35.3499],[135.6814,35.3497],[135.6819,35.3491],[135.6833,35.3482],[135.6842,35.348],[135.6846,35.3475],[135.6849,35.3474],[135.6853,35.3474],[135.6857,35.3477],[135.6864,35.348],[135.6875,35.3481],[135.6887,35.348],[135.6895,35.3478],[135.69,35.3479],[135.6903,35.3476],[135.6908,35.3469],[135.691,35.3467],[135.6924,35.3459],[135.6927,35.3458],[135.6935,35.3457],[135.6942,35.3458],[135.6949,35.3457],[135.6959,35.3453],[135.6967,35.3451],[135.6973,35.3447],[135.6978,35.3447],[135.6985,35.345],[135.699,35.345],[135.6995,35.3449],[135.7003,35.3444],[135.7007,35.3438],[135.701,35.3437],[135.7015,35.3442],[135.7019,35.3444],[135.7041,35.3448],[135.7044,35.3452],[135.7048,35.3464],[135.7053,35.3466],[135.7059,35.3461],[135.7064,35.346],[135.7066,35.3461],[135.7072,35.3467],[135.7075,35.347],[135.7079,35.3472],[135.7095,35.3474],[135.7101,35.3476],[135.7107,35.348],[135.7113,35.3486],[135.7113,35.3491],[135.7122,35.3503],[135.7124,35.3507],[135.7125,35.3516],[135.7125,35.3521],[135.7126,35.3526],[135.7128,35.3531],[135.7133,35.3536],[135.7138,35.3538],[135.7148,35.3541],[135.7153,35.3541],[135.7156,35.3538],[135.7166,35.3535],[135.7169,35.3536],[135.7178,35.355],[135.7184,35.3554],[135.7189,35.3553],[135.7194,35.3547],[135.7197,35.3544],[135.7204,35.3544],[135.7208,35.354],[135.7214,35.3534],[135.7224,35.3534],[135.7228,35.3532],[135.7233,35.3529],[135.7236,35.3521],[135.7238,35.3519],[135.7244,35.3518],[135.725,35.3517],[135.7257,35.352],[135.7262,35.3521],[135.7267,35.3519],[135.7272,35.3524],[135.7278,35.3526],[135.7287,35.3523],[135.7297,35.3518],[135.731,35.3508],[135.7315,35.3506],[135.7323,35.351],[135.7327,35.3509],[135.7332,35.351],[135.734,35.3509],[135.7352,35.3512],[135.7357,35.351],[135.7364,35.3511],[135.7371,35.3516],[135.7378,35.3518],[135.738,35.3519],[135.7383,35.3524],[135.7395,35.3535],[135.7406,35.3539],[135.7409,35.3544],[135.7411,35.3557],[135.741,35.3564],[135.7404,35.3573],[135.7402,35.3583],[135.7405,35.3584],[135.7411,35.3582],[135.742,35.3582],[135.7432,35.3585],[135.7441,35.3589],[135.7447,35.359],[135.7451,35.3589],[135.7462,35.3583],[135.7472,35.358],[135.7496,35.3572],[135.7508,35.357],[135.7544,35.3549],[135.7552,35.3544],[135.7565,35.3544],[135.7577,35.3542],[135.7585,35.354],[135.7588,35.3538],[135.7594,35.3532],[135.7598,35.3532],[135.7599,35.3534],[135.7599,35.3539],[135.76,35.3544],[135.7604,35.3546],[135.761,35.3552],[135.7618,35.3557],[135.7631,35.3563],[135.7639,35.3565],[135.7644,35.3565],[135.7648,35.3564],[135.765,35.3563],[135.7653,35.3556],[135.7656,35.3553],[135.766,35.3552],[135.7666,35.3554],[135.7674,35.3557],[135.7688,35.356],[135.7695,35.3579],[135.7699,35.3596],[135.7701,35.36],[135.7718,35.3614],[135.7722,35.3621],[135.7732,35.3628],[135.7738,35.3635],[135.7739,35.3643],[135.7741,35.3647],[135.7745,35.3652],[135.7749,35.3653],[135.7758,35.3653],[135.7769,35.3656],[135.7775,35.3658],[135.7777,35.3659],[135.7778,35.3668],[135.7787,35.3682],[135.7792,35.3693],[135.7794,35.3706],[135.7798,35.3717],[135.7798,35.3719],[135.779,35.3727],[135.7789,35.3731],[135.7791,35.3735],[135.7809,35.3744],[135.782,35.3747],[135.7826,35.3751],[135.7831,35.3755],[135.7839,35.377],[135.7842,35.3773],[135.7845,35.3775],[135.7854,35.3773],[135.7861,35.3776],[135.7868,35.3779],[135.7891,35.3783],[135.79,35.3784],[135.7903,35.3785],[135.7909,35.379],[135.7917,35.3804],[135.792,35.3811],[135.7919,35.3817],[135.7914,35.3828],[135.7907,35.384],[135.7906,35.3844],[135.7907,35.3847],[135.7907,35.3854],[135.7908,35.3865],[135.7909,35.3866]],[[135.6413,35.4808],[135.6413,35.4807],[135.6391,35.481],[135.6391,35.4811],[135.6413,35.4808]]]},"properties":{"N03_001":"福井県","N03_002":"","N03_003":"大飯郡","N03_004":"おおい町","N03_007":"18483"}},
{"type":"Feature","geometry":{"type":"Polygon","coordinates":[[[135.8531,35.4115],[135.8541,35.4108],[135.8554,35.4095],[135.8556,35.409],[135.8555,35.4077],[135.8552,35.4069],[135.8547,35.4065],[135.8545,35.4059],[135.8549,35.4049],[135.8552,35.403],[135.855,35.4027],[135.8545,35.4024],[135.8543,35.402],[135.8542,35.4013],[135.8543,35.4008],[135.8546,35.4005],[135.8551,35.4002],[135.856,35.3997],[135.8564,35.3991],[135.8566,35.3982],[135.8574,35.3975],[135.858,35.3971],[135.8583,35.397],[135.859,35.3969],[135.8594,35.3967],[135.8598,35.3962],[135.8599,35.3957],[135.8604,35.3953],[135.861,35.395],[135.8614,35.395],[135.8624,35.3951],[135.8629,35.3951],[135.8645,35.3944],[135.865,35.3944],[135.8659,35.3946],[135.8669,35.3947],[135.8674,35.3948],[135.8679,35.395],[135.8684,35.3955],[135.8692,35.3959],[135.8701,35.396],[135.8711,35.3959],[135.8717,35.3961],[135.872,35.3967],[135.8721,35.3968],[135.8732,35.397],[135.8748,35.3971],[135.8756,35.3974],[135.8765,35.3984],[135.8778,35.3992],[135.8793,35.3996],[135.8797,35.4],[135.8803,35.4006],[135.8806,35.4007],[135.8819,35.4008],[135.8825,35.4008],[135.8834,35.4016],[135.8843,35.4017],[135.8849,35.402],[135.8856,35.4023],[135.8874,35.4029],[135.89,35.403],[135.8906,35.4032],[135.8909,35.4041],[135.8919,35.4058],[135.8924,35.4069],[135.8925,35.4071],[135.8924,35.4077],[135.8926,35.4089],[135.8929,35.4095],[135.8935,35.4107],[135.8935,35.4112],[135.8933,35.4119],[135.8934,35.4127],[135.8937,35.4135],[135.8938,35.4148],[135.8938,35.4156],[135.8936,35.4163],[135.8936,35.417],[135.8935,35.4177],[135.8935,35.4185],[135.8933,35.4193],[135.893,35.4198],[135.8932,35.4201],[135.8936,35.4202],[135.8942,35.4209],[135.8945,35.4214],[135.8948,35.4216],[135.8961,35.4219],[135.8964,35.4227],[135.8969,35.4231],[135.8977,35.4234],[135.898,35.4242],[135.8985,35.4247],[135.899,35.425],[135.8997,35.4251],[135.9001,35.4255],[135.9004,35.4257],[135.901,35.4258],[135.9012,35.4263],[135.9014,35.4274],[135.9017,35.4282],[135.9023,35.4291],[135.9027,35.4294],[135.9032,35.4295],[135.9042,35.4296],[135.9059,35.4301],[135.9066,35.43],[135.9076,35.4296],[135.9081,35.4295],[135.909,35.4299],[135.9097,35.43],[135.9114,35.4304],[135.912,35.4305],[135.913,35.4309],[135.9135,35.4313],[135.9142,35.4321],[135.9145,35.4333],[135.9147,35.4338],[135.9149,35.4349],[135.9148,35.4353],[135.9144,35.4366],[135.9144,35.4369],[135.9147,35.4375],[135.9146,35.438],[135.9144,35.4384],[135.9138,35.4391],[135.9128,35.44],[135.9124,35.4408],[135.9123,35.441],[135.9124,35.4417],[135.9132,35.4431],[135.9131,35.4443],[135.9132,35.4448],[135.9131,35.4454],[135.9127,35.4456],[135.9122,35.4456],[135.9111,35.4456],[135.9106,35.4456],[135.9101,35.4464],[135.9098,35.4469],[135.9098,35.4472],[135.9101,35.4476],[135.912,35.4484],[135.9125,35.4487],[135.9131,35.4495],[135.9137,35.4501],[135.9141,35.4507],[135.9146,35.4519],[135.9147,35.4526],[135.9146,35.4538],[135.9147,35.4541],[135.9154,35.4553],[135.9156,35.4557],[135.9156,35.4561],[135.9154,35.4566],[135.915,35.4576],[135.9149,35.4591],[135.9149,35.4594],[135.9154,35.4602],[135.9158,35.4611],[135.916,35.4621],[135.9163,35.4634],[135.9162,35.4642],[135.9164,35.4646],[135.9167,35.4652],[135.917,35.4662],[135.9173,35.4668],[135.9174,35.4674],[135.9173,35.4686],[135.9172,35.4689],[135.9167,35.4697],[135.916,35.4706],[135.9159,35.4709],[135.9161,35.4711],[135.9165,35.4711],[135.917,35.4713],[135.9176,35.4717],[135.9177,35.4719],[135.9179,35.4728],[135.9179,35.4735],[135.9181,35.4738],[135.919,35.4741],[135.9192,35.4743],[135.9198,35.4753],[135.9207,35.4757],[135.9214,35.4757],[135.9216,35.4758],[135.9217,35.4761],[135.9215,35.4774],[135.9216,35.4781],[135.9218,35.4785],[135.9222,35.4789],[135.9225,35.4796],[135.923,35.4807],[135.9235,35.4811],[135.9237,35.4817],[135.923,35.4828],[135.923,35.4843],[135.9229,35.4846],[135.9223,35.4858],[135.9225,35.4862],[135.9235,35.4866],[135.9236,35.4867],[135.9238,35.4876],[135.924,35.4879],[135.9241,35.4885],[135.9242,35.4892],[135.9244,35.4896],[135.9248,35.49],[135.9251,35.4901],[135.9275,35.4905],[135.9282,35.4915],[135.9285,35.4918],[135.9288,35.4919],[135.9294,35.4918],[135.9298,35.492],[135.93,35.4923],[135.9303,35.4932],[135.9303,35.4936],[135.9306,35.4941],[135.9312,35.4949],[135.9313,35.4958],[135.9317,35.4964],[135.9316,35.4975],[135.9316,35.4978],[135.9323,35.4987],[135.9325,35.4994],[135.933,35.5003],[135.933,35.5017],[135.9332,35.5023],[135.9336,35.5026],[135.9344,35.5034],[135.9353,35.5039],[135.9353,35.5047],[135.9355,35.5053],[135.9357,35.5061],[135.936,35.5069],[135.9365,35.5078],[135.9367,35.5091],[135.9373,35.5098],[135.9375,35.5104],[135.9372,35.5108],[135.9372,35.511],[135.938,35.5112],[135.9378,35.5118],[135.9378,35.5125],[135.9379,35.5134],[135.9376,35.5138],[135.9377,35.5145],[135.9382,35.5153],[135.9381,35.5157],[135.9382,35.5161],[135.9387,35.5165],[135.939,35.517],[135.939,35.5178],[135.9388,35.5183],[135.939,35.5192],[135.9392,35.5199],[135.9396,35.5205],[135.9406,35.5204],[135.9408,35.5204],[135.9411,35.5208],[135.9421,35.5209],[135.9424,35.5211],[135.9432,35.5213],[135.9438,35.5213],[135.9445,35.5214],[135.945,35.5212],[135.9461,35.5212],[135.9465,35.521],[135.947,35.5205],[135.9476,35.5214],[135.9479,35.5217],[135.9484,35.5219],[135.9487,35.5221],[135.9491,35.5228],[135.9494,35.5229],[135.9501,35.5237],[135.9508,35.524],[135.9511,35.5246],[135.9514,35.5248],[135.9522,35.5247],[135.9527,35.525],[135.9529,35.5256],[135.9536,35.5257],[135.9541,35.5261],[135.9543,35.5263],[135.9539,35.527],[135.9538,35.5284],[135.954,35.5291],[135.9539,35.5299],[135.9534,35.5303],[135.9538,35.5313],[135.9536,35.5317],[135.9531,35.5321],[135.9529,35.5327],[135.9533,35.5332],[135.954,35.5344],[135.9541,35.5347],[135.954,35.5352],[135.954,35.5357],[135.9536,35.5374],[135.9534,35.5383],[135.9529,35.5388],[135.9529,35.5394],[135.953,35.54],[135.953,35.5404],[135.9526,35.5411],[135.952,35.5418],[135.9514,35.5422],[135.9516,35.5426],[135.9515,35.5432],[135.9512,35.5435],[135.9511,35.5441],[135.9509,35.5447],[135.9507,35.545],[135.9501,35.5455],[135.95,35.5461],[135.9498,35.5463],[135.9491,35.5464],[135.9485,35.5473],[135.9479,35.5478],[135.9468,35.5492],[135.9465,35.5499],[135.946,35.5503],[135.9455,35.5507],[135.9451,35.5508],[135.9449,35.5511],[135.9453,35.5526],[135.9457,35.5532],[135.9458,35.5539],[135.9462,35.555],[135.9461,35.5555],[135.9457,35.5559],[135.9454,35.5566],[135.9453,35.5574],[135.9451,35.5578],[135.9447,35.5581],[135.9438,35.5586],[135.9436,35.5591],[135.9436,35.5599],[135.9434,35.5603],[135.9432,35.5606],[135.9432,35.561],[135.9427,35.5617],[135.9426,35.562],[135.943,35.563],[135.943,35.5636],[135.9438,35.5649],[135.9439,35.5654],[135.9432,35.5657],[135.9429,35.566],[135.9427,35.5664],[135.9426,35.567],[135.942,35.5675],[135.942,35.5682],[135.9418,35.5687],[135.9419,35.5695],[135.9416,35.5711],[135.9413,35.5717],[135.9407,35.5733],[135.9402,35.5741],[135.9389,35.575],[135.9381,35.5754],[135.9375,35.5756],[135.9372,35.5759],[135.9371,35.5769],[135.9367,35.5775],[135.9364,35.5777],[135.9347,35.578],[135.934,35.5782],[135.9335,35.5784],[135.9316,35.5797],[135.9308,35.5795],[135.93,35.5797],[135.9294,35.5796],[135.9289,35.5793],[135.9286,35.5793],[135.9283,35.5794],[135.9275,35.5793],[135.9266,35.5794],[135.9256,35.5794],[135.925,35.5793],[135.9245,35.5793],[135.9235,35.5793],[135.9226,35.5794],[135.9216,35.5794],[135.9206,35.5794],[135.9203,35.5795],[135.9193,35.58],[135.9183,35.58],[135.9178,35.5801],[135.9168,35.5808],[135.9166,35.581],[135.916,35.582],[135.9159,35.5824],[135.9155,35.5825],[135.9153,35.5827],[135.9153,35.5834],[135.9154,35.584],[135.9156,35.5842],[135.9163,35.5842],[135.9163,35.5845],[135.9158,35.5846],[135.9154,35.5849],[135.9149,35.5855],[135.9146,35.5856],[135.9137,35.5858],[135.9125,35.5861],[135.9123,35.5865],[135.9126,35.5873],[135.9124,35.5876],[135.9119,35.5879],[135.9109,35.5886],[135.9077,35.5895],[135.9086,35.5913],[135.9074,35.5917],[135.9082,35.5934],[135.9087,35.5943],[135.9071,35.5974],[135.9059,35.5998],[135.9057,35.6002],[135.9053,35.6007],[135.9049,35.6007],[135.9044,35.6001],[135.904,35.6],[135.9041,35.5995],[135.9031,35.5987],[135.9031,35.5982],[135.9021,35.5979],[135.9018,35.5979],[135.9014,35.5981],[135.9012,35.5984],[135.901,35.5991],[135.9009,35.5998],[135.9011,35.6008],[135.9012,35.6018],[135.9013,35.602],[135.9017,35.6024],[135.902,35.6029],[135.902,35.6032],[135.9013,35.6042],[135.9007,35.6043],[135.9001,35.6042],[135.8998,35.6035],[135.8985,35.6022],[135.8983,35.6019],[135.8978,35.6016],[135.8975,35.6012],[135.8972,35.6013],[135.8969,35.6017],[135.8964,35.6016],[135.8963,35.6011],[135.896,35.6009],[135.8951,35.6007],[135.8941,35.6006],[135.8933,35.5994],[135.892,35.5989],[135.8909,35.5982],[135.8892,35.5978],[135.8886,35.5978],[135.8872,35.5981],[135.8867,35.5981],[135.8863,35.5984],[135.8856,35.5987],[135.8853,35.5989],[135.8846,35.6002],[135.8844,35.6008],[135.8844,35.6015],[135.8837,35.6019],[135.8833,35.6024],[135.8828,35.6036],[135.8827,35.6045],[135.8822,35.6059],[135.8818,35.6067],[135.8815,35.6071],[135.8812,35.6074],[135.8801,35.6078],[135.8793,35.6084],[135.8788,35.6086],[135.8785,35.6084],[135.8775,35.6083],[135.8771,35.608],[135.8765,35.6078],[135.876,35.6076],[135.8757,35.6076],[135.8752,35.6077],[135.8749,35.6077],[135.8741,35.6073],[135.8738,35.6071],[135.8738,35.6067],[135.8741,35.6062],[135.8742,35.6055],[135.8744,35.6046],[135.8747,35.6042],[135.8745,35.6039],[135.8738,35.6035],[135.873,35.6033],[135.8727,35.6031],[135.8716,35.6027],[135.8705,35.6013],[135.869,35.6014],[135.8676,35.6018],[135.8669,35.6019],[135.866,35.6022],[135.8653,35.6026],[135.8645,35.6029],[135.8639,35.6035],[135.8635,35.6042],[135.8625,35.6048],[135.8622,35.6054],[135.8607,35.6065],[135.8589,35.6068],[135.8583,35.6069],[135.8576,35.6072],[135.8573,35.6074],[135.8562,35.6077],[135.8559,35.6078],[135.8552,35.6085],[135.8541,35.6092],[135.8537,35.6097],[135.8536,35.6102],[135.8525,35.6114],[135.8521,35.6118],[135.8512,35.6124],[135.8505,35.6132],[135.85,35.6135],[135.8498,35.6137],[135.849,35.6142],[135.8484,35.6145],[135.8481,35.6149],[135.8485,35.6154],[135.8485,35.616],[135.8482,35.6173],[135.8481,35.6176],[135.8472,35.618],[135.8469,35.6183],[135.8467,35.6188],[135.8461,35.6195],[135.8455,35.6202],[135.8452,35.6209],[135.8445,35.6217],[135.8434,35.6226],[135.8425,35.6238],[135.8411,35.6252],[135.8404,35.6263],[135.8399,35.627],[135.84,35.6284],[135.8402,35.6292],[135.8405,35.6297],[135.8405,35.6301],[135.8402,35.6307],[135.8403,35.6312],[135.8409,35.6331],[135.8403,35.6335],[135.8399,35.634],[135.8397,35.6345],[135.8394,35.6348],[135.8392,35.6349],[135.8385,35.6349],[135.8381,35.6348],[135.837,35.6345],[135.8358,35.6343],[135.8342,35.6344],[135.8339,35.6347],[135.8337,35.635],[135.8331,35.6357],[135.8314,35.6366],[135.8307,35.6371],[135.83,35.6374],[135.8291,35.6375],[135.8286,35.6376],[135.828,35.6376],[135.8272,35.6381],[135.8266,35.6386],[135.826,35.6392],[135.8253,35.6394],[135.8246,35.6395],[135.8238,35.6403],[135.8217,35.6413],[135.821,35.6413],[135.8206,35.6415],[135.8196,35.6413],[135.8187,35.641],[135.818,35.6409],[135.8172,35.641],[135.8161,35.6412],[135.8151,35.6418],[135.8146,35.6422],[135.8147,35.6418],[135.8144,35.6416],[135.8146,35.6413],[135.815,35.6404],[135.8153,35.64],[135.8151,35.6395],[135.8147,35.6392],[135.8142,35.639],[135.8133,35.6391],[135.8128,35.639],[135.8131,35.6385],[135.813,35.6381],[135.8133,35.6378],[135.813,35.6376],[135.8135,35.637],[135.8136,35.6366],[135.8134,35.6363],[135.8136,35.6358],[135.8132,35.6355],[135.8131,35.6349],[135.8133,35.6347],[135.8135,35.6341],[135.814,35.634],[135.8143,35.6339],[135.8143,35.6337],[135.8147,35.6332],[135.8146,35.633],[135.8148,35.6326],[135.8146,35.6323],[135.815,35.632],[135.8155,35.6325],[135.8159,35.6327],[135.8166,35.6331],[135.8171,35.6332],[135.8174,35.6335],[135.8174,35.6338],[135.8178,35.6343],[135.8183,35.6345],[135.8183,35.6342],[135.8193,35.6345],[135.8197,35.6347],[135.8201,35.635],[135.8207,35.636],[135.8208,35.6368],[135.8215,35.6373],[135.8221,35.6375],[135.8226,35.6375],[135.8228,35.6374],[135.8245,35.6371],[135.8248,35.6366],[135.8246,35.6364],[135.8254,35.6364],[135.826,35.6362],[135.8266,35.6357],[135.8277,35.6353],[135.8284,35.6342],[135.8286,35.6334],[135.8289,35.6335],[135.8294,35.6333],[135.8303,35.6326],[135.8304,35.6322],[135.8308,35.6319],[135.832,35.6316],[135.8328,35.6314],[135.8328,35.631],[135.8331,35.6309],[135.8331,35.6304],[135.8326,35.6298],[135.8317,35.6297],[135.831,35.63],[135.8307,35.6303],[135.8302,35.6302],[135.8293,35.6304],[135.829,35.6307],[135.8286,35.6308],[135.8281,35.6311],[135.8277,35.6312],[135.8271,35.6315],[135.8259,35.6317],[135.8252,35.6315],[135.8248,35.6318],[135.8246,35.6319],[135.8239,35.6316],[135.8236,35.6313],[135.8232,35.6307],[135.8234,35.6302],[135.823,35.6292],[135.8231,35.6287],[135.8243,35.6287],[135.8248,35.6286],[135.8253,35.6281],[135.8255,35.6273],[135.8255,35.6269],[135.8252,35.6263],[135.825,35.6261],[135.8249,35.6257],[135.8247,35.6253],[135.8245,35.6253],[135.8242,35.625],[135.8238,35.6249],[135.8237,35.6244],[135.8238,35.6241],[135.8241,35.624],[135.8245,35.6242],[135.8248,35.624],[135.8256,35.6239],[135.8263,35.6236],[135.8264,35.6239],[135.8272,35.6239],[135.8275,35.6241],[135.8282,35.6243],[135.8292,35.6243],[135.8297,35.624],[135.8299,35.6236],[135.8303,35.6236],[135.8309,35.6233],[135.8311,35.6234],[135.8315,35.6235],[135.8323,35.6234],[135.833,35.6232],[135.8335,35.623],[135.8341,35.6229],[135.8343,35.6228],[135.8356,35.6237],[135.8359,35.6238],[135.8367,35.6235],[135.8371,35.6233],[135.8376,35.6226],[135.8381,35.622],[135.839,35.6203],[135.8391,35.6196],[135.8392,35.6191],[135.8391,35.6183],[135.8391,35.6178],[135.8389,35.6171],[135.8387,35.6161],[135.8385,35.6159],[135.8381,35.6156],[135.8375,35.6156],[135.837,35.6159],[135.8368,35.6158],[135.8364,35.6159],[135.8357,35.6158],[135.8356,35.6155],[135.835,35.6155],[135.8348,35.6152],[135.8348,35.6148],[135.8346,35.6146],[135.8339,35.6143],[135.8333,35.6143],[135.8332,35.6137],[135.8328,35.6133],[135.8318,35.6132],[135.8317,35.6129],[135.8314,35.6126],[135.8311,35.6126],[135.8306,35.6123],[135.8305,35.6121],[135.8302,35.612],[135.829,35.6119],[135.8279,35.6115],[135.8275,35.6115],[135.8276,35.6107],[135.8275,35.6103],[135.8272,35.6098],[135.8269,35.6096],[135.8273,35.6092],[135.8272,35.609],[135.8274,35.6085],[135.8274,35.6082],[135.8279,35.6079],[135.828,35.6075],[135.8283,35.6073],[135.8285,35.6073],[135.8292,35.6076],[135.8296,35.6075],[135.8302,35.6071],[135.8304,35.6065],[135.8303,35.6063],[135.8307,35.606],[135.8307,35.6057],[135.8311,35.6055],[135.8314,35.6052],[135.8319,35.6041],[135.8321,35.6037],[135.832,35.6032],[135.8327,35.603],[135.833,35.6034],[135.8334,35.6037],[135.8336,35.6041],[135.8341,35.6045],[135.8342,35.6048],[135.835,35.6053],[135.8362,35.6057],[135.8369,35.6065],[135.8378,35.6068],[135.8382,35.607],[135.8386,35.6068],[135.8388,35.6072],[135.8393,35.6075],[135.8394,35.6075],[135.8413,35.6074],[135.8412,35.6076],[135.8425,35.6076],[135.8428,35.6074],[135.843,35.6075],[135.8439,35.607],[135.8442,35.6067],[135.8444,35.6064],[135.8447,35.606],[135.8451,35.6051],[135.8449,35.6047],[135.8448,35.6036],[135.8441,35.6028],[135.844,35.6022],[135.8442,35.6021],[135.8445,35.6016],[135.8447,35.6017],[135.8452,35.6015],[135.8454,35.6016],[135.8458,35.6013],[135.8462,35.6014],[135.8474,35.602],[135.8487,35.6027],[135.8491,35.6027],[135.8494,35.603],[135.8501,35.603],[135.8509,35.6033],[135.8518,35.6033],[135.8528,35.6031],[135.8531,35.6032],[135.8535,35.6031],[135.8541,35.6027],[135.8548,35.6018],[135.8548,35.6016],[135.8556,35.6004],[135.8554,35.5999],[135.855,35.5998],[135.8548,35.5996],[135.8546,35.599],[135.8546,35.5986],[135.8549,35.5983],[135.8549,35.5981],[135.8553,35.5979],[135.8553,35.5976],[135.8555,35.5975],[135.8556,35.5961],[135.8555,35.5956],[135.8551,35.5952],[135.8545,35.5945],[135.8546,35.5942],[135.8545,35.5939],[135.8541,35.5937],[135.8535,35.5935],[135.8527,35.5933],[135.8528,35.593],[135.8524,35.5927],[135.8523,35.5922],[135.8524,35.5918],[135.8526,35.5917],[135.8534,35.5916],[135.8549,35.5921],[135.8552,35.5922],[135.8555,35.5921],[135.8559,35.5916],[135.8565,35.5904],[135.8575,35.5895],[135.8575,35.5888],[135.8573,35.5882],[135.8571,35.5878],[135.8567,35.5875],[135.8561,35.5874],[135.8556,35.5872],[135.8551,35.5872],[135.8546,35.5875],[135.8543,35.5871],[135.8545,35.5866],[135.8549,35.5865],[135.8549,35.5863],[135.8555,35.5858],[135.8553,35.5854],[135.8558,35.585],[135.8561,35.5845],[135.8562,35.5843],[135.857,35.584],[135.8572,35.5834],[135.8568,35.5834],[135.8566,35.5831],[135.8571,35.583],[135.8574,35.5829],[135.8573,35.5826],[135.8575,35.5821],[135.8574,35.5818],[135.8561,35.5815],[135.8552,35.5811],[135.8551,35.5808],[135.8547,35.5809],[135.8546,35.5805],[135.8552,35.5804],[135.8553,35.5801],[135.8553,35.5798],[135.8555,35.5794],[135.8551,35.5788],[135.8545,35.5784],[135.8541,35.5784],[135.8534,35.5788],[135.8529,35.5788],[135.8527,35.5787],[135.8515,35.5789],[135.8509,35.5788],[135.8504,35.5786],[135.8501,35.5786],[135.8501,35.5783],[135.8499,35.5781],[135.8496,35.5781],[135.8492,35.5779],[135.8492,35.5777],[135.8487,35.5775],[135.8484,35.5775],[135.8481,35.5771],[135.8482,35.5768],[135.848,35.5764],[135.8486,35.5761],[135.8488,35.5758],[135.8488,35.5753],[135.8491,35.575],[135.8491,35.5747],[135.8488,35.5745],[135.8487,35.5742],[135.8479,35.5727],[135.848,35.5724],[135.849,35.5742],[135.8493,35.5744],[135.8499,35.5737],[135.85,35.5733],[135.8496,35.5734],[135.849,35.5721],[135.8495,35.5719],[135.8491,35.5713],[135.8487,35.5711],[135.8482,35.5709],[135.8479,35.5709],[135.8473,35.5708],[135.847,35.5709],[135.8463,35.5707],[135.8457,35.571],[135.8452,35.5711],[135.8448,35.571],[135.8436,35.5711],[135.8428,35.5708],[135.8428,35.5704],[135.8425,35.5698],[135.8421,35.5692],[135.8412,35.5688],[135.8409,35.5685],[135.8405,35.5683],[135.8405,35.568],[135.8407,35.5677],[135.8404,35.5676],[135.8408,35.567],[135.8406,35.5666],[135.8404,35.5665],[135.8401,35.5659],[135.8403,35.5655],[135.8399,35.5649],[135.8401,35.5648],[135.8404,35.5653],[135.8407,35.5651],[135.8409,35.5647],[135.8408,35.5644],[135.8406,35.5638],[135.8402,35.5635],[135.8397,35.5631],[135.8392,35.563],[135.8389,35.5631],[135.8387,35.5629],[135.8384,35.5631],[135.8385,35.5633],[135.839,35.5634],[135.8387,35.5636],[135.8381,35.5635],[135.8374,35.5631],[135.8375,35.563],[135.8381,35.5631],[135.8382,35.563],[135.8379,35.5626],[135.8376,35.5624],[135.8365,35.562],[135.8361,35.5619],[135.8354,35.562],[135.8352,35.5624],[135.835,35.5623],[135.8351,35.5619],[135.8347,35.5618],[135.8343,35.5619],[135.8338,35.5623],[135.833,35.5627],[135.8328,35.5631],[135.8323,35.563],[135.8306,35.5631],[135.829,35.5636],[135.8279,35.564],[135.8276,35.5645],[135.8274,35.565],[135.8276,35.5652],[135.8276,35.566],[135.8276,35.5665],[135.8279,35.5674],[135.8279,35.568],[135.8277,35.5684],[135.8278,35.5685],[135.8271,35.5692],[135.826,35.5693],[135.8259,35.5695],[135.8252,35.5695],[135.8247,35.5697],[135.8245,35.5696],[135.8237,35.57],[135.8234,35.5702],[135.8233,35.5707],[135.8231,35.5712],[135.8231,35.5715],[135.8229,35.5717],[135.8231,35.5719],[135.8228,35.5723],[135.8225,35.5726],[135.8221,35.5727],[135.8221,35.573],[135.8214,35.5735],[135.8212,35.5737],[135.8206,35.5739],[135.8203,35.5737],[135.8199,35.5738],[135.8197,35.5742],[135.8194,35.574],[135.8193,35.5736],[135.819,35.5731],[135.8185,35.5728],[135.8175,35.5725],[135.817,35.5726],[135.8168,35.5718],[135.8164,35.5715],[135.8154,35.5714],[135.8152,35.5716],[135.8147,35.571],[135.8139,35.5702],[135.8134,35.5695],[135.8131,35.5689],[135.8133,35.5684],[135.8139,35.5679],[135.8143,35.5672],[135.8145,35.5671],[135.8151,35.5668],[135.8162,35.5668],[135.8169,35.5666],[135.8182,35.5664],[135.8188,35.5662],[135.8191,35.566],[135.8194,35.5651],[135.8196,35.5646],[135.82,35.5644],[135.8204,35.5639],[135.8204,35.5632],[135.8206,35.5627],[135.8206,35.5621],[135.8213,35.5612],[135.8213,35.5607],[135.8215,35.5603],[135.8222,35.5597],[135.8234,35.5593],[135.8247,35.559],[135.8252,35.5588],[135.8273,35.5584],[135.8281,35.5578],[135.829,35.5577],[135.8294,35.5572],[135.8302,35.5566],[135.8314,35.5561],[135.8322,35.5555],[135.8328,35.5553],[135.8332,35.555],[135.8336,35.5544],[135.8338,35.5542],[135.8345,35.5541],[135.8355,35.5541],[135.836,35.5536],[135.8368,35.5524],[135.8375,35.5522],[135.8384,35.5517],[135.8386,35.5515],[135.8391,35.5508],[135.8394,35.5501],[135.8412,35.5498],[135.8417,35.5497],[135.8432,35.5495],[135.8442,35.5492],[135.8445,35.5489],[135.8448,35.5484],[135.845,35.5483],[135.8452,35.5477],[135.8456,35.5474],[135.8456,35.5472],[135.8457,35.5464],[135.8461,35.546],[135.8466,35.5458],[135.8475,35.5457],[135.8483,35.5455],[135.8487,35.5451],[135.8495,35.5436],[135.8498,35.5434],[135.8504,35.5429],[135.8507,35.542],[135.8511,35.5412],[135.8513,35.541],[135.851,35.5407],[135.8504,35.5403],[135.85,35.5394],[135.8498,35.5386],[135.8495,35.538],[135.8496,35.5374],[135.8493,35.537],[135.8488,35.5364],[135.8484,35.5357],[135.8482,35.5356],[135.8472,35.5355],[135.8464,35.5352],[135.846,35.5351],[135.8447,35.5345],[135.8444,35.5343],[135.8441,35.5337],[135.8435,35.5336],[135.8428,35.5336],[135.8426,35.5331],[135.842,35.5324],[135.8419,35.532],[135.8419,35.5312],[135.8414,35.5307],[135.8403,35.5299],[135.8394,35.5292],[135.8387,35.5285],[135.838,35.5277],[135.837,35.5273],[135.8362,35.5268],[135.835,35.5255],[135.8346,35.5248],[135.8344,35.5246],[135.8336,35.5243],[135.8331,35.5238],[135.8325,35.523],[135.832,35.5225],[135.8332,35.5216],[135.8332,35.5214],[135.8338,35.5207],[135.8349,35.52],[135.8353,35.5192],[135.8354,35.5188],[135.8361,35.5182],[135.8366,35.5175],[135.8367,35.5171],[135.8371,35.5164],[135.8372,35.5159],[135.8375,35.5155],[135.8383,35.5151],[135.8392,35.5144],[135.84,35.5139],[135.8403,35.5138],[135.8411,35.5134],[135.8414,35.513],[135.8421,35.5104],[135.8424,35.5098],[135.8419,35.5093],[135.8417,35.5087],[135.841,35.5082],[135.8409,35.5076],[135.8414,35.5072],[135.8419,35.5071],[135.8421,35.507],[135.8427,35.506],[135.8429,35.5053],[135.8432,35.5049],[135.8436,35.5047],[135.8436,35.5041],[135.8447,35.5032],[135.8448,35.5028],[135.8453,35.5023],[135.8454,35.502],[135.845,35.5012],[135.8449,35.5006],[135.8446,35.5002],[135.8447,35.4995],[135.8439,35.4986],[135.8437,35.4977],[135.8436,35.4975],[135.8431,35.4971],[135.8428,35.4966],[135.8427,35.4961],[135.8424,35.4956],[135.8423,35.4947],[135.8427,35.4931],[135.8431,35.4927],[135.8436,35.4921],[135.8438,35.4918],[135.8437,35.4915],[135.8438,35.4911],[135.8441,35.4904],[135.8444,35.4895],[135.8443,35.4887],[135.8445,35.4877],[135.8448,35.4869],[135.8447,35.4864],[135.8437,35.4853],[135.8434,35.4849],[135.8433,35.4844],[135.8431,35.4843],[135.8422,35.4842],[135.8417,35.4842],[135.8411,35.484],[135.8399,35.4836],[135.8396,35.4834],[135.8385,35.483],[135.8379,35.4826],[135.8375,35.4825],[135.837,35.4825],[135.8363,35.483],[135.836,35.4831],[135.8355,35.4831],[135.835,35.4835],[135.8347,35.4835],[135.834,35.4828],[135.833,35.4825],[135.8324,35.4823],[135.8319,35.4824],[135.8316,35.4823],[135.8308,35.4818],[135.8302,35.4816],[135.8286,35.4815],[135.8283,35.4811],[135.8276,35.4806],[135.8273,35.4803],[135.8267,35.4799],[135.8261,35.4795],[135.8249,35.4792],[135.8246,35.4793],[135.8235,35.4798],[135.8218,35.4807],[135.8198,35.482],[135.8192,35.4824],[135.8188,35.4828],[135.8181,35.4832],[135.8179,35.4832],[135.8176,35.4837],[135.8168,35.484],[135.8165,35.4838],[135.8162,35.4841],[135.8163,35.4848],[135.8163,35.485],[135.8159,35.4858],[135.8155,35.4863],[135.815,35.4867],[135.8147,35.4872],[135.8144,35.4873],[135.814,35.4873],[135.8129,35.4875],[135.8124,35.4885],[135.812,35.489],[135.8112,35.4894],[135.8105,35.4895],[135.8094,35.4899],[135.808,35.4904],[135.8073,35.4903],[135.8062,35.4908],[135.8056,35.4907],[135.8051,35.4907],[135.8036,35.491],[135.8029,35.4909],[135.8021,35.4906],[135.8012,35.49],[135.8005,35.4899],[135.7995,35.4902],[135.7984,35.4902],[135.7972,35.4899],[135.7969,35.4897],[135.7964,35.4885],[135.7964,35.4881],[135.7971,35.4871],[135.7975,35.4864],[135.7973,35.4858],[135.7983,35.4856],[135.7994,35.4853],[135.7992,35.4849],[135.7989,35.485],[135.7986,35.4844],[135.7989,35.4843],[135.7986,35.4837],[135.799,35.4832],[135.7987,35.4828],[135.7992,35.4821],[135.8002,35.4811],[135.801,35.4806],[135.8018,35.48],[135.8027,35.4796],[135.8032,35.4802],[135.8037,35.48],[135.8034,35.4792],[135.8051,35.4782],[135.8065,35.4776],[135.8074,35.4772],[135.8082,35.4771],[135.8114,35.4759],[135.8119,35.4757],[135.8125,35.4742],[135.8123,35.4737],[135.8117,35.4725],[135.8112,35.4715],[135.8106,35.4701],[135.81,35.4699],[135.8098,35.4697],[135.8101,35.4693],[135.8103,35.469],[135.8102,35.4677],[135.8101,35.4671],[135.8101,35.4661],[135.8103,35.4657],[135.8106,35.4653],[135.8111,35.4649],[135.812,35.4647],[135.8124,35.4645],[135.8138,35.4639],[135.8145,35.4635],[135.8148,35.4633],[135.8154,35.4624],[135.8156,35.4619],[135.8156,35.4614],[135.8152,35.4611],[135.8153,35.4604],[135.8156,35.4591],[135.8154,35.4586],[135.8154,35.4578],[135.8152,35.4574],[135.8153,35.4569],[135.8162,35.4564],[135.8166,35.456],[135.8169,35.4554],[135.8169,35.4548],[135.8173,35.4542],[135.8176,35.4532],[135.819,35.4515],[135.8196,35.4509],[135.8211,35.4504],[135.8222,35.4501],[135.8231,35.4499],[135.8238,35.4498],[135.8248,35.4499],[135.8263,35.4495],[135.8277,35.4489],[135.8292,35.4485],[135.8298,35.4481],[135.8306,35.4474],[135.8311,35.447],[135.8317,35.4465],[135.8325,35.4457],[135.8331,35.4453],[135.8345,35.4447],[135.8349,35.4444],[135.8354,35.4438],[135.836,35.4434],[135.8367,35.4432],[135.8372,35.443],[135.8382,35.4428],[135.8392,35.4421],[135.8398,35.442],[135.8403,35.4418],[135.8405,35.4415],[135.8409,35.4414],[135.8414,35.4413],[135.842,35.4415],[135.8423,35.4421],[135.8428,35.4425],[135.8441,35.4424],[135.8449,35.4422],[135.8452,35.4422],[135.8457,35.4423],[135.8459,35.4422],[135.8472,35.4418],[135.8477,35.442],[135.8482,35.4422],[135.8487,35.4422],[135.849,35.4423],[135.8496,35.4415],[135.8499,35.4412],[135.8512,35.4399],[135.8514,35.4394],[135.8518,35.439],[135.852,35.4385],[135.8525,35.438],[135.8529,35.4379],[135.8539,35.4373],[135.8544,35.4372],[135.8549,35.4367],[135.8552,35.4361],[135.8558,35.4353],[135.8565,35.4341],[135.857,35.4332],[135.8573,35.433],[135.8581,35.4329],[135.8586,35.4327],[135.8592,35.4323],[135.8594,35.4318],[135.8594,35.4311],[135.8595,35.4306],[135.8599,35.4299],[135.8604,35.4285],[135.8598,35.428],[135.8593,35.427],[135.859,35.4266],[135.8588,35.4263],[135.8587,35.4254],[135.8588,35.425],[135.8586,35.4244],[135.8585,35.4239],[135.8586,35.4232],[135.8585,35.423],[135.8581,35.4227],[135.8579,35.4224],[135.8578,35.4218],[135.8581,35.4207],[135.858,35.4202],[135.8578,35.4196],[135.8575,35.419],[135.8575,35.4187],[135.8578,35.4185],[135.8579,35.4182],[135.8575,35.4179],[135.8573,35.4174],[135.8565,35.4171],[135.8563,35.417],[135.8558,35.4162],[135.8553,35.4158],[135.8547,35.4154],[135.8543,35.4151],[135.8536,35.4141],[135.8536,35.4134],[135.8534,35.4126],[135.8531,35.4115]],[[135.8376,35.5773],[135.837,35.5771],[135.8368,35.5769],[135.8358,35.5769],[135.8354,35.5772],[135.8352,35.5778],[135.8352,35.5782],[135.8348,35.5787],[135.8348,35.5794],[135.8343,35.5796],[135.8347,35.5799],[135.835,35.5799],[135.835,35.5794],[135.8353,35.5792],[135.8357,35.5793],[135.8363,35.5792],[135.8365,35.5793],[135.837,35.5789],[135.8373,35.5789],[135.8377,35.5783],[135.8383,35.5778],[135.8382,35.5776],[135.8376,35.5773]],[[135.806,35.6333],[135.8058,35.633],[135.8059,35.6326],[135.8063,35.6323],[135.8066,35.6321],[135.8067,35.6318],[135.8064,35.6316],[135.8065,35.6312],[135.8061,35.631],[135.8059,35.631],[135.8055,35.6305],[135.8047,35.63],[135.8043,35.6302],[135.8033,35.63],[135.8027,35.6302],[135.8027,35.6304],[135.8024,35.6306],[135.802,35.6307],[135.8023,35.6312],[135.8028,35.6311],[135.803,35.6315],[135.803,35.6319],[135.8029,35.6323],[135.8026,35.6325],[135.8028,35.633],[135.8026,35.6333],[135.8029,35.6334],[135.8031,35.6337],[135.8031,35.6341],[135.8034,35.6344],[135.8038,35.6353],[135.8034,35.636],[135.8036,35.636],[135.8035,35.6369],[135.8032,35.6375],[135.8033,35.6381],[135.8034,35.6383],[135.8033,35.6385],[135.8036,35.6388],[135.8036,35.639],[135.8041,35.6394],[135.8052,35.6393],[135.8056,35.6391],[135.8061,35.6389],[135.8063,35.639],[135.8068,35.6389],[135.8069,35.6392],[135.8073,35.6394],[135.8076,35.639],[135.8074,35.6384],[135.8073,35.6382],[135.8072,35.6378],[135.8074,35.6375],[135.8071,35.6371],[135.8072,35.6367],[135.8069,35.6365],[135.8069,35.6362],[135.8064,35.6361],[135.8063,35.6355],[135.806,35.6353],[135.806,35.6351],[135.8063,35.6343],[135.8059,35.6336],[135.806,35.6333]],[[135.8143,35.6312],[135.8138,35.6311],[135.8136,35.6313],[135.814,35.6315],[135.8144,35.6314],[135.8143,35.6312]]]},"properties":{"N03_001":"福井県","N03_002":"","N03_003":"三方上中郡","N03_004":"若狭町","N03_007":"18501"}}
]}