{"type":"FeatureCollection", "features": [
{"type":"Feature","geometry":{"type":"Polygon","coordinates":[[[136.9206,35.159],[136.9217,35.1587],[136.9219,35.159],[136.923,35.1586],[136.9228,35.1575],[136.9236,35.1579],[136.9245,35.1577],[136.9258,35.1583],[136.9275,35.1586],[136.928,35.1586],[136.9298,35.1582],[136.9307,35.1579],[136.9309,35.158],[136.9321,35.1575],[136.933,35.1592],[136.9331,35.1597],[136.9338,35.1589],[136.9386,35.1546],[136.9393,35.154],[136.9397,35.1541],[136.9403,35.1569],[136.9404,35.1579],[136.9413,35.158],[136.9435,35.1575],[136.9447,35.1575],[136.9448,35.1583],[136.9463,35.159],[136.9489,35.1585],[136.9499,35.1583],[136.9497,35.158],[136.952,35.1572],[136.9528,35.1584],[136.9534,35.1582],[136.9542,35.1595],[136.9587,35.1587],[136.9619,35.1577],[136.9621,35.1576],[136.9615,35.1561],[136.9608,35.1537],[136.9617,35.1534],[136.9643,35.1524],[136.9657,35.1531],[136.967,35.1528],[136.9685,35.1517],[136.9691,35.1506],[136.9697,35.1489],[136.9702,35.1484],[136.9704,35.1478],[136.9725,35.1482],[136.9729,35.1484],[136.9743,35.1488],[136.9746,35.1487],[136.9756,35.1482],[136.9774,35.1489],[136.9774,35.1502],[136.9776,35.151],[136.9784,35.1516],[136.9796,35.1519],[136.9804,35.1527],[136.9807,35.1521],[136.9806,35.1512],[136.9808,35.1499],[136.981,35.1496],[136.9816,35.1492],[136.9832,35.1489],[136.9845,35.1495],[136.9858,35.1493],[136.9857,35.15],[136.9852,35.1508],[136.9858,35.1512],[136.9858,35.1521],[136.9853,35.153],[136.9867,35.1538],[136.9874,35.1541],[136.9874,35.1547],[136.988,35.1551],[136.9884,35.156],[136.9882,35.1568],[136.9887,35.1573],[136.9884,35.1582],[136.9888,35.1589],[136.9886,35.1592],[136.9887,35.1601],[136.989,35.1603],[136.9886,35.1607],[136.989,35.1614],[136.9898,35.1613],[136.9903,35.1624],[136.9903,35.1632],[136.9902,35.1644],[136.9908,35.1646],[136.9917,35.1637],[136.9921,35.1637],[136.9922,35.1643],[136.992,35.165],[136.992,35.1665],[136.9902,35.1688],[136.9894,35.1692],[136.9887,35.1689],[136.9882,35.1691],[136.9878,35.1688],[136.9863,35.1695],[136.986,35.17],[136.985,35.1701],[136.9845,35.171],[136.9836,35.1724],[136.9831,35.1736],[136.9824,35.1744],[136.9817,35.1751],[136.9808,35.1757],[136.9803,35.1758],[136.9789,35.1756],[136.9786,35.1765],[136.9783,35.1787],[136.9779,35.1795],[136.9794,35.1797],[136.9817,35.1797],[136.9823,35.1796],[136.9844,35.1797],[136.9845,35.1818],[136.9849,35.1828],[136.987,35.1845],[136.9872,35.189],[136.9871,35.1901],[136.9869,35.1907],[136.9871,35.1909],[136.9867,35.1919],[136.9862,35.1923],[136.9852,35.1935],[136.9835,35.1926],[136.9818,35.1919],[136.979,35.1912],[136.977,35.1909],[136.9752,35.1905],[136.9737,35.1902],[136.9723,35.1903],[136.9687,35.1906],[136.9656,35.1907],[136.9654,35.1892],[136.9649,35.1864],[136.9658,35.1858],[136.9648,35.1856],[136.9599,35.1863],[136.9578,35.1866],[136.955,35.1871],[136.9545,35.1854],[136.9542,35.1839],[136.9504,35.1846],[136.949,35.1846],[136.9482,35.1847],[136.9454,35.1846],[136.945,35.1831],[136.9421,35.183],[136.9416,35.1832],[136.9413,35.1825],[136.9405,35.1797],[136.9399,35.18],[136.9376,35.1804],[136.9373,35.1804],[136.9372,35.179],[136.9367,35.1773],[136.9363,35.1763],[136.9356,35.1754],[136.9335,35.1732],[136.9324,35.1722],[136.9303,35.1699],[136.9293,35.1694],[136.9281,35.1685],[136.9268,35.167],[136.9276,35.1665],[136.9218,35.1604],[136.9206,35.159]]]},"properties":{"N03_001":"愛知県","N03_002":"","N03_003":"名古屋市","N03_004":"千種区","N03_007":"23101"}},
{"type":"Feature","geometry":{"type":"Polygon","coordinates":[[[136.9073,35.1861],[136.9075,35.1856],[136.9085,35.1855],[136.9087,35.183],[136.9093,35.183],[136.9094,35.1821],[136.909,35.182],[136.9092,35.1799],[136.9094,35.1799],[136.9096,35.1785],[136.9073,35.1784],[136.9076,35.1779],[136.9085,35.178],[136.9089,35.1742],[136.9093,35.1695],[136.9108,35.1695],[136.9108,35.1698],[136.9119,35.1699],[136.9118,35.1704],[136.9123,35.1705],[136.9128,35.1696],[136.9132,35.1697],[136.9149,35.1697],[136.9151,35.1701],[136.9156,35.1701],[136.9164,35.1697],[136.9167,35.1701],[136.9174,35.1699],[136.918,35.1702],[136.9188,35.17],[136.9191,35.1704],[136.9197,35.1701],[136.9202,35.1702],[136.9212,35.1701],[136.9224,35.1702],[136.9238,35.1701],[136.9255,35.1701],[136.9269,35.17],[136.9273,35.1694],[136.928,35.1694],[136.9291,35.1698],[136.9303,35.1699],[136.9324,35.1722],[136.9335,35.1732],[136.9356,35.1754],[136.9363,35.1763],[136.9367,35.1773],[136.9372,35.179],[136.9373,35.1804],[136.9376,35.1804],[136.9399,35.18],[136.9405,35.1797],[136.9413,35.1825],[136.9416,35.1832],[136.9421,35.183],[136.945,35.1831],[136.9454,35.1846],[136.9482,35.1847],[136.949,35.1846],[136.9504,35.1846],[136.9542,35.1839],[136.9545,35.1854],[136.955,35.1871],[136.9578,35.1866],[136.9599,35.1863],[136.9648,35.1856],[136.9658,35.1858],[136.9649,35.1864],[136.9654,35.1892],[136.9656,35.1907],[136.9633,35.1908],[136.9615,35.191],[136.9596,35.1915],[136.9568,35.1923],[136.9556,35.1928],[136.9531,35.1935],[136.9508,35.1943],[136.9485,35.1958],[136.9467,35.1974],[136.9442,35.1991],[136.9439,35.1994],[136.9436,35.1993],[136.9404,35.1971],[136.9396,35.1966],[136.9382,35.1952],[136.9374,35.1942],[136.9369,35.1931],[136.9367,35.1928],[136.9366,35.1914],[136.9363,35.1903],[136.9361,35.19],[136.9337,35.19],[136.9333,35.1899],[136.9322,35.1893],[136.9305,35.1887],[136.9301,35.1886],[136.9283,35.1887],[136.9271,35.1889],[136.927,35.188],[136.9262,35.1877],[136.9244,35.1879],[136.9241,35.188],[136.9215,35.188],[136.9201,35.1879],[136.9195,35.1876],[136.9186,35.1866],[136.9169,35.1854],[136.9152,35.1857],[136.9136,35.186],[136.9125,35.1856],[136.912,35.1857],[136.9118,35.186],[136.9096,35.1859],[136.9073,35.1861]]]},"properties":{"N03_001":"愛知県","N03_002":"","N03_003":"名古屋市","N03_004":"東区","N03_007":"23102"}},
{"type":"Feature","geometry":{"type":"Polygon","coordinates":[[[136.9366,35.2161],[136.9363,35.217],[136.9373,35.2177],[136.9381,35.2185],[136.9394,35.2202],[136.9398,35.2214],[136.9399,35.2219],[136.9398,35.2242],[136.9383,35.2238],[136.9376,35.224],[136.9355,35.2235],[136.9354,35.2242],[136.9341,35.2236],[136.9328,35.2234],[136.9317,35.223],[136.9304,35.2231],[136.9304,35.2235],[136.931,35.2243],[136.9303,35.2246],[136.9305,35.225],[136.9293,35.2254],[136.9291,35.2247],[136.9283,35.2247],[136.9286,35.2257],[136.9278,35.2261],[136.9274,35.2268],[136.9277,35.227],[136.9287,35.227],[136.9289,35.2273],[136.9287,35.2277],[136.9281,35.2279],[136.928,35.2286],[136.9285,35.2289],[136.9295,35.229],[136.9292,35.2294],[136.9278,35.2291],[136.9273,35.2292],[136.9267,35.2287],[136.9263,35.2286],[136.9261,35.2293],[136.9251,35.2293],[136.9255,35.2311],[136.9265,35.2314],[136.9268,35.2319],[136.9266,35.2324],[136.9274,35.2329],[136.9291,35.2331],[136.9295,35.2364],[136.9298,35.2398],[136.93,35.242],[136.9299,35.2437],[136.9286,35.2432],[136.9282,35.2433],[136.9274,35.2418],[136.9265,35.2421],[136.9268,35.2426],[136.9257,35.243],[136.925,35.2422],[136.9249,35.2413],[136.9242,35.2407],[136.9236,35.2412],[136.9224,35.241],[136.9215,35.2402],[136.9208,35.2393],[136.9204,35.2383],[136.9197,35.2379],[136.9189,35.2382],[136.9174,35.2373],[136.9154,35.2374],[136.9143,35.2373],[136.9128,35.2367],[136.912,35.2361],[136.911,35.236],[136.9108,35.2364],[136.9111,35.2381],[136.911,35.2387],[136.9106,35.2392],[136.9094,35.24],[136.9087,35.2404],[136.9061,35.24],[136.9045,35.2396],[136.903,35.2404],[136.9024,35.2402],[136.902,35.2399],[136.9014,35.2397],[136.9015,35.2383],[136.9017,35.2376],[136.9016,35.2369],[136.901,35.2356],[136.9003,35.2352],[136.8992,35.2348],[136.9031,35.2341],[136.9036,35.2339],[136.904,35.2333],[136.9042,35.2327],[136.9042,35.2318],[136.9045,35.2295],[136.9047,35.2292],[136.9036,35.2276],[136.9037,35.2272],[136.9044,35.2271],[136.9047,35.2263],[136.9054,35.2256],[136.9061,35.2245],[136.9071,35.2232],[136.9075,35.2226],[136.9075,35.221],[136.9061,35.2208],[136.9053,35.2205],[136.903,35.2189],[136.9019,35.2177],[136.9012,35.217],[136.9005,35.2165],[136.897,35.215],[136.8942,35.2136],[136.8922,35.2125],[136.8911,35.212],[136.8925,35.2114],[136.8955,35.2106],[136.8972,35.21],[136.8986,35.2099],[136.9005,35.2099],[136.9007,35.2093],[136.9014,35.2096],[136.9017,35.2088],[136.9011,35.2081],[136.901,35.2072],[136.9009,35.207],[136.9005,35.203],[136.9003,35.1986],[136.9002,35.1929],[136.9006,35.1924],[136.9,35.1918],[136.8999,35.1902],[136.8988,35.1894],[136.899,35.1873],[136.8994,35.1872],[136.8995,35.1867],[136.9004,35.1866],[136.9015,35.1864],[136.9026,35.186],[136.9044,35.186],[136.9044,35.1854],[136.9051,35.1854],[136.9051,35.1863],[136.9065,35.1864],[136.9073,35.1861],[136.9096,35.1859],[136.9118,35.186],[136.912,35.1857],[136.9125,35.1856],[136.9136,35.186],[136.9152,35.1857],[136.9169,35.1854],[136.9186,35.1866],[136.9195,35.1876],[136.9201,35.1879],[136.9215,35.188],[136.9241,35.188],[136.9244,35.1879],[136.9262,35.1877],[136.927,35.188],[136.9271,35.1889],[136.9283,35.1887],[136.9301,35.1886],[136.9305,35.1887],[136.9322,35.1893],[136.9333,35.1899],[136.9337,35.19],[136.9361,35.19],[136.9363,35.1903],[136.9366,35.1914],[136.9367,35.1928],[136.9369,35.1931],[136.9374,35.1942],[136.9382,35.1952],[136.9396,35.1966],[136.9404,35.1971],[136.9436,35.1993],[136.9439,35.1994],[136.9421,35.2014],[136.9413,35.2026],[136.9407,35.2037],[136.9393,35.2058],[136.9383,35.2066],[136.9362,35.2074],[136.9335,35.2082],[136.9314,35.2085],[136.9286,35.2095],[136.9272,35.2099],[136.9258,35.2105],[136.9262,35.2112],[136.9273,35.2107],[136.9283,35.2103],[136.9286,35.2104],[136.9292,35.2119],[136.9297,35.2119],[136.9297,35.2126],[136.929,35.2127],[136.9287,35.2133],[136.9279,35.214],[136.9279,35.2146],[136.9302,35.2148],[136.932,35.215],[136.9348,35.2156],[136.9366,35.2161]]]},"properties":{"N03_001":"愛知県","N03_002":"","N03_003":"名古屋市","N03_004":"北区","N03_007":"23103"}},
{"type":"Feature","geometry":{"type":"Polygon","coordinates":[[[136.8579,35.2306],[136.8557,35.2306],[136.8558,35.2296],[136.8561,35.2286],[136.856,35.228],[136.8562,35.2244],[136.8562,35.223],[136.8565,35.2214],[136.8564,35.2211],[136.8567,35.2193],[136.8571,35.2187],[136.8576,35.2188],[136.858,35.2178],[136.858,35.2172],[136.8588,35.2171],[136.8592,35.2164],[136.8598,35.2158],[136.8602,35.2158],[136.8604,35.2152],[136.864,35.2153],[136.8643,35.2146],[136.8642,35.214],[136.8639,35.2136],[136.8646,35.2133],[136.8632,35.2116],[136.8602,35.208],[136.8606,35.2076],[136.8636,35.2071],[136.8638,35.206],[136.8643,35.2059],[136.8647,35.2069],[136.8657,35.2069],[136.8661,35.2085],[136.8671,35.2091],[136.8681,35.2111],[136.8684,35.2119],[136.8704,35.2113],[136.8704,35.2115],[136.8716,35.2112],[136.872,35.2109],[136.8725,35.21],[136.8742,35.2097],[136.8749,35.2098],[136.8768,35.2096],[136.8785,35.2093],[136.8789,35.2088],[136.879,35.2072],[136.8793,35.2069],[136.8781,35.206],[136.8765,35.2043],[136.876,35.2037],[136.8758,35.2029],[136.8754,35.2018],[136.8748,35.2011],[136.8734,35.1995],[136.8728,35.1987],[136.8717,35.1975],[136.8707,35.1959],[136.8698,35.194],[136.8691,35.1932],[136.8681,35.1925],[136.8659,35.1917],[136.867,35.1894],[136.8682,35.1878],[136.8699,35.1861],[136.8725,35.1839],[136.8763,35.1802],[136.8774,35.1789],[136.8778,35.1784],[136.8787,35.1768],[136.8797,35.1745],[136.8805,35.1721],[136.881,35.1711],[136.8819,35.1711],[136.8821,35.1718],[136.8818,35.1731],[136.8819,35.1736],[136.8825,35.1743],[136.882,35.1752],[136.8822,35.1753],[136.8823,35.1763],[136.8834,35.176],[136.884,35.1759],[136.8847,35.1753],[136.8857,35.1752],[136.8858,35.1745],[136.8862,35.1744],[136.8882,35.1739],[136.8882,35.1747],[136.8901,35.1746],[136.8901,35.1739],[136.8923,35.1733],[136.8923,35.1738],[136.8931,35.1738],[136.8934,35.1757],[136.8937,35.1781],[136.894,35.1798],[136.8947,35.1816],[136.8949,35.1826],[136.8962,35.1827],[136.896,35.1846],[136.8965,35.1846],[136.8962,35.1871],[136.899,35.1873],[136.8988,35.1894],[136.8999,35.1902],[136.9,35.1918],[136.9006,35.1924],[136.9002,35.1929],[136.9003,35.1986],[136.9005,35.203],[136.9009,35.207],[136.901,35.2072],[136.9011,35.2081],[136.9017,35.2088],[136.9014,35.2096],[136.9007,35.2093],[136.9005,35.2099],[136.8986,35.2099],[136.8972,35.21],[136.8955,35.2106],[136.8925,35.2114],[136.8911,35.212],[136.8922,35.2125],[136.8942,35.2136],[136.897,35.215],[136.9005,35.2165],[136.9012,35.217],[136.9019,35.2177],[136.903,35.2189],[136.9053,35.2205],[136.9061,35.2208],[136.9075,35.221],[136.9075,35.2226],[136.9071,35.2232],[136.9061,35.2245],[136.9054,35.2256],[136.9047,35.2263],[136.9044,35.2271],[136.9037,35.2272],[136.9036,35.2276],[136.9047,35.2292],[136.9045,35.2295],[136.9042,35.2318],[136.9042,35.2327],[136.904,35.2333],[136.9036,35.2339],[136.9031,35.2341],[136.8992,35.2348],[136.8974,35.2341],[136.8958,35.2333],[136.8915,35.2314],[136.8897,35.2306],[136.8863,35.2291],[136.8836,35.2281],[136.8814,35.2273],[136.8768,35.2258],[136.8748,35.2251],[136.8742,35.2261],[136.8747,35.2264],[136.8738,35.2279],[136.8738,35.2281],[136.873,35.2294],[136.8728,35.2295],[136.8726,35.2302],[136.872,35.2314],[136.8711,35.2313],[136.871,35.231],[136.8705,35.2309],[136.8678,35.2306],[136.867,35.2308],[136.8642,35.2307],[136.8602,35.2306],[136.8579,35.2306]]]},"properties":{"N03_001":"愛知県","N03_002":"","N03_003":"名古屋市","N03_004":"西区","N03_007":"23104"}},
{"type":"Feature","geometry":{"type":"Polygon","coordinates":[[[136.8333,35.1649],[136.8339,35.1646],[136.8342,35.1629],[136.8345,35.1621],[136.8353,35.1605],[136.8366,35.1582],[136.8372,35.157],[136.8374,35.1564],[136.8375,35.1553],[136.8374,35.1546],[136.8369,35.1536],[136.8364,35.153],[136.8356,35.1525],[136.8347,35.1522],[136.8326,35.1518],[136.8317,35.1515],[136.8301,35.1505],[136.8292,35.1495],[136.829,35.1484],[136.8292,35.1477],[136.8296,35.147],[136.8309,35.1455],[136.8316,35.1449],[136.8332,35.1454],[136.8339,35.1454],[136.8355,35.1465],[136.8358,35.1471],[136.8357,35.1476],[136.8361,35.1482],[136.8369,35.1488],[136.8377,35.1488],[136.8384,35.1486],[136.8391,35.1476],[136.8394,35.1475],[136.8393,35.1468],[136.8396,35.1455],[136.842,35.1461],[136.8457,35.1469],[136.8476,35.1473],[136.8506,35.1482],[136.8521,35.1487],[136.8573,35.1499],[136.8598,35.1506],[136.8615,35.1513],[136.8653,35.1532],[136.8704,35.1553],[136.872,35.156],[136.8739,35.1571],[136.8793,35.1595],[136.8819,35.1601],[136.8821,35.16],[136.8825,35.159],[136.8828,35.1592],[136.8831,35.1604],[136.8856,35.161],[136.8852,35.1622],[136.8854,35.1636],[136.886,35.1637],[136.8865,35.1621],[136.8866,35.1611],[136.8876,35.1572],[136.8879,35.1572],[136.8877,35.1582],[136.8889,35.1581],[136.8898,35.1583],[136.8913,35.1582],[136.893,35.1582],[136.8928,35.1604],[136.8924,35.1624],[136.8922,35.164],[136.892,35.1671],[136.892,35.1676],[136.8923,35.1694],[136.8926,35.1712],[136.8931,35.1738],[136.8923,35.1738],[136.8923,35.1733],[136.8901,35.1739],[136.8901,35.1746],[136.8882,35.1747],[136.8882,35.1739],[136.8862,35.1744],[136.8858,35.1745],[136.8857,35.1752],[136.8847,35.1753],[136.884,35.1759],[136.8834,35.176],[136.8823,35.1763],[136.8822,35.1753],[136.882,35.1752],[136.8825,35.1743],[136.8819,35.1736],[136.8818,35.1731],[136.8821,35.1718],[136.8819,35.1711],[136.881,35.1711],[136.8805,35.1721],[136.8797,35.1745],[136.8787,35.1768],[136.8778,35.1784],[136.8774,35.1789],[136.8763,35.1802],[136.8725,35.1839],[136.8699,35.1861],[136.8682,35.1878],[136.867,35.1894],[136.8659,35.1917],[136.8637,35.1909],[136.8589,35.1895],[136.8576,35.189],[136.8563,35.1882],[136.8534,35.1857],[136.8523,35.1848],[136.8506,35.1831],[136.85,35.1826],[136.848,35.1806],[136.844,35.1766],[136.8411,35.1741],[136.84,35.173],[136.8385,35.1717],[136.8355,35.1694],[136.8349,35.1685],[136.834,35.1674],[136.8334,35.1661],[136.8333,35.1649]]]},"properties":{"N03_001":"愛知県","N03_002":"","N03_003":"名古屋市","N03_004":"中村区","N03_007":"23105"}},
{"type":"Feature","geometry":{"type":"Polygon","coordinates":[[[136.9122,35.1433],[136.9102,35.1477],[136.9107,35.1483],[136.914,35.1518],[136.9191,35.1572],[136.9206,35.159],[136.9218,35.1604],[136.9276,35.1665],[136.9268,35.167],[136.9281,35.1685],[136.9293,35.1694],[136.9303,35.1699],[136.9291,35.1698],[136.928,35.1694],[136.9273,35.1694],[136.9269,35.17],[136.9255,35.1701],[136.9238,35.1701],[136.9224,35.1702],[136.9212,35.1701],[136.9202,35.1702],[136.9197,35.1701],[136.9191,35.1704],[136.9188,35.17],[136.918,35.1702],[136.9174,35.1699],[136.9167,35.1701],[136.9164,35.1697],[136.9156,35.1701],[136.9151,35.1701],[136.9149,35.1697],[136.9132,35.1697],[136.9128,35.1696],[136.9123,35.1705],[136.9118,35.1704],[136.9119,35.1699],[136.9108,35.1698],[136.9108,35.1695],[136.9093,35.1695],[136.9089,35.1742],[136.9085,35.178],[136.9076,35.1779],[136.9073,35.1784],[136.9096,35.1785],[136.9094,35.1799],[136.9092,35.1799],[136.909,35.182],[136.9094,35.1821],[136.9093,35.183],[136.9087,35.183],[136.9085,35.1855],[136.9075,35.1856],[136.9073,35.1861],[136.9065,35.1864],[136.9051,35.1863],[136.9051,35.1854],[136.9044,35.1854],[136.9044,35.186],[136.9026,35.186],[136.9015,35.1864],[136.9004,35.1866],[136.8995,35.1867],[136.8994,35.1872],[136.899,35.1873],[136.8962,35.1871],[136.8965,35.1846],[136.896,35.1846],[136.8962,35.1827],[136.8949,35.1826],[136.8947,35.1816],[136.894,35.1798],[136.8937,35.1781],[136.8934,35.1757],[136.8931,35.1738],[136.8926,35.1712],[136.8923,35.1694],[136.892,35.1676],[136.892,35.1671],[136.8922,35.164],[136.8924,35.1624],[136.8928,35.1604],[136.893,35.1582],[136.8937,35.1528],[136.8942,35.1478],[136.8945,35.1459],[136.8956,35.1428],[136.8962,35.1428],[136.9003,35.1426],[136.9012,35.1426],[136.9018,35.1428],[136.9037,35.1425],[136.9051,35.1428],[136.9058,35.1432],[136.9064,35.1437],[136.9078,35.1437],[136.9081,35.1439],[136.9084,35.1433],[136.9122,35.1433]]]},"properties":{"N03_001":"愛知県","N03_002":"","N03_003":"名古屋市","N03_004":"中区","N03_007":"23106"}},
{"type":"Feature","geometry":{"type":"Polygon","coordinates":[[[136.9147,35.1374],[136.9178,35.1375],[136.9177,35.1386],[136.919,35.1386],[136.9191,35.1393],[136.9228,35.1395],[136.924,35.1394],[136.9259,35.1393],[136.9265,35.1399],[136.928,35.14],[136.933,35.1402],[136.9347,35.1405],[136.9369,35.1406],[136.9372,35.1381],[136.9373,35.1378],[136.944,35.138],[136.9445,35.1381],[136.9449,35.1385],[136.9456,35.1385],[136.9484,35.1378],[136.9503,35.1378],[136.9519,35.1381],[136.9525,35.1381],[136.9537,35.1377],[136.9545,35.137],[136.9558,35.1361],[136.9566,35.1358],[136.9593,35.1356],[136.9608,35.1356],[136.9617,35.1362],[136.9637,35.1362],[136.9642,35.1365],[136.9652,35.1359],[136.9662,35.1356],[136.9667,35.1357],[136.967,35.1366],[136.9674,35.1375],[136.9683,35.1387],[136.9676,35.1395],[136.9674,35.14],[136.9691,35.1406],[136.9697,35.141],[136.9705,35.1411],[136.9719,35.1416],[136.9723,35.1418],[136.9722,35.1433],[136.9728,35.1432],[136.9728,35.1438],[136.9725,35.145],[136.9726,35.1476],[136.9725,35.1482],[136.9704,35.1478],[136.9702,35.1484],[136.9697,35.1489],[136.9691,35.1506],[136.9685,35.1517],[136.967,35.1528],[136.9657,35.1531],[136.9643,35.1524],[136.9617,35.1534],[136.9608,35.1537],[136.9615,35.1561],[136.9621,35.1576],[136.9619,35.1577],[136.9587,35.1587],[136.9542,35.1595],[136.9534,35.1582],[136.9528,35.1584],[136.952,35.1572],[136.9497,35.158],[136.9499,35.1583],[136.9489,35.1585],[136.9463,35.159],[136.9448,35.1583],[136.9447,35.1575],[136.9435,35.1575],[136.9413,35.158],[136.9404,35.1579],[136.9403,35.1569],[136.9397,35.1541],[136.9393,35.154],[136.9386,35.1546],[136.9338,35.1589],[136.9331,35.1597],[136.933,35.1592],[136.9321,35.1575],[136.9309,35.158],[136.9307,35.1579],[136.9298,35.1582],[136.928,35.1586],[136.9275,35.1586],[136.9258,35.1583],[136.9245,35.1577],[136.9236,35.1579],[136.9228,35.1575],[136.923,35.1586],[136.9219,35.159],[136.9217,35.1587],[136.9206,35.159],[136.9191,35.1572],[136.914,35.1518],[136.9107,35.1483],[136.9102,35.1477],[136.9122,35.1433],[136.9134,35.1404],[136.9147,35.1374]]]},"properties":{"N03_001":"愛知県","N03_002":"","N03_003":"名古屋市","N03_004":"昭和区","N03_007":"23107"}},
{"type":"Feature","geometry":{"type":"Polygon","coordinates":[[[136.9496,35.1112],[136.9501,35.1117],[136.9514,35.1123],[136.9524,35.1126],[136.9553,35.1131],[136.9569,35.1131],[136.9587,35.1135],[136.9606,35.1143],[136.9614,35.1149],[136.9619,35.1157],[136.9622,35.1167],[136.962,35.1181],[136.9619,35.1199],[136.9617,35.1209],[136.9612,35.1239],[136.9606,35.1253],[136.9604,35.1262],[136.9599,35.1269],[136.959,35.1294],[136.9587,35.1311],[136.9597,35.1326],[136.9602,35.1344],[136.9608,35.1356],[136.9593,35.1356],[136.9566,35.1358],[136.9558,35.1361],[136.9545,35.137],[136.9537,35.1377],[136.9525,35.1381],[136.9519,35.1381],[136.9503,35.1378],[136.9484,35.1378],[136.9456,35.1385],[136.9449,35.1385],[136.9445,35.1381],[136.944,35.138],[136.9373,35.1378],[136.9372,35.1381],[136.9369,35.1406],[136.9347,35.1405],[136.933,35.1402],[136.928,35.14],[136.9265,35.1399],[136.9259,35.1393],[136.924,35.1394],[136.9228,35.1395],[136.9191,35.1393],[136.919,35.1386],[136.9177,35.1386],[136.9178,35.1375],[136.9147,35.1374],[136.9157,35.1348],[136.9168,35.1319],[136.9171,35.131],[136.9174,35.1276],[136.9174,35.1267],[136.9172,35.1258],[136.9155,35.1205],[136.9153,35.12],[136.914,35.1192],[136.914,35.1182],[136.9134,35.1174],[136.9127,35.1167],[136.9117,35.1163],[136.9115,35.1161],[136.9114,35.1154],[136.9151,35.115],[136.9151,35.1145],[136.9155,35.114],[136.9162,35.1137],[136.9164,35.1131],[136.9165,35.1125],[136.9167,35.1122],[136.9172,35.1121],[136.9181,35.1117],[136.9192,35.1116],[136.9202,35.1114],[136.9212,35.1114],[136.9215,35.1111],[136.9215,35.1099],[136.9223,35.1096],[136.9222,35.1089],[136.9224,35.1086],[136.923,35.1092],[136.9238,35.1104],[136.9255,35.1123],[136.9265,35.1132],[136.9283,35.1142],[136.9292,35.1147],[136.9299,35.1156],[136.931,35.1157],[136.9334,35.1156],[136.9343,35.1158],[136.9351,35.1164],[136.9365,35.1166],[136.9383,35.117],[136.939,35.1175],[136.9407,35.1167],[136.9432,35.1152],[136.9452,35.1142],[136.947,35.1132],[136.9476,35.113],[136.9488,35.1134],[136.9496,35.1112]]]},"properties":{"N03_001":"愛知県","N03_002":"","N03_003":"名古屋市","N03_004":"瑞穂区","N03_007":"23108"}},
{"type":"Feature","geometry":{"type":"Polygon","coordinates":[[[136.8956,35.1428],[136.8959,35.1419],[136.8967,35.1403],[136.8971,35.1395],[136.8981,35.1381],[136.8983,35.1376],[136.8987,35.1364],[136.8982,35.1365],[136.8981,35.137],[136.8963,35.1376],[136.8935,35.1384],[136.8919,35.139],[136.8922,35.1401],[136.8895,35.1403],[136.8893,35.1407],[136.8889,35.1407],[136.8887,35.1404],[136.8863,35.1406],[136.8853,35.1347],[136.885,35.1321],[136.8844,35.129],[136.8838,35.1255],[136.8832,35.1226],[136.8826,35.1184],[136.8827,35.1184],[136.8829,35.1184],[136.8833,35.1184],[136.8835,35.1184],[136.8841,35.1185],[136.8845,35.1185],[136.8861,35.1184],[136.8863,35.1184],[136.8867,35.1185],[136.8871,35.1185],[136.8877,35.1184],[136.8895,35.1185],[136.8895,35.1183],[136.8895,35.1177],[136.8895,35.1175],[136.8895,35.1173],[136.8895,35.1171],[136.8895,35.1168],[136.8895,35.1165],[136.8895,35.1164],[136.8895,35.1161],[136.8895,35.116],[136.8895,35.1156],[136.8895,35.1152],[136.8895,35.1151],[136.8895,35.1146],[136.8895,35.1142],[136.8895,35.1138],[136.8895,35.1131],[136.8913,35.1131],[136.8917,35.1131],[136.8922,35.1131],[136.8923,35.1131],[136.8936,35.1131],[136.8937,35.1131],[136.8941,35.1131],[136.8942,35.1131],[136.8942,35.1132],[136.8943,35.1133],[136.8943,35.1135],[136.8947,35.1135],[136.8949,35.1135],[136.895,35.1135],[136.8951,35.1135],[136.8952,35.1135],[136.8953,35.1136],[136.8954,35.1137],[136.8954,35.1138],[136.8955,35.1138],[136.8956,35.1138],[136.8957,35.1138],[136.8959,35.1137],[136.896,35.1137],[136.8963,35.1136],[136.8966,35.1135],[136.8968,35.1134],[136.897,35.1133],[136.8972,35.1132],[136.8973,35.1132],[136.8974,35.1132],[136.8975,35.1131],[136.8976,35.1131],[136.898,35.1129],[136.8982,35.1129],[136.8984,35.1128],[136.8986,35.1127],[136.8988,35.1127],[136.8996,35.1124],[136.9,35.1123],[136.9001,35.1123],[136.9002,35.1122],[136.9005,35.1121],[136.9006,35.1121],[136.9011,35.112],[136.904,35.1172],[136.9047,35.1181],[136.9053,35.1182],[136.906,35.118],[136.9074,35.1173],[136.9071,35.1169],[136.9082,35.1166],[136.9113,35.1162],[136.9115,35.1161],[136.9117,35.1163],[136.9127,35.1167],[136.9134,35.1174],[136.914,35.1182],[136.914,35.1192],[136.9153,35.12],[136.9155,35.1205],[136.9172,35.1258],[136.9174,35.1267],[136.9174,35.1276],[136.9171,35.131],[136.9168,35.1319],[136.9157,35.1348],[136.9147,35.1374],[136.9134,35.1404],[136.9122,35.1433],[136.9084,35.1433],[136.9081,35.1439],[136.9078,35.1437],[136.9064,35.1437],[136.9058,35.1432],[136.9051,35.1428],[136.9037,35.1425],[136.9018,35.1428],[136.9012,35.1426],[136.9003,35.1426],[136.8962,35.1428],[136.8956,35.1428]]]},"properties":{"N03_001":"愛知県","N03_002":"","N03_003":"名古屋市","N03_004":"熱田区","N03_007":"23109"}},
{"type":"Feature","geometry":{"type":"Polygon","coordinates":[[[136.8333,35.1649],[136.8323,35.1649],[136.8317,35.1652],[136.8313,35.1647],[136.8315,35.164],[136.8313,35.1634],[136.8318,35.1627],[136.8318,35.1621],[136.8315,35.1618],[136.8318,35.1613],[136.8318,35.1606],[136.832,35.1601],[136.8326,35.1594],[136.835,35.1585],[136.8359,35.1582],[136.836,35.1578],[136.8341,35.1578],[136.8316,35.1581],[136.8315,35.1578],[136.8302,35.1573],[136.8289,35.1574],[136.8283,35.1576],[136.8277,35.1576],[136.8273,35.1579],[136.8265,35.158],[136.8249,35.1579],[136.8198,35.1585],[136.8181,35.1588],[136.8172,35.159],[136.8174,35.1596],[136.8173,35.161],[136.8183,35.1612],[136.8181,35.162],[136.8184,35.1646],[136.818,35.1646],[136.8162,35.165],[136.8143,35.1657],[136.8144,35.1667],[136.8138,35.1675],[136.8109,35.1679],[136.8098,35.1678],[136.8095,35.1676],[136.8085,35.1673],[136.8079,35.1675],[136.8078,35.1682],[136.8075,35.1683],[136.8074,35.1674],[136.8069,35.1665],[136.8057,35.165],[136.8046,35.1655],[136.8042,35.1651],[136.8031,35.1636],[136.803,35.1631],[136.8018,35.1613],[136.8027,35.1609],[136.802,35.1595],[136.8018,35.158],[136.802,35.1567],[136.802,35.1547],[136.8026,35.1542],[136.8051,35.1539],[136.8055,35.154],[136.8094,35.1536],[136.8091,35.1484],[136.809,35.1476],[136.8064,35.1478],[136.804,35.1479],[136.8021,35.148],[136.8009,35.148],[136.8006,35.1459],[136.8013,35.1458],[136.8007,35.143],[136.8004,35.1415],[136.8001,35.1389],[136.8,35.1366],[136.8001,35.1327],[136.8001,35.1325],[136.8014,35.1324],[136.8014,35.1319],[136.8019,35.1318],[136.8024,35.1309],[136.8022,35.1303],[136.8026,35.1299],[136.8028,35.1293],[136.8022,35.1286],[136.8017,35.1279],[136.8005,35.1281],[136.7979,35.1282],[136.7974,35.1282],[136.7974,35.127],[136.7975,35.1263],[136.7973,35.1255],[136.7976,35.1249],[136.7974,35.1247],[136.7974,35.1239],[136.798,35.1236],[136.7976,35.1219],[136.7977,35.1219],[136.7983,35.1219],[136.7986,35.122],[136.7988,35.122],[136.799,35.122],[136.7993,35.1221],[136.7995,35.1221],[136.7996,35.1221],[136.7997,35.1222],[136.7999,35.1222],[136.8,35.1222],[136.8008,35.1223],[136.801,35.1223],[136.8013,35.1224],[136.8016,35.1223],[136.8023,35.1221],[136.8029,35.1219],[136.8032,35.122],[136.8033,35.1221],[136.8035,35.1221],[136.8036,35.1222],[136.8037,35.1221],[136.804,35.1216],[136.8042,35.1212],[136.8042,35.1211],[136.8041,35.1208],[136.8041,35.1207],[136.8042,35.1206],[136.8045,35.1206],[136.8049,35.1206],[136.805,35.1206],[136.8053,35.1206],[136.8054,35.1207],[136.8058,35.1208],[136.806,35.1208],[136.8063,35.1208],[136.8068,35.1208],[136.8071,35.1209],[136.8074,35.1209],[136.8075,35.1209],[136.8077,35.1209],[136.808,35.1209],[136.8082,35.1208],[136.8083,35.1208],[136.8089,35.1209],[136.8092,35.1209],[136.8093,35.121],[136.8095,35.1214],[136.8096,35.1216],[136.8096,35.1217],[136.8096,35.122],[136.8096,35.1221],[136.8096,35.1223],[136.8096,35.1224],[136.8096,35.1225],[136.8096,35.1226],[136.8101,35.1226],[136.8102,35.1226],[136.8103,35.1226],[136.8104,35.1226],[136.8106,35.1224],[136.8107,35.1223],[136.8108,35.1223],[136.8109,35.1223],[136.811,35.1223],[136.8111,35.1223],[136.8115,35.1224],[136.8119,35.1226],[136.812,35.1227],[136.8124,35.123],[136.8126,35.1231],[136.8127,35.1232],[136.8129,35.1233],[136.8131,35.1233],[136.8133,35.1233],[136.8136,35.1233],[136.8137,35.1233],[136.8138,35.1233],[136.8139,35.1234],[136.8141,35.1235],[136.8142,35.124],[136.8143,35.1241],[136.8144,35.1243],[136.8146,35.1246],[136.8147,35.1248],[136.8148,35.1248],[136.8149,35.1249],[136.815,35.125],[136.815,35.1251],[136.8151,35.1252],[136.8152,35.1254],[136.8153,35.1256],[136.8153,35.1257],[136.8155,35.1262],[136.8157,35.1266],[136.8157,35.1267],[136.8157,35.1269],[136.8158,35.1269],[136.8159,35.1269],[136.816,35.1269],[136.8161,35.1269],[136.8162,35.127],[136.8164,35.1271],[136.8167,35.127],[136.8168,35.1269],[136.8171,35.1269],[136.8173,35.1268],[136.8175,35.1266],[136.8174,35.1264],[136.8174,35.1263],[136.8173,35.1261],[136.8175,35.1259],[136.8179,35.1256],[136.8181,35.1255],[136.8182,35.1255],[136.8183,35.1255],[136.8184,35.1255],[136.8186,35.1255],[136.8187,35.1255],[136.8189,35.1253],[136.819,35.1252],[136.8192,35.125],[136.8194,35.1249],[136.8195,35.1248],[136.8195,35.1247],[136.8199,35.1244],[136.82,35.1243],[136.8205,35.1239],[136.8205,35.1238],[136.8206,35.1238],[136.8212,35.1232],[136.8213,35.1231],[136.8216,35.1229],[136.8216,35.1228],[136.8217,35.1228],[136.8218,35.1227],[136.8221,35.1225],[136.8221,35.1224],[136.8222,35.1223],[136.8222,35.1222],[136.8219,35.1218],[136.8219,35.1217],[136.8219,35.1215],[136.822,35.1212],[136.822,35.1211],[136.822,35.121],[136.822,35.1209],[136.8219,35.1208],[136.8219,35.1206],[136.8218,35.1206],[136.8219,35.1205],[136.8219,35.1204],[136.822,35.1203],[136.8222,35.1202],[136.8223,35.1201],[136.8224,35.12],[136.8224,35.1199],[136.8225,35.1198],[136.8226,35.1198],[136.8225,35.1196],[136.8225,35.119],[136.8224,35.1188],[136.8225,35.1186],[136.8229,35.1186],[136.8239,35.1186],[136.8249,35.1185],[136.825,35.1185],[136.8257,35.1185],[136.8258,35.1186],[136.8258,35.1189],[136.826,35.1188],[136.8263,35.1188],[136.8265,35.1188],[136.8267,35.1188],[136.8272,35.1189],[136.8276,35.1189],[136.8279,35.1189],[136.828,35.119],[136.8281,35.1191],[136.8282,35.1192],[136.8283,35.1192],[136.8284,35.1194],[136.8285,35.1196],[136.8287,35.1197],[136.8287,35.1198],[136.8288,35.1198],[136.8289,35.1199],[136.829,35.1201],[136.8293,35.1205],[136.8295,35.1206],[136.8296,35.1207],[136.8299,35.1209],[136.8303,35.1207],[136.8305,35.1206],[136.8305,35.1205],[136.8311,35.1202],[136.8316,35.1198],[136.8318,35.1197],[136.8324,35.1193],[136.8324,35.1192],[136.833,35.1187],[136.8331,35.1186],[136.8333,35.1184],[136.8336,35.1181],[136.8336,35.1179],[136.8338,35.1176],[136.8338,35.1172],[136.8339,35.117],[136.8339,35.1168],[136.8339,35.1167],[136.834,35.1162],[136.8341,35.1153],[136.8343,35.1136],[136.8344,35.1135],[136.8345,35.1127],[136.8347,35.1113],[136.8348,35.1105],[136.8349,35.1099],[136.835,35.1099],[136.8354,35.1099],[136.8355,35.1099],[136.8357,35.1099],[136.8359,35.1099],[136.836,35.1099],[136.8363,35.1099],[136.8364,35.1105],[136.8364,35.1114],[136.8365,35.1121],[136.8366,35.1132],[136.8367,35.1137],[136.8367,35.114],[136.8368,35.1149],[136.837,35.1167],[136.8371,35.1168],[136.8371,35.1171],[136.8372,35.1174],[136.8377,35.1173],[136.8381,35.1173],[136.8384,35.1172],[136.8385,35.1172],[136.8387,35.1172],[136.8389,35.1172],[136.8389,35.1171],[136.8389,35.1169],[136.8388,35.1167],[136.8389,35.1166],[136.839,35.1165],[136.8393,35.1165],[136.8396,35.1164],[136.8399,35.1165],[136.8399,35.1166],[136.84,35.1167],[136.8401,35.1167],[136.8403,35.1168],[136.8405,35.1169],[136.8406,35.1169],[136.8408,35.117],[136.8409,35.117],[136.8411,35.1171],[136.8413,35.1173],[136.8415,35.1174],[136.8417,35.1174],[136.842,35.1174],[136.8422,35.1174],[136.8427,35.1175],[136.8428,35.1175],[136.8429,35.1175],[136.8431,35.1175],[136.8436,35.1176],[136.8437,35.1176],[136.8438,35.1177],[136.8439,35.1177],[136.8439,35.1178],[136.844,35.1178],[136.8442,35.1179],[136.8445,35.118],[136.8448,35.1181],[136.845,35.1181],[136.8453,35.1183],[136.8454,35.1183],[136.8455,35.1184],[136.8456,35.1184],[136.8458,35.1185],[136.8458,35.1186],[136.8459,35.1187],[136.8461,35.119],[136.8464,35.1192],[136.8465,35.1192],[136.8467,35.1193],[136.8467,35.1194],[136.8468,35.1194],[136.8472,35.1195],[136.8476,35.1197],[136.8478,35.1198],[136.8484,35.1201],[136.8488,35.1202],[136.8489,35.1202],[136.8491,35.1203],[136.8493,35.1204],[136.8495,35.1205],[136.8496,35.1206],[136.8498,35.1206],[136.8499,35.1206],[136.85,35.1207],[136.8502,35.1208],[136.8504,35.1209],[136.8509,35.1211],[136.8511,35.1212],[136.8515,35.1213],[136.852,35.1215],[136.8522,35.1216],[136.8526,35.1217],[136.853,35.1219],[136.8532,35.122],[136.8537,35.1222],[136.8543,35.1223],[136.8546,35.1223],[136.8549,35.1223],[136.8552,35.1224],[136.8555,35.1225],[136.8556,35.1225],[136.8557,35.1225],[136.8558,35.1225],[136.8559,35.1225],[136.856,35.1225],[136.8565,35.1226],[136.8567,35.1226],[136.8568,35.1226],[136.8571,35.1227],[136.8575,35.1227],[136.8576,35.1227],[136.8578,35.1227],[136.8582,35.1227],[136.8583,35.1227],[136.8585,35.1227],[136.8586,35.1227],[136.8588,35.1227],[136.8593,35.1228],[136.8596,35.1227],[136.8598,35.1227],[136.8605,35.1227],[136.861,35.1228],[136.8613,35.1228],[136.8617,35.1229],[136.8626,35.1229],[136.8628,35.123],[136.863,35.123],[136.8631,35.123],[136.8633,35.123],[136.8634,35.123],[136.8635,35.123],[136.8635,35.1219],[136.8635,35.121],[136.8637,35.1209],[136.8637,35.1208],[136.8638,35.1205],[136.8638,35.1202],[136.8638,35.1198],[136.8636,35.1198],[136.8636,35.1195],[136.8638,35.1184],[136.8639,35.1184],[136.864,35.1183],[136.8641,35.1183],[136.8644,35.1183],[136.8652,35.1182],[136.8652,35.118],[136.8655,35.118],[136.8667,35.118],[136.8668,35.118],[136.8668,35.1181],[136.8671,35.1181],[136.8672,35.1181],[136.8682,35.1181],[136.8684,35.1181],[136.8686,35.1181],[136.8688,35.1181],[136.8691,35.1181],[136.8694,35.1181],[136.8698,35.1182],[136.87,35.1182],[136.8709,35.1182],[136.8721,35.1182],[136.8726,35.1183],[136.874,35.1183],[136.8743,35.1183],[136.8744,35.1184],[136.8749,35.1184],[136.875,35.1184],[136.8754,35.1184],[136.876,35.1184],[136.8769,35.1184],[136.8776,35.1184],[136.878,35.1184],[136.8782,35.1184],[136.8784,35.1184],[136.879,35.1184],[136.8792,35.1184],[136.8794,35.1184],[136.8797,35.1184],[136.8798,35.1184],[136.8802,35.1184],[136.8826,35.1184],[136.8832,35.1226],[136.8838,35.1255],[136.8844,35.129],[136.885,35.1321],[136.8853,35.1347],[136.8863,35.1406],[136.8887,35.1404],[136.8889,35.1407],[136.8893,35.1407],[136.8895,35.1403],[136.8922,35.1401],[136.8919,35.139],[136.8935,35.1384],[136.8963,35.1376],[136.8981,35.137],[136.8982,35.1365],[136.8987,35.1364],[136.8983,35.1376],[136.8981,35.1381],[136.8971,35.1395],[136.8967,35.1403],[136.8959,35.1419],[136.8956,35.1428],[136.8945,35.1459],[136.8942,35.1478],[136.8937,35.1528],[136.893,35.1582],[136.8913,35.1582],[136.8898,35.1583],[136.8889,35.1581],[136.8877,35.1582],[136.8879,35.1572],[136.8876,35.1572],[136.8866,35.1611],[136.8865,35.1621],[136.886,35.1637],[136.8854,35.1636],[136.8852,35.1622],[136.8856,35.161],[136.8831,35.1604],[136.8828,35.1592],[136.8825,35.159],[136.8821,35.16],[136.8819,35.1601],[136.8793,35.1595],[136.8739,35.1571],[136.872,35.156],[136.8704,35.1553],[136.8653,35.1532],[136.8615,35.1513],[136.8598,35.1506],[136.8573,35.1499],[136.8521,35.1487],[136.8506,35.1482],[136.8476,35.1473],[136.8457,35.1469],[136.842,35.1461],[136.8396,35.1455],[136.8393,35.1468],[136.8394,35.1475],[136.8391,35.1476],[136.8384,35.1486],[136.8377,35.1488],[136.8369,35.1488],[136.8361,35.1482],[136.8357,35.1476],[136.8358,35.1471],[136.8355,35.1465],[136.8339,35.1454],[136.8332,35.1454],[136.8316,35.1449],[136.8309,35.1455],[136.8296,35.147],[136.8292,35.1477],[136.829,35.1484],[136.8292,35.1495],[136.8301,35.1505],[136.8317,35.1515],[136.8326,35.1518],[136.8347,35.1522],[136.8356,35.1525],[136.8364,35.153],[136.8369,35.1536],[136.8374,35.1546],[136.8375,35.1553],[136.8374,35.1564],[136.8372,35.157],[136.8366,35.1582],[136.8353,35.1605],[136.8345,35.1621],[136.8342,35.1629],[136.8339,35.1646],[136.8333,35.1649]]]},"properties":{"N03_001":"愛知県","N03_002":"","N03_003":"名古屋市","N03_004":"中川区","N03_007":"23110"}},
{"type":"Feature","geometry":{"type":"Polygon","coordinates":[[[136.8417,35.0431],[136.8455,35.0339],[136.8458,35.0339],[136.8466,35.0349],[136.8456,35.0373],[136.8461,35.0375],[136.8475,35.0359],[136.8482,35.0367],[136.8441,35.0416],[136.8456,35.0429],[136.8489,35.0398],[136.8502,35.0406],[136.8462,35.0455],[136.8477,35.0468],[136.851,35.0437],[136.852,35.0439],[136.855,35.0553],[136.8524,35.0553],[136.8521,35.054],[136.8487,35.054],[136.8486,35.0561],[136.8406,35.056],[136.838,35.0518],[136.8417,35.0431]]]},"properties":{"N03_001":"愛知県","N03_002":"","N03_003":"名古屋市","N03_004":"港区","N03_007":"23111"}},
{"type":"Feature","geometry":{"type":"Polygon","coordinates":[[[136.9058,35.0684],[136.9066,35.0688],[136.9097,35.0686],[136.9111,35.0688],[136.9125,35.0691],[136.9156,35.0698],[136.9188,35.07],[136.9225,35.0703],[136.9237,35.0703],[136.9275,35.0706],[136.9311,35.071],[136.9322,35.0713],[136.9329,35.0717],[136.9347,35.073],[136.9366,35.0745],[136.938,35.0759],[136.9399,35.0775],[136.9403,35.0779],[136.9408,35.0788],[136.941,35.0802],[136.941,35.0832],[136.941,35.0866],[136.9412,35.0885],[136.9415,35.0899],[136.9419,35.0907],[136.9429,35.0917],[136.9446,35.0932],[136.9462,35.0942],[136.947,35.0949],[136.9474,35.0955],[136.9477,35.0966],[136.948,35.0986],[136.9482,35.0994],[136.9486,35.1007],[136.9489,35.1024],[136.9493,35.1057],[136.9493,35.1097],[136.9496,35.1112],[136.9488,35.1134],[136.9476,35.113],[136.947,35.1132],[136.9452,35.1142],[136.9432,35.1152],[136.9407,35.1167],[136.939,35.1175],[136.9383,35.117],[136.9365,35.1166],[136.9351,35.1164],[136.9343,35.1158],[136.9334,35.1156],[136.931,35.1157],[136.9299,35.1156],[136.9292,35.1147],[136.9283,35.1142],[136.9265,35.1132],[136.9255,35.1123],[136.9238,35.1104],[136.923,35.1092],[136.9224,35.1086],[136.9222,35.1089],[136.9223,35.1096],[136.9215,35.1099],[136.9215,35.1111],[136.9212,35.1114],[136.9202,35.1114],[136.9192,35.1116],[136.9181,35.1117],[136.9172,35.1121],[136.9167,35.1122],[136.9165,35.1125],[136.9164,35.1131],[136.9162,35.1137],[136.9155,35.114],[136.9151,35.1145],[136.9151,35.115],[136.9114,35.1154],[136.9115,35.1161],[136.9113,35.1162],[136.9082,35.1166],[136.9071,35.1169],[136.9074,35.1173],[136.906,35.118],[136.9053,35.1182],[136.9047,35.1181],[136.904,35.1172],[136.9011,35.112],[136.9011,35.1119],[136.9013,35.1119],[136.9015,35.1118],[136.9015,35.1117],[136.9013,35.1114],[136.9011,35.111],[136.9011,35.1109],[136.9009,35.1105],[136.9006,35.1101],[136.9005,35.1098],[136.9005,35.1097],[136.9007,35.1096],[136.9008,35.1095],[136.9011,35.1092],[136.9012,35.1091],[136.9013,35.1091],[136.9013,35.109],[136.9013,35.1088],[136.9012,35.1083],[136.9011,35.1079],[136.9011,35.1075],[136.9009,35.107],[136.9009,35.1061],[136.9009,35.1057],[136.901,35.1056],[136.901,35.1055],[136.901,35.1054],[136.901,35.1051],[136.9011,35.1046],[136.9011,35.1045],[136.9012,35.1043],[136.9013,35.1041],[136.9013,35.104],[136.9013,35.1038],[136.9014,35.1038],[136.9014,35.1036],[136.9015,35.1034],[136.9015,35.1031],[136.9014,35.103],[136.9014,35.1029],[136.9014,35.1028],[136.9014,35.1027],[136.9014,35.1026],[136.9014,35.1025],[136.9014,35.1024],[136.9014,35.1022],[136.9013,35.1016],[136.9012,35.1006],[136.9011,35.1003],[136.9011,35.1],[136.901,35.0992],[136.9009,35.0983],[136.9008,35.0978],[136.9008,35.0973],[136.9008,35.0971],[136.9008,35.0968],[136.9007,35.0966],[136.9007,35.0964],[136.9007,35.0962],[136.9007,35.0961],[136.9008,35.0959],[136.9008,35.0957],[136.9009,35.0955],[136.9008,35.0954],[136.9008,35.0953],[136.9008,35.0951],[136.9007,35.095],[136.9007,35.0949],[136.9007,35.0948],[136.9006,35.0946],[136.9006,35.0945],[136.9006,35.0944],[136.9006,35.0942],[136.9005,35.0942],[136.9006,35.0939],[136.9006,35.0938],[136.9017,35.094],[136.9019,35.094],[136.902,35.0938],[136.9021,35.0937],[136.9021,35.0936],[136.9022,35.0934],[136.9023,35.0932],[136.9027,35.0917],[136.9029,35.0912],[136.9032,35.0901],[136.9034,35.0897],[136.9034,35.0894],[136.9035,35.0893],[136.9034,35.0891],[136.9034,35.089],[136.9033,35.0889],[136.9034,35.0888],[136.9035,35.0888],[136.9037,35.0888],[136.9038,35.0888],[136.9039,35.0889],[136.904,35.089],[136.904,35.0891],[136.904,35.0892],[136.9044,35.0893],[136.9048,35.0893],[136.9062,35.0896],[136.9065,35.0896],[136.9083,35.09],[136.9093,35.0902],[136.9103,35.0904],[136.9121,35.0907],[136.9121,35.0906],[136.9119,35.0901],[136.9114,35.0885],[136.9107,35.0866],[136.9105,35.0861],[136.9102,35.0852],[136.9099,35.0844],[136.9097,35.0839],[136.9096,35.0837],[136.9096,35.0834],[136.9095,35.0834],[136.9087,35.0835],[136.9083,35.0835],[136.9071,35.0836],[136.9069,35.0836],[136.9059,35.0838],[136.9045,35.0839],[136.9042,35.0839],[136.9042,35.0838],[136.9041,35.0835],[136.9041,35.0833],[136.9041,35.0828],[136.904,35.082],[136.904,35.0819],[136.9041,35.0816],[136.9041,35.0815],[136.904,35.0809],[136.9038,35.0803],[136.9035,35.0784],[136.9034,35.078],[136.9036,35.0778],[136.9038,35.0776],[136.9039,35.0776],[136.904,35.0776],[136.9041,35.0775],[136.9044,35.0774],[136.9045,35.0774],[136.9045,35.0772],[136.9045,35.0771],[136.9044,35.0771],[136.9043,35.0771],[136.9042,35.077],[136.9041,35.077],[136.9038,35.0769],[136.9036,35.0768],[136.9032,35.0757],[136.9032,35.0756],[136.9031,35.0755],[136.9029,35.075],[136.9029,35.0748],[136.9028,35.0746],[136.9027,35.0744],[136.9025,35.074],[136.9023,35.0735],[136.9022,35.0731],[136.9022,35.0729],[136.9022,35.0725],[136.9021,35.0725],[136.9021,35.0724],[136.9021,35.0722],[136.9021,35.072],[136.9018,35.0716],[136.9017,35.0712],[136.9016,35.071],[136.9016,35.0704],[136.9016,35.0699],[136.9016,35.0698],[136.9016,35.0696],[136.9016,35.0689],[136.9032,35.0689],[136.9058,35.0684]]]},"properties":{"N03_001":"愛知県","N03_002":"","N03_003":"名古屋市","N03_004":"南区","N03_007":"23112"}},
{"type":"Feature","geometry":{"type":"Polygon","coordinates":[[[136.9366,35.2161],[136.9348,35.2156],[136.932,35.215],[136.9302,35.2148],[136.9279,35.2146],[136.9279,35.214],[136.9287,35.2133],[136.929,35.2127],[136.9297,35.2126],[136.9297,35.2119],[136.9292,35.2119],[136.9286,35.2104],[136.9283,35.2103],[136.9273,35.2107],[136.9262,35.2112],[136.9258,35.2105],[136.9272,35.2099],[136.9286,35.2095],[136.9314,35.2085],[136.9335,35.2082],[136.9362,35.2074],[136.9383,35.2066],[136.9393,35.2058],[136.9407,35.2037],[136.9413,35.2026],[136.9421,35.2014],[136.9439,35.1994],[136.9442,35.1991],[136.9467,35.1974],[136.9485,35.1958],[136.9508,35.1943],[136.9531,35.1935],[136.9556,35.1928],[136.9568,35.1923],[136.9596,35.1915],[136.9615,35.191],[136.9633,35.1908],[136.9656,35.1907],[136.9687,35.1906],[136.9723,35.1903],[136.9737,35.1902],[136.9752,35.1905],[136.977,35.1909],[136.979,35.1912],[136.9818,35.1919],[136.9835,35.1926],[136.9852,35.1935],[136.9873,35.1949],[136.9898,35.1965],[136.9906,35.1969],[136.9915,35.1972],[136.9928,35.1975],[136.9931,35.1971],[136.9942,35.1962],[136.9945,35.1961],[136.9957,35.1943],[136.9961,35.1944],[136.997,35.195],[136.998,35.1953],[136.9986,35.1949],[136.9996,35.1944],[137.0006,35.1943],[137.0014,35.1923],[137.0016,35.192],[137.0047,35.1924],[137.0073,35.1924],[137.0075,35.192],[137.008,35.1902],[137.0083,35.1901],[137.0094,35.1906],[137.0101,35.1907],[137.0111,35.1907],[137.0124,35.1905],[137.0137,35.1904],[137.0168,35.1912],[137.018,35.1911],[137.02,35.1907],[137.0217,35.1908],[137.0232,35.1912],[137.0243,35.1912],[137.0267,35.191],[137.0284,35.1901],[137.0287,35.1907],[137.03,35.1905],[137.0303,35.1909],[137.0318,35.1912],[137.0323,35.1918],[137.0314,35.192],[137.0269,35.1926],[137.0258,35.1925],[137.0255,35.1934],[137.0294,35.1946],[137.03,35.1939],[137.0314,35.1944],[137.0301,35.1972],[137.0282,35.1967],[137.025,35.1957],[137.0251,35.1953],[137.0243,35.1951],[137.024,35.1958],[137.0237,35.1959],[137.0236,35.1966],[137.0227,35.197],[137.023,35.1973],[137.024,35.1976],[137.0251,35.1976],[137.0256,35.1979],[137.0262,35.1986],[137.026,35.1992],[137.0261,35.2001],[137.0257,35.2007],[137.0259,35.2013],[137.0257,35.2019],[137.0252,35.2017],[137.023,35.2013],[137.0224,35.2009],[137.0215,35.1997],[137.0198,35.1985],[137.0197,35.1977],[137.0209,35.197],[137.0223,35.1968],[137.0233,35.1965],[137.0234,35.1957],[137.0209,35.1948],[137.0202,35.1939],[137.019,35.1937],[137.0184,35.1939],[137.0169,35.1941],[137.0168,35.1946],[137.0144,35.1947],[137.0136,35.1946],[137.0119,35.195],[137.0121,35.1963],[137.0122,35.1987],[137.0123,35.1993],[137.0127,35.1992],[137.0136,35.1994],[137.0144,35.1989],[137.0148,35.2],[137.0147,35.2006],[137.0144,35.2007],[137.0138,35.2],[137.0133,35.2003],[137.0133,35.201],[137.011,35.2031],[137.0105,35.2038],[137.0097,35.2038],[137.0097,35.2061],[137.0092,35.2064],[137.008,35.2065],[137.0072,35.2062],[137.0057,35.2061],[137.0056,35.2063],[137.0062,35.2068],[137.0078,35.2084],[137.0089,35.2091],[137.0085,35.2101],[137.0063,35.21],[137.0063,35.2096],[137.0046,35.2095],[137.0042,35.2093],[137.0015,35.2093],[137.0016,35.2096],[137.0028,35.211],[137.0037,35.2123],[137.0041,35.2124],[137.0048,35.2139],[137.0041,35.2143],[137.0049,35.2153],[137.005,35.2155],[137.0048,35.2164],[137.0051,35.2172],[137.0051,35.2175],[137.0056,35.2182],[137.0064,35.2188],[137.0067,35.2192],[137.0087,35.2199],[137.0098,35.2205],[137.0109,35.2212],[137.0116,35.2221],[137.0127,35.2236],[137.0132,35.2245],[137.014,35.225],[137.0143,35.2257],[137.0148,35.226],[137.0155,35.2272],[137.016,35.2279],[137.0182,35.2297],[137.0195,35.2313],[137.0222,35.2312],[137.0241,35.2323],[137.0247,35.233],[137.0257,35.2342],[137.029,35.2346],[137.0308,35.2346],[137.0313,35.2351],[137.0323,35.2355],[137.0331,35.2364],[137.034,35.2371],[137.0345,35.238],[137.0352,35.2382],[137.0366,35.2379],[137.0372,35.2374],[137.0384,35.2376],[137.0391,35.2381],[137.0403,35.2403],[137.0414,35.2408],[137.0438,35.2415],[137.0443,35.2409],[137.0449,35.2397],[137.0455,35.239],[137.0462,35.2384],[137.0469,35.2382],[137.0493,35.2378],[137.0496,35.2386],[137.0513,35.2385],[137.0521,35.239],[137.0518,35.2399],[137.051,35.2405],[137.0509,35.2408],[137.0511,35.2417],[137.0515,35.2424],[137.052,35.2426],[137.052,35.2431],[137.0532,35.2436],[137.0546,35.2437],[137.0557,35.2444],[137.0559,35.2451],[137.0567,35.246],[137.0585,35.2463],[137.0599,35.2463],[137.0609,35.2482],[137.0604,35.2494],[137.0597,35.2508],[137.0594,35.2512],[137.0587,35.2513],[137.0576,35.2503],[137.057,35.2501],[137.056,35.2503],[137.055,35.2504],[137.0547,35.2512],[137.0541,35.2518],[137.0538,35.2527],[137.0533,35.2534],[137.0533,35.2543],[137.0536,35.255],[137.053,35.2553],[137.053,35.2561],[137.0536,35.2567],[137.0535,35.2578],[137.0531,35.2583],[137.0525,35.2584],[137.0516,35.2594],[137.051,35.2597],[137.0503,35.2602],[137.0497,35.2599],[137.0477,35.2595],[137.0443,35.259],[137.0405,35.2586],[137.037,35.2584],[137.0348,35.2586],[137.0335,35.2588],[137.0314,35.2593],[137.0299,35.2593],[137.0292,35.259],[137.0282,35.2581],[137.0266,35.2568],[137.0254,35.2556],[137.0239,35.2543],[137.0224,35.2534],[137.0201,35.2524],[137.017,35.2519],[137.0155,35.2517],[137.0145,35.2518],[137.0136,35.2516],[137.0127,35.2512],[137.0121,35.2507],[137.0116,35.2497],[137.0114,35.249],[137.0108,35.2447],[137.0102,35.2438],[137.0094,35.2428],[137.0084,35.2419],[137.0074,35.2411],[137.0067,35.2407],[137.0053,35.2404],[137.0036,35.2404],[137.0016,35.2406],[136.997,35.2408],[136.9959,35.2408],[136.9932,35.2409],[136.9916,35.2402],[136.9906,35.2392],[136.9901,35.2386],[136.9897,35.2379],[136.9896,35.2369],[136.9896,35.2349],[136.9902,35.2319],[136.9905,35.2304],[136.9904,35.2299],[136.9896,35.2279],[136.989,35.2267],[136.9883,35.2264],[136.9858,35.2261],[136.983,35.226],[136.9814,35.2252],[136.9805,35.2245],[136.9787,35.2229],[136.9777,35.2219],[136.9766,35.2212],[136.9749,35.2194],[136.9736,35.2184],[136.9719,35.2176],[136.9703,35.2173],[136.9677,35.2171],[136.9665,35.2168],[136.9641,35.2168],[136.9602,35.2171],[136.9581,35.2174],[136.9562,35.2174],[136.9544,35.2172],[136.9519,35.217],[136.9484,35.2162],[136.9467,35.2161],[136.9447,35.2162],[136.9422,35.2164],[136.9403,35.2164],[136.9387,35.2165],[136.9378,35.2164],[136.9366,35.2161]]]},"properties":{"N03_001":"愛知県","N03_002":"","N03_003":"名古屋市","N03_004":"守山区","N03_007":"23113"}},
{"type":"Feature","geometry":{"type":"Polygon","coordinates":[[[136.9739,35.049],[136.975,35.0495],[136.9749,35.05],[136.9753,35.0504],[136.9752,35.0512],[136.9749,35.0513],[136.9748,35.0519],[136.9734,35.0521],[136.9733,35.0525],[136.9726,35.0528],[136.9725,35.0534],[136.9732,35.0534],[136.9734,35.0539],[136.9728,35.0544],[136.9732,35.0551],[136.9728,35.0555],[136.9728,35.0562],[136.9724,35.0564],[136.9731,35.0578],[136.9732,35.0582],[136.9745,35.0601],[136.9753,35.061],[136.9759,35.0615],[136.9757,35.0619],[136.9748,35.0623],[136.9744,35.0629],[136.9747,35.0631],[136.976,35.0623],[136.9785,35.0614],[136.9793,35.0613],[136.9802,35.0615],[136.981,35.0611],[136.9824,35.0611],[136.9829,35.0613],[136.9843,35.0613],[136.9853,35.0605],[136.9859,35.061],[136.9855,35.0616],[136.9852,35.062],[136.9853,35.0628],[136.9856,35.0629],[136.9854,35.0637],[136.9857,35.0659],[136.9857,35.0663],[136.9866,35.0665],[136.9874,35.0676],[136.9872,35.0687],[136.9876,35.0695],[136.9875,35.0709],[136.9877,35.0726],[136.9884,35.0737],[136.9895,35.0731],[136.9902,35.0726],[136.9915,35.0729],[136.993,35.0723],[136.9947,35.0718],[136.9962,35.0721],[136.9965,35.0723],[136.9968,35.0729],[136.9973,35.073],[136.9973,35.0735],[136.9977,35.0735],[136.9981,35.0742],[136.9987,35.0743],[136.9989,35.0739],[136.9989,35.0732],[136.9991,35.0729],[136.9999,35.0731],[137.0016,35.0724],[137.0027,35.0722],[137.0042,35.072],[137.0047,35.072],[137.0059,35.0725],[137.0071,35.0735],[137.0076,35.0745],[137.0083,35.0744],[137.0087,35.0746],[137.0096,35.0753],[137.0101,35.0768],[137.0108,35.0781],[137.0109,35.0786],[137.0112,35.0793],[137.0112,35.0797],[137.01,35.0803],[137.0097,35.0806],[137.0105,35.0812],[137.0117,35.0811],[137.0117,35.0819],[137.0121,35.0822],[137.0127,35.0817],[137.0131,35.0819],[137.0131,35.0829],[137.0134,35.0836],[137.0133,35.0839],[137.0121,35.0845],[137.0121,35.0851],[137.013,35.0852],[137.0136,35.0856],[137.0138,35.086],[137.0147,35.0866],[137.015,35.0873],[137.0157,35.0875],[137.0156,35.0881],[137.0163,35.09],[137.0168,35.0902],[137.0175,35.0921],[137.0175,35.0926],[137.0171,35.0927],[137.0164,35.0942],[137.0174,35.0944],[137.0188,35.0956],[137.0188,35.0947],[137.0192,35.0948],[137.0198,35.0952],[137.02,35.095],[137.0208,35.094],[137.021,35.0932],[137.0209,35.0911],[137.0215,35.0912],[137.0215,35.0931],[137.0206,35.0948],[137.0206,35.0956],[137.02,35.0961],[137.0216,35.0973],[137.0226,35.0989],[137.0229,35.1],[137.0226,35.1004],[137.0225,35.101],[137.0234,35.102],[137.0234,35.1027],[137.0227,35.1038],[137.0222,35.1047],[137.0223,35.106],[137.0211,35.1098],[137.02,35.1096],[137.0194,35.1094],[137.0188,35.1096],[137.0181,35.1093],[137.0182,35.1089],[137.0185,35.1087],[137.0178,35.1083],[137.0167,35.1092],[137.0151,35.1078],[137.0139,35.1074],[137.0129,35.1074],[137.0122,35.1072],[137.0113,35.1066],[137.0095,35.1058],[137.0085,35.1049],[137.0063,35.1042],[137.0061,35.1037],[137.0055,35.1038],[137.0046,35.1029],[137.0035,35.1025],[137.003,35.102],[137.0018,35.1014],[137.0007,35.1013],[137.0005,35.1029],[137,35.1032],[136.9995,35.1032],[136.9991,35.1045],[136.9985,35.1052],[136.9976,35.1057],[136.9968,35.1055],[136.9962,35.1061],[136.9957,35.1062],[136.9949,35.1059],[136.9937,35.1057],[136.9933,35.1059],[136.9922,35.1066],[136.9927,35.107],[136.9914,35.1079],[136.9907,35.1091],[136.99,35.1093],[136.99,35.1089],[136.9893,35.1082],[136.9885,35.1081],[136.9871,35.1063],[136.9859,35.106],[136.9844,35.1044],[136.9828,35.104],[136.9822,35.1038],[136.978,35.1036],[136.9781,35.1026],[136.9739,35.1027],[136.9739,35.1022],[136.9718,35.1022],[136.97,35.1024],[136.9672,35.1023],[136.9651,35.102],[136.9653,35.1014],[136.9641,35.1015],[136.9603,35.1011],[136.957,35.1007],[136.9548,35.1018],[136.9531,35.1022],[136.9521,35.1021],[136.9511,35.1017],[136.9491,35.1004],[136.9482,35.0994],[136.948,35.0986],[136.9477,35.0966],[136.9474,35.0955],[136.947,35.0949],[136.9462,35.0942],[136.9446,35.0932],[136.9429,35.0917],[136.9419,35.0907],[136.9415,35.0899],[136.9412,35.0885],[136.941,35.0866],[136.941,35.0832],[136.941,35.0802],[136.9408,35.0788],[136.9403,35.0779],[136.9399,35.0775],[136.938,35.0759],[136.9366,35.0745],[136.9347,35.073],[136.9329,35.0717],[136.9322,35.0713],[136.9311,35.071],[136.9275,35.0706],[136.9237,35.0703],[136.9225,35.0703],[136.9188,35.07],[136.9156,35.0698],[136.9125,35.0691],[136.9111,35.0688],[136.9097,35.0686],[136.9066,35.0688],[136.9058,35.0684],[136.9066,35.0682],[136.9104,35.068],[136.913,35.0685],[136.9132,35.0682],[136.9163,35.0612],[136.9179,35.0619],[136.9178,35.0629],[136.9188,35.0633],[136.9198,35.0635],[136.9202,35.0626],[136.9207,35.0627],[136.9201,35.064],[136.9218,35.0644],[136.9221,35.0637],[136.923,35.0637],[136.9244,35.0644],[136.9252,35.0631],[136.9246,35.0629],[136.9251,35.0621],[136.9245,35.0618],[136.9235,35.0617],[136.922,35.0612],[136.9226,35.0605],[136.9227,35.0601],[136.9237,35.0599],[136.9245,35.06],[136.9243,35.0595],[136.9247,35.0591],[136.9245,35.0586],[136.9258,35.0586],[136.9264,35.0592],[136.9267,35.0591],[136.9261,35.0585],[136.9261,35.0581],[136.9271,35.057],[136.9276,35.0566],[136.9285,35.0553],[136.9284,35.0549],[136.9295,35.0535],[136.9294,35.053],[136.9287,35.0524],[136.9287,35.0519],[136.9295,35.0519],[136.9304,35.0517],[136.9304,35.0514],[136.9313,35.0511],[136.9313,35.0507],[136.9313,35.05],[136.9317,35.0497],[136.9323,35.05],[136.9331,35.0499],[136.9332,35.0494],[136.9328,35.0487],[136.9336,35.0487],[136.9341,35.0497],[136.9349,35.0498],[136.9347,35.0507],[136.9357,35.0517],[136.9359,35.0521],[136.9366,35.0532],[136.9369,35.0534],[136.9376,35.0529],[136.938,35.0534],[136.9388,35.0532],[136.9393,35.0533],[136.9406,35.0526],[136.9411,35.0522],[136.9412,35.0513],[136.942,35.05],[136.9419,35.049],[136.9432,35.0479],[136.9433,35.0471],[136.9436,35.0463],[136.9446,35.0456],[136.9463,35.0442],[136.9483,35.0442],[136.9501,35.0445],[136.9532,35.0448],[136.9532,35.0457],[136.9539,35.0458],[136.9542,35.0461],[136.9552,35.0469],[136.9557,35.0475],[136.9558,35.0479],[136.9564,35.0478],[136.9572,35.0475],[136.958,35.0469],[136.9584,35.0464],[136.9589,35.0463],[136.9588,35.0449],[136.9592,35.044],[136.96,35.0431],[136.9606,35.043],[136.961,35.0426],[136.9609,35.042],[136.9616,35.041],[136.9614,35.0406],[136.9597,35.0399],[136.9593,35.0395],[136.9598,35.0393],[136.9607,35.0398],[136.9619,35.0396],[136.9626,35.0401],[136.9635,35.0412],[136.9649,35.0429],[136.9654,35.043],[136.968,35.0427],[136.9684,35.043],[136.9696,35.0428],[136.9702,35.0428],[136.9704,35.0423],[136.9709,35.0423],[136.9711,35.0429],[136.9714,35.0431],[136.9723,35.0431],[136.9726,35.0449],[136.9729,35.0456],[136.9738,35.0465],[136.9744,35.0474],[136.9742,35.0482],[136.9739,35.049]]]},"properties":{"N03_001":"愛知県","N03_002":"","N03_003":"名古屋市","N03_004":"緑区","N03_007":"23114"}},
{"type":"Feature","geometry":{"type":"Polygon","coordinates":[[[136.9858,35.1493],[136.9866,35.1488],[136.9871,35.1483],[136.9883,35.1482],[136.9891,35.1474],[136.9896,35.1474],[136.9904,35.1477],[136.9922,35.1464],[136.9922,35.1459],[136.9927,35.1458],[136.9942,35.145],[136.9967,35.145],[136.9967,35.1454],[136.9986,35.1453],[136.9987,35.1457],[136.9995,35.1457],[136.9995,35.1454],[137.0005,35.1453],[137.0007,35.1434],[137.0016,35.142],[137.0025,35.1411],[137.004,35.1402],[137.0053,35.1399],[137.006,35.1392],[137.0054,35.1384],[137.007,35.1383],[137.0076,35.138],[137.01,35.139],[137.0099,35.1375],[137.01,35.1368],[137.0108,35.1373],[137.0127,35.1381],[137.0136,35.1382],[137.0143,35.1379],[137.0152,35.1378],[137.0157,35.1375],[137.0165,35.1385],[137.0165,35.1391],[137.0174,35.1391],[137.0173,35.1384],[137.017,35.1381],[137.0165,35.1381],[137.0161,35.1374],[137.0167,35.137],[137.017,35.1364],[137.0179,35.1364],[137.0181,35.1373],[137.0196,35.1384],[137.0208,35.139],[137.0211,35.139],[137.0226,35.1396],[137.0233,35.1398],[137.023,35.1408],[137.023,35.1414],[137.0222,35.1429],[137.0214,35.1436],[137.0203,35.1429],[137.0199,35.1433],[137.0204,35.1436],[137.0212,35.1445],[137.0214,35.1452],[137.0214,35.1455],[137.0208,35.1458],[137.0208,35.1463],[137.0184,35.147],[137.0186,35.1478],[137.0195,35.1484],[137.0204,35.1484],[137.0208,35.1486],[137.0214,35.1495],[137.0216,35.1504],[137.0222,35.1511],[137.0222,35.1517],[137.0221,35.1532],[137.0224,35.1537],[137.0233,35.1542],[137.024,35.1543],[137.0254,35.1547],[137.0259,35.1549],[137.0262,35.1555],[137.027,35.1562],[137.0264,35.1568],[137.0257,35.1573],[137.0251,35.1581],[137.0251,35.159],[137.0249,35.1594],[137.0247,35.1604],[137.0244,35.1607],[137.024,35.1621],[137.0242,35.1627],[137.023,35.1627],[137.0229,35.1632],[137.0247,35.165],[137.025,35.1655],[137.0264,35.1669],[137.0275,35.1687],[137.0275,35.1693],[137.0267,35.17],[137.0262,35.17],[137.0255,35.1703],[137.0255,35.1712],[137.0249,35.1715],[137.0248,35.1719],[137.0253,35.1727],[137.0251,35.1732],[137.0244,35.1731],[137.0243,35.1736],[137.024,35.1738],[137.0234,35.1735],[137.0225,35.1736],[137.0221,35.1741],[137.0226,35.1746],[137.0227,35.1752],[137.0246,35.1753],[137.026,35.1753],[137.0263,35.1761],[137.0261,35.1769],[137.0265,35.1776],[137.0265,35.1788],[137.0268,35.1794],[137.0262,35.181],[137.0256,35.1816],[137.0259,35.182],[137.0256,35.1826],[137.0262,35.1834],[137.0262,35.1841],[137.0258,35.1851],[137.0247,35.1861],[137.0238,35.1864],[137.0229,35.1868],[137.0221,35.1871],[137.0208,35.1873],[137.0184,35.188],[137.0179,35.1883],[137.0194,35.1899],[137.02,35.1907],[137.018,35.1911],[137.0168,35.1912],[137.0137,35.1904],[137.0124,35.1905],[137.0111,35.1907],[137.0101,35.1907],[137.0094,35.1906],[137.0083,35.1901],[137.008,35.1902],[137.0075,35.192],[137.0073,35.1924],[137.0047,35.1924],[137.0016,35.192],[137.0014,35.1923],[137.0006,35.1943],[136.9996,35.1944],[136.9986,35.1949],[136.998,35.1953],[136.997,35.195],[136.9961,35.1944],[136.9957,35.1943],[136.9945,35.1961],[136.9942,35.1962],[136.9931,35.1971],[136.9928,35.1975],[136.9915,35.1972],[136.9906,35.1969],[136.9898,35.1965],[136.9873,35.1949],[136.9852,35.1935],[136.9862,35.1923],[136.9867,35.1919],[136.9871,35.1909],[136.9869,35.1907],[136.9871,35.1901],[136.9872,35.189],[136.987,35.1845],[136.9849,35.1828],[136.9845,35.1818],[136.9844,35.1797],[136.9823,35.1796],[136.9817,35.1797],[136.9794,35.1797],[136.9779,35.1795],[136.9783,35.1787],[136.9786,35.1765],[136.9789,35.1756],[136.9803,35.1758],[136.9808,35.1757],[136.9817,35.1751],[136.9824,35.1744],[136.9831,35.1736],[136.9836,35.1724],[136.9845,35.171],[136.985,35.1701],[136.986,35.17],[136.9863,35.1695],[136.9878,35.1688],[136.9882,35.1691],[136.9887,35.1689],[136.9894,35.1692],[136.9902,35.1688],[136.992,35.1665],[136.992,35.165],[136.9922,35.1643],[136.9921,35.1637],[136.9917,35.1637],[136.9908,35.1646],[136.9902,35.1644],[136.9903,35.1632],[136.9903,35.1624],[136.9898,35.1613],[136.989,35.1614],[136.9886,35.1607],[136.989,35.1603],[136.9887,35.1601],[136.9886,35.1592],[136.9888,35.1589],[136.9884,35.1582],[136.9887,35.1573],[136.9882,35.1568],[136.9884,35.156],[136.988,35.1551],[136.9874,35.1547],[136.9874,35.1541],[136.9867,35.1538],[136.9853,35.153],[136.9858,35.1521],[136.9858,35.1512],[136.9852,35.1508],[136.9857,35.15],[136.9858,35.1493]]]},"properties":{"N03_001":"愛知県","N03_002":"","N03_003":"名古屋市","N03_004":"名東区","N03_007":"23115"}},
{"type":"Feature","geometry":{"type":"Polygon","coordinates":[[[136.9496,35.1112],[136.9493,35.1097],[136.9493,35.1057],[136.9489,35.1024],[136.9486,35.1007],[136.9482,35.0994],[136.9491,35.1004],[136.9511,35.1017],[136.9521,35.1021],[136.9531,35.1022],[136.9548,35.1018],[136.957,35.1007],[136.9603,35.1011],[136.9641,35.1015],[136.9653,35.1014],[136.9651,35.102],[136.9672,35.1023],[136.97,35.1024],[136.9718,35.1022],[136.9739,35.1022],[136.9739,35.1027],[136.9781,35.1026],[136.978,35.1036],[136.9822,35.1038],[136.9828,35.104],[136.9844,35.1044],[136.9859,35.106],[136.9871,35.1063],[136.9885,35.1081],[136.9893,35.1082],[136.99,35.1089],[136.99,35.1093],[136.9907,35.1091],[136.9914,35.1079],[136.9927,35.107],[136.9922,35.1066],[136.9933,35.1059],[136.9937,35.1057],[136.9949,35.1059],[136.9957,35.1062],[136.9962,35.1061],[136.9968,35.1055],[136.9976,35.1057],[136.9985,35.1052],[136.9991,35.1045],[136.9995,35.1032],[137,35.1032],[137.0005,35.1029],[137.0007,35.1013],[137.0018,35.1014],[137.003,35.102],[137.0035,35.1025],[137.0046,35.1029],[137.0055,35.1038],[137.0061,35.1037],[137.0063,35.1042],[137.0085,35.1049],[137.0095,35.1058],[137.0113,35.1066],[137.0122,35.1072],[137.0129,35.1074],[137.0139,35.1074],[137.0151,35.1078],[137.0167,35.1092],[137.0178,35.1083],[137.0185,35.1087],[137.0182,35.1089],[137.0181,35.1093],[137.0188,35.1096],[137.0194,35.1094],[137.02,35.1096],[137.0197,35.1103],[137.019,35.1112],[137.0188,35.1122],[137.0182,35.1126],[137.017,35.1127],[137.0168,35.1136],[137.0161,35.1145],[137.0153,35.1153],[137.0145,35.117],[137.0136,35.1179],[137.0132,35.1182],[137.0116,35.1195],[137.0106,35.1206],[137.0103,35.1213],[137.0099,35.1219],[137.009,35.1227],[137.0083,35.1238],[137.0077,35.1243],[137.0066,35.1252],[137.0064,35.1256],[137.0055,35.126],[137.0044,35.1275],[137.0041,35.1279],[137.0033,35.1284],[137.0018,35.129],[137.0007,35.1295],[137.0001,35.13],[137.0007,35.1305],[137.0023,35.1305],[137.0032,35.1307],[137.0046,35.1312],[137.006,35.1312],[137.0066,35.1307],[137.0077,35.1309],[137.0082,35.1312],[137.0082,35.133],[137.0083,35.1337],[137.008,35.1338],[137.0079,35.1345],[137.007,35.1358],[137.007,35.1365],[137.0079,35.1367],[137.0093,35.1363],[137.01,35.1368],[137.0099,35.1375],[137.01,35.139],[137.0076,35.138],[137.007,35.1383],[137.0054,35.1384],[137.006,35.1392],[137.0053,35.1399],[137.004,35.1402],[137.0025,35.1411],[137.0016,35.142],[137.0007,35.1434],[137.0005,35.1453],[136.9995,35.1454],[136.9995,35.1457],[136.9987,35.1457],[136.9986,35.1453],[136.9967,35.1454],[136.9967,35.145],[136.9942,35.145],[136.9927,35.1458],[136.9922,35.1459],[136.9922,35.1464],[136.9904,35.1477],[136.9896,35.1474],[136.9891,35.1474],[136.9883,35.1482],[136.9871,35.1483],[136.9866,35.1488],[136.9858,35.1493],[136.9845,35.1495],[136.9832,35.1489],[136.9816,35.1492],[136.981,35.1496],[136.9808,35.1499],[136.9806,35.1512],[136.9807,35.1521],[136.9804,35.1527],[136.9796,35.1519],[136.9784,35.1516],[136.9776,35.151],[136.9774,35.1502],[136.9774,35.1489],[136.9756,35.1482],[136.9746,35.1487],[136.9743,35.1488],[136.9729,35.1484],[136.9725,35.1482],[136.9726,35.1476],[136.9725,35.145],[136.9728,35.1438],[136.9728,35.1432],[136.9722,35.1433],[136.9723,35.1418],[136.9719,35.1416],[136.9705,35.1411],[136.9697,35.141],[136.9691,35.1406],[136.9674,35.14],[136.9676,35.1395],[136.9683,35.1387],[136.9674,35.1375],[136.967,35.1366],[136.9667,35.1357],[136.9662,35.1356],[136.9652,35.1359],[136.9642,35.1365],[136.9637,35.1362],[136.9617,35.1362],[136.9608,35.1356],[136.9602,35.1344],[136.9597,35.1326],[136.9587,35.1311],[136.959,35.1294],[136.9599,35.1269],[136.9604,35.1262],[136.9606,35.1253],[136.9612,35.1239],[136.9617,35.1209],[136.9619,35.1199],[136.962,35.1181],[136.9622,35.1167],[136.9619,35.1157],[136.9614,35.1149],[136.9606,35.1143],[136.9587,35.1135],[136.9569,35.1131],[136.9553,35.1131],[136.9524,35.1126],[136.9514,35.1123],[136.9501,35.1117],[136.9496,35.1112]]]},"properties":{"N03_001":"愛知県","N03_002":"","N03_003":"名古屋市","N03_004":"天白区","N03_007":"23116"}},
{"type":"Feature","geometry":{"type":"Polygon","coordinates":[[[137.3414,34.6475],[137.3455,34.6485],[137.3458,34.6485],[137.3472,34.6488],[137.349,34.6491],[137.3495,34.6493],[137.3505,34.6494],[137.3511,34.6497],[137.3527,34.6499],[137.353,34.6501],[137.3541,34.6502],[137.3552,34.6505],[137.3563,34.6506],[137.3567,34.6508],[137.3574,34.6508],[137.3583,34.6512],[137.3595,34.6514],[137.36,34.6516],[137.361,34.6517],[137.3633,34.6524],[137.3642,34.6527],[137.3648,34.6528],[137.3685,34.6533],[137.3694,34.6534],[137.3733,34.6543],[137.3741,34.6546],[137.3753,34.6548],[137.376,34.6548],[137.3775,34.6552],[137.3789,34.6555],[137.3801,34.6558],[137.3825,34.6563],[137.383,34.6564],[137.3857,34.657],[137.3872,34.6571],[137.3902,34.6575],[137.3919,34.658],[137.3935,34.6581],[137.3954,34.6586],[137.397,34.6589],[137.3991,34.6594],[137.4006,34.6596],[137.4027,34.6602],[137.4041,34.6605],[137.4049,34.6605],[137.4078,34.6611],[137.4098,34.6614],[137.4139,34.6622],[137.4155,34.6624],[137.418,34.663],[137.4201,34.6633],[137.4219,34.6638],[137.423,34.664],[137.426,34.6647],[137.4283,34.6651],[137.4286,34.6652],[137.4322,34.666],[137.4333,34.6661],[137.4354,34.6667],[137.4395,34.6673],[137.4402,34.6676],[137.4427,34.6679],[137.4447,34.6681],[137.4469,34.6685],[137.4485,34.6687],[137.451,34.6692],[137.4543,34.6697],[137.4581,34.6702],[137.4637,34.6711],[137.4667,34.6715],[137.4674,34.6715],[137.4693,34.6719],[137.4716,34.6722],[137.4738,34.6726],[137.476,34.6729],[137.4772,34.6729],[137.4793,34.6733],[137.4804,34.6734],[137.4822,34.6737],[137.485,34.6741],[137.485,34.6745],[137.4845,34.6767],[137.4849,34.6776],[137.4854,34.678],[137.4854,34.6783],[137.4859,34.6796],[137.4853,34.682],[137.485,34.6827],[137.4846,34.6838],[137.4859,34.6845],[137.4857,34.6854],[137.4861,34.6855],[137.4863,34.6859],[137.4875,34.6868],[137.4881,34.6873],[137.4893,34.6889],[137.4889,34.6894],[137.4898,34.6929],[137.49,34.6938],[137.4907,34.6949],[137.4903,34.6961],[137.4905,34.6977],[137.4908,34.6983],[137.4915,34.7014],[137.4918,34.7025],[137.4914,34.7033],[137.4904,34.7045],[137.4899,34.7056],[137.4896,34.7078],[137.4895,34.7093],[137.4897,34.711],[137.4895,34.7117],[137.4887,34.7126],[137.4885,34.7146],[137.4878,34.7164],[137.4873,34.7171],[137.4864,34.7178],[137.4858,34.718],[137.4845,34.7189],[137.4826,34.7199],[137.4821,34.7206],[137.4819,34.7213],[137.4825,34.7227],[137.4822,34.7238],[137.4823,34.726],[137.4821,34.7262],[137.4807,34.7265],[137.4804,34.729],[137.4803,34.7294],[137.481,34.7301],[137.4806,34.7307],[137.4814,34.731],[137.481,34.7316],[137.4813,34.7319],[137.4808,34.7323],[137.4804,34.7324],[137.4791,34.7335],[137.4786,34.7341],[137.4782,34.7355],[137.4783,34.7358],[137.4795,34.7364],[137.4793,34.7399],[137.4803,34.7403],[137.4806,34.7406],[137.4801,34.7414],[137.4793,34.7422],[137.4794,34.7428],[137.4791,34.7435],[137.478,34.7455],[137.4766,34.746],[137.4761,34.7463],[137.4756,34.7473],[137.4756,34.7482],[137.4752,34.7484],[137.4746,34.7491],[137.4741,34.7499],[137.4753,34.7512],[137.4752,34.7522],[137.4749,34.7538],[137.4748,34.7545],[137.475,34.7552],[137.4764,34.7562],[137.4774,34.7567],[137.4772,34.7577],[137.4768,34.7585],[137.477,34.7593],[137.4775,34.76],[137.4771,34.763],[137.4771,34.7648],[137.4768,34.7678],[137.4771,34.7686],[137.479,34.7713],[137.4789,34.7716],[137.4774,34.7733],[137.4767,34.7744],[137.4767,34.7748],[137.4777,34.7756],[137.4779,34.7767],[137.4789,34.779],[137.4795,34.7794],[137.4803,34.7802],[137.4812,34.7809],[137.482,34.7823],[137.4838,34.7828],[137.4859,34.7836],[137.4874,34.7838],[137.4886,34.784],[137.4901,34.7846],[137.4912,34.7852],[137.4917,34.7856],[137.4922,34.7863],[137.4929,34.7869],[137.4928,34.7889],[137.493,34.7897],[137.4929,34.791],[137.492,34.792],[137.4919,34.7949],[137.4916,34.7956],[137.4917,34.7958],[137.4929,34.7969],[137.4932,34.7974],[137.4933,34.7986],[137.4939,34.8002],[137.4942,34.801],[137.4944,34.8018],[137.4941,34.8028],[137.4937,34.8035],[137.4922,34.8046],[137.4916,34.8048],[137.4902,34.8058],[137.4895,34.8066],[137.489,34.8075],[137.4878,34.8087],[137.4874,34.8092],[137.4872,34.8106],[137.4869,34.8112],[137.487,34.8117],[137.4876,34.8123],[137.4889,34.8132],[137.4896,34.8135],[137.4912,34.8138],[137.4926,34.8144],[137.4932,34.8148],[137.4936,34.8153],[137.4943,34.8177],[137.4944,34.8183],[137.495,34.8194],[137.4973,34.8207],[137.5001,34.8217],[137.5008,34.8222],[137.5017,34.8234],[137.5006,34.8243],[137.5003,34.8253],[137.4993,34.8259],[137.4989,34.8268],[137.4971,34.8269],[137.4967,34.8271],[137.4955,34.8274],[137.495,34.8276],[137.4945,34.8282],[137.4937,34.8289],[137.4928,34.8298],[137.4919,34.8302],[137.4912,34.8301],[137.49,34.8304],[137.4893,34.8303],[137.488,34.831],[137.4888,34.8327],[137.4888,34.8331],[137.4884,34.8336],[137.4875,34.8352],[137.4872,34.8367],[137.4876,34.8374],[137.4877,34.8378],[137.4875,34.8384],[137.4878,34.8391],[137.4872,34.8403],[137.4874,34.8413],[137.4873,34.8428],[137.4872,34.8431],[137.4862,34.8448],[137.4855,34.8451],[137.4843,34.8459],[137.4839,34.8464],[137.4835,34.8471],[137.4832,34.8473],[137.4817,34.8471],[137.4799,34.8478],[137.4793,34.8482],[137.4792,34.8486],[137.4794,34.8495],[137.4795,34.8509],[137.4799,34.8517],[137.4804,34.8536],[137.4812,34.8552],[137.4816,34.8557],[137.4815,34.8569],[137.481,34.8571],[137.4794,34.8573],[137.4784,34.8577],[137.4783,34.8581],[137.4781,34.8596],[137.4774,34.8601],[137.4765,34.8604],[137.475,34.8606],[137.4741,34.8605],[137.4727,34.8609],[137.472,34.8613],[137.4702,34.8611],[137.4691,34.861],[137.4681,34.8612],[137.466,34.8606],[137.4647,34.8604],[137.4637,34.8599],[137.4629,34.8593],[137.4613,34.8587],[137.4613,34.8586],[137.4613,34.8584],[137.4613,34.8583],[137.4613,34.8582],[137.4613,34.8581],[137.4613,34.8579],[137.4614,34.8578],[137.4614,34.8577],[137.4614,34.8575],[137.4614,34.8574],[137.4613,34.8574],[137.4613,34.8573],[137.4612,34.8571],[137.4612,34.857],[137.4611,34.8568],[137.4611,34.8567],[137.461,34.8566],[137.4609,34.8565],[137.4608,34.8564],[137.4607,34.8563],[137.4607,34.8562],[137.4606,34.8561],[137.4605,34.856],[137.4605,34.8559],[137.4604,34.8558],[137.4604,34.8557],[137.4604,34.8556],[137.4604,34.8555],[137.4605,34.8553],[137.4605,34.8552],[137.4606,34.855],[137.4607,34.8549],[137.4607,34.8548],[137.4608,34.8547],[137.4608,34.8545],[137.4608,34.8544],[137.4608,34.8542],[137.4608,34.8541],[137.4608,34.854],[137.4608,34.8539],[137.4608,34.8538],[137.4607,34.8536],[137.4607,34.8535],[137.4607,34.8534],[137.4607,34.8533],[137.4606,34.8532],[137.4606,34.8531],[137.4605,34.853],[137.4605,34.8528],[137.4604,34.8527],[137.4603,34.8525],[137.4602,34.8525],[137.4601,34.8523],[137.46,34.8522],[137.4599,34.852],[137.4598,34.852],[137.4598,34.8519],[137.4597,34.8518],[137.4596,34.8517],[137.4595,34.8516],[137.4594,34.8514],[137.4593,34.8513],[137.4592,34.8513],[137.4592,34.8512],[137.4591,34.8511],[137.459,34.8511],[137.459,34.851],[137.4589,34.8509],[137.4588,34.8508],[137.4586,34.8507],[137.4585,34.8506],[137.4584,34.8505],[137.4583,34.8505],[137.4579,34.8501],[137.4578,34.85],[137.4577,34.85],[137.4576,34.8499],[137.4576,34.8498],[137.4575,34.8497],[137.4574,34.8495],[137.4573,34.8495],[137.4573,34.8494],[137.4572,34.8494],[137.4572,34.8493],[137.4571,34.8492],[137.457,34.8491],[137.457,34.849],[137.4569,34.8488],[137.4568,34.8487],[137.4568,34.8486],[137.4567,34.8485],[137.4567,34.8483],[137.4566,34.8483],[137.4564,34.8482],[137.4562,34.848],[137.4561,34.8479],[137.4561,34.8478],[137.456,34.8478],[137.456,34.8477],[137.4559,34.8477],[137.4558,34.8476],[137.4557,34.8476],[137.4556,34.8475],[137.4555,34.8474],[137.4553,34.8473],[137.4552,34.8472],[137.4551,34.8472],[137.4549,34.8471],[137.4548,34.8471],[137.4547,34.847],[137.4546,34.847],[137.4544,34.8469],[137.4542,34.8469],[137.454,34.8468],[137.4539,34.8468],[137.4538,34.8468],[137.4537,34.8467],[137.4536,34.8467],[137.4534,34.8467],[137.4533,34.8466],[137.4531,34.8466],[137.4529,34.8465],[137.4528,34.8465],[137.4526,34.8464],[137.4525,34.8464],[137.4523,34.8464],[137.4521,34.8463],[137.4519,34.8463],[137.4518,34.8462],[137.4517,34.8462],[137.4516,34.8462],[137.4515,34.8462],[137.4514,34.8461],[137.4513,34.8461],[137.4512,34.8461],[137.4511,34.8461],[137.4509,34.8461],[137.4508,34.8461],[137.4506,34.8461],[137.4505,34.8461],[137.4504,34.8461],[137.4503,34.846],[137.4502,34.846],[137.4501,34.8459],[137.45,34.8459],[137.4499,34.8458],[137.4498,34.8457],[137.4496,34.8456],[137.4496,34.8455],[137.4495,34.8455],[137.4494,34.8454],[137.4493,34.8454],[137.4492,34.8453],[137.4491,34.8453],[137.449,34.8452],[137.4489,34.8452],[137.4487,34.8451],[137.4486,34.845],[137.4485,34.845],[137.4484,34.8449],[137.4483,34.8449],[137.4482,34.8448],[137.4481,34.8448],[137.448,34.8448],[137.4478,34.8447],[137.4477,34.8447],[137.4475,34.8446],[137.4474,34.8446],[137.4472,34.8445],[137.4471,34.8445],[137.4469,34.8445],[137.4467,34.8444],[137.4466,34.8444],[137.4464,34.8443],[137.4462,34.8443],[137.4461,34.8443],[137.4454,34.8445],[137.4453,34.8446],[137.4452,34.8447],[137.4451,34.8447],[137.445,34.8448],[137.4448,34.8449],[137.4446,34.845],[137.4445,34.845],[137.4444,34.8451],[137.4443,34.8451],[137.4442,34.8452],[137.444,34.8452],[137.4439,34.8453],[137.4438,34.8453],[137.4435,34.8454],[137.4433,34.8454],[137.4432,34.8455],[137.4431,34.8455],[137.443,34.8455],[137.4428,34.8456],[137.4427,34.8456],[137.4426,34.8456],[137.4425,34.8457],[137.4423,34.8458],[137.4422,34.8458],[137.4421,34.8458],[137.442,34.8459],[137.4419,34.8459],[137.4418,34.846],[137.4417,34.846],[137.4416,34.846],[137.4415,34.8461],[137.4413,34.8462],[137.4411,34.8463],[137.441,34.8464],[137.4409,34.8464],[137.4408,34.8464],[137.4408,34.8465],[137.4407,34.8465],[137.4407,34.8466],[137.4406,34.8466],[137.4406,34.8467],[137.4404,34.8469],[137.4403,34.8471],[137.4398,34.8472],[137.4397,34.8472],[137.4396,34.8472],[137.4395,34.8472],[137.4394,34.8472],[137.4392,34.8472],[137.439,34.8473],[137.4389,34.8473],[137.4388,34.8473],[137.4386,34.8474],[137.4385,34.8474],[137.4384,34.8474],[137.4383,34.8474],[137.4383,34.8472],[137.4383,34.8471],[137.4382,34.8469],[137.4382,34.8468],[137.4382,34.8467],[137.4382,34.8466],[137.4381,34.8465],[137.4381,34.8463],[137.438,34.8462],[137.438,34.8461],[137.4379,34.846],[137.4379,34.8459],[137.4378,34.8458],[137.4378,34.8457],[137.4377,34.8456],[137.4377,34.8455],[137.4376,34.8454],[137.4375,34.8452],[137.4374,34.8451],[137.4374,34.845],[137.4373,34.845],[137.4372,34.8449],[137.4372,34.8448],[137.4371,34.8448],[137.437,34.8447],[137.4369,34.8446],[137.4367,34.8445],[137.4366,34.8444],[137.4365,34.8444],[137.4365,34.8443],[137.4364,34.8443],[137.4363,34.8442],[137.4362,34.8442],[137.4361,34.8441],[137.436,34.8441],[137.4358,34.844],[137.4357,34.8439],[137.4356,34.8439],[137.4355,34.8438],[137.4354,34.8438],[137.4353,34.8438],[137.4352,34.8437],[137.4351,34.8437],[137.435,34.8437],[137.4349,34.8436],[137.4347,34.8436],[137.4346,34.8435],[137.4344,34.8434],[137.4343,34.8434],[137.4342,34.8434],[137.434,34.8433],[137.4339,34.8433],[137.4338,34.8432],[137.4336,34.8432],[137.4335,34.8431],[137.4334,34.8431],[137.4333,34.8431],[137.4332,34.8431],[137.4331,34.843],[137.433,34.843],[137.4329,34.843],[137.4328,34.843],[137.4326,34.843],[137.4325,34.8429],[137.4324,34.8429],[137.4323,34.8429],[137.4322,34.8429],[137.432,34.8429],[137.4319,34.8429],[137.4318,34.8429],[137.4316,34.8429],[137.4314,34.8429],[137.4312,34.8429],[137.4311,34.8429],[137.431,34.8429],[137.4309,34.8429],[137.4308,34.8429],[137.4307,34.843],[137.4306,34.843],[137.4305,34.843],[137.4304,34.843],[137.4302,34.8431],[137.4301,34.8431],[137.43,34.8432],[137.4299,34.8432],[137.4298,34.8433],[137.4297,34.8433],[137.4296,34.8434],[137.4295,34.8434],[137.4293,34.8434],[137.4292,34.8434],[137.429,34.8434],[137.4289,34.8434],[137.4288,34.8434],[137.4287,34.8434],[137.4285,34.8434],[137.4284,34.8433],[137.4282,34.8433],[137.4281,34.8433],[137.4279,34.8433],[137.4277,34.8432],[137.4275,34.8432],[137.4274,34.8432],[137.4273,34.8432],[137.4272,34.8432],[137.427,34.8431],[137.4269,34.8431],[137.4267,34.8431],[137.4265,34.8431],[137.4264,34.843],[137.4262,34.843],[137.426,34.8429],[137.4259,34.8429],[137.4257,34.8429],[137.4255,34.8428],[137.4254,34.8428],[137.4253,34.8427],[137.4252,34.8427],[137.4251,34.8427],[137.425,34.8426],[137.4249,34.8426],[137.4248,34.8425],[137.4247,34.8424],[137.4245,34.8423],[137.4244,34.8423],[137.4243,34.8422],[137.4242,34.8421],[137.4241,34.842],[137.424,34.8419],[137.4239,34.8418],[137.4238,34.8417],[137.4237,34.8416],[137.4236,34.8414],[137.4235,34.8414],[137.4235,34.8413],[137.4234,34.8412],[137.4234,34.8411],[137.4233,34.841],[137.4233,34.8409],[137.4232,34.8408],[137.4231,34.8406],[137.4231,34.8405],[137.423,34.8404],[137.423,34.8403],[137.423,34.8402],[137.4229,34.8401],[137.4229,34.8399],[137.4229,34.8398],[137.4229,34.8396],[137.4229,34.8393],[137.4229,34.8391],[137.4229,34.839],[137.4229,34.8389],[137.423,34.8388],[137.423,34.8387],[137.423,34.8386],[137.4231,34.8385],[137.4232,34.8384],[137.4232,34.8383],[137.4233,34.8381],[137.4234,34.838],[137.4235,34.8379],[137.4235,34.8377],[137.4236,34.8377],[137.4236,34.8376],[137.4237,34.8375],[137.4238,34.8374],[137.4238,34.8372],[137.4239,34.8371],[137.4239,34.837],[137.424,34.8369],[137.4241,34.8368],[137.4241,34.8367],[137.4242,34.8366],[137.4243,34.8365],[137.4243,34.8363],[137.4244,34.8362],[137.4245,34.8359],[137.4246,34.8357],[137.4247,34.8356],[137.4247,34.8355],[137.4248,34.8353],[137.4249,34.8352],[137.425,34.8351],[137.4251,34.835],[137.4252,34.8349],[137.4252,34.8348],[137.4253,34.8347],[137.4254,34.8346],[137.4255,34.8345],[137.4255,34.8344],[137.4256,34.8342],[137.4257,34.8342],[137.4258,34.8341],[137.4259,34.834],[137.426,34.8339],[137.4261,34.8337],[137.4262,34.8335],[137.4263,34.8334],[137.4263,34.8333],[137.4264,34.8331],[137.4265,34.8329],[137.4266,34.8328],[137.4267,34.8327],[137.4267,34.8326],[137.4268,34.8325],[137.4268,34.8323],[137.4269,34.8322],[137.4269,34.8321],[137.427,34.832],[137.427,34.8318],[137.4271,34.8317],[137.4271,34.8315],[137.4272,34.8314],[137.4272,34.8313],[137.4273,34.8313],[137.4273,34.8311],[137.4274,34.831],[137.4274,34.8309],[137.4275,34.8308],[137.4275,34.8306],[137.4276,34.8305],[137.4277,34.8304],[137.4277,34.8303],[137.4278,34.8301],[137.4279,34.8301],[137.4279,34.83],[137.428,34.8298],[137.4281,34.8296],[137.4282,34.8295],[137.4283,34.8293],[137.4283,34.8292],[137.4284,34.8292],[137.4285,34.829],[137.4286,34.8289],[137.4286,34.8288],[137.4287,34.8287],[137.4288,34.8285],[137.4289,34.8285],[137.4289,34.8284],[137.429,34.8282],[137.4291,34.8282],[137.4292,34.828],[137.4293,34.8278],[137.4294,34.8277],[137.4294,34.8276],[137.4295,34.8274],[137.4295,34.8272],[137.4296,34.8271],[137.4296,34.8269],[137.4296,34.8268],[137.4296,34.8266],[137.4297,34.8264],[137.4297,34.8263],[137.4298,34.8261],[137.4298,34.826],[137.4299,34.826],[137.43,34.8258],[137.43,34.8256],[137.4301,34.8255],[137.4302,34.8253],[137.4303,34.8252],[137.4305,34.825],[137.4306,34.8249],[137.4307,34.8249],[137.4308,34.825],[137.4309,34.8251],[137.431,34.8251],[137.4311,34.8253],[137.4312,34.8253],[137.4313,34.8254],[137.4314,34.8254],[137.4315,34.8256],[137.4316,34.8256],[137.4316,34.8257],[137.4317,34.8257],[137.4317,34.8258],[137.4318,34.8259],[137.4319,34.8259],[137.432,34.826],[137.4321,34.8261],[137.4322,34.8262],[137.4323,34.8263],[137.4325,34.8264],[137.4326,34.8265],[137.4328,34.8265],[137.433,34.8266],[137.4331,34.8267],[137.4333,34.8267],[137.4338,34.8269],[137.4339,34.8269],[137.4341,34.827],[137.4342,34.827],[137.4344,34.8271],[137.4345,34.8271],[137.4346,34.8272],[137.4347,34.8272],[137.4348,34.8273],[137.435,34.8273],[137.4351,34.8274],[137.4352,34.8275],[137.4354,34.8276],[137.4355,34.8277],[137.4356,34.8277],[137.4357,34.8277],[137.4358,34.8277],[137.4362,34.8277],[137.4365,34.8277],[137.4366,34.8277],[137.4367,34.8277],[137.4369,34.8277],[137.437,34.8277],[137.4372,34.8277],[137.4373,34.8277],[137.4374,34.8276],[137.4375,34.8275],[137.4378,34.8274],[137.438,34.8273],[137.4381,34.8272],[137.4382,34.8271],[137.4383,34.827],[137.4385,34.8268],[137.4386,34.8267],[137.4388,34.8266],[137.4389,34.8266],[137.439,34.8265],[137.4391,34.8265],[137.4391,34.8264],[137.4393,34.8263],[137.4395,34.8262],[137.4397,34.8261],[137.4398,34.826],[137.44,34.8259],[137.4401,34.8259],[137.4402,34.8258],[137.4403,34.8257],[137.4405,34.8256],[137.4406,34.8256],[137.4407,34.8255],[137.4407,34.8254],[137.4408,34.8253],[137.4409,34.8253],[137.441,34.8253],[137.4411,34.8253],[137.4411,34.8252],[137.4412,34.8252],[137.4414,34.8251],[137.4415,34.8251],[137.4417,34.825],[137.4418,34.825],[137.4419,34.8249],[137.4421,34.8248],[137.4423,34.8247],[137.4424,34.8246],[137.4425,34.8245],[137.4428,34.8244],[137.4427,34.8243],[137.4426,34.8243],[137.4425,34.8241],[137.4423,34.8237],[137.4422,34.8235],[137.4421,34.8234],[137.442,34.8233],[137.4418,34.8231],[137.4417,34.823],[137.4417,34.8229],[137.4416,34.8229],[137.4415,34.8228],[137.4415,34.8227],[137.4414,34.8227],[137.4413,34.8227],[137.4412,34.8226],[137.4411,34.8226],[137.4409,34.8225],[137.4408,34.8225],[137.4407,34.8225],[137.4406,34.8225],[137.4405,34.8225],[137.4404,34.8226],[137.4403,34.8226],[137.4402,34.8227],[137.44,34.8227],[137.4399,34.8226],[137.4398,34.8226],[137.4397,34.8225],[137.4397,34.8224],[137.4397,34.8223],[137.4398,34.8223],[137.4398,34.8222],[137.4399,34.8221],[137.4401,34.822],[137.44,34.822],[137.4399,34.822],[137.4398,34.822],[137.4397,34.822],[137.4396,34.822],[137.4395,34.8219],[137.4394,34.8218],[137.4393,34.8217],[137.4394,34.8216],[137.4394,34.8215],[137.4393,34.8214],[137.4392,34.8213],[137.4391,34.8213],[137.439,34.8212],[137.4388,34.8212],[137.4387,34.8211],[137.4386,34.8211],[137.4385,34.8211],[137.4384,34.8211],[137.4384,34.821],[137.4384,34.8209],[137.4385,34.8208],[137.4384,34.8207],[137.4385,34.8206],[137.4385,34.8204],[137.4386,34.8202],[137.4386,34.8201],[137.4386,34.82],[137.4387,34.8198],[137.4388,34.8197],[137.4389,34.8196],[137.439,34.8195],[137.4391,34.8193],[137.4392,34.8192],[137.4393,34.819],[137.4396,34.8188],[137.4397,34.8186],[137.4398,34.8185],[137.4399,34.8183],[137.44,34.8183],[137.44,34.8182],[137.4391,34.8179],[137.4389,34.8178],[137.4388,34.8178],[137.4387,34.8177],[137.4386,34.8175],[137.4387,34.8173],[137.4387,34.8172],[137.4388,34.8169],[137.4388,34.8167],[137.4388,34.8165],[137.4389,34.8163],[137.4389,34.8161],[137.4388,34.816],[137.4388,34.8158],[137.4387,34.8158],[137.4387,34.8157],[137.4386,34.8156],[137.4385,34.8155],[137.4384,34.8155],[137.4384,34.8156],[137.4383,34.8156],[137.4383,34.8157],[137.4383,34.8158],[137.4382,34.8158],[137.4382,34.8159],[137.4377,34.816],[137.4376,34.816],[137.4375,34.816],[137.4374,34.816],[137.4373,34.816],[137.4372,34.8159],[137.4371,34.8159],[137.4369,34.8158],[137.4368,34.8157],[137.4366,34.8157],[137.4365,34.8156],[137.4362,34.8154],[137.4361,34.8154],[137.436,34.8153],[137.4358,34.8152],[137.4357,34.8152],[137.4356,34.8153],[137.4356,34.8154],[137.4356,34.8155],[137.4355,34.8155],[137.4354,34.8155],[137.4353,34.8155],[137.4352,34.8155],[137.435,34.8155],[137.4349,34.8155],[137.4347,34.8156],[137.4345,34.8156],[137.4344,34.8156],[137.4342,34.8156],[137.4341,34.8156],[137.434,34.8156],[137.4339,34.8156],[137.4337,34.8156],[137.4336,34.8156],[137.4334,34.8156],[137.4333,34.8156],[137.4332,34.8156],[137.4331,34.8156],[137.433,34.8156],[137.433,34.8155],[137.433,34.8153],[137.433,34.8152],[137.433,34.815],[137.433,34.8149],[137.433,34.8147],[137.4329,34.8146],[137.4329,34.8144],[137.4329,34.8143],[137.4328,34.8141],[137.4328,34.8139],[137.4328,34.8138],[137.4329,34.8136],[137.4329,34.8135],[137.4329,34.8134],[137.433,34.8134],[137.433,34.8132],[137.433,34.813],[137.433,34.8129],[137.4329,34.8127],[137.433,34.8125],[137.4329,34.8122],[137.4329,34.8121],[137.4329,34.8119],[137.4329,34.8118],[137.4328,34.8117],[137.4327,34.8115],[137.4326,34.8113],[137.4325,34.8112],[137.4324,34.8111],[137.4323,34.8109],[137.4323,34.8108],[137.4322,34.8107],[137.4321,34.8106],[137.432,34.8105],[137.4319,34.8104],[137.4318,34.8102],[137.4317,34.8101],[137.4316,34.81],[137.4316,34.8099],[137.4315,34.8098],[137.4314,34.8097],[137.4313,34.8096],[137.4312,34.8095],[137.4311,34.8095],[137.431,34.8094],[137.4308,34.8093],[137.4307,34.8093],[137.4306,34.8092],[137.4305,34.8092],[137.4304,34.8092],[137.4303,34.8092],[137.4302,34.8092],[137.4301,34.8092],[137.43,34.8092],[137.43,34.8093],[137.4299,34.8094],[137.4298,34.8095],[137.4296,34.8096],[137.4295,34.8097],[137.4294,34.8097],[137.4293,34.8098],[137.429,34.8098],[137.4289,34.8098],[137.4287,34.8098],[137.4284,34.8099],[137.4283,34.8099],[137.4281,34.8099],[137.4278,34.81],[137.4277,34.81],[137.4276,34.81],[137.4275,34.81],[137.4274,34.8101],[137.4271,34.8101],[137.4269,34.8101],[137.4268,34.8102],[137.4266,34.8102],[137.4264,34.8102],[137.4263,34.8103],[137.4261,34.8103],[137.4259,34.8103],[137.4257,34.8104],[137.4255,34.8104],[137.4253,34.8104],[137.4252,34.8105],[137.4251,34.8105],[137.425,34.8105],[137.4249,34.8105],[137.4248,34.8105],[137.4246,34.8105],[137.4244,34.8105],[137.4242,34.8106],[137.424,34.8106],[137.4238,34.8106],[137.4236,34.8106],[137.4234,34.8106],[137.4232,34.8107],[137.423,34.8107],[137.4228,34.8107],[137.4227,34.8107],[137.4225,34.8107],[137.4224,34.8107],[137.4222,34.8108],[137.4221,34.8108],[137.4219,34.8108],[137.4217,34.8108],[137.4216,34.8108],[137.4214,34.8108],[137.4213,34.8108],[137.4211,34.8108],[137.421,34.8108],[137.4209,34.8108],[137.4207,34.8108],[137.4206,34.8107],[137.4203,34.8106],[137.4202,34.8106],[137.42,34.8105],[137.4199,34.8104],[137.4197,34.8104],[137.4196,34.8102],[137.4194,34.8101],[137.4193,34.8099],[137.4192,34.8099],[137.419,34.8097],[137.4189,34.8096],[137.4188,34.8094],[137.4187,34.8094],[137.4186,34.8093],[137.4185,34.8092],[137.4184,34.8091],[137.4183,34.809],[137.4182,34.809],[137.4181,34.8089],[137.4179,34.8088],[137.4178,34.8087],[137.4177,34.8087],[137.4176,34.8087],[137.4175,34.8086],[137.4173,34.8085],[137.4172,34.8084],[137.417,34.8084],[137.4169,34.8083],[137.4168,34.8083],[137.4167,34.8082],[137.4165,34.8081],[137.4163,34.808],[137.4161,34.808],[137.416,34.8079],[137.4157,34.8078],[137.4156,34.8078],[137.4154,34.8077],[137.4153,34.8077],[137.4152,34.8076],[137.4151,34.8076],[137.415,34.8075],[137.4148,34.8075],[137.4146,34.8074],[137.4144,34.8073],[137.4143,34.8073],[137.4142,34.8072],[137.414,34.8071],[137.4139,34.8071],[137.4137,34.807],[137.4135,34.8069],[137.4133,34.8068],[137.4132,34.8068],[137.4131,34.8067],[137.4129,34.8066],[137.4127,34.8065],[137.4125,34.8064],[137.4123,34.8064],[137.4121,34.8063],[137.412,34.8062],[137.4119,34.8062],[137.4117,34.8061],[137.4116,34.8061],[137.4114,34.8061],[137.4112,34.806],[137.4111,34.806],[137.411,34.806],[137.4108,34.8059],[137.4106,34.8059],[137.4102,34.8058],[137.41,34.8057],[137.4098,34.8057],[137.4097,34.8056],[137.4095,34.8056],[137.4093,34.8055],[137.4092,34.8055],[137.409,34.8055],[137.4089,34.8054],[137.4086,34.8054],[137.4085,34.8053],[137.4083,34.8053],[137.4082,34.8053],[137.408,34.8052],[137.4078,34.8052],[137.4076,34.8051],[137.4074,34.8051],[137.4072,34.805],[137.407,34.805],[137.4069,34.8049],[137.4067,34.8049],[137.4065,34.8048],[137.4063,34.8048],[137.4061,34.8047],[137.406,34.8047],[137.4058,34.8046],[137.4057,34.8046],[137.4055,34.8046],[137.4051,34.8044],[137.4049,34.8044],[137.4048,34.8043],[137.4047,34.8043],[137.4046,34.8043],[137.4045,34.8042],[137.4044,34.8042],[137.4043,34.8041],[137.4041,34.804],[137.404,34.8039],[137.4039,34.8038],[137.4038,34.8038],[137.4038,34.8037],[137.4037,34.8036],[137.4036,34.8035],[137.4035,34.8034],[137.4034,34.8032],[137.4033,34.8031],[137.4033,34.8029],[137.4032,34.8028],[137.4031,34.8027],[137.403,34.8024],[137.403,34.8023],[137.4029,34.8021],[137.4028,34.802],[137.4028,34.8019],[137.4028,34.8017],[137.4028,34.8016],[137.4028,34.8014],[137.4028,34.8013],[137.4028,34.8011],[137.4028,34.801],[137.4028,34.8009],[137.4028,34.8008],[137.4029,34.8007],[137.4029,34.8006],[137.403,34.8004],[137.403,34.8002],[137.4031,34.8],[137.4031,34.7999],[137.4032,34.7997],[137.4033,34.7995],[137.4033,34.7993],[137.4034,34.7992],[137.4035,34.7991],[137.4036,34.7989],[137.4036,34.7987],[137.4037,34.7986],[137.4039,34.7983],[137.4039,34.7982],[137.404,34.7981],[137.4041,34.7979],[137.4042,34.7977],[137.4043,34.7976],[137.4044,34.7975],[137.4045,34.7974],[137.4046,34.7972],[137.4048,34.7971],[137.4048,34.797],[137.405,34.7969],[137.4052,34.7967],[137.4053,34.7966],[137.4054,34.7964],[137.4056,34.7963],[137.4058,34.7962],[137.4059,34.796],[137.406,34.7959],[137.4062,34.7958],[137.4063,34.7957],[137.4064,34.7955],[137.4065,34.7954],[137.4067,34.7953],[137.4068,34.7951],[137.4069,34.795],[137.4071,34.7948],[137.4072,34.7947],[137.4073,34.7946],[137.4074,34.7944],[137.4075,34.7942],[137.4076,34.7941],[137.4077,34.794],[137.4078,34.7938],[137.408,34.7936],[137.4082,34.7933],[137.4082,34.7932],[137.4083,34.7931],[137.4084,34.793],[137.4085,34.7929],[137.4085,34.7927],[137.4086,34.7926],[137.4087,34.7924],[137.4088,34.7923],[137.4088,34.7921],[137.4089,34.7919],[137.409,34.7917],[137.4091,34.7914],[137.4091,34.7912],[137.4092,34.7911],[137.4092,34.7909],[137.4093,34.7907],[137.4093,34.7906],[137.4092,34.7906],[137.4091,34.7906],[137.4089,34.7906],[137.4088,34.7906],[137.4086,34.7907],[137.4085,34.7907],[137.4083,34.7907],[137.4082,34.7907],[137.4082,34.7908],[137.4082,34.7909],[137.4082,34.791],[137.4083,34.791],[137.4083,34.7911],[137.4084,34.7913],[137.4085,34.7913],[137.4085,34.7914],[137.4084,34.7917],[137.4083,34.7918],[137.4082,34.7917],[137.4081,34.7917],[137.408,34.7916],[137.4078,34.7916],[137.4078,34.7917],[137.4077,34.7917],[137.4077,34.7919],[137.4078,34.792],[137.4077,34.7921],[137.4076,34.7921],[137.4075,34.7921],[137.4075,34.792],[137.4074,34.792],[137.4073,34.7921],[137.4072,34.7922],[137.4074,34.7924],[137.4075,34.7925],[137.4076,34.7926],[137.4076,34.7927],[137.4076,34.7928],[137.4075,34.7929],[137.4074,34.793],[137.4072,34.7932],[137.4071,34.7933],[137.407,34.7934],[137.4068,34.7934],[137.4066,34.7933],[137.4064,34.7933],[137.4062,34.7933],[137.4061,34.7933],[137.4059,34.7933],[137.4057,34.7932],[137.4055,34.7932],[137.4053,34.7932],[137.4052,34.7932],[137.405,34.7932],[137.4049,34.7932],[137.4047,34.7932],[137.4046,34.7934],[137.4046,34.7935],[137.4045,34.7936],[137.4044,34.7937],[137.4044,34.7938],[137.4043,34.7939],[137.4043,34.794],[137.4042,34.794],[137.4041,34.7941],[137.4041,34.7942],[137.4041,34.7943],[137.404,34.7944],[137.404,34.7945],[137.4039,34.7946],[137.4038,34.7947],[137.4038,34.7948],[137.4036,34.7949],[137.4036,34.795],[137.4036,34.7951],[137.4035,34.7953],[137.4034,34.7955],[137.4033,34.7957],[137.4032,34.7959],[137.4031,34.7959],[137.403,34.7961],[137.4029,34.7963],[137.4029,34.7964],[137.4028,34.7965],[137.4027,34.7967],[137.4027,34.7968],[137.4026,34.797],[137.4025,34.7971],[137.4025,34.7972],[137.4024,34.7973],[137.4024,34.7974],[137.4024,34.7975],[137.4023,34.7976],[137.4022,34.7976],[137.402,34.7976],[137.4019,34.7976],[137.4017,34.7976],[137.4015,34.7976],[137.4013,34.7977],[137.4012,34.7977],[137.4009,34.7977],[137.4007,34.7977],[137.4003,34.7977],[137.4001,34.7977],[137.4,34.7977],[137.3999,34.7977],[137.3997,34.7976],[137.3995,34.7975],[137.3994,34.7974],[137.3993,34.7974],[137.3992,34.7974],[137.3991,34.7973],[137.3991,34.7972],[137.399,34.7971],[137.3989,34.797],[137.3988,34.7969],[137.3987,34.7967],[137.3985,34.7966],[137.3984,34.7966],[137.3983,34.7965],[137.3981,34.7964],[137.398,34.7964],[137.3979,34.7964],[137.3978,34.7965],[137.3977,34.7965],[137.3975,34.7967],[137.3972,34.7968],[137.3969,34.7968],[137.3968,34.7968],[137.3966,34.7968],[137.3964,34.7968],[137.3963,34.7968],[137.3962,34.7968],[137.396,34.7968],[137.396,34.797],[137.396,34.7971],[137.3959,34.7971],[137.3958,34.7971],[137.3958,34.797],[137.3958,34.7967],[137.3957,34.7967],[137.3956,34.7967],[137.3956,34.7969],[137.3955,34.797],[137.3955,34.7971],[137.3954,34.7971],[137.3954,34.7969],[137.3954,34.7967],[137.3953,34.7967],[137.3952,34.7967],[137.3951,34.7967],[137.395,34.7967],[137.3948,34.7967],[137.3948,34.7969],[137.3948,34.797],[137.3947,34.797],[137.3946,34.797],[137.3945,34.797],[137.3944,34.797],[137.3943,34.797],[137.3942,34.797],[137.3941,34.797],[137.3939,34.797],[137.3938,34.797],[137.3938,34.7969],[137.3938,34.7968],[137.3937,34.7968],[137.3936,34.7968],[137.3935,34.7968],[137.3935,34.7969],[137.3934,34.7971],[137.3934,34.7972],[137.3934,34.7974],[137.3935,34.7974],[137.3936,34.7974],[137.3936,34.7975],[137.3936,34.7976],[137.3936,34.7977],[137.3936,34.7979],[137.3935,34.798],[137.3934,34.798],[137.3932,34.798],[137.393,34.798],[137.3929,34.798],[137.3928,34.798],[137.3927,34.798],[137.3925,34.798],[137.3923,34.798],[137.3921,34.798],[137.3919,34.798],[137.3917,34.798],[137.3916,34.798],[137.3914,34.798],[137.3914,34.7979],[137.3914,34.7978],[137.3914,34.7977],[137.3914,34.7976],[137.3912,34.7975],[137.3911,34.7975],[137.391,34.7977],[137.391,34.7978],[137.391,34.7979],[137.3909,34.7979],[137.3908,34.798],[137.3908,34.7982],[137.3908,34.7983],[137.3907,34.7984],[137.3907,34.7985],[137.3906,34.7987],[137.3906,34.7988],[137.3905,34.7988],[137.3904,34.7988],[137.3902,34.7987],[137.39,34.7987],[137.3898,34.7986],[137.3897,34.7986],[137.3895,34.7985],[137.3893,34.7985],[137.3892,34.7984],[137.3891,34.7985],[137.3891,34.7986],[137.389,34.7987],[137.3887,34.7989],[137.3886,34.7989],[137.3885,34.799],[137.3883,34.7991],[137.3882,34.799],[137.3881,34.799],[137.388,34.7991],[137.3879,34.7992],[137.3879,34.7993],[137.3878,34.7993],[137.3876,34.7996],[137.3876,34.7997],[137.3874,34.7998],[137.3873,34.7999],[137.3873,34.8],[137.3872,34.8],[137.3871,34.8001],[137.387,34.8003],[137.3869,34.8004],[137.3868,34.8005],[137.3866,34.8008],[137.3865,34.8007],[137.3863,34.8006],[137.3862,34.8005],[137.386,34.8004],[137.3859,34.8004],[137.3859,34.8003],[137.3858,34.8003],[137.3857,34.8003],[137.3856,34.8003],[137.3855,34.8003],[137.3854,34.8002],[137.3853,34.8001],[137.3852,34.8],[137.3851,34.8],[137.3849,34.7999],[137.3848,34.7998],[137.3847,34.7998],[137.3847,34.7997],[137.3845,34.7996],[137.3844,34.7996],[137.3843,34.7995],[137.3841,34.7994],[137.384,34.7993],[137.3839,34.7993],[137.3838,34.7992],[137.3837,34.7991],[137.3836,34.7991],[137.3835,34.799],[137.3833,34.7989],[137.3832,34.7988],[137.383,34.7987],[137.3829,34.7986],[137.3828,34.7985],[137.3826,34.7984],[137.3825,34.7983],[137.3823,34.7982],[137.3821,34.7981],[137.3822,34.798],[137.3823,34.7979],[137.3822,34.7979],[137.3821,34.7978],[137.382,34.7977],[137.3819,34.7977],[137.3818,34.7978],[137.3817,34.7979],[137.3816,34.7977],[137.3814,34.7976],[137.3812,34.7975],[137.381,34.7974],[137.3808,34.7972],[137.381,34.7971],[137.3812,34.7969],[137.3814,34.7967],[137.3806,34.7961],[137.3807,34.796],[137.3807,34.7959],[137.3808,34.7958],[137.3808,34.7957],[137.3809,34.7957],[137.3809,34.7956],[137.3809,34.7954],[137.381,34.7952],[137.3808,34.7951],[137.3807,34.795],[137.3806,34.795],[137.3805,34.7949],[137.3804,34.7948],[137.3802,34.7947],[137.3801,34.7946],[137.3798,34.7944],[137.3797,34.7943],[137.3795,34.7942],[137.3794,34.7941],[137.3792,34.794],[137.3791,34.7939],[137.379,34.7939],[137.3789,34.7938],[137.3788,34.7938],[137.3787,34.7937],[137.3786,34.7936],[137.3785,34.7935],[137.3783,34.7934],[137.3782,34.7933],[137.3781,34.7932],[137.378,34.7931],[137.3779,34.7931],[137.3778,34.7931],[137.3777,34.793],[137.3776,34.7929],[137.3773,34.7928],[137.3772,34.7927],[137.3771,34.7926],[137.377,34.7925],[137.3769,34.7924],[137.3767,34.7923],[137.3766,34.7922],[137.3764,34.7922],[137.3763,34.7922],[137.3762,34.7922],[137.3761,34.7921],[137.376,34.7921],[137.376,34.792],[137.3759,34.792],[137.3758,34.7919],[137.3757,34.7918],[137.3755,34.7918],[137.3752,34.7917],[137.3751,34.7917],[137.375,34.7917],[137.3749,34.7917],[137.3748,34.7917],[137.3747,34.7916],[137.3746,34.7915],[137.3745,34.7915],[137.3743,34.7914],[137.3741,34.7913],[137.374,34.7913],[137.3739,34.7913],[137.3738,34.7914],[137.3737,34.7914],[137.3736,34.7914],[137.3735,34.7913],[137.3735,34.7912],[137.3734,34.7912],[137.3733,34.7911],[137.3731,34.7911],[137.373,34.7911],[137.3724,34.791],[137.3722,34.791],[137.3721,34.7909],[137.372,34.7909],[137.3719,34.7909],[137.3718,34.7909],[137.3718,34.7908],[137.3717,34.7908],[137.3716,34.7907],[137.3715,34.7907],[137.3715,34.7906],[137.3713,34.7906],[137.3711,34.7906],[137.371,34.7907],[137.3709,34.7907],[137.3708,34.7906],[137.3707,34.7906],[137.3706,34.7905],[137.3705,34.7904],[137.3703,34.7903],[137.3703,34.7904],[137.3701,34.7905],[137.37,34.7906],[137.37,34.7907],[137.3699,34.7907],[137.3699,34.7908],[137.3698,34.7908],[137.3697,34.7908],[137.3696,34.7908],[137.3695,34.7907],[137.3691,34.7906],[137.369,34.7906],[137.3688,34.7906],[137.3687,34.7906],[137.3686,34.7906],[137.3683,34.7905],[137.3682,34.7905],[137.368,34.7904],[137.3679,34.7904],[137.3678,34.7904],[137.3678,34.7905],[137.3677,34.7905],[137.3676,34.7906],[137.3675,34.7906],[137.3674,34.7906],[137.3673,34.7906],[137.3671,34.7905],[137.3669,34.7904],[137.3667,34.7903],[137.3665,34.7902],[137.3663,34.7899],[137.3662,34.7898],[137.366,34.7896],[137.3659,34.7895],[137.3657,34.7895],[137.3656,34.7894],[137.3654,34.7894],[137.3653,34.7895],[137.3651,34.7898],[137.3649,34.79],[137.3648,34.7902],[137.3647,34.7904],[137.3646,34.7905],[137.3645,34.7906],[137.3644,34.7907],[137.3645,34.7907],[137.3647,34.7908],[137.3648,34.7909],[137.3647,34.791],[137.3647,34.7911],[137.3649,34.7911],[137.365,34.7912],[137.365,34.7913],[137.365,34.7914],[137.3649,34.7915],[137.3647,34.7916],[137.3646,34.7916],[137.3644,34.7916],[137.3643,34.7916],[137.364,34.7916],[137.3639,34.7916],[137.3637,34.7916],[137.3637,34.7915],[137.3636,34.7914],[137.3635,34.7912],[137.3634,34.7911],[137.3633,34.7909],[137.3631,34.7908],[137.3629,34.7907],[137.3627,34.7905],[137.3622,34.7903],[137.362,34.7902],[137.3618,34.7901],[137.3616,34.79],[137.3615,34.79],[137.3612,34.7899],[137.361,34.7898],[137.3608,34.7897],[137.3607,34.7897],[137.3601,34.7894],[137.36,34.7893],[137.3598,34.7893],[137.3596,34.7893],[137.3592,34.7892],[137.3589,34.7892],[137.3587,34.7892],[137.3585,34.7892],[137.3583,34.7892],[137.3581,34.7892],[137.3579,34.7891],[137.3577,34.789],[137.3575,34.7889],[137.3574,34.7887],[137.3573,34.7886],[137.3572,34.7884],[137.3571,34.7883],[137.357,34.7883],[137.3569,34.7882],[137.3567,34.7881],[137.3565,34.788],[137.3564,34.788],[137.3559,34.7878],[137.3556,34.7876],[137.3555,34.7875],[137.3552,34.7874],[137.3547,34.7871],[137.3545,34.787],[137.3544,34.787],[137.3542,34.7869],[137.3542,34.7868],[137.3537,34.7866],[137.3535,34.7865],[137.3533,34.7864],[137.3531,34.7863],[137.3528,34.7861],[137.3526,34.786],[137.3525,34.786],[137.3523,34.7859],[137.3521,34.7858],[137.3518,34.7856],[137.3516,34.7855],[137.3514,34.7854],[137.3512,34.7853],[137.3507,34.785],[137.3505,34.7849],[137.3503,34.7849],[137.3502,34.7848],[137.35,34.7847],[137.3497,34.7845],[137.3495,34.7844],[137.3493,34.7843],[137.3491,34.7843],[137.3489,34.7842],[137.3488,34.7842],[137.3486,34.7842],[137.3484,34.7843],[137.3483,34.7843],[137.3482,34.7844],[137.3481,34.7844],[137.348,34.7844],[137.3479,34.7844],[137.3478,34.7845],[137.3474,34.7845],[137.3472,34.7846],[137.3471,34.7846],[137.3468,34.7846],[137.347,34.7848],[137.3471,34.7848],[137.3471,34.7849],[137.3473,34.7851],[137.3475,34.7852],[137.3477,34.7853],[137.3478,34.7854],[137.3482,34.7855],[137.3485,34.7857],[137.3491,34.786],[137.3493,34.7861],[137.3497,34.7863],[137.3497,34.7864],[137.3496,34.787],[137.3493,34.7874],[137.3492,34.7875],[137.3492,34.7876],[137.3493,34.7877],[137.3493,34.7878],[137.3494,34.788],[137.3495,34.7883],[137.3495,34.7885],[137.3495,34.7887],[137.3495,34.7888],[137.3495,34.7889],[137.3495,34.789],[137.3495,34.7892],[137.3495,34.7893],[137.3493,34.7898],[137.3493,34.79],[137.3493,34.7901],[137.3493,34.7904],[137.3494,34.7906],[137.3495,34.7907],[137.3496,34.7909],[137.3497,34.791],[137.3497,34.7911],[137.35,34.7914],[137.3501,34.7916],[137.3502,34.7917],[137.3503,34.7918],[137.3504,34.792],[137.3506,34.7924],[137.3507,34.7924],[137.3507,34.7926],[137.3507,34.7927],[137.3508,34.7928],[137.3508,34.793],[137.3509,34.7932],[137.3509,34.7933],[137.351,34.7933],[137.3511,34.7934],[137.3512,34.7935],[137.3512,34.7936],[137.3513,34.7936],[137.3513,34.7937],[137.3512,34.7937],[137.3511,34.7936],[137.351,34.7935],[137.3508,34.7934],[137.3507,34.7934],[137.3506,34.7933],[137.3502,34.7931],[137.35,34.793],[137.3499,34.793],[137.3497,34.7929],[137.3495,34.7928],[137.3493,34.7927],[137.349,34.7925],[137.3488,34.7924],[137.3487,34.7922],[137.3485,34.7921],[137.3484,34.792],[137.3483,34.7919],[137.3482,34.7917],[137.3482,34.7916],[137.3481,34.7914],[137.3479,34.7913],[137.3477,34.7912],[137.3475,34.791],[137.3474,34.7909],[137.3473,34.7909],[137.3469,34.7906],[137.3467,34.7904],[137.3464,34.7902],[137.3462,34.7901],[137.3461,34.7901],[137.346,34.79],[137.3459,34.7899],[137.3458,34.7899],[137.3456,34.7898],[137.3453,34.7897],[137.3451,34.7896],[137.3449,34.7896],[137.3447,34.7896],[137.3445,34.7896],[137.3442,34.7895],[137.3441,34.7895],[137.3439,34.7894],[137.3437,34.7894],[137.3436,34.7894],[137.3435,34.7893],[137.3433,34.7893],[137.343,34.7892],[137.3427,34.7891],[137.3426,34.7891],[137.3424,34.789],[137.3422,34.7888],[137.3422,34.7887],[137.3421,34.7884],[137.3421,34.7882],[137.3421,34.7881],[137.3421,34.7879],[137.3422,34.7877],[137.3421,34.7876],[137.3421,34.7875],[137.3419,34.7873],[137.3418,34.7872],[137.3418,34.787],[137.3418,34.7868],[137.3417,34.7866],[137.3415,34.7865],[137.3413,34.7864],[137.3411,34.7864],[137.3407,34.7863],[137.3402,34.7863],[137.34,34.7864],[137.3397,34.7864],[137.3396,34.7864],[137.3393,34.7864],[137.3392,34.7864],[137.3391,34.7864],[137.3391,34.7865],[137.339,34.7866],[137.3389,34.7866],[137.3388,34.7866],[137.3385,34.7867],[137.3383,34.7867],[137.3382,34.7867],[137.3381,34.7868],[137.338,34.7868],[137.3379,34.7868],[137.3377,34.7869],[137.3377,34.787],[137.3376,34.7871],[137.3375,34.7872],[137.3374,34.7875],[137.3373,34.7877],[137.3372,34.7878],[137.3371,34.788],[137.337,34.7881],[137.3369,34.7883],[137.3367,34.7887],[137.3365,34.7888],[137.3362,34.7888],[137.3359,34.7888],[137.3356,34.7889],[137.3353,34.7889],[137.3351,34.7889],[137.3349,34.7889],[137.3346,34.7889],[137.3341,34.789],[137.334,34.789],[137.3339,34.789],[137.3338,34.789],[137.3337,34.7891],[137.3336,34.7891],[137.3334,34.7894],[137.3333,34.7897],[137.3332,34.7899],[137.3331,34.79],[137.3328,34.79],[137.3327,34.79],[137.3323,34.79],[137.3321,34.7899],[137.3319,34.7899],[137.3315,34.7898],[137.3312,34.7897],[137.3311,34.7897],[137.3309,34.7897],[137.3307,34.7896],[137.3306,34.7896],[137.3304,34.7897],[137.3302,34.7897],[137.3301,34.7897],[137.33,34.7898],[137.33,34.79],[137.3301,34.7902],[137.3301,34.7904],[137.3302,34.7907],[137.3303,34.7909],[137.3303,34.791],[137.3304,34.7912],[137.3305,34.7913],[137.3307,34.7916],[137.3308,34.7917],[137.3308,34.7918],[137.331,34.7919],[137.3311,34.792],[137.3313,34.7922],[137.3315,34.7924],[137.3317,34.7926],[137.3317,34.7927],[137.3318,34.7928],[137.3319,34.793],[137.3319,34.7931],[137.332,34.7934],[137.3321,34.7937],[137.3322,34.7938],[137.3322,34.794],[137.3322,34.7941],[137.3323,34.7944],[137.3322,34.7944],[137.3321,34.7944],[137.332,34.7944],[137.3319,34.7944],[137.3318,34.7944],[137.3318,34.7943],[137.3317,34.7943],[137.3315,34.7942],[137.3313,34.7942],[137.3312,34.7942],[137.3311,34.7943],[137.331,34.7944],[137.3309,34.7946],[137.3308,34.7947],[137.3308,34.7949],[137.3308,34.7951],[137.3308,34.7953],[137.3308,34.7954],[137.3308,34.7955],[137.3308,34.7957],[137.331,34.796],[137.3313,34.7965],[137.3314,34.7967],[137.3314,34.7969],[137.3314,34.797],[137.3314,34.7971],[137.3314,34.7972],[137.3313,34.7973],[137.3312,34.7973],[137.3311,34.7973],[137.331,34.7973],[137.3309,34.7973],[137.3307,34.7972],[137.3305,34.7971],[137.3303,34.7969],[137.3302,34.7968],[137.33,34.7968],[137.3298,34.7967],[137.3295,34.7966],[137.3294,34.7966],[137.3292,34.7966],[137.329,34.7964],[137.3289,34.7963],[137.3285,34.7959],[137.3283,34.7958],[137.3282,34.7957],[137.328,34.7955],[137.3276,34.7952],[137.3275,34.7951],[137.3273,34.795],[137.3271,34.7948],[137.3267,34.7945],[137.3265,34.7943],[137.3263,34.7941],[137.3259,34.7937],[137.3258,34.7937],[137.3256,34.7935],[137.3255,34.7934],[137.325,34.793],[137.3249,34.7928],[137.3247,34.7926],[137.3246,34.7923],[137.3245,34.7923],[137.3244,34.7921],[137.3244,34.792],[137.3243,34.7919],[137.3244,34.7918],[137.3244,34.7917],[137.3244,34.7914],[137.3244,34.7912],[137.3244,34.791],[137.3244,34.7909],[137.3245,34.7907],[137.3245,34.7905],[137.3245,34.7903],[137.3244,34.7901],[137.3244,34.79],[137.3242,34.7898],[137.3242,34.7897],[137.3241,34.7896],[137.324,34.7893],[137.3239,34.7892],[137.3237,34.789],[137.3234,34.7886],[137.3229,34.7878],[137.3227,34.7874],[137.3218,34.7878],[137.321,34.7882],[137.3208,34.7883],[137.3201,34.7885],[137.3199,34.7886],[137.3198,34.7886],[137.3198,34.7887],[137.3195,34.7887],[137.3192,34.7888],[137.319,34.7888],[137.3188,34.7888],[137.3186,34.7888],[137.3184,34.7888],[137.318,34.7888],[137.3177,34.7888],[137.3175,34.7888],[137.3173,34.7887],[137.3171,34.7887],[137.3168,34.7886],[137.3167,34.7886],[137.3163,34.7885],[137.3159,34.7884],[137.3155,34.7884],[137.3151,34.7883],[137.3148,34.7882],[137.3147,34.7882],[137.3148,34.788],[137.3148,34.7878],[137.3149,34.7877],[137.3141,34.7875],[137.3142,34.7875],[137.3142,34.7874],[137.3143,34.7869],[137.3145,34.7865],[137.3145,34.7864],[137.3138,34.7862],[137.3129,34.786],[137.3116,34.7857],[137.3106,34.7855],[137.3102,34.7854],[137.3091,34.7851],[137.3083,34.7849],[137.3077,34.7848],[137.307,34.7846],[137.3069,34.7846],[137.3067,34.7846],[137.3065,34.7845],[137.3085,34.7788],[137.3193,34.7805],[137.3203,34.7812],[137.3206,34.7815],[137.324,34.7843],[137.3253,34.7852],[137.3256,34.7855],[137.3279,34.7844],[137.3293,34.7827],[137.3293,34.7825],[137.3299,34.7813],[137.3299,34.7811],[137.331,34.7805],[137.3277,34.7748],[137.3275,34.7745],[137.3269,34.7745],[137.3268,34.7733],[137.3263,34.7728],[137.3259,34.772],[137.3257,34.771],[137.3249,34.7713],[137.3243,34.771],[137.3211,34.7713],[137.3207,34.7708],[137.3204,34.7693],[137.3204,34.768],[137.3208,34.7639],[137.3207,34.7635],[137.3209,34.7625],[137.3208,34.7552],[137.3207,34.7524],[137.3207,34.7489],[137.3206,34.7471],[137.3204,34.7466],[137.3206,34.7463],[137.3205,34.7419],[137.3204,34.7412],[137.3199,34.7408],[137.3204,34.7393],[137.3205,34.7386],[137.3205,34.7366],[137.3213,34.736],[137.3208,34.7347],[137.3203,34.7328],[137.329,34.7312],[137.3288,34.7304],[137.3388,34.7285],[137.3473,34.7321],[137.3484,34.7297],[137.3487,34.7294],[137.3518,34.7275],[137.3508,34.7265],[137.35,34.7267],[137.349,34.7264],[137.347,34.7274],[137.3442,34.7259],[137.3429,34.7273],[137.3384,34.7249],[137.3382,34.7211],[137.333,34.7212],[137.3329,34.719],[137.3318,34.719],[137.3313,34.7192],[137.3314,34.7212],[137.3297,34.7212],[137.3297,34.7236],[137.3305,34.7237],[137.331,34.724],[137.3297,34.7244],[137.3297,34.7247],[137.3176,34.7247],[137.317,34.725],[137.3133,34.725],[137.3132,34.7248],[137.3109,34.7248],[137.3104,34.7246],[137.3095,34.7246],[137.3094,34.725],[137.3083,34.725],[137.3086,34.7246],[137.3086,34.7205],[137.3084,34.7205],[137.3084,34.7169],[137.3085,34.7168],[137.3085,34.7142],[137.309,34.7143],[137.309,34.7124],[137.3084,34.712],[137.3085,34.7021],[137.309,34.7021],[137.3097,34.7009],[137.3118,34.7009],[137.3118,34.6996],[137.3158,34.6996],[137.3163,34.7001],[137.3199,34.7001],[137.3201,34.7003],[137.3201,34.702],[137.3203,34.7022],[137.3223,34.7022],[137.3223,34.7023],[137.3251,34.7024],[137.3251,34.7016],[137.3218,34.6951],[137.3228,34.6946],[137.323,34.6944],[137.3223,34.6938],[137.3194,34.695],[137.3187,34.6955],[137.3172,34.6955],[137.3169,34.6954],[137.3156,34.6952],[137.314,34.6957],[137.3116,34.6963],[137.3115,34.6963],[137.3091,34.6933],[137.3082,34.6921],[137.3083,34.6915],[137.3092,34.6915],[137.3108,34.6908],[137.3113,34.6905],[137.3125,34.69],[137.3145,34.6892],[137.3157,34.6888],[137.3158,34.6885],[137.3145,34.6878],[137.3132,34.6863],[137.3113,34.6833],[137.3111,34.6823],[137.3102,34.6822],[137.3087,34.6816],[137.3084,34.6813],[137.3074,34.6799],[137.3071,34.68],[137.307,34.6793],[137.3069,34.6791],[137.3069,34.6787],[137.3069,34.6786],[137.3069,34.6785],[137.3071,34.6785],[137.3072,34.6785],[137.3073,34.6785],[137.3075,34.6784],[137.3077,34.6782],[137.3083,34.6778],[137.3084,34.6777],[137.3085,34.6777],[137.3093,34.6772],[137.3095,34.6771],[137.3098,34.6769],[137.31,34.6767],[137.3101,34.6765],[137.3102,34.6764],[137.3103,34.6762],[137.3103,34.6758],[137.3104,34.6755],[137.3105,34.6754],[137.3105,34.6752],[137.3105,34.675],[137.3106,34.6747],[137.3106,34.6745],[137.3107,34.6743],[137.3107,34.6742],[137.3107,34.674],[137.3107,34.6739],[137.3106,34.6739],[137.3106,34.6738],[137.3106,34.6737],[137.3105,34.6736],[137.3103,34.6734],[137.3102,34.6733],[137.3096,34.6726],[137.3094,34.6724],[137.3092,34.6721],[137.3091,34.6719],[137.3089,34.6717],[137.3088,34.671],[137.3087,34.6707],[137.3084,34.6704],[137.3083,34.6703],[137.308,34.67],[137.3078,34.6696],[137.3077,34.6694],[137.3077,34.6693],[137.3077,34.6691],[137.3076,34.6689],[137.3075,34.6688],[137.3074,34.6687],[137.3072,34.6686],[137.3071,34.6684],[137.3069,34.6682],[137.3067,34.668],[137.3067,34.6679],[137.3066,34.6677],[137.3065,34.6675],[137.3064,34.6671],[137.3064,34.6669],[137.3064,34.6668],[137.3065,34.6667],[137.3066,34.6666],[137.3066,34.6665],[137.3066,34.6664],[137.3064,34.6663],[137.306,34.6661],[137.3058,34.666],[137.3057,34.6659],[137.3055,34.6658],[137.3056,34.6657],[137.3057,34.6656],[137.3058,34.6655],[137.3059,34.6654],[137.306,34.6652],[137.3062,34.665],[137.3064,34.6648],[137.3066,34.6646],[137.3067,34.6645],[137.307,34.6644],[137.3071,34.6644],[137.3073,34.6643],[137.3079,34.6643],[137.3081,34.6643],[137.3083,34.6642],[137.3084,34.6642],[137.3086,34.6642],[137.3088,34.6641],[137.3094,34.664],[137.3098,34.664],[137.3103,34.6639],[137.3106,34.6638],[137.3107,34.6638],[137.3109,34.6636],[137.3112,34.6635],[137.3113,34.6634],[137.3115,34.6633],[137.3117,34.6633],[137.3118,34.6632],[137.3119,34.6632],[137.3121,34.6632],[137.3123,34.6632],[137.3129,34.6633],[137.3131,34.6633],[137.3132,34.6633],[137.3134,34.6632],[137.3136,34.6631],[137.3141,34.6628],[137.3145,34.6626],[137.3146,34.6626],[137.3147,34.6625],[137.3148,34.6625],[137.3149,34.6625],[137.315,34.6624],[137.3152,34.6624],[137.3154,34.6625],[137.3157,34.6625],[137.3159,34.6625],[137.3165,34.6624],[137.3167,34.6624],[137.3168,34.6624],[137.317,34.6624],[137.3172,34.6623],[137.3176,34.6622],[137.3179,34.6621],[137.3182,34.662],[137.3187,34.6618],[137.3191,34.6617],[137.3192,34.6617],[137.3196,34.6617],[137.3197,34.6617],[137.3198,34.6617],[137.3199,34.6616],[137.3207,34.6615],[137.321,34.6615],[137.3213,34.6614],[137.3216,34.6614],[137.3218,34.6613],[137.322,34.6613],[137.3224,34.6611],[137.3228,34.661],[137.3233,34.6608],[137.3235,34.6607],[137.3237,34.6606],[137.3239,34.6606],[137.3242,34.6607],[137.3247,34.6608],[137.3249,34.6608],[137.325,34.6608],[137.3253,34.6609],[137.3256,34.6609],[137.3258,34.661],[137.326,34.6611],[137.3262,34.6613],[137.3264,34.6614],[137.3265,34.6614],[137.3266,34.6614],[137.3268,34.6614],[137.3269,34.6614],[137.327,34.6613],[137.3273,34.6612],[137.3279,34.661],[137.3281,34.6609],[137.3282,34.6608],[137.3284,34.6608],[137.3289,34.661],[137.3298,34.6613],[137.33,34.6613],[137.3301,34.6613],[137.3306,34.6614],[137.3313,34.6614],[137.3319,34.6614],[137.3329,34.6614],[137.3333,34.6615],[137.3337,34.6615],[137.3341,34.6615],[137.3344,34.6615],[137.3347,34.6616],[137.335,34.6618],[137.3352,34.6619],[137.3353,34.6619],[137.3355,34.6621],[137.3359,34.6623],[137.3362,34.6625],[137.3363,34.6626],[137.3366,34.6628],[137.3369,34.663],[137.3371,34.6633],[137.3372,34.6633],[137.3373,34.6633],[137.3374,34.6632],[137.3378,34.6628],[137.3382,34.6624],[137.3383,34.6622],[137.3384,34.6619],[137.3385,34.6618],[137.3388,34.6614],[137.3389,34.6612],[137.3391,34.6609],[137.3393,34.6602],[137.3393,34.6601],[137.3394,34.6597],[137.3394,34.6594],[137.3395,34.6592],[137.3395,34.659],[137.3395,34.6589],[137.3395,34.6588],[137.3394,34.6588],[137.3393,34.6588],[137.3394,34.6583],[137.3394,34.6582],[137.3395,34.6578],[137.3397,34.6571],[137.3397,34.657],[137.3397,34.6567],[137.3398,34.6565],[137.3398,34.6564],[137.3399,34.6561],[137.3399,34.6559],[137.34,34.6553],[137.3401,34.6549],[137.3402,34.6548],[137.3402,34.6546],[137.3404,34.6542],[137.3405,34.6539],[137.3406,34.6537],[137.3408,34.6535],[137.341,34.6534],[137.3412,34.6532],[137.3413,34.6531],[137.3415,34.6528],[137.3416,34.6525],[137.3417,34.6524],[137.3418,34.6523],[137.3418,34.6522],[137.3417,34.6521],[137.3415,34.652],[137.3414,34.6519],[137.3413,34.6518],[137.3412,34.6518],[137.3412,34.6517],[137.341,34.6515],[137.3409,34.6511],[137.3408,34.6508],[137.3407,34.6505],[137.3406,34.65],[137.3405,34.6499],[137.3404,34.6494],[137.3403,34.6491],[137.3403,34.649],[137.3405,34.6488],[137.3409,34.6482],[137.3414,34.6475]],[[137.3083,34.735],[137.3081,34.7351],[137.3081,34.7405],[137.3083,34.7404],[137.3115,34.7403],[137.3119,34.7414],[137.3119,34.7444],[137.312,34.7446],[137.3138,34.7446],[137.3142,34.7448],[137.3142,34.7485],[137.3143,34.7486],[137.3164,34.7485],[137.3192,34.7485],[137.319,34.7368],[137.3192,34.735],[137.3187,34.7331],[137.3083,34.735]]]},"properties":{"N03_001":"愛知県","N03_002":"","N03_003":"","N03_004":"豊橋市","N03_007":"23201"}},
{"type":"Feature","geometry":{"type":"Polygon","coordinates":[[[137.108,34.9041],[137.1098,34.9041],[137.1108,34.9035],[137.112,34.9034],[137.1121,34.9032],[137.1121,34.9023],[137.1131,34.902],[137.1127,34.9016],[137.1138,34.9005],[137.1148,34.9],[137.1145,34.8989],[137.1148,34.8989],[137.1146,34.8974],[137.114,34.8969],[137.1139,34.8965],[137.1129,34.8958],[137.1133,34.8953],[137.1128,34.895],[137.1138,34.8936],[137.1144,34.8938],[137.1145,34.893],[137.1145,34.8919],[137.1152,34.8908],[137.1149,34.8896],[137.1137,34.8885],[137.1128,34.8878],[137.1113,34.8875],[137.1105,34.887],[137.1096,34.8878],[137.1074,34.8862],[137.1063,34.8872],[137.1044,34.8858],[137.1033,34.8852],[137.1047,34.8841],[137.1052,34.8845],[137.1061,34.8836],[137.105,34.8833],[137.104,34.8817],[137.1028,34.8793],[137.1031,34.8789],[137.1064,34.8788],[137.1099,34.8788],[137.1105,34.879],[137.1152,34.8792],[137.116,34.8798],[137.1167,34.8802],[137.1173,34.8799],[137.1178,34.8806],[137.1184,34.8816],[137.1201,34.8833],[137.1232,34.885],[137.1245,34.8862],[137.1263,34.8882],[137.1268,34.8879],[137.1277,34.8887],[137.1274,34.889],[137.1286,34.8895],[137.1336,34.8903],[137.1352,34.8905],[137.1378,34.8905],[137.1391,34.8904],[137.1431,34.8895],[137.1451,34.8896],[137.1463,34.8894],[137.1479,34.8884],[137.1493,34.8879],[137.151,34.8875],[137.1536,34.8868],[137.1546,34.8868],[137.155,34.8884],[137.156,34.8896],[137.1565,34.8893],[137.1579,34.8889],[137.1582,34.8892],[137.1587,34.8907],[137.1595,34.8925],[137.1604,34.8934],[137.1594,34.8945],[137.1591,34.8952],[137.1595,34.8958],[137.1607,34.8964],[137.1613,34.8973],[137.1618,34.8987],[137.1619,34.9001],[137.1618,34.9004],[137.1633,34.9009],[137.1645,34.9013],[137.1657,34.902],[137.1662,34.9031],[137.1666,34.9038],[137.1673,34.9046],[137.1671,34.9057],[137.1677,34.9063],[137.1687,34.9065],[137.1703,34.9074],[137.1718,34.9072],[137.1724,34.9074],[137.173,34.908],[137.1743,34.9085],[137.1752,34.9086],[137.1758,34.9093],[137.177,34.9097],[137.1779,34.9096],[137.179,34.9096],[137.1795,34.9087],[137.18,34.9086],[137.181,34.9086],[137.1817,34.9085],[137.1825,34.908],[137.1833,34.9077],[137.1844,34.9083],[137.185,34.9083],[137.1862,34.9087],[137.1867,34.9088],[137.1871,34.9085],[137.1873,34.9079],[137.1876,34.9076],[137.1884,34.9076],[137.1887,34.9073],[137.1883,34.9062],[137.1884,34.9055],[137.1889,34.9057],[137.1901,34.9057],[137.1913,34.906],[137.192,34.9056],[137.1929,34.9054],[137.1932,34.9049],[137.1931,34.9039],[137.1939,34.903],[137.1945,34.9018],[137.1958,34.9009],[137.1966,34.9013],[137.1971,34.9013],[137.1978,34.9009],[137.1991,34.8994],[137.1993,34.8993],[137.2003,34.8995],[137.2031,34.899],[137.2039,34.8982],[137.2045,34.8973],[137.2051,34.8971],[137.2054,34.8968],[137.2054,34.8963],[137.2059,34.8958],[137.206,34.8952],[137.2067,34.8946],[137.2073,34.8942],[137.2075,34.8933],[137.2083,34.8924],[137.2076,34.8919],[137.2068,34.892],[137.2057,34.8923],[137.2048,34.8918],[137.2031,34.8914],[137.2024,34.8907],[137.2023,34.8889],[137.2033,34.8889],[137.2038,34.8883],[137.204,34.8878],[137.2038,34.8868],[137.2032,34.8861],[137.2028,34.886],[137.2025,34.8855],[137.2018,34.8851],[137.2011,34.885],[137.2007,34.8846],[137.2012,34.8837],[137.2017,34.8833],[137.2021,34.8827],[137.2028,34.8822],[137.2037,34.8807],[137.2049,34.88],[137.2056,34.8793],[137.2066,34.8791],[137.2073,34.8787],[137.2079,34.8786],[137.2094,34.8792],[137.2101,34.8784],[137.2108,34.8779],[137.2113,34.876],[137.2116,34.8755],[137.2114,34.8749],[137.2107,34.8739],[137.2105,34.8733],[137.2097,34.8721],[137.2098,34.8713],[137.2096,34.8707],[137.2102,34.8699],[137.2103,34.8693],[137.2106,34.8688],[137.2121,34.8676],[137.2126,34.8677],[137.2132,34.8681],[137.2143,34.8685],[137.2165,34.8691],[137.2171,34.8694],[137.219,34.8696],[137.2207,34.8695],[137.2216,34.8699],[137.2228,34.8698],[137.224,34.8702],[137.2248,34.8703],[137.2256,34.8701],[137.226,34.8698],[137.2268,34.8695],[137.2271,34.8688],[137.2278,34.8681],[137.2287,34.8676],[137.2297,34.8665],[137.2293,34.8659],[137.2294,34.8654],[137.2302,34.8655],[137.2302,34.8652],[137.2311,34.8651],[137.2314,34.8647],[137.2323,34.8646],[137.2328,34.8648],[137.2336,34.8662],[137.235,34.8664],[137.2355,34.8664],[137.2361,34.8661],[137.2369,34.8661],[137.2388,34.8668],[137.2399,34.8658],[137.2404,34.8655],[137.2414,34.8655],[137.2419,34.8653],[137.2426,34.8649],[137.2432,34.8639],[137.2445,34.8633],[137.2452,34.8628],[137.246,34.8633],[137.2471,34.8634],[137.2483,34.8628],[137.2498,34.8626],[137.2506,34.8627],[137.2517,34.8622],[137.2524,34.8622],[137.2529,34.8619],[137.2537,34.8612],[137.2548,34.8608],[137.2554,34.8604],[137.2563,34.861],[137.2564,34.861],[137.2565,34.8611],[137.2566,34.8611],[137.2567,34.8611],[137.2568,34.8611],[137.2568,34.8612],[137.2569,34.8612],[137.257,34.8613],[137.257,34.8614],[137.2569,34.8618],[137.257,34.862],[137.257,34.8621],[137.2571,34.8623],[137.2572,34.8624],[137.2572,34.8626],[137.2573,34.8627],[137.2574,34.8629],[137.2575,34.863],[137.2576,34.8631],[137.2576,34.8633],[137.2578,34.8635],[137.2579,34.8636],[137.2579,34.8637],[137.258,34.8639],[137.258,34.864],[137.2581,34.8643],[137.2581,34.8644],[137.2581,34.8646],[137.2581,34.8647],[137.258,34.8649],[137.2579,34.865],[137.2578,34.8652],[137.2576,34.8654],[137.2575,34.8655],[137.2575,34.8658],[137.2574,34.8659],[137.2573,34.866],[137.2572,34.8662],[137.2571,34.8663],[137.257,34.8665],[137.2569,34.8667],[137.2568,34.8668],[137.2567,34.8669],[137.2566,34.8672],[137.2565,34.8672],[137.2564,34.8673],[137.2564,34.8674],[137.2563,34.8675],[137.2562,34.8676],[137.2562,34.8677],[137.2562,34.8679],[137.2562,34.868],[137.2562,34.8687],[137.2561,34.8689],[137.2562,34.869],[137.2562,34.8691],[137.2562,34.8693],[137.2562,34.8694],[137.2562,34.8695],[137.2564,34.8696],[137.2566,34.8698],[137.2568,34.8698],[137.257,34.8699],[137.2571,34.8699],[137.2572,34.8699],[137.2573,34.87],[137.2575,34.8701],[137.2579,34.8704],[137.2583,34.8706],[137.2584,34.8707],[137.2585,34.8708],[137.2587,34.8709],[137.2587,34.8711],[137.2587,34.8713],[137.2588,34.8713],[137.2587,34.8714],[137.2587,34.8718],[137.2586,34.8719],[137.2586,34.872],[137.2587,34.8721],[137.2587,34.8722],[137.2589,34.8723],[137.259,34.8724],[137.2592,34.8726],[137.2593,34.8727],[137.2594,34.8728],[137.2597,34.8732],[137.2599,34.8733],[137.26,34.8735],[137.2601,34.8736],[137.2602,34.8737],[137.2603,34.8738],[137.2604,34.8738],[137.2605,34.8738],[137.2606,34.8739],[137.2608,34.874],[137.2612,34.8741],[137.2614,34.8741],[137.2615,34.8741],[137.2617,34.8742],[137.2621,34.8743],[137.2622,34.8744],[137.2623,34.8745],[137.2623,34.8747],[137.2624,34.8748],[137.2624,34.8749],[137.2625,34.875],[137.2626,34.8751],[137.2627,34.8752],[137.2627,34.8753],[137.2627,34.8754],[137.2627,34.8756],[137.2628,34.8763],[137.2628,34.8766],[137.2629,34.8771],[137.2628,34.8773],[137.2629,34.8775],[137.2629,34.8776],[137.2629,34.8777],[137.2628,34.8779],[137.2628,34.878],[137.2628,34.8781],[137.2629,34.8783],[137.2629,34.8784],[137.263,34.8785],[137.2631,34.8787],[137.2632,34.8788],[137.2633,34.879],[137.2634,34.8791],[137.2634,34.8793],[137.2635,34.8795],[137.2636,34.8797],[137.2636,34.8798],[137.2636,34.8799],[137.2635,34.8801],[137.2635,34.8803],[137.2634,34.8804],[137.2633,34.8806],[137.2632,34.8807],[137.2632,34.8808],[137.2632,34.8809],[137.2631,34.8811],[137.2631,34.8812],[137.2631,34.8814],[137.2631,34.8815],[137.2631,34.8816],[137.2631,34.8818],[137.2631,34.8819],[137.2633,34.882],[137.2636,34.8821],[137.2637,34.8821],[137.2638,34.8824],[137.264,34.8828],[137.2641,34.8828],[137.2642,34.8829],[137.2643,34.883],[137.2644,34.8832],[137.2646,34.8833],[137.2646,34.8834],[137.2647,34.8833],[137.2648,34.8832],[137.2649,34.8833],[137.265,34.8833],[137.2651,34.8833],[137.2651,34.8834],[137.2653,34.8836],[137.2654,34.8837],[137.2657,34.8839],[137.2659,34.8842],[137.2659,34.8843],[137.2661,34.8844],[137.2663,34.8845],[137.2666,34.8846],[137.2667,34.8846],[137.2668,34.8846],[137.2671,34.8846],[137.2673,34.8846],[137.2676,34.8847],[137.2678,34.8848],[137.268,34.8849],[137.2681,34.8851],[137.2682,34.8852],[137.2683,34.8853],[137.2684,34.8853],[137.2686,34.8853],[137.2688,34.8854],[137.269,34.8854],[137.2694,34.8854],[137.2696,34.8854],[137.2698,34.8854],[137.27,34.8853],[137.2702,34.8852],[137.2703,34.8852],[137.2705,34.885],[137.2707,34.8849],[137.2708,34.8848],[137.271,34.8848],[137.2713,34.8849],[137.2715,34.8849],[137.2719,34.885],[137.272,34.885],[137.2722,34.885],[137.2724,34.8849],[137.2726,34.8848],[137.2727,34.8848],[137.2728,34.8847],[137.2729,34.8847],[137.2731,34.8847],[137.2734,34.8847],[137.2736,34.8847],[137.2737,34.8847],[137.2738,34.8848],[137.274,34.8849],[137.2741,34.8849],[137.2742,34.885],[137.2744,34.885],[137.2745,34.885],[137.2745,34.8848],[137.2746,34.8847],[137.2746,34.8846],[137.2747,34.8845],[137.2747,34.8844],[137.2748,34.8843],[137.275,34.8843],[137.2751,34.8842],[137.2753,34.8841],[137.2754,34.884],[137.2755,34.8839],[137.2756,34.8837],[137.2757,34.8836],[137.2758,34.8835],[137.276,34.8833],[137.2762,34.883],[137.2763,34.8829],[137.2765,34.8826],[137.2766,34.8824],[137.2768,34.8823],[137.2769,34.8822],[137.2771,34.8821],[137.2774,34.8819],[137.2776,34.8819],[137.2777,34.8819],[137.2779,34.8819],[137.2781,34.8818],[137.2782,34.8817],[137.2782,34.8816],[137.2783,34.8816],[137.2783,34.8815],[137.2784,34.8814],[137.2785,34.8814],[137.2785,34.8813],[137.2787,34.8813],[137.2789,34.8813],[137.2796,34.8813],[137.28,34.8812],[137.2803,34.8812],[137.2807,34.8811],[137.2809,34.8811],[137.281,34.8811],[137.2815,34.881],[137.2817,34.8809],[137.2818,34.8809],[137.282,34.8808],[137.2822,34.8808],[137.2825,34.8808],[137.2827,34.8808],[137.283,34.8808],[137.2832,34.8808],[137.2833,34.8808],[137.2835,34.8808],[137.2837,34.8809],[137.284,34.8809],[137.2842,34.881],[137.2846,34.8812],[137.2848,34.8813],[137.2851,34.8813],[137.2853,34.8813],[137.2854,34.8813],[137.2856,34.8814],[137.2857,34.8815],[137.2858,34.8815],[137.286,34.8816],[137.2862,34.8816],[137.2864,34.8817],[137.2865,34.8817],[137.2868,34.8818],[137.287,34.8818],[137.2872,34.8819],[137.2876,34.8819],[137.2877,34.8818],[137.2879,34.8818],[137.2882,34.8817],[137.2884,34.8816],[137.2886,34.8817],[137.2888,34.8818],[137.2889,34.8819],[137.2891,34.882],[137.2893,34.8821],[137.2894,34.8822],[137.2896,34.8822],[137.2898,34.8822],[137.2899,34.8822],[137.2901,34.8821],[137.2902,34.8821],[137.2905,34.8822],[137.2906,34.8822],[137.2908,34.8822],[137.2912,34.8823],[137.2915,34.8824],[137.2916,34.8824],[137.2917,34.8824],[137.2919,34.8825],[137.292,34.8826],[137.2922,34.8827],[137.2924,34.8828],[137.2925,34.8829],[137.2926,34.883],[137.2926,34.8831],[137.2926,34.8833],[137.2926,34.8836],[137.2926,34.8837],[137.2927,34.8839],[137.2928,34.884],[137.2928,34.8841],[137.2928,34.8842],[137.2928,34.8844],[137.2928,34.8845],[137.2929,34.8846],[137.2931,34.8848],[137.2932,34.8849],[137.2933,34.8849],[137.2935,34.8849],[137.2936,34.8848],[137.2938,34.8848],[137.2939,34.8849],[137.2941,34.8849],[137.2943,34.885],[137.2944,34.8852],[137.2944,34.8853],[137.2946,34.8854],[137.2946,34.8855],[137.2947,34.8857],[137.2949,34.8858],[137.2951,34.8857],[137.2952,34.8857],[137.2953,34.8857],[137.2954,34.8857],[137.2955,34.8857],[137.2956,34.8858],[137.2958,34.8859],[137.2963,34.8861],[137.2967,34.8862],[137.2968,34.8863],[137.297,34.8862],[137.2971,34.8861],[137.2973,34.886],[137.2974,34.8859],[137.2974,34.8858],[137.2974,34.8857],[137.2974,34.8855],[137.2974,34.8852],[137.2974,34.8851],[137.2974,34.885],[137.2975,34.8849],[137.2976,34.8848],[137.2977,34.8848],[137.2979,34.8847],[137.2982,34.8846],[137.2983,34.8845],[137.2984,34.8845],[137.2985,34.8845],[137.2986,34.8844],[137.2987,34.8844],[137.2987,34.8843],[137.2988,34.8843],[137.2989,34.8841],[137.299,34.8839],[137.2991,34.8838],[137.2992,34.8837],[137.2992,34.8836],[137.2993,34.8835],[137.2993,34.8834],[137.2993,34.8833],[137.2994,34.8832],[137.2996,34.883],[137.2997,34.883],[137.2997,34.8829],[137.2998,34.8829],[137.2999,34.8828],[137.3,34.8828],[137.3001,34.8827],[137.3002,34.8827],[137.3003,34.8825],[137.3004,34.8825],[137.3004,34.8824],[137.3005,34.8822],[137.3006,34.8821],[137.3006,34.882],[137.3006,34.8819],[137.3006,34.8818],[137.3006,34.8817],[137.3007,34.8816],[137.3009,34.8815],[137.301,34.8814],[137.301,34.8813],[137.3011,34.8812],[137.3011,34.8811],[137.3011,34.881],[137.3011,34.8809],[137.301,34.8807],[137.301,34.8805],[137.3009,34.8803],[137.3009,34.8801],[137.3009,34.88],[137.3011,34.8797],[137.3012,34.8796],[137.3013,34.8795],[137.3014,34.8793],[137.3015,34.8792],[137.3016,34.8791],[137.3017,34.879],[137.3018,34.8789],[137.3019,34.8788],[137.302,34.8787],[137.3021,34.8786],[137.3023,34.8785],[137.3024,34.8785],[137.3025,34.8784],[137.3026,34.8783],[137.3027,34.8782],[137.3028,34.8782],[137.3029,34.8781],[137.3031,34.8781],[137.3032,34.8779],[137.3033,34.8778],[137.3035,34.8777],[137.3035,34.8778],[137.3036,34.8778],[137.3038,34.8779],[137.3039,34.878],[137.3039,34.8782],[137.304,34.8783],[137.3039,34.8786],[137.304,34.8787],[137.3041,34.8789],[137.3042,34.8791],[137.3043,34.8792],[137.3044,34.8793],[137.3045,34.8794],[137.3046,34.8796],[137.3047,34.8797],[137.3047,34.8798],[137.3048,34.8799],[137.3049,34.88],[137.3051,34.88],[137.3054,34.8799],[137.3058,34.88],[137.306,34.88],[137.3062,34.8801],[137.3064,34.8801],[137.3065,34.8802],[137.3066,34.8802],[137.3067,34.8803],[137.3068,34.8804],[137.3069,34.8805],[137.3071,34.8806],[137.3072,34.8807],[137.3074,34.8807],[137.3076,34.8808],[137.3078,34.8809],[137.3081,34.8809],[137.3083,34.881],[137.3084,34.881],[137.3085,34.8811],[137.3086,34.8812],[137.3087,34.8813],[137.3088,34.8814],[137.3089,34.8814],[137.3091,34.8814],[137.3093,34.8814],[137.3097,34.8814],[137.3098,34.8814],[137.31,34.8814],[137.3101,34.8813],[137.3102,34.8813],[137.3103,34.8813],[137.3104,34.8813],[137.3105,34.8814],[137.3108,34.8817],[137.311,34.8819],[137.3111,34.8821],[137.3114,34.8823],[137.3115,34.8824],[137.3117,34.8826],[137.3117,34.8827],[137.3117,34.8828],[137.3117,34.883],[137.3117,34.8831],[137.3117,34.8832],[137.3117,34.8833],[137.3118,34.8833],[137.3119,34.8834],[137.3122,34.8836],[137.3125,34.8837],[137.3128,34.8838],[137.3131,34.8838],[137.3133,34.8837],[137.3135,34.8836],[137.3138,34.8836],[137.3142,34.8835],[137.3144,34.8835],[137.3146,34.8835],[137.3146,34.8836],[137.3146,34.8837],[137.3146,34.8839],[137.3145,34.884],[137.3145,34.8841],[137.3146,34.8841],[137.3146,34.8842],[137.3148,34.8844],[137.315,34.8845],[137.3152,34.8846],[137.3156,34.8849],[137.3158,34.885],[137.3161,34.8851],[137.3162,34.8851],[137.3167,34.8851],[137.3169,34.8851],[137.3172,34.8852],[137.3173,34.8852],[137.3174,34.8852],[137.3176,34.8854],[137.3177,34.8854],[137.3178,34.8855],[137.318,34.8856],[137.3181,34.8857],[137.3183,34.8857],[137.3184,34.8858],[137.3186,34.8858],[137.3188,34.8859],[137.319,34.886],[137.3191,34.886],[137.3194,34.8861],[137.3195,34.8861],[137.3196,34.8862],[137.3197,34.8862],[137.3199,34.8862],[137.3201,34.8862],[137.3202,34.8862],[137.3203,34.8862],[137.3204,34.8862],[137.3205,34.8862],[137.3206,34.8862],[137.3206,34.8863],[137.3208,34.8864],[137.3209,34.8865],[137.321,34.8867],[137.3211,34.8867],[137.3211,34.8868],[137.3212,34.8868],[137.3213,34.8869],[137.3216,34.887],[137.3221,34.8871],[137.3223,34.8872],[137.3224,34.8872],[137.3225,34.8873],[137.3226,34.8874],[137.3227,34.8875],[137.3227,34.8876],[137.3228,34.8877],[137.3228,34.8878],[137.3229,34.8879],[137.3229,34.888],[137.3231,34.8882],[137.3232,34.8883],[137.3235,34.8883],[137.3239,34.8884],[137.3241,34.8884],[137.3243,34.8884],[137.3246,34.8885],[137.3247,34.8885],[137.3249,34.8885],[137.325,34.8885],[137.3252,34.8886],[137.3254,34.8886],[137.3255,34.8886],[137.3257,34.8886],[137.3258,34.8886],[137.3259,34.8885],[137.3259,34.8884],[137.326,34.8884],[137.3261,34.8883],[137.3262,34.8883],[137.3264,34.8883],[137.3266,34.8884],[137.3267,34.8885],[137.3268,34.8885],[137.3269,34.8885],[137.3269,34.8886],[137.327,34.8886],[137.3271,34.8886],[137.3272,34.8886],[137.3274,34.8887],[137.3275,34.8887],[137.3277,34.8887],[137.3278,34.8887],[137.3279,34.8887],[137.3282,34.8885],[137.3283,34.8884],[137.3284,34.8883],[137.3285,34.8882],[137.3287,34.888],[137.3288,34.888],[137.3289,34.8879],[137.329,34.8878],[137.3292,34.8877],[137.3294,34.8875],[137.3295,34.8875],[137.3297,34.8874],[137.3299,34.8874],[137.33,34.8874],[137.3301,34.8875],[137.3302,34.8875],[137.3303,34.8876],[137.3304,34.8877],[137.3305,34.8879],[137.3307,34.8881],[137.3308,34.8883],[137.3309,34.8884],[137.331,34.8884],[137.331,34.8885],[137.3311,34.8885],[137.3312,34.8885],[137.3313,34.8885],[137.3314,34.8885],[137.3314,34.8886],[137.3315,34.8886],[137.3316,34.8887],[137.3318,34.8888],[137.3319,34.8889],[137.3319,34.889],[137.332,34.889],[137.3321,34.889],[137.3321,34.8891],[137.3321,34.889],[137.3322,34.889],[137.3323,34.889],[137.3324,34.8889],[137.3325,34.8888],[137.3325,34.8887],[137.3328,34.8884],[137.3329,34.8883],[137.333,34.8882],[137.3331,34.8883],[137.3331,34.8884],[137.3331,34.8889],[137.3331,34.8892],[137.3331,34.8893],[137.3332,34.8894],[137.3333,34.8895],[137.3333,34.8896],[137.3334,34.8896],[137.3334,34.8897],[137.3336,34.8898],[137.3337,34.8899],[137.3338,34.8899],[137.3339,34.89],[137.334,34.8901],[137.3341,34.8901],[137.3341,34.8902],[137.3341,34.8903],[137.3341,34.8904],[137.3343,34.8906],[137.3345,34.8907],[137.3346,34.8907],[137.3347,34.8907],[137.3349,34.8907],[137.335,34.8908],[137.3351,34.8908],[137.3352,34.8909],[137.3354,34.891],[137.3356,34.8911],[137.3357,34.8912],[137.3358,34.8913],[137.3359,34.8915],[137.336,34.8917],[137.3361,34.8918],[137.3362,34.8919],[137.3363,34.8921],[137.3364,34.8922],[137.3366,34.8924],[137.3367,34.8926],[137.3368,34.8927],[137.3368,34.8929],[137.3368,34.893],[137.3366,34.8932],[137.3365,34.8934],[137.3365,34.8935],[137.3365,34.8936],[137.3368,34.8938],[137.3369,34.8939],[137.3369,34.894],[137.337,34.8941],[137.3372,34.8941],[137.3374,34.8941],[137.3376,34.8941],[137.3378,34.8941],[137.3381,34.8941],[137.3383,34.8941],[137.3386,34.8941],[137.339,34.894],[137.3394,34.894],[137.3399,34.894],[137.3402,34.894],[137.3405,34.8939],[137.3406,34.8937],[137.3407,34.8937],[137.3408,34.8936],[137.3409,34.8935],[137.341,34.8935],[137.3413,34.8933],[137.3415,34.8933],[137.3416,34.8933],[137.3417,34.8933],[137.3418,34.8934],[137.3419,34.8935],[137.3421,34.8936],[137.3423,34.8936],[137.3425,34.8937],[137.3427,34.8938],[137.343,34.894],[137.3432,34.8941],[137.3433,34.8941],[137.3434,34.8942],[137.3435,34.8944],[137.3436,34.8945],[137.3437,34.8946],[137.3439,34.8945],[137.3441,34.8945],[137.3443,34.8945],[137.3444,34.8946],[137.3445,34.8947],[137.3447,34.8949],[137.3448,34.8951],[137.3449,34.8952],[137.345,34.8952],[137.3451,34.8953],[137.3452,34.8953],[137.3453,34.8953],[137.3454,34.8953],[137.3456,34.8953],[137.3459,34.8953],[137.346,34.8955],[137.3461,34.8955],[137.3461,34.8956],[137.3462,34.8956],[137.3462,34.8958],[137.3463,34.8959],[137.3465,34.896],[137.3465,34.8963],[137.3466,34.8964],[137.3468,34.8964],[137.3469,34.8964],[137.347,34.8965],[137.3472,34.8965],[137.3473,34.8965],[137.3474,34.8966],[137.3475,34.8967],[137.3475,34.8968],[137.3476,34.897],[137.3477,34.8971],[137.3478,34.8971],[137.3479,34.8972],[137.348,34.8972],[137.3482,34.8973],[137.3484,34.8975],[137.3486,34.8976],[137.349,34.8978],[137.3492,34.898],[137.3496,34.8981],[137.3497,34.8982],[137.3498,34.8983],[137.3499,34.8983],[137.35,34.8983],[137.3502,34.8983],[137.3506,34.8982],[137.3508,34.898],[137.3509,34.898],[137.3509,34.8979],[137.351,34.8979],[137.351,34.8978],[137.351,34.8977],[137.3511,34.8975],[137.3512,34.8973],[137.3512,34.8969],[137.3512,34.8966],[137.3513,34.8966],[137.3514,34.8965],[137.3516,34.8965],[137.3519,34.8963],[137.3521,34.8962],[137.3523,34.8962],[137.3525,34.896],[137.3526,34.8959],[137.3526,34.8957],[137.3526,34.8955],[137.3525,34.8952],[137.3524,34.895],[137.3524,34.8948],[137.3524,34.8945],[137.3524,34.8944],[137.3525,34.8943],[137.3526,34.8941],[137.3527,34.8939],[137.3528,34.8937],[137.3528,34.8936],[137.3528,34.8935],[137.3528,34.8934],[137.3528,34.8932],[137.3527,34.893],[137.3526,34.8928],[137.3526,34.8926],[137.3525,34.8924],[137.3524,34.8924],[137.3523,34.8923],[137.3522,34.8921],[137.3522,34.8919],[137.3521,34.8917],[137.3521,34.8916],[137.3521,34.8915],[137.3522,34.8914],[137.3523,34.8913],[137.3525,34.8912],[137.3527,34.8912],[137.3528,34.8913],[137.353,34.8913],[137.3531,34.8913],[137.3533,34.8913],[137.3534,34.8913],[137.3535,34.8913],[137.3537,34.8913],[137.3539,34.8912],[137.3542,34.8911],[137.3545,34.891],[137.3546,34.8909],[137.3547,34.8909],[137.3553,34.8909],[137.3555,34.8909],[137.3557,34.891],[137.3558,34.891],[137.356,34.8909],[137.3562,34.8909],[137.3564,34.8909],[137.3567,34.8908],[137.357,34.8908],[137.3571,34.8908],[137.3573,34.8909],[137.3575,34.891],[137.3577,34.8911],[137.358,34.8911],[137.3581,34.8912],[137.3582,34.8912],[137.3583,34.8912],[137.3584,34.8912],[137.3585,34.8912],[137.3586,34.8911],[137.3586,34.891],[137.3588,34.8908],[137.3589,34.8907],[137.359,34.8905],[137.3591,34.8903],[137.3591,34.8901],[137.3592,34.8899],[137.3593,34.8897],[137.3593,34.8895],[137.3592,34.8893],[137.3592,34.8892],[137.3592,34.8891],[137.3591,34.8889],[137.3591,34.8888],[137.3591,34.8886],[137.3591,34.8884],[137.3592,34.8883],[137.3593,34.8881],[137.3595,34.8879],[137.3596,34.8878],[137.3597,34.8877],[137.3599,34.8875],[137.3599,34.8874],[137.36,34.8873],[137.3602,34.887],[137.3602,34.8867],[137.3602,34.8866],[137.3604,34.8864],[137.3605,34.8862],[137.3607,34.886],[137.3609,34.8858],[137.361,34.8859],[137.3612,34.8862],[137.3614,34.8864],[137.3615,34.8865],[137.3617,34.8867],[137.3619,34.8868],[137.3622,34.887],[137.3624,34.8871],[137.3627,34.8872],[137.363,34.8871],[137.3634,34.8871],[137.3635,34.8872],[137.3636,34.8872],[137.3637,34.8873],[137.3638,34.8874],[137.3639,34.8877],[137.364,34.8879],[137.364,34.888],[137.3643,34.8881],[137.3645,34.8882],[137.3647,34.8883],[137.3649,34.8884],[137.365,34.8885],[137.3652,34.8886],[137.3654,34.8887],[137.3655,34.8889],[137.3656,34.8889],[137.3659,34.889],[137.3661,34.889],[137.3662,34.8891],[137.3663,34.8891],[137.3664,34.8892],[137.3667,34.8895],[137.3668,34.8896],[137.367,34.8896],[137.3672,34.8896],[137.3674,34.8896],[137.3675,34.8896],[137.3677,34.8897],[137.3678,34.8898],[137.368,34.8899],[137.3681,34.89],[137.3683,34.89],[137.3684,34.89],[137.3685,34.89],[137.3686,34.8899],[137.3687,34.8898],[137.3689,34.8898],[137.3692,34.8898],[137.3695,34.8898],[137.3696,34.8898],[137.3697,34.8898],[137.37,34.8897],[137.3701,34.8898],[137.3702,34.8898],[137.3703,34.8899],[137.3705,34.8902],[137.3706,34.8903],[137.3707,34.8903],[137.3709,34.8905],[137.371,34.8906],[137.3711,34.8907],[137.3712,34.8908],[137.3713,34.8909],[137.3714,34.8909],[137.3715,34.891],[137.3716,34.8911],[137.3717,34.8912],[137.372,34.8912],[137.3721,34.8913],[137.3723,34.8913],[137.3724,34.8914],[137.3725,34.8914],[137.3727,34.8915],[137.3729,34.8915],[137.3731,34.8915],[137.3732,34.8915],[137.3733,34.8915],[137.3734,34.8915],[137.3735,34.8915],[137.3736,34.8915],[137.3737,34.8915],[137.3737,34.8917],[137.3737,34.8919],[137.3738,34.892],[137.3738,34.8921],[137.3738,34.8922],[137.3739,34.8923],[137.3739,34.8924],[137.374,34.8925],[137.3741,34.8926],[137.3741,34.8928],[137.3742,34.8929],[137.3744,34.8931],[137.3744,34.8932],[137.3745,34.8932],[137.3745,34.8933],[137.3746,34.8933],[137.3748,34.8934],[137.3749,34.8935],[137.375,34.8936],[137.3751,34.8936],[137.3752,34.8937],[137.3753,34.8937],[137.3754,34.8937],[137.3755,34.8937],[137.3756,34.8937],[137.3757,34.8937],[137.3758,34.8936],[137.376,34.8936],[137.3762,34.8935],[137.3763,34.8935],[137.3764,34.8935],[137.3765,34.8935],[137.3766,34.8935],[137.3767,34.8935],[137.3769,34.8935],[137.377,34.8935],[137.3772,34.8934],[137.3774,34.8934],[137.3775,34.8933],[137.3776,34.8933],[137.3777,34.8933],[137.3778,34.8932],[137.3779,34.8931],[137.378,34.893],[137.3781,34.893],[137.3782,34.8929],[137.3784,34.8928],[137.3785,34.8927],[137.3786,34.8927],[137.3787,34.8927],[137.3788,34.8927],[137.3789,34.8927],[137.379,34.8927],[137.3791,34.8927],[137.3793,34.8927],[137.3795,34.8926],[137.3797,34.8926],[137.3798,34.8925],[137.3799,34.8924],[137.38,34.8924],[137.3801,34.8923],[137.3802,34.8923],[137.3802,34.8922],[137.3803,34.8922],[137.3803,34.8921],[137.3804,34.8921],[137.3805,34.892],[137.3805,34.8919],[137.3805,34.8918],[137.3806,34.8917],[137.3806,34.8916],[137.3806,34.8915],[137.3806,34.8914],[137.3806,34.8913],[137.3806,34.8912],[137.3807,34.8911],[137.3807,34.891],[137.3807,34.8908],[137.3807,34.8906],[137.3808,34.8905],[137.3808,34.8903],[137.3809,34.8902],[137.381,34.89],[137.3811,34.8899],[137.3812,34.8898],[137.3813,34.8897],[137.3814,34.8896],[137.3815,34.8895],[137.3815,34.8894],[137.3816,34.8892],[137.3817,34.8891],[137.3818,34.8889],[137.3818,34.8888],[137.3818,34.8887],[137.3819,34.8886],[137.3819,34.8885],[137.3819,34.8884],[137.382,34.8883],[137.3821,34.8882],[137.3822,34.888],[137.3823,34.8879],[137.3824,34.8878],[137.3825,34.8878],[137.3825,34.8877],[137.3826,34.8877],[137.3827,34.8876],[137.3829,34.8875],[137.3831,34.8874],[137.3832,34.8874],[137.3833,34.8873],[137.3834,34.8873],[137.3835,34.8873],[137.3836,34.8873],[137.384,34.8872],[137.3842,34.8872],[137.3844,34.8872],[137.3846,34.8871],[137.3847,34.8871],[137.3848,34.8871],[137.3849,34.8871],[137.385,34.8871],[137.3851,34.8871],[137.3852,34.8871],[137.3854,34.8871],[137.3856,34.8871],[137.3857,34.8871],[137.3858,34.8871],[137.3859,34.8871],[137.386,34.8871],[137.3861,34.8871],[137.3862,34.8871],[137.3863,34.8871],[137.3865,34.8871],[137.3867,34.8871],[137.3869,34.8871],[137.3869,34.8872],[137.387,34.8872],[137.3871,34.8872],[137.3872,34.8872],[137.3873,34.8872],[137.3873,34.8873],[137.3874,34.8873],[137.3875,34.8872],[137.3876,34.8872],[137.3877,34.8872],[137.3878,34.8871],[137.388,34.8871],[137.3881,34.8871],[137.3881,34.887],[137.3882,34.887],[137.3883,34.887],[137.3884,34.887],[137.3885,34.887],[137.3885,34.8869],[137.3886,34.8869],[137.3886,34.8868],[137.3888,34.8867],[137.3889,34.8866],[137.389,34.8865],[137.389,34.8864],[137.3891,34.8863],[137.3891,34.8862],[137.3892,34.8862],[137.3892,34.8861],[137.3893,34.886],[137.3894,34.8859],[137.3895,34.8858],[137.3895,34.8857],[137.3896,34.8856],[137.3897,34.8855],[137.3897,34.8854],[137.3898,34.8854],[137.3898,34.8853],[137.3899,34.8852],[137.39,34.885],[137.3902,34.8849],[137.3903,34.8848],[137.3903,34.8847],[137.3904,34.8847],[137.3904,34.8846],[137.3905,34.8846],[137.3905,34.8845],[137.3906,34.8844],[137.3908,34.8842],[137.391,34.8841],[137.3911,34.8841],[137.3913,34.8841],[137.3915,34.8841],[137.3916,34.8842],[137.3917,34.8842],[137.3918,34.8842],[137.3919,34.8841],[137.392,34.8841],[137.3922,34.8841],[137.3924,34.884],[137.3926,34.884],[137.3927,34.8839],[137.3928,34.8839],[137.3929,34.8839],[137.393,34.8839],[137.3931,34.8839],[137.3932,34.8838],[137.3933,34.8838],[137.3935,34.8837],[137.3936,34.8836],[137.3937,34.8836],[137.3938,34.8835],[137.3939,34.8834],[137.394,34.8833],[137.3941,34.8833],[137.3943,34.8833],[137.3945,34.8834],[137.3949,34.8835],[137.3951,34.8837],[137.3952,34.8837],[137.3953,34.8837],[137.3954,34.8837],[137.3954,34.8838],[137.3955,34.8838],[137.3958,34.8838],[137.396,34.8838],[137.3962,34.8839],[137.3963,34.8839],[137.3964,34.8839],[137.3965,34.8839],[137.3965,34.884],[137.3966,34.884],[137.3967,34.8841],[137.3968,34.8841],[137.3969,34.8842],[137.3971,34.8843],[137.3972,34.8844],[137.3973,34.8845],[137.3974,34.8845],[137.3975,34.8846],[137.3976,34.8847],[137.3977,34.8847],[137.3978,34.8848],[137.398,34.885],[137.3981,34.8851],[137.3982,34.8852],[137.3982,34.8854],[137.3982,34.8856],[137.3982,34.8858],[137.3982,34.886],[137.3982,34.8861],[137.3982,34.8863],[137.3981,34.8864],[137.3981,34.8866],[137.398,34.8868],[137.398,34.887],[137.3981,34.8872],[137.3982,34.8873],[137.3982,34.8874],[137.3983,34.8875],[137.3983,34.8876],[137.3983,34.8877],[137.3983,34.8878],[137.3983,34.8879],[137.3983,34.8881],[137.3984,34.8882],[137.3985,34.8882],[137.3986,34.8883],[137.3986,34.8884],[137.3987,34.8884],[137.3988,34.8886],[137.399,34.8889],[137.3991,34.8891],[137.3992,34.8893],[137.3992,34.8894],[137.3993,34.8896],[137.3993,34.8897],[137.3994,34.8898],[137.3994,34.8899],[137.3994,34.89],[137.3995,34.8901],[137.3996,34.8902],[137.3997,34.8902],[137.3998,34.8903],[137.3999,34.8903],[137.4,34.8904],[137.4001,34.8904],[137.4003,34.8905],[137.4005,34.8906],[137.4006,34.8906],[137.4007,34.8907],[137.4008,34.8907],[137.4009,34.8908],[137.401,34.8908],[137.4011,34.8909],[137.4011,34.891],[137.4011,34.8911],[137.4011,34.8913],[137.4012,34.8914],[137.4012,34.8916],[137.4012,34.8917],[137.4012,34.8918],[137.4013,34.8918],[137.4013,34.8919],[137.4013,34.892],[137.4014,34.8921],[137.4014,34.8922],[137.4015,34.8923],[137.4016,34.8924],[137.4016,34.8925],[137.4017,34.8925],[137.4018,34.8925],[137.4018,34.8926],[137.4019,34.8926],[137.402,34.8926],[137.4021,34.8927],[137.4023,34.8927],[137.4025,34.8928],[137.4026,34.8928],[137.4027,34.8928],[137.4028,34.8928],[137.4029,34.8928],[137.403,34.8929],[137.4031,34.893],[137.4033,34.8931],[137.4034,34.8932],[137.4035,34.8932],[137.4035,34.8933],[137.4036,34.8933],[137.4037,34.8934],[137.4038,34.8934],[137.4039,34.8935],[137.404,34.8936],[137.4042,34.8937],[137.4043,34.8938],[137.4044,34.8939],[137.4044,34.894],[137.4045,34.894],[137.4045,34.8941],[137.4045,34.8942],[137.4044,34.8943],[137.4043,34.8944],[137.4042,34.8945],[137.4041,34.8947],[137.404,34.8948],[137.4039,34.8948],[137.4038,34.895],[137.4037,34.8951],[137.4036,34.8952],[137.4035,34.8954],[137.4034,34.8955],[137.4033,34.8956],[137.4032,34.8957],[137.4032,34.8958],[137.4031,34.8958],[137.4031,34.8959],[137.4031,34.896],[137.4032,34.8961],[137.4032,34.8963],[137.4033,34.8964],[137.4034,34.8965],[137.4034,34.8967],[137.4035,34.8969],[137.4036,34.8971],[137.4036,34.8973],[137.4037,34.8974],[137.4037,34.8976],[137.4037,34.8977],[137.4038,34.8978],[137.4038,34.8979],[137.4039,34.898],[137.404,34.8981],[137.404,34.8983],[137.4041,34.8984],[137.4041,34.8985],[137.4041,34.8986],[137.404,34.8987],[137.4039,34.8988],[137.4039,34.8989],[137.4039,34.8991],[137.4038,34.8992],[137.4038,34.8993],[137.4038,34.8995],[137.4038,34.8997],[137.4038,34.8999],[137.4038,34.9],[137.4038,34.9001],[137.4038,34.9002],[137.4038,34.9004],[137.4038,34.9005],[137.4038,34.9007],[137.4038,34.9009],[137.4038,34.9011],[137.4038,34.9013],[137.4038,34.9014],[137.4038,34.9015],[137.4038,34.9016],[137.4038,34.9017],[137.4038,34.9018],[137.4037,34.9019],[137.4037,34.9021],[137.4035,34.9022],[137.4035,34.9023],[137.4034,34.9024],[137.4033,34.9025],[137.4032,34.9026],[137.4033,34.9026],[137.4034,34.9026],[137.4035,34.9027],[137.4037,34.9028],[137.4038,34.9029],[137.404,34.903],[137.4042,34.9031],[137.4043,34.9032],[137.4044,34.9033],[137.4046,34.9034],[137.4048,34.9035],[137.4049,34.9036],[137.405,34.9036],[137.4051,34.9037],[137.4052,34.9037],[137.4053,34.9037],[137.4053,34.9038],[137.4054,34.9038],[137.4055,34.9038],[137.4056,34.9037],[137.4057,34.9037],[137.4059,34.9037],[137.4061,34.9037],[137.4062,34.9038],[137.4064,34.9038],[137.4065,34.9038],[137.4066,34.9038],[137.4066,34.9039],[137.4067,34.9039],[137.4067,34.904],[137.4069,34.9041],[137.407,34.9042],[137.4071,34.9043],[137.4072,34.9043],[137.4073,34.9044],[137.4074,34.9045],[137.4074,34.9046],[137.4075,34.9046],[137.4075,34.9047],[137.4075,34.9049],[137.4076,34.905],[137.4077,34.9052],[137.4078,34.9053],[137.4078,34.9054],[137.4079,34.9054],[137.408,34.9055],[137.4081,34.9056],[137.4082,34.9056],[137.4083,34.9057],[137.4084,34.9057],[137.4086,34.9058],[137.4087,34.9058],[137.4089,34.9058],[137.409,34.9058],[137.4091,34.9058],[137.4092,34.9058],[137.4092,34.9059],[137.4093,34.9059],[137.4094,34.906],[137.4095,34.9061],[137.4096,34.9062],[137.4098,34.9063],[137.4099,34.9064],[137.41,34.9064],[137.4101,34.9065],[137.4102,34.9065],[137.4102,34.9066],[137.4103,34.9066],[137.4105,34.9067],[137.4106,34.9068],[137.4108,34.9069],[137.4109,34.9069],[137.4109,34.907],[137.411,34.907],[137.4111,34.907],[137.4112,34.9071],[137.4113,34.9071],[137.4115,34.9072],[137.4116,34.9073],[137.4117,34.9074],[137.4118,34.9075],[137.4118,34.9076],[137.4118,34.9077],[137.4118,34.9078],[137.4118,34.908],[137.4119,34.9081],[137.4119,34.9083],[137.4119,34.9084],[137.4119,34.9085],[137.412,34.9085],[137.412,34.9086],[137.4121,34.9086],[137.4122,34.9085],[137.4123,34.9085],[137.4123,34.9084],[137.4124,34.9083],[137.4125,34.9083],[137.4126,34.9083],[137.4127,34.9082],[137.4128,34.9081],[137.4129,34.908],[137.413,34.9079],[137.4131,34.9077],[137.4132,34.9076],[137.4133,34.9075],[137.4134,34.9074],[137.4135,34.9073],[137.4136,34.9072],[137.4137,34.9072],[137.4138,34.9072],[137.4139,34.9072],[137.4141,34.9073],[137.4143,34.9074],[137.4144,34.9075],[137.4145,34.9075],[137.4146,34.9076],[137.4147,34.9077],[137.4148,34.9077],[137.4149,34.9078],[137.415,34.9079],[137.4152,34.9079],[137.4153,34.908],[137.4155,34.9081],[137.4156,34.9081],[137.4158,34.9082],[137.4159,34.9082],[137.416,34.9082],[137.4161,34.9082],[137.4163,34.9082],[137.4165,34.9082],[137.4166,34.9082],[137.4167,34.9082],[137.4169,34.9081],[137.417,34.9081],[137.4171,34.9081],[137.4172,34.9081],[137.4173,34.908],[137.4174,34.908],[137.4176,34.908],[137.4177,34.9079],[137.4178,34.9079],[137.4178,34.908],[137.4179,34.908],[137.418,34.908],[137.418,34.9081],[137.4181,34.9081],[137.4182,34.9082],[137.4182,34.9083],[137.4183,34.9083],[137.4185,34.9085],[137.4187,34.9086],[137.4188,34.9087],[137.4189,34.9088],[137.419,34.9088],[137.419,34.9089],[137.4191,34.9089],[137.4193,34.909],[137.4195,34.9092],[137.4197,34.9092],[137.4198,34.9093],[137.4199,34.9094],[137.42,34.9094],[137.4201,34.9094],[137.4202,34.9095],[137.4205,34.9097],[137.4208,34.9099],[137.4211,34.9114],[137.4211,34.9117],[137.4204,34.9132],[137.4207,34.9142],[137.4213,34.9147],[137.4211,34.9157],[137.42,34.9166],[137.4189,34.9177],[137.4179,34.9182],[137.4179,34.9188],[137.4183,34.9193],[137.4185,34.9199],[137.4182,34.9205],[137.4174,34.9215],[137.4172,34.9231],[137.4171,34.9235],[137.4166,34.924],[137.4158,34.924],[137.4151,34.9243],[137.4139,34.9247],[137.4133,34.9256],[137.4127,34.9259],[137.4126,34.9263],[137.4117,34.9265],[137.4112,34.9277],[137.4112,34.928],[137.4117,34.9285],[137.4118,34.929],[137.4124,34.9305],[137.4124,34.9308],[137.412,34.9316],[137.4116,34.9321],[137.4112,34.9329],[137.4104,34.9338],[137.4103,34.935],[137.4106,34.9352],[137.4105,34.9364],[137.4096,34.9377],[137.4096,34.9386],[137.4104,34.9395],[137.4108,34.9397],[137.4119,34.9397],[137.4116,34.9406],[137.4121,34.9415],[137.4126,34.9422],[137.4127,34.9429],[137.4121,34.9437],[137.4114,34.9441],[137.4108,34.9448],[137.4108,34.9459],[137.4107,34.9466],[137.4104,34.9468],[137.4097,34.9467],[137.4091,34.9465],[137.4082,34.9455],[137.4076,34.9457],[137.4065,34.9467],[137.406,34.9475],[137.4054,34.9478],[137.4044,34.9479],[137.404,34.9485],[137.4034,34.9486],[137.4024,34.9482],[137.4021,34.9484],[137.4025,34.9492],[137.4025,34.95],[137.4017,34.9503],[137.4021,34.9515],[137.4029,34.9524],[137.4031,34.9533],[137.4031,34.954],[137.4034,34.9543],[137.4044,34.9549],[137.4049,34.955],[137.4064,34.9554],[137.407,34.9553],[137.4077,34.9555],[137.4081,34.9566],[137.408,34.9582],[137.4078,34.9585],[137.4069,34.9581],[137.4053,34.9583],[137.4047,34.9584],[137.4035,34.959],[137.4025,34.9592],[137.4021,34.9598],[137.4017,34.96],[137.4008,34.9601],[137.4001,34.9605],[137.3986,34.9612],[137.3979,34.9612],[137.3973,34.962],[137.3959,34.962],[137.3951,34.9623],[137.3947,34.9626],[137.394,34.9635],[137.3935,34.9637],[137.3927,34.9637],[137.3916,34.9641],[137.3914,34.9645],[137.3906,34.9654],[137.3918,34.9659],[137.3924,34.9669],[137.3934,34.9672],[137.3936,34.9681],[137.3945,34.9685],[137.395,34.9685],[137.3955,34.9681],[137.3958,34.9689],[137.3957,34.9695],[137.3959,34.9702],[137.3963,34.9709],[137.397,34.9713],[137.3982,34.972],[137.3984,34.9722],[137.3982,34.9728],[137.3988,34.9738],[137.3992,34.9748],[137.3993,34.9758],[137.4002,34.9758],[137.4018,34.9762],[137.4029,34.9763],[137.4043,34.9772],[137.4049,34.9777],[137.4056,34.9788],[137.405,34.9792],[137.4049,34.9797],[137.4032,34.981],[137.4022,34.9813],[137.4016,34.9813],[137.4008,34.9816],[137.4004,34.982],[137.3993,34.9819],[137.3985,34.9814],[137.398,34.9815],[137.3966,34.9814],[137.3948,34.9825],[137.3941,34.9828],[137.3926,34.983],[137.3915,34.9829],[137.3906,34.9829],[137.3901,34.9832],[137.3891,34.9835],[137.3887,34.9838],[137.3892,34.9845],[137.3894,34.9852],[137.389,34.9857],[137.3884,34.986],[137.3881,34.9868],[137.3872,34.9871],[137.3876,34.9875],[137.3879,34.9884],[137.3886,34.9886],[137.3885,34.9897],[137.3879,34.9898],[137.3868,34.9897],[137.3853,34.9891],[137.3845,34.9888],[137.3836,34.9894],[137.3837,34.9898],[137.3847,34.9899],[137.3851,34.9907],[137.3848,34.991],[137.3834,34.9926],[137.3833,34.9929],[137.3826,34.9936],[137.3805,34.995],[137.3803,34.9955],[137.3789,34.9961],[137.3781,34.9963],[137.3773,34.9967],[137.3766,34.9973],[137.3751,34.9979],[137.3755,34.9985],[137.3756,34.999],[137.3751,34.9993],[137.3753,35.0002],[137.376,35.0008],[137.3766,35.0014],[137.3764,35.0019],[137.376,35.0019],[137.3751,35.0016],[137.3745,35.0018],[137.3747,35.0021],[137.3756,35.0026],[137.3758,35.0031],[137.3755,35.0039],[137.3746,35.0044],[137.3745,35.0046],[137.3754,35.0054],[137.3763,35.0062],[137.3768,35.0069],[137.3767,35.0076],[137.3761,35.0085],[137.3756,35.0089],[137.3743,35.0091],[137.3736,35.0101],[137.3734,35.0106],[137.3726,35.0118],[137.3727,35.0124],[137.3724,35.0126],[137.3709,35.0133],[137.3716,35.0143],[137.3715,35.0151],[137.3708,35.0155],[137.3691,35.015],[137.3689,35.0151],[137.3662,35.0149],[137.3645,35.0145],[137.3635,35.0144],[137.3623,35.0145],[137.3613,35.0153],[137.3604,35.0151],[137.3596,35.0147],[137.3581,35.0144],[137.3571,35.0147],[137.3561,35.0147],[137.3549,35.0143],[137.3542,35.0143],[137.3533,35.0148],[137.3531,35.0153],[137.3527,35.0156],[137.352,35.015],[137.3495,35.0148],[137.349,35.0148],[137.3476,35.0153],[137.3471,35.0146],[137.3465,35.0144],[137.3465,35.0135],[137.3471,35.0127],[137.3473,35.0118],[137.3469,35.0111],[137.3465,35.0104],[137.3458,35.0093],[137.3449,35.0094],[137.3445,35.0096],[137.3441,35.0105],[137.3429,35.0106],[137.3424,35.0114],[137.341,35.0118],[137.3403,35.0117],[137.3398,35.0111],[137.3388,35.0108],[137.3384,35.0115],[137.3373,35.0114],[137.3362,35.0114],[137.336,35.0115],[137.3366,35.0129],[137.3361,35.0138],[137.3355,35.0139],[137.3344,35.0139],[137.3339,35.0142],[137.3325,35.0147],[137.3317,35.0151],[137.3303,35.015],[137.3291,35.0148],[137.3284,35.015],[137.3289,35.0156],[137.3289,35.0161],[137.3287,35.0167],[137.3286,35.0174],[137.3276,35.0175],[137.3264,35.018],[137.3258,35.0172],[137.325,35.0167],[137.3249,35.0163],[137.3236,35.0162],[137.3221,35.0159],[137.3217,35.0157],[137.321,35.0158],[137.3196,35.0155],[137.3191,35.0158],[137.3183,35.016],[137.3182,35.0169],[137.3186,35.0177],[137.3181,35.0182],[137.3173,35.0183],[137.3169,35.0185],[137.3169,35.0195],[137.3163,35.0201],[137.3153,35.0204],[137.3143,35.0199],[137.3134,35.0198],[137.3128,35.0202],[137.3125,35.0191],[137.3127,35.0187],[137.3124,35.018],[137.312,35.0178],[137.3106,35.0181],[137.3102,35.0173],[137.3088,35.0162],[137.3084,35.0161],[137.3077,35.0165],[137.3074,35.017],[137.3066,35.0175],[137.3061,35.0171],[137.3057,35.0171],[137.3052,35.0177],[137.3036,35.0169],[137.3019,35.0168],[137.301,35.0169],[137.3004,35.0171],[137.3,35.0167],[137.2996,35.0168],[137.2995,35.0173],[137.2988,35.0176],[137.298,35.0184],[137.2975,35.0182],[137.296,35.0188],[137.2953,35.0187],[137.2948,35.0189],[137.2931,35.0188],[137.2926,35.0185],[137.2912,35.0185],[137.2899,35.0182],[137.2897,35.0179],[137.2891,35.018],[137.2888,35.0184],[137.2888,35.019],[137.288,35.0195],[137.2867,35.0194],[137.2861,35.0193],[137.2857,35.0196],[137.2849,35.0198],[137.2844,35.0202],[137.2838,35.02],[137.2832,35.0203],[137.2832,35.0206],[137.2824,35.0209],[137.2814,35.0223],[137.2807,35.0226],[137.2808,35.0228],[137.2793,35.0231],[137.2785,35.0234],[137.278,35.0239],[137.2772,35.0244],[137.277,35.0249],[137.2775,35.0257],[137.2782,35.0262],[137.2784,35.027],[137.2782,35.0273],[137.277,35.0274],[137.276,35.0269],[137.2751,35.0271],[137.2749,35.0273],[137.275,35.0283],[137.2745,35.0287],[137.2733,35.0284],[137.2721,35.0286],[137.2711,35.0293],[137.27,35.0297],[137.269,35.0298],[137.268,35.0305],[137.2676,35.0304],[137.2675,35.03],[137.268,35.0297],[137.269,35.0287],[137.2703,35.0281],[137.2702,35.0275],[137.2696,35.027],[137.2696,35.0258],[137.2689,35.0254],[137.2683,35.0243],[137.2681,35.0225],[137.2679,35.0219],[137.2667,35.0203],[137.2665,35.0195],[137.2672,35.0184],[137.2673,35.0179],[137.2669,35.0174],[137.2664,35.017],[137.2653,35.0168],[137.2642,35.0174],[137.2628,35.0172],[137.2615,35.0168],[137.2611,35.0169],[137.2609,35.0174],[137.2607,35.0184],[137.2605,35.019],[137.2598,35.0196],[137.2592,35.0199],[137.259,35.0209],[137.2591,35.0224],[137.2596,35.0229],[137.2599,35.024],[137.2598,35.0244],[137.2589,35.0243],[137.2584,35.0241],[137.2565,35.0225],[137.2558,35.0224],[137.2554,35.0225],[137.2549,35.023],[137.2548,35.024],[137.2554,35.0275],[137.2556,35.0282],[137.2548,35.0288],[137.2542,35.0292],[137.2536,35.0292],[137.252,35.0285],[137.2508,35.0276],[137.2503,35.0277],[137.2489,35.0283],[137.2481,35.0287],[137.247,35.0288],[137.2459,35.0291],[137.2447,35.0293],[137.2426,35.0289],[137.2422,35.0293],[137.2422,35.03],[137.2415,35.0306],[137.2413,35.0309],[137.2414,35.0322],[137.2415,35.0331],[137.241,35.0343],[137.2404,35.0347],[137.2406,35.0359],[137.2403,35.0362],[137.2391,35.0364],[137.2386,35.0368],[137.2379,35.0378],[137.2376,35.0387],[137.237,35.0393],[137.236,35.0395],[137.2348,35.04],[137.2341,35.0399],[137.2339,35.039],[137.2337,35.0386],[137.2331,35.0387],[137.2327,35.04],[137.2324,35.0403],[137.2316,35.0402],[137.2312,35.0399],[137.2307,35.0391],[137.2303,35.0388],[137.2299,35.0391],[137.2292,35.0392],[137.228,35.0391],[137.2272,35.0393],[137.2268,35.04],[137.2263,35.0402],[137.2254,35.0401],[137.2241,35.0395],[137.2229,35.0392],[137.2226,35.0389],[137.2209,35.0385],[137.2189,35.0378],[137.2176,35.0377],[137.2164,35.0386],[137.2158,35.039],[137.215,35.0387],[137.2144,35.0388],[137.2142,35.0392],[137.2144,35.0403],[137.2135,35.0413],[137.213,35.0415],[137.2125,35.0415],[137.2118,35.041],[137.2112,35.0405],[137.2104,35.0391],[137.2093,35.0378],[137.2085,35.0363],[137.2082,35.0353],[137.2078,35.033],[137.2072,35.0326],[137.2063,35.0327],[137.2043,35.0334],[137.2034,35.0336],[137.2021,35.0342],[137.2004,35.0342],[137.1991,35.0343],[137.1988,35.0349],[137.1979,35.0363],[137.1975,35.0364],[137.1977,35.0375],[137.1968,35.0375],[137.1963,35.0379],[137.1954,35.0387],[137.195,35.0387],[137.194,35.0386],[137.1928,35.0383],[137.192,35.0373],[137.1909,35.0361],[137.1903,35.0356],[137.1886,35.0345],[137.1878,35.0337],[137.1866,35.0321],[137.1858,35.0313],[137.1849,35.0313],[137.1841,35.0315],[137.1831,35.0319],[137.1806,35.0336],[137.1787,35.0346],[137.1773,35.0349],[137.1721,35.0356],[137.1717,35.0355],[137.1705,35.0349],[137.1687,35.0333],[137.1674,35.0323],[137.1669,35.0318],[137.1655,35.0308],[137.1642,35.0296],[137.1631,35.0287],[137.162,35.028],[137.1608,35.0275],[137.1602,35.0269],[137.1598,35.0262],[137.1595,35.0247],[137.1594,35.0236],[137.1592,35.0218],[137.1593,35.0205],[137.1598,35.019],[137.1604,35.0167],[137.1611,35.0152],[137.1621,35.0135],[137.1632,35.0109],[137.1635,35.0097],[137.1635,35.0087],[137.1637,35.0078],[137.1643,35.0063],[137.1658,35.0041],[137.1662,35.0033],[137.1661,35.003],[137.1637,34.9988],[137.1627,34.998],[137.1602,34.9965],[137.1577,34.9953],[137.156,34.995],[137.1542,34.9944],[137.1501,34.9932],[137.1479,34.9925],[137.1468,34.9938],[137.1467,34.9941],[137.1476,34.9946],[137.1474,34.9949],[137.1467,34.996],[137.1461,34.9957],[137.1463,34.9952],[137.145,34.9954],[137.1448,34.9942],[137.1451,34.9931],[137.1441,34.9931],[137.1432,34.9925],[137.1427,34.9925],[137.1425,34.9942],[137.1425,34.9958],[137.141,34.9959],[137.1409,34.9979],[137.1403,34.9981],[137.1398,34.998],[137.1387,34.9981],[137.1378,34.9979],[137.1377,34.9984],[137.1367,34.9986],[137.1366,34.9993],[137.1343,34.9999],[137.134,34.9983],[137.1298,34.999],[137.1293,34.997],[137.1268,34.9974],[137.1256,34.9924],[137.1235,34.9927],[137.123,34.9906],[137.122,34.9907],[137.1173,34.9915],[137.1171,34.9917],[137.1171,34.9949],[137.1168,34.9949],[137.1168,34.9938],[137.1164,34.9913],[137.1168,34.9892],[137.1169,34.9885],[137.1177,34.9857],[137.1178,34.9854],[137.1187,34.9853],[137.1185,34.9843],[137.1189,34.9837],[137.1187,34.9828],[137.1191,34.9817],[137.1196,34.9812],[137.1202,34.9809],[137.1207,34.9812],[137.1205,34.9819],[137.121,34.9818],[137.1218,34.9809],[137.1224,34.9808],[137.1228,34.981],[137.1234,34.9808],[137.1233,34.9804],[137.124,34.9799],[137.1244,34.9791],[137.1259,34.9797],[137.125,34.9773],[137.1265,34.9767],[137.1258,34.9752],[137.1263,34.975],[137.1257,34.9739],[137.1248,34.9732],[137.1241,34.9736],[137.1225,34.9751],[137.1218,34.9754],[137.1217,34.9742],[137.121,34.9739],[137.1202,34.9738],[137.1193,34.9743],[137.1187,34.974],[137.1173,34.9742],[137.1171,34.9739],[137.1158,34.9747],[137.1151,34.9748],[137.1147,34.9743],[137.1144,34.9745],[137.114,34.974],[137.1121,34.9749],[137.1119,34.9752],[137.1107,34.9759],[137.1113,34.9766],[137.1105,34.9771],[137.1097,34.9761],[137.1089,34.9764],[137.1083,34.9743],[137.1081,34.9732],[137.1089,34.9728],[137.1102,34.9719],[137.1117,34.9713],[137.1123,34.971],[137.1126,34.9712],[137.1154,34.9698],[137.1152,34.9684],[137.1158,34.9682],[137.1159,34.9678],[137.1163,34.9672],[137.1174,34.9668],[137.118,34.9661],[137.1183,34.9655],[137.1195,34.9649],[137.12,34.9645],[137.1189,34.9634],[137.1187,34.9635],[137.1171,34.9617],[137.1167,34.9614],[137.1175,34.9607],[137.117,34.96],[137.1159,34.9588],[137.1166,34.9585],[137.1169,34.9581],[137.1157,34.9569],[137.1165,34.9564],[137.1158,34.9557],[137.1111,34.9511],[137.1111,34.9505],[137.1139,34.9486],[137.1127,34.9469],[137.1116,34.9477],[137.11,34.9488],[137.1076,34.9464],[137.1081,34.946],[137.1058,34.9439],[137.1064,34.9433],[137.1061,34.9431],[137.107,34.9424],[137.1064,34.9418],[137.1068,34.9415],[137.1076,34.9404],[137.1074,34.9403],[137.1078,34.9396],[137.1081,34.9388],[137.108,34.9381],[137.1073,34.9375],[137.1078,34.9369],[137.1079,34.9362],[137.1086,34.9354],[137.1096,34.9354],[137.1104,34.9354],[137.1116,34.9367],[137.1135,34.9358],[137.1169,34.9361],[137.1179,34.9361],[137.1151,34.933],[137.1142,34.9328],[137.1143,34.9323],[137.1146,34.9323],[137.1164,34.9307],[137.1151,34.9298],[137.1153,34.9296],[137.1148,34.929],[137.1156,34.9287],[137.1161,34.9289],[137.1173,34.9282],[137.1192,34.9271],[137.1164,34.9235],[137.1157,34.9229],[137.1137,34.9222],[137.1127,34.9215],[137.1109,34.9198],[137.11,34.9184],[137.1093,34.9175],[137.1071,34.9151],[137.1064,34.914],[137.1057,34.9128],[137.1055,34.9117],[137.1057,34.9107],[137.1061,34.9098],[137.1068,34.9087],[137.1078,34.9057],[137.108,34.9045],[137.108,34.9041]]]},"properties":{"N03_001":"愛知県","N03_002":"","N03_003":"","N03_004":"岡崎市","N03_007":"23202"}},
{"type":"Feature","geometry":{"type":"Polygon","coordinates":[[[136.834,35.3559],[136.8338,35.3559],[136.8315,35.3565],[136.8302,35.3568],[136.8283,35.3571],[136.8261,35.3575],[136.8226,35.3583],[136.8204,35.3587],[136.8171,35.3593],[136.813,35.3596],[136.8084,35.3597],[136.8042,35.3601],[136.8021,35.3605],[136.8008,35.3609],[136.7966,35.3625],[136.7952,35.3628],[136.7929,35.3635],[136.7936,35.3647],[136.7941,35.3662],[136.7945,35.3681],[136.7945,35.3683],[136.7828,35.3691],[136.7757,35.3696],[136.7738,35.3696],[136.7729,35.3693],[136.7706,35.3684],[136.7688,35.3674],[136.7681,35.3669],[136.7619,35.3611],[136.7605,35.3594],[136.7596,35.3581],[136.7591,35.3572],[136.7581,35.3547],[136.7564,35.3506],[136.7549,35.347],[136.7522,35.341],[136.7508,35.3381],[136.75,35.3364],[136.75,35.3333],[136.7482,35.3333],[136.7471,35.3314],[136.7456,35.3295],[136.7435,35.3266],[136.7423,35.3249],[136.7391,35.3201],[136.7365,35.316],[136.7344,35.3122],[136.7342,35.3115],[136.7324,35.3076],[136.7305,35.3039],[136.7283,35.2997],[136.7257,35.2956],[136.7243,35.2938],[136.7223,35.2915],[136.7208,35.2899],[136.7194,35.2888],[136.7182,35.2879],[136.7126,35.2841],[136.7104,35.2827],[136.7079,35.2801],[136.7062,35.278],[136.7046,35.2756],[136.7059,35.2749],[136.707,35.2745],[136.7088,35.274],[136.7089,35.2738],[136.7108,35.2733],[136.7117,35.2732],[136.7133,35.273],[136.7136,35.2722],[136.7143,35.272],[136.7168,35.2716],[136.7202,35.2715],[136.7215,35.2717],[136.7263,35.2708],[136.7274,35.2708],[136.7284,35.2707],[136.7292,35.2703],[136.7295,35.2691],[136.73,35.2687],[136.7318,35.2682],[136.7328,35.2683],[136.7337,35.2687],[136.7343,35.2686],[136.7346,35.2683],[136.7363,35.2682],[136.7364,35.2662],[136.7369,35.2657],[136.7376,35.2654],[136.7381,35.2643],[136.7386,35.2627],[136.7395,35.2606],[136.7391,35.2596],[136.7397,35.2584],[136.7403,35.2581],[136.7413,35.2587],[136.7417,35.2586],[136.7427,35.2599],[136.7438,35.2608],[136.7489,35.2633],[136.7502,35.264],[136.7507,35.2646],[136.751,35.2652],[136.7512,35.2664],[136.7521,35.2665],[136.7536,35.2666],[136.7537,35.2671],[136.7555,35.2674],[136.7573,35.2669],[136.7572,35.2681],[136.7575,35.2682],[136.759,35.2682],[136.7591,35.2678],[136.76,35.2678],[136.7601,35.266],[136.7606,35.2659],[136.7606,35.265],[136.7611,35.2648],[136.7611,35.2637],[136.7625,35.2635],[136.7634,35.2632],[136.7636,35.2628],[136.7651,35.2628],[136.7651,35.2623],[136.7665,35.262],[136.7674,35.2619],[136.7674,35.2615],[136.7699,35.2608],[136.7712,35.2606],[136.773,35.2606],[136.7737,35.2605],[136.7737,35.2603],[136.7748,35.2602],[136.7758,35.2603],[136.7758,35.2605],[136.7767,35.2607],[136.7767,35.2616],[136.7781,35.2613],[136.7788,35.2633],[136.7807,35.2633],[136.7862,35.2634],[136.786,35.2644],[136.7864,35.2644],[136.7863,35.2655],[136.7875,35.2656],[136.7877,35.2665],[136.788,35.2665],[136.7881,35.2672],[136.7911,35.2672],[136.7911,35.2684],[136.7949,35.2686],[136.7957,35.2687],[136.7982,35.2689],[136.7982,35.2697],[136.7983,35.2709],[136.8004,35.2708],[136.8007,35.271],[136.8027,35.2711],[136.8036,35.271],[136.8051,35.2731],[136.8069,35.2753],[136.8072,35.2757],[136.8071,35.2763],[136.8074,35.2764],[136.8093,35.2762],[136.8106,35.2756],[136.8114,35.2755],[136.8127,35.2754],[136.8135,35.2762],[136.8139,35.276],[136.8151,35.2757],[136.8152,35.2759],[136.8193,35.2751],[136.8195,35.276],[136.8203,35.276],[136.822,35.2763],[136.8229,35.2758],[136.8233,35.2759],[136.8244,35.2765],[136.8253,35.2767],[136.8259,35.2765],[136.8253,35.276],[136.8247,35.2758],[136.825,35.2755],[136.824,35.2742],[136.824,35.2739],[136.8252,35.2723],[136.826,35.2723],[136.8282,35.273],[136.8289,35.2729],[136.8299,35.2722],[136.83,35.2707],[136.8297,35.27],[136.8288,35.2693],[136.8281,35.2694],[136.8273,35.2691],[136.8282,35.2674],[136.8291,35.2677],[136.8291,35.2662],[136.8285,35.2656],[136.8286,35.265],[136.8289,35.2649],[136.8292,35.2636],[136.8293,35.2618],[136.8284,35.2618],[136.8285,35.2609],[136.8289,35.2609],[136.8289,35.2602],[136.8301,35.2603],[136.8309,35.2598],[136.8309,35.2591],[136.8322,35.2591],[136.8324,35.2595],[136.8331,35.2597],[136.834,35.2586],[136.8335,35.2582],[136.8337,35.2572],[136.8345,35.2572],[136.8347,35.2561],[136.8343,35.2558],[136.8345,35.2553],[136.835,35.2547],[136.8358,35.2541],[136.8361,35.2536],[136.8367,35.2517],[136.8368,35.2506],[136.8371,35.2505],[136.8386,35.2502],[136.8386,35.2507],[136.8401,35.2505],[136.8408,35.2506],[136.8405,35.2518],[136.8409,35.2518],[136.8432,35.2518],[136.8432,35.2525],[136.8429,35.254],[136.8435,35.2542],[136.8429,35.2565],[136.8424,35.2565],[136.8422,35.257],[136.8429,35.2574],[136.8428,35.2578],[136.8414,35.258],[136.8419,35.2584],[136.8432,35.2598],[136.8449,35.2603],[136.8451,35.2599],[136.8455,35.2599],[136.8456,35.2605],[136.8472,35.2617],[136.8476,35.2621],[136.8491,35.2632],[136.8496,35.264],[136.85,35.2644],[136.8507,35.2647],[136.851,35.2654],[136.85,35.2655],[136.8498,35.2663],[136.8515,35.2663],[136.8517,35.2669],[136.8508,35.2668],[136.8499,35.2665],[136.8478,35.2662],[136.8469,35.2661],[136.8468,35.2673],[136.8461,35.2676],[136.8465,35.2693],[136.8459,35.2695],[136.8456,35.2699],[136.8443,35.2707],[136.8438,35.2712],[136.8436,35.2719],[136.8436,35.2728],[136.8433,35.2728],[136.8431,35.2736],[136.843,35.2745],[136.8466,35.2746],[136.8468,35.2759],[136.8469,35.2763],[136.8482,35.2776],[136.8486,35.2776],[136.8491,35.2779],[136.849,35.2798],[136.8517,35.2797],[136.8544,35.2798],[136.8564,35.2798],[136.8564,35.2811],[136.859,35.2811],[136.86,35.2812],[136.86,35.2829],[136.8598,35.283],[136.8602,35.2844],[136.8613,35.2862],[136.8625,35.2889],[136.8644,35.2906],[136.8645,35.291],[136.8646,35.2922],[136.8649,35.2937],[136.8651,35.2966],[136.8658,35.2968],[136.8663,35.2975],[136.8668,35.2978],[136.8691,35.2979],[136.8704,35.2978],[136.8712,35.2975],[136.8727,35.2977],[136.8729,35.298],[136.874,35.2987],[136.8745,35.2992],[136.8758,35.3003],[136.8768,35.3018],[136.8773,35.3023],[136.8768,35.3022],[136.8756,35.3028],[136.8751,35.3033],[136.8747,35.3032],[136.8741,35.3035],[136.8742,35.3038],[136.8734,35.3041],[136.8727,35.3039],[136.8727,35.3045],[136.8717,35.3046],[136.8719,35.307],[136.8723,35.3074],[136.8723,35.308],[136.8715,35.3081],[136.8711,35.3084],[136.8693,35.3085],[136.8693,35.3087],[136.8686,35.3091],[136.8689,35.3095],[136.8691,35.3102],[136.8692,35.3116],[136.8688,35.3116],[136.8669,35.3119],[136.8665,35.3107],[136.8646,35.3109],[136.8643,35.3092],[136.8622,35.3095],[136.8613,35.3103],[136.8607,35.311],[136.8611,35.3116],[136.8607,35.312],[136.8619,35.3134],[136.862,35.3136],[136.8599,35.3149],[136.859,35.3154],[136.858,35.3157],[136.8578,35.3155],[136.8565,35.3155],[136.8562,35.3156],[136.8562,35.3161],[136.8559,35.3165],[136.8548,35.3169],[136.8552,35.3179],[136.855,35.3186],[136.8554,35.319],[136.8563,35.3199],[136.8555,35.3203],[136.8541,35.3205],[136.854,35.321],[136.8556,35.3208],[136.8562,35.3212],[136.8567,35.3212],[136.8569,35.322],[136.8562,35.3234],[136.8541,35.3243],[136.8531,35.3252],[136.8523,35.3257],[136.851,35.3267],[136.85,35.3272],[136.8486,35.327],[136.8483,35.3268],[136.8472,35.3273],[136.8471,35.3275],[136.8449,35.3276],[136.8438,35.3277],[136.8428,35.3281],[136.8422,35.3281],[136.8403,35.3275],[136.8402,35.3278],[136.8415,35.3283],[136.8433,35.3288],[136.8456,35.3296],[136.8457,35.3307],[136.8457,35.3314],[136.8453,35.333],[136.8447,35.3353],[136.8446,35.3358],[136.8442,35.3366],[136.843,35.3367],[136.8415,35.3375],[136.8411,35.3389],[136.8404,35.3389],[136.841,35.34],[136.841,35.3414],[136.8413,35.3422],[136.8418,35.3455],[136.8406,35.3455],[136.8386,35.345],[136.8379,35.3456],[136.8377,35.3463],[136.8364,35.3465],[136.8351,35.3463],[136.8352,35.3468],[136.8339,35.347],[136.8336,35.3456],[136.8333,35.3456],[136.8323,35.3463],[136.8324,35.3469],[136.8336,35.3476],[136.8341,35.3482],[136.8347,35.3485],[136.8359,35.3495],[136.8368,35.35],[136.8375,35.3503],[136.8376,35.3506],[136.8381,35.351],[136.8371,35.3512],[136.8374,35.3524],[136.8372,35.3527],[136.8357,35.3536],[136.8342,35.3548],[136.834,35.3559]]]},"properties":{"N03_001":"愛知県","N03_002":"","N03_003":"","N03_004":"一宮市","N03_007":"23203"}},
{"type":"Feature","geometry":{"type":"Polygon","coordinates":[[[137.0599,35.2463],[137.0599,35.2454],[137.0601,35.2448],[137.0614,35.2443],[137.0617,35.2433],[137.0623,35.2425],[137.0644,35.2407],[137.0652,35.24],[137.0658,35.2389],[137.0658,35.2381],[137.0658,35.2365],[137.0656,35.2359],[137.0651,35.235],[137.0653,35.2342],[137.065,35.2337],[137.0644,35.2337],[137.064,35.2333],[137.064,35.2329],[137.0631,35.2326],[137.0627,35.2316],[137.0618,35.231],[137.0618,35.2298],[137.0614,35.2291],[137.0609,35.2287],[137.0602,35.2273],[137.0592,35.2259],[137.0578,35.225],[137.0577,35.2237],[137.0581,35.2227],[137.0573,35.2218],[137.0577,35.2207],[137.0583,35.2195],[137.0587,35.2189],[137.0581,35.2186],[137.0586,35.2183],[137.0589,35.2176],[137.06,35.2159],[137.0596,35.2156],[137.0596,35.2145],[137.0608,35.2144],[137.0609,35.2136],[137.0617,35.2133],[137.0622,35.2141],[137.0626,35.2145],[137.0632,35.2148],[137.0641,35.2148],[137.0653,35.2151],[137.0658,35.2158],[137.0668,35.2156],[137.0673,35.2151],[137.0682,35.2142],[137.0678,35.2138],[137.0658,35.2119],[137.0652,35.2118],[137.0649,35.2114],[137.0644,35.2102],[137.0636,35.2097],[137.0635,35.2094],[137.0627,35.2091],[137.0622,35.2084],[137.0604,35.209],[137.06,35.2091],[137.0578,35.2084],[137.057,35.208],[137.0536,35.2059],[137.0527,35.2052],[137.0522,35.2045],[137.0517,35.2041],[137.051,35.2038],[137.0491,35.2027],[137.0497,35.2016],[137.0498,35.2007],[137.0496,35.2006],[137.0507,35.198],[137.0486,35.1974],[137.0498,35.1947],[137.05,35.1944],[137.0508,35.1939],[137.0531,35.1941],[137.0531,35.1935],[137.0545,35.193],[137.0546,35.1926],[137.0561,35.1922],[137.0566,35.192],[137.0579,35.1918],[137.0592,35.1911],[137.0598,35.1911],[137.0605,35.1914],[137.0609,35.1921],[137.0616,35.1924],[137.0629,35.1923],[137.0636,35.1924],[137.0643,35.1931],[137.0659,35.1942],[137.0667,35.1951],[137.0671,35.1959],[137.068,35.1952],[137.0687,35.195],[137.0692,35.1944],[137.0694,35.194],[137.0709,35.1928],[137.0715,35.192],[137.0722,35.1914],[137.0734,35.1908],[137.0744,35.1905],[137.0753,35.1906],[137.076,35.1908],[137.077,35.1899],[137.0776,35.1893],[137.0783,35.1897],[137.0788,35.1897],[137.0797,35.1894],[137.0801,35.1889],[137.0808,35.1893],[137.0816,35.1887],[137.0833,35.1898],[137.0847,35.1901],[137.0852,35.1898],[137.0855,35.1892],[137.0857,35.1882],[137.087,35.1869],[137.0874,35.1861],[137.0868,35.1849],[137.0872,35.1845],[137.0877,35.1833],[137.0886,35.1829],[137.0892,35.1824],[137.0903,35.1822],[137.0907,35.1818],[137.0908,35.181],[137.0912,35.1807],[137.0921,35.1794],[137.0957,35.1794],[137.0962,35.1795],[137.097,35.1807],[137.0979,35.1805],[137.0986,35.1814],[137.0993,35.1815],[137.1001,35.1809],[137.1007,35.1809],[137.1013,35.1802],[137.1022,35.1798],[137.1032,35.1796],[137.1042,35.1794],[137.1053,35.1788],[137.1059,35.1789],[137.1061,35.1793],[137.1061,35.1809],[137.1065,35.1812],[137.1068,35.1827],[137.1077,35.1828],[137.1081,35.1836],[137.1085,35.184],[137.1086,35.1854],[137.1092,35.1857],[137.1102,35.1857],[137.1106,35.1855],[137.1125,35.1853],[137.1133,35.1856],[137.1138,35.1856],[137.1148,35.1853],[137.1152,35.1854],[137.1157,35.1851],[137.1159,35.1847],[137.1175,35.1841],[137.1182,35.1841],[137.1193,35.1845],[137.1198,35.185],[137.1212,35.1853],[137.122,35.1848],[137.1229,35.1845],[137.1239,35.1839],[137.1244,35.1834],[137.1247,35.1827],[137.1261,35.1824],[137.1264,35.1828],[137.1271,35.1832],[137.128,35.1834],[137.1284,35.1839],[137.1289,35.1841],[137.1294,35.1847],[137.1295,35.1853],[137.1291,35.1857],[137.1291,35.1863],[137.1289,35.1867],[137.1292,35.1874],[137.1294,35.1885],[137.1298,35.1889],[137.1308,35.1889],[137.1314,35.1892],[137.132,35.1898],[137.133,35.1901],[137.1338,35.191],[137.1349,35.192],[137.1354,35.1923],[137.1366,35.1923],[137.1385,35.192],[137.1394,35.1921],[137.1399,35.1925],[137.1414,35.1927],[137.142,35.1931],[137.143,35.1934],[137.1431,35.1936],[137.1433,35.1954],[137.143,35.1969],[137.1434,35.1973],[137.1446,35.1974],[137.1448,35.1979],[137.1454,35.1986],[137.1457,35.1987],[137.1468,35.1982],[137.1477,35.1982],[137.1482,35.1985],[137.1491,35.1998],[137.1496,35.1999],[137.1499,35.2003],[137.1507,35.2005],[137.1517,35.2018],[137.1526,35.202],[137.1531,35.2028],[137.153,35.2036],[137.1549,35.2035],[137.1555,35.204],[137.1563,35.204],[137.1572,35.2043],[137.1577,35.2046],[137.1581,35.2052],[137.1588,35.2059],[137.1601,35.2058],[137.1608,35.2066],[137.1614,35.2067],[137.162,35.2063],[137.1635,35.206],[137.1641,35.2064],[137.165,35.2065],[137.166,35.2059],[137.1673,35.2058],[137.1684,35.2054],[137.1698,35.2064],[137.17,35.2067],[137.1701,35.2082],[137.1704,35.2085],[137.171,35.2087],[137.1717,35.2094],[137.1722,35.21],[137.1722,35.2104],[137.1727,35.2111],[137.1724,35.2119],[137.1725,35.2122],[137.173,35.2127],[137.1725,35.2131],[137.1725,35.2141],[137.1728,35.215],[137.1736,35.2154],[137.1737,35.2157],[137.1735,35.2166],[137.1734,35.2179],[137.1737,35.2184],[137.1739,35.2192],[137.1742,35.2196],[137.1748,35.2198],[137.1749,35.2207],[137.1755,35.2214],[137.176,35.2229],[137.1767,35.2231],[137.1779,35.2243],[137.1781,35.2247],[137.1779,35.2254],[137.1792,35.2266],[137.1796,35.2269],[137.181,35.2285],[137.1822,35.2285],[137.1837,35.2283],[137.1841,35.2286],[137.1842,35.2293],[137.1847,35.2306],[137.1842,35.2307],[137.1834,35.2318],[137.183,35.2318],[137.1822,35.2317],[137.1816,35.2318],[137.181,35.2322],[137.1807,35.2323],[137.1797,35.2329],[137.179,35.2337],[137.1788,35.2345],[137.1781,35.2352],[137.1775,35.2363],[137.178,35.2365],[137.1787,35.2377],[137.1789,35.2385],[137.1797,35.2394],[137.1798,35.24],[137.1792,35.2406],[137.1792,35.2411],[137.1796,35.2421],[137.1797,35.2429],[137.1806,35.2436],[137.1804,35.2445],[137.1813,35.2449],[137.1814,35.2455],[137.1821,35.2459],[137.1827,35.246],[137.1834,35.2468],[137.1831,35.2475],[137.1833,35.2489],[137.1842,35.25],[137.1858,35.2505],[137.1867,35.2506],[137.1873,35.2512],[137.1881,35.2512],[137.1889,35.2519],[137.1895,35.2526],[137.1884,35.2527],[137.1877,35.2531],[137.1867,35.2531],[137.1845,35.2541],[137.1839,35.2547],[137.1838,35.2556],[137.1826,35.2565],[137.1821,35.2572],[137.1812,35.2576],[137.1805,35.2581],[137.1797,35.2579],[137.1791,35.2585],[137.178,35.259],[137.177,35.2599],[137.1764,35.2604],[137.1761,35.2613],[137.1756,35.2626],[137.1755,35.2636],[137.1756,35.2643],[137.1752,35.2647],[137.1742,35.2647],[137.173,35.2648],[137.1732,35.2654],[137.1741,35.2656],[137.1756,35.2664],[137.1764,35.2677],[137.1772,35.2683],[137.1771,35.2692],[137.1767,35.2696],[137.1766,35.2701],[137.1752,35.2708],[137.1739,35.2717],[137.1736,35.2722],[137.1738,35.2739],[137.1737,35.2743],[137.173,35.2751],[137.1723,35.2754],[137.1713,35.2752],[137.1699,35.2756],[137.1696,35.276],[137.1695,35.2764],[137.1697,35.277],[137.1697,35.2779],[137.1692,35.2783],[137.1683,35.2785],[137.1672,35.2797],[137.1667,35.2801],[137.166,35.2816],[137.1655,35.2823],[137.1654,35.2832],[137.1644,35.2831],[137.1639,35.2828],[137.1631,35.2828],[137.1626,35.2832],[137.1622,35.2823],[137.1618,35.282],[137.1606,35.2824],[137.1589,35.2822],[137.1574,35.2815],[137.1564,35.2813],[137.1557,35.2809],[137.1551,35.28],[137.1541,35.2794],[137.1525,35.2793],[137.1516,35.2799],[137.1513,35.2802],[137.1507,35.2804],[137.1506,35.2809],[137.1501,35.2813],[137.1494,35.2816],[137.1483,35.2807],[137.1472,35.2805],[137.1468,35.2801],[137.1458,35.2798],[137.1449,35.2803],[137.1439,35.2806],[137.1435,35.2808],[137.1433,35.2817],[137.1427,35.2825],[137.1422,35.2834],[137.1421,35.2839],[137.1411,35.2843],[137.1406,35.2847],[137.1405,35.2853],[137.1402,35.2858],[137.1384,35.2866],[137.1382,35.287],[137.1383,35.2879],[137.137,35.2886],[137.1353,35.2902],[137.1347,35.2903],[137.1334,35.2918],[137.1334,35.2926],[137.1327,35.2926],[137.132,35.2934],[137.1316,35.2936],[137.1308,35.2927],[137.1304,35.2927],[137.1298,35.2934],[137.1294,35.2943],[137.1287,35.2947],[137.1281,35.2942],[137.127,35.2944],[137.1264,35.2952],[137.1255,35.2955],[137.1243,35.2955],[137.1235,35.2961],[137.1225,35.2958],[137.1217,35.2961],[137.1214,35.2964],[137.1202,35.2967],[137.1198,35.2972],[137.1189,35.2979],[137.1182,35.2975],[137.1174,35.2975],[137.117,35.2973],[137.1164,35.2974],[137.1154,35.2986],[137.1151,35.2988],[137.1139,35.2989],[137.1136,35.2991],[137.1129,35.2991],[137.1125,35.2988],[137.1108,35.2994],[137.1092,35.3001],[137.1087,35.3001],[137.1065,35.3003],[137.1055,35.3005],[137.1023,35.3016],[137.101,35.3016],[137.1011,35.2998],[137.1008,35.2991],[137.0992,35.2981],[137.0982,35.2976],[137.0978,35.2972],[137.0976,35.2965],[137.098,35.2953],[137.0988,35.2936],[137.0989,35.2925],[137.0985,35.292],[137.098,35.2916],[137.0966,35.2913],[137.0963,35.2907],[137.0967,35.2902],[137.0975,35.2896],[137.0977,35.2891],[137.097,35.2887],[137.0947,35.2885],[137.0932,35.2881],[137.0917,35.2876],[137.0911,35.2872],[137.0907,35.2867],[137.0899,35.2861],[137.0879,35.2849],[137.0867,35.2829],[137.0859,35.2822],[137.0846,35.2816],[137.0837,35.2811],[137.083,35.2804],[137.0818,35.2789],[137.0815,35.2779],[137.0808,35.2749],[137.0807,35.2745],[137.0789,35.2725],[137.0783,35.2717],[137.0768,35.2702],[137.0742,35.2683],[137.0728,35.2672],[137.0718,35.2662],[137.0684,35.263],[137.0675,35.2625],[137.0666,35.2622],[137.0653,35.2622],[137.0639,35.2627],[137.0622,35.2638],[137.061,35.265],[137.0606,35.2652],[137.0599,35.265],[137.0587,35.2653],[137.0572,35.2655],[137.0563,35.2655],[137.0557,35.2653],[137.0551,35.2649],[137.0542,35.2637],[137.0531,35.2625],[137.0528,35.262],[137.052,35.2612],[137.0503,35.2602],[137.051,35.2597],[137.0516,35.2594],[137.0525,35.2584],[137.0531,35.2583],[137.0535,35.2578],[137.0536,35.2567],[137.053,35.2561],[137.053,35.2553],[137.0536,35.255],[137.0533,35.2543],[137.0533,35.2534],[137.0538,35.2527],[137.0541,35.2518],[137.0547,35.2512],[137.055,35.2504],[137.056,35.2503],[137.057,35.2501],[137.0576,35.2503],[137.0587,35.2513],[137.0594,35.2512],[137.0597,35.2508],[137.0604,35.2494],[137.0609,35.2482],[137.0599,35.2463]]]},"properties":{"N03_001":"愛知県","N03_002":"","N03_003":"","N03_004":"瀬戸市","N03_007":"23204"}},
{"type":"Feature","geometry":{"type":"Polygon","coordinates":[[[136.8798,34.9181],[136.8794,34.9179],[136.8791,34.9173],[136.8784,34.9169],[136.8787,34.9164],[136.8759,34.915],[136.8751,34.914],[136.8734,34.9131],[136.8733,34.9122],[136.8726,34.9118],[136.8721,34.912],[136.8707,34.9107],[136.8707,34.9105],[136.8695,34.9098],[136.8692,34.9088],[136.8694,34.9079],[136.8689,34.9071],[136.8695,34.9062],[136.8691,34.9054],[136.868,34.9046],[136.8678,34.9032],[136.8669,34.9028],[136.8667,34.9026],[136.8666,34.9019],[136.8657,34.9007],[136.8658,34.9002],[136.8673,34.8996],[136.8681,34.8996],[136.8686,34.8991],[136.8685,34.8984],[136.8696,34.8981],[136.8702,34.8978],[136.8705,34.8971],[136.8714,34.8971],[136.8719,34.8973],[136.8733,34.8976],[136.874,34.8973],[136.8744,34.8976],[136.875,34.8976],[136.876,34.8972],[136.8765,34.8968],[136.8769,34.8963],[136.8772,34.8952],[136.8772,34.8947],[136.8768,34.894],[136.8766,34.893],[136.877,34.8915],[136.8771,34.8904],[136.8772,34.8881],[136.8768,34.8873],[136.8762,34.887],[136.875,34.8838],[136.8749,34.8829],[136.8753,34.8821],[136.8758,34.8815],[136.8761,34.8791],[136.8757,34.8789],[136.8757,34.8783],[136.8761,34.8783],[136.8765,34.8783],[136.8767,34.8782],[136.877,34.8782],[136.8773,34.8783],[136.8776,34.8783],[136.8778,34.8783],[136.878,34.8782],[136.8782,34.8782],[136.8785,34.8781],[136.8787,34.878],[136.8788,34.8779],[136.8789,34.8778],[136.879,34.8776],[136.879,34.8774],[136.8791,34.8774],[136.8791,34.8773],[136.8793,34.8772],[136.8794,34.8771],[136.8796,34.8769],[136.8798,34.8769],[136.8799,34.8768],[136.88,34.8768],[136.8801,34.8771],[136.8803,34.877],[136.8804,34.8769],[136.8806,34.8768],[136.8809,34.8766],[136.881,34.8766],[136.8811,34.8764],[136.8812,34.8763],[136.8813,34.876],[136.8813,34.8759],[136.8814,34.8758],[136.8815,34.8757],[136.8816,34.8755],[136.8817,34.8754],[136.8819,34.8753],[136.8821,34.8752],[136.8821,34.8751],[136.8821,34.875],[136.8821,34.8749],[136.8821,34.8748],[136.8822,34.8746],[136.8823,34.8744],[136.8825,34.8743],[136.8828,34.874],[136.883,34.8739],[136.8831,34.874],[136.8833,34.8741],[136.8834,34.8741],[136.8841,34.874],[136.8842,34.874],[136.8842,34.8735],[136.8844,34.8735],[136.8848,34.8735],[136.8853,34.8735],[136.8857,34.8735],[136.8858,34.8739],[136.8861,34.8739],[136.8863,34.8739],[136.8866,34.8739],[136.8869,34.8739],[136.8876,34.874],[136.8884,34.8741],[136.8885,34.8741],[136.8887,34.8741],[136.8888,34.8741],[136.8889,34.8742],[136.8895,34.8743],[136.8905,34.8744],[136.8907,34.8744],[136.8909,34.8745],[136.891,34.8745],[136.8914,34.8747],[136.8917,34.8747],[136.8921,34.8748],[136.8925,34.8749],[136.8927,34.8749],[136.8928,34.8749],[136.893,34.875],[136.8933,34.875],[136.8935,34.8749],[136.8937,34.8749],[136.8939,34.8749],[136.8941,34.875],[136.8942,34.875],[136.8944,34.875],[136.8946,34.875],[136.8947,34.875],[136.8948,34.875],[136.8949,34.8749],[136.8952,34.8748],[136.8953,34.8748],[136.8957,34.8746],[136.8958,34.8746],[136.896,34.8745],[136.8961,34.8745],[136.8963,34.8745],[136.8964,34.8745],[136.8966,34.8744],[136.8967,34.8743],[136.8968,34.8742],[136.897,34.8739],[136.8971,34.8738],[136.8972,34.8737],[136.8974,34.8735],[136.8976,34.8734],[136.8977,34.8734],[136.8979,34.8733],[136.898,34.8733],[136.8983,34.8733],[136.8986,34.8732],[136.8988,34.8731],[136.899,34.8731],[136.8994,34.873],[136.8997,34.8729],[136.8999,34.8728],[136.9,34.8727],[136.9002,34.8727],[136.9004,34.8726],[136.9007,34.8725],[136.901,34.8724],[136.9014,34.8722],[136.9015,34.8722],[136.902,34.872],[136.9024,34.8719],[136.9025,34.8718],[136.9026,34.8718],[136.9029,34.8717],[136.903,34.8717],[136.9031,34.8717],[136.9032,34.8716],[136.9034,34.8716],[136.9036,34.8716],[136.9036,34.8715],[136.9037,34.8714],[136.9039,34.8713],[136.9041,34.8713],[136.9042,34.8712],[136.9043,34.8712],[136.9046,34.8712],[136.9048,34.8712],[136.9048,34.8708],[136.905,34.8708],[136.9052,34.8709],[136.9054,34.8709],[136.9058,34.8709],[136.9062,34.8709],[136.9063,34.8709],[136.9066,34.8708],[136.9067,34.8708],[136.9068,34.8708],[136.9069,34.8708],[136.907,34.8708],[136.9072,34.8708],[136.9076,34.8708],[136.9078,34.8708],[136.9079,34.8708],[136.9081,34.8708],[136.9083,34.8708],[136.9085,34.8708],[136.9087,34.8708],[136.9091,34.8708],[136.9093,34.8708],[136.9101,34.8707],[136.9103,34.8706],[136.9106,34.8706],[136.9107,34.8706],[136.9113,34.8705],[136.9116,34.8705],[136.9116,34.8704],[136.9116,34.8703],[136.9115,34.8702],[136.9115,34.8701],[136.9115,34.87],[136.9115,34.8697],[136.9117,34.8697],[136.9121,34.8697],[136.9124,34.8697],[136.9125,34.8697],[136.9127,34.8697],[136.9128,34.8697],[136.913,34.8697],[136.9131,34.8697],[136.9132,34.8697],[136.9133,34.8697],[136.9133,34.8696],[136.9133,34.8694],[136.9134,34.8693],[136.9134,34.8692],[136.9136,34.869],[136.9137,34.8691],[136.9138,34.8692],[136.914,34.8692],[136.9141,34.8691],[136.9143,34.8691],[136.9146,34.8691],[136.9147,34.8691],[136.9146,34.8695],[136.9146,34.8696],[136.9146,34.8697],[136.9148,34.8697],[136.9152,34.8697],[136.9152,34.8693],[136.9152,34.8688],[136.9152,34.8687],[136.9152,34.8686],[136.9153,34.8686],[136.9157,34.8686],[136.916,34.8686],[136.9162,34.8686],[136.9163,34.8686],[136.9164,34.8686],[136.9165,34.8686],[136.9167,34.8686],[136.917,34.8686],[136.9179,34.8687],[136.9182,34.8687],[136.9187,34.8687],[136.9188,34.8687],[136.9189,34.8686],[136.919,34.8686],[136.9193,34.8686],[136.9199,34.8687],[136.9203,34.8689],[136.9205,34.869],[136.9207,34.869],[136.9209,34.8691],[136.9212,34.8692],[136.9214,34.8693],[136.9216,34.8693],[136.9218,34.8694],[136.9223,34.8699],[136.9227,34.8702],[136.9229,34.8702],[136.9232,34.8702],[136.9233,34.8702],[136.9235,34.8701],[136.9237,34.87],[136.9238,34.8697],[136.9239,34.8696],[136.9241,34.8693],[136.9243,34.8688],[136.9244,34.8688],[136.9246,34.8685],[136.9249,34.8682],[136.9249,34.8681],[136.925,34.868],[136.9251,34.8679],[136.9254,34.8679],[136.9257,34.8678],[136.9262,34.8678],[136.9266,34.8677],[136.927,34.8676],[136.9274,34.8674],[136.9275,34.8674],[136.9277,34.8673],[136.928,34.8672],[136.9285,34.867],[136.9286,34.867],[136.9287,34.867],[136.929,34.8669],[136.9294,34.8667],[136.9296,34.8667],[136.9306,34.8663],[136.9317,34.8659],[136.9326,34.8656],[136.9328,34.8655],[136.933,34.8655],[136.9333,34.8653],[136.9337,34.8652],[136.9339,34.8652],[136.9343,34.865],[136.9344,34.8649],[136.9351,34.8647],[136.9357,34.8645],[136.9374,34.8639],[136.9377,34.8638],[136.939,34.8634],[136.9399,34.8631],[136.9403,34.8629],[136.9407,34.8628],[136.9458,34.8694],[136.946,34.8742],[136.9407,34.8763],[136.9394,34.8754],[136.9377,34.8739],[136.9373,34.8735],[136.9358,34.8741],[136.9343,34.8747],[136.9358,34.8778],[136.9364,34.8782],[136.9399,34.8773],[136.9442,34.8809],[136.9514,34.8779],[136.9518,34.8786],[136.9578,34.8761],[136.9568,34.8719],[136.9588,34.8711],[136.9598,34.8753],[136.9599,34.8753],[136.9627,34.8741],[136.9642,34.8765],[136.9602,34.8799],[136.9572,34.8811],[136.9588,34.8842],[136.9602,34.8855],[136.9653,34.8935],[136.9685,34.8997],[136.9693,34.9012],[136.9696,34.9028],[136.971,34.908],[136.9717,34.9085],[136.9726,34.9118],[136.9688,34.9144],[136.9683,34.9147],[136.971,34.9169],[136.9719,34.9167],[136.9721,34.9172],[136.9728,34.9177],[136.9732,34.9176],[136.9734,34.9184],[136.9736,34.9204],[136.9741,34.924],[136.9752,34.9322],[136.9739,34.9323],[136.9656,34.9329],[136.9655,34.933],[136.9662,34.9347],[136.9667,34.9353],[136.9663,34.9355],[136.9667,34.9363],[136.9663,34.9368],[136.9648,34.9376],[136.9629,34.9389],[136.9617,34.9396],[136.9605,34.9401],[136.9598,34.9398],[136.959,34.9399],[136.9589,34.9391],[136.9583,34.9382],[136.9574,34.9379],[136.9561,34.9382],[136.9552,34.9381],[136.9548,34.9383],[136.9538,34.9381],[136.9523,34.9388],[136.9512,34.939],[136.9506,34.9403],[136.9501,34.9407],[136.9484,34.9415],[136.9472,34.9417],[136.9466,34.9414],[136.9461,34.9416],[136.9443,34.9418],[136.9433,34.9408],[136.942,34.9397],[136.9411,34.939],[136.9411,34.9376],[136.9409,34.9372],[136.94,34.9371],[136.9392,34.9372],[136.9385,34.9362],[136.9384,34.9349],[136.9383,34.9341],[136.9385,34.9327],[136.9381,34.9325],[136.9373,34.9323],[136.9371,34.9317],[136.9362,34.9312],[136.936,34.9307],[136.9355,34.9285],[136.9359,34.9276],[136.9374,34.9267],[136.9356,34.9247],[136.9344,34.9239],[136.9337,34.9232],[136.9336,34.9227],[136.9336,34.9207],[136.9342,34.92],[136.9346,34.9194],[136.9346,34.919],[136.934,34.9166],[136.934,34.9162],[136.9332,34.9155],[136.9333,34.915],[136.934,34.9148],[136.9352,34.9143],[136.9366,34.9134],[136.9371,34.9127],[136.9382,34.9117],[136.9369,34.9105],[136.9326,34.9133],[136.9316,34.9123],[136.9307,34.9119],[136.9297,34.911],[136.9293,34.9108],[136.9284,34.9108],[136.9273,34.9116],[136.9271,34.9123],[136.9273,34.9131],[136.9267,34.9135],[136.9258,34.9137],[136.925,34.9138],[136.9243,34.9136],[136.9226,34.9123],[136.9221,34.9123],[136.9216,34.9127],[136.9195,34.9132],[136.9173,34.9126],[136.917,34.9124],[136.9165,34.9116],[136.9157,34.9107],[136.9151,34.9106],[136.9138,34.9108],[136.9135,34.9114],[136.9125,34.9116],[136.9117,34.912],[136.9116,34.9115],[136.9108,34.9117],[136.9103,34.9122],[136.9097,34.9126],[136.9088,34.9126],[136.908,34.9129],[136.9066,34.9128],[136.9057,34.9134],[136.9049,34.9137],[136.9037,34.9136],[136.9011,34.9141],[136.9007,34.9141],[136.8993,34.9142],[136.8985,34.9139],[136.8967,34.9128],[136.8972,34.912],[136.8964,34.9116],[136.8959,34.9122],[136.8949,34.9114],[136.8941,34.9111],[136.8932,34.911],[136.8923,34.9113],[136.891,34.9113],[136.8889,34.9114],[136.8876,34.9109],[136.8869,34.911],[136.8862,34.912],[136.886,34.9121],[136.8848,34.9124],[136.8845,34.9127],[136.8827,34.9146],[136.8825,34.9148],[136.881,34.9165],[136.8798,34.9181]]]},"properties":{"N03_001":"愛知県","N03_002":"","N03_003":"","N03_004":"半田市","N03_007":"23205"}},
{"type":"Feature","geometry":{"type":"Polygon","coordinates":[[[136.9366,35.2161],[136.9378,35.2164],[136.9387,35.2165],[136.9403,35.2164],[136.9422,35.2164],[136.9447,35.2162],[136.9467,35.2161],[136.9484,35.2162],[136.9519,35.217],[136.9544,35.2172],[136.9562,35.2174],[136.9581,35.2174],[136.9602,35.2171],[136.9641,35.2168],[136.9665,35.2168],[136.9677,35.2171],[136.9703,35.2173],[136.9719,35.2176],[136.9736,35.2184],[136.9749,35.2194],[136.9766,35.2212],[136.9777,35.2219],[136.9787,35.2229],[136.9805,35.2245],[136.9814,35.2252],[136.983,35.226],[136.9858,35.2261],[136.9883,35.2264],[136.989,35.2267],[136.9896,35.2279],[136.9904,35.2299],[136.9905,35.2304],[136.9902,35.2319],[136.9896,35.2349],[136.9896,35.2369],[136.9897,35.2379],[136.9901,35.2386],[136.9906,35.2392],[136.9916,35.2402],[136.9932,35.2409],[136.9959,35.2408],[136.997,35.2408],[137.0016,35.2406],[137.0036,35.2404],[137.0053,35.2404],[137.0067,35.2407],[137.0074,35.2411],[137.0084,35.2419],[137.0094,35.2428],[137.0102,35.2438],[137.0108,35.2447],[137.0114,35.249],[137.0116,35.2497],[137.0121,35.2507],[137.0127,35.2512],[137.0136,35.2516],[137.0145,35.2518],[137.0155,35.2517],[137.017,35.2519],[137.0201,35.2524],[137.0224,35.2534],[137.0239,35.2543],[137.0254,35.2556],[137.0266,35.2568],[137.0282,35.2581],[137.0292,35.259],[137.0299,35.2593],[137.0314,35.2593],[137.0335,35.2588],[137.0348,35.2586],[137.037,35.2584],[137.0405,35.2586],[137.0443,35.259],[137.0477,35.2595],[137.0497,35.2599],[137.0503,35.2602],[137.052,35.2612],[137.0528,35.262],[137.0531,35.2625],[137.0542,35.2637],[137.0551,35.2649],[137.0557,35.2653],[137.0563,35.2655],[137.0572,35.2655],[137.0587,35.2653],[137.0599,35.265],[137.0606,35.2652],[137.061,35.265],[137.0622,35.2638],[137.0639,35.2627],[137.0653,35.2622],[137.0666,35.2622],[137.0675,35.2625],[137.0684,35.263],[137.0718,35.2662],[137.0728,35.2672],[137.0742,35.2683],[137.0768,35.2702],[137.0783,35.2717],[137.0789,35.2725],[137.0807,35.2745],[137.0808,35.2749],[137.0815,35.2779],[137.0818,35.2789],[137.083,35.2804],[137.0837,35.2811],[137.0846,35.2816],[137.0859,35.2822],[137.0867,35.2829],[137.0879,35.2849],[137.0899,35.2861],[137.0907,35.2867],[137.0911,35.2872],[137.0917,35.2876],[137.0932,35.2881],[137.0947,35.2885],[137.097,35.2887],[137.0977,35.2891],[137.0975,35.2896],[137.0967,35.2902],[137.0963,35.2907],[137.096,35.2906],[137.0952,35.2906],[137.0939,35.2911],[137.0932,35.2916],[137.0921,35.2928],[137.0918,35.2928],[137.0902,35.2924],[137.0882,35.2924],[137.0871,35.2925],[137.086,35.2924],[137.0852,35.2926],[137.0841,35.2923],[137.0825,35.2921],[137.0813,35.2922],[137.0811,35.2925],[137.081,35.2943],[137.0811,35.295],[137.08,35.2958],[137.0798,35.2962],[137.0804,35.2968],[137.0807,35.2977],[137.0812,35.2982],[137.0815,35.2998],[137.0814,35.3001],[137.0805,35.3009],[137.0804,35.3012],[137.0805,35.3023],[137.0801,35.303],[137.0802,35.3032],[137.0808,35.3037],[137.0811,35.3044],[137.0818,35.3051],[137.0816,35.3054],[137.0798,35.3068],[137.0789,35.3068],[137.0784,35.307],[137.0776,35.3071],[137.0765,35.3064],[137.0749,35.3063],[137.0736,35.3068],[137.0722,35.3067],[137.0718,35.3074],[137.0711,35.308],[137.0691,35.3087],[137.0684,35.3088],[137.0677,35.3088],[137.0668,35.309],[137.0668,35.3108],[137.0672,35.3115],[137.067,35.312],[137.066,35.3129],[137.0656,35.3143],[137.0648,35.3162],[137.0635,35.3182],[137.0635,35.3186],[137.0641,35.3207],[137.0652,35.3211],[137.0657,35.3218],[137.0662,35.3222],[137.0665,35.3226],[137.069,35.3242],[137.0696,35.3248],[137.0714,35.3254],[137.0727,35.3258],[137.073,35.3265],[137.0727,35.3269],[137.0726,35.3277],[137.072,35.3284],[137.072,35.329],[137.0714,35.3307],[137.0706,35.3307],[137.0701,35.331],[137.0698,35.3323],[137.0695,35.3327],[137.0686,35.3336],[137.0682,35.3357],[137.0678,35.3359],[137.0672,35.3358],[137.0662,35.3362],[137.0654,35.3361],[137.0646,35.3363],[137.0638,35.3362],[137.0636,35.3367],[137.0638,35.3375],[137.0634,35.3382],[137.0618,35.339],[137.0611,35.3391],[137.0596,35.3387],[137.0584,35.3387],[137.0574,35.3385],[137.0561,35.338],[137.0556,35.3379],[137.0553,35.3375],[137.0549,35.3365],[137.0541,35.3361],[137.0525,35.3366],[137.0517,35.336],[137.0509,35.3357],[137.0505,35.3354],[137.0502,35.3347],[137.0499,35.3344],[137.049,35.3347],[137.0479,35.3354],[137.0476,35.3363],[137.0471,35.3369],[137.0473,35.3376],[137.0463,35.3395],[137.0462,35.3394],[137.0454,35.3382],[137.0453,35.3369],[137.0447,35.3367],[137.044,35.337],[137.0435,35.3369],[137.0432,35.3359],[137.0425,35.335],[137.0416,35.3336],[137.0414,35.3328],[137.041,35.3317],[137.0415,35.3312],[137.0407,35.3305],[137.0401,35.3301],[137.0389,35.33],[137.0373,35.3297],[137.0362,35.3296],[137.0346,35.3288],[137.033,35.3277],[137.0322,35.3272],[137.0315,35.3266],[137.0302,35.3261],[137.0289,35.3259],[137.0279,35.3252],[137.0276,35.325],[137.0268,35.3251],[137.0255,35.3247],[137.0248,35.325],[137.0238,35.3237],[137.0214,35.3214],[137.0211,35.3212],[137.0195,35.321],[137.0192,35.3207],[137.0193,35.3201],[137.0198,35.3198],[137.0199,35.3191],[137.0199,35.3185],[137.0185,35.3173],[137.0185,35.3171],[137.0199,35.3158],[137.0199,35.3153],[137.0203,35.315],[137.02,35.3141],[137.0196,35.3139],[137.0182,35.3139],[137.0176,35.3134],[137.0172,35.3114],[137.0166,35.3113],[137.0165,35.3107],[137.0177,35.3093],[137.0178,35.3088],[137.0175,35.3082],[137.0177,35.3063],[137.0183,35.3059],[137.0183,35.3052],[137.0181,35.3048],[137.0164,35.3052],[137.0159,35.3052],[137.0145,35.305],[137.0136,35.3047],[137.0132,35.3044],[137.0137,35.3039],[137.0136,35.3035],[137.0128,35.3039],[137.0126,35.3037],[137.0146,35.3021],[137.0148,35.3025],[137.014,35.303],[137.014,35.3036],[137.0151,35.3038],[137.0154,35.3032],[137.0152,35.3021],[137.0145,35.3011],[137.0142,35.3011],[137.0132,35.3019],[137.0124,35.3023],[137.012,35.302],[137.0121,35.3017],[137.0134,35.3011],[137.0139,35.3008],[137.0138,35.3],[137.0098,35.3013],[137.0093,35.3017],[137.0086,35.3019],[137.0078,35.301],[137.0096,35.3007],[137.01,35.3002],[137.0109,35.3003],[137.0112,35.2997],[137.012,35.3001],[137.0127,35.3],[137.014,35.2992],[137.0142,35.2989],[137.0138,35.298],[137.0133,35.2977],[137.0133,35.2963],[137.0136,35.2954],[137.0137,35.2942],[137.0136,35.2933],[137.013,35.2931],[137.0122,35.2917],[137.0115,35.2907],[137.011,35.2909],[137.0106,35.2904],[137.0109,35.2897],[137.0104,35.2874],[137.0107,35.2869],[137.0124,35.2855],[137.0129,35.2849],[137.0125,35.2847],[137.0116,35.2855],[137.01,35.2866],[137.0092,35.2876],[137.0087,35.2874],[137.0093,35.2862],[137.01,35.2854],[137.0095,35.2853],[137.0089,35.2857],[137.0083,35.2871],[137.0078,35.2872],[137.0077,35.2863],[137.0072,35.2859],[137.0068,35.2864],[137.0063,35.2865],[137.0058,35.2864],[137.0058,35.2855],[137.0062,35.2847],[137.0057,35.2844],[137.0051,35.285],[137.0047,35.2861],[137.0038,35.2871],[137.0028,35.2869],[137.0028,35.2866],[137.0035,35.2864],[137.0037,35.2859],[137.0031,35.2855],[137.0017,35.2855],[137.0006,35.285],[137.0006,35.2846],[136.9996,35.2845],[136.9996,35.2836],[136.9983,35.2837],[136.9979,35.2838],[136.997,35.2836],[136.9963,35.2836],[136.9941,35.2824],[136.9944,35.2821],[136.9925,35.2819],[136.992,35.2822],[136.991,35.2817],[136.99,35.2813],[136.9894,35.2806],[136.9886,35.2806],[136.9881,35.2799],[136.9874,35.2807],[136.9867,35.2823],[136.9862,35.2826],[136.9857,35.2826],[136.9836,35.2819],[136.9832,35.2819],[136.9811,35.2815],[136.9805,35.2815],[136.9794,35.282],[136.9792,35.2825],[136.9794,35.2832],[136.9794,35.2839],[136.98,35.2846],[136.9797,35.2852],[136.9792,35.2849],[136.9784,35.2851],[136.9779,35.2843],[136.9759,35.2845],[136.9736,35.2851],[136.9728,35.2853],[136.9716,35.2859],[136.9704,35.2873],[136.9681,35.2891],[136.965,35.2874],[136.9651,35.2871],[136.9668,35.2863],[136.9655,35.2842],[136.9647,35.284],[136.9635,35.284],[136.9619,35.2834],[136.961,35.2832],[136.9604,35.2824],[136.9594,35.2821],[136.9602,35.2813],[136.9604,35.2809],[136.959,35.2807],[136.957,35.281],[136.9567,35.2814],[136.9553,35.2817],[136.9548,35.282],[136.9541,35.2829],[136.9536,35.2831],[136.9539,35.2837],[136.9482,35.2855],[136.9448,35.2868],[136.9438,35.2869],[136.943,35.2873],[136.9417,35.2862],[136.942,35.2858],[136.9426,35.286],[136.9429,35.2855],[136.9427,35.2849],[136.9433,35.2842],[136.9431,35.2839],[136.9435,35.2835],[136.9443,35.2832],[136.9443,35.2828],[136.9432,35.2823],[136.9434,35.2814],[136.944,35.2809],[136.9445,35.2809],[136.9448,35.2794],[136.9452,35.2788],[136.9451,35.2783],[136.9461,35.2781],[136.9459,35.2775],[136.9449,35.2769],[136.9443,35.2768],[136.9438,35.2775],[136.9422,35.2775],[136.941,35.2773],[136.9414,35.2764],[136.941,35.2757],[136.94,35.2755],[136.9399,35.2751],[136.9392,35.2749],[136.9361,35.2746],[136.9351,35.2744],[136.9344,35.2739],[136.9335,35.2738],[136.9322,35.2739],[136.9315,35.2734],[136.9312,35.2734],[136.9311,35.2725],[136.9309,35.2721],[136.9307,35.2694],[136.9304,35.2688],[136.9306,35.2681],[136.9308,35.266],[136.9306,35.2656],[136.931,35.2647],[136.9306,35.2645],[136.9306,35.2639],[136.9312,35.2635],[136.932,35.2632],[136.9331,35.2623],[136.9335,35.2618],[136.9345,35.2617],[136.9349,35.2614],[136.9349,35.261],[136.934,35.2604],[136.9334,35.2603],[136.9332,35.259],[136.9327,35.2588],[136.9324,35.2583],[136.9326,35.2576],[136.9325,35.2571],[136.9322,35.2565],[136.9312,35.2562],[136.9315,35.2556],[136.9314,35.2552],[136.9309,35.2553],[136.9304,35.2559],[136.931,35.2567],[136.9308,35.2573],[136.9299,35.2581],[136.9294,35.2578],[136.9301,35.2575],[136.9295,35.2568],[136.9294,35.2565],[136.9284,35.2561],[136.9281,35.2553],[136.9285,35.2547],[136.9298,35.2534],[136.9301,35.2534],[136.9309,35.2528],[136.9309,35.2522],[136.9313,35.2503],[136.931,35.2499],[136.9311,35.2495],[136.9322,35.2494],[136.9322,35.2489],[136.9318,35.2485],[136.9309,35.2482],[136.9307,35.248],[136.9304,35.2466],[136.9314,35.2468],[136.9315,35.2466],[136.9268,35.2426],[136.9265,35.2421],[136.9274,35.2418],[136.9282,35.2433],[136.9286,35.2432],[136.9299,35.2437],[136.93,35.242],[136.9298,35.2398],[136.9295,35.2364],[136.9291,35.2331],[136.9274,35.2329],[136.9266,35.2324],[136.9268,35.2319],[136.9265,35.2314],[136.9255,35.2311],[136.9251,35.2293],[136.9261,35.2293],[136.9263,35.2286],[136.9267,35.2287],[136.9273,35.2292],[136.9278,35.2291],[136.9292,35.2294],[136.9295,35.229],[136.9285,35.2289],[136.928,35.2286],[136.9281,35.2279],[136.9287,35.2277],[136.9289,35.2273],[136.9287,35.227],[136.9277,35.227],[136.9274,35.2268],[136.9278,35.2261],[136.9286,35.2257],[136.9283,35.2247],[136.9291,35.2247],[136.9293,35.2254],[136.9305,35.225],[136.9303,35.2246],[136.931,35.2243],[136.9304,35.2235],[136.9304,35.2231],[136.9317,35.223],[136.9328,35.2234],[136.9341,35.2236],[136.9354,35.2242],[136.9355,35.2235],[136.9376,35.224],[136.9383,35.2238],[136.9398,35.2242],[136.9399,35.2219],[136.9398,35.2214],[136.9394,35.2202],[136.9381,35.2185],[136.9373,35.2177],[136.9363,35.217],[136.9366,35.2161]]]},"properties":{"N03_001":"愛知県","N03_002":"","N03_003":"","N03_004":"春日井市","N03_007":"23206"}},
{"type":"Feature","geometry":{"type":"Polygon","coordinates":[[[137.2978,34.8057],[137.2996,34.8054],[137.2993,34.8039],[137.2999,34.8021],[137.3014,34.7982],[137.3015,34.798],[137.3041,34.7987],[137.3046,34.7974],[137.3083,34.7984],[137.3114,34.7991],[137.3108,34.8015],[137.308,34.8051],[137.3066,34.8061],[137.3047,34.8067],[137.3008,34.8096],[137.2986,34.8099],[137.2985,34.8095],[137.2981,34.8092],[137.298,34.8089],[137.2976,34.8062],[137.2977,34.8062],[137.2981,34.809],[137.2985,34.8094],[137.2986,34.8099],[137.3003,34.8097],[137.2999,34.8074],[137.2998,34.807],[137.2996,34.8055],[137.2978,34.8057]]]},"properties":{"N03_001":"愛知県","N03_002":"","N03_003":"","N03_004":"豊川市","N03_007":"23207"}},
{"type":"Feature","geometry":{"type":"Polygon","coordinates":[[[136.7636,35.1997],[136.763,35.1996],[136.7626,35.1989],[136.7628,35.1985],[136.7623,35.1983],[136.7618,35.1971],[136.7618,35.1962],[136.7615,35.1962],[136.7616,35.1955],[136.7612,35.1945],[136.7605,35.1945],[136.7572,35.1943],[136.7571,35.1918],[136.7575,35.1915],[136.7589,35.1914],[136.7589,35.191],[136.7585,35.1904],[136.7591,35.1902],[136.7584,35.1896],[136.7572,35.188],[136.7577,35.188],[136.7578,35.1865],[136.756,35.1865],[136.7555,35.1857],[136.754,35.1858],[136.7541,35.1846],[136.7545,35.1844],[136.7543,35.1839],[136.7539,35.1809],[136.7541,35.179],[136.7526,35.1783],[136.7516,35.178],[136.7509,35.1772],[136.7494,35.177],[136.7479,35.1769],[136.7479,35.1778],[136.7469,35.1795],[136.7466,35.1804],[136.7465,35.1816],[136.7434,35.1818],[136.743,35.1814],[136.7428,35.1805],[136.7418,35.1805],[136.7412,35.1807],[136.7411,35.1813],[136.7398,35.1813],[136.7391,35.1812],[136.7378,35.1813],[136.7379,35.1823],[136.7383,35.1825],[136.7388,35.1832],[136.7392,35.1832],[136.7394,35.1837],[136.7395,35.1848],[136.7393,35.186],[136.7394,35.1866],[136.7388,35.1876],[136.7384,35.188],[136.7378,35.1882],[136.7348,35.1888],[136.7346,35.1888],[136.7343,35.1851],[136.7341,35.1841],[136.7339,35.1837],[136.7324,35.1841],[136.7302,35.1841],[136.73,35.1843],[136.7301,35.1859],[136.7303,35.1871],[136.7305,35.1877],[136.7306,35.1884],[136.7312,35.1889],[136.7316,35.1898],[136.7309,35.1901],[136.7305,35.1893],[136.729,35.1899],[136.7283,35.1895],[136.7273,35.1884],[136.7269,35.1885],[136.726,35.1879],[136.7252,35.1878],[136.7247,35.1875],[136.7233,35.1859],[136.7228,35.1855],[136.7223,35.186],[136.7212,35.1877],[136.7203,35.1885],[136.7198,35.1887],[136.7176,35.1891],[136.7163,35.1892],[136.7164,35.1885],[136.7151,35.1881],[136.7146,35.1881],[136.7136,35.1885],[136.713,35.1881],[136.7122,35.1889],[136.7117,35.1891],[136.709,35.1895],[136.7079,35.1839],[136.7076,35.1821],[136.7071,35.1791],[136.7081,35.1766],[136.7077,35.1764],[136.7083,35.175],[136.7097,35.1716],[136.7093,35.1712],[136.7096,35.1703],[136.7101,35.1693],[136.7112,35.1666],[136.7097,35.1672],[136.71,35.1638],[136.7128,35.1646],[136.7127,35.1653],[136.7145,35.1654],[136.7148,35.1649],[136.7162,35.1639],[136.7174,35.1655],[136.7171,35.1663],[136.7177,35.1669],[136.7184,35.1664],[136.7209,35.1661],[136.721,35.1668],[136.7243,35.1665],[136.7247,35.1672],[136.7255,35.1669],[136.7257,35.1673],[136.7263,35.1671],[136.7268,35.1684],[136.7277,35.1682],[136.7299,35.1676],[136.7317,35.167],[136.7324,35.1667],[136.7322,35.1656],[136.7327,35.1655],[136.733,35.1648],[136.7344,35.1646],[136.7347,35.1643],[136.737,35.1641],[136.7377,35.164],[136.7379,35.1624],[136.7394,35.1623],[136.7409,35.1618],[136.7407,35.1606],[136.7417,35.16],[136.7418,35.1595],[136.7427,35.1593],[136.7425,35.1588],[136.7433,35.1586],[136.7439,35.159],[136.745,35.1589],[136.7457,35.1583],[136.7456,35.1575],[136.7462,35.1569],[136.7464,35.1558],[136.7467,35.1556],[136.7494,35.1547],[136.7494,35.1537],[136.7502,35.1516],[136.7504,35.1503],[136.7512,35.1504],[136.7514,35.1497],[136.7518,35.1497],[136.7523,35.1495],[136.7524,35.1488],[136.7532,35.1485],[136.7537,35.1487],[136.7542,35.1476],[136.7539,35.1473],[136.7551,35.1448],[136.7556,35.1449],[136.758,35.1456],[136.7588,35.144],[136.7587,35.1436],[136.7577,35.1432],[136.758,35.1426],[136.7576,35.1424],[136.758,35.1415],[136.7574,35.1413],[136.758,35.1397],[136.7576,35.1396],[136.7583,35.1383],[136.7579,35.1382],[136.7585,35.137],[136.7589,35.1371],[136.7592,35.1363],[136.7598,35.1336],[136.7619,35.1338],[136.7624,35.1335],[136.7624,35.133],[136.7627,35.1327],[136.7641,35.1332],[136.766,35.1342],[136.767,35.1347],[136.7681,35.1361],[136.7696,35.1364],[136.7709,35.1369],[136.7711,35.1377],[136.7727,35.1383],[136.7728,35.1385],[136.7725,35.1408],[136.7722,35.1414],[136.7714,35.1424],[136.7703,35.1429],[136.7698,35.1435],[136.7696,35.1441],[136.7697,35.1447],[136.77,35.1455],[136.7699,35.1458],[136.7704,35.1469],[136.7709,35.1476],[136.7707,35.1478],[136.7725,35.1491],[136.7726,35.1491],[136.7745,35.1506],[136.7749,35.1506],[136.7746,35.1498],[136.7751,35.1493],[136.776,35.149],[136.7782,35.1492],[136.7796,35.1494],[136.781,35.1495],[136.7822,35.1497],[136.7827,35.1511],[136.784,35.1524],[136.7844,35.1531],[136.7843,35.1536],[136.7839,35.1544],[136.7846,35.1549],[136.7851,35.1554],[136.7847,35.1563],[136.7844,35.1571],[136.7845,35.1574],[136.7847,35.1576],[136.7865,35.1587],[136.7862,35.1603],[136.7852,35.1604],[136.7829,35.1606],[136.7831,35.1629],[136.7836,35.1629],[136.7842,35.1662],[136.7844,35.1664],[136.7863,35.1663],[136.7868,35.1682],[136.7861,35.1683],[136.786,35.1688],[136.7864,35.1696],[136.7866,35.1707],[136.7866,35.1722],[136.7818,35.1723],[136.78,35.1723],[136.7799,35.1738],[136.7802,35.1748],[136.7801,35.1783],[136.7802,35.1793],[136.7801,35.1813],[136.7796,35.1814],[136.7798,35.1824],[136.7785,35.1824],[136.779,35.183],[136.7791,35.1837],[136.7795,35.184],[136.7794,35.1844],[136.7778,35.1844],[136.7762,35.1844],[136.7762,35.1856],[136.7762,35.1888],[136.7763,35.1903],[136.7742,35.1904],[136.7743,35.1925],[136.7738,35.1924],[136.7737,35.1928],[136.7727,35.1929],[136.7727,35.1941],[136.7734,35.1942],[136.7734,35.1956],[136.7728,35.1959],[136.7728,35.1971],[136.7719,35.1971],[136.7719,35.1981],[136.7707,35.1984],[136.7682,35.1988],[136.7667,35.1992],[136.7651,35.1995],[136.7645,35.1995],[136.7636,35.1997]]]},"properties":{"N03_001":"愛知県","N03_002":"","N03_003":"","N03_004":"津島市","N03_007":"23208"}},
{"type":"Feature","geometry":{"type":"Polygon","coordinates":[[[136.946,34.8248],[136.9456,34.82],[136.9434,34.8186],[136.9582,34.828],[136.9573,34.8275],[136.9549,34.8305],[136.946,34.8248]]]},"properties":{"N03_001":"愛知県","N03_002":"","N03_003":"","N03_004":"碧南市","N03_007":"23209"}},
{"type":"Feature","geometry":{"type":"Polygon","coordinates":[[[136.9833,34.956],[136.9844,34.9562],[136.9915,34.9576],[136.9921,34.9575],[136.9927,34.9564],[136.9935,34.9562],[136.9944,34.9561],[136.9951,34.956],[136.9959,34.9555],[136.996,34.955],[136.9967,34.9549],[136.997,34.9552],[136.9975,34.9552],[136.9994,34.9546],[137,34.9543],[137,34.9538],[137.0008,34.953],[137.0003,34.9523],[137.0003,34.9518],[137.0032,34.9506],[137.0064,34.9482],[137.0069,34.9487],[137.0076,34.9487],[137.0078,34.9483],[137.0093,34.9486],[137.0093,34.9483],[137.0101,34.9473],[137.0105,34.9474],[137.0112,34.9476],[137.0125,34.9482],[137.0133,34.949],[137.0147,34.9508],[137.0158,34.9515],[137.0173,34.9521],[137.0171,34.9525],[137.0184,34.9529],[137.0192,34.9534],[137.0215,34.955],[137.0227,34.9557],[137.0236,34.9567],[137.0266,34.9584],[137.0276,34.9591],[137.028,34.9596],[137.0284,34.9593],[137.0293,34.9603],[137.0302,34.9593],[137.0306,34.9592],[137.0318,34.9592],[137.0318,34.962],[137.0318,34.9628],[137.0347,34.9629],[137.0358,34.9628],[137.0364,34.9626],[137.0385,34.9613],[137.0425,34.9591],[137.0421,34.9577],[137.0425,34.9576],[137.0432,34.9569],[137.0449,34.9582],[137.0442,34.9589],[137.0445,34.9592],[137.0461,34.96],[137.046,34.9602],[137.0468,34.9605],[137.0449,34.9631],[137.0434,34.9624],[137.0431,34.9628],[137.0445,34.9636],[137.044,34.9644],[137.044,34.9648],[137.0436,34.9654],[137.0435,34.966],[137.0424,34.9664],[137.0419,34.9668],[137.0426,34.9671],[137.0424,34.9674],[137.0425,34.9683],[137.0429,34.9687],[137.0441,34.9687],[137.044,34.969],[137.0434,34.969],[137.0432,34.9693],[137.0425,34.9699],[137.0428,34.9703],[137.0439,34.9704],[137.0439,34.9712],[137.044,34.9714],[137.0459,34.9715],[137.0458,34.9718],[137.0464,34.9725],[137.0475,34.9721],[137.048,34.9729],[137.0477,34.973],[137.0482,34.9738],[137.0475,34.9741],[137.0474,34.9746],[137.0469,34.9748],[137.0472,34.9753],[137.0469,34.9755],[137.0463,34.9765],[137.0448,34.9772],[137.045,34.9778],[137.0444,34.9781],[137.0441,34.9784],[137.0448,34.9795],[137.0436,34.9797],[137.0442,34.9807],[137.0458,34.9806],[137.0449,34.9808],[137.0443,34.9813],[137.0439,34.9812],[137.0423,34.9823],[137.0426,34.9827],[137.0413,34.9836],[137.0409,34.9837],[137.0403,34.9834],[137.0393,34.9842],[137.0379,34.9848],[137.0383,34.9853],[137.0367,34.9858],[137.0343,34.9865],[137.0341,34.9859],[137.0323,34.9861],[137.031,34.9862],[137.0308,34.986],[137.0298,34.9859],[137.0295,34.9857],[137.0285,34.9858],[137.0285,34.9861],[137.0268,34.9868],[137.0255,34.9871],[137.0246,34.987],[137.024,34.9866],[137.023,34.9863],[137.0217,34.9868],[137.021,34.9868],[137.022,34.9875],[137.0236,34.9889],[137.0246,34.989],[137.0254,34.9895],[137.0265,34.9901],[137.026,34.9905],[137.027,34.9913],[137.0267,34.9916],[137.0258,34.9909],[137.0246,34.9919],[137.0241,34.993],[137.0239,34.9935],[137.0235,34.9939],[137.0228,34.994],[137.0214,34.9933],[137.0208,34.993],[137.02,34.9942],[137.0193,34.9947],[137.0191,34.9951],[137.0195,34.9958],[137.0191,34.9968],[137.0189,34.9974],[137.0186,34.9976],[137.0185,34.9985],[137.0188,35.0004],[137.0194,35.0018],[137.0193,35.0021],[137.0184,35.0027],[137.0189,35.0033],[137.0188,35.0038],[137.0179,35.005],[137.017,35.0049],[137.0164,35.0056],[137.017,35.006],[137.0178,35.0059],[137.0207,35.0056],[137.0232,35.0054],[137.0231,35.006],[137.0245,35.006],[137.0267,35.0061],[137.0292,35.0066],[137.0302,35.0072],[137.0319,35.0094],[137.0308,35.0099],[137.0313,35.0107],[137.0316,35.011],[137.0329,35.0111],[137.034,35.0122],[137.0347,35.0129],[137.0364,35.0135],[137.0366,35.0139],[137.0366,35.0146],[137.0355,35.015],[137.036,35.0158],[137.0359,35.0162],[137.0355,35.0169],[137.0337,35.0187],[137.0338,35.0193],[137.0352,35.0196],[137.0364,35.0201],[137.037,35.0205],[137.0397,35.0218],[137.0407,35.0224],[137.0416,35.0231],[137.042,35.0237],[137.0431,35.0233],[137.0441,35.0231],[137.0448,35.0231],[137.0461,35.0229],[137.0461,35.0231],[137.0454,35.026],[137.0458,35.026],[137.049,35.0284],[137.0483,35.0293],[137.0474,35.0309],[137.046,35.0332],[137.0469,35.0338],[137.0481,35.0343],[137.0488,35.0348],[137.0496,35.0356],[137.05,35.0364],[137.0504,35.038],[137.0512,35.0394],[137.052,35.0407],[137.0532,35.0429],[137.0537,35.044],[137.0542,35.0448],[137.0561,35.0467],[137.0568,35.048],[137.057,35.0487],[137.0592,35.0501],[137.0604,35.05],[137.062,35.0507],[137.0634,35.0508],[137.0634,35.0516],[137.0631,35.0526],[137.0637,35.0531],[137.0638,35.0548],[137.0637,35.0557],[137.0642,35.0565],[137.0645,35.0574],[137.0655,35.0577],[137.0667,35.0574],[137.0681,35.0574],[137.0684,35.0573],[137.0685,35.0584],[137.0687,35.0601],[137.0688,35.0616],[137.0682,35.0621],[137.0676,35.0621],[137.0665,35.0623],[137.0659,35.0623],[137.0638,35.0628],[137.0609,35.0651],[137.0616,35.0657],[137.0613,35.0661],[137.0583,35.0658],[137.0572,35.0667],[137.0566,35.0664],[137.056,35.0669],[137.054,35.0654],[137.0536,35.0651],[137.0525,35.0647],[137.0516,35.0646],[137.0506,35.0642],[137.0485,35.0653],[137.0456,35.0674],[137.0454,35.0678],[137.0447,35.0681],[137.045,35.0692],[137.044,35.0686],[137.0429,35.0679],[137.0423,35.0673],[137.0415,35.0661],[137.0417,35.0649],[137.0424,35.0643],[137.0426,35.0633],[137.0427,35.0625],[137.0424,35.0618],[137.0415,35.0613],[137.0408,35.0605],[137.0385,35.0582],[137.0368,35.0572],[137.0363,35.0568],[137.0358,35.0559],[137.0354,35.0547],[137.0353,35.0541],[137.0348,35.0536],[137.0339,35.0532],[137.0331,35.053],[137.0315,35.0528],[137.0306,35.0528],[137.0297,35.0526],[137.0281,35.0517],[137.0265,35.0503],[137.0253,35.0495],[137.0226,35.0462],[137.0221,35.0449],[137.0214,35.044],[137.0197,35.0426],[137.0183,35.0416],[137.0172,35.0397],[137.0161,35.0389],[137.0152,35.0384],[137.0133,35.0378],[137.012,35.0373],[137.0104,35.0358],[137.009,35.035],[137.0069,35.0341],[137.0064,35.034],[137.0053,35.0335],[137.0046,35.0326],[137.0037,35.031],[137.0035,35.0302],[137.0033,35.0287],[137.0029,35.028],[137.0017,35.027],[137.0005,35.0262],[137.0002,35.0258],[136.9984,35.0241],[136.9978,35.0236],[136.9964,35.0231],[136.995,35.023],[136.9929,35.0231],[136.992,35.023],[136.991,35.0226],[136.9906,35.0223],[136.99,35.0213],[136.9895,35.0196],[136.9891,35.0189],[136.9877,35.0172],[136.9875,35.0166],[136.9876,35.0156],[136.988,35.0145],[136.9893,35.0126],[136.9896,35.0119],[136.9893,35.0108],[136.9889,35.01],[136.9882,35.009],[136.986,35.007],[136.985,35.0063],[136.9821,35.0047],[136.9813,35.0039],[136.9811,35.0031],[136.981,35.0015],[136.9813,35.0005],[136.9817,34.9991],[136.9817,34.9965],[136.9817,34.9945],[136.9815,34.9927],[136.9814,34.9914],[136.9811,34.99],[136.9806,34.9881],[136.9794,34.9862],[136.9789,34.9842],[136.9788,34.9832],[136.9789,34.9818],[136.9791,34.981],[136.9803,34.9784],[136.9809,34.9769],[136.9815,34.9746],[136.9825,34.9722],[136.9828,34.9692],[136.9831,34.9637],[136.9828,34.9615],[136.9828,34.9592],[136.9833,34.956]]]},"properties":{"N03_001":"愛知県","N03_002":"","N03_003":"","N03_004":"刈谷市","N03_007":"23210"}},
{"type":"Feature","geometry":{"type":"Polygon","coordinates":[[[137.1164,34.9913],[137.1168,34.9938],[137.1168,34.9949],[137.1171,34.9949],[137.1171,34.9917],[137.1173,34.9915],[137.122,34.9907],[137.123,34.9906],[137.1235,34.9927],[137.1256,34.9924],[137.1268,34.9974],[137.1293,34.997],[137.1298,34.999],[137.134,34.9983],[137.1343,34.9999],[137.1366,34.9993],[137.1367,34.9986],[137.1377,34.9984],[137.1378,34.9979],[137.1387,34.9981],[137.1398,34.998],[137.1403,34.9981],[137.1409,34.9979],[137.141,34.9959],[137.1425,34.9958],[137.1425,34.9942],[137.1427,34.9925],[137.1432,34.9925],[137.1441,34.9931],[137.1451,34.9931],[137.1448,34.9942],[137.145,34.9954],[137.1463,34.9952],[137.1461,34.9957],[137.1467,34.996],[137.1474,34.9949],[137.1476,34.9946],[137.1467,34.9941],[137.1468,34.9938],[137.1479,34.9925],[137.1501,34.9932],[137.1542,34.9944],[137.156,34.995],[137.1577,34.9953],[137.1602,34.9965],[137.1627,34.998],[137.1637,34.9988],[137.1661,35.003],[137.1662,35.0033],[137.1658,35.0041],[137.1643,35.0063],[137.1637,35.0078],[137.1635,35.0087],[137.1635,35.0097],[137.1632,35.0109],[137.1621,35.0135],[137.1611,35.0152],[137.1604,35.0167],[137.1598,35.019],[137.1593,35.0205],[137.1592,35.0218],[137.1594,35.0236],[137.1595,35.0247],[137.1598,35.0262],[137.1602,35.0269],[137.1608,35.0275],[137.162,35.028],[137.1631,35.0287],[137.1642,35.0296],[137.1655,35.0308],[137.1669,35.0318],[137.1674,35.0323],[137.1687,35.0333],[137.1705,35.0349],[137.1717,35.0355],[137.1721,35.0356],[137.1773,35.0349],[137.1787,35.0346],[137.1806,35.0336],[137.1831,35.0319],[137.1841,35.0315],[137.1849,35.0313],[137.1858,35.0313],[137.1866,35.0321],[137.1878,35.0337],[137.1886,35.0345],[137.1903,35.0356],[137.1909,35.0361],[137.192,35.0373],[137.1928,35.0383],[137.194,35.0386],[137.195,35.0387],[137.1954,35.0387],[137.1963,35.0379],[137.1968,35.0375],[137.1977,35.0375],[137.1975,35.0364],[137.1979,35.0363],[137.1988,35.0349],[137.1991,35.0343],[137.2004,35.0342],[137.2021,35.0342],[137.2034,35.0336],[137.2043,35.0334],[137.2063,35.0327],[137.2072,35.0326],[137.2078,35.033],[137.2082,35.0353],[137.2085,35.0363],[137.2093,35.0378],[137.2104,35.0391],[137.2112,35.0405],[137.2118,35.041],[137.2125,35.0415],[137.213,35.0415],[137.2135,35.0413],[137.2144,35.0403],[137.2142,35.0392],[137.2144,35.0388],[137.215,35.0387],[137.2158,35.039],[137.2164,35.0386],[137.2176,35.0377],[137.2189,35.0378],[137.2209,35.0385],[137.2226,35.0389],[137.2229,35.0392],[137.2241,35.0395],[137.2254,35.0401],[137.2263,35.0402],[137.2268,35.04],[137.2272,35.0393],[137.228,35.0391],[137.2292,35.0392],[137.2299,35.0391],[137.2303,35.0388],[137.2307,35.0391],[137.2312,35.0399],[137.2316,35.0402],[137.2324,35.0403],[137.2327,35.04],[137.2331,35.0387],[137.2337,35.0386],[137.2339,35.039],[137.2341,35.0399],[137.2348,35.04],[137.236,35.0395],[137.237,35.0393],[137.2376,35.0387],[137.2379,35.0378],[137.2386,35.0368],[137.2391,35.0364],[137.2403,35.0362],[137.2406,35.0359],[137.2404,35.0347],[137.241,35.0343],[137.2415,35.0331],[137.2414,35.0322],[137.2413,35.0309],[137.2415,35.0306],[137.2422,35.03],[137.2422,35.0293],[137.2426,35.0289],[137.2447,35.0293],[137.2459,35.0291],[137.247,35.0288],[137.2481,35.0287],[137.2489,35.0283],[137.2503,35.0277],[137.2508,35.0276],[137.252,35.0285],[137.2536,35.0292],[137.2542,35.0292],[137.2548,35.0288],[137.2556,35.0282],[137.2554,35.0275],[137.2548,35.024],[137.2549,35.023],[137.2554,35.0225],[137.2558,35.0224],[137.2565,35.0225],[137.2584,35.0241],[137.2589,35.0243],[137.2598,35.0244],[137.2599,35.024],[137.2596,35.0229],[137.2591,35.0224],[137.259,35.0209],[137.2592,35.0199],[137.2598,35.0196],[137.2605,35.019],[137.2607,35.0184],[137.2609,35.0174],[137.2611,35.0169],[137.2615,35.0168],[137.2628,35.0172],[137.2642,35.0174],[137.2653,35.0168],[137.2664,35.017],[137.2669,35.0174],[137.2673,35.0179],[137.2672,35.0184],[137.2665,35.0195],[137.2667,35.0203],[137.2679,35.0219],[137.2681,35.0225],[137.2683,35.0243],[137.2689,35.0254],[137.2696,35.0258],[137.2696,35.027],[137.2702,35.0275],[137.2703,35.0281],[137.269,35.0287],[137.268,35.0297],[137.2675,35.03],[137.2676,35.0304],[137.268,35.0305],[137.269,35.0298],[137.27,35.0297],[137.2711,35.0293],[137.2721,35.0286],[137.2733,35.0284],[137.2745,35.0287],[137.275,35.0283],[137.2749,35.0273],[137.2751,35.0271],[137.276,35.0269],[137.277,35.0274],[137.2782,35.0273],[137.2784,35.027],[137.2782,35.0262],[137.2775,35.0257],[137.277,35.0249],[137.2772,35.0244],[137.278,35.0239],[137.2785,35.0234],[137.2793,35.0231],[137.2808,35.0228],[137.2807,35.0226],[137.2814,35.0223],[137.2824,35.0209],[137.2832,35.0206],[137.2832,35.0203],[137.2838,35.02],[137.2844,35.0202],[137.2849,35.0198],[137.2857,35.0196],[137.2861,35.0193],[137.2867,35.0194],[137.288,35.0195],[137.2888,35.019],[137.2888,35.0184],[137.2891,35.018],[137.2897,35.0179],[137.2899,35.0182],[137.2912,35.0185],[137.2926,35.0185],[137.2931,35.0188],[137.2948,35.0189],[137.2953,35.0187],[137.296,35.0188],[137.2975,35.0182],[137.298,35.0184],[137.2988,35.0176],[137.2995,35.0173],[137.2996,35.0168],[137.3,35.0167],[137.3004,35.0171],[137.301,35.0169],[137.3019,35.0168],[137.3036,35.0169],[137.3052,35.0177],[137.3057,35.0171],[137.3061,35.0171],[137.3066,35.0175],[137.3074,35.017],[137.3077,35.0165],[137.3084,35.0161],[137.3088,35.0162],[137.3102,35.0173],[137.3106,35.0181],[137.312,35.0178],[137.3124,35.018],[137.3127,35.0187],[137.3125,35.0191],[137.3128,35.0202],[137.3134,35.0198],[137.3143,35.0199],[137.3153,35.0204],[137.3163,35.0201],[137.3169,35.0195],[137.3169,35.0185],[137.3173,35.0183],[137.3181,35.0182],[137.3186,35.0177],[137.3182,35.0169],[137.3183,35.016],[137.3191,35.0158],[137.3196,35.0155],[137.321,35.0158],[137.3217,35.0157],[137.3221,35.0159],[137.3236,35.0162],[137.3249,35.0163],[137.325,35.0167],[137.3258,35.0172],[137.3264,35.018],[137.3276,35.0175],[137.3286,35.0174],[137.3287,35.0167],[137.3289,35.0161],[137.3289,35.0156],[137.3284,35.015],[137.3291,35.0148],[137.3303,35.015],[137.3317,35.0151],[137.3325,35.0147],[137.3339,35.0142],[137.3344,35.0139],[137.3355,35.0139],[137.3361,35.0138],[137.3366,35.0129],[137.336,35.0115],[137.3362,35.0114],[137.3373,35.0114],[137.3384,35.0115],[137.3388,35.0108],[137.3398,35.0111],[137.3403,35.0117],[137.341,35.0118],[137.3424,35.0114],[137.3429,35.0106],[137.3441,35.0105],[137.3445,35.0096],[137.3449,35.0094],[137.3458,35.0093],[137.3465,35.0104],[137.3469,35.0111],[137.3473,35.0118],[137.3471,35.0127],[137.3465,35.0135],[137.3465,35.0144],[137.3471,35.0146],[137.3476,35.0153],[137.349,35.0148],[137.3495,35.0148],[137.352,35.015],[137.3527,35.0156],[137.3531,35.0153],[137.3533,35.0148],[137.3542,35.0143],[137.3549,35.0143],[137.3561,35.0147],[137.3571,35.0147],[137.3581,35.0144],[137.3596,35.0147],[137.3604,35.0151],[137.3613,35.0153],[137.3623,35.0145],[137.3635,35.0144],[137.3645,35.0145],[137.3662,35.0149],[137.3689,35.0151],[137.3691,35.015],[137.3708,35.0155],[137.3715,35.0151],[137.3716,35.0143],[137.3709,35.0133],[137.3724,35.0126],[137.3727,35.0124],[137.3726,35.0118],[137.3734,35.0106],[137.3736,35.0101],[137.3743,35.0091],[137.3756,35.0089],[137.3761,35.0085],[137.3767,35.0076],[137.3768,35.0069],[137.3763,35.0062],[137.3754,35.0054],[137.3745,35.0046],[137.3746,35.0044],[137.3755,35.0039],[137.3758,35.0031],[137.3756,35.0026],[137.3747,35.0021],[137.3745,35.0018],[137.3751,35.0016],[137.376,35.0019],[137.3764,35.0019],[137.3766,35.0014],[137.376,35.0008],[137.3753,35.0002],[137.3751,34.9993],[137.3756,34.999],[137.3755,34.9985],[137.3751,34.9979],[137.3766,34.9973],[137.3773,34.9967],[137.3781,34.9963],[137.3789,34.9961],[137.3803,34.9955],[137.3805,34.995],[137.3826,34.9936],[137.3833,34.9929],[137.3834,34.9926],[137.3848,34.991],[137.3851,34.9907],[137.3853,34.9913],[137.3866,34.9919],[137.3873,34.9924],[137.3886,34.9931],[137.39,34.9933],[137.391,34.9934],[137.3924,34.9939],[137.3928,34.9945],[137.3935,34.9949],[137.3929,34.9964],[137.3931,34.997],[137.3927,34.9977],[137.3929,34.9984],[137.3941,35],[137.394,35.0006],[137.3941,35.0011],[137.3946,35.0012],[137.3947,35.0019],[137.3958,35.0022],[137.3961,35.0026],[137.3979,35.0032],[137.3977,35.0047],[137.3972,35.0056],[137.3981,35.0082],[137.3988,35.0081],[137.3987,35.0075],[137.3991,35.0072],[137.3997,35.0073],[137.4007,35.0078],[137.4016,35.0082],[137.4027,35.0083],[137.4034,35.0084],[137.4043,35.0091],[137.4047,35.0097],[137.4053,35.0101],[137.4057,35.0108],[137.4062,35.011],[137.407,35.012],[137.4075,35.0124],[137.4084,35.0125],[137.4091,35.0129],[137.4095,35.013],[137.4101,35.0126],[137.4102,35.0119],[137.4109,35.0119],[137.4113,35.0112],[137.4115,35.011],[137.4122,35.0112],[137.4128,35.0112],[137.414,35.0117],[137.4145,35.0117],[137.4152,35.0109],[137.4155,35.0104],[137.4164,35.0095],[137.4173,35.009],[137.4191,35.0087],[137.4204,35.0082],[137.4206,35.0084],[137.4205,35.0096],[137.4202,35.0102],[137.4195,35.0107],[137.4197,35.011],[137.4223,35.0107],[137.423,35.011],[137.4237,35.011],[137.4241,35.0108],[137.4246,35.0102],[137.4248,35.0097],[137.4254,35.0091],[137.4256,35.0086],[137.4262,35.0087],[137.4258,35.0101],[137.4254,35.0114],[137.4255,35.0129],[137.4258,35.0137],[137.4256,35.0148],[137.4257,35.0159],[137.4264,35.0162],[137.4266,35.0165],[137.4266,35.017],[137.4262,35.0181],[137.4257,35.0182],[137.4257,35.0192],[137.4259,35.0196],[137.4265,35.0199],[137.4262,35.0204],[137.4262,35.0212],[137.4259,35.0222],[137.426,35.0228],[137.4258,35.0236],[137.426,35.0238],[137.4276,35.0251],[137.4278,35.0255],[137.4292,35.0263],[137.4299,35.0266],[137.4313,35.0266],[137.4318,35.0269],[137.4316,35.0276],[137.4318,35.028],[137.4326,35.0288],[137.4331,35.029],[137.4343,35.0291],[137.4346,35.0296],[137.4352,35.0298],[137.4355,35.0303],[137.4352,35.0311],[137.4355,35.0318],[137.4348,35.0326],[137.4349,35.0336],[137.4344,35.0339],[137.4342,35.0346],[137.4338,35.0349],[137.4335,35.0359],[137.433,35.0364],[137.4322,35.0368],[137.4317,35.0372],[137.4305,35.0374],[137.4302,35.0375],[137.4297,35.039],[137.4301,35.0402],[137.43,35.0412],[137.4304,35.0415],[137.4312,35.0428],[137.4317,35.0441],[137.4316,35.0445],[137.432,35.0452],[137.4319,35.046],[137.4319,35.0469],[137.4317,35.0473],[137.4311,35.0477],[137.4299,35.0482],[137.4297,35.0485],[137.4299,35.0501],[137.4295,35.0508],[137.4296,35.0511],[137.4293,35.0521],[137.4304,35.0522],[137.431,35.0518],[137.4317,35.0521],[137.432,35.0526],[137.4329,35.0535],[137.4337,35.0539],[137.434,35.0547],[137.4348,35.0551],[137.4352,35.0559],[137.436,35.0562],[137.4365,35.0567],[137.4365,35.0575],[137.4366,35.0578],[137.4379,35.0584],[137.4381,35.0586],[137.438,35.06],[137.4387,35.0604],[137.4392,35.061],[137.4393,35.0618],[137.4399,35.0622],[137.4415,35.0626],[137.442,35.0628],[137.4426,35.0628],[137.4438,35.0633],[137.4453,35.0636],[137.445,35.0656],[137.4447,35.0668],[137.4455,35.0674],[137.4456,35.068],[137.4449,35.0689],[137.4449,35.0696],[137.4451,35.0705],[137.4453,35.0708],[137.4463,35.0714],[137.4463,35.0719],[137.4457,35.0715],[137.4452,35.0717],[137.4448,35.0721],[137.4435,35.0723],[137.4432,35.0727],[137.4431,35.0733],[137.4442,35.0742],[137.4447,35.0744],[137.4449,35.0752],[137.4453,35.0764],[137.4447,35.0772],[137.4447,35.0777],[137.4441,35.0784],[137.4439,35.0791],[137.4433,35.0799],[137.4433,35.0805],[137.4428,35.0812],[137.441,35.0817],[137.438,35.0823],[137.4376,35.0827],[137.4369,35.0829],[137.4371,35.0833],[137.4381,35.0839],[137.4383,35.0843],[137.4381,35.0853],[137.4359,35.0871],[137.4348,35.0872],[137.4336,35.087],[137.4334,35.0872],[137.4335,35.0879],[137.4333,35.0885],[137.4335,35.0896],[137.434,35.0899],[137.4345,35.0907],[137.4346,35.0914],[137.4342,35.0926],[137.4336,35.0935],[137.4328,35.094],[137.4318,35.095],[137.4314,35.0952],[137.4303,35.0952],[137.43,35.0958],[137.43,35.0968],[137.4302,35.0982],[137.4305,35.099],[137.4305,35.1001],[137.4302,35.1011],[137.4296,35.1018],[137.4298,35.1025],[137.4298,35.1029],[137.4293,35.1039],[137.4294,35.1044],[137.4317,35.1046],[137.432,35.105],[137.4321,35.1059],[137.433,35.107],[137.4335,35.1074],[137.4335,35.1082],[137.4345,35.1082],[137.4359,35.108],[137.4368,35.1082],[137.4374,35.1086],[137.4378,35.1091],[137.4386,35.1092],[137.4394,35.1095],[137.4402,35.1096],[137.4425,35.1101],[137.4443,35.1112],[137.4447,35.1117],[137.4447,35.1122],[137.4444,35.1126],[137.4438,35.1129],[137.4436,35.1135],[137.4438,35.1141],[137.4438,35.1146],[137.4435,35.115],[137.4439,35.1154],[137.4451,35.1156],[137.4456,35.1163],[137.4462,35.1168],[137.4469,35.1185],[137.4475,35.1192],[137.4477,35.1197],[137.4476,35.1201],[137.4472,35.1203],[137.4468,35.1209],[137.4476,35.1218],[137.4476,35.1227],[137.448,35.1245],[137.4484,35.1253],[137.4484,35.1257],[137.4479,35.1263],[137.4474,35.1273],[137.4473,35.1281],[137.4469,35.1284],[137.4461,35.1286],[137.4455,35.129],[137.4452,35.1298],[137.4447,35.1301],[137.4446,35.1305],[137.4447,35.1316],[137.4445,35.1324],[137.4445,35.1332],[137.4444,35.1337],[137.444,35.1344],[137.4438,35.1349],[137.4437,35.1361],[137.4442,35.1365],[137.4449,35.1366],[137.4461,35.1365],[137.4467,35.1363],[137.4474,35.1358],[137.4483,35.1349],[137.4491,35.1347],[137.4501,35.1346],[137.451,35.1336],[137.4516,35.133],[137.4539,35.1337],[137.4546,35.1339],[137.4573,35.1334],[137.4588,35.1346],[137.4587,35.1352],[137.459,35.1358],[137.4599,35.1364],[137.4612,35.1365],[137.4617,35.1367],[137.4625,35.1373],[137.4627,35.138],[137.4632,35.1389],[137.464,35.1394],[137.4661,35.14],[137.4671,35.1406],[137.4682,35.141],[137.4686,35.1418],[137.4695,35.1424],[137.4698,35.1432],[137.4706,35.1438],[137.4712,35.1445],[137.4711,35.1451],[137.4717,35.1465],[137.4729,35.1466],[137.4733,35.1461],[137.4738,35.1466],[137.4738,35.1478],[137.4742,35.1489],[137.4748,35.1501],[137.4735,35.1512],[137.4723,35.1515],[137.4711,35.1525],[137.4703,35.1529],[137.4694,35.1535],[137.4683,35.1546],[137.4678,35.1552],[137.4674,35.1563],[137.4675,35.1569],[137.4671,35.158],[137.4669,35.1584],[137.4663,35.1588],[137.4657,35.1591],[137.4645,35.1593],[137.4637,35.1597],[137.4623,35.16],[137.4622,35.1602],[137.4648,35.1622],[137.4708,35.1672],[137.4735,35.1692],[137.4745,35.1699],[137.4777,35.1734],[137.4832,35.1795],[137.4827,35.1804],[137.4824,35.1815],[137.4816,35.1828],[137.4816,35.1836],[137.482,35.1843],[137.4822,35.1852],[137.4824,35.1856],[137.4835,35.1868],[137.4838,35.1878],[137.4843,35.1889],[137.4854,35.1906],[137.4856,35.1915],[137.4866,35.1928],[137.487,35.1937],[137.4874,35.1938],[137.488,35.1943],[137.4906,35.1956],[137.4928,35.1963],[137.4941,35.1969],[137.4954,35.1973],[137.4958,35.197],[137.497,35.197],[137.4976,35.197],[137.4981,35.1966],[137.4989,35.1966],[137.4998,35.1964],[137.5002,35.1967],[137.5012,35.1968],[137.5027,35.1972],[137.503,35.1965],[137.5029,35.196],[137.5025,35.1955],[137.5017,35.1952],[137.501,35.1944],[137.5014,35.194],[137.5015,35.1932],[137.5017,35.1925],[137.5016,35.1922],[137.501,35.1919],[137.5007,35.1909],[137.4999,35.1902],[137.4994,35.1894],[137.4995,35.1883],[137.4994,35.188],[137.4988,35.1876],[137.4994,35.1867],[137.4994,35.1859],[137.5,35.1847],[137.5012,35.1846],[137.5018,35.1847],[137.5029,35.1842],[137.504,35.1844],[137.5064,35.1843],[137.5079,35.1846],[137.509,35.1851],[137.5104,35.1849],[137.5114,35.1852],[137.5125,35.1853],[137.5133,35.1848],[137.5154,35.1828],[137.5149,35.1825],[137.5144,35.1818],[137.5141,35.1804],[137.5153,35.1804],[137.5158,35.1802],[137.5165,35.1804],[137.5169,35.1801],[137.5177,35.178],[137.518,35.1779],[137.5189,35.1781],[137.5196,35.1787],[137.5202,35.179],[137.5213,35.1803],[137.5225,35.1809],[137.5233,35.1814],[137.5237,35.182],[137.5243,35.1822],[137.5251,35.1821],[137.5266,35.1828],[137.5272,35.1833],[137.5282,35.1839],[137.5292,35.1839],[137.5301,35.184],[137.5304,35.1842],[137.5305,35.185],[137.5309,35.1858],[137.5321,35.1863],[137.5332,35.1869],[137.5335,35.1874],[137.5344,35.188],[137.535,35.1882],[137.5356,35.1887],[137.5368,35.189],[137.5376,35.1897],[137.5377,35.1903],[137.5385,35.1907],[137.5389,35.1914],[137.5398,35.1918],[137.5401,35.1907],[137.5411,35.19],[137.5421,35.1895],[137.5425,35.189],[137.5437,35.1888],[137.5441,35.1884],[137.5447,35.1884],[137.5457,35.1884],[137.546,35.1881],[137.5463,35.1873],[137.5471,35.187],[137.5472,35.1877],[137.5476,35.188],[137.5493,35.1882],[137.5504,35.189],[137.5508,35.1891],[137.5514,35.1886],[137.5519,35.188],[137.5524,35.1879],[137.5526,35.1882],[137.5538,35.1883],[137.5548,35.1892],[137.556,35.189],[137.5567,35.1888],[137.5573,35.1881],[137.5581,35.1876],[137.5587,35.1874],[137.5593,35.1881],[137.5602,35.1886],[137.5609,35.1883],[137.5625,35.1884],[137.563,35.1887],[137.5636,35.1888],[137.5644,35.1883],[137.5666,35.1881],[137.5684,35.1885],[137.5688,35.1869],[137.5694,35.1863],[137.5695,35.1857],[137.5702,35.1854],[137.5708,35.1855],[137.571,35.1861],[137.5714,35.1862],[137.5729,35.1861],[137.5742,35.1855],[137.5752,35.1855],[137.5754,35.1861],[137.576,35.1868],[137.577,35.1871],[137.5775,35.1871],[137.5783,35.1874],[137.5791,35.188],[137.5796,35.189],[137.5801,35.1897],[137.5811,35.1902],[137.581,35.1915],[137.5802,35.1926],[137.5792,35.1931],[137.5789,35.1941],[137.5781,35.1945],[137.5782,35.1954],[137.5776,35.1958],[137.578,35.1965],[137.5779,35.1974],[137.5787,35.1985],[137.5779,35.199],[137.5776,35.1998],[137.5775,35.2005],[137.5779,35.2018],[137.5774,35.2023],[137.5768,35.2025],[137.5766,35.2029],[137.5771,35.2039],[137.577,35.2055],[137.5767,35.2057],[137.5766,35.2067],[137.5771,35.2078],[137.5779,35.2086],[137.5782,35.2095],[137.5777,35.2105],[137.5778,35.211],[137.5775,35.2116],[137.577,35.2119],[137.5769,35.2128],[137.5775,35.2135],[137.5781,35.2149],[137.5784,35.2155],[137.5784,35.216],[137.5779,35.2167],[137.5782,35.2177],[137.5782,35.2182],[137.5788,35.2189],[137.5787,35.2194],[137.5776,35.2199],[137.577,35.2203],[137.5765,35.2204],[137.5756,35.2204],[137.5753,35.2208],[137.5755,35.2212],[137.5756,35.2218],[137.5748,35.2228],[137.5746,35.2234],[137.5737,35.2234],[137.5727,35.2237],[137.5726,35.2241],[137.5727,35.2246],[137.5726,35.2259],[137.5724,35.2266],[137.5719,35.2269],[137.5708,35.227],[137.5695,35.2278],[137.5685,35.2278],[137.5679,35.2288],[137.5675,35.2296],[137.5669,35.2299],[137.5668,35.2304],[137.5663,35.2309],[137.5654,35.2317],[137.5653,35.2323],[137.5648,35.2332],[137.5644,35.2335],[137.5634,35.234],[137.5629,35.2344],[137.5629,35.235],[137.5626,35.2354],[137.5617,35.2358],[137.5604,35.2365],[137.5586,35.237],[137.5576,35.2371],[137.5571,35.2373],[137.5564,35.2381],[137.5552,35.2383],[137.5545,35.2388],[137.5543,35.2395],[137.5539,35.2398],[137.553,35.2401],[137.5526,35.2403],[137.5522,35.241],[137.5513,35.242],[137.5504,35.2429],[137.5499,35.244],[137.5496,35.2447],[137.5493,35.2462],[137.5492,35.2477],[137.549,35.2488],[137.5486,35.2496],[137.5479,35.2509],[137.5475,35.2513],[137.5468,35.2513],[137.5461,35.2515],[137.546,35.2518],[137.546,35.2532],[137.5462,35.2544],[137.5469,35.255],[137.5478,35.2563],[137.548,35.2569],[137.5476,35.2583],[137.5476,35.259],[137.5484,35.2597],[137.5514,35.2601],[137.5521,35.2599],[137.5526,35.2604],[137.5537,35.261],[137.5543,35.2616],[137.5548,35.2624],[137.5562,35.2636],[137.5575,35.2646],[137.5579,35.2652],[137.5579,35.2666],[137.5577,35.2674],[137.5567,35.2688],[137.5565,35.2694],[137.5566,35.2698],[137.5573,35.2705],[137.5571,35.2713],[137.5559,35.2724],[137.5557,35.2733],[137.5558,35.2745],[137.5572,35.2749],[137.5583,35.2756],[137.5592,35.2759],[137.5604,35.2765],[137.561,35.2772],[137.5622,35.2776],[137.5635,35.2778],[137.5641,35.2777],[137.5645,35.2784],[137.5651,35.2787],[137.5653,35.2801],[137.5661,35.2806],[137.5666,35.2812],[137.5688,35.2816],[137.5703,35.2823],[137.5708,35.2827],[137.5707,35.2831],[137.5687,35.2856],[137.5688,35.2866],[137.5681,35.287],[137.5674,35.2872],[137.5672,35.288],[137.5674,35.2893],[137.5668,35.29],[137.5658,35.2902],[137.5645,35.2899],[137.5623,35.29],[137.562,35.2897],[137.562,35.2883],[137.5621,35.2877],[137.562,35.2871],[137.5615,35.2869],[137.5616,35.2863],[137.5608,35.2857],[137.5608,35.2849],[137.5615,35.2844],[137.5615,35.2838],[137.5619,35.2836],[137.5615,35.2832],[137.5602,35.2832],[137.5591,35.2834],[137.558,35.284],[137.5549,35.2837],[137.5533,35.284],[137.552,35.2842],[137.5511,35.2841],[137.5497,35.2832],[137.5483,35.2818],[137.5477,35.2815],[137.5467,35.2816],[137.5459,35.2815],[137.5449,35.2811],[137.5442,35.2807],[137.5434,35.2806],[137.5419,35.2812],[137.5406,35.2812],[137.5395,35.2818],[137.5381,35.2817],[137.537,35.2817],[137.5362,35.2822],[137.5358,35.2818],[137.5353,35.2816],[137.5346,35.2821],[137.534,35.2813],[137.5338,35.2813],[137.533,35.2822],[137.5318,35.2821],[137.5305,35.2826],[137.5299,35.2835],[137.5298,35.284],[137.5293,35.2842],[137.5276,35.2844],[137.5249,35.2844],[137.5237,35.284],[137.5214,35.2843],[137.5207,35.2837],[137.5202,35.2837],[137.5198,35.2831],[137.5189,35.2833],[137.5188,35.283],[137.5189,35.2824],[137.5187,35.2816],[137.5199,35.2794],[137.5202,35.2783],[137.5202,35.2771],[137.5207,35.2758],[137.5209,35.275],[137.5208,35.2736],[137.5204,35.2735],[137.5196,35.2741],[137.5191,35.2742],[137.5182,35.2748],[137.5162,35.275],[137.5158,35.2748],[137.5153,35.2741],[137.5146,35.2735],[137.5132,35.2722],[137.513,35.2718],[137.5131,35.2709],[137.5138,35.2706],[137.5141,35.27],[137.5139,35.2693],[137.513,35.2688],[137.5108,35.2682],[137.5102,35.2678],[137.5092,35.2665],[137.5083,35.2662],[137.5075,35.2664],[137.5061,35.2665],[137.5059,35.2663],[137.5059,35.2651],[137.5058,35.2643],[137.5055,35.2635],[137.5048,35.2629],[137.5041,35.2629],[137.5024,35.2632],[137.5009,35.2636],[137.4972,35.2642],[137.4966,35.2637],[137.4966,35.2625],[137.497,35.2618],[137.4976,35.2614],[137.498,35.2608],[137.4981,35.2602],[137.4979,35.2598],[137.497,35.2591],[137.4966,35.259],[137.4947,35.259],[137.4937,35.2591],[137.4922,35.2595],[137.4917,35.2594],[137.4897,35.2587],[137.4882,35.2579],[137.4876,35.2578],[137.4857,35.2577],[137.4843,35.2574],[137.4835,35.2567],[137.4835,35.2555],[137.4827,35.2549],[137.4816,35.2544],[137.4797,35.254],[137.4766,35.2534],[137.4763,35.2532],[137.475,35.2513],[137.4747,35.2509],[137.4736,35.2502],[137.4731,35.2498],[137.4725,35.2489],[137.4721,35.2478],[137.4714,35.2469],[137.4706,35.2463],[137.4695,35.2455],[137.4687,35.2454],[137.4681,35.2455],[137.4674,35.246],[137.4667,35.2466],[137.4661,35.2466],[137.4648,35.2453],[137.4635,35.2443],[137.4631,35.2434],[137.4629,35.2425],[137.4626,35.2418],[137.4621,35.2411],[137.4615,35.2406],[137.4607,35.2402],[137.4601,35.24],[137.4579,35.2395],[137.4572,35.2396],[137.4563,35.2398],[137.4546,35.2406],[137.4534,35.2405],[137.452,35.2384],[137.451,35.2358],[137.4505,35.2351],[137.4499,35.2349],[137.4483,35.2347],[137.4462,35.2338],[137.4452,35.2337],[137.4438,35.2338],[137.4421,35.2337],[137.4417,35.2335],[137.4415,35.2329],[137.4412,35.2315],[137.4412,35.2301],[137.441,35.2298],[137.4402,35.2298],[137.4393,35.2301],[137.4386,35.2301],[137.4381,35.2297],[137.4379,35.2293],[137.4373,35.2279],[137.4371,35.2267],[137.4368,35.226],[137.4355,35.2246],[137.4347,35.2241],[137.4328,35.2236],[137.4318,35.2234],[137.4303,35.223],[137.4292,35.2229],[137.4284,35.2232],[137.4279,35.2237],[137.4276,35.2251],[137.427,35.2256],[137.4265,35.2257],[137.4258,35.226],[137.4249,35.2269],[137.4243,35.2279],[137.4238,35.2291],[137.4234,35.2312],[137.4232,35.2318],[137.4225,35.2327],[137.4206,35.2339],[137.4204,35.2342],[137.4196,35.2368],[137.4191,35.2379],[137.4184,35.239],[137.4174,35.2401],[137.4168,35.2404],[137.4162,35.2404],[137.4157,35.24],[137.4151,35.2392],[137.4142,35.2383],[137.4135,35.2379],[137.4114,35.2365],[137.4089,35.2349],[137.4082,35.2348],[137.4077,35.235],[137.4076,35.2354],[137.4075,35.2371],[137.4074,35.2375],[137.4064,35.2382],[137.4054,35.2384],[137.4044,35.2383],[137.4038,35.2384],[137.4026,35.2392],[137.4016,35.2406],[137.401,35.2416],[137.4004,35.2418],[137.3997,35.2416],[137.398,35.241],[137.3964,35.2403],[137.3949,35.2398],[137.3933,35.24],[137.3902,35.2401],[137.3887,35.24],[137.3882,35.2401],[137.3875,35.2405],[137.3866,35.2413],[137.386,35.2421],[137.3855,35.2433],[137.3851,35.2441],[137.3855,35.2449],[137.3854,35.2453],[137.3848,35.2459],[137.3832,35.2467],[137.3828,35.2471],[137.3831,35.2477],[137.3839,35.248],[137.3845,35.2484],[137.3852,35.2487],[137.3857,35.2494],[137.3868,35.2518],[137.3867,35.2524],[137.3862,35.2531],[137.3858,35.2548],[137.3855,35.2557],[137.3855,35.2564],[137.3851,35.2587],[137.3849,35.259],[137.3838,35.2597],[137.3834,35.2601],[137.3829,35.2602],[137.3811,35.2598],[137.3802,35.2592],[137.3793,35.2587],[137.378,35.2588],[137.3774,35.259],[137.3772,35.2595],[137.3763,35.2594],[137.3758,35.2597],[137.3747,35.2611],[137.3745,35.2617],[137.3739,35.2626],[137.3731,35.2633],[137.3726,35.2634],[137.371,35.2631],[137.3702,35.2619],[137.369,35.2605],[137.3688,35.2604],[137.3663,35.2609],[137.3651,35.2608],[137.3634,35.261],[137.362,35.261],[137.3614,35.2605],[137.3593,35.2603],[137.3584,35.2596],[137.3573,35.2593],[137.3562,35.2587],[137.354,35.2581],[137.3529,35.2587],[137.3513,35.2575],[137.3505,35.2572],[137.3492,35.2572],[137.3488,35.2578],[137.3479,35.258],[137.3473,35.2576],[137.3468,35.2575],[137.3464,35.2578],[137.3451,35.2579],[137.3441,35.2579],[137.3436,35.2587],[137.3436,35.259],[137.3451,35.2599],[137.3454,35.2606],[137.3452,35.2614],[137.3449,35.2619],[137.3438,35.2616],[137.343,35.2612],[137.3425,35.2612],[137.342,35.2622],[137.3414,35.2637],[137.3406,35.2639],[137.34,35.2645],[137.34,35.2649],[137.3406,35.2658],[137.3413,35.2662],[137.3418,35.267],[137.3427,35.2677],[137.3438,35.2684],[137.3451,35.269],[137.3454,35.2692],[137.3456,35.2699],[137.3463,35.2707],[137.3464,35.2712],[137.3462,35.2715],[137.3453,35.272],[137.3452,35.273],[137.3446,35.2737],[137.3434,35.2741],[137.3424,35.2742],[137.3421,35.2748],[137.3411,35.2752],[137.3404,35.2751],[137.3378,35.2759],[137.3381,35.2747],[137.3378,35.2744],[137.3366,35.2747],[137.3354,35.2755],[137.3349,35.2765],[137.3339,35.2774],[137.3328,35.2774],[137.3315,35.2767],[137.331,35.277],[137.3318,35.278],[137.3321,35.2782],[137.3313,35.2785],[137.3301,35.2787],[137.3292,35.2799],[137.3284,35.2802],[137.3279,35.2806],[137.3266,35.2804],[137.3257,35.2805],[137.3246,35.2812],[137.3245,35.2817],[137.3241,35.2821],[137.3235,35.2823],[137.3231,35.2828],[137.3213,35.2843],[137.321,35.2844],[137.3198,35.2845],[137.3183,35.2855],[137.3175,35.2854],[137.317,35.2858],[137.3153,35.2864],[137.3148,35.2864],[137.3129,35.2873],[137.3125,35.2879],[137.3116,35.2878],[137.3106,35.2884],[137.3102,35.2882],[137.3097,35.2889],[137.3087,35.2891],[137.3081,35.2897],[137.3079,35.2906],[137.3081,35.2912],[137.3075,35.2911],[137.3062,35.2907],[137.3054,35.2905],[137.3048,35.29],[137.3038,35.2906],[137.3028,35.2902],[137.3021,35.2906],[137.3015,35.2897],[137.3005,35.2896],[137.2984,35.2887],[137.2976,35.2888],[137.2968,35.2896],[137.2968,35.2901],[137.2952,35.2901],[137.2944,35.2894],[137.2927,35.2886],[137.2915,35.2884],[137.2912,35.2882],[137.2902,35.2885],[137.2894,35.2882],[137.2876,35.2887],[137.2871,35.2887],[137.2846,35.2883],[137.2838,35.2887],[137.2831,35.2882],[137.2829,35.2877],[137.2809,35.2879],[137.2803,35.2885],[137.2786,35.288],[137.2779,35.2881],[137.2771,35.2886],[137.2766,35.289],[137.2767,35.2899],[137.2765,35.2903],[137.2758,35.2906],[137.2751,35.2905],[137.2746,35.2893],[137.2743,35.2888],[137.274,35.2879],[137.2734,35.2879],[137.2717,35.2861],[137.271,35.2859],[137.2706,35.286],[137.2699,35.2866],[137.2688,35.2866],[137.268,35.2868],[137.2664,35.2863],[137.2657,35.2862],[137.2648,35.2857],[137.2627,35.2852],[137.2624,35.2847],[137.262,35.2835],[137.2611,35.2831],[137.2606,35.2826],[137.26,35.2818],[137.2601,35.281],[137.2609,35.2806],[137.2603,35.2801],[137.2595,35.2787],[137.2602,35.2781],[137.2606,35.2773],[137.2609,35.2754],[137.2608,35.2752],[137.2598,35.2745],[137.2593,35.2744],[137.2588,35.2748],[137.2578,35.2751],[137.2575,35.2749],[137.2574,35.2726],[137.2567,35.2724],[137.2558,35.2727],[137.2538,35.2728],[137.2531,35.2724],[137.2529,35.2721],[137.2527,35.2711],[137.2525,35.2709],[137.2516,35.2706],[137.2515,35.2696],[137.2507,35.2692],[137.2499,35.2685],[137.2489,35.2684],[137.247,35.2684],[137.2463,35.2683],[137.2456,35.2684],[137.2449,35.2689],[137.2436,35.2685],[137.2436,35.2675],[137.2441,35.2673],[137.2443,35.2669],[137.2437,35.2661],[137.243,35.2658],[137.2424,35.2646],[137.2414,35.2643],[137.2408,35.2649],[137.2402,35.2652],[137.2397,35.2646],[137.2389,35.2645],[137.2377,35.2652],[137.237,35.2653],[137.2354,35.2647],[137.2344,35.2639],[137.2339,35.2624],[137.234,35.2617],[137.2335,35.2611],[137.2329,35.2609],[137.2321,35.2611],[137.2301,35.261],[137.2296,35.2604],[137.2289,35.2601],[137.2284,35.2593],[137.2278,35.2587],[137.2266,35.2583],[137.2259,35.2577],[137.225,35.257],[137.2246,35.2565],[137.2233,35.256],[137.2217,35.2558],[137.2213,35.2565],[137.2211,35.2577],[137.2214,35.2599],[137.2208,35.2603],[137.2199,35.2592],[137.2194,35.259],[137.2182,35.2589],[137.2179,35.2596],[137.2174,35.2597],[137.2167,35.2594],[137.2158,35.2595],[137.2146,35.2593],[137.2139,35.2598],[137.2135,35.2599],[137.2128,35.2596],[137.2123,35.2599],[137.2113,35.2597],[137.2113,35.259],[137.211,35.2586],[137.2105,35.2584],[137.2096,35.2583],[137.2092,35.2581],[137.2087,35.2574],[137.209,35.2569],[137.2088,35.2564],[137.2084,35.2545],[137.2077,35.2535],[137.207,35.2531],[137.2064,35.2532],[137.2059,35.2544],[137.2055,35.2549],[137.2042,35.2551],[137.2035,35.255],[137.203,35.2546],[137.203,35.2534],[137.2025,35.2524],[137.2019,35.2528],[137.2014,35.2527],[137.2013,35.2524],[137.2004,35.2516],[137.2,35.2515],[137.1988,35.2523],[137.1981,35.2528],[137.1971,35.2533],[137.1947,35.2534],[137.1942,35.2536],[137.1917,35.2538],[137.191,35.2541],[137.1905,35.2538],[137.1901,35.253],[137.1895,35.2526],[137.1889,35.2519],[137.1881,35.2512],[137.1873,35.2512],[137.1867,35.2506],[137.1858,35.2505],[137.1842,35.25],[137.1833,35.2489],[137.1831,35.2475],[137.1834,35.2468],[137.1827,35.246],[137.1821,35.2459],[137.1814,35.2455],[137.1813,35.2449],[137.1804,35.2445],[137.1806,35.2436],[137.1797,35.2429],[137.1796,35.2421],[137.1792,35.2411],[137.1792,35.2406],[137.1798,35.24],[137.1797,35.2394],[137.1789,35.2385],[137.1787,35.2377],[137.178,35.2365],[137.1775,35.2363],[137.1781,35.2352],[137.1788,35.2345],[137.179,35.2337],[137.1797,35.2329],[137.1807,35.2323],[137.181,35.2322],[137.1816,35.2318],[137.1822,35.2317],[137.183,35.2318],[137.1834,35.2318],[137.1842,35.2307],[137.1847,35.2306],[137.1842,35.2293],[137.1841,35.2286],[137.1837,35.2283],[137.1822,35.2285],[137.181,35.2285],[137.1796,35.2269],[137.1792,35.2266],[137.1779,35.2254],[137.1781,35.2247],[137.1779,35.2243],[137.1767,35.2231],[137.176,35.2229],[137.1755,35.2214],[137.1749,35.2207],[137.1748,35.2198],[137.1742,35.2196],[137.1739,35.2192],[137.1737,35.2184],[137.1734,35.2179],[137.1735,35.2166],[137.1737,35.2157],[137.1736,35.2154],[137.1728,35.215],[137.1725,35.2141],[137.1725,35.2131],[137.173,35.2127],[137.1725,35.2122],[137.1724,35.2119],[137.1727,35.2111],[137.1722,35.2104],[137.1722,35.21],[137.1717,35.2094],[137.171,35.2087],[137.1704,35.2085],[137.1701,35.2082],[137.17,35.2067],[137.1698,35.2064],[137.1684,35.2054],[137.1673,35.2058],[137.166,35.2059],[137.165,35.2065],[137.1641,35.2064],[137.1635,35.206],[137.162,35.2063],[137.1614,35.2067],[137.1608,35.2066],[137.1601,35.2058],[137.1588,35.2059],[137.1581,35.2052],[137.1577,35.2046],[137.1572,35.2043],[137.1563,35.204],[137.1555,35.204],[137.1549,35.2035],[137.153,35.2036],[137.1531,35.2028],[137.1526,35.202],[137.1517,35.2018],[137.1507,35.2005],[137.1499,35.2003],[137.1496,35.1999],[137.1491,35.1998],[137.1482,35.1985],[137.1477,35.1982],[137.1468,35.1982],[137.1457,35.1987],[137.1454,35.1986],[137.1448,35.1979],[137.1446,35.1974],[137.1434,35.1973],[137.143,35.1969],[137.1433,35.1954],[137.1431,35.1936],[137.143,35.1934],[137.142,35.1931],[137.1414,35.1927],[137.1399,35.1925],[137.1394,35.1921],[137.1385,35.192],[137.1366,35.1923],[137.1354,35.1923],[137.1349,35.192],[137.1338,35.191],[137.133,35.1901],[137.132,35.1898],[137.1314,35.1892],[137.1308,35.1889],[137.1298,35.1889],[137.1294,35.1885],[137.1292,35.1874],[137.1289,35.1867],[137.1291,35.1863],[137.1291,35.1857],[137.1295,35.1853],[137.1294,35.1847],[137.1289,35.1841],[137.1284,35.1839],[137.128,35.1834],[137.1271,35.1832],[137.1264,35.1828],[137.1261,35.1824],[137.1247,35.1827],[137.1244,35.1834],[137.1239,35.1839],[137.1229,35.1845],[137.122,35.1848],[137.1212,35.1853],[137.1198,35.185],[137.1193,35.1845],[137.1182,35.1841],[137.1175,35.1841],[137.1159,35.1847],[137.1157,35.1851],[137.1152,35.1854],[137.1148,35.1853],[137.1138,35.1856],[137.1133,35.1856],[137.1125,35.1853],[137.1106,35.1855],[137.1102,35.1857],[137.1092,35.1857],[137.1086,35.1854],[137.1085,35.184],[137.1081,35.1836],[137.1077,35.1828],[137.1068,35.1827],[137.1065,35.1812],[137.1061,35.1809],[137.1061,35.1793],[137.1059,35.1789],[137.1053,35.1788],[137.1042,35.1794],[137.1032,35.1796],[137.1022,35.1798],[137.1013,35.1802],[137.1007,35.1809],[137.1001,35.1809],[137.0993,35.1815],[137.0986,35.1814],[137.0979,35.1805],[137.097,35.1807],[137.0962,35.1795],[137.0957,35.1794],[137.0963,35.1783],[137.0968,35.1778],[137.097,35.1769],[137.0975,35.1767],[137.0976,35.1765],[137.097,35.1759],[137.097,35.1752],[137.0962,35.1741],[137.0968,35.1738],[137.0974,35.1736],[137.0975,35.1731],[137.0972,35.1726],[137.0972,35.1717],[137.0967,35.1713],[137.0966,35.1707],[137.0967,35.1696],[137.0965,35.1693],[137.0958,35.1688],[137.0949,35.1678],[137.096,35.1672],[137.0961,35.166],[137.0952,35.1649],[137.0958,35.1644],[137.0955,35.1637],[137.0948,35.163],[137.0953,35.1625],[137.0953,35.1615],[137.095,35.1612],[137.095,35.1606],[137.0947,35.1603],[137.0948,35.1597],[137.0952,35.1592],[137.0952,35.1584],[137.0956,35.1576],[137.0961,35.1572],[137.0968,35.1564],[137.0975,35.1559],[137.0977,35.1555],[137.0976,35.1549],[137.0974,35.1547],[137.0974,35.1538],[137.098,35.1525],[137.0981,35.152],[137.0984,35.1517],[137.0981,35.1508],[137.0977,35.1503],[137.0984,35.1495],[137.0986,35.1485],[137.0987,35.1476],[137.0986,35.1463],[137.0982,35.1457],[137.0976,35.1453],[137.0975,35.1447],[137.0982,35.1447],[137.0984,35.1444],[137.0983,35.1437],[137.098,35.142],[137.0986,35.1411],[137.0996,35.1399],[137.1014,35.1382],[137.1022,35.1379],[137.1027,35.1375],[137.103,35.1368],[137.1036,35.1361],[137.1039,35.1345],[137.1048,35.1317],[137.1053,35.1315],[137.1068,35.1317],[137.1077,35.1311],[137.1088,35.1309],[137.1095,35.1296],[137.1106,35.1303],[137.1116,35.1307],[137.1126,35.1315],[137.1131,35.1317],[137.1137,35.1317],[137.1141,35.1314],[137.1148,35.1315],[137.1164,35.1305],[137.117,35.1298],[137.1176,35.1285],[137.1178,35.1277],[137.1185,35.1272],[137.12,35.1258],[137.1206,35.1251],[137.1221,35.1251],[137.1231,35.1247],[137.1246,35.1245],[137.1253,35.1242],[137.1255,35.1238],[137.1281,35.123],[137.1286,35.1225],[137.1289,35.1219],[137.1294,35.1205],[137.1301,35.1196],[137.1297,35.1192],[137.1297,35.1186],[137.1302,35.1185],[137.1302,35.1177],[137.1288,35.1177],[137.1275,35.1177],[137.1259,35.1168],[137.1256,35.1165],[137.1255,35.1159],[137.1251,35.1157],[137.1245,35.116],[137.1237,35.116],[137.1228,35.1158],[137.1209,35.1149],[137.1201,35.1141],[137.1199,35.1136],[137.12,35.1123],[137.1195,35.1111],[137.1187,35.1101],[137.1186,35.109],[137.1175,35.1093],[137.1174,35.1091],[137.1172,35.108],[137.1167,35.107],[137.1164,35.1052],[137.1162,35.1043],[137.116,35.1041],[137.1151,35.1042],[137.1143,35.104],[137.1135,35.1035],[137.1134,35.103],[137.113,35.1027],[137.112,35.1026],[137.1131,35.1012],[137.1136,35.1],[137.1134,35.0991],[137.1127,35.0983],[137.112,35.0977],[137.1116,35.0972],[137.1117,35.0965],[137.1123,35.096],[137.1131,35.096],[137.1139,35.0957],[137.1138,35.0953],[137.1131,35.0945],[137.113,35.0935],[137.1127,35.0931],[137.1126,35.092],[137.1123,35.0916],[137.1117,35.0914],[137.1111,35.0916],[137.1096,35.0901],[137.1082,35.0887],[137.1078,35.0875],[137.1073,35.0866],[137.1066,35.0863],[137.1063,35.0859],[137.106,35.085],[137.1055,35.0846],[137.105,35.0837],[137.1058,35.0831],[137.1058,35.0827],[137.1053,35.082],[137.1048,35.081],[137.105,35.0799],[137.1042,35.0792],[137.1038,35.078],[137.1039,35.0764],[137.1037,35.0759],[137.1031,35.0754],[137.1032,35.0748],[137.1031,35.074],[137.1022,35.073],[137.1021,35.0725],[137.1025,35.0714],[137.1029,35.0708],[137.1031,35.0701],[137.1037,35.0689],[137.1036,35.0675],[137.1032,35.0664],[137.1027,35.0656],[137.1025,35.0646],[137.1022,35.0642],[137.1012,35.0635],[137.1006,35.0633],[137.1002,35.063],[137.0985,35.0618],[137.0969,35.0612],[137.0964,35.0608],[137.0963,35.0596],[137.0958,35.0595],[137.0948,35.0599],[137.0941,35.0599],[137.0937,35.0601],[137.0929,35.0601],[137.0924,35.0608],[137.091,35.0608],[137.0902,35.0611],[137.0897,35.0616],[137.0891,35.0615],[137.0884,35.0616],[137.0871,35.0613],[137.0866,35.0613],[137.0845,35.0626],[137.0846,35.0616],[137.085,35.06],[137.085,35.0597],[137.0844,35.059],[137.0835,35.0585],[137.0827,35.0585],[137.0824,35.0589],[137.08,35.0583],[137.0795,35.059],[137.0778,35.0583],[137.0766,35.0574],[137.0755,35.058],[137.0745,35.0568],[137.0737,35.0572],[137.0734,35.057],[137.0736,35.0559],[137.0723,35.0563],[137.0712,35.0551],[137.071,35.0551],[137.0693,35.0566],[137.0691,35.0572],[137.0684,35.0573],[137.0681,35.0574],[137.0667,35.0574],[137.0655,35.0577],[137.0645,35.0574],[137.0642,35.0565],[137.0637,35.0557],[137.0638,35.0548],[137.0637,35.0531],[137.0631,35.0526],[137.0634,35.0516],[137.0634,35.0508],[137.062,35.0507],[137.0604,35.05],[137.0592,35.0501],[137.057,35.0487],[137.0568,35.048],[137.0561,35.0467],[137.0542,35.0448],[137.0537,35.044],[137.0532,35.0429],[137.052,35.0407],[137.0512,35.0394],[137.0504,35.038],[137.05,35.0364],[137.0496,35.0356],[137.0488,35.0348],[137.0481,35.0343],[137.0469,35.0338],[137.046,35.0332],[137.0474,35.0309],[137.0483,35.0293],[137.049,35.0284],[137.0458,35.026],[137.0454,35.026],[137.0461,35.0231],[137.0461,35.0229],[137.0448,35.0231],[137.0441,35.0231],[137.0431,35.0233],[137.042,35.0237],[137.0416,35.0231],[137.0407,35.0224],[137.0397,35.0218],[137.0411,35.0211],[137.0436,35.0202],[137.0447,35.02],[137.0447,35.0177],[137.0446,35.0173],[137.0462,35.0164],[137.0469,35.0157],[137.0472,35.015],[137.0479,35.0143],[137.0489,35.0139],[137.0506,35.0135],[137.0506,35.0128],[137.0501,35.0124],[137.0485,35.0117],[137.0481,35.0112],[137.0481,35.0109],[137.0492,35.011],[137.0506,35.011],[137.0522,35.0111],[137.0534,35.0125],[137.0536,35.0133],[137.056,35.0129],[137.0573,35.0128],[137.0585,35.0126],[137.0591,35.0122],[137.0603,35.0113],[137.0603,35.0107],[137.061,35.0101],[137.0619,35.0096],[137.0625,35.0096],[137.0623,35.0102],[137.0629,35.0105],[137.0632,35.01],[137.064,35.0103],[137.0646,35.0102],[137.0652,35.0106],[137.0655,35.0112],[137.0663,35.0112],[137.067,35.012],[137.0679,35.0125],[137.069,35.0122],[137.0692,35.0124],[137.0692,35.0131],[137.069,35.0139],[137.0691,35.0142],[137.0706,35.0157],[137.0716,35.0166],[137.0724,35.0173],[137.0728,35.0178],[137.0736,35.018],[137.0743,35.0174],[137.0747,35.0173],[137.0754,35.0168],[137.0747,35.0159],[137.0747,35.0152],[137.0744,35.0146],[137.0751,35.0146],[137.0751,35.0142],[137.0745,35.014],[137.0737,35.0131],[137.0748,35.0122],[137.0747,35.0111],[137.0757,35.0107],[137.0762,35.01],[137.0777,35.0081],[137.079,35.0078],[137.0801,35.0078],[137.0816,35.008],[137.0828,35.0084],[137.0844,35.0092],[137.0851,35.0098],[137.0863,35.0111],[137.0871,35.011],[137.0878,35.0106],[137.0883,35.0099],[137.089,35.0098],[137.089,35.0086],[137.09,35.0078],[137.0905,35.008],[137.0927,35.0077],[137.0932,35.0077],[137.0944,35.0074],[137.0964,35.0074],[137.0989,35.0079],[137.0994,35.0081],[137.1007,35.0088],[137.103,35.0079],[137.1037,35.0077],[137.1036,35.0071],[137.1041,35.0066],[137.1033,35.006],[137.1024,35.0058],[137.1017,35.0052],[137.1011,35.005],[137.1002,35.0051],[137.0989,35.0033],[137.0998,35.0028],[137.1005,35.0029],[137.0998,35.0019],[137.1002,35.0017],[137.1007,35.0022],[137.1013,35.0026],[137.1021,35.0017],[137.1025,35.002],[137.1022,35.0024],[137.1031,35.0029],[137.1038,35.0028],[137.1046,35.0031],[137.1053,35.003],[137.1064,35.0033],[137.1071,35.0039],[137.1082,35.0053],[137.1084,35.0053],[137.11,35.0043],[137.1104,35.0039],[137.111,35.0029],[137.1115,35.0022],[137.1121,35.0021],[137.1135,34.9997],[137.1142,34.998],[137.1156,34.9945],[137.1164,34.9913]]]},"properties":{"N03_001":"愛知県","N03_002":"","N03_003":"","N03_004":"豊田市","N03_007":"23211"}},
{"type":"Feature","geometry":{"type":"Polygon","coordinates":[[[137.0242,34.9317],[137.0243,34.9318],[137.0244,34.9318],[137.0244,34.9319],[137.0246,34.9321],[137.0249,34.9323],[137.025,34.9324],[137.0251,34.9325],[137.0252,34.9326],[137.0252,34.9327],[137.0255,34.9329],[137.0258,34.9331],[137.0262,34.9333],[137.0263,34.9334],[137.0264,34.9334],[137.0265,34.9335],[137.0268,34.9336],[137.0269,34.9336],[137.0272,34.9338],[137.0275,34.9339],[137.0276,34.934],[137.0277,34.9341],[137.028,34.9342],[137.0284,34.9345],[137.0286,34.9347],[137.0287,34.9347],[137.0288,34.9348],[137.0291,34.935],[137.0294,34.9353],[137.0296,34.9354],[137.0297,34.9355],[137.0301,34.9358],[137.0302,34.936],[137.0308,34.9365],[137.0314,34.9369],[137.0318,34.9372],[137.0319,34.9371],[137.032,34.9371],[137.032,34.937],[137.0322,34.9366],[137.0323,34.9365],[137.0324,34.9363],[137.0325,34.9361],[137.0326,34.9359],[137.0328,34.9355],[137.0328,34.9353],[137.0329,34.9352],[137.0332,34.9348],[137.0333,34.9346],[137.0333,34.9345],[137.0334,34.9343],[137.0336,34.9339],[137.0337,34.9337],[137.0336,34.9336],[137.0334,34.9334],[137.0333,34.9333],[137.0332,34.9332],[137.0332,34.9331],[137.0332,34.9329],[137.0332,34.9324],[137.0332,34.9321],[137.0333,34.9316],[137.0333,34.9314],[137.0333,34.9313],[137.0333,34.9307],[137.0333,34.9306],[137.0334,34.9304],[137.0335,34.9304],[137.0335,34.9303],[137.0335,34.9302],[137.0336,34.93],[137.0339,34.9297],[137.0341,34.9296],[137.0342,34.9296],[137.0344,34.9295],[137.0346,34.9293],[137.0346,34.9291],[137.0344,34.929],[137.0343,34.9289],[137.0342,34.9288],[137.0338,34.9287],[137.0335,34.9284],[137.0333,34.9283],[137.0329,34.928],[137.0328,34.928],[137.0327,34.9279],[137.0325,34.9277],[137.0326,34.9276],[137.0329,34.9275],[137.0333,34.9273],[137.0334,34.9272],[137.0338,34.9271],[137.0339,34.927],[137.0341,34.927],[137.0343,34.9269],[137.0345,34.9268],[137.0346,34.9268],[137.0348,34.9267],[137.035,34.9266],[137.0351,34.9266],[137.0361,34.9262],[137.036,34.926],[137.036,34.9257],[137.0359,34.9256],[137.0358,34.9251],[137.0358,34.925],[137.0357,34.9244],[137.0356,34.924],[137.0356,34.9238],[137.0356,34.9237],[137.0355,34.9235],[137.0354,34.9232],[137.0352,34.9221],[137.0352,34.9219],[137.0352,34.9217],[137.0351,34.9216],[137.035,34.9213],[137.0349,34.9212],[137.0348,34.9212],[137.0346,34.921],[137.0345,34.921],[137.0342,34.9208],[137.0337,34.9206],[137.0333,34.9204],[137.033,34.9203],[137.0324,34.92],[137.0323,34.9199],[137.032,34.9198],[137.0319,34.9198],[137.0318,34.9197],[137.0312,34.9196],[137.0307,34.9193],[137.0304,34.9192],[137.0301,34.919],[137.03,34.9191],[137.0298,34.9192],[137.0296,34.9194],[137.0293,34.9197],[137.029,34.9196],[137.0276,34.9183],[137.027,34.9178],[137.0271,34.9177],[137.0274,34.9175],[137.0277,34.9172],[137.0277,34.9171],[137.0275,34.917],[137.0275,34.9169],[137.0273,34.9168],[137.0272,34.9167],[137.0268,34.9164],[137.0264,34.916],[137.026,34.9156],[137.0257,34.9154],[137.0253,34.9151],[137.025,34.9148],[137.0247,34.9145],[137.0243,34.9141],[137.0239,34.9139],[137.0236,34.9137],[137.0232,34.9134],[137.0229,34.9132],[137.0226,34.913],[137.0218,34.9127],[137.0215,34.9125],[137.0211,34.9124],[137.0209,34.9123],[137.0207,34.9122],[137.0205,34.9121],[137.0202,34.912],[137.02,34.9119],[137.0197,34.9118],[137.0194,34.9116],[137.0192,34.9115],[137.0188,34.9112],[137.0186,34.911],[137.0184,34.9107],[137.0182,34.9104],[137.0179,34.9101],[137.0178,34.91],[137.0178,34.9099],[137.0175,34.9096],[137.0171,34.909],[137.0169,34.9088],[137.0168,34.9087],[137.0167,34.9086],[137.0166,34.9085],[137.0164,34.9084],[137.0163,34.9083],[137.0158,34.908],[137.0155,34.9077],[137.015,34.9072],[137.0147,34.9067],[137.0143,34.9064],[137.0141,34.9061],[137.0138,34.9056],[137.0136,34.9053],[137.0134,34.905],[137.0133,34.9049],[137.0132,34.9047],[137.0133,34.9046],[137.0135,34.9045],[137.0137,34.9044],[137.0139,34.9043],[137.014,34.9042],[137.0142,34.904],[137.0143,34.9038],[137.0146,34.9035],[137.0148,34.9031],[137.015,34.9028],[137.0153,34.9021],[137.0155,34.9018],[137.0157,34.9012],[137.0158,34.9008],[137.0159,34.9005],[137.0159,34.9003],[137.0159,34.9001],[137.0158,34.9],[137.0158,34.8997],[137.0156,34.8992],[137.0154,34.8989],[137.0153,34.8986],[137.0152,34.8982],[137.0149,34.898],[137.0149,34.8978],[137.0148,34.8975],[137.0147,34.8969],[137.0147,34.8966],[137.0147,34.8962],[137.0148,34.8959],[137.0149,34.8957],[137.015,34.8955],[137.0152,34.8952],[137.0154,34.895],[137.0156,34.8948],[137.0158,34.8947],[137.0161,34.8945],[137.0163,34.8943],[137.0165,34.8942],[137.0167,34.8942],[137.017,34.8941],[137.0173,34.894],[137.0176,34.894],[137.018,34.894],[137.0186,34.8942],[137.0189,34.8942],[137.019,34.894],[137.0191,34.8936],[137.0193,34.8937],[137.0196,34.8938],[137.0204,34.894],[137.0216,34.8944],[137.022,34.8945],[137.0222,34.8945],[137.0225,34.8942],[137.0226,34.8942],[137.0227,34.8941],[137.0229,34.894],[137.0232,34.8939],[137.0233,34.894],[137.0237,34.8938],[137.0238,34.8937],[137.0238,34.8936],[137.0238,34.8935],[137.0236,34.8934],[137.0235,34.8933],[137.0234,34.8932],[137.0237,34.893],[137.024,34.8928],[137.0245,34.8925],[137.0244,34.8924],[137.0245,34.8923],[137.0246,34.8922],[137.025,34.892],[137.0253,34.8918],[137.0254,34.8919],[137.0255,34.892],[137.0257,34.8923],[137.0258,34.8922],[137.026,34.8921],[137.0262,34.892],[137.0263,34.892],[137.0266,34.8918],[137.0267,34.8917],[137.0269,34.8916],[137.0272,34.8914],[137.0275,34.8912],[137.0278,34.8909],[137.028,34.8908],[137.0281,34.8907],[137.0281,34.8905],[137.028,34.8903],[137.0279,34.8902],[137.0278,34.8899],[137.0277,34.8897],[137.028,34.8893],[137.0282,34.8889],[137.0284,34.8886],[137.0287,34.8881],[137.0288,34.8882],[137.0293,34.8884],[137.0298,34.8885],[137.0302,34.8887],[137.0308,34.8889],[137.0309,34.8889],[137.0312,34.8891],[137.0314,34.8891],[137.0319,34.8893],[137.0321,34.8894],[137.0324,34.8895],[137.0327,34.8896],[137.0328,34.8896],[137.0332,34.8897],[137.0333,34.8897],[137.0339,34.8897],[137.034,34.8898],[137.0341,34.8898],[137.0347,34.8899],[137.0353,34.89],[137.0357,34.89],[137.0361,34.8901],[137.0362,34.8901],[137.0366,34.8902],[137.0382,34.8927],[137.0387,34.8932],[137.0404,34.8961],[137.0411,34.8961],[137.0433,34.8958],[137.0438,34.8967],[137.0452,34.8962],[137.0447,34.8953],[137.045,34.8948],[137.0455,34.8946],[137.0463,34.8946],[137.047,34.8953],[137.0468,34.8958],[137.0472,34.8963],[137.0491,34.897],[137.0495,34.8974],[137.0499,34.8983],[137.0498,34.8987],[137.0489,34.8995],[137.0488,34.9001],[137.0484,34.9006],[137.0497,34.9012],[137.0507,34.9019],[137.0523,34.9032],[137.0542,34.9042],[137.0562,34.9051],[137.0576,34.9059],[137.0591,34.9073],[137.0601,34.9078],[137.0612,34.91],[137.063,34.9138],[137.065,34.913],[137.0652,34.9135],[137.0675,34.9127],[137.0668,34.9111],[137.0666,34.9103],[137.0674,34.9101],[137.0687,34.91],[137.068,34.9094],[137.0672,34.9086],[137.0672,34.9077],[137.0668,34.9061],[137.0663,34.9057],[137.0659,34.905],[137.0647,34.9041],[137.064,34.9037],[137.0637,34.9029],[137.063,34.9017],[137.0629,34.9013],[137.0629,34.9001],[137.0636,34.898],[137.0637,34.8965],[137.0639,34.8955],[137.0643,34.8946],[137.0644,34.8937],[137.0644,34.8922],[137.0647,34.8902],[137.0647,34.8889],[137.0703,34.8893],[137.0725,34.8895],[137.0741,34.8896],[137.0768,34.8896],[137.0788,34.8894],[137.081,34.8894],[137.0826,34.8895],[137.0864,34.8899],[137.0895,34.8903],[137.0913,34.891],[137.0951,34.8929],[137.097,34.8937],[137.0978,34.8941],[137.0985,34.8946],[137.1005,34.8962],[137.1013,34.8968],[137.1037,34.8988],[137.1051,34.8998],[137.1059,34.9004],[137.1071,34.9023],[137.1079,34.9037],[137.108,34.9041],[137.108,34.9045],[137.1078,34.9057],[137.1068,34.9087],[137.1061,34.9098],[137.1057,34.9107],[137.1055,34.9117],[137.1057,34.9128],[137.1064,34.914],[137.1071,34.9151],[137.1093,34.9175],[137.11,34.9184],[137.1109,34.9198],[137.1127,34.9215],[137.1137,34.9222],[137.1157,34.9229],[137.1164,34.9235],[137.1192,34.9271],[137.1173,34.9282],[137.1161,34.9289],[137.1156,34.9287],[137.1148,34.929],[137.1153,34.9296],[137.1151,34.9298],[137.1164,34.9307],[137.1146,34.9323],[137.1143,34.9323],[137.1142,34.9328],[137.1151,34.933],[137.1179,34.9361],[137.1169,34.9361],[137.1135,34.9358],[137.1116,34.9367],[137.1104,34.9354],[137.1096,34.9354],[137.1086,34.9354],[137.1079,34.9362],[137.1078,34.9369],[137.1073,34.9375],[137.108,34.9381],[137.1081,34.9388],[137.1078,34.9396],[137.1074,34.9403],[137.1076,34.9404],[137.1068,34.9415],[137.1064,34.9418],[137.107,34.9424],[137.1061,34.9431],[137.1064,34.9433],[137.1058,34.9439],[137.1081,34.946],[137.1076,34.9464],[137.11,34.9488],[137.1116,34.9477],[137.1127,34.9469],[137.1139,34.9486],[137.1111,34.9505],[137.1111,34.9511],[137.1158,34.9557],[137.1165,34.9564],[137.1157,34.9569],[137.1169,34.9581],[137.1166,34.9585],[137.1159,34.9588],[137.117,34.96],[137.1175,34.9607],[137.1167,34.9614],[137.1171,34.9617],[137.1187,34.9635],[137.1189,34.9634],[137.12,34.9645],[137.1195,34.9649],[137.1183,34.9655],[137.118,34.9661],[137.1174,34.9668],[137.1163,34.9672],[137.1159,34.9678],[137.1158,34.9682],[137.1152,34.9684],[137.1154,34.9698],[137.1126,34.9712],[137.1123,34.971],[137.1117,34.9713],[137.1102,34.9719],[137.1089,34.9728],[137.1081,34.9732],[137.1083,34.9743],[137.1089,34.9764],[137.1097,34.9761],[137.1105,34.9771],[137.1113,34.9766],[137.1107,34.9759],[137.1119,34.9752],[137.1121,34.9749],[137.114,34.974],[137.1144,34.9745],[137.1147,34.9743],[137.1151,34.9748],[137.1158,34.9747],[137.1171,34.9739],[137.1173,34.9742],[137.1187,34.974],[137.1193,34.9743],[137.1202,34.9738],[137.121,34.9739],[137.1217,34.9742],[137.1218,34.9754],[137.1225,34.9751],[137.1241,34.9736],[137.1248,34.9732],[137.1257,34.9739],[137.1263,34.975],[137.1258,34.9752],[137.1265,34.9767],[137.125,34.9773],[137.1259,34.9797],[137.1244,34.9791],[137.124,34.9799],[137.1233,34.9804],[137.1234,34.9808],[137.1228,34.981],[137.1224,34.9808],[137.1218,34.9809],[137.121,34.9818],[137.1205,34.9819],[137.1207,34.9812],[137.1202,34.9809],[137.1196,34.9812],[137.1191,34.9817],[137.1187,34.9828],[137.1189,34.9837],[137.1185,34.9843],[137.1187,34.9853],[137.1178,34.9854],[137.1177,34.9857],[137.1169,34.9885],[137.1168,34.9892],[137.1164,34.9913],[137.1156,34.9945],[137.1142,34.998],[137.1135,34.9997],[137.1121,35.0021],[137.1115,35.0022],[137.111,35.0029],[137.1104,35.0039],[137.11,35.0043],[137.1084,35.0053],[137.1082,35.0053],[137.1071,35.0039],[137.1064,35.0033],[137.1053,35.003],[137.1046,35.0031],[137.1038,35.0028],[137.1031,35.0029],[137.1022,35.0024],[137.1025,35.002],[137.1021,35.0017],[137.1013,35.0026],[137.1007,35.0022],[137.1002,35.0017],[137.0998,35.0019],[137.1005,35.0029],[137.0998,35.0028],[137.0989,35.0033],[137.1002,35.0051],[137.1011,35.005],[137.1017,35.0052],[137.1024,35.0058],[137.1033,35.006],[137.1041,35.0066],[137.1036,35.0071],[137.1037,35.0077],[137.103,35.0079],[137.1007,35.0088],[137.0994,35.0081],[137.0989,35.0079],[137.0964,35.0074],[137.0944,35.0074],[137.0932,35.0077],[137.0927,35.0077],[137.0905,35.008],[137.09,35.0078],[137.089,35.0086],[137.089,35.0098],[137.0883,35.0099],[137.0878,35.0106],[137.0871,35.011],[137.0863,35.0111],[137.0851,35.0098],[137.0859,35.0093],[137.0859,35.009],[137.0851,35.0082],[137.086,35.0077],[137.0848,35.0056],[137.084,35.0048],[137.0831,35.0045],[137.0821,35.0034],[137.0817,35.0034],[137.0813,35.0028],[137.0808,35.0034],[137.0793,35.0033],[137.0789,35.003],[137.0789,35.0005],[137.078,35.0003],[137.078,34.9998],[137.0768,34.9997],[137.0753,34.9991],[137.0739,34.9992],[137.0734,34.9992],[137.0715,34.9984],[137.0714,34.998],[137.0701,34.9973],[137.0701,34.9954],[137.0707,34.9947],[137.0705,34.9942],[137.072,34.9934],[137.0713,34.9918],[137.0706,34.9919],[137.0707,34.9905],[137.0709,34.9897],[137.0715,34.9894],[137.0712,34.9889],[137.0715,34.9887],[137.0718,34.9875],[137.0724,34.986],[137.0715,34.9858],[137.0708,34.9852],[137.0703,34.9854],[137.069,34.9853],[137.0665,34.985],[137.0657,34.9848],[137.064,34.9847],[137.0653,34.9827],[137.0651,34.9823],[137.0631,34.9813],[137.0624,34.9812],[137.0626,34.9801],[137.0604,34.9799],[137.06,34.9801],[137.0567,34.9809],[137.0546,34.9809],[137.0529,34.9803],[137.0504,34.9793],[137.0484,34.9791],[137.0483,34.9801],[137.0477,34.9802],[137.0476,34.9806],[137.0458,34.9806],[137.0442,34.9807],[137.0436,34.9797],[137.0448,34.9795],[137.0441,34.9784],[137.0444,34.9781],[137.045,34.9778],[137.0448,34.9772],[137.0463,34.9765],[137.0469,34.9755],[137.0472,34.9753],[137.0469,34.9748],[137.0474,34.9746],[137.0475,34.9741],[137.0482,34.9738],[137.0477,34.973],[137.048,34.9729],[137.0475,34.9721],[137.0464,34.9725],[137.0458,34.9718],[137.0459,34.9715],[137.044,34.9714],[137.0439,34.9712],[137.0439,34.9704],[137.0428,34.9703],[137.0425,34.9699],[137.0432,34.9693],[137.0434,34.969],[137.044,34.969],[137.0441,34.9687],[137.0429,34.9687],[137.0425,34.9683],[137.0424,34.9674],[137.0426,34.9671],[137.0419,34.9668],[137.0424,34.9664],[137.0435,34.966],[137.0436,34.9654],[137.044,34.9648],[137.044,34.9644],[137.0445,34.9636],[137.0431,34.9628],[137.0434,34.9624],[137.0449,34.9631],[137.0468,34.9605],[137.046,34.9602],[137.0461,34.96],[137.0445,34.9592],[137.0442,34.9589],[137.0449,34.9582],[137.0432,34.9569],[137.0425,34.9576],[137.0421,34.9577],[137.0425,34.9591],[137.0385,34.9613],[137.0364,34.9626],[137.0358,34.9628],[137.0347,34.9629],[137.0318,34.9628],[137.0318,34.962],[137.0318,34.9592],[137.0306,34.9592],[137.0302,34.9593],[137.0293,34.9603],[137.0284,34.9593],[137.028,34.9596],[137.0276,34.9591],[137.0266,34.9584],[137.0236,34.9567],[137.0227,34.9557],[137.0215,34.955],[137.0192,34.9534],[137.0184,34.9529],[137.0171,34.9525],[137.0173,34.9521],[137.0158,34.9515],[137.0147,34.9508],[137.0133,34.949],[137.0125,34.9482],[137.0112,34.9476],[137.0105,34.9474],[137.0107,34.9467],[137.0102,34.9462],[137.0114,34.9452],[137.0124,34.9442],[137.0126,34.9425],[137.0124,34.9418],[137.0126,34.9414],[137.0126,34.9396],[137.0121,34.9391],[137.0117,34.9381],[137.0118,34.9362],[137.0121,34.9357],[137.0151,34.9339],[137.0158,34.9334],[137.0169,34.9311],[137.0172,34.931],[137.0182,34.9316],[137.0201,34.9311],[137.0199,34.9303],[137.0201,34.9302],[137.0219,34.931],[137.0242,34.9317]]]},"properties":{"N03_001":"愛知県","N03_002":"","N03_003":"","N03_004":"安城市","N03_007":"23212"}},
{"type":"Feature","geometry":{"type":"Polygon","coordinates":[[[136.9707,34.8207],[136.9761,34.819],[136.9765,34.819],[136.9905,34.8159],[136.991,34.8173],[136.9952,34.8165],[136.997,34.8165],[136.9978,34.8156],[136.9983,34.8149],[136.9991,34.8143],[136.9993,34.8145],[137.0009,34.8135],[137.0014,34.813],[136.9993,34.8136],[136.9983,34.8137],[136.9978,34.8123],[136.9976,34.8109],[136.9981,34.8094],[136.9985,34.8083],[137.0002,34.8047],[137.0008,34.8038],[137.0021,34.8024],[137.0041,34.8006],[137.006,34.799],[137.0072,34.7984],[137.0091,34.7975],[137.0122,34.796],[137.0115,34.7929],[137.0127,34.7928],[137.0125,34.7919],[137.0139,34.7917],[137.0138,34.7909],[137.0151,34.7907],[137.0169,34.7904],[137.0167,34.7896],[137.0177,34.7903],[137.0181,34.7904],[137.0193,34.7896],[137.0186,34.7894],[137.0165,34.7877],[137.0155,34.7886],[137.0146,34.7878],[137.0168,34.7859],[137.0193,34.7848],[137.02,34.7842],[137.0198,34.7837],[137.0206,34.7823],[137.021,34.7817],[137.0233,34.7796],[137.0236,34.7797],[137.0243,34.7787],[137.0251,34.7779],[137.0266,34.7772],[137.0274,34.777],[137.0288,34.7771],[137.03,34.7767],[137.0328,34.776],[137.0325,34.7751],[137.0329,34.775],[137.0338,34.7773],[137.0383,34.7762],[137.0408,34.7756],[137.0416,34.7755],[137.0428,34.7757],[137.0432,34.7756],[137.0449,34.7762],[137.0455,34.7762],[137.0467,34.7766],[137.0484,34.7771],[137.0492,34.7779],[137.0487,34.7793],[137.0525,34.78],[137.0527,34.7799],[137.0545,34.7802],[137.0556,34.7804],[137.0571,34.7813],[137.0576,34.7813],[137.0608,34.7819],[137.0627,34.7827],[137.063,34.7833],[137.063,34.7845],[137.0641,34.7845],[137.0646,34.7843],[137.0647,34.785],[137.0654,34.7854],[137.0697,34.7865],[137.0703,34.7866],[137.0715,34.7864],[137.0752,34.7867],[137.0756,34.787],[137.0763,34.7871],[137.0766,34.7857],[137.0772,34.7851],[137.0816,34.7839],[137.0823,34.7836],[137.0836,34.782],[137.0837,34.7815],[137.0828,34.781],[137.0837,34.78],[137.0854,34.7795],[137.0852,34.7788],[137.0849,34.7785],[137.0857,34.7775],[137.0867,34.7764],[137.0866,34.7759],[137.0877,34.7753],[137.0882,34.7762],[137.0891,34.7767],[137.0898,34.7767],[137.0903,34.7765],[137.0905,34.7769],[137.0902,34.7775],[137.0911,34.7783],[137.0917,34.7785],[137.0919,34.7781],[137.0914,34.7779],[137.0911,34.7773],[137.0926,34.778],[137.0933,34.7771],[137.0945,34.7779],[137.0939,34.7793],[137.0943,34.7796],[137.0946,34.7803],[137.0952,34.7806],[137.0968,34.7817],[137.0974,34.7823],[137.0977,34.7824],[137.0979,34.7829],[137.0986,34.7836],[137.099,34.7837],[137.1001,34.7837],[137.1008,34.7838],[137.1013,34.7842],[137.1018,34.7843],[137.1023,34.784],[137.103,34.7845],[137.1038,34.7848],[137.1038,34.7854],[137.1028,34.7856],[137.1029,34.7868],[137.1034,34.7869],[137.1042,34.7866],[137.1055,34.7872],[137.1059,34.7869],[137.1074,34.7876],[137.1071,34.7885],[137.1064,34.7896],[137.1057,34.79],[137.1056,34.7907],[137.1061,34.7911],[137.1068,34.7913],[137.1075,34.7909],[137.1093,34.7907],[137.1093,34.7904],[137.1102,34.7906],[137.1121,34.7902],[137.1123,34.7908],[137.1145,34.791],[137.115,34.7908],[137.1177,34.79],[137.1173,34.7896],[137.1164,34.7899],[137.1165,34.7894],[137.1173,34.7891],[137.1178,34.7885],[137.1177,34.7883],[137.1186,34.7874],[137.1194,34.7876],[137.1206,34.7873],[137.1217,34.7871],[137.1225,34.7865],[137.1229,34.786],[137.1236,34.7854],[137.1237,34.785],[137.1234,34.7847],[137.1223,34.7855],[137.1216,34.7855],[137.1227,34.7848],[137.1231,34.7844],[137.123,34.7839],[137.1239,34.7833],[137.1251,34.7829],[137.1262,34.7827],[137.1275,34.7827],[137.128,34.783],[137.1298,34.7824],[137.1304,34.7824],[137.1312,34.7821],[137.1324,34.782],[137.133,34.7825],[137.1329,34.783],[137.1334,34.7832],[137.1334,34.784],[137.1326,34.7854],[137.1326,34.7859],[137.1332,34.7867],[137.1342,34.7873],[137.1349,34.7875],[137.1343,34.7881],[137.1343,34.7886],[137.1361,34.7891],[137.1366,34.7887],[137.1387,34.7888],[137.1388,34.7893],[137.14,34.7891],[137.1402,34.7869],[137.1415,34.787],[137.1413,34.7891],[137.1418,34.7887],[137.1426,34.7888],[137.1431,34.7888],[137.1439,34.7884],[137.1444,34.7887],[137.145,34.7887],[137.1459,34.7881],[137.1466,34.7874],[137.1475,34.7864],[137.148,34.7854],[137.1472,34.785],[137.148,34.784],[137.1485,34.784],[137.149,34.7834],[137.1498,34.7829],[137.1502,34.7822],[137.1512,34.7821],[137.1526,34.7813],[137.1535,34.7816],[137.1547,34.7822],[137.1558,34.7829],[137.157,34.7831],[137.1581,34.7831],[137.1593,34.7834],[137.1592,34.7844],[137.1604,34.785],[137.1621,34.7849],[137.1629,34.7847],[137.1626,34.7853],[137.161,34.7853],[137.1605,34.7864],[137.161,34.7866],[137.1614,34.7862],[137.1628,34.7869],[137.1642,34.7865],[137.1643,34.7862],[137.1649,34.7859],[137.165,34.7849],[137.1683,34.7849],[137.1683,34.7876],[137.1684,34.7876],[137.1683,34.7891],[137.168,34.7899],[137.1686,34.7904],[137.1688,34.7911],[137.1694,34.7917],[137.1693,34.7923],[137.1699,34.7929],[137.1694,34.7938],[137.1695,34.7941],[137.1689,34.7952],[137.169,34.7958],[137.1701,34.7965],[137.1702,34.7974],[137.1699,34.7979],[137.1702,34.7985],[137.1699,34.799],[137.1701,34.7993],[137.1716,34.8001],[137.1718,34.8006],[137.1707,34.8015],[137.1704,34.802],[137.1705,34.8027],[137.1702,34.803],[137.17,34.8044],[137.1701,34.8053],[137.1698,34.8066],[137.17,34.8068],[137.1699,34.8077],[137.1701,34.8088],[137.1704,34.8092],[137.1699,34.8104],[137.1706,34.8112],[137.1711,34.8119],[137.1708,34.8124],[137.1703,34.8128],[137.1695,34.813],[137.1695,34.8134],[137.1687,34.8135],[137.167,34.8145],[137.1658,34.8146],[137.1645,34.8146],[137.1637,34.815],[137.1629,34.8155],[137.1617,34.8157],[137.1617,34.8163],[137.1608,34.8175],[137.1604,34.8183],[137.1599,34.8191],[137.1594,34.8201],[137.1585,34.8211],[137.1585,34.8224],[137.158,34.8238],[137.1573,34.8243],[137.1563,34.8243],[137.1561,34.8247],[137.1554,34.825],[137.1548,34.825],[137.1545,34.8244],[137.1533,34.8244],[137.1516,34.8241],[137.1497,34.8235],[137.1491,34.8233],[137.1497,34.8227],[137.1506,34.8226],[137.1504,34.822],[137.1491,34.8224],[137.1485,34.8224],[137.1474,34.822],[137.1471,34.8221],[137.1472,34.8228],[137.1477,34.8234],[137.1476,34.8243],[137.1472,34.8247],[137.1471,34.8255],[137.1464,34.8255],[137.1469,34.826],[137.1468,34.8266],[137.1462,34.8272],[137.1466,34.8277],[137.1464,34.8283],[137.1457,34.8282],[137.1455,34.8279],[137.1448,34.8285],[137.1438,34.8283],[137.1436,34.8285],[137.1442,34.8289],[137.1439,34.8291],[137.1431,34.8291],[137.1431,34.8299],[137.1421,34.8311],[137.1412,34.8321],[137.1411,34.8327],[137.1399,34.8326],[137.139,34.8324],[137.1389,34.833],[137.1382,34.8338],[137.1362,34.8342],[137.1359,34.8343],[137.135,34.8343],[137.1342,34.8353],[137.1334,34.8358],[137.1331,34.8362],[137.1327,34.8372],[137.1322,34.8378],[137.1316,34.8381],[137.1311,34.8387],[137.1304,34.8393],[137.1305,34.8405],[137.1303,34.8406],[137.1281,34.8413],[137.128,34.8416],[137.1279,34.8425],[137.1275,34.8429],[137.1268,34.843],[137.1255,34.8437],[137.124,34.8444],[137.1234,34.8441],[137.1231,34.8436],[137.1229,34.8427],[137.122,34.8421],[137.1215,34.8406],[137.1208,34.8396],[137.1201,34.8393],[137.1186,34.8388],[137.1179,34.8391],[137.1172,34.8387],[137.1147,34.8395],[137.1139,34.8402],[137.1123,34.8407],[137.1114,34.8408],[137.111,34.841],[137.1103,34.8419],[137.1098,34.8421],[137.1093,34.8419],[137.109,34.8414],[137.1077,34.8408],[137.1071,34.8403],[137.106,34.8404],[137.1038,34.8421],[137.103,34.8421],[137.1017,34.8427],[137.1019,34.8441],[137.1022,34.8443],[137.1021,34.8449],[137.1026,34.8459],[137.1029,34.8455],[137.103,34.8448],[137.1028,34.8442],[137.1024,34.8438],[137.1027,34.8433],[137.1033,34.8442],[137.1035,34.8455],[137.1045,34.8448],[137.1057,34.8436],[137.1056,34.8431],[137.1052,34.8425],[137.106,34.8418],[137.106,34.8425],[137.1063,34.8426],[137.1068,34.8419],[137.1076,34.8419],[137.1068,34.8425],[137.1067,34.843],[137.1064,34.8433],[137.1059,34.8439],[137.1056,34.8447],[137.1053,34.8448],[137.1042,34.8461],[137.1034,34.8467],[137.1039,34.8474],[137.1026,34.8484],[137.1016,34.8487],[137.1011,34.8498],[137.1011,34.8505],[137.1014,34.8505],[137.1017,34.8499],[137.1021,34.8497],[137.1029,34.8497],[137.1032,34.8495],[137.1037,34.8487],[137.1044,34.8484],[137.1047,34.8474],[137.1061,34.8462],[137.1065,34.8459],[137.1063,34.8456],[137.1068,34.8449],[137.1074,34.8451],[137.1075,34.8447],[137.1082,34.8445],[137.1087,34.8449],[137.1094,34.8451],[137.11,34.8447],[137.1111,34.8445],[137.1112,34.8432],[137.111,34.8424],[137.1122,34.8432],[137.1125,34.843],[137.1131,34.8436],[137.1137,34.8436],[137.1139,34.8439],[137.1132,34.8444],[137.1122,34.8448],[137.1112,34.8455],[137.111,34.8459],[137.1123,34.846],[137.1126,34.8464],[137.1108,34.8464],[137.1106,34.8468],[137.1109,34.8471],[137.1118,34.8474],[137.1111,34.8478],[137.111,34.8482],[137.1105,34.8482],[137.1094,34.8492],[137.1088,34.8492],[137.1077,34.8496],[137.107,34.8507],[137.1066,34.8507],[137.1047,34.8518],[137.105,34.8522],[137.1054,34.852],[137.106,34.8523],[137.1075,34.8516],[137.1076,34.8519],[137.1073,34.8525],[137.1066,34.8534],[137.1062,34.8536],[137.106,34.854],[137.1065,34.8544],[137.1073,34.854],[137.108,34.853],[137.1081,34.8525],[137.1086,34.8529],[137.1097,34.8514],[137.1099,34.8502],[137.1104,34.8506],[137.1101,34.8517],[137.1094,34.8528],[137.1085,34.8534],[137.1076,34.8546],[137.1077,34.8548],[137.1085,34.8547],[137.1091,34.8541],[137.1106,34.8531],[137.1107,34.8522],[137.1111,34.8519],[137.1115,34.8508],[137.1119,34.8509],[137.1114,34.8522],[137.1114,34.853],[137.1126,34.8525],[137.1127,34.8517],[137.1138,34.852],[137.1135,34.8524],[137.1127,34.853],[137.1112,34.8538],[137.1108,34.8545],[137.1112,34.8549],[137.1118,34.8543],[137.1131,34.8536],[137.1139,34.8526],[137.1144,34.8522],[137.1151,34.8507],[137.116,34.8497],[137.1166,34.8492],[137.1175,34.8487],[137.118,34.8479],[137.1186,34.8474],[137.1194,34.847],[137.1201,34.8469],[137.1208,34.8462],[137.1214,34.8459],[137.1222,34.846],[137.1228,34.8464],[137.1228,34.8469],[137.1224,34.8478],[137.1225,34.848],[137.1234,34.8485],[137.1234,34.8495],[137.1239,34.8499],[137.1251,34.8499],[137.1251,34.8506],[137.1264,34.8521],[137.1265,34.8528],[137.1269,34.8531],[137.127,34.8535],[137.1257,34.8541],[137.1247,34.8553],[137.1241,34.8556],[137.124,34.856],[137.123,34.8567],[137.1225,34.8568],[137.1223,34.859],[137.122,34.8591],[137.121,34.8592],[137.1185,34.8595],[137.1173,34.8599],[137.1163,34.8598],[137.1152,34.8599],[137.1157,34.8614],[137.1156,34.8617],[137.1167,34.8625],[137.1175,34.8625],[137.1183,34.8623],[137.1191,34.8624],[137.1211,34.862],[137.1219,34.8621],[137.1235,34.862],[137.124,34.8621],[137.1249,34.8619],[137.1252,34.862],[137.1253,34.8626],[137.1262,34.863],[137.126,34.8634],[137.1252,34.863],[137.1243,34.8627],[137.1238,34.8628],[137.123,34.8624],[137.1221,34.8625],[137.1211,34.8623],[137.1205,34.8624],[137.1191,34.8629],[137.1182,34.863],[137.1178,34.8634],[137.1183,34.8639],[137.1195,34.8643],[137.121,34.8639],[137.1217,34.8631],[137.1218,34.8639],[137.1202,34.8644],[137.1201,34.8652],[137.1206,34.8657],[137.122,34.8662],[137.1223,34.8666],[137.1217,34.867],[137.1211,34.8665],[137.1204,34.866],[137.1197,34.8657],[137.1193,34.8654],[137.1179,34.8648],[137.1168,34.866],[137.116,34.8661],[137.117,34.8652],[137.1171,34.8645],[137.1163,34.8641],[137.116,34.8636],[137.1155,34.8636],[137.1152,34.8645],[137.1147,34.8651],[137.1145,34.8656],[137.1141,34.8656],[137.1144,34.8646],[137.1148,34.8639],[137.1149,34.8628],[137.1141,34.8625],[137.1139,34.8617],[137.1126,34.8617],[137.1122,34.8618],[137.1124,34.8624],[137.1109,34.863],[137.11,34.8638],[137.1097,34.8633],[137.1103,34.8631],[137.1104,34.8625],[137.111,34.8621],[137.111,34.8616],[137.1102,34.8616],[137.1096,34.8617],[137.1088,34.8617],[137.109,34.8631],[137.1081,34.8631],[137.1083,34.8619],[137.1078,34.8615],[137.1073,34.8624],[137.1068,34.8628],[137.107,34.8634],[137.1076,34.8638],[137.108,34.8649],[137.1091,34.8649],[137.1099,34.8653],[137.1105,34.8649],[137.112,34.8649],[137.113,34.8652],[137.1134,34.866],[137.1136,34.8678],[137.1142,34.868],[137.1145,34.8691],[137.1151,34.8695],[137.1153,34.8686],[137.1159,34.8681],[137.1162,34.8688],[137.1156,34.8693],[137.1152,34.8699],[137.1155,34.8702],[137.117,34.87],[137.1181,34.8695],[137.1194,34.8683],[137.121,34.8685],[137.121,34.8687],[137.1197,34.8694],[137.1191,34.8696],[137.1186,34.87],[137.1178,34.8705],[137.1181,34.8709],[137.1192,34.8706],[137.1195,34.871],[137.1184,34.8716],[137.1179,34.872],[137.118,34.8726],[137.1186,34.8729],[137.1187,34.8734],[137.1192,34.8735],[137.1196,34.8726],[137.1205,34.872],[137.1209,34.8723],[137.12,34.8727],[137.1197,34.8731],[137.1201,34.8736],[137.1205,34.8734],[137.1213,34.8726],[137.1226,34.8717],[137.1226,34.8707],[137.1232,34.8703],[137.1238,34.8702],[137.1251,34.8704],[137.126,34.8694],[137.1271,34.8686],[137.1275,34.8694],[137.1292,34.87],[137.1294,34.8703],[137.1303,34.8702],[137.1311,34.8704],[137.1315,34.8704],[137.1322,34.8695],[137.1327,34.8696],[137.1337,34.871],[137.1339,34.8715],[137.1348,34.8725],[137.1348,34.8733],[137.1354,34.8734],[137.1359,34.8741],[137.1371,34.8748],[137.1368,34.8755],[137.1375,34.879],[137.1361,34.8787],[137.1359,34.8789],[137.1353,34.8803],[137.1354,34.8811],[137.1352,34.8818],[137.1347,34.882],[137.1348,34.8824],[137.1363,34.8825],[137.1369,34.8822],[137.1381,34.8825],[137.1397,34.8824],[137.1407,34.8832],[137.1393,34.8844],[137.1391,34.8852],[137.1388,34.8859],[137.1382,34.8865],[137.1378,34.8875],[137.1377,34.8884],[137.1378,34.8891],[137.1378,34.8905],[137.1352,34.8905],[137.1336,34.8903],[137.1286,34.8895],[137.1274,34.889],[137.1277,34.8887],[137.1268,34.8879],[137.1263,34.8882],[137.1245,34.8862],[137.1232,34.885],[137.1201,34.8833],[137.1184,34.8816],[137.1178,34.8806],[137.1173,34.8799],[137.1167,34.8802],[137.116,34.8798],[137.1152,34.8792],[137.1105,34.879],[137.1099,34.8788],[137.1064,34.8788],[137.1031,34.8789],[137.1028,34.8793],[137.104,34.8817],[137.105,34.8833],[137.1061,34.8836],[137.1052,34.8845],[137.1047,34.8841],[137.1033,34.8852],[137.1044,34.8858],[137.1063,34.8872],[137.1074,34.8862],[137.1096,34.8878],[137.1105,34.887],[137.1113,34.8875],[137.1128,34.8878],[137.1137,34.8885],[137.1149,34.8896],[137.1152,34.8908],[137.1145,34.8919],[137.1145,34.893],[137.1144,34.8938],[137.1138,34.8936],[137.1128,34.895],[137.1133,34.8953],[137.1129,34.8958],[137.1139,34.8965],[137.114,34.8969],[137.1146,34.8974],[137.1148,34.8989],[137.1145,34.8989],[137.1148,34.9],[137.1138,34.9005],[137.1127,34.9016],[137.1131,34.902],[137.1121,34.9023],[137.1121,34.9032],[137.112,34.9034],[137.1108,34.9035],[137.1098,34.9041],[137.108,34.9041],[137.1079,34.9037],[137.1071,34.9023],[137.1059,34.9004],[137.1051,34.8998],[137.1037,34.8988],[137.1013,34.8968],[137.1005,34.8962],[137.0985,34.8946],[137.0978,34.8941],[137.097,34.8937],[137.0951,34.8929],[137.0913,34.891],[137.0895,34.8903],[137.0864,34.8899],[137.0826,34.8895],[137.081,34.8894],[137.0788,34.8894],[137.0768,34.8896],[137.0741,34.8896],[137.0725,34.8895],[137.0703,34.8893],[137.0647,34.8889],[137.0647,34.8902],[137.0644,34.8922],[137.0644,34.8937],[137.0643,34.8946],[137.0639,34.8955],[137.0637,34.8965],[137.0636,34.898],[137.0629,34.9001],[137.0629,34.9013],[137.063,34.9017],[137.0637,34.9029],[137.064,34.9037],[137.0647,34.9041],[137.0659,34.905],[137.0663,34.9057],[137.0668,34.9061],[137.0672,34.9077],[137.0672,34.9086],[137.068,34.9094],[137.0687,34.91],[137.0674,34.9101],[137.0666,34.9103],[137.0668,34.9111],[137.0675,34.9127],[137.0652,34.9135],[137.065,34.913],[137.063,34.9138],[137.0612,34.91],[137.0601,34.9078],[137.0591,34.9073],[137.0576,34.9059],[137.0562,34.9051],[137.0542,34.9042],[137.0523,34.9032],[137.0507,34.9019],[137.0497,34.9012],[137.0484,34.9006],[137.0488,34.9001],[137.0489,34.8995],[137.0498,34.8987],[137.0499,34.8983],[137.0495,34.8974],[137.0491,34.897],[137.0472,34.8963],[137.0468,34.8958],[137.047,34.8953],[137.0463,34.8946],[137.0455,34.8946],[137.045,34.8948],[137.0447,34.8953],[137.0452,34.8962],[137.0438,34.8967],[137.0433,34.8958],[137.0411,34.8961],[137.0404,34.8961],[137.0387,34.8932],[137.0382,34.8927],[137.0366,34.8902],[137.0366,34.89],[137.0366,34.8899],[137.0368,34.89],[137.0371,34.89],[137.0373,34.89],[137.0375,34.89],[137.0385,34.8899],[137.0387,34.8899],[137.0393,34.8898],[137.0396,34.8898],[137.0397,34.8898],[137.0401,34.8897],[137.0407,34.8897],[137.0412,34.8896],[137.0417,34.8896],[137.0416,34.8895],[137.0415,34.8894],[137.0414,34.8893],[137.0412,34.8892],[137.041,34.889],[137.0408,34.889],[137.0407,34.8888],[137.0406,34.8886],[137.0406,34.8885],[137.0406,34.8884],[137.0406,34.8883],[137.0405,34.8878],[137.0405,34.8877],[137.0404,34.8876],[137.0404,34.8872],[137.0404,34.8871],[137.0403,34.887],[137.04,34.8871],[137.0397,34.8871],[137.0394,34.8871],[137.0391,34.8872],[137.0388,34.8872],[137.0385,34.8872],[137.0381,34.8872],[137.0377,34.8872],[137.0374,34.8871],[137.0372,34.8871],[137.0369,34.887],[137.0368,34.887],[137.0364,34.8869],[137.0361,34.8869],[137.0359,34.8868],[137.0357,34.8868],[137.0349,34.8866],[137.0346,34.8865],[137.0339,34.8863],[137.0336,34.8862],[137.0333,34.8861],[137.0327,34.8858],[137.0322,34.8856],[137.0319,34.8854],[137.0318,34.8853],[137.0316,34.8853],[137.0313,34.8851],[137.0307,34.8848],[137.0297,34.8842],[137.0294,34.884],[137.0293,34.8839],[137.029,34.8838],[137.0285,34.8835],[137.0282,34.8833],[137.0276,34.8829],[137.0273,34.8828],[137.0273,34.8827],[137.0272,34.8826],[137.0267,34.8823],[137.0262,34.882],[137.0256,34.8815],[137.0252,34.8813],[137.025,34.8812],[137.0247,34.8811],[137.0246,34.881],[137.0244,34.8808],[137.024,34.8806],[137.0237,34.8803],[137.0234,34.8801],[137.0231,34.8798],[137.0227,34.8795],[137.0225,34.8793],[137.0223,34.8791],[137.0218,34.8787],[137.0216,34.8786],[137.0214,34.8784],[137.021,34.8781],[137.0208,34.8779],[137.0205,34.8777],[137.0201,34.8775],[137.0199,34.8774],[137.0198,34.8773],[137.0194,34.8772],[137.0185,34.8768],[137.0182,34.8766],[137.0176,34.8764],[137.0173,34.8762],[137.0167,34.876],[137.0165,34.876],[137.0163,34.8759],[137.0159,34.8757],[137.015,34.8754],[137.0143,34.8752],[137.0139,34.875],[137.0136,34.8749],[137.0134,34.8748],[137.0131,34.8746],[137.0128,34.8745],[137.0125,34.8745],[137.0119,34.8743],[137.0115,34.8741],[137.0105,34.8737],[137.0102,34.8736],[137.0097,34.8734],[137.0093,34.8732],[137.0087,34.8729],[137.0084,34.8728],[137.0083,34.8728],[137.0079,34.8726],[137.0075,34.8723],[137.0074,34.8723],[137.0071,34.8721],[137.0067,34.8718],[137.0064,34.8717],[137.0062,34.8715],[137.0061,34.8714],[137.0057,34.8712],[137.0055,34.8711],[137.0051,34.8708],[137.0044,34.8703],[137.0037,34.8699],[137.0033,34.8696],[137.0029,34.8693],[137.0027,34.8691],[137.0025,34.869],[137.0021,34.8687],[137.0018,34.8684],[137.0017,34.8683],[137.0014,34.868],[137.0011,34.8676],[137.0007,34.8671],[137.0003,34.8667],[137,34.8663],[136.9999,34.8662],[136.9997,34.8659],[136.9996,34.8658],[136.9993,34.8654],[136.999,34.865],[136.9988,34.8647],[136.9986,34.8643],[136.9982,34.8638],[136.998,34.8634],[136.9976,34.8628],[136.9974,34.8624],[136.9971,34.8618],[136.997,34.8616],[136.9968,34.8613],[136.9965,34.8607],[136.9962,34.8603],[136.9961,34.8601],[136.9959,34.8599],[136.9958,34.8596],[136.9957,34.8595],[136.9955,34.8592],[136.995,34.8583],[136.9949,34.8582],[136.9947,34.858],[136.9943,34.8572],[136.9941,34.857],[136.994,34.8568],[136.9939,34.8566],[136.9938,34.8565],[136.9934,34.8559],[136.9932,34.8555],[136.9929,34.8551],[136.9928,34.855],[136.992,34.8537],[136.9919,34.8536],[136.9919,34.8535],[136.9917,34.8532],[136.9916,34.8531],[136.991,34.8522],[136.9903,34.8512],[136.99,34.8506],[136.9897,34.8503],[136.9896,34.85],[136.9895,34.8499],[136.9891,34.8494],[136.9888,34.8489],[136.9887,34.8487],[136.9886,34.8485],[136.9878,34.8472],[136.987,34.8461],[136.9868,34.8458],[136.9867,34.8457],[136.9866,34.8455],[136.9862,34.8449],[136.9859,34.8444],[136.9854,34.8436],[136.9851,34.8432],[136.9845,34.8423],[136.9843,34.8419],[136.9841,34.8417],[136.9837,34.8411],[136.9833,34.8405],[136.9823,34.8389],[136.9819,34.8383],[136.9817,34.838],[136.9815,34.8377],[136.9815,34.8376],[136.9808,34.8366],[136.9804,34.8359],[136.9803,34.8357],[136.9788,34.8333],[136.9786,34.8331],[136.9781,34.8323],[136.9781,34.8322],[136.9777,34.8317],[136.977,34.8305],[136.9761,34.8291],[136.9758,34.8286],[136.9755,34.8281],[136.975,34.8274],[136.9745,34.8266],[136.9744,34.8264],[136.9743,34.8263],[136.9742,34.826],[136.9735,34.825],[136.9707,34.8207]],[[137.1446,34.7795],[137.1448,34.7799],[137.1454,34.7801],[137.1459,34.7801],[137.1457,34.7796],[137.1462,34.7789],[137.1458,34.7783],[137.145,34.7781],[137.1441,34.7783],[137.1437,34.7788],[137.1433,34.779],[137.1424,34.7788],[137.1419,34.7789],[137.1423,34.7794],[137.143,34.7796],[137.1438,34.7793],[137.1446,34.7795]]]},"properties":{"N03_001":"愛知県","N03_002":"","N03_003":"","N03_004":"西尾市","N03_007":"23213"}},
{"type":"Feature","geometry":{"type":"Polygon","coordinates":[[[137.1637,34.815],[137.1645,34.8146],[137.1658,34.8146],[137.167,34.8145],[137.1687,34.8135],[137.1695,34.8134],[137.1695,34.813],[137.1703,34.8128],[137.1708,34.8124],[137.1711,34.8119],[137.1706,34.8112],[137.1699,34.8104],[137.1704,34.8092],[137.1701,34.8088],[137.1699,34.8077],[137.17,34.8068],[137.1698,34.8066],[137.1701,34.8053],[137.17,34.8044],[137.1702,34.803],[137.1705,34.8027],[137.1704,34.802],[137.1707,34.8015],[137.1718,34.8006],[137.1716,34.8001],[137.1701,34.7993],[137.1699,34.799],[137.1702,34.7985],[137.1699,34.7979],[137.1702,34.7974],[137.1701,34.7965],[137.169,34.7958],[137.1689,34.7952],[137.1695,34.7941],[137.1694,34.7938],[137.1699,34.7929],[137.1693,34.7923],[137.1694,34.7917],[137.1688,34.7911],[137.1686,34.7904],[137.168,34.7899],[137.1683,34.7891],[137.1684,34.7876],[137.1686,34.7869],[137.1696,34.787],[137.1704,34.7868],[137.1724,34.7862],[137.1736,34.7853],[137.1745,34.7848],[137.1747,34.7844],[137.1745,34.7838],[137.1739,34.7836],[137.1744,34.7828],[137.1754,34.7831],[137.176,34.782],[137.1749,34.7816],[137.1753,34.781],[137.1771,34.7816],[137.1775,34.7807],[137.1761,34.7803],[137.1762,34.78],[137.1776,34.7804],[137.1778,34.7793],[137.1772,34.7791],[137.1772,34.7787],[137.1783,34.7785],[137.1779,34.7778],[137.1774,34.778],[137.1757,34.7779],[137.1755,34.7772],[137.1746,34.7762],[137.1741,34.7758],[137.1745,34.7749],[137.1755,34.7744],[137.1755,34.7737],[137.1751,34.7722],[137.1741,34.7724],[137.1738,34.7719],[137.1749,34.7714],[137.1744,34.7708],[137.1735,34.7703],[137.1721,34.7702],[137.1717,34.7706],[137.1712,34.7707],[137.1705,34.7706],[137.1696,34.7702],[137.169,34.7697],[137.168,34.7706],[137.1679,34.7713],[137.1683,34.7723],[137.1674,34.772],[137.1677,34.7715],[137.1676,34.7709],[137.1679,34.7705],[137.169,34.7696],[137.1682,34.769],[137.1682,34.7682],[137.1686,34.7675],[137.1688,34.7668],[137.1691,34.7667],[137.1694,34.7661],[137.1693,34.7656],[137.1695,34.7653],[137.1712,34.7653],[137.1719,34.7659],[137.1728,34.766],[137.1732,34.7658],[137.1736,34.766],[137.1745,34.766],[137.1751,34.7657],[137.1754,34.7652],[137.176,34.7655],[137.1772,34.7655],[137.1779,34.7657],[137.1785,34.7662],[137.1796,34.7675],[137.1799,34.7682],[137.1823,34.7691],[137.1834,34.7705],[137.1851,34.7721],[137.186,34.7726],[137.1869,34.7736],[137.1876,34.7741],[137.1885,34.7752],[137.1894,34.7757],[137.19,34.7772],[137.1899,34.7773],[137.1903,34.7787],[137.1902,34.7792],[137.1896,34.7795],[137.1894,34.7798],[137.1888,34.7802],[137.1881,34.7796],[137.1873,34.7799],[137.1869,34.7806],[137.1873,34.7807],[137.1869,34.7812],[137.1869,34.7815],[137.1878,34.7815],[137.1877,34.7821],[137.1869,34.782],[137.1871,34.7827],[137.1883,34.7828],[137.1882,34.7842],[137.1886,34.785],[137.1886,34.786],[137.1881,34.7864],[137.1879,34.788],[137.1878,34.788],[137.188,34.7864],[137.187,34.7865],[137.1867,34.7869],[137.1867,34.788],[137.1873,34.7896],[137.1878,34.7894],[137.1879,34.7902],[137.1902,34.79],[137.1906,34.7928],[137.19,34.7934],[137.1887,34.7933],[137.1879,34.7919],[137.1867,34.7922],[137.1865,34.7918],[137.1859,34.7919],[137.1862,34.7929],[137.1868,34.7932],[137.1873,34.7937],[137.1881,34.7953],[137.1885,34.7957],[137.1882,34.7961],[137.1876,34.7963],[137.1878,34.7969],[137.1882,34.7976],[137.1887,34.7974],[137.1882,34.7965],[137.1885,34.7965],[137.1889,34.7972],[137.1898,34.7965],[137.1902,34.7972],[137.1898,34.7977],[137.1907,34.7979],[137.1911,34.7988],[137.1917,34.8006],[137.1928,34.8031],[137.1936,34.8043],[137.193,34.8046],[137.1931,34.8049],[137.1953,34.8073],[137.1934,34.8088],[137.194,34.8093],[137.1947,34.8096],[137.1959,34.8087],[137.1986,34.8111],[137.201,34.8093],[137.2008,34.8091],[137.2035,34.807],[137.2038,34.8072],[137.2097,34.8027],[137.2132,34.806],[137.2136,34.8059],[137.2147,34.8051],[137.213,34.8036],[137.2137,34.8031],[137.2156,34.8048],[137.2153,34.8048],[137.2137,34.806],[137.2137,34.8062],[137.2159,34.8082],[137.2159,34.8084],[137.2177,34.8109],[137.2181,34.811],[137.2191,34.8125],[137.2145,34.8159],[137.2163,34.8176],[137.2204,34.8146],[137.2229,34.8168],[137.216,34.8218],[137.2161,34.8232],[137.2167,34.8231],[137.2176,34.8224],[137.2248,34.8193],[137.2243,34.8181],[137.2256,34.8177],[137.226,34.8186],[137.2277,34.8181],[137.2288,34.8181],[137.2292,34.8175],[137.2291,34.816],[137.2308,34.8158],[137.2337,34.8147],[137.238,34.8134],[137.2383,34.8132],[137.2391,34.8133],[137.2399,34.8131],[137.2439,34.8124],[137.2446,34.8121],[137.2446,34.8132],[137.2428,34.8139],[137.2427,34.8149],[137.243,34.8151],[137.2445,34.815],[137.2443,34.8145],[137.2459,34.8138],[137.2463,34.8142],[137.2466,34.8142],[137.2463,34.8135],[137.2472,34.8131],[137.2464,34.8121],[137.2469,34.8118],[137.2476,34.8126],[137.2486,34.8117],[137.2482,34.8113],[137.2487,34.811],[137.2491,34.8113],[137.2495,34.8112],[137.2498,34.8108],[137.2482,34.8097],[137.2486,34.8097],[137.2511,34.8074],[137.2508,34.8072],[137.2516,34.8065],[137.2516,34.806],[137.2511,34.8056],[137.2516,34.8053],[137.2525,34.806],[137.2532,34.8059],[137.2544,34.8066],[137.2553,34.8063],[137.2576,34.8048],[137.2579,34.8044],[137.2592,34.8046],[137.2598,34.8046],[137.2602,34.8047],[137.2612,34.8046],[137.2618,34.8052],[137.2627,34.8056],[137.2639,34.8059],[137.2647,34.8059],[137.265,34.8051],[137.2658,34.8053],[137.2666,34.8053],[137.2675,34.805],[137.2678,34.8044],[137.2694,34.8047],[137.2678,34.809],[137.2681,34.8088],[137.2696,34.8048],[137.2702,34.8037],[137.2706,34.8036],[137.2712,34.8043],[137.272,34.8049],[137.2728,34.8053],[137.2746,34.8058],[137.2755,34.806],[137.2776,34.804],[137.2785,34.804],[137.2782,34.8048],[137.2774,34.8048],[137.2764,34.8057],[137.2769,34.8058],[137.2769,34.8064],[137.2766,34.8066],[137.2766,34.8077],[137.2764,34.8081],[137.2752,34.8081],[137.2748,34.8084],[137.2748,34.8088],[137.2755,34.809],[137.2755,34.8099],[137.2775,34.8102],[137.2781,34.8101],[137.2784,34.8103],[137.2795,34.8102],[137.2808,34.81],[137.2808,34.8086],[137.2796,34.8081],[137.279,34.808],[137.2794,34.8076],[137.2799,34.8062],[137.2797,34.8055],[137.2803,34.805],[137.2813,34.8049],[137.2825,34.8056],[137.2834,34.8058],[137.2845,34.8059],[137.2861,34.8058],[137.2862,34.8053],[137.2865,34.805],[137.2887,34.8053],[137.2912,34.805],[137.2921,34.8046],[137.2928,34.8045],[137.2937,34.805],[137.2943,34.8058],[137.2949,34.8093],[137.2949,34.8099],[137.2945,34.8106],[137.2937,34.8108],[137.2906,34.8112],[137.2895,34.8115],[137.2882,34.8117],[137.2869,34.8118],[137.2871,34.8125],[137.2886,34.8128],[137.2903,34.8126],[137.2914,34.8121],[137.2932,34.8121],[137.2945,34.8119],[137.2954,34.8114],[137.2968,34.8112],[137.298,34.8107],[137.298,34.8111],[137.298,34.8113],[137.298,34.8116],[137.298,34.8117],[137.2981,34.812],[137.2981,34.8123],[137.298,34.8125],[137.2979,34.8129],[137.2978,34.813],[137.2978,34.8132],[137.2977,34.8132],[137.2976,34.8133],[137.2974,34.8134],[137.2972,34.8134],[137.2968,34.8135],[137.2965,34.8136],[137.2963,34.8137],[137.2962,34.8139],[137.2957,34.8142],[137.2955,34.8143],[137.2954,34.8145],[137.2953,34.8145],[137.2952,34.8146],[137.2952,34.8148],[137.2952,34.815],[137.2952,34.8151],[137.2951,34.8153],[137.2951,34.8154],[137.2951,34.8155],[137.295,34.8156],[137.2949,34.8156],[137.2948,34.8157],[137.2945,34.8158],[137.2944,34.8158],[137.294,34.8158],[137.2936,34.816],[137.2935,34.8161],[137.2934,34.8162],[137.2934,34.8164],[137.2934,34.8167],[137.2935,34.8168],[137.2935,34.817],[137.2935,34.8171],[137.2936,34.8173],[137.2936,34.8174],[137.2936,34.8176],[137.2935,34.8179],[137.2935,34.818],[137.2934,34.8182],[137.2934,34.8183],[137.2933,34.8188],[137.2932,34.819],[137.2932,34.8191],[137.2931,34.8193],[137.2931,34.8194],[137.293,34.8194],[137.293,34.8195],[137.2929,34.8196],[137.2927,34.8196],[137.2926,34.8198],[137.2925,34.8199],[137.2924,34.82],[137.2922,34.8202],[137.2921,34.8203],[137.2919,34.8204],[137.2919,34.8206],[137.2918,34.8207],[137.2917,34.8209],[137.2915,34.8214],[137.2914,34.8215],[137.2912,34.8217],[137.2911,34.8218],[137.2907,34.8222],[137.2906,34.8222],[137.2905,34.8224],[137.2903,34.8226],[137.29,34.823],[137.2899,34.8231],[137.2898,34.8231],[137.2897,34.8233],[137.2897,34.8234],[137.2896,34.8234],[137.2896,34.8235],[137.2895,34.8236],[137.2894,34.8238],[137.2893,34.8239],[137.2894,34.8239],[137.2896,34.824],[137.2897,34.824],[137.2899,34.8241],[137.29,34.8241],[137.2905,34.8244],[137.2907,34.8245],[137.2909,34.8245],[137.291,34.8245],[137.2912,34.8245],[137.2914,34.8245],[137.2915,34.8246],[137.2917,34.8246],[137.2917,34.8247],[137.2919,34.8248],[137.292,34.8248],[137.2923,34.8249],[137.2927,34.8249],[137.2929,34.825],[137.2931,34.825],[137.2933,34.825],[137.2936,34.8251],[137.2937,34.8251],[137.2939,34.8251],[137.2941,34.825],[137.2942,34.8249],[137.2943,34.8249],[137.2944,34.8248],[137.2946,34.8247],[137.2949,34.8245],[137.2951,34.8244],[137.2952,34.8243],[137.2953,34.8242],[137.2955,34.8241],[137.2957,34.8241],[137.2959,34.824],[137.2961,34.824],[137.2962,34.824],[137.2962,34.8241],[137.2963,34.8243],[137.2964,34.8244],[137.2966,34.8246],[137.2967,34.8247],[137.2968,34.8247],[137.2969,34.8245],[137.2969,34.8244],[137.297,34.8243],[137.2971,34.8243],[137.2972,34.8244],[137.2974,34.8244],[137.2975,34.8242],[137.2976,34.8241],[137.2977,34.8239],[137.2981,34.8234],[137.2981,34.8233],[137.2982,34.8231],[137.2984,34.823],[137.2985,34.823],[137.2986,34.823],[137.2986,34.8233],[137.2986,34.8235],[137.2987,34.8236],[137.2987,34.8237],[137.2988,34.8238],[137.2989,34.8239],[137.299,34.824],[137.2991,34.8241],[137.2992,34.8241],[137.2993,34.8241],[137.2994,34.8241],[137.2995,34.824],[137.2996,34.824],[137.2997,34.824],[137.2998,34.824],[137.3,34.824],[137.3001,34.8241],[137.3003,34.8241],[137.3005,34.8242],[137.3007,34.8242],[137.3009,34.8243],[137.301,34.8244],[137.3011,34.8247],[137.3013,34.8249],[137.3014,34.825],[137.3015,34.825],[137.3017,34.8252],[137.3018,34.8253],[137.3018,34.8254],[137.3018,34.8255],[137.3018,34.8257],[137.3018,34.8259],[137.3017,34.8261],[137.3017,34.8264],[137.3017,34.8265],[137.3016,34.8266],[137.3014,34.8268],[137.3012,34.8269],[137.301,34.8269],[137.3008,34.827],[137.3007,34.827],[137.3004,34.827],[137.3001,34.8271],[137.3,34.8272],[137.3,34.8273],[137.2999,34.8275],[137.2999,34.8276],[137.3,34.8278],[137.3,34.8279],[137.3001,34.828],[137.3,34.8281],[137.2999,34.8282],[137.2998,34.8283],[137.2996,34.8284],[137.2994,34.8286],[137.2991,34.8287],[137.2989,34.8288],[137.2988,34.829],[137.2987,34.8292],[137.2986,34.8293],[137.2985,34.8294],[137.2984,34.8294],[137.2983,34.8295],[137.2981,34.8295],[137.298,34.8296],[137.2979,34.8297],[137.2978,34.8298],[137.2977,34.8301],[137.2977,34.8305],[137.2976,34.8306],[137.2976,34.8308],[137.2976,34.8309],[137.2976,34.831],[137.2975,34.8311],[137.2974,34.8312],[137.2973,34.8312],[137.2972,34.8313],[137.2971,34.8315],[137.2971,34.8316],[137.2971,34.8318],[137.2971,34.8319],[137.2969,34.832],[137.2967,34.8321],[137.2966,34.8321],[137.2965,34.8321],[137.2964,34.8321],[137.2962,34.8322],[137.2961,34.8323],[137.2961,34.8324],[137.296,34.8325],[137.2959,34.8326],[137.2959,34.8328],[137.2959,34.8329],[137.2958,34.833],[137.2957,34.8331],[137.2957,34.8332],[137.2956,34.8333],[137.2955,34.8333],[137.2955,34.8334],[137.2954,34.8334],[137.2952,34.8334],[137.2951,34.8334],[137.2949,34.8335],[137.2947,34.8336],[137.2945,34.8338],[137.2944,34.8338],[137.2942,34.8338],[137.294,34.8338],[137.2938,34.8338],[137.2936,34.8338],[137.2935,34.8338],[137.2933,34.8338],[137.2932,34.8339],[137.2931,34.8339],[137.2929,34.8339],[137.2927,34.8339],[137.2926,34.8339],[137.2926,34.834],[137.2925,34.834],[137.2924,34.8341],[137.2923,34.8342],[137.2922,34.8342],[137.2922,34.8341],[137.2922,34.834],[137.2923,34.8339],[137.2923,34.8338],[137.2924,34.8337],[137.2925,34.8336],[137.2927,34.8333],[137.2927,34.8332],[137.2927,34.8331],[137.2926,34.8331],[137.2925,34.8331],[137.2923,34.8331],[137.2921,34.8331],[137.2919,34.8331],[137.2917,34.8331],[137.2916,34.8331],[137.2914,34.8331],[137.2912,34.8331],[137.291,34.8332],[137.2908,34.8332],[137.2905,34.8332],[137.29,34.8333],[137.2897,34.8332],[137.2896,34.8332],[137.2895,34.8333],[137.2894,34.8333],[137.2893,34.8333],[137.2893,34.8334],[137.289,34.8335],[137.2889,34.8335],[137.2888,34.8335],[137.2888,34.8334],[137.2887,34.8334],[137.2886,34.8334],[137.2886,34.8333],[137.2885,34.8333],[137.2883,34.8333],[137.2881,34.8333],[137.2878,34.8334],[137.2877,34.8334],[137.2875,34.8335],[137.2874,34.8336],[137.2872,34.8337],[137.2871,34.8338],[137.2869,34.834],[137.2869,34.8342],[137.2869,34.8343],[137.2869,34.8345],[137.2869,34.8346],[137.2868,34.8347],[137.2867,34.8348],[137.2866,34.8349],[137.2864,34.8349],[137.2862,34.8349],[137.286,34.8349],[137.2857,34.8349],[137.2853,34.8349],[137.2852,34.8349],[137.285,34.8349],[137.2848,34.8349],[137.2842,34.835],[137.284,34.8351],[137.2838,34.8352],[137.2836,34.8352],[137.2834,34.8353],[137.2833,34.8353],[137.283,34.8353],[137.2828,34.8353],[137.2826,34.8354],[137.2822,34.8354],[137.282,34.8353],[137.2818,34.8353],[137.2816,34.8353],[137.2814,34.8353],[137.2812,34.8352],[137.281,34.8352],[137.2809,34.8352],[137.2807,34.8352],[137.2805,34.8351],[137.2804,34.8351],[137.2803,34.8351],[137.2802,34.8352],[137.28,34.8352],[137.2798,34.8353],[137.2797,34.8353],[137.2794,34.8354],[137.2792,34.8354],[137.2791,34.8354],[137.2789,34.8353],[137.2787,34.8353],[137.2785,34.8352],[137.2782,34.8352],[137.278,34.8352],[137.2779,34.8352],[137.2777,34.8353],[137.2775,34.8353],[137.2775,34.8354],[137.2774,34.8354],[137.2771,34.8353],[137.2769,34.8352],[137.2767,34.8352],[137.2766,34.8351],[137.2764,34.835],[137.2762,34.8349],[137.276,34.8349],[137.2758,34.8348],[137.2756,34.8347],[137.2754,34.8346],[137.2752,34.8346],[137.2751,34.8345],[137.275,34.8344],[137.275,34.8343],[137.275,34.8342],[137.2749,34.8341],[137.2749,34.834],[137.2748,34.834],[137.2747,34.834],[137.2746,34.834],[137.2744,34.8341],[137.2743,34.8342],[137.2739,34.8344],[137.2737,34.8345],[137.2735,34.8346],[137.2734,34.8347],[137.2731,34.8349],[137.2728,34.835],[137.2727,34.8351],[137.2725,34.8352],[137.2724,34.8353],[137.2722,34.8354],[137.272,34.8355],[137.2719,34.8356],[137.2717,34.8357],[137.2716,34.8358],[137.2715,34.836],[137.271,34.8363],[137.2709,34.8364],[137.2707,34.8365],[137.2707,34.8366],[137.2706,34.8367],[137.2704,34.8369],[137.2702,34.837],[137.2701,34.8371],[137.2699,34.8372],[137.2698,34.8373],[137.2697,34.8375],[137.2697,34.8376],[137.2697,34.8378],[137.2697,34.8379],[137.2697,34.838],[137.2695,34.8381],[137.269,34.8381],[137.2688,34.8381],[137.2686,34.8381],[137.2685,34.8381],[137.2683,34.838],[137.2682,34.838],[137.2679,34.838],[137.2676,34.838],[137.2673,34.8381],[137.2671,34.8381],[137.2669,34.8382],[137.2668,34.8382],[137.2667,34.8382],[137.2667,34.8383],[137.2666,34.8383],[137.2664,34.8384],[137.2663,34.8385],[137.2662,34.8385],[137.266,34.8386],[137.2658,34.8386],[137.2656,34.8387],[137.2655,34.8387],[137.2654,34.8387],[137.2654,34.8388],[137.2654,34.8389],[137.2654,34.8391],[137.2654,34.8392],[137.2653,34.8394],[137.2652,34.8396],[137.2651,34.8397],[137.2651,34.8398],[137.265,34.8399],[137.265,34.8401],[137.265,34.8402],[137.2649,34.8403],[137.2648,34.8405],[137.2647,34.8406],[137.2645,34.8408],[137.2643,34.841],[137.2641,34.8411],[137.2641,34.8412],[137.2639,34.8413],[137.2638,34.8413],[137.2637,34.8414],[137.2637,34.8415],[137.2637,34.8416],[137.2637,34.8417],[137.2637,34.8418],[137.2637,34.8419],[137.2637,34.8421],[137.2637,34.8422],[137.2636,34.8425],[137.2635,34.8428],[137.2634,34.8429],[137.2633,34.843],[137.2633,34.8431],[137.2633,34.8432],[137.2634,34.8432],[137.2634,34.8433],[137.2635,34.8433],[137.2635,34.8434],[137.2635,34.8435],[137.2635,34.8436],[137.2634,34.8437],[137.2632,34.8439],[137.2631,34.844],[137.263,34.8441],[137.263,34.8442],[137.2629,34.8444],[137.2629,34.8445],[137.2628,34.8446],[137.2626,34.8447],[137.2625,34.8448],[137.2623,34.8449],[137.2621,34.845],[137.2621,34.8451],[137.2619,34.8453],[137.2617,34.8454],[137.2616,34.8455],[137.2615,34.8455],[137.2613,34.8456],[137.2611,34.8456],[137.2609,34.8457],[137.2608,34.8458],[137.2607,34.8458],[137.2606,34.8459],[137.2605,34.8459],[137.2604,34.846],[137.2604,34.8462],[137.2604,34.8463],[137.2604,34.8465],[137.2604,34.8466],[137.2604,34.8467],[137.2602,34.8467],[137.26,34.8467],[137.2599,34.8467],[137.2599,34.8468],[137.2599,34.847],[137.2599,34.8471],[137.2599,34.8472],[137.2599,34.8476],[137.2599,34.8478],[137.2599,34.848],[137.2599,34.8484],[137.2599,34.8485],[137.2598,34.8485],[137.2596,34.8486],[137.2594,34.8487],[137.2593,34.8488],[137.2592,34.849],[137.259,34.8493],[137.2587,34.8496],[137.2585,34.8498],[137.2584,34.85],[137.2583,34.8501],[137.2583,34.8502],[137.2583,34.8503],[137.2582,34.8504],[137.2581,34.8507],[137.2581,34.8508],[137.2581,34.8509],[137.2581,34.8511],[137.2581,34.8512],[137.2581,34.8513],[137.2581,34.8514],[137.258,34.8515],[137.2578,34.8517],[137.2577,34.8519],[137.2577,34.852],[137.2577,34.8521],[137.2578,34.8522],[137.2578,34.8523],[137.2579,34.8523],[137.2579,34.8524],[137.2579,34.8525],[137.2579,34.8527],[137.2579,34.8528],[137.2578,34.8531],[137.2578,34.8532],[137.2577,34.8533],[137.2575,34.8537],[137.2575,34.8538],[137.2574,34.854],[137.2573,34.8541],[137.2573,34.8542],[137.2573,34.8544],[137.2572,34.8546],[137.2572,34.8547],[137.2571,34.8549],[137.2569,34.8551],[137.2567,34.8555],[137.2566,34.8556],[137.2565,34.8558],[137.2565,34.8559],[137.2566,34.8561],[137.2566,34.8562],[137.2566,34.8564],[137.2566,34.8566],[137.2566,34.8567],[137.2565,34.8568],[137.2564,34.8569],[137.2564,34.857],[137.2563,34.8571],[137.2563,34.8572],[137.2563,34.8573],[137.2563,34.8575],[137.2563,34.8576],[137.2564,34.8577],[137.2565,34.8579],[137.2566,34.8582],[137.2567,34.8583],[137.2568,34.8584],[137.2569,34.8585],[137.2569,34.8586],[137.257,34.8586],[137.257,34.8588],[137.257,34.8589],[137.2571,34.8591],[137.2571,34.8593],[137.257,34.8595],[137.257,34.8596],[137.257,34.8599],[137.257,34.8601],[137.257,34.8602],[137.257,34.8604],[137.257,34.8605],[137.257,34.8606],[137.2569,34.8607],[137.2568,34.8608],[137.2566,34.8609],[137.2565,34.861],[137.2564,34.861],[137.2563,34.861],[137.2554,34.8604],[137.2548,34.8608],[137.2537,34.8612],[137.2529,34.8619],[137.2524,34.8622],[137.2517,34.8622],[137.2506,34.8627],[137.2498,34.8626],[137.2483,34.8628],[137.2471,34.8634],[137.246,34.8633],[137.2452,34.8628],[137.2445,34.8633],[137.2432,34.8639],[137.2426,34.8649],[137.2419,34.8653],[137.2414,34.8655],[137.2404,34.8655],[137.2399,34.8658],[137.2388,34.8668],[137.2369,34.8661],[137.2361,34.8661],[137.2355,34.8664],[137.235,34.8664],[137.2336,34.8662],[137.2328,34.8648],[137.2323,34.8646],[137.2314,34.8647],[137.2311,34.8651],[137.2302,34.8652],[137.2302,34.8655],[137.2294,34.8654],[137.2293,34.8659],[137.2297,34.8665],[137.2287,34.8676],[137.2278,34.8681],[137.2271,34.8688],[137.2268,34.8695],[137.226,34.8698],[137.2256,34.8701],[137.2248,34.8703],[137.224,34.8702],[137.2228,34.8698],[137.2216,34.8699],[137.2207,34.8695],[137.219,34.8696],[137.2171,34.8694],[137.2165,34.8691],[137.2143,34.8685],[137.2132,34.8681],[137.2126,34.8677],[137.2121,34.8676],[137.2115,34.8676],[137.2109,34.8672],[137.2103,34.8666],[137.2088,34.8661],[137.2078,34.8655],[137.2074,34.8652],[137.2072,34.8641],[137.2068,34.8637],[137.2053,34.8631],[137.205,34.8623],[137.2044,34.8614],[137.2044,34.8611],[137.2049,34.8601],[137.2048,34.8596],[137.2049,34.8581],[137.2056,34.8568],[137.2055,34.8564],[137.2049,34.8562],[137.2036,34.8554],[137.2034,34.8551],[137.2019,34.8544],[137.2012,34.8542],[137.2006,34.8538],[137.1991,34.8536],[137.1971,34.8531],[137.1959,34.8522],[137.1954,34.8509],[137.1944,34.8501],[137.1942,34.8495],[137.1932,34.8489],[137.193,34.8482],[137.1945,34.8464],[137.196,34.8453],[137.1965,34.8453],[137.1971,34.8447],[137.1976,34.843],[137.1976,34.8422],[137.198,34.8415],[137.1979,34.8412],[137.1973,34.8405],[137.1962,34.8398],[137.1957,34.8393],[137.1957,34.8385],[137.1951,34.8377],[137.1939,34.8373],[137.1932,34.8361],[137.1923,34.8359],[137.1916,34.8353],[137.1914,34.8347],[137.1917,34.8343],[137.1916,34.8331],[137.1917,34.8327],[137.1924,34.8319],[137.1932,34.8317],[137.1935,34.8313],[137.1938,34.8303],[137.194,34.83],[137.1951,34.8295],[137.1954,34.8286],[137.1961,34.8283],[137.1974,34.828],[137.1985,34.8272],[137.1992,34.8272],[137.2,34.8264],[137.1996,34.8252],[137.1993,34.8251],[137.1977,34.8252],[137.1974,34.8258],[137.1972,34.8266],[137.1963,34.8266],[137.1955,34.8261],[137.1956,34.8257],[137.1963,34.8249],[137.1949,34.8242],[137.1941,34.8242],[137.192,34.825],[137.1913,34.8251],[137.1906,34.8247],[137.1913,34.8242],[137.1906,34.8237],[137.1905,34.8234],[137.191,34.823],[137.1915,34.8223],[137.1916,34.8214],[137.1914,34.8207],[137.1903,34.8206],[137.1894,34.8196],[137.189,34.8191],[137.1878,34.8189],[137.1871,34.819],[137.1864,34.8193],[137.1866,34.8205],[137.1871,34.8214],[137.1869,34.8224],[137.1869,34.8229],[137.1862,34.8234],[137.1859,34.8238],[137.1852,34.8238],[137.1849,34.8233],[137.1837,34.8232],[137.1829,34.8233],[137.1807,34.823],[137.18,34.8229],[137.1801,34.8237],[137.1798,34.825],[137.179,34.8261],[137.1787,34.8262],[137.1782,34.826],[137.1779,34.8253],[137.1767,34.8245],[137.1762,34.8244],[137.1752,34.8238],[137.1744,34.8239],[137.1737,34.8238],[137.1727,34.824],[137.1712,34.8233],[137.1709,34.8227],[137.1705,34.8224],[137.1704,34.8215],[137.1702,34.8212],[137.1693,34.8204],[137.1684,34.8202],[137.1681,34.8199],[137.1678,34.819],[137.1674,34.8186],[137.1668,34.8182],[137.1654,34.8169],[137.1648,34.8157],[137.1637,34.815]],[[137.225,34.8147],[137.2251,34.8149],[137.2305,34.8151],[137.2305,34.815],[137.2251,34.8148],[137.225,34.8147]],[[137.2326,34.789],[137.2344,34.7905],[137.2354,34.79],[137.2356,34.7895],[137.2362,34.7892],[137.2353,34.7878],[137.2355,34.7875],[137.2349,34.7867],[137.2335,34.787],[137.2328,34.7868],[137.2313,34.787],[137.2306,34.7868],[137.2292,34.7866],[137.2287,34.7878],[137.229,34.7882],[137.2297,34.7884],[137.2302,34.7888],[137.2308,34.7885],[137.2314,34.7885],[137.2326,34.789]],[[137.2312,34.8118],[137.2316,34.8122],[137.2323,34.8119],[137.2323,34.8106],[137.2321,34.8102],[137.2313,34.8099],[137.2313,34.8106],[137.231,34.8113],[137.2312,34.8118]],[[137.2365,34.7838],[137.2366,34.7845],[137.2369,34.7844],[137.2373,34.7838],[137.2368,34.7834],[137.2365,34.7838]]]},"properties":{"N03_001":"愛知県","N03_002":"","N03_003":"","N03_004":"蒲郡市","N03_007":"23214"}},
{"type":"Feature","geometry":{"type":"Polygon","coordinates":[[[136.9218,35.3193],[136.9243,35.3203],[136.9256,35.3209],[136.926,35.3216],[136.927,35.3214],[136.9279,35.3229],[136.9311,35.3217],[136.9315,35.3219],[136.932,35.3219],[136.9324,35.3221],[136.9329,35.3219],[136.9343,35.3219],[136.935,35.3215],[136.9356,35.3214],[136.9357,35.321],[136.9363,35.3211],[136.9371,35.3217],[136.938,35.3215],[136.9389,35.3226],[136.9391,35.3227],[136.9398,35.3233],[136.9411,35.3234],[136.9443,35.3229],[136.946,35.3232],[136.9465,35.3232],[136.9503,35.3229],[136.9502,35.3215],[136.9499,35.321],[136.9477,35.3194],[136.9488,35.3192],[136.9487,35.3186],[136.9486,35.3174],[136.9488,35.317],[136.9485,35.3165],[136.9485,35.3154],[136.9478,35.3145],[136.9473,35.3134],[136.9479,35.313],[136.9499,35.3128],[136.9506,35.3128],[136.9513,35.3133],[136.9519,35.3131],[136.9527,35.3138],[136.9538,35.3138],[136.9542,35.3137],[136.9548,35.3146],[136.9553,35.3145],[136.9556,35.3149],[136.9561,35.315],[136.957,35.3155],[136.9589,35.3147],[136.9594,35.3147],[136.96,35.3151],[136.9603,35.3151],[136.9614,35.3157],[136.9622,35.3153],[136.9626,35.3155],[136.9632,35.3163],[136.9648,35.3166],[136.9657,35.3177],[136.9657,35.3182],[136.9662,35.3188],[136.9666,35.3194],[136.9676,35.3206],[136.9681,35.3207],[136.9683,35.3213],[136.9691,35.3216],[136.9694,35.3223],[136.9701,35.3226],[136.9707,35.3228],[136.9712,35.3231],[136.9726,35.3238],[136.9734,35.324],[136.9734,35.3235],[136.9738,35.3229],[136.9749,35.3225],[136.9759,35.3226],[136.9772,35.323],[136.9776,35.3236],[136.9789,35.3247],[136.9798,35.3242],[136.9802,35.3242],[136.9811,35.3243],[136.9813,35.3232],[136.9809,35.3221],[136.9819,35.3214],[136.9834,35.3213],[136.9843,35.3206],[136.9846,35.321],[136.9853,35.3213],[136.9858,35.3235],[136.9863,35.324],[136.9869,35.3251],[136.9869,35.3257],[136.9873,35.3268],[136.9873,35.3276],[136.9879,35.3285],[136.9889,35.3298],[136.9892,35.3306],[136.9897,35.3307],[136.9902,35.3305],[136.9907,35.3307],[136.9926,35.3304],[136.9937,35.3303],[136.9948,35.3301],[136.9963,35.331],[136.997,35.3308],[136.9979,35.331],[136.9986,35.3316],[136.9991,35.332],[137,35.3323],[137.0008,35.3322],[137.0022,35.3315],[137.0037,35.3309],[137.0044,35.3308],[137.0053,35.3311],[137.0073,35.3311],[137.0085,35.3309],[137.0094,35.3302],[137.0099,35.3301],[137.0109,35.3305],[137.0116,35.3311],[137.0122,35.3317],[137.0125,35.3335],[137.0128,35.3342],[137.0129,35.3348],[137.0165,35.335],[137.0177,35.3348],[137.0183,35.3338],[137.0188,35.3339],[137.0186,35.3344],[137.018,35.335],[137.0189,35.3349],[137.0198,35.3338],[137.0201,35.334],[137.0192,35.3353],[137.0195,35.3356],[137.0206,35.3358],[137.0209,35.3356],[137.0207,35.335],[137.0224,35.3342],[137.0229,35.3346],[137.0239,35.3339],[137.0252,35.3341],[137.0266,35.3339],[137.0283,35.334],[137.0296,35.3339],[137.0303,35.3337],[137.0311,35.3339],[137.0324,35.3338],[137.033,35.334],[137.0339,35.3339],[137.0342,35.3342],[137.0353,35.3344],[137.0359,35.3346],[137.0366,35.3347],[137.0375,35.3353],[137.0384,35.3358],[137.0392,35.3355],[137.04,35.3356],[137.0415,35.3362],[137.0424,35.3374],[137.0428,35.338],[137.0439,35.3386],[137.0456,35.339],[137.0462,35.3394],[137.0463,35.3395],[137.0461,35.3402],[137.0462,35.3416],[137.0464,35.343],[137.046,35.344],[137.0465,35.3454],[137.0464,35.3463],[137.0466,35.3485],[137.0458,35.3491],[137.0452,35.3506],[137.0461,35.3513],[137.0474,35.3518],[137.0479,35.3524],[137.048,35.3534],[137.0482,35.3537],[137.0488,35.3553],[137.0489,35.3568],[137.0491,35.3578],[137.0494,35.3588],[137.0498,35.3596],[137.0496,35.3606],[137.049,35.3615],[137.0486,35.3629],[137.0481,35.3634],[137.0478,35.3644],[137.0469,35.3657],[137.047,35.3661],[137.0461,35.3662],[137.0454,35.3668],[137.0451,35.3674],[137.0443,35.3675],[137.0436,35.3673],[137.0408,35.3669],[137.0403,35.367],[137.0394,35.3676],[137.0386,35.3676],[137.0381,35.3675],[137.0376,35.3678],[137.0354,35.3679],[137.0349,35.368],[137.034,35.368],[137.0341,35.3689],[137.0339,35.3691],[137.0327,35.369],[137.031,35.3702],[137.0299,35.3707],[137.0294,35.3716],[137.0293,35.3725],[137.0298,35.3736],[137.0296,35.3742],[137.0292,35.3742],[137.0291,35.3748],[137.0283,35.3753],[137.0284,35.3759],[137.028,35.3762],[137.0264,35.3751],[137.0254,35.3753],[137.0245,35.3751],[137.023,35.375],[137.0222,35.3752],[137.0213,35.3757],[137.0202,35.3757],[137.0196,35.376],[137.0189,35.3765],[137.0179,35.3767],[137.017,35.3773],[137.0161,35.3777],[137.016,35.379],[137.0158,35.3796],[137.0154,35.3797],[137.0152,35.3805],[137.0154,35.3809],[137.0153,35.3813],[137.0142,35.3818],[137.0132,35.3818],[137.0124,35.3815],[137.0116,35.3815],[137.0109,35.3817],[137.0104,35.3813],[137.0097,35.3815],[137.0091,35.3815],[137.0081,35.3816],[137.0075,35.3815],[137.0061,35.3818],[137.0055,35.3817],[137.0049,35.3813],[137.0042,35.3811],[137.0032,35.3811],[137.0021,35.3815],[137.0023,35.3831],[137.0022,35.3833],[137.001,35.384],[137.0003,35.3847],[136.9996,35.3852],[136.999,35.3862],[136.9996,35.3867],[136.9996,35.3872],[136.9991,35.3884],[136.9992,35.39],[136.9992,35.3903],[136.9984,35.3913],[136.998,35.3915],[136.997,35.391],[136.9966,35.3912],[136.9962,35.3917],[136.9962,35.3924],[136.9955,35.3931],[136.9945,35.3932],[136.9937,35.3936],[136.9928,35.3928],[136.9915,35.3931],[136.9913,35.3943],[136.9901,35.3949],[136.9902,35.3956],[136.9893,35.3963],[136.9894,35.3968],[136.99,35.3976],[136.9898,35.3989],[136.9887,35.4],[136.9887,35.4006],[136.989,35.4012],[136.9877,35.4016],[136.9873,35.402],[136.9852,35.402],[136.9842,35.4015],[136.9833,35.4016],[136.9828,35.4014],[136.9816,35.4016],[136.9808,35.4019],[136.9805,35.4028],[136.9803,35.4029],[136.9795,35.4029],[136.9783,35.4032],[136.9782,35.4034],[136.9784,35.4042],[136.9782,35.405],[136.9784,35.406],[136.9786,35.4064],[136.9794,35.407],[136.98,35.4075],[136.9803,35.4082],[136.9812,35.4092],[136.9818,35.4096],[136.9826,35.4099],[136.9827,35.4102],[136.9835,35.4107],[136.984,35.4114],[136.9846,35.4119],[136.9849,35.4126],[136.9849,35.4132],[136.9846,35.4138],[136.985,35.4142],[136.9871,35.4154],[136.987,35.4158],[136.9853,35.4175],[136.9858,35.4181],[136.986,35.4192],[136.9864,35.42],[136.9875,35.4205],[136.9885,35.4205],[136.9895,35.4217],[136.9902,35.4223],[136.9905,35.4231],[136.9925,35.4235],[136.993,35.4238],[136.9931,35.4243],[136.9913,35.4246],[136.9894,35.4248],[136.9885,35.4248],[136.9857,35.4245],[136.984,35.424],[136.982,35.4236],[136.9807,35.4233],[136.9788,35.4227],[136.9772,35.4224],[136.9753,35.422],[136.9744,35.4216],[136.9722,35.4221],[136.9714,35.4221],[136.9687,35.4221],[136.9656,35.4215],[136.9644,35.4209],[136.9634,35.4202],[136.9627,35.4192],[136.9618,35.4176],[136.9616,35.4169],[136.9615,35.4159],[136.9611,35.4149],[136.9611,35.4143],[136.9614,35.4133],[136.9626,35.4096],[136.963,35.408],[136.9631,35.4066],[136.9629,35.4049],[136.9628,35.4032],[136.9626,35.4019],[136.9623,35.4008],[136.9617,35.3998],[136.961,35.3991],[136.9593,35.3978],[136.9585,35.3973],[136.9567,35.3965],[136.954,35.3957],[136.9527,35.3955],[136.9503,35.3949],[136.948,35.394],[136.947,35.3935],[136.945,35.3927],[136.9412,35.3911],[136.9373,35.3894],[136.9351,35.3882],[136.932,35.3855],[136.9291,35.3831],[136.9274,35.3819],[136.9261,35.381],[136.9242,35.3801],[136.9221,35.3792],[136.9215,35.379],[136.9226,35.3772],[136.9233,35.3758],[136.9232,35.3755],[136.9217,35.3747],[136.9193,35.3731],[136.9176,35.3721],[136.9169,35.3715],[136.9191,35.3691],[136.9201,35.3683],[136.921,35.3679],[136.9212,35.3674],[136.9208,35.3669],[136.921,35.3666],[136.9218,35.3664],[136.9235,35.3679],[136.9244,35.3673],[136.9255,35.3671],[136.9256,35.3681],[136.9264,35.3691],[136.927,35.3689],[136.9281,35.3686],[136.9291,35.3682],[136.9306,35.3678],[136.9319,35.3695],[136.933,35.3709],[136.9335,35.3709],[136.9352,35.3702],[136.9363,35.3693],[136.9367,35.3685],[136.9369,35.3677],[136.9372,35.3669],[136.9374,35.3658],[136.9366,35.3641],[136.9365,35.3625],[136.937,35.3626],[136.9386,35.3617],[136.9397,35.3616],[136.9398,35.3613],[136.9404,35.3603],[136.9407,35.3592],[136.9418,35.3592],[136.9419,35.3587],[136.9419,35.3566],[136.942,35.3552],[136.9418,35.3544],[136.9416,35.3523],[136.9409,35.3516],[136.9409,35.3512],[136.9391,35.3511],[136.9386,35.3509],[136.9381,35.3504],[136.938,35.3479],[136.9376,35.3475],[136.9356,35.346],[136.9356,35.3456],[136.936,35.345],[136.9362,35.3439],[136.9367,35.3438],[136.9366,35.3425],[136.9357,35.3418],[136.9353,35.3411],[136.9352,35.3399],[136.9348,35.3391],[136.9339,35.3377],[136.9333,35.3365],[136.9332,35.3362],[136.9335,35.335],[136.9334,35.3336],[136.9335,35.3333],[136.9333,35.3321],[136.9331,35.3318],[136.9323,35.3313],[136.9325,35.3304],[136.9323,35.33],[136.9312,35.3286],[136.9297,35.3276],[136.9291,35.3275],[136.928,35.3268],[136.9275,35.326],[136.927,35.3259],[136.925,35.3249],[136.925,35.3239],[136.9244,35.3239],[136.924,35.3231],[136.9218,35.3193]]]},"properties":{"N03_001":"愛知県","N03_002":"","N03_003":"","N03_004":"犬山市","N03_007":"23215"}},
{"type":"Feature","geometry":{"type":"Polygon","coordinates":[[[136.8618,34.8141],[136.8628,34.814],[136.8631,34.8143],[136.8643,34.8142],[136.865,34.8142],[136.8655,34.8136],[136.8667,34.8128],[136.8671,34.8126],[136.8682,34.8127],[136.8689,34.8135],[136.8707,34.8129],[136.8724,34.8143],[136.8736,34.8141],[136.8742,34.8143],[136.8757,34.8143],[136.8765,34.8139],[136.877,34.8134],[136.8777,34.8133],[136.8787,34.8128],[136.8797,34.8126],[136.8806,34.8127],[136.8809,34.8124],[136.8815,34.8125],[136.8824,34.8128],[136.883,34.8133],[136.8836,34.8135],[136.8843,34.8133],[136.8849,34.8128],[136.8865,34.8123],[136.8871,34.8125],[136.8875,34.8129],[136.8875,34.8142],[136.8869,34.815],[136.8867,34.8153],[136.8865,34.8155],[136.8864,34.8156],[136.8863,34.8157],[136.8862,34.8158],[136.8859,34.8158],[136.8857,34.8159],[136.8856,34.816],[136.8855,34.8162],[136.8854,34.8164],[136.8853,34.8165],[136.8853,34.8167],[136.8852,34.817],[136.8852,34.8171],[136.8853,34.8173],[136.8853,34.8174],[136.8853,34.8175],[136.8852,34.8177],[136.8852,34.8178],[136.8851,34.8179],[136.885,34.8179],[136.8849,34.8181],[136.8849,34.8182],[136.8848,34.8184],[136.8847,34.8186],[136.8844,34.8187],[136.8841,34.8189],[136.884,34.8191],[136.8839,34.8192],[136.8839,34.8194],[136.8839,34.8195],[136.8839,34.8196],[136.884,34.8196],[136.8841,34.8197],[136.8843,34.8198],[136.8845,34.82],[136.8846,34.8202],[136.8847,34.8203],[136.8848,34.8204],[136.8848,34.8205],[136.8848,34.8206],[136.8847,34.8207],[136.8844,34.8209],[136.8843,34.8209],[136.8843,34.821],[136.8842,34.8211],[136.8842,34.8212],[136.8841,34.8214],[136.8841,34.8215],[136.8841,34.8217],[136.8841,34.8218],[136.884,34.8219],[136.8838,34.8221],[136.8837,34.8221],[136.8835,34.8223],[136.8833,34.8224],[136.8832,34.8225],[136.8831,34.8225],[136.883,34.8227],[136.8829,34.8229],[136.8828,34.823],[136.8828,34.8232],[136.8828,34.8233],[136.8826,34.8234],[136.8825,34.8235],[136.8825,34.8236],[136.8825,34.8237],[136.8826,34.8238],[136.8827,34.824],[136.8827,34.8242],[136.8827,34.8243],[136.8826,34.8245],[136.8826,34.8247],[136.8825,34.8248],[136.8824,34.825],[136.8824,34.8251],[136.8824,34.8253],[136.8825,34.8254],[136.8826,34.8256],[136.8826,34.8257],[136.8826,34.8258],[136.8826,34.8259],[136.8826,34.826],[136.8828,34.8261],[136.883,34.8263],[136.8831,34.8263],[136.8831,34.8264],[136.8831,34.8265],[136.883,34.8266],[136.883,34.8267],[136.883,34.8268],[136.883,34.8269],[136.8831,34.827],[136.8832,34.8271],[136.8833,34.8271],[136.8835,34.8272],[136.8836,34.8273],[136.8837,34.8273],[136.8838,34.8273],[136.8839,34.8274],[136.8841,34.8275],[136.8843,34.8275],[136.8845,34.8276],[136.8846,34.8276],[136.8847,34.8277],[136.8847,34.8279],[136.8847,34.8282],[136.8847,34.8283],[136.8846,34.8285],[136.8845,34.8287],[136.8844,34.829],[136.8843,34.8293],[136.8843,34.8294],[136.8843,34.8295],[136.8845,34.8298],[136.8845,34.8299],[136.8845,34.83],[136.8844,34.8301],[136.8844,34.8303],[136.8845,34.8305],[136.8846,34.8307],[136.8846,34.8308],[136.8847,34.831],[136.8847,34.8311],[136.8847,34.8313],[136.8848,34.8315],[136.8849,34.8316],[136.8848,34.8318],[136.8848,34.8319],[136.8846,34.8321],[136.8846,34.8323],[136.8846,34.8324],[136.8846,34.8326],[136.8847,34.8327],[136.8847,34.8328],[136.8848,34.8328],[136.8848,34.8329],[136.8851,34.833],[136.8851,34.8331],[136.8852,34.8331],[136.8852,34.8332],[136.8853,34.8333],[136.8853,34.8334],[136.8853,34.8336],[136.8853,34.8337],[136.8851,34.8339],[136.8851,34.8343],[136.8849,34.8347],[136.8848,34.8349],[136.8846,34.8356],[136.8845,34.8358],[136.8845,34.8359],[136.8844,34.836],[136.8843,34.8361],[136.8842,34.8361],[136.8841,34.8362],[136.8841,34.8363],[136.8841,34.8364],[136.8842,34.8366],[136.8843,34.8366],[136.8844,34.8368],[136.8844,34.8369],[136.8846,34.837],[136.8847,34.8373],[136.8848,34.8375],[136.8848,34.8376],[136.8848,34.8378],[136.8848,34.8382],[136.8848,34.8384],[136.8847,34.8386],[136.8847,34.8388],[136.8847,34.8392],[136.8847,34.8393],[136.8846,34.8396],[136.8846,34.8397],[136.8845,34.8401],[136.8845,34.8403],[136.8845,34.8404],[136.8843,34.8407],[136.884,34.8413],[136.884,34.8415],[136.8839,34.8417],[136.8837,34.8421],[136.8834,34.8433],[136.8833,34.8436],[136.8831,34.8444],[136.883,34.8447],[136.8829,34.8452],[136.8828,34.8454],[136.8828,34.8458],[136.8832,34.8459],[136.8832,34.8461],[136.883,34.8461],[136.8827,34.8461],[136.8825,34.8469],[136.8824,34.8475],[136.8824,34.8477],[136.8824,34.8479],[136.8824,34.848],[136.8823,34.8485],[136.8822,34.8487],[136.8822,34.8489],[136.8821,34.8493],[136.8821,34.8496],[136.8821,34.8497],[136.882,34.8499],[136.882,34.85],[136.882,34.8501],[136.882,34.8505],[136.8819,34.8506],[136.8819,34.8507],[136.882,34.8508],[136.8823,34.8508],[136.8825,34.8509],[136.8827,34.8511],[136.8828,34.8511],[136.8829,34.8512],[136.8831,34.8513],[136.8833,34.8513],[136.8836,34.8514],[136.8838,34.8515],[136.8839,34.8515],[136.8841,34.8514],[136.8844,34.8514],[136.8846,34.8514],[136.8848,34.8514],[136.8851,34.8514],[136.8853,34.8514],[136.8854,34.8515],[136.8858,34.8516],[136.8861,34.8516],[136.8863,34.8517],[136.8865,34.8517],[136.8866,34.8517],[136.8869,34.8518],[136.8872,34.8518],[136.8873,34.8519],[136.8874,34.8519],[136.8877,34.8519],[136.8878,34.8519],[136.888,34.852],[136.8882,34.852],[136.8883,34.8521],[136.8885,34.8522],[136.8887,34.8524],[136.889,34.8526],[136.8893,34.8528],[136.8895,34.8529],[136.8898,34.8531],[136.89,34.8532],[136.8901,34.8533],[136.8905,34.8534],[136.8908,34.8534],[136.891,34.8535],[136.8915,34.8536],[136.8916,34.8536],[136.8917,34.8536],[136.8919,34.8536],[136.8924,34.8537],[136.8924,34.8538],[136.8924,34.8539],[136.8923,34.8539],[136.8923,34.854],[136.8923,34.8541],[136.8919,34.8541],[136.8918,34.854],[136.8917,34.854],[136.8915,34.854],[136.8913,34.854],[136.8913,34.8542],[136.8913,34.8543],[136.8913,34.8544],[136.8912,34.8548],[136.8912,34.8549],[136.8913,34.8552],[136.8914,34.8553],[136.8914,34.8556],[136.8913,34.8559],[136.8913,34.8562],[136.8912,34.8564],[136.8909,34.8564],[136.8909,34.8568],[136.8908,34.8569],[136.8908,34.8572],[136.8908,34.8576],[136.8907,34.8578],[136.8907,34.8581],[136.8906,34.8583],[136.8905,34.8586],[136.8905,34.8588],[136.8904,34.8589],[136.8901,34.8593],[136.89,34.8595],[136.89,34.8597],[136.8899,34.8598],[136.8899,34.86],[136.8898,34.8604],[136.8897,34.8607],[136.8896,34.8611],[136.8895,34.8613],[136.8893,34.8616],[136.8891,34.8619],[136.8888,34.8622],[136.8886,34.8625],[136.8884,34.8627],[136.8883,34.8629],[136.8882,34.8629],[136.8881,34.8631],[136.8881,34.8633],[136.8881,34.8636],[136.8881,34.8638],[136.8882,34.8639],[136.8884,34.864],[136.8887,34.8641],[136.8889,34.8642],[136.8888,34.8644],[136.8887,34.8646],[136.8886,34.8647],[136.8883,34.865],[136.8881,34.8652],[136.888,34.8652],[136.8879,34.8653],[136.8877,34.8655],[136.8875,34.8656],[136.8874,34.8657],[136.8873,34.8658],[136.8871,34.866],[136.8869,34.8661],[136.8867,34.8663],[136.8865,34.8664],[136.8863,34.8665],[136.8862,34.8666],[136.8861,34.8666],[136.886,34.8665],[136.8858,34.8665],[136.8857,34.8665],[136.8856,34.8665],[136.8855,34.8666],[136.8854,34.8666],[136.8854,34.8667],[136.8852,34.8667],[136.885,34.8668],[136.8849,34.8668],[136.8848,34.8667],[136.8846,34.8667],[136.8844,34.8667],[136.8842,34.8668],[136.8841,34.8669],[136.884,34.867],[136.8838,34.867],[136.8837,34.8671],[136.8835,34.8671],[136.8834,34.8671],[136.8833,34.8671],[136.8832,34.8672],[136.8831,34.8672],[136.883,34.8673],[136.883,34.8674],[136.8829,34.8676],[136.8829,34.8677],[136.8828,34.8678],[136.8826,34.868],[136.8825,34.8682],[136.8824,34.8682],[136.8823,34.8683],[136.8822,34.8683],[136.882,34.8683],[136.8817,34.8682],[136.8814,34.8682],[136.8813,34.8685],[136.8812,34.8689],[136.8811,34.8691],[136.881,34.8695],[136.8809,34.8697],[136.8808,34.8699],[136.8808,34.87],[136.8807,34.8701],[136.8805,34.8704],[136.8803,34.8705],[136.8802,34.8708],[136.8801,34.871],[136.88,34.8712],[136.88,34.8715],[136.8799,34.8718],[136.8799,34.8719],[136.8799,34.872],[136.8802,34.8722],[136.8805,34.8723],[136.8808,34.8725],[136.8807,34.8726],[136.8806,34.8727],[136.8805,34.8727],[136.8804,34.8727],[136.8802,34.8727],[136.88,34.8726],[136.8798,34.8726],[136.8797,34.8726],[136.8796,34.8727],[136.8794,34.8726],[136.8793,34.8726],[136.8792,34.8728],[136.8791,34.8729],[136.8788,34.8731],[136.8787,34.8732],[136.8785,34.8733],[136.8783,34.8736],[136.8783,34.8737],[136.8781,34.8738],[136.878,34.874],[136.878,34.8742],[136.8779,34.8743],[136.8779,34.8744],[136.8779,34.8745],[136.8778,34.8745],[136.8775,34.8745],[136.8773,34.8746],[136.8772,34.8745],[136.877,34.8746],[136.8768,34.8746],[136.8768,34.8748],[136.8767,34.875],[136.8767,34.8751],[136.8766,34.8752],[136.8766,34.8754],[136.8763,34.8756],[136.8762,34.8757],[136.876,34.876],[136.8759,34.876],[136.8759,34.8764],[136.8758,34.8768],[136.8758,34.8769],[136.8758,34.8771],[136.8758,34.8774],[136.8758,34.8776],[136.8757,34.8777],[136.8757,34.8778],[136.8757,34.878],[136.8757,34.8783],[136.8757,34.8789],[136.8761,34.8791],[136.8758,34.8815],[136.8753,34.8821],[136.8749,34.8829],[136.875,34.8838],[136.8762,34.887],[136.8768,34.8873],[136.8772,34.8881],[136.8771,34.8904],[136.877,34.8915],[136.8766,34.893],[136.8768,34.894],[136.8772,34.8947],[136.8772,34.8952],[136.8769,34.8963],[136.8765,34.8968],[136.876,34.8972],[136.875,34.8976],[136.8744,34.8976],[136.874,34.8973],[136.8733,34.8976],[136.8719,34.8973],[136.8714,34.8971],[136.8705,34.8971],[136.8702,34.8978],[136.8696,34.8981],[136.8685,34.8984],[136.8686,34.8991],[136.8681,34.8996],[136.8673,34.8996],[136.8658,34.9002],[136.8657,34.9007],[136.8666,34.9019],[136.8667,34.9026],[136.8669,34.9028],[136.8678,34.9032],[136.868,34.9046],[136.8691,34.9054],[136.8695,34.9062],[136.8689,34.9071],[136.8694,34.9079],[136.8692,34.9088],[136.8695,34.9098],[136.8707,34.9105],[136.8707,34.9107],[136.8721,34.912],[136.8726,34.9118],[136.8733,34.9122],[136.8734,34.9131],[136.8751,34.914],[136.8759,34.915],[136.8787,34.9164],[136.8784,34.9169],[136.8791,34.9173],[136.8794,34.9179],[136.8798,34.9181],[136.8814,34.9193],[136.8829,34.9201],[136.8836,34.9205],[136.884,34.9215],[136.8844,34.923],[136.8863,34.9271],[136.8866,34.9277],[136.8869,34.9288],[136.8885,34.9314],[136.8893,34.933],[136.8897,34.9343],[136.8902,34.9348],[136.8906,34.9357],[136.8915,34.9364],[136.892,34.9373],[136.8918,34.9377],[136.8913,34.9377],[136.8915,34.9386],[136.8919,34.9393],[136.8917,34.94],[136.8908,34.9399],[136.8894,34.9401],[136.8885,34.9406],[136.8881,34.9405],[136.8881,34.9412],[136.8867,34.9412],[136.8854,34.9415],[136.8841,34.9417],[136.8832,34.9414],[136.8814,34.942],[136.8807,34.9424],[136.8805,34.9425],[136.8803,34.9425],[136.8801,34.9425],[136.8798,34.9423],[136.8795,34.9422],[136.8794,34.9421],[136.8787,34.9423],[136.8785,34.9423],[136.8782,34.9424],[136.8774,34.9426],[136.8772,34.9425],[136.877,34.9423],[136.8768,34.942],[136.8767,34.9419],[136.8766,34.9418],[136.8764,34.9418],[136.8761,34.9419],[136.876,34.942],[136.8759,34.9419],[136.8758,34.9419],[136.8756,34.9419],[136.8753,34.942],[136.875,34.9421],[136.8748,34.9422],[136.8746,34.9423],[136.8744,34.9424],[136.8739,34.9422],[136.8737,34.9422],[136.8736,34.9422],[136.8733,34.9422],[136.8731,34.9421],[136.8728,34.9421],[136.8726,34.9421],[136.8724,34.9421],[136.8721,34.9421],[136.8717,34.9421],[136.8714,34.9421],[136.8711,34.942],[136.871,34.942],[136.8707,34.9418],[136.8707,34.9417],[136.8708,34.9416],[136.8706,34.9416],[136.8704,34.9415],[136.8702,34.9415],[136.8702,34.9412],[136.8699,34.9412],[136.8685,34.9412],[136.8667,34.9411],[136.8664,34.9411],[136.8661,34.9411],[136.8659,34.9411],[136.8656,34.9411],[136.8651,34.9415],[136.8649,34.9416],[136.8647,34.9416],[136.8646,34.9417],[136.8645,34.9417],[136.8644,34.9417],[136.8642,34.9416],[136.864,34.9415],[136.8638,34.9414],[136.8637,34.9412],[136.8636,34.941],[136.8635,34.9407],[136.8634,34.9405],[136.8634,34.9402],[136.8634,34.9401],[136.8634,34.94],[136.8634,34.9399],[136.8634,34.9398],[136.8634,34.9397],[136.8632,34.9396],[136.8627,34.9393],[136.8625,34.9392],[136.8624,34.9392],[136.8624,34.939],[136.8623,34.9388],[136.8622,34.9387],[136.8621,34.9386],[136.8619,34.9385],[136.8617,34.9384],[136.8616,34.9384],[136.8612,34.9383],[136.8603,34.9381],[136.8595,34.9379],[136.8587,34.9377],[136.8586,34.9377],[136.8587,34.9374],[136.8586,34.9374],[136.8584,34.9373],[136.8583,34.9373],[136.858,34.9368],[136.858,34.9367],[136.8579,34.9365],[136.8579,34.9364],[136.858,34.9363],[136.8579,34.9362],[136.8578,34.936],[136.8576,34.9358],[136.8574,34.9356],[136.8573,34.9355],[136.8568,34.935],[136.8567,34.9348],[136.8566,34.9347],[136.8566,34.9346],[136.8566,34.9345],[136.8566,34.9343],[136.8566,34.9342],[136.8565,34.9341],[136.8565,34.934],[136.8564,34.9338],[136.8562,34.9337],[136.8561,34.9335],[136.856,34.9333],[136.8558,34.9332],[136.8556,34.933],[136.8553,34.9328],[136.8552,34.9326],[136.8552,34.9325],[136.8551,34.9324],[136.855,34.9324],[136.855,34.9323],[136.8543,34.9323],[136.8539,34.9322],[136.8537,34.9322],[136.8536,34.9322],[136.8531,34.9321],[136.8527,34.9321],[136.8526,34.9321],[136.8522,34.9319],[136.852,34.9318],[136.8517,34.9317],[136.8515,34.9316],[136.8514,34.9316],[136.8514,34.9315],[136.8505,34.932],[136.85,34.9323],[136.8495,34.9326],[136.8494,34.9327],[136.8493,34.9327],[136.8484,34.9332],[136.8482,34.9329],[136.8475,34.9323],[136.8475,34.9322],[136.8474,34.9321],[136.8473,34.9321],[136.8472,34.9321],[136.8471,34.9321],[136.8466,34.9325],[136.8464,34.9326],[136.8459,34.9329],[136.8456,34.9331],[136.8452,34.9333],[136.8445,34.9338],[136.8441,34.934],[136.8435,34.9345],[136.8433,34.9346],[136.8431,34.9347],[136.8432,34.9348],[136.8434,34.9349],[136.8431,34.935],[136.8427,34.9351],[136.8425,34.9352],[136.8417,34.9354],[136.8413,34.9356],[136.8406,34.9358],[136.8401,34.9359],[136.8395,34.936],[136.8384,34.9361],[136.8383,34.9361],[136.8381,34.9361],[136.838,34.9362],[136.8376,34.9363],[136.8375,34.9361],[136.8373,34.9362],[136.837,34.9363],[136.8369,34.9365],[136.8367,34.9366],[136.8363,34.9367],[136.8357,34.937],[136.8355,34.9372],[136.8353,34.9372],[136.8349,34.9375],[136.8346,34.9375],[136.8344,34.9375],[136.8339,34.9375],[136.8335,34.9375],[136.8333,34.9375],[136.8332,34.9375],[136.833,34.9375],[136.8329,34.9375],[136.8328,34.9375],[136.8325,34.9374],[136.8324,34.9374],[136.8322,34.9374],[136.8321,34.9374],[136.832,34.9374],[136.8319,34.9374],[136.8318,34.9374],[136.8317,34.9373],[136.8314,34.9373],[136.8312,34.9372],[136.831,34.9372],[136.8309,34.9372],[136.8304,34.937],[136.8299,34.9369],[136.8298,34.9368],[136.8295,34.9366],[136.8294,34.9366],[136.8294,34.9367],[136.8293,34.9368],[136.8293,34.9369],[136.8292,34.9369],[136.829,34.9374],[136.8287,34.9375],[136.8288,34.9381],[136.8289,34.9384],[136.8288,34.9385],[136.8288,34.9386],[136.8288,34.9389],[136.8286,34.9389],[136.8283,34.939],[136.8281,34.9391],[136.828,34.9391],[136.8278,34.939],[136.8277,34.939],[136.8275,34.939],[136.8274,34.939],[136.8273,34.939],[136.8271,34.9391],[136.8268,34.9392],[136.8265,34.9392],[136.8261,34.9392],[136.8259,34.9392],[136.8257,34.9393],[136.8254,34.9393],[136.8253,34.9393],[136.825,34.9394],[136.8248,34.9387],[136.8243,34.9385],[136.8228,34.9356],[136.8228,34.9351],[136.8233,34.9349],[136.8227,34.934],[136.8229,34.9334],[136.8234,34.9325],[136.8234,34.9321],[136.8239,34.932],[136.8242,34.9313],[136.8243,34.9306],[136.8243,34.9294],[136.8241,34.9287],[136.8241,34.9272],[136.8239,34.9267],[136.8239,34.9259],[136.8237,34.925],[136.8238,34.9243],[136.8236,34.9236],[136.8237,34.9224],[136.8236,34.921],[136.8234,34.9197],[136.823,34.9182],[136.8226,34.9178],[136.8228,34.9173],[136.8226,34.9153],[136.8222,34.9151],[136.8221,34.9127],[136.8226,34.9125],[136.8226,34.911],[136.8223,34.9097],[136.8218,34.9087],[136.8208,34.9085],[136.8209,34.9079],[136.8217,34.9079],[136.8217,34.9061],[136.8219,34.9055],[136.8226,34.9052],[136.8235,34.9052],[136.8238,34.9045],[136.8235,34.9037],[136.8239,34.9036],[136.8243,34.9045],[136.8248,34.9042],[136.8243,34.9032],[136.8237,34.9033],[136.8232,34.9027],[136.8227,34.903],[136.8227,34.9042],[136.8221,34.904],[136.8223,34.9036],[136.8222,34.902],[136.8228,34.9003],[136.8236,34.8991],[136.8238,34.8983],[136.8239,34.8974],[136.8243,34.8975],[136.8246,34.8969],[136.8245,34.8963],[136.8248,34.8957],[136.8248,34.8951],[136.8256,34.895],[136.8258,34.8938],[136.8265,34.8935],[136.8269,34.8931],[136.826,34.8926],[136.8251,34.8919],[136.8239,34.8907],[136.8225,34.8891],[136.8226,34.8886],[136.822,34.8884],[136.8216,34.8879],[136.8208,34.8867],[136.821,34.8867],[136.8219,34.8881],[136.8222,34.8879],[136.8223,34.8868],[136.8226,34.8862],[136.8226,34.8851],[136.8223,34.8845],[136.8217,34.8842],[136.8223,34.8829],[136.8244,34.8793],[136.8257,34.8775],[136.8275,34.8753],[136.8277,34.8753],[136.8299,34.8765],[136.8328,34.8744],[136.8354,34.879],[136.835,34.8815],[136.8358,34.8815],[136.8369,34.8841],[136.8369,34.8843],[136.8379,34.8844],[136.8381,34.883],[136.8387,34.882],[136.8384,34.8819],[136.8393,34.8805],[136.8397,34.8806],[136.8401,34.8801],[136.8387,34.8795],[136.8394,34.8786],[136.8405,34.8791],[136.8411,34.8778],[136.8407,34.8776],[136.8409,34.877],[136.8406,34.8768],[136.8384,34.8777],[136.8381,34.8776],[136.8372,34.876],[136.8372,34.8759],[136.8433,34.8723],[136.8438,34.8722],[136.8443,34.8724],[136.8459,34.8711],[136.8458,34.8707],[136.845,34.8709],[136.8449,34.8707],[136.8464,34.8704],[136.8467,34.8708],[136.8476,34.8705],[136.8481,34.8707],[136.8489,34.8705],[136.8496,34.87],[136.8508,34.8683],[136.8511,34.8683],[136.8531,34.8669],[136.8535,34.8664],[136.854,34.8665],[136.8547,34.866],[136.8549,34.8655],[136.8559,34.8646],[136.8566,34.8633],[136.8569,34.8628],[136.8572,34.8621],[136.8576,34.8599],[136.8575,34.8592],[136.8576,34.8582],[136.8575,34.8575],[136.857,34.8566],[136.8569,34.8561],[136.8574,34.8558],[136.8576,34.8544],[136.8579,34.8544],[136.858,34.8535],[136.8583,34.8535],[136.8586,34.8528],[136.8592,34.8528],[136.8595,34.8523],[136.8596,34.8516],[136.8606,34.8516],[136.8609,34.8508],[136.8614,34.8506],[136.8616,34.8495],[136.8619,34.8493],[136.8629,34.8474],[136.8634,34.8459],[136.8636,34.8456],[136.8634,34.8448],[136.8636,34.8434],[136.864,34.8426],[136.8643,34.8426],[136.8646,34.8417],[136.8654,34.8405],[136.8663,34.8398],[136.8666,34.838],[136.8661,34.8348],[136.8656,34.8329],[136.8658,34.8324],[136.8652,34.8307],[136.8658,34.8301],[136.8659,34.8294],[136.8651,34.8294],[136.8647,34.8272],[136.8652,34.8272],[136.8655,34.8262],[136.8654,34.8253],[136.8651,34.8244],[136.8649,34.8241],[136.8649,34.8237],[136.8645,34.8223],[136.864,34.8218],[136.8636,34.8209],[136.863,34.8208],[136.8631,34.8201],[136.8628,34.8187],[136.863,34.8182],[136.8623,34.8161],[136.8618,34.8141]]]},"properties":{"N03_001":"愛知県","N03_002":"","N03_003":"","N03_004":"常滑市","N03_007":"23216"}},
{"type":"Feature","geometry":{"type":"Polygon","coordinates":[[[136.834,35.3559],[136.8342,35.3548],[136.8357,35.3536],[136.8372,35.3527],[136.8374,35.3524],[136.8371,35.3512],[136.8381,35.351],[136.8376,35.3506],[136.8375,35.3503],[136.8368,35.35],[136.8359,35.3495],[136.8347,35.3485],[136.8341,35.3482],[136.8336,35.3476],[136.8324,35.3469],[136.8323,35.3463],[136.8333,35.3456],[136.8336,35.3456],[136.8339,35.347],[136.8352,35.3468],[136.8351,35.3463],[136.8364,35.3465],[136.8377,35.3463],[136.8379,35.3456],[136.8386,35.345],[136.8406,35.3455],[136.8418,35.3455],[136.8413,35.3422],[136.841,35.3414],[136.841,35.34],[136.8404,35.3389],[136.8411,35.3389],[136.8415,35.3375],[136.843,35.3367],[136.8442,35.3366],[136.8446,35.3358],[136.8447,35.3353],[136.8453,35.333],[136.8457,35.3314],[136.8457,35.3307],[136.8456,35.3296],[136.8433,35.3288],[136.8415,35.3283],[136.8402,35.3278],[136.8403,35.3275],[136.8422,35.3281],[136.8428,35.3281],[136.8438,35.3277],[136.8449,35.3276],[136.8471,35.3275],[136.8472,35.3273],[136.8483,35.3268],[136.8486,35.327],[136.85,35.3272],[136.851,35.3267],[136.8523,35.3257],[136.8531,35.3252],[136.8541,35.3243],[136.8562,35.3234],[136.8569,35.322],[136.8567,35.3212],[136.8562,35.3212],[136.8556,35.3208],[136.854,35.321],[136.8541,35.3205],[136.8555,35.3203],[136.8563,35.3199],[136.8554,35.319],[136.855,35.3186],[136.8552,35.3179],[136.8548,35.3169],[136.8559,35.3165],[136.8562,35.3161],[136.8562,35.3156],[136.8565,35.3155],[136.8578,35.3155],[136.858,35.3157],[136.859,35.3154],[136.8599,35.3149],[136.862,35.3136],[136.8619,35.3134],[136.8607,35.312],[136.8611,35.3116],[136.8607,35.311],[136.8613,35.3103],[136.8622,35.3095],[136.8643,35.3092],[136.8646,35.3109],[136.8665,35.3107],[136.8669,35.3119],[136.8688,35.3116],[136.8692,35.3116],[136.8691,35.3102],[136.8689,35.3095],[136.8686,35.3091],[136.8693,35.3087],[136.8693,35.3085],[136.8711,35.3084],[136.8715,35.3081],[136.8723,35.308],[136.8723,35.3074],[136.8719,35.307],[136.8717,35.3046],[136.8727,35.3045],[136.8727,35.3039],[136.8734,35.3041],[136.8742,35.3038],[136.8741,35.3035],[136.8747,35.3032],[136.8751,35.3033],[136.8756,35.3028],[136.8768,35.3022],[136.8773,35.3023],[136.8777,35.302],[136.8793,35.3013],[136.8792,35.3008],[136.8805,35.3007],[136.8811,35.3003],[136.8812,35.2999],[136.8818,35.2995],[136.8826,35.2996],[136.8828,35.2993],[136.8836,35.2991],[136.884,35.2994],[136.8845,35.3018],[136.8848,35.3028],[136.8848,35.3039],[136.8853,35.3048],[136.8859,35.3049],[136.8868,35.3048],[136.8875,35.3046],[136.8884,35.3061],[136.8888,35.3069],[136.8829,35.3092],[136.883,35.3102],[136.8828,35.3115],[136.8828,35.3122],[136.8831,35.3141],[136.8834,35.3149],[136.8838,35.3165],[136.8841,35.3168],[136.8841,35.3172],[136.8836,35.318],[136.8836,35.3184],[136.8849,35.3207],[136.8855,35.3213],[136.8873,35.3213],[136.8891,35.3213],[136.8894,35.3217],[136.8902,35.3233],[136.8909,35.3231],[136.8916,35.3245],[136.8904,35.325],[136.8902,35.3253],[136.8915,35.328],[136.8922,35.3292],[136.8911,35.3296],[136.8929,35.332],[136.8942,35.3345],[136.8945,35.3354],[136.8963,35.3369],[136.8965,35.3374],[136.8971,35.3382],[136.8996,35.3409],[136.8996,35.3413],[136.8975,35.342],[136.8949,35.3425],[136.8943,35.3427],[136.8934,35.3432],[136.892,35.3446],[136.8921,35.3449],[136.8932,35.3455],[136.8951,35.3467],[136.8949,35.3474],[136.8943,35.3482],[136.8941,35.349],[136.8941,35.35],[136.8932,35.3514],[136.8925,35.353],[136.8919,35.3538],[136.893,35.355],[136.8942,35.3565],[136.8955,35.3586],[136.8964,35.3597],[136.8963,35.36],[136.8957,35.3607],[136.8948,35.3614],[136.8953,35.3619],[136.8962,35.3633],[136.8959,35.3642],[136.8959,35.365],[136.8963,35.3658],[136.896,35.3666],[136.8964,35.3675],[136.8972,35.3687],[136.8978,35.3699],[136.8989,35.3718],[136.8991,35.3719],[136.8986,35.3727],[136.8985,35.3732],[136.8974,35.3739],[136.8969,35.3741],[136.8964,35.3747],[136.8957,35.375],[136.8947,35.3749],[136.8939,35.3762],[136.8934,35.3769],[136.8927,35.3781],[136.8896,35.378],[136.8868,35.3777],[136.8862,35.3775],[136.8819,35.3759],[136.8803,35.3753],[136.8781,35.3745],[136.8761,35.3739],[136.874,35.3734],[136.8711,35.3729],[136.8678,35.3726],[136.8649,35.3726],[136.8613,35.3684],[136.8598,35.3676],[136.8592,35.3675],[136.8582,35.3668],[136.855,35.3653],[136.8514,35.3638],[136.8486,35.3628],[136.8484,35.3625],[136.847,35.362],[136.8443,35.361],[136.8343,35.356],[136.834,35.3559]]]},"properties":{"N03_001":"愛知県","N03_002":"","N03_003":"","N03_004":"江南市","N03_007":"23217"}},
{"type":"Feature","geometry":{"type":"Polygon","coordinates":[[[136.8807,35.2666],[136.8806,35.2665],[136.8823,35.2653],[136.8813,35.2648],[136.8821,35.2642],[136.8827,35.2641],[136.8852,35.264],[136.8899,35.2637],[136.89,35.2635],[136.892,35.2633],[136.8932,35.2635],[136.894,35.2631],[136.8947,35.2631],[136.8949,35.2628],[136.8962,35.2629],[136.8962,35.262],[136.8967,35.262],[136.8971,35.2608],[136.8978,35.2607],[136.8978,35.2592],[136.8974,35.2592],[136.8974,35.2556],[136.8985,35.2555],[136.8989,35.2557],[136.9011,35.2557],[136.9023,35.2555],[136.9042,35.2555],[136.9044,35.2563],[136.9046,35.2577],[136.9049,35.2588],[136.9055,35.259],[136.9059,35.2593],[136.9062,35.2599],[136.9076,35.2608],[136.9086,35.2616],[136.9094,35.2618],[136.9101,35.2623],[136.9132,35.264],[136.9145,35.2644],[136.9151,35.2645],[136.9172,35.2652],[136.9179,35.2651],[136.9188,35.2645],[136.92,35.2638],[136.9215,35.264],[136.9225,35.2638],[136.9237,35.2634],[136.9241,35.2624],[136.9245,35.2621],[136.925,35.2612],[136.926,35.2609],[136.9265,35.26],[136.9282,35.2603],[136.929,35.2593],[136.9297,35.2595],[136.9299,35.2591],[136.9309,35.2594],[136.9314,35.2583],[136.9312,35.2575],[136.9308,35.2573],[136.931,35.2567],[136.9304,35.2559],[136.9309,35.2553],[136.9314,35.2552],[136.9315,35.2556],[136.9312,35.2562],[136.9322,35.2565],[136.9325,35.2571],[136.9326,35.2576],[136.9324,35.2583],[136.9327,35.2588],[136.9332,35.259],[136.9334,35.2603],[136.934,35.2604],[136.9349,35.261],[136.9349,35.2614],[136.9345,35.2617],[136.9335,35.2618],[136.9331,35.2623],[136.932,35.2632],[136.9312,35.2635],[136.9306,35.2639],[136.9306,35.2645],[136.931,35.2647],[136.9306,35.2656],[136.9308,35.266],[136.9306,35.2681],[136.9304,35.2688],[136.9307,35.2694],[136.9309,35.2721],[136.9311,35.2725],[136.9312,35.2734],[136.9315,35.2734],[136.9322,35.2739],[136.9335,35.2738],[136.9344,35.2739],[136.9351,35.2744],[136.9361,35.2746],[136.9392,35.2749],[136.9399,35.2751],[136.94,35.2755],[136.941,35.2757],[136.9414,35.2764],[136.941,35.2773],[136.9422,35.2775],[136.9438,35.2775],[136.9443,35.2768],[136.9449,35.2769],[136.9459,35.2775],[136.9461,35.2781],[136.9451,35.2783],[136.9452,35.2788],[136.9448,35.2794],[136.9445,35.2809],[136.944,35.2809],[136.9434,35.2814],[136.9432,35.2823],[136.9443,35.2828],[136.9443,35.2832],[136.9435,35.2835],[136.9431,35.2839],[136.9433,35.2842],[136.9427,35.2849],[136.9429,35.2855],[136.9426,35.286],[136.942,35.2858],[136.9417,35.2862],[136.943,35.2873],[136.9438,35.2869],[136.9448,35.2868],[136.9482,35.2855],[136.9539,35.2837],[136.9536,35.2831],[136.9541,35.2829],[136.9548,35.282],[136.9553,35.2817],[136.9567,35.2814],[136.957,35.281],[136.959,35.2807],[136.9604,35.2809],[136.9602,35.2813],[136.9594,35.2821],[136.9604,35.2824],[136.961,35.2832],[136.9619,35.2834],[136.9635,35.284],[136.9647,35.284],[136.9655,35.2842],[136.9668,35.2863],[136.9651,35.2871],[136.965,35.2874],[136.9681,35.2891],[136.9704,35.2873],[136.9716,35.2859],[136.9728,35.2853],[136.9736,35.2851],[136.9759,35.2845],[136.9779,35.2843],[136.9784,35.2851],[136.9792,35.2849],[136.9797,35.2852],[136.98,35.2846],[136.9794,35.2839],[136.9794,35.2832],[136.9792,35.2825],[136.9794,35.282],[136.9805,35.2815],[136.9811,35.2815],[136.9832,35.2819],[136.9836,35.2819],[136.9857,35.2826],[136.9862,35.2826],[136.9867,35.2823],[136.9874,35.2807],[136.9881,35.2799],[136.9886,35.2806],[136.9894,35.2806],[136.99,35.2813],[136.991,35.2817],[136.992,35.2822],[136.9925,35.2819],[136.9944,35.2821],[136.9941,35.2824],[136.9963,35.2836],[136.997,35.2836],[136.9979,35.2838],[136.9983,35.2837],[136.9996,35.2836],[136.9996,35.2845],[137.0006,35.2846],[137.0006,35.285],[137.0017,35.2855],[137.0031,35.2855],[137.0037,35.2859],[137.0035,35.2864],[137.0028,35.2866],[137.0028,35.2869],[137.0038,35.2871],[137.0047,35.2861],[137.0051,35.285],[137.0057,35.2844],[137.0062,35.2847],[137.0058,35.2855],[137.0058,35.2864],[137.0063,35.2865],[137.0068,35.2864],[137.0072,35.2859],[137.0077,35.2863],[137.0078,35.2872],[137.0083,35.2871],[137.0089,35.2857],[137.0095,35.2853],[137.01,35.2854],[137.0093,35.2862],[137.0087,35.2874],[137.0092,35.2876],[137.01,35.2866],[137.0116,35.2855],[137.0125,35.2847],[137.0129,35.2849],[137.0124,35.2855],[137.0107,35.2869],[137.0104,35.2874],[137.0109,35.2897],[137.0106,35.2904],[137.011,35.2909],[137.0115,35.2907],[137.0122,35.2917],[137.013,35.2931],[137.0136,35.2933],[137.0137,35.2942],[137.0136,35.2954],[137.0133,35.2963],[137.0133,35.2977],[137.0138,35.298],[137.0142,35.2989],[137.014,35.2992],[137.0127,35.3],[137.012,35.3001],[137.0112,35.2997],[137.0109,35.3003],[137.01,35.3002],[137.0096,35.3007],[137.0078,35.301],[137.0086,35.3019],[137.0093,35.3017],[137.0098,35.3013],[137.0138,35.3],[137.0139,35.3008],[137.0134,35.3011],[137.0121,35.3017],[137.012,35.302],[137.0124,35.3023],[137.0132,35.3019],[137.0142,35.3011],[137.0145,35.3011],[137.0152,35.3021],[137.0154,35.3032],[137.0151,35.3038],[137.014,35.3036],[137.014,35.303],[137.0148,35.3025],[137.0146,35.3021],[137.0126,35.3037],[137.0128,35.3039],[137.0136,35.3035],[137.0137,35.3039],[137.0132,35.3044],[137.0136,35.3047],[137.0145,35.305],[137.0159,35.3052],[137.0164,35.3052],[137.0181,35.3048],[137.0183,35.3052],[137.0183,35.3059],[137.0177,35.3063],[137.0175,35.3082],[137.0178,35.3088],[137.0177,35.3093],[137.0165,35.3107],[137.0166,35.3113],[137.0172,35.3114],[137.0176,35.3134],[137.0182,35.3139],[137.0196,35.3139],[137.02,35.3141],[137.0203,35.315],[137.0199,35.3153],[137.0199,35.3158],[137.0185,35.3171],[137.0185,35.3173],[137.0199,35.3185],[137.0199,35.3191],[137.0198,35.3198],[137.0193,35.3201],[137.0192,35.3207],[137.0195,35.321],[137.0211,35.3212],[137.0214,35.3214],[137.0238,35.3237],[137.0248,35.325],[137.0255,35.3247],[137.0268,35.3251],[137.0276,35.325],[137.0279,35.3252],[137.0289,35.3259],[137.0302,35.3261],[137.0315,35.3266],[137.0322,35.3272],[137.033,35.3277],[137.0346,35.3288],[137.0362,35.3296],[137.0373,35.3297],[137.0389,35.33],[137.0401,35.3301],[137.0407,35.3305],[137.0415,35.3312],[137.041,35.3317],[137.0414,35.3328],[137.0416,35.3336],[137.0425,35.335],[137.0432,35.3359],[137.0435,35.3369],[137.044,35.337],[137.0447,35.3367],[137.0453,35.3369],[137.0454,35.3382],[137.0462,35.3394],[137.0456,35.339],[137.0439,35.3386],[137.0428,35.338],[137.0424,35.3374],[137.0415,35.3362],[137.04,35.3356],[137.0392,35.3355],[137.0384,35.3358],[137.0375,35.3353],[137.0366,35.3347],[137.0359,35.3346],[137.0353,35.3344],[137.0342,35.3342],[137.0339,35.3339],[137.033,35.334],[137.0324,35.3338],[137.0311,35.3339],[137.0303,35.3337],[137.0296,35.3339],[137.0283,35.334],[137.0266,35.3339],[137.0252,35.3341],[137.0239,35.3339],[137.0229,35.3346],[137.0224,35.3342],[137.0207,35.335],[137.0209,35.3356],[137.0206,35.3358],[137.0195,35.3356],[137.0192,35.3353],[137.0201,35.334],[137.0198,35.3338],[137.0189,35.3349],[137.018,35.335],[137.0186,35.3344],[137.0188,35.3339],[137.0183,35.3338],[137.0177,35.3348],[137.0165,35.335],[137.0129,35.3348],[137.0128,35.3342],[137.0125,35.3335],[137.0122,35.3317],[137.0116,35.3311],[137.0109,35.3305],[137.0099,35.3301],[137.0094,35.3302],[137.0085,35.3309],[137.0073,35.3311],[137.0053,35.3311],[137.0044,35.3308],[137.0037,35.3309],[137.0022,35.3315],[137.0008,35.3322],[137,35.3323],[136.9991,35.332],[136.9986,35.3316],[136.9979,35.331],[136.997,35.3308],[136.9963,35.331],[136.9948,35.3301],[136.9937,35.3303],[136.9926,35.3304],[136.9907,35.3307],[136.9902,35.3305],[136.9897,35.3307],[136.9892,35.3306],[136.9889,35.3298],[136.9879,35.3285],[136.9873,35.3276],[136.9873,35.3268],[136.9869,35.3257],[136.9869,35.3251],[136.9863,35.324],[136.9858,35.3235],[136.9853,35.3213],[136.9846,35.321],[136.9843,35.3206],[136.9834,35.3213],[136.9819,35.3214],[136.9809,35.3221],[136.9813,35.3232],[136.9811,35.3243],[136.9802,35.3242],[136.9798,35.3242],[136.9789,35.3247],[136.9776,35.3236],[136.9772,35.323],[136.9759,35.3226],[136.9749,35.3225],[136.9738,35.3229],[136.9734,35.3235],[136.9734,35.324],[136.9726,35.3238],[136.9712,35.3231],[136.9707,35.3228],[136.9701,35.3226],[136.9694,35.3223],[136.9691,35.3216],[136.9683,35.3213],[136.9681,35.3207],[136.9676,35.3206],[136.9666,35.3194],[136.9662,35.3188],[136.9657,35.3182],[136.9657,35.3177],[136.9648,35.3166],[136.9632,35.3163],[136.9626,35.3155],[136.9622,35.3153],[136.9614,35.3157],[136.9603,35.3151],[136.96,35.3151],[136.9594,35.3147],[136.9589,35.3147],[136.957,35.3155],[136.9561,35.315],[136.9556,35.3149],[136.9553,35.3145],[136.9548,35.3146],[136.9542,35.3137],[136.9538,35.3138],[136.9527,35.3138],[136.9519,35.3131],[136.9513,35.3133],[136.9506,35.3128],[136.9499,35.3128],[136.9479,35.313],[136.9473,35.3134],[136.9478,35.3145],[136.9485,35.3154],[136.9485,35.3165],[136.9488,35.317],[136.9486,35.3174],[136.9487,35.3186],[136.9488,35.3192],[136.9477,35.3194],[136.9499,35.321],[136.9502,35.3215],[136.9503,35.3229],[136.9465,35.3232],[136.946,35.3232],[136.9443,35.3229],[136.9411,35.3234],[136.9398,35.3233],[136.9391,35.3227],[136.9389,35.3226],[136.938,35.3215],[136.9371,35.3217],[136.9363,35.3211],[136.9357,35.321],[136.9356,35.3214],[136.935,35.3215],[136.9343,35.3219],[136.9329,35.3219],[136.9324,35.3221],[136.932,35.3219],[136.9315,35.3219],[136.9311,35.3217],[136.9279,35.3229],[136.927,35.3214],[136.926,35.3216],[136.9256,35.3209],[136.9243,35.3203],[136.9218,35.3193],[136.921,35.3192],[136.9199,35.3194],[136.9198,35.319],[136.9181,35.3193],[136.9182,35.319],[136.9168,35.319],[136.9163,35.3192],[136.9153,35.3192],[136.9141,35.3199],[136.9137,35.32],[136.914,35.3209],[136.914,35.3212],[136.9146,35.3228],[136.9144,35.3231],[136.9147,35.3239],[136.9155,35.3244],[136.9154,35.3259],[136.9148,35.3258],[136.9142,35.326],[136.9136,35.3257],[136.9136,35.3251],[136.913,35.3251],[136.9126,35.3243],[136.912,35.3238],[136.911,35.3231],[136.9101,35.3227],[136.9102,35.3218],[136.9098,35.322],[136.909,35.3216],[136.9078,35.3209],[136.9072,35.3202],[136.9068,35.3191],[136.9072,35.3187],[136.907,35.3184],[136.9065,35.3184],[136.906,35.3175],[136.906,35.3168],[136.9075,35.3168],[136.9074,35.3153],[136.9076,35.3151],[136.9067,35.3132],[136.905,35.314],[136.9046,35.3134],[136.903,35.314],[136.902,35.3124],[136.9016,35.3125],[136.9012,35.3119],[136.9006,35.3108],[136.9007,35.3101],[136.9004,35.31],[136.8993,35.31],[136.8985,35.3096],[136.8985,35.309],[136.898,35.309],[136.8956,35.3093],[136.8958,35.3087],[136.8954,35.3079],[136.8959,35.307],[136.8959,35.3066],[136.895,35.306],[136.8926,35.3057],[136.8925,35.3061],[136.8912,35.3068],[136.8908,35.3068],[136.8894,35.3064],[136.8891,35.3062],[136.8881,35.3045],[136.8875,35.3046],[136.8868,35.3048],[136.8859,35.3049],[136.8853,35.3048],[136.8848,35.3039],[136.8848,35.3028],[136.8845,35.3018],[136.884,35.2994],[136.8841,35.2988],[136.8839,35.298],[136.884,35.297],[136.8834,35.2955],[136.8835,35.2946],[136.8838,35.2944],[136.8834,35.2935],[136.8831,35.291],[136.8831,35.2895],[136.8834,35.2881],[136.8846,35.2856],[136.8854,35.2849],[136.8856,35.2843],[136.8858,35.2833],[136.8857,35.2817],[136.8855,35.2786],[136.8853,35.2786],[136.885,35.2752],[136.8846,35.2745],[136.8839,35.2727],[136.8828,35.2701],[136.8831,35.2697],[136.8826,35.269],[136.8818,35.2685],[136.8815,35.2676],[136.8807,35.2666]]]},"properties":{"N03_001":"愛知県","N03_002":"","N03_003":"","N03_004":"小牧市","N03_007":"23219"}},
{"type":"Feature","geometry":{"type":"Polygon","coordinates":[[[136.6799,35.2282],[136.684,35.2289],[136.6844,35.229],[136.685,35.2296],[136.6857,35.2298],[136.686,35.2294],[136.6866,35.2294],[136.6874,35.2302],[136.6877,35.2309],[136.6884,35.2316],[136.6868,35.2317],[136.6871,35.2342],[136.6882,35.2341],[136.6884,35.2353],[136.6893,35.2353],[136.6894,35.2356],[136.6913,35.2354],[136.6934,35.2353],[136.6941,35.235],[136.6946,35.2359],[136.6956,35.2355],[136.696,35.235],[136.6968,35.2349],[136.6967,35.2342],[136.6975,35.2342],[136.6977,35.2348],[136.6987,35.2344],[136.6995,35.2344],[136.6994,35.2341],[136.7051,35.232],[136.7072,35.2312],[136.7082,35.231],[136.7091,35.2309],[136.709,35.2299],[136.7099,35.2298],[136.71,35.2303],[136.7121,35.2301],[136.7138,35.2299],[136.7138,35.2302],[136.7147,35.2301],[136.7149,35.2307],[136.7149,35.2316],[136.7147,35.2317],[136.7147,35.2326],[136.716,35.2324],[136.7164,35.2333],[136.717,35.2342],[136.7175,35.2344],[136.7177,35.2349],[136.7189,35.235],[136.7208,35.2347],[136.7208,35.2338],[136.7211,35.2316],[136.7212,35.2302],[136.721,35.2294],[136.7206,35.2286],[136.721,35.2284],[136.7208,35.228],[136.7204,35.2281],[136.7191,35.2258],[136.7181,35.2241],[136.7176,35.2231],[136.7173,35.2211],[136.7187,35.221],[136.7195,35.2208],[136.7202,35.2204],[136.7209,35.2202],[136.722,35.2216],[136.7229,35.2215],[136.7239,35.2211],[136.7248,35.2209],[136.7267,35.2202],[136.7284,35.2198],[136.7289,35.2198],[136.7296,35.22],[136.73,35.2204],[136.7306,35.2201],[136.7308,35.2203],[136.7319,35.2204],[136.7332,35.2197],[136.7327,35.2194],[136.731,35.2185],[136.7305,35.218],[136.7299,35.2168],[136.73,35.216],[136.7303,35.2152],[136.7294,35.2157],[136.729,35.2157],[136.7291,35.2144],[136.7292,35.2135],[136.7299,35.2116],[136.7304,35.2095],[136.7305,35.2081],[136.7301,35.2067],[136.7296,35.2059],[136.7287,35.2048],[136.7267,35.2041],[136.7251,35.2036],[136.7259,35.2031],[136.7251,35.2029],[136.7232,35.2021],[136.7225,35.2013],[136.7225,35.201],[136.7231,35.2002],[136.7237,35.1995],[136.726,35.1982],[136.7285,35.1971],[136.73,35.1966],[136.732,35.1958],[136.7347,35.1949],[136.7346,35.1946],[136.7359,35.1943],[136.7361,35.194],[136.7368,35.1938],[136.7372,35.194],[136.7375,35.1948],[136.7379,35.1951],[136.7406,35.1952],[136.7411,35.1946],[136.7427,35.1948],[136.743,35.1951],[136.743,35.1962],[136.7434,35.1963],[136.7441,35.1963],[136.7456,35.196],[136.7454,35.1965],[136.7458,35.1974],[136.7462,35.198],[136.7462,35.1985],[136.7465,35.1998],[136.7472,35.2004],[136.7476,35.2005],[136.7485,35.2017],[136.7496,35.2025],[136.75,35.2024],[136.7505,35.2037],[136.7513,35.2042],[136.7518,35.2049],[136.7528,35.2046],[136.7528,35.2043],[136.7547,35.204],[136.7553,35.2044],[136.7573,35.2047],[136.7587,35.2047],[136.7598,35.2048],[136.7623,35.2053],[136.7636,35.2056],[136.7652,35.2057],[136.7664,35.2055],[136.7672,35.2059],[136.7687,35.2066],[136.7691,35.2068],[136.7713,35.2069],[136.7732,35.207],[136.775,35.207],[136.7766,35.207],[136.7788,35.2073],[136.7801,35.2078],[136.7822,35.2092],[136.7841,35.2097],[136.7853,35.2101],[136.7866,35.2108],[136.7882,35.2108],[136.7893,35.2108],[136.7899,35.2113],[136.791,35.2117],[136.7917,35.2122],[136.7943,35.2131],[136.796,35.2127],[136.7984,35.2127],[136.7993,35.2129],[136.802,35.212],[136.8027,35.2124],[136.8032,35.2123],[136.8046,35.2126],[136.8052,35.2128],[136.8055,35.2132],[136.8065,35.2133],[136.8064,35.2145],[136.8068,35.2147],[136.8076,35.2148],[136.8074,35.2163],[136.808,35.2168],[136.8085,35.2169],[136.8085,35.2175],[136.8093,35.2175],[136.8105,35.2172],[136.8109,35.2173],[136.8127,35.2166],[136.814,35.2157],[136.8154,35.2157],[136.8158,35.2155],[136.8169,35.2153],[136.8177,35.2149],[136.8175,35.2158],[136.8177,35.2163],[136.8172,35.217],[136.8181,35.2175],[136.8189,35.2177],[136.8203,35.2176],[136.8217,35.2173],[136.8218,35.2164],[136.8226,35.2164],[136.8227,35.2153],[136.8248,35.2154],[136.8251,35.2156],[136.8251,35.2162],[136.8247,35.2162],[136.8247,35.2171],[136.8259,35.2176],[136.8263,35.2179],[136.8263,35.2189],[136.8262,35.2203],[136.8262,35.222],[136.8273,35.222],[136.8285,35.2219],[136.8291,35.2221],[136.8327,35.222],[136.8334,35.2218],[136.8339,35.2221],[136.835,35.2224],[136.8353,35.2237],[136.8355,35.2242],[136.8362,35.226],[136.8364,35.2271],[136.8362,35.2275],[136.835,35.2287],[136.8343,35.2285],[136.8343,35.2294],[136.8349,35.23],[136.8361,35.229],[136.8363,35.2291],[136.8371,35.228],[136.8381,35.2285],[136.838,35.2291],[136.8384,35.2295],[136.8369,35.2303],[136.8358,35.231],[136.8339,35.2323],[136.8331,35.233],[136.8319,35.2344],[136.8314,35.2353],[136.8309,35.2359],[136.8298,35.2366],[136.83,35.2372],[136.8297,35.2374],[136.8294,35.2387],[136.8291,35.2393],[136.8293,35.24],[136.8298,35.2405],[136.8295,35.2417],[136.8292,35.2421],[136.8289,35.2428],[136.829,35.2432],[136.8297,35.2439],[136.8303,35.2444],[136.833,35.2461],[136.8341,35.2467],[136.8343,35.248],[136.8349,35.2488],[136.8358,35.2492],[136.8364,35.2496],[136.8368,35.2506],[136.8367,35.2517],[136.8361,35.2536],[136.8358,35.2541],[136.835,35.2547],[136.8345,35.2553],[136.8343,35.2558],[136.8347,35.2561],[136.8345,35.2572],[136.8337,35.2572],[136.8335,35.2582],[136.834,35.2586],[136.8331,35.2597],[136.8324,35.2595],[136.8322,35.2591],[136.8309,35.2591],[136.8309,35.2598],[136.8301,35.2603],[136.8289,35.2602],[136.8289,35.2609],[136.8285,35.2609],[136.8284,35.2618],[136.8293,35.2618],[136.8292,35.2636],[136.8289,35.2649],[136.8286,35.265],[136.8285,35.2656],[136.8291,35.2662],[136.8291,35.2677],[136.8282,35.2674],[136.8273,35.2691],[136.8281,35.2694],[136.8288,35.2693],[136.8297,35.27],[136.83,35.2707],[136.8299,35.2722],[136.8289,35.2729],[136.8282,35.273],[136.826,35.2723],[136.8252,35.2723],[136.824,35.2739],[136.824,35.2742],[136.825,35.2755],[136.8247,35.2758],[136.8253,35.276],[136.8259,35.2765],[136.8253,35.2767],[136.8244,35.2765],[136.8233,35.2759],[136.8229,35.2758],[136.822,35.2763],[136.8203,35.276],[136.8195,35.276],[136.8193,35.2751],[136.8152,35.2759],[136.8151,35.2757],[136.8139,35.276],[136.8135,35.2762],[136.8127,35.2754],[136.8114,35.2755],[136.8106,35.2756],[136.8093,35.2762],[136.8074,35.2764],[136.8071,35.2763],[136.8072,35.2757],[136.8069,35.2753],[136.8051,35.2731],[136.8036,35.271],[136.8027,35.2711],[136.8007,35.271],[136.8004,35.2708],[136.7983,35.2709],[136.7982,35.2697],[136.7982,35.2689],[136.7957,35.2687],[136.7949,35.2686],[136.7911,35.2684],[136.7911,35.2672],[136.7881,35.2672],[136.788,35.2665],[136.7877,35.2665],[136.7875,35.2656],[136.7863,35.2655],[136.7864,35.2644],[136.786,35.2644],[136.7862,35.2634],[136.7807,35.2633],[136.7788,35.2633],[136.7781,35.2613],[136.7767,35.2616],[136.7767,35.2607],[136.7758,35.2605],[136.7758,35.2603],[136.7748,35.2602],[136.7737,35.2603],[136.7737,35.2605],[136.773,35.2606],[136.7712,35.2606],[136.7699,35.2608],[136.7674,35.2615],[136.7674,35.2619],[136.7665,35.262],[136.7651,35.2623],[136.7651,35.2628],[136.7636,35.2628],[136.7634,35.2632],[136.7625,35.2635],[136.7611,35.2637],[136.7611,35.2648],[136.7606,35.265],[136.7606,35.2659],[136.7601,35.266],[136.76,35.2678],[136.7591,35.2678],[136.759,35.2682],[136.7575,35.2682],[136.7572,35.2681],[136.7573,35.2669],[136.7555,35.2674],[136.7537,35.2671],[136.7536,35.2666],[136.7521,35.2665],[136.7512,35.2664],[136.751,35.2652],[136.7507,35.2646],[136.7502,35.264],[136.7489,35.2633],[136.7438,35.2608],[136.7427,35.2599],[136.7417,35.2586],[136.7413,35.2587],[136.7403,35.2581],[136.7397,35.2584],[136.7391,35.2596],[136.7395,35.2606],[136.7386,35.2627],[136.7381,35.2643],[136.7376,35.2654],[136.7369,35.2657],[136.7364,35.2662],[136.7363,35.2682],[136.7346,35.2683],[136.7343,35.2686],[136.7337,35.2687],[136.7328,35.2683],[136.7318,35.2682],[136.73,35.2687],[136.7295,35.2691],[136.7292,35.2703],[136.7284,35.2707],[136.7274,35.2708],[136.7263,35.2708],[136.7215,35.2717],[136.7202,35.2715],[136.7168,35.2716],[136.7143,35.272],[136.7136,35.2722],[136.7133,35.273],[136.7117,35.2732],[136.7108,35.2733],[136.7089,35.2738],[136.7088,35.274],[136.707,35.2745],[136.7059,35.2749],[136.7046,35.2756],[136.7041,35.2747],[136.7017,35.2701],[136.7001,35.2666],[136.6992,35.2643],[136.6981,35.2619],[136.6974,35.2605],[136.696,35.2586],[136.6944,35.2568],[136.692,35.2544],[136.6906,35.2532],[136.6897,35.2527],[136.6875,35.2513],[136.6866,35.2508],[136.6842,35.249],[136.6806,35.246],[136.6796,35.245],[136.6788,35.2438],[136.6781,35.2422],[136.6779,35.2415],[136.6778,35.2395],[136.6778,35.2385],[136.6787,35.2323],[136.6795,35.2295],[136.6799,35.2282]]]},"properties":{"N03_001":"愛知県","N03_002":"","N03_003":"","N03_004":"稲沢市","N03_007":"23220"}},
{"type":"Feature","geometry":{"type":"Polygon","coordinates":[[[137.4613,34.8587],[137.4629,34.8593],[137.4637,34.8599],[137.4647,34.8604],[137.466,34.8606],[137.4681,34.8612],[137.4691,34.861],[137.4702,34.8611],[137.472,34.8613],[137.4727,34.8609],[137.4741,34.8605],[137.475,34.8606],[137.4765,34.8604],[137.4774,34.8601],[137.4781,34.8596],[137.4783,34.8581],[137.4784,34.8577],[137.4794,34.8573],[137.481,34.8571],[137.4815,34.8569],[137.4816,34.8557],[137.4812,34.8552],[137.4804,34.8536],[137.4799,34.8517],[137.4795,34.8509],[137.4794,34.8495],[137.4792,34.8486],[137.4793,34.8482],[137.4799,34.8478],[137.4817,34.8471],[137.4832,34.8473],[137.4835,34.8471],[137.4839,34.8464],[137.4843,34.8459],[137.4855,34.8451],[137.4862,34.8448],[137.4872,34.8431],[137.4873,34.8428],[137.4874,34.8413],[137.4872,34.8403],[137.4878,34.8391],[137.4875,34.8384],[137.4877,34.8378],[137.4876,34.8374],[137.4872,34.8367],[137.4875,34.8352],[137.4884,34.8336],[137.4888,34.8331],[137.4888,34.8327],[137.488,34.831],[137.4893,34.8303],[137.49,34.8304],[137.4912,34.8301],[137.4919,34.8302],[137.4928,34.8298],[137.4937,34.8289],[137.4945,34.8282],[137.495,34.8276],[137.4955,34.8274],[137.4967,34.8271],[137.4971,34.8269],[137.4989,34.8268],[137.499,34.8285],[137.4993,34.8289],[137.5002,34.8296],[137.5004,34.8306],[137.5,34.8313],[137.5004,34.8316],[137.5015,34.8321],[137.5021,34.8322],[137.5021,34.8327],[137.5027,34.8335],[137.5035,34.8333],[137.5053,34.8342],[137.5074,34.8347],[137.5079,34.835],[137.5093,34.8345],[137.5099,34.8344],[137.5108,34.8346],[137.5116,34.835],[137.5121,34.835],[137.5125,34.8348],[137.514,34.8352],[137.5153,34.8358],[137.516,34.836],[137.5178,34.8358],[137.5185,34.836],[137.5192,34.8367],[137.5206,34.8372],[137.5209,34.8384],[137.5212,34.8388],[137.5237,34.8405],[137.5239,34.841],[137.526,34.8415],[137.5272,34.8415],[137.528,34.8416],[137.5287,34.8419],[137.5293,34.8425],[137.5297,34.8435],[137.5318,34.8437],[137.5328,34.844],[137.5344,34.8442],[137.5362,34.8435],[137.5367,34.8431],[137.5371,34.8423],[137.5379,34.8419],[137.5388,34.8418],[137.5406,34.8422],[137.5423,34.842],[137.5437,34.8432],[137.5438,34.844],[137.5443,34.845],[137.5451,34.8459],[137.5465,34.8467],[137.5471,34.8473],[137.548,34.8479],[137.5489,34.8483],[137.5493,34.8487],[137.5506,34.8489],[137.551,34.8494],[137.551,34.8504],[137.5506,34.8511],[137.5509,34.8514],[137.5516,34.8519],[137.5532,34.8518],[137.5555,34.8517],[137.5561,34.8515],[137.5569,34.8511],[137.5578,34.8509],[137.5588,34.8515],[137.5597,34.8515],[137.5611,34.8516],[137.5623,34.8519],[137.5633,34.8516],[137.5642,34.8518],[137.5646,34.8522],[137.5652,34.8521],[137.5664,34.8516],[137.5684,34.8516],[137.5699,34.8514],[137.5714,34.8508],[137.5722,34.851],[137.5729,34.8509],[137.5741,34.8505],[137.5756,34.8507],[137.576,34.8511],[137.5765,34.8514],[137.5772,34.8514],[137.5787,34.8507],[137.5792,34.8506],[137.5803,34.8507],[137.5815,34.8505],[137.5826,34.8502],[137.5836,34.8504],[137.5847,34.8501],[137.5861,34.8502],[137.587,34.85],[137.5871,34.851],[137.5895,34.8525],[137.5902,34.8531],[137.5908,34.8542],[137.5914,34.8548],[137.592,34.8557],[137.5928,34.8563],[137.594,34.8577],[137.5947,34.8584],[137.5952,34.8591],[137.5957,34.8604],[137.5958,34.8612],[137.5956,34.8617],[137.5956,34.8621],[137.5963,34.8631],[137.5965,34.8637],[137.5965,34.8648],[137.5961,34.8653],[137.5959,34.8658],[137.5963,34.8662],[137.5963,34.868],[137.5965,34.8691],[137.5959,34.8698],[137.5957,34.8703],[137.5971,34.8721],[137.5975,34.8725],[137.5993,34.8731],[137.6003,34.8733],[137.6021,34.8736],[137.603,34.8741],[137.6035,34.8743],[137.6049,34.8744],[137.6055,34.8742],[137.6059,34.8744],[137.6074,34.8749],[137.6092,34.8751],[137.6098,34.875],[137.6112,34.875],[137.6116,34.8747],[137.6132,34.8745],[137.6141,34.875],[137.6148,34.875],[137.6163,34.8753],[137.6169,34.8763],[137.617,34.8771],[137.6169,34.8783],[137.618,34.8786],[137.619,34.8791],[137.62,34.879],[137.6208,34.8791],[137.6216,34.8797],[137.6235,34.8806],[137.624,34.8813],[137.6252,34.8812],[137.6259,34.8816],[137.6266,34.8816],[137.6279,34.8821],[137.6287,34.8826],[137.6296,34.8832],[137.6304,34.8843],[137.6314,34.8851],[137.6317,34.8852],[137.6328,34.8853],[137.6336,34.8855],[137.6346,34.8876],[137.6353,34.8884],[137.6358,34.8896],[137.6369,34.8902],[137.6374,34.891],[137.6381,34.891],[137.6388,34.8908],[137.6392,34.8912],[137.6401,34.8925],[137.6413,34.8931],[137.6413,34.8943],[137.6414,34.8949],[137.642,34.8961],[137.642,34.8967],[137.6411,34.8972],[137.6405,34.8981],[137.6401,34.8985],[137.6402,34.899],[137.6408,34.8998],[137.6404,34.9013],[137.6404,34.9021],[137.6405,34.9033],[137.6404,34.9046],[137.6407,34.9053],[137.6411,34.9058],[137.642,34.9065],[137.6425,34.9071],[137.6427,34.9079],[137.6434,34.9082],[137.6447,34.9078],[137.6454,34.9079],[137.6464,34.9084],[137.6464,34.9091],[137.6467,34.9099],[137.6469,34.9102],[137.6471,34.9111],[137.6479,34.9121],[137.6474,34.9135],[137.6476,34.9142],[137.6474,34.9148],[137.6467,34.9162],[137.6473,34.9173],[137.647,34.9188],[137.649,34.9199],[137.6499,34.9207],[137.6508,34.9221],[137.6509,34.9229],[137.6514,34.9239],[137.6521,34.9245],[137.6523,34.9251],[137.6528,34.9255],[137.6531,34.927],[137.6526,34.9289],[137.6527,34.9302],[137.6526,34.9305],[137.6518,34.9313],[137.6511,34.9322],[137.651,34.9334],[137.6524,34.935],[137.6535,34.9354],[137.6539,34.9358],[137.6548,34.9361],[137.6554,34.937],[137.6567,34.9382],[137.6563,34.9396],[137.6571,34.9409],[137.6577,34.9417],[137.6581,34.943],[137.6586,34.9434],[137.6595,34.9446],[137.661,34.9455],[137.6613,34.9456],[137.6627,34.9464],[137.6634,34.9471],[137.6641,34.947],[137.6649,34.9471],[137.6659,34.9476],[137.6667,34.9477],[137.6677,34.9479],[137.6686,34.9482],[137.6696,34.9483],[137.6706,34.9483],[137.6715,34.9478],[137.673,34.9467],[137.6734,34.9463],[137.6743,34.9461],[137.6755,34.9454],[137.6761,34.9457],[137.6763,34.946],[137.6771,34.9463],[137.6773,34.9466],[137.6774,34.9474],[137.6778,34.9484],[137.6787,34.9488],[137.68,34.9491],[137.6804,34.9517],[137.6808,34.952],[137.6823,34.9537],[137.6829,34.9549],[137.6834,34.9552],[137.6844,34.9546],[137.6858,34.9546],[137.6862,34.9547],[137.6865,34.9552],[137.687,34.9554],[137.6876,34.9561],[137.6894,34.9566],[137.6895,34.9568],[137.6896,34.9586],[137.6892,34.9591],[137.6903,34.9598],[137.6903,34.9603],[137.69,34.961],[137.6907,34.9625],[137.6905,34.963],[137.69,34.9636],[137.6905,34.9639],[137.6908,34.9644],[137.6915,34.965],[137.692,34.9656],[137.6928,34.9661],[137.6942,34.9677],[137.6943,34.9682],[137.6942,34.9696],[137.6946,34.9703],[137.6961,34.9714],[137.6969,34.9718],[137.6976,34.9718],[137.6991,34.9707],[137.7006,34.9706],[137.7017,34.9702],[137.703,34.9703],[137.7042,34.97],[137.7048,34.9705],[137.7051,34.971],[137.7055,34.9712],[137.7065,34.9714],[137.707,34.9718],[137.7073,34.9723],[137.7066,34.9742],[137.7056,34.9753],[137.7047,34.9761],[137.7042,34.9767],[137.7027,34.9791],[137.7024,34.9799],[137.7018,34.9805],[137.7016,34.9814],[137.7008,34.9829],[137.7006,34.9836],[137.6999,34.9842],[137.6999,34.9848],[137.701,34.9858],[137.7017,34.9861],[137.7018,34.987],[137.7021,34.9874],[137.703,34.988],[137.7031,34.9885],[137.7037,34.9894],[137.7041,34.9902],[137.7049,34.991],[137.7052,34.9915],[137.7058,34.9916],[137.7064,34.9921],[137.7071,34.9932],[137.7079,34.9939],[137.7081,34.9945],[137.7075,34.9953],[137.7075,34.996],[137.7073,34.9963],[137.706,34.9961],[137.7046,34.9961],[137.7036,34.9972],[137.7033,34.9978],[137.702,34.9985],[137.7017,34.999],[137.7017,34.9994],[137.7021,35.0005],[137.7016,35.0011],[137.7013,35.0018],[137.7013,35.0026],[137.701,35.0035],[137.7015,35.0041],[137.7017,35.0049],[137.7023,35.0052],[137.7026,35.0071],[137.703,35.0075],[137.703,35.0084],[137.7026,35.0093],[137.7028,35.0096],[137.7042,35.0107],[137.7044,35.0117],[137.7044,35.0125],[137.7047,35.0132],[137.7053,35.0138],[137.7049,35.0148],[137.7048,35.015],[137.705,35.0158],[137.7046,35.0163],[137.7036,35.0179],[137.7037,35.0182],[137.7046,35.0192],[137.7052,35.0204],[137.7058,35.0225],[137.7048,35.0236],[137.7025,35.0253],[137.7018,35.0266],[137.7019,35.0278],[137.7018,35.0289],[137.7013,35.0303],[137.7012,35.0304],[137.6998,35.0307],[137.699,35.0311],[137.6978,35.0313],[137.6964,35.0318],[137.6957,35.0317],[137.6949,35.032],[137.6944,35.032],[137.6941,35.0317],[137.6931,35.0309],[137.6919,35.0306],[137.6914,35.0321],[137.6915,35.0331],[137.6923,35.0338],[137.6929,35.0345],[137.6923,35.0351],[137.6919,35.0361],[137.6923,35.0365],[137.6922,35.0372],[137.6917,35.0374],[137.6915,35.038],[137.6905,35.0383],[137.6896,35.0389],[137.6895,35.0393],[137.689,35.0401],[137.6882,35.0404],[137.6869,35.0405],[137.6865,35.0404],[137.6858,35.0399],[137.6846,35.04],[137.6842,35.0404],[137.684,35.0412],[137.6823,35.0418],[137.681,35.0424],[137.6807,35.0425],[137.6795,35.0417],[137.6782,35.0418],[137.6778,35.042],[137.6766,35.0419],[137.676,35.0416],[137.6751,35.0406],[137.6746,35.0403],[137.6734,35.0406],[137.6717,35.0407],[137.6708,35.0405],[137.6698,35.0405],[137.6687,35.0408],[137.6683,35.0413],[137.6666,35.0421],[137.6661,35.0428],[137.6659,35.0434],[137.665,35.0442],[137.6647,35.047],[137.6635,35.048],[137.6632,35.0492],[137.6624,35.0498],[137.6616,35.0495],[137.6606,35.0488],[137.6595,35.0489],[137.6586,35.0486],[137.6577,35.0489],[137.657,35.049],[137.6563,35.0496],[137.6555,35.0499],[137.6546,35.0499],[137.6542,35.0504],[137.6537,35.0511],[137.6536,35.0517],[137.653,35.0521],[137.6527,35.0532],[137.6521,35.0544],[137.651,35.0549],[137.6502,35.0555],[137.6495,35.0556],[137.6478,35.0556],[137.6466,35.0558],[137.6455,35.0559],[137.6455,35.0565],[137.6458,35.0575],[137.6459,35.0585],[137.6456,35.059],[137.645,35.0594],[137.6432,35.0599],[137.6426,35.0599],[137.642,35.0601],[137.6411,35.0609],[137.6405,35.0611],[137.64,35.0615],[137.6398,35.062],[137.6393,35.0625],[137.6387,35.0638],[137.6378,35.0643],[137.6366,35.0641],[137.6357,35.0647],[137.6346,35.0648],[137.6343,35.0646],[137.6339,35.0637],[137.6338,35.0628],[137.6335,35.0617],[137.633,35.0611],[137.633,35.0608],[137.6333,35.0602],[137.6339,35.0596],[137.6338,35.0584],[137.633,35.0577],[137.6326,35.0571],[137.6322,35.0568],[137.6319,35.0562],[137.6313,35.0559],[137.6305,35.0557],[137.63,35.0554],[137.629,35.055],[137.6284,35.0543],[137.6288,35.0532],[137.6287,35.0521],[137.6291,35.0515],[137.6296,35.051],[137.6302,35.0501],[137.6307,35.0498],[137.6313,35.0488],[137.6311,35.0483],[137.6304,35.0476],[137.6288,35.0477],[137.6282,35.0479],[137.6276,35.0478],[137.6267,35.0472],[137.6257,35.0468],[137.6256,35.0461],[137.626,35.0451],[137.626,35.0447],[137.6256,35.0441],[137.6254,35.0435],[137.6248,35.0429],[137.6245,35.042],[137.6237,35.0414],[137.6229,35.0403],[137.6228,35.039],[137.623,35.0378],[137.6233,35.0368],[137.6231,35.0364],[137.6231,35.035],[137.6245,35.0335],[137.6246,35.0331],[137.6243,35.0321],[137.6237,35.0311],[137.6235,35.0304],[137.6227,35.0295],[137.6218,35.0288],[137.6216,35.0282],[137.6212,35.026],[137.6211,35.0251],[137.6212,35.0241],[137.6214,35.0234],[137.6214,35.0229],[137.621,35.0223],[137.6211,35.022],[137.6209,35.0213],[137.6211,35.0206],[137.62,35.0193],[137.6199,35.0189],[137.6191,35.0189],[137.6181,35.0187],[137.6176,35.0184],[137.6166,35.0181],[137.6159,35.0178],[137.6141,35.0175],[137.6126,35.0176],[137.6118,35.0173],[137.6112,35.0169],[137.6081,35.0175],[137.6071,35.0175],[137.6051,35.0171],[137.6039,35.0164],[137.6036,35.0164],[137.6024,35.0169],[137.6017,35.0175],[137.6005,35.0181],[137.5997,35.0187],[137.5995,35.0197],[137.5995,35.0202],[137.5991,35.0207],[137.5986,35.0219],[137.5982,35.0226],[137.5982,35.0229],[137.5994,35.0237],[137.5992,35.0254],[137.5988,35.0257],[137.5977,35.0264],[137.5974,35.0268],[137.5971,35.0277],[137.5971,35.0282],[137.5964,35.0294],[137.5947,35.0311],[137.5948,35.0318],[137.5945,35.032],[137.5934,35.0319],[137.5926,35.0325],[137.5913,35.0332],[137.5908,35.0337],[137.5897,35.0342],[137.5897,35.0349],[137.5894,35.0361],[137.5897,35.0367],[137.59,35.0375],[137.5903,35.0377],[137.5898,35.0388],[137.5894,35.0393],[137.589,35.0403],[137.5882,35.041],[137.5886,35.0421],[137.5874,35.0438],[137.5871,35.0444],[137.5858,35.0465],[137.5855,35.0475],[137.585,35.0481],[137.5848,35.0494],[137.584,35.0501],[137.5838,35.0507],[137.5833,35.0513],[137.5827,35.0514],[137.5821,35.052],[137.5813,35.0524],[137.5812,35.0527],[137.5818,35.0531],[137.5819,35.0536],[137.5824,35.0543],[137.5829,35.0555],[137.5836,35.0559],[137.5828,35.0566],[137.5819,35.0569],[137.5812,35.0575],[137.5799,35.0579],[137.5796,35.0589],[137.5797,35.0596],[137.5789,35.0595],[137.5759,35.0595],[137.5743,35.0594],[137.5731,35.0596],[137.5719,35.0597],[137.5715,35.06],[137.5701,35.0604],[137.5677,35.0604],[137.5665,35.0599],[137.5659,35.0598],[137.5656,35.059],[137.565,35.0589],[137.5642,35.0583],[137.5632,35.0584],[137.5629,35.0583],[137.5621,35.0584],[137.5608,35.0578],[137.5608,35.0572],[137.5604,35.0564],[137.5593,35.0551],[137.5583,35.0551],[137.556,35.0552],[137.5553,35.0554],[137.5542,35.055],[137.5536,35.055],[137.553,35.0545],[137.5526,35.0544],[137.5515,35.0546],[137.5509,35.0551],[137.5502,35.0554],[137.5504,35.0559],[137.5513,35.0568],[137.5513,35.057],[137.5495,35.0574],[137.5477,35.0578],[137.5467,35.0577],[137.5457,35.0575],[137.5454,35.0576],[137.5442,35.0576],[137.5429,35.0573],[137.5424,35.0567],[137.5419,35.0564],[137.5416,35.0558],[137.5407,35.0556],[137.5394,35.0547],[137.5396,35.0539],[137.5403,35.0529],[137.5413,35.052],[137.5415,35.0514],[137.5413,35.0507],[137.5407,35.0499],[137.5397,35.0492],[137.5385,35.049],[137.5381,35.0495],[137.5382,35.05],[137.5392,35.0506],[137.5396,35.0512],[137.5397,35.052],[137.5393,35.0521],[137.5387,35.0519],[137.5378,35.0522],[137.5366,35.0525],[137.5357,35.0524],[137.5352,35.0522],[137.5346,35.0516],[137.5343,35.0512],[137.5344,35.0506],[137.5336,35.0479],[137.5328,35.0467],[137.5323,35.045],[137.5321,35.0441],[137.5322,35.0433],[137.5319,35.0428],[137.5312,35.0425],[137.5301,35.0425],[137.529,35.0426],[137.5279,35.043],[137.5271,35.0429],[137.5261,35.0426],[137.5254,35.0429],[137.5253,35.0444],[137.5251,35.0452],[137.5248,35.0455],[137.5237,35.0458],[137.5235,35.046],[137.5237,35.0477],[137.5234,35.0481],[137.5223,35.0482],[137.521,35.0485],[137.5203,35.0489],[137.52,35.0492],[137.5194,35.0489],[137.5191,35.0484],[137.5183,35.0481],[137.5174,35.0473],[137.5173,35.0467],[137.5166,35.0462],[137.5161,35.045],[137.5158,35.0441],[137.5155,35.043],[137.5147,35.0418],[137.5137,35.0409],[137.5131,35.0406],[137.5124,35.0401],[137.5116,35.0397],[137.5109,35.0397],[137.5089,35.0396],[137.5086,35.0399],[137.5076,35.0404],[137.5065,35.0404],[137.5054,35.0412],[137.5052,35.0416],[137.5059,35.0427],[137.5071,35.0441],[137.5077,35.0444],[137.508,35.0451],[137.5074,35.046],[137.5077,35.0463],[137.5088,35.0471],[137.5092,35.0479],[137.5092,35.0485],[137.5095,35.0491],[137.5099,35.0494],[137.51,35.0503],[137.5095,35.0509],[137.5089,35.0507],[137.5086,35.0503],[137.5076,35.0496],[137.5072,35.0503],[137.5071,35.0527],[137.5069,35.0538],[137.5057,35.0567],[137.5055,35.0578],[137.5053,35.0582],[137.5051,35.0596],[137.5047,35.0601],[137.5041,35.0603],[137.504,35.062],[137.5037,35.0634],[137.5034,35.0639],[137.5028,35.0642],[137.5023,35.0647],[137.5023,35.0654],[137.5007,35.0658],[137.4996,35.0665],[137.4992,35.0663],[137.4985,35.0663],[137.4974,35.0671],[137.4966,35.0674],[137.4958,35.0674],[137.4949,35.0678],[137.4946,35.0683],[137.4944,35.0692],[137.4936,35.0698],[137.4929,35.0699],[137.4915,35.0688],[137.4899,35.069],[137.4878,35.0688],[137.4874,35.0663],[137.4878,35.0657],[137.4884,35.0642],[137.4884,35.0632],[137.4873,35.0632],[137.4868,35.063],[137.4859,35.0623],[137.4852,35.0627],[137.4846,35.0637],[137.4838,35.0638],[137.4831,35.0635],[137.4822,35.0633],[137.4802,35.0633],[137.4796,35.0633],[137.4785,35.063],[137.4776,35.0621],[137.4767,35.0618],[137.4758,35.0616],[137.4756,35.0605],[137.4747,35.0596],[137.4744,35.0591],[137.4743,35.0579],[137.474,35.0572],[137.4726,35.0554],[137.4713,35.0543],[137.471,35.0539],[137.4701,35.0537],[137.4691,35.0541],[137.4675,35.0544],[137.4667,35.0543],[137.4661,35.0544],[137.4653,35.0536],[137.4641,35.0533],[137.4631,35.0534],[137.4626,35.0532],[137.4614,35.0535],[137.461,35.054],[137.4607,35.0547],[137.4598,35.055],[137.4592,35.0558],[137.4585,35.056],[137.4575,35.0555],[137.4564,35.0555],[137.4555,35.0548],[137.4546,35.0544],[137.453,35.0544],[137.4524,35.0542],[137.452,35.0543],[137.4517,35.0549],[137.4509,35.0552],[137.4503,35.057],[137.4494,35.0574],[137.4489,35.0586],[137.4489,35.0595],[137.449,35.0599],[137.4498,35.0605],[137.4502,35.061],[137.4511,35.0617],[137.4513,35.0626],[137.451,35.0638],[137.4514,35.0657],[137.4513,35.0667],[137.4518,35.0671],[137.4523,35.0673],[137.4529,35.0681],[137.4531,35.0686],[137.4538,35.0687],[137.4542,35.069],[137.4544,35.0698],[137.4538,35.0709],[137.4525,35.0717],[137.4522,35.0722],[137.4523,35.0728],[137.4517,35.0735],[137.4505,35.073],[137.4498,35.0734],[137.4489,35.0732],[137.448,35.0734],[137.4477,35.0733],[137.4476,35.0727],[137.4463,35.0719],[137.4463,35.0714],[137.4453,35.0708],[137.4451,35.0705],[137.4449,35.0696],[137.4449,35.0689],[137.4456,35.068],[137.4455,35.0674],[137.4447,35.0668],[137.445,35.0656],[137.4453,35.0636],[137.4438,35.0633],[137.4426,35.0628],[137.442,35.0628],[137.4415,35.0626],[137.4399,35.0622],[137.4393,35.0618],[137.4392,35.061],[137.4387,35.0604],[137.438,35.06],[137.4381,35.0586],[137.4379,35.0584],[137.4366,35.0578],[137.4365,35.0575],[137.4365,35.0567],[137.436,35.0562],[137.4352,35.0559],[137.4348,35.0551],[137.434,35.0547],[137.4337,35.0539],[137.4329,35.0535],[137.432,35.0526],[137.4317,35.0521],[137.431,35.0518],[137.4304,35.0522],[137.4293,35.0521],[137.4296,35.0511],[137.4295,35.0508],[137.4299,35.0501],[137.4297,35.0485],[137.4299,35.0482],[137.4311,35.0477],[137.4317,35.0473],[137.4319,35.0469],[137.4319,35.046],[137.432,35.0452],[137.4316,35.0445],[137.4317,35.0441],[137.4312,35.0428],[137.4304,35.0415],[137.43,35.0412],[137.4301,35.0402],[137.4297,35.039],[137.4302,35.0375],[137.4305,35.0374],[137.4317,35.0372],[137.4322,35.0368],[137.433,35.0364],[137.4335,35.0359],[137.4338,35.0349],[137.4342,35.0346],[137.4344,35.0339],[137.4349,35.0336],[137.4348,35.0326],[137.4355,35.0318],[137.4352,35.0311],[137.4355,35.0303],[137.4352,35.0298],[137.4346,35.0296],[137.4343,35.0291],[137.4331,35.029],[137.4326,35.0288],[137.4318,35.028],[137.4316,35.0276],[137.4318,35.0269],[137.4313,35.0266],[137.4299,35.0266],[137.4292,35.0263],[137.4278,35.0255],[137.4276,35.0251],[137.426,35.0238],[137.4258,35.0236],[137.426,35.0228],[137.4259,35.0222],[137.4262,35.0212],[137.4262,35.0204],[137.4265,35.0199],[137.4259,35.0196],[137.4257,35.0192],[137.4257,35.0182],[137.4262,35.0181],[137.4266,35.017],[137.4266,35.0165],[137.4264,35.0162],[137.4257,35.0159],[137.4256,35.0148],[137.4258,35.0137],[137.4255,35.0129],[137.4254,35.0114],[137.4258,35.0101],[137.4262,35.0087],[137.4256,35.0086],[137.4254,35.0091],[137.4248,35.0097],[137.4246,35.0102],[137.4241,35.0108],[137.4237,35.011],[137.423,35.011],[137.4223,35.0107],[137.4197,35.011],[137.4195,35.0107],[137.4202,35.0102],[137.4205,35.0096],[137.4206,35.0084],[137.4204,35.0082],[137.4191,35.0087],[137.4173,35.009],[137.4164,35.0095],[137.4155,35.0104],[137.4152,35.0109],[137.4145,35.0117],[137.414,35.0117],[137.4128,35.0112],[137.4122,35.0112],[137.4115,35.011],[137.4113,35.0112],[137.4109,35.0119],[137.4102,35.0119],[137.4101,35.0126],[137.4095,35.013],[137.4091,35.0129],[137.4084,35.0125],[137.4075,35.0124],[137.407,35.012],[137.4062,35.011],[137.4057,35.0108],[137.4053,35.0101],[137.4047,35.0097],[137.4043,35.0091],[137.4034,35.0084],[137.4027,35.0083],[137.4016,35.0082],[137.4007,35.0078],[137.3997,35.0073],[137.3991,35.0072],[137.3987,35.0075],[137.3988,35.0081],[137.3981,35.0082],[137.3972,35.0056],[137.3977,35.0047],[137.3979,35.0032],[137.3961,35.0026],[137.3958,35.0022],[137.3947,35.0019],[137.3946,35.0012],[137.3941,35.0011],[137.394,35.0006],[137.3941,35],[137.3929,34.9984],[137.3927,34.9977],[137.3931,34.997],[137.3929,34.9964],[137.3935,34.9949],[137.3928,34.9945],[137.3924,34.9939],[137.391,34.9934],[137.39,34.9933],[137.3886,34.9931],[137.3873,34.9924],[137.3866,34.9919],[137.3853,34.9913],[137.3851,34.9907],[137.3847,34.9899],[137.3837,34.9898],[137.3836,34.9894],[137.3845,34.9888],[137.3853,34.9891],[137.3868,34.9897],[137.3879,34.9898],[137.3885,34.9897],[137.3886,34.9886],[137.3879,34.9884],[137.3876,34.9875],[137.3872,34.9871],[137.3881,34.9868],[137.3884,34.986],[137.389,34.9857],[137.3894,34.9852],[137.3892,34.9845],[137.3887,34.9838],[137.3891,34.9835],[137.3901,34.9832],[137.3906,34.9829],[137.3915,34.9829],[137.3926,34.983],[137.3941,34.9828],[137.3948,34.9825],[137.3966,34.9814],[137.398,34.9815],[137.3985,34.9814],[137.3993,34.9819],[137.4004,34.982],[137.4008,34.9816],[137.4016,34.9813],[137.4022,34.9813],[137.4032,34.981],[137.4049,34.9797],[137.405,34.9792],[137.4056,34.9788],[137.4049,34.9777],[137.4043,34.9772],[137.4029,34.9763],[137.4018,34.9762],[137.4002,34.9758],[137.3993,34.9758],[137.3992,34.9748],[137.3988,34.9738],[137.3982,34.9728],[137.3984,34.9722],[137.3982,34.972],[137.397,34.9713],[137.3963,34.9709],[137.3959,34.9702],[137.3957,34.9695],[137.3958,34.9689],[137.3955,34.9681],[137.395,34.9685],[137.3945,34.9685],[137.3936,34.9681],[137.3934,34.9672],[137.3924,34.9669],[137.3918,34.9659],[137.3906,34.9654],[137.3914,34.9645],[137.3916,34.9641],[137.3927,34.9637],[137.3935,34.9637],[137.394,34.9635],[137.3947,34.9626],[137.3951,34.9623],[137.3959,34.962],[137.3973,34.962],[137.3979,34.9612],[137.3986,34.9612],[137.4001,34.9605],[137.4008,34.9601],[137.4017,34.96],[137.4021,34.9598],[137.4025,34.9592],[137.4035,34.959],[137.4047,34.9584],[137.4053,34.9583],[137.4069,34.9581],[137.4078,34.9585],[137.408,34.9582],[137.4081,34.9566],[137.4077,34.9555],[137.407,34.9553],[137.4064,34.9554],[137.4049,34.955],[137.4044,34.9549],[137.4034,34.9543],[137.4031,34.954],[137.4031,34.9533],[137.4029,34.9524],[137.4021,34.9515],[137.4017,34.9503],[137.4025,34.95],[137.4025,34.9492],[137.4021,34.9484],[137.4024,34.9482],[137.4034,34.9486],[137.404,34.9485],[137.4044,34.9479],[137.4054,34.9478],[137.406,34.9475],[137.4065,34.9467],[137.4076,34.9457],[137.4082,34.9455],[137.4091,34.9465],[137.4097,34.9467],[137.4104,34.9468],[137.4107,34.9466],[137.4108,34.9459],[137.4108,34.9448],[137.4114,34.9441],[137.4121,34.9437],[137.4127,34.9429],[137.4126,34.9422],[137.4121,34.9415],[137.4116,34.9406],[137.4119,34.9397],[137.4108,34.9397],[137.4104,34.9395],[137.4096,34.9386],[137.4096,34.9377],[137.4105,34.9364],[137.4106,34.9352],[137.4103,34.935],[137.4104,34.9338],[137.4112,34.9329],[137.4116,34.9321],[137.412,34.9316],[137.4124,34.9308],[137.4124,34.9305],[137.4118,34.929],[137.4117,34.9285],[137.4112,34.928],[137.4112,34.9277],[137.4117,34.9265],[137.4126,34.9263],[137.4127,34.9259],[137.4133,34.9256],[137.4139,34.9247],[137.4151,34.9243],[137.4158,34.924],[137.4166,34.924],[137.4171,34.9235],[137.4172,34.9231],[137.4174,34.9215],[137.4182,34.9205],[137.4185,34.9199],[137.4183,34.9193],[137.4179,34.9188],[137.4179,34.9182],[137.4189,34.9177],[137.42,34.9166],[137.4211,34.9157],[137.4213,34.9147],[137.4207,34.9142],[137.4204,34.9132],[137.4211,34.9117],[137.4211,34.9114],[137.4208,34.9099],[137.4205,34.9097],[137.4208,34.9096],[137.4209,34.9095],[137.4211,34.9094],[137.4212,34.9093],[137.4213,34.9093],[137.4214,34.9092],[137.4215,34.9091],[137.4217,34.9091],[137.4217,34.909],[137.4217,34.9087],[137.4217,34.9086],[137.4218,34.9086],[137.4218,34.9085],[137.4219,34.9084],[137.4219,34.9083],[137.422,34.9083],[137.422,34.9082],[137.4222,34.908],[137.4223,34.9079],[137.4224,34.9079],[137.4227,34.9079],[137.4228,34.9079],[137.4227,34.9078],[137.4225,34.9076],[137.4224,34.9075],[137.4223,34.9074],[137.4222,34.9073],[137.4221,34.907],[137.422,34.9068],[137.422,34.9067],[137.4219,34.9066],[137.4219,34.9065],[137.4218,34.9064],[137.4217,34.9063],[137.4217,34.9062],[137.4217,34.906],[137.4218,34.9059],[137.4218,34.9058],[137.4219,34.9057],[137.422,34.9056],[137.422,34.9055],[137.422,34.9054],[137.4221,34.9053],[137.4222,34.9052],[137.4223,34.905],[137.4223,34.9048],[137.4224,34.9047],[137.4224,34.9046],[137.4225,34.9045],[137.4225,34.9044],[137.4226,34.9042],[137.4227,34.904],[137.4228,34.9039],[137.4228,34.9038],[137.4229,34.9037],[137.423,34.9036],[137.423,34.9035],[137.4231,34.9035],[137.4232,34.9034],[137.4234,34.9033],[137.4235,34.9032],[137.4236,34.9031],[137.4237,34.9031],[137.4238,34.9031],[137.4239,34.9031],[137.4241,34.903],[137.4243,34.903],[137.4245,34.9029],[137.4247,34.9029],[137.4249,34.9028],[137.425,34.9028],[137.4252,34.9027],[137.4253,34.9027],[137.4254,34.9026],[137.4256,34.9025],[137.4257,34.9024],[137.4258,34.9024],[137.4259,34.9023],[137.426,34.9022],[137.4261,34.9021],[137.4261,34.9019],[137.4262,34.9018],[137.4263,34.9017],[137.4264,34.9016],[137.4264,34.9015],[137.4265,34.9015],[137.4266,34.9014],[137.4267,34.9014],[137.4268,34.9013],[137.4269,34.9013],[137.427,34.9012],[137.4271,34.9012],[137.4272,34.901],[137.4272,34.9009],[137.4273,34.9009],[137.4273,34.9008],[137.4274,34.9008],[137.4276,34.9007],[137.4277,34.9007],[137.4278,34.9006],[137.4279,34.9006],[137.428,34.9005],[137.4282,34.9004],[137.4282,34.9003],[137.4283,34.9002],[137.4284,34.9001],[137.4285,34.9001],[137.4285,34.9],[137.4286,34.8999],[137.4287,34.8998],[137.4288,34.8998],[137.4289,34.8998],[137.429,34.8998],[137.4291,34.8999],[137.4293,34.8999],[137.4294,34.8999],[137.4295,34.9],[137.4296,34.9],[137.4298,34.9],[137.43,34.9],[137.4301,34.8999],[137.4302,34.8999],[137.4303,34.8998],[137.4304,34.8998],[137.4305,34.8998],[137.4306,34.8998],[137.4307,34.8998],[137.4309,34.8998],[137.431,34.8997],[137.4312,34.8997],[137.4313,34.8997],[137.4313,34.8996],[137.4314,34.8996],[137.4315,34.8995],[137.4317,34.8993],[137.4318,34.8993],[137.432,34.8991],[137.4321,34.899],[137.4322,34.899],[137.4323,34.8989],[137.4325,34.8989],[137.4326,34.8988],[137.4328,34.8988],[137.433,34.8987],[137.4331,34.8987],[137.4332,34.8987],[137.4334,34.8987],[137.4335,34.8987],[137.4336,34.8987],[137.4337,34.8987],[137.4338,34.8987],[137.4339,34.8986],[137.4341,34.8985],[137.4341,34.8984],[137.4342,34.8983],[137.4344,34.8982],[137.4345,34.8981],[137.4346,34.8981],[137.4347,34.8981],[137.4349,34.898],[137.435,34.898],[137.4352,34.898],[137.4353,34.898],[137.4354,34.898],[137.4355,34.8979],[137.4356,34.8978],[137.4356,34.8977],[137.4357,34.8977],[137.4358,34.8976],[137.4359,34.8975],[137.4359,34.8974],[137.436,34.8973],[137.4361,34.8972],[137.4363,34.8971],[137.4364,34.8971],[137.4365,34.8971],[137.4366,34.897],[137.4368,34.897],[137.4369,34.897],[137.437,34.897],[137.4371,34.897],[137.4373,34.897],[137.4374,34.8971],[137.4376,34.8971],[137.4377,34.8971],[137.4379,34.8972],[137.438,34.8972],[137.4381,34.8972],[137.4382,34.8972],[137.4384,34.8972],[137.4385,34.8972],[137.4386,34.8972],[137.4386,34.8971],[137.4388,34.8971],[137.4389,34.897],[137.439,34.8969],[137.4391,34.8969],[137.4392,34.8969],[137.4393,34.8969],[137.4394,34.8969],[137.4396,34.897],[137.4397,34.897],[137.4398,34.897],[137.44,34.897],[137.4401,34.8969],[137.4403,34.8969],[137.4404,34.8969],[137.4406,34.8969],[137.4408,34.8969],[137.4409,34.8969],[137.441,34.8969],[137.4412,34.8969],[137.4413,34.8969],[137.4414,34.8969],[137.4415,34.8969],[137.4416,34.8968],[137.4417,34.8968],[137.4419,34.8967],[137.4419,34.8966],[137.4422,34.8965],[137.4423,34.8965],[137.4424,34.8965],[137.4425,34.8965],[137.4426,34.8965],[137.4428,34.8964],[137.4429,34.8964],[137.4429,34.8963],[137.4429,34.8962],[137.443,34.8961],[137.443,34.8959],[137.443,34.8958],[137.443,34.8957],[137.443,34.8956],[137.4431,34.8956],[137.4432,34.8955],[137.4433,34.8954],[137.4433,34.8953],[137.4434,34.8951],[137.4433,34.8949],[137.4433,34.8948],[137.4433,34.8947],[137.4432,34.8946],[137.4432,34.8945],[137.4432,34.8944],[137.4432,34.8942],[137.4432,34.8941],[137.4432,34.894],[137.4432,34.8939],[137.4432,34.8938],[137.4433,34.8937],[137.4433,34.8936],[137.4433,34.8934],[137.4434,34.8933],[137.4434,34.8932],[137.4435,34.893],[137.4435,34.8929],[137.4435,34.8928],[137.4435,34.8927],[137.4434,34.8926],[137.4434,34.8925],[137.4434,34.8924],[137.4433,34.8923],[137.4433,34.8921],[137.4434,34.892],[137.4435,34.8919],[137.4435,34.8918],[137.4435,34.8917],[137.4436,34.8917],[137.4436,34.8916],[137.4436,34.8915],[137.4436,34.8914],[137.4437,34.8914],[137.4437,34.8913],[137.4438,34.8913],[137.4439,34.8912],[137.444,34.8911],[137.4441,34.8911],[137.4442,34.8911],[137.4443,34.891],[137.4444,34.891],[137.4444,34.8909],[137.4444,34.8908],[137.4444,34.8907],[137.4444,34.8906],[137.4445,34.8904],[137.4446,34.8903],[137.4447,34.8903],[137.4447,34.8902],[137.4448,34.8902],[137.445,34.8901],[137.4451,34.8901],[137.4452,34.89],[137.4452,34.8899],[137.4454,34.8898],[137.4455,34.8897],[137.4457,34.8897],[137.4459,34.8897],[137.4461,34.8897],[137.4462,34.8897],[137.4463,34.8897],[137.4464,34.8896],[137.4464,34.8895],[137.4465,34.8894],[137.4466,34.8892],[137.4467,34.8891],[137.4468,34.889],[137.4469,34.8889],[137.447,34.8888],[137.4471,34.8887],[137.4472,34.8886],[137.4473,34.8886],[137.4473,34.8885],[137.4474,34.8884],[137.4475,34.8883],[137.4475,34.8882],[137.4476,34.8881],[137.4477,34.888],[137.4478,34.8878],[137.4479,34.8877],[137.448,34.8876],[137.4481,34.8875],[137.4481,34.8874],[137.4482,34.8874],[137.4483,34.8873],[137.4484,34.8873],[137.4485,34.8872],[137.4486,34.8871],[137.4487,34.887],[137.4487,34.8869],[137.4487,34.8868],[137.4487,34.8867],[137.4487,34.8865],[137.4487,34.8863],[137.4489,34.886],[137.449,34.886],[137.449,34.8859],[137.4491,34.8859],[137.4491,34.8858],[137.4492,34.8858],[137.4492,34.8857],[137.4492,34.8856],[137.4492,34.8855],[137.4493,34.8854],[137.4495,34.8853],[137.4495,34.8852],[137.4496,34.8851],[137.4497,34.885],[137.4497,34.8849],[137.4498,34.8849],[137.4498,34.8848],[137.4499,34.8848],[137.4499,34.8847],[137.45,34.8847],[137.45,34.8846],[137.4501,34.8846],[137.4502,34.8845],[137.4502,34.8844],[137.4502,34.8843],[137.4502,34.8842],[137.4503,34.8842],[137.4503,34.8841],[137.4503,34.884],[137.4504,34.8839],[137.4505,34.8838],[137.4506,34.8837],[137.4507,34.8836],[137.4508,34.8836],[137.4509,34.8835],[137.4509,34.8834],[137.451,34.8833],[137.4511,34.8832],[137.4511,34.883],[137.4513,34.8829],[137.4515,34.8829],[137.4516,34.883],[137.4516,34.8831],[137.4517,34.8831],[137.4518,34.8831],[137.4518,34.8832],[137.4519,34.8832],[137.452,34.8833],[137.4521,34.8832],[137.4523,34.8831],[137.4524,34.8829],[137.4524,34.8828],[137.4523,34.8826],[137.4523,34.8823],[137.4524,34.8822],[137.4525,34.8822],[137.4526,34.8822],[137.4527,34.8824],[137.453,34.8826],[137.4531,34.8826],[137.4532,34.8826],[137.4533,34.8826],[137.4534,34.8825],[137.4535,34.8824],[137.4536,34.8822],[137.4536,34.8819],[137.4535,34.8817],[137.4535,34.8816],[137.4535,34.8815],[137.4536,34.8814],[137.4537,34.8813],[137.4538,34.8813],[137.4542,34.8813],[137.4544,34.8813],[137.4545,34.8813],[137.4545,34.8812],[137.4546,34.8811],[137.4546,34.881],[137.4546,34.8809],[137.4546,34.8808],[137.4547,34.8807],[137.4548,34.8806],[137.4548,34.8804],[137.4549,34.8804],[137.455,34.8803],[137.455,34.8802],[137.4551,34.8802],[137.4552,34.8801],[137.4553,34.88],[137.4554,34.8799],[137.4555,34.8798],[137.4556,34.8797],[137.4557,34.8796],[137.4558,34.8796],[137.4558,34.8795],[137.4559,34.8794],[137.4559,34.8793],[137.4559,34.8792],[137.4559,34.8791],[137.456,34.8789],[137.456,34.8788],[137.456,34.8787],[137.456,34.8786],[137.456,34.8785],[137.4561,34.8784],[137.4561,34.8782],[137.4562,34.8781],[137.4562,34.878],[137.4563,34.8778],[137.4563,34.8777],[137.4564,34.8776],[137.4564,34.8774],[137.4565,34.8773],[137.4565,34.8772],[137.4566,34.877],[137.4566,34.8769],[137.4566,34.8768],[137.4567,34.8767],[137.4567,34.8765],[137.4568,34.8764],[137.4569,34.8761],[137.4569,34.876],[137.457,34.8758],[137.457,34.8757],[137.457,34.8756],[137.4571,34.8756],[137.4571,34.8755],[137.4572,34.8753],[137.4573,34.8752],[137.4574,34.8751],[137.4574,34.875],[137.4574,34.8748],[137.4575,34.8746],[137.4575,34.8745],[137.4576,34.8744],[137.4577,34.8743],[137.4579,34.8741],[137.458,34.874],[137.4581,34.874],[137.4582,34.8739],[137.4583,34.8738],[137.4583,34.8737],[137.4584,34.8737],[137.4585,34.8736],[137.4585,34.8735],[137.4587,34.8733],[137.4588,34.8732],[137.4588,34.8731],[137.4589,34.873],[137.4591,34.8728],[137.4591,34.8727],[137.4592,34.8726],[137.4593,34.8725],[137.4595,34.8723],[137.4595,34.8722],[137.4596,34.872],[137.4598,34.8718],[137.4599,34.8716],[137.46,34.8715],[137.4601,34.8714],[137.4601,34.8713],[137.4601,34.8712],[137.4601,34.8711],[137.46,34.8711],[137.4599,34.871],[137.4598,34.871],[137.4596,34.8709],[137.4594,34.8708],[137.4592,34.8708],[137.4591,34.8707],[137.4589,34.8707],[137.4588,34.8706],[137.4586,34.8706],[137.4585,34.8705],[137.4583,34.8704],[137.4581,34.8703],[137.4579,34.8703],[137.4577,34.8702],[137.4575,34.8701],[137.4573,34.8701],[137.4572,34.87],[137.4571,34.87],[137.4569,34.8699],[137.4567,34.8699],[137.4565,34.8698],[137.4564,34.8697],[137.4563,34.8697],[137.4561,34.8696],[137.4559,34.8696],[137.4557,34.8695],[137.4555,34.8694],[137.4554,34.8693],[137.4552,34.8693],[137.4551,34.8692],[137.455,34.8692],[137.455,34.8691],[137.455,34.869],[137.4551,34.8689],[137.4551,34.8688],[137.4551,34.8687],[137.4552,34.8684],[137.455,34.8684],[137.4549,34.8683],[137.4546,34.8683],[137.4543,34.8682],[137.4542,34.8682],[137.454,34.8682],[137.4538,34.8681],[137.4537,34.8681],[137.4536,34.8681],[137.4537,34.868],[137.4537,34.8679],[137.4539,34.8678],[137.454,34.8676],[137.454,34.8675],[137.4539,34.8674],[137.4538,34.8674],[137.4536,34.8673],[137.4535,34.8672],[137.4534,34.8672],[137.4535,34.8671],[137.4536,34.867],[137.4537,34.8668],[137.4538,34.8667],[137.4539,34.8667],[137.454,34.8665],[137.4541,34.8664],[137.4542,34.8662],[137.4543,34.8661],[137.4544,34.866],[137.4543,34.8659],[137.4542,34.8658],[137.454,34.8657],[137.4538,34.8656],[137.4537,34.8655],[137.4536,34.8655],[137.4535,34.8654],[137.4533,34.8653],[137.4532,34.8652],[137.4531,34.8651],[137.4532,34.865],[137.4533,34.8648],[137.4534,34.8647],[137.4534,34.8646],[137.4535,34.8646],[137.4535,34.8645],[137.4536,34.8644],[137.4535,34.8644],[137.4533,34.8643],[137.4531,34.8642],[137.4529,34.8641],[137.4528,34.864],[137.4527,34.864],[137.4527,34.8639],[137.4528,34.8637],[137.4529,34.8636],[137.453,34.8635],[137.453,34.8634],[137.4532,34.8633],[137.4533,34.8631],[137.4533,34.8629],[137.4533,34.8628],[137.4534,34.8628],[137.4534,34.8627],[137.4534,34.8626],[137.4535,34.8625],[137.4535,34.8623],[137.4535,34.8622],[137.4535,34.8621],[137.4535,34.862],[137.4535,34.8619],[137.4536,34.8618],[137.4536,34.8617],[137.4537,34.8616],[137.4539,34.8616],[137.4541,34.8616],[137.4542,34.8616],[137.4543,34.8616],[137.4544,34.8616],[137.4545,34.8616],[137.4547,34.8617],[137.4548,34.8617],[137.455,34.8617],[137.4552,34.8618],[137.4554,34.8618],[137.4555,34.8618],[137.4557,34.8619],[137.456,34.8619],[137.4561,34.8619],[137.4563,34.862],[137.4565,34.862],[137.4568,34.862],[137.4569,34.862],[137.457,34.862],[137.4571,34.8619],[137.4573,34.8618],[137.4574,34.8616],[137.4575,34.8615],[137.4577,34.8614],[137.4579,34.8613],[137.4579,34.8612],[137.458,34.8612],[137.4581,34.8611],[137.4582,34.8611],[137.4583,34.8611],[137.4584,34.8611],[137.4585,34.861],[137.4587,34.861],[137.4589,34.8609],[137.459,34.8608],[137.4591,34.8607],[137.4592,34.8605],[137.4593,34.8605],[137.4593,34.8604],[137.4594,34.8604],[137.4595,34.8603],[137.4597,34.8602],[137.4598,34.8601],[137.4599,34.8601],[137.4599,34.86],[137.46,34.8599],[137.46,34.8598],[137.46,34.8597],[137.4601,34.8596],[137.4601,34.8595],[137.4602,34.8595],[137.4604,34.8593],[137.4604,34.8592],[137.4605,34.8591],[137.4606,34.8591],[137.4607,34.859],[137.4608,34.8589],[137.461,34.8589],[137.4613,34.8587]]]},"properties":{"N03_001":"愛知県","N03_002":"","N03_003":"","N03_004":"新城市","N03_007":"23221"}},
{"type":"Feature","geometry":{"type":"Polygon","coordinates":[[[136.8698,35.0084],[136.8698,35.0083],[136.8703,35.0081],[136.8706,35.008],[136.8715,35.0076],[136.8721,35.0074],[136.8725,35.0073],[136.8725,35.0072],[136.8732,35.007],[136.8733,35.007],[136.8735,35.0069],[136.8737,35.0068],[136.8744,35.0066],[136.8748,35.0065],[136.8749,35.0064],[136.875,35.0064],[136.8751,35.0063],[136.8754,35.0062],[136.8755,35.0062],[136.8757,35.0061],[136.8758,35.006],[136.876,35.0059],[136.8763,35.0057],[136.8764,35.0056],[136.8765,35.0055],[136.8766,35.0054],[136.8767,35.0053],[136.877,35.005],[136.8771,35.0049],[136.8772,35.0047],[136.8773,35.0046],[136.8776,35.0045],[136.8777,35.0043],[136.8782,35.0043],[136.8785,35.0043],[136.8789,35.0043],[136.8791,35.0043],[136.8796,35.0042],[136.8798,35.0041],[136.88,35.0041],[136.8802,35.0039],[136.8801,35.0038],[136.8803,35.0037],[136.8804,35.0036],[136.8806,35.0035],[136.8807,35.0034],[136.8808,35.0032],[136.8809,35.0031],[136.8809,35.0029],[136.8811,35.0027],[136.8813,35.0024],[136.8814,35.0025],[136.8816,35.0026],[136.8817,35.0026],[136.8818,35.0026],[136.882,35.0024],[136.8821,35.0021],[136.8821,35.0019],[136.8821,35.0018],[136.882,35.0016],[136.882,35.0014],[136.8819,35.0012],[136.8819,35.0011],[136.8818,35.001],[136.882,35.0009],[136.8821,35.0008],[136.8822,35.0008],[136.8823,35.0007],[136.8833,35.0013],[136.8834,35.0013],[136.8836,35.0014],[136.885,35.0022],[136.8849,35.0023],[136.8846,35.0026],[136.8847,35.0026],[136.8848,35.0027],[136.8849,35.0027],[136.8857,35.0031],[136.8858,35.0032],[136.8858,35.0031],[136.8859,35.0031],[136.8859,35.003],[136.886,35.003],[136.8864,35.0032],[136.8866,35.0034],[136.8869,35.0036],[136.8875,35.0039],[136.8879,35.0036],[136.8879,35.0035],[136.8882,35.0033],[136.8883,35.0032],[136.8885,35.0031],[136.888,35.0025],[136.8877,35.0023],[136.8873,35.0018],[136.8872,35.0016],[136.8871,35.0015],[136.8864,35.0011],[136.8862,35.001],[136.8857,35.0007],[136.8849,35.0003],[136.8847,35.0002],[136.8846,35.0001],[136.8844,35],[136.8842,34.9999],[136.8844,34.9997],[136.8842,34.9996],[136.8845,34.9992],[136.8847,34.999],[136.8849,34.9988],[136.885,34.9986],[136.8852,34.9984],[136.8853,34.9983],[136.8854,34.9982],[136.8855,34.9982],[136.8856,34.9983],[136.8857,34.9983],[136.8858,34.9984],[136.8859,34.9985],[136.8859,34.9986],[136.886,34.9987],[136.8861,34.9989],[136.8863,34.999],[136.8865,34.9992],[136.8869,34.9994],[136.887,34.9995],[136.8872,34.9996],[136.8873,34.9998],[136.8874,34.9999],[136.8876,35],[136.8884,35.0006],[136.8887,35.0003],[136.8888,35.0001],[136.8886,35],[136.8884,34.9998],[136.889,34.9993],[136.8885,34.9988],[136.8886,34.9988],[136.8888,34.9985],[136.889,34.9985],[136.889,34.9984],[136.8894,34.998],[136.8896,34.9978],[136.8897,34.9975],[136.8898,34.9969],[136.8899,34.9964],[136.8917,34.9967],[136.8931,34.9968],[136.8931,34.9967],[136.8933,34.9953],[136.8935,34.9942],[136.8937,34.9929],[136.8937,34.9928],[136.8938,34.9927],[136.8939,34.9921],[136.8939,34.9919],[136.8939,34.9917],[136.8941,34.9909],[136.8941,34.9908],[136.8942,34.99],[136.8943,34.9898],[136.8924,34.9896],[136.8925,34.9889],[136.8937,34.989],[136.8937,34.9889],[136.8939,34.9879],[136.8956,34.9881],[136.8957,34.988],[136.8958,34.9877],[136.8959,34.9877],[136.896,34.9872],[136.896,34.9871],[136.8963,34.9864],[136.8963,34.9861],[136.8965,34.9858],[136.8965,34.9856],[136.8965,34.9852],[136.8966,34.985],[136.8967,34.9846],[136.8969,34.9843],[136.8969,34.9842],[136.8965,34.9838],[136.8968,34.9833],[136.8968,34.9832],[136.8969,34.9831],[136.8968,34.983],[136.8966,34.9828],[136.8966,34.9827],[136.8967,34.9826],[136.8968,34.9825],[136.8971,34.9825],[136.8973,34.9826],[136.8976,34.9827],[136.8977,34.9827],[136.8978,34.9826],[136.8979,34.9825],[136.898,34.9824],[136.898,34.9822],[136.898,34.9821],[136.898,34.9819],[136.8979,34.9818],[136.8978,34.9816],[136.8976,34.9814],[136.8976,34.9813],[136.8976,34.9812],[136.8977,34.9811],[136.8979,34.9812],[136.898,34.9812],[136.8986,34.9816],[136.8988,34.9816],[136.8989,34.9816],[136.899,34.9816],[136.8991,34.9815],[136.8992,34.9814],[136.8993,34.9812],[136.8994,34.9811],[136.8995,34.9811],[136.8996,34.9812],[136.8997,34.9813],[136.8997,34.9814],[136.8998,34.9815],[136.8998,34.9816],[136.9,34.9816],[136.9002,34.9816],[136.9004,34.9817],[136.9006,34.9817],[136.9006,34.9819],[136.9006,34.982],[136.9008,34.982],[136.9012,34.9821],[136.9016,34.9821],[136.9018,34.9822],[136.9021,34.9823],[136.9022,34.9823],[136.9026,34.9822],[136.9027,34.982],[136.9031,34.9815],[136.9032,34.9813],[136.9034,34.9811],[136.9034,34.9809],[136.9035,34.9809],[136.9035,34.9808],[136.9036,34.9808],[136.9038,34.9808],[136.9043,34.9807],[136.9046,34.9807],[136.9047,34.9806],[136.9048,34.9805],[136.9049,34.9804],[136.905,34.9803],[136.9052,34.9802],[136.9053,34.9801],[136.9055,34.9801],[136.9056,34.9801],[136.906,34.9802],[136.9061,34.9802],[136.9062,34.9802],[136.9064,34.9802],[136.9065,34.9803],[136.9068,34.9803],[136.907,34.9804],[136.907,34.9802],[136.9072,34.9802],[136.9073,34.9802],[136.9073,34.9801],[136.9073,34.98],[136.9075,34.9793],[136.9074,34.9792],[136.9073,34.9791],[136.907,34.9789],[136.9069,34.9788],[136.9068,34.9788],[136.9067,34.9788],[136.9067,34.9787],[136.9066,34.9787],[136.9065,34.9786],[136.9064,34.9785],[136.9063,34.9784],[136.9057,34.9779],[136.9058,34.9777],[136.9065,34.9778],[136.9066,34.9778],[136.9068,34.9779],[136.9069,34.9778],[136.9071,34.9779],[136.9074,34.9781],[136.9076,34.9781],[136.9077,34.9782],[136.9078,34.9782],[136.9079,34.9782],[136.9079,34.9781],[136.908,34.978],[136.908,34.9779],[136.9081,34.9778],[136.9081,34.9777],[136.9083,34.9773],[136.9083,34.9772],[136.9084,34.9771],[136.9085,34.9769],[136.9089,34.9764],[136.9091,34.9762],[136.9093,34.9761],[136.9093,34.976],[136.9095,34.9759],[136.9096,34.9758],[136.9097,34.9758],[136.9099,34.9759],[136.9101,34.9759],[136.9103,34.9756],[136.9104,34.9755],[136.9105,34.9754],[136.9106,34.9753],[136.9108,34.975],[136.9109,34.9748],[136.911,34.9748],[136.911,34.9746],[136.9112,34.9743],[136.9113,34.9743],[136.9113,34.9742],[136.9115,34.974],[136.9117,34.9738],[136.9118,34.9736],[136.9121,34.9734],[136.9121,34.9733],[136.9123,34.9731],[136.9124,34.9727],[136.9125,34.9724],[136.9126,34.9724],[136.9126,34.9723],[136.9126,34.9722],[136.9127,34.9721],[136.9127,34.972],[136.9128,34.9719],[136.9128,34.9718],[136.9128,34.9716],[136.9129,34.9716],[136.9129,34.9715],[136.9129,34.9714],[136.9129,34.971],[136.9129,34.9708],[136.913,34.9706],[136.913,34.9704],[136.9131,34.9702],[136.9132,34.9701],[136.9133,34.97],[136.9133,34.9699],[136.9134,34.9697],[136.9135,34.9696],[136.9136,34.9696],[136.9138,34.9696],[136.9139,34.9696],[136.9141,34.9696],[136.9144,34.9696],[136.9142,34.9697],[136.914,34.9709],[136.9143,34.9711],[136.9142,34.9719],[136.9147,34.972],[136.9161,34.9732],[136.9174,34.9739],[136.9189,34.9741],[136.9196,34.9748],[136.9208,34.9753],[136.9228,34.9759],[136.9233,34.9759],[136.9233,34.9765],[136.9224,34.9779],[136.9214,34.9789],[136.9202,34.9796],[136.9198,34.9807],[136.9195,34.9809],[136.9191,34.9817],[136.9177,34.9812],[136.9154,34.9813],[136.915,34.9822],[136.9156,34.9831],[136.9161,34.9835],[136.9164,34.9841],[136.9171,34.985],[136.9177,34.9855],[136.9181,34.9861],[136.9183,34.9871],[136.9178,34.9878],[136.9174,34.9893],[136.9175,34.9903],[136.9174,34.9909],[136.9175,34.9918],[136.9174,34.9931],[136.9171,34.994],[136.9171,34.9951],[136.9173,34.9964],[136.9174,34.9979],[136.9178,34.9989],[136.9176,34.9996],[136.9178,35.0007],[136.9182,35.0012],[136.918,35.0018],[136.9185,35.0029],[136.9179,35.0038],[136.9188,35.0055],[136.919,35.006],[136.9189,35.0069],[136.918,35.0078],[136.917,35.0092],[136.917,35.0098],[136.9163,35.0099],[136.9167,35.0111],[136.9175,35.0109],[136.9186,35.0102],[136.9195,35.0094],[136.9209,35.0091],[136.9214,35.0089],[136.9221,35.0099],[136.9217,35.0104],[136.9218,35.0109],[136.9221,35.0114],[136.923,35.0119],[136.924,35.012],[136.9241,35.0114],[136.9249,35.0113],[136.9266,35.0142],[136.9284,35.0136],[136.9337,35.0112],[136.9344,35.0113],[136.9355,35.0117],[136.9365,35.012],[136.9372,35.0123],[136.9369,35.0128],[136.9381,35.0133],[136.9399,35.0144],[136.9403,35.0154],[136.9402,35.0159],[136.9394,35.0164],[136.9385,35.0163],[136.9378,35.0168],[136.938,35.0172],[136.9362,35.0179],[136.9353,35.018],[136.9337,35.0187],[136.933,35.0196],[136.9324,35.02],[136.9319,35.021],[136.9328,35.0213],[136.9328,35.0218],[136.9324,35.022],[136.9324,35.0228],[136.9333,35.0236],[136.9333,35.0244],[136.9331,35.025],[136.9324,35.0257],[136.9318,35.0257],[136.9314,35.0259],[136.9292,35.0274],[136.9286,35.028],[136.9281,35.0289],[136.9277,35.0294],[136.927,35.0299],[136.9266,35.0303],[136.9275,35.0322],[136.928,35.033],[136.9287,35.0339],[136.9292,35.035],[136.9298,35.0367],[136.9308,35.038],[136.9315,35.0386],[136.9308,35.0392],[136.9312,35.04],[136.9316,35.0407],[136.9331,35.0417],[136.9341,35.0418],[136.9342,35.0423],[136.9324,35.0426],[136.9309,35.0434],[136.9297,35.0445],[136.9291,35.0455],[136.929,35.0461],[136.9285,35.0469],[136.9286,35.0473],[136.929,35.0479],[136.9298,35.0479],[136.9298,35.0485],[136.9289,35.0487],[136.9288,35.0502],[136.9282,35.0505],[136.9299,35.0507],[136.9313,35.0507],[136.9313,35.0511],[136.9304,35.0514],[136.9304,35.0517],[136.9295,35.0519],[136.9287,35.0519],[136.9287,35.0524],[136.9294,35.053],[136.9295,35.0535],[136.9284,35.0549],[136.9285,35.0553],[136.9276,35.0566],[136.9271,35.057],[136.9261,35.0581],[136.9261,35.0585],[136.9267,35.0591],[136.9264,35.0592],[136.9258,35.0586],[136.9245,35.0586],[136.9247,35.0591],[136.9243,35.0595],[136.9245,35.06],[136.9237,35.0599],[136.9227,35.0601],[136.9226,35.0605],[136.922,35.0612],[136.9235,35.0617],[136.9245,35.0618],[136.9251,35.0621],[136.9246,35.0629],[136.9252,35.0631],[136.9244,35.0644],[136.923,35.0637],[136.9221,35.0637],[136.9218,35.0644],[136.9201,35.064],[136.9207,35.0627],[136.9202,35.0626],[136.9198,35.0635],[136.9188,35.0633],[136.9178,35.0629],[136.9179,35.0619],[136.9163,35.0612],[136.9132,35.0682],[136.913,35.0685],[136.9104,35.068],[136.9066,35.0682],[136.9058,35.0684],[136.9032,35.0689],[136.9016,35.0689],[136.9014,35.0689],[136.9013,35.0689],[136.901,35.0689],[136.9008,35.0689],[136.9007,35.0689],[136.9007,35.0688],[136.9006,35.0688],[136.9,35.0686],[136.8998,35.0686],[136.8997,35.0685],[136.8995,35.0685],[136.8989,35.0683],[136.8987,35.0683],[136.8985,35.0682],[136.8983,35.0682],[136.898,35.0681],[136.8976,35.0681],[136.8974,35.068],[136.897,35.068],[136.8966,35.068],[136.8963,35.068],[136.8959,35.068],[136.8951,35.068],[136.8937,35.068],[136.8926,35.068],[136.8923,35.068],[136.8917,35.068],[136.8916,35.068],[136.8912,35.0677],[136.8909,35.0675],[136.8905,35.0673],[136.8903,35.0671],[136.8901,35.0671],[136.8894,35.0671],[136.889,35.0672],[136.8881,35.0672],[136.8877,35.0672],[136.887,35.0672],[136.8865,35.0672],[136.8857,35.0672],[136.8845,35.0673],[136.8841,35.0673],[136.884,35.0673],[136.8864,35.0658],[136.886,35.0643],[136.8853,35.0626],[136.8851,35.0626],[136.8844,35.0608],[136.8846,35.0607],[136.884,35.0592],[136.8838,35.0592],[136.8815,35.0533],[136.8817,35.0533],[136.881,35.0516],[136.8809,35.0517],[136.8792,35.0474],[136.8806,35.0459],[136.8812,35.0457],[136.8834,35.0457],[136.8834,35.0459],[136.8852,35.0459],[136.8852,35.0457],[136.8872,35.0457],[136.8877,35.0459],[136.8893,35.0455],[136.8893,35.0423],[136.8703,35.0422],[136.8691,35.0417],[136.8679,35.04],[136.8677,35.0401],[136.8623,35.0323],[136.8624,35.0322],[136.8616,35.031],[136.8617,35.0308],[136.8601,35.0284],[136.8599,35.0285],[136.8562,35.0233],[136.8542,35.0205],[136.8548,35.0204],[136.852,35.0164],[136.8527,35.0152],[136.8545,35.015],[136.8569,35.0146],[136.8614,35.0139],[136.8615,35.0141],[136.8625,35.014],[136.8625,35.0136],[136.8632,35.0137],[136.8706,35.0126],[136.8712,35.0116],[136.8692,35.0091],[136.87,35.0086],[136.8698,35.0084]]]},"properties":{"N03_001":"愛知県","N03_002":"","N03_003":"","N03_004":"東海市","N03_007":"23222"}},
{"type":"Feature","geometry":{"type":"Polygon","coordinates":[[[136.9233,34.9759],[136.9237,34.9758],[136.924,34.9762],[136.9254,34.9772],[136.9256,34.9784],[136.9269,34.9799],[136.9275,34.9811],[136.928,34.9819],[136.9286,34.9824],[136.929,34.9833],[136.9308,34.9834],[136.9323,34.9838],[136.9331,34.9843],[136.9333,34.9848],[136.9326,34.9862],[136.9325,34.9866],[136.9329,34.9868],[136.9335,34.9868],[136.9347,34.9865],[136.9355,34.9873],[136.9355,34.9877],[136.9359,34.9879],[136.9361,34.9884],[136.9359,34.9887],[136.936,34.9894],[136.9365,34.9896],[136.9373,34.9897],[136.9383,34.9895],[136.9395,34.989],[136.9398,34.9897],[136.9397,34.9907],[136.9409,34.9908],[136.943,34.9903],[136.9434,34.9904],[136.9436,34.9912],[136.9439,34.9917],[136.9457,34.992],[136.9462,34.9919],[136.9467,34.9924],[136.9474,34.9934],[136.947,34.9937],[136.9463,34.9938],[136.9463,34.9942],[136.9473,34.9949],[136.9474,34.9957],[136.948,34.9967],[136.9485,34.9977],[136.9494,34.9984],[136.95,34.9988],[136.9501,34.9993],[136.9508,35.0002],[136.9512,34.9998],[136.9506,34.9991],[136.9506,34.9988],[136.95,34.9983],[136.95,34.9979],[136.9523,34.9964],[136.9528,34.9962],[136.9532,34.9968],[136.9537,34.9974],[136.955,34.9983],[136.9559,34.9992],[136.9573,34.9999],[136.9588,35.0009],[136.9588,35.0019],[136.9594,35.0021],[136.96,35.0026],[136.9604,35.0027],[136.9618,35.0035],[136.9634,35.0031],[136.9639,35.0029],[136.9649,35.0021],[136.9654,35.0018],[136.9664,35.0016],[136.9687,35.0006],[136.9705,35],[136.9726,34.9995],[136.9727,35.0001],[136.974,35],[136.9745,35.0005],[136.9747,35.0012],[136.9754,35.0016],[136.9761,35.0016],[136.9788,35.0015],[136.981,35.0015],[136.9811,35.0031],[136.9813,35.0039],[136.9821,35.0047],[136.985,35.0063],[136.986,35.007],[136.9882,35.009],[136.9889,35.01],[136.9893,35.0108],[136.9896,35.0119],[136.9893,35.0126],[136.988,35.0145],[136.9876,35.0156],[136.9875,35.0166],[136.9877,35.0172],[136.9891,35.0189],[136.9895,35.0196],[136.99,35.0213],[136.9906,35.0223],[136.991,35.0226],[136.992,35.023],[136.9929,35.0231],[136.995,35.023],[136.9964,35.0231],[136.9978,35.0236],[136.9984,35.0241],[137.0002,35.0258],[137.0005,35.0262],[137.0017,35.027],[137.0009,35.0278],[137.0011,35.0281],[137.0011,35.0295],[136.9995,35.0296],[136.9996,35.0318],[136.9991,35.0318],[136.9991,35.0352],[136.9979,35.0352],[136.9979,35.0364],[136.997,35.0366],[136.9967,35.037],[136.9969,35.0379],[136.9973,35.0385],[136.997,35.0389],[136.9961,35.0393],[136.9951,35.0392],[136.9933,35.0384],[136.9921,35.0385],[136.9915,35.0378],[136.991,35.0378],[136.9907,35.0374],[136.9909,35.0371],[136.9916,35.0367],[136.9916,35.0359],[136.9904,35.0366],[136.9899,35.0366],[136.9874,35.038],[136.9883,35.0393],[136.9883,35.0398],[136.989,35.0408],[136.9891,35.0416],[136.9872,35.042],[136.9863,35.0421],[136.9857,35.0424],[136.9845,35.0428],[136.9843,35.0435],[136.9838,35.0442],[136.9833,35.0443],[136.9822,35.0439],[136.9811,35.045],[136.9799,35.0457],[136.9784,35.046],[136.9778,35.0462],[136.9766,35.0475],[136.9762,35.0478],[136.9751,35.0483],[136.9739,35.049],[136.9742,35.0482],[136.9744,35.0474],[136.9738,35.0465],[136.9729,35.0456],[136.9726,35.0449],[136.9723,35.0431],[136.9714,35.0431],[136.9711,35.0429],[136.9709,35.0423],[136.9704,35.0423],[136.9702,35.0428],[136.9696,35.0428],[136.9684,35.043],[136.968,35.0427],[136.9654,35.043],[136.9649,35.0429],[136.9635,35.0412],[136.9626,35.0401],[136.9619,35.0396],[136.9607,35.0398],[136.9598,35.0393],[136.9593,35.0395],[136.9597,35.0399],[136.9614,35.0406],[136.9616,35.041],[136.9609,35.042],[136.961,35.0426],[136.9606,35.043],[136.96,35.0431],[136.9592,35.044],[136.9588,35.0449],[136.9589,35.0463],[136.9584,35.0464],[136.958,35.0469],[136.9572,35.0475],[136.9564,35.0478],[136.9558,35.0479],[136.9557,35.0475],[136.9552,35.0469],[136.9542,35.0461],[136.9539,35.0458],[136.9532,35.0457],[136.9532,35.0448],[136.9501,35.0445],[136.9483,35.0442],[136.9463,35.0442],[136.9446,35.0456],[136.9436,35.0463],[136.9433,35.0471],[136.9432,35.0479],[136.9419,35.049],[136.942,35.05],[136.9412,35.0513],[136.9411,35.0522],[136.9406,35.0526],[136.9393,35.0533],[136.9388,35.0532],[136.938,35.0534],[136.9376,35.0529],[136.9369,35.0534],[136.9366,35.0532],[136.9359,35.0521],[136.9357,35.0517],[136.9347,35.0507],[136.9349,35.0498],[136.9341,35.0497],[136.9336,35.0487],[136.9328,35.0487],[136.9332,35.0494],[136.9331,35.0499],[136.9323,35.05],[136.9317,35.0497],[136.9313,35.05],[136.9313,35.0507],[136.9299,35.0507],[136.9282,35.0505],[136.9288,35.0502],[136.9289,35.0487],[136.9298,35.0485],[136.9298,35.0479],[136.929,35.0479],[136.9286,35.0473],[136.9285,35.0469],[136.929,35.0461],[136.9291,35.0455],[136.9297,35.0445],[136.9309,35.0434],[136.9324,35.0426],[136.9342,35.0423],[136.9341,35.0418],[136.9331,35.0417],[136.9316,35.0407],[136.9312,35.04],[136.9308,35.0392],[136.9315,35.0386],[136.9308,35.038],[136.9298,35.0367],[136.9292,35.035],[136.9287,35.0339],[136.928,35.033],[136.9275,35.0322],[136.9266,35.0303],[136.927,35.0299],[136.9277,35.0294],[136.9281,35.0289],[136.9286,35.028],[136.9292,35.0274],[136.9314,35.0259],[136.9318,35.0257],[136.9324,35.0257],[136.9331,35.025],[136.9333,35.0244],[136.9333,35.0236],[136.9324,35.0228],[136.9324,35.022],[136.9328,35.0218],[136.9328,35.0213],[136.9319,35.021],[136.9324,35.02],[136.933,35.0196],[136.9337,35.0187],[136.9353,35.018],[136.9362,35.0179],[136.938,35.0172],[136.9378,35.0168],[136.9385,35.0163],[136.9394,35.0164],[136.9402,35.0159],[136.9403,35.0154],[136.9399,35.0144],[136.9381,35.0133],[136.9369,35.0128],[136.9372,35.0123],[136.9365,35.012],[136.9355,35.0117],[136.9344,35.0113],[136.9337,35.0112],[136.9284,35.0136],[136.9266,35.0142],[136.9249,35.0113],[136.9241,35.0114],[136.924,35.012],[136.923,35.0119],[136.9221,35.0114],[136.9218,35.0109],[136.9217,35.0104],[136.9221,35.0099],[136.9214,35.0089],[136.9209,35.0091],[136.9195,35.0094],[136.9186,35.0102],[136.9175,35.0109],[136.9167,35.0111],[136.9163,35.0099],[136.917,35.0098],[136.917,35.0092],[136.918,35.0078],[136.9189,35.0069],[136.919,35.006],[136.9188,35.0055],[136.9179,35.0038],[136.9185,35.0029],[136.918,35.0018],[136.9182,35.0012],[136.9178,35.0007],[136.9176,34.9996],[136.9178,34.9989],[136.9174,34.9979],[136.9173,34.9964],[136.9171,34.9951],[136.9171,34.994],[136.9174,34.9931],[136.9175,34.9918],[136.9174,34.9909],[136.9175,34.9903],[136.9174,34.9893],[136.9178,34.9878],[136.9183,34.9871],[136.9181,34.9861],[136.9177,34.9855],[136.9171,34.985],[136.9164,34.9841],[136.9161,34.9835],[136.9156,34.9831],[136.915,34.9822],[136.9154,34.9813],[136.9177,34.9812],[136.9191,34.9817],[136.9195,34.9809],[136.9198,34.9807],[136.9202,34.9796],[136.9214,34.9789],[136.9224,34.9779],[136.9233,34.9765],[136.9233,34.9759]]]},"properties":{"N03_001":"愛知県","N03_002":"","N03_003":"","N03_004":"大府市","N03_007":"23223"}},
{"type":"Feature","geometry":{"type":"Polygon","coordinates":[[[136.8133,34.9535],[136.8192,34.9503],[136.8203,34.9498],[136.8208,34.9504],[136.8199,34.9508],[136.8207,34.9518],[136.8217,34.9525],[136.8227,34.9529],[136.8231,34.9532],[136.8257,34.9605],[136.8253,34.9608],[136.8244,34.9598],[136.8243,34.9597],[136.8216,34.9612],[136.8226,34.9623],[136.8193,34.9642],[136.8187,34.9643],[136.811,34.9548],[136.8133,34.9535]]]},"properties":{"N03_001":"愛知県","N03_002":"","N03_003":"","N03_004":"知多市","N03_007":"23224"}},
{"type":"Feature","geometry":{"type":"Polygon","coordinates":[[[137.0458,34.9806],[137.0476,34.9806],[137.0477,34.9802],[137.0483,34.9801],[137.0484,34.9791],[137.0504,34.9793],[137.0529,34.9803],[137.0546,34.9809],[137.0567,34.9809],[137.06,34.9801],[137.0604,34.9799],[137.0626,34.9801],[137.0624,34.9812],[137.0631,34.9813],[137.0651,34.9823],[137.0653,34.9827],[137.064,34.9847],[137.0657,34.9848],[137.0665,34.985],[137.069,34.9853],[137.0703,34.9854],[137.0708,34.9852],[137.0715,34.9858],[137.0724,34.986],[137.0718,34.9875],[137.0715,34.9887],[137.0712,34.9889],[137.0715,34.9894],[137.0709,34.9897],[137.0707,34.9905],[137.0706,34.9919],[137.0713,34.9918],[137.072,34.9934],[137.0705,34.9942],[137.0707,34.9947],[137.0701,34.9954],[137.0701,34.9973],[137.0714,34.998],[137.0715,34.9984],[137.0734,34.9992],[137.0739,34.9992],[137.0753,34.9991],[137.0768,34.9997],[137.078,34.9998],[137.078,35.0003],[137.0789,35.0005],[137.0789,35.003],[137.0793,35.0033],[137.0808,35.0034],[137.0813,35.0028],[137.0817,35.0034],[137.0821,35.0034],[137.0831,35.0045],[137.084,35.0048],[137.0848,35.0056],[137.086,35.0077],[137.0851,35.0082],[137.0859,35.009],[137.0859,35.0093],[137.0851,35.0098],[137.0844,35.0092],[137.0828,35.0084],[137.0816,35.008],[137.0801,35.0078],[137.079,35.0078],[137.0777,35.0081],[137.0762,35.01],[137.0757,35.0107],[137.0747,35.0111],[137.0748,35.0122],[137.0737,35.0131],[137.0745,35.014],[137.0751,35.0142],[137.0751,35.0146],[137.0744,35.0146],[137.0747,35.0152],[137.0747,35.0159],[137.0754,35.0168],[137.0747,35.0173],[137.0743,35.0174],[137.0736,35.018],[137.0728,35.0178],[137.0724,35.0173],[137.0716,35.0166],[137.0706,35.0157],[137.0691,35.0142],[137.069,35.0139],[137.0692,35.0131],[137.0692,35.0124],[137.069,35.0122],[137.0679,35.0125],[137.067,35.012],[137.0663,35.0112],[137.0655,35.0112],[137.0652,35.0106],[137.0646,35.0102],[137.064,35.0103],[137.0632,35.01],[137.0629,35.0105],[137.0623,35.0102],[137.0625,35.0096],[137.0619,35.0096],[137.061,35.0101],[137.0603,35.0107],[137.0603,35.0113],[137.0591,35.0122],[137.0585,35.0126],[137.0573,35.0128],[137.056,35.0129],[137.0536,35.0133],[137.0534,35.0125],[137.0522,35.0111],[137.0506,35.011],[137.0492,35.011],[137.0481,35.0109],[137.0481,35.0112],[137.0485,35.0117],[137.0501,35.0124],[137.0506,35.0128],[137.0506,35.0135],[137.0489,35.0139],[137.0479,35.0143],[137.0472,35.015],[137.0469,35.0157],[137.0462,35.0164],[137.0446,35.0173],[137.0447,35.0177],[137.0447,35.02],[137.0436,35.0202],[137.0411,35.0211],[137.0397,35.0218],[137.037,35.0205],[137.0364,35.0201],[137.0352,35.0196],[137.0338,35.0193],[137.0337,35.0187],[137.0355,35.0169],[137.0359,35.0162],[137.036,35.0158],[137.0355,35.015],[137.0366,35.0146],[137.0366,35.0139],[137.0364,35.0135],[137.0347,35.0129],[137.034,35.0122],[137.0329,35.0111],[137.0316,35.011],[137.0313,35.0107],[137.0308,35.0099],[137.0319,35.0094],[137.0302,35.0072],[137.0292,35.0066],[137.0267,35.0061],[137.0245,35.006],[137.0231,35.006],[137.0232,35.0054],[137.0207,35.0056],[137.0178,35.0059],[137.017,35.006],[137.0164,35.0056],[137.017,35.0049],[137.0179,35.005],[137.0188,35.0038],[137.0189,35.0033],[137.0184,35.0027],[137.0193,35.0021],[137.0194,35.0018],[137.0188,35.0004],[137.0185,34.9985],[137.0186,34.9976],[137.0189,34.9974],[137.0191,34.9968],[137.0195,34.9958],[137.0191,34.9951],[137.0193,34.9947],[137.02,34.9942],[137.0208,34.993],[137.0214,34.9933],[137.0228,34.994],[137.0235,34.9939],[137.0239,34.9935],[137.0241,34.993],[137.0246,34.9919],[137.0258,34.9909],[137.0267,34.9916],[137.027,34.9913],[137.026,34.9905],[137.0265,34.9901],[137.0254,34.9895],[137.0246,34.989],[137.0236,34.9889],[137.022,34.9875],[137.021,34.9868],[137.0217,34.9868],[137.023,34.9863],[137.024,34.9866],[137.0246,34.987],[137.0255,34.9871],[137.0268,34.9868],[137.0285,34.9861],[137.0285,34.9858],[137.0295,34.9857],[137.0298,34.9859],[137.0308,34.986],[137.031,34.9862],[137.0323,34.9861],[137.0341,34.9859],[137.0343,34.9865],[137.0367,34.9858],[137.0383,34.9853],[137.0379,34.9848],[137.0393,34.9842],[137.0403,34.9834],[137.0409,34.9837],[137.0413,34.9836],[137.0426,34.9827],[137.0423,34.9823],[137.0439,34.9812],[137.0443,34.9813],[137.0449,34.9808],[137.0458,34.9806]]]},"properties":{"N03_001":"愛知県","N03_002":"","N03_003":"","N03_004":"知立市","N03_007":"23225"}},
{"type":"Feature","geometry":{"type":"Polygon","coordinates":[[[137.0599,35.2463],[137.0585,35.2463],[137.0567,35.246],[137.0559,35.2451],[137.0557,35.2444],[137.0546,35.2437],[137.0532,35.2436],[137.052,35.2431],[137.052,35.2426],[137.0515,35.2424],[137.0511,35.2417],[137.0509,35.2408],[137.051,35.2405],[137.0518,35.2399],[137.0521,35.239],[137.0513,35.2385],[137.0496,35.2386],[137.0493,35.2378],[137.0469,35.2382],[137.0462,35.2384],[137.0455,35.239],[137.0449,35.2397],[137.0443,35.2409],[137.0438,35.2415],[137.0414,35.2408],[137.0403,35.2403],[137.0391,35.2381],[137.0384,35.2376],[137.0372,35.2374],[137.0366,35.2379],[137.0352,35.2382],[137.0345,35.238],[137.034,35.2371],[137.0331,35.2364],[137.0323,35.2355],[137.0313,35.2351],[137.0308,35.2346],[137.029,35.2346],[137.0257,35.2342],[137.0247,35.233],[137.0241,35.2323],[137.0222,35.2312],[137.0195,35.2313],[137.0182,35.2297],[137.016,35.2279],[137.0155,35.2272],[137.0148,35.226],[137.0143,35.2257],[137.014,35.225],[137.0132,35.2245],[137.0127,35.2236],[137.0116,35.2221],[137.0109,35.2212],[137.0098,35.2205],[137.0087,35.2199],[137.0067,35.2192],[137.0064,35.2188],[137.0056,35.2182],[137.0051,35.2175],[137.0051,35.2172],[137.0048,35.2164],[137.005,35.2155],[137.0049,35.2153],[137.0041,35.2143],[137.0048,35.2139],[137.0041,35.2124],[137.0037,35.2123],[137.0028,35.211],[137.0016,35.2096],[137.0015,35.2093],[137.0042,35.2093],[137.0046,35.2095],[137.0063,35.2096],[137.0063,35.21],[137.0085,35.2101],[137.0089,35.2091],[137.0078,35.2084],[137.0062,35.2068],[137.0056,35.2063],[137.0057,35.2061],[137.0072,35.2062],[137.008,35.2065],[137.0092,35.2064],[137.0097,35.2061],[137.0097,35.2038],[137.0105,35.2038],[137.011,35.2031],[137.0133,35.201],[137.0133,35.2003],[137.0138,35.2],[137.0144,35.2007],[137.0147,35.2006],[137.0148,35.2],[137.0144,35.1989],[137.0136,35.1994],[137.0127,35.1992],[137.0123,35.1993],[137.0122,35.1987],[137.0121,35.1963],[137.0119,35.195],[137.0136,35.1946],[137.0144,35.1947],[137.0168,35.1946],[137.0169,35.1941],[137.0184,35.1939],[137.019,35.1937],[137.0202,35.1939],[137.0209,35.1948],[137.0234,35.1957],[137.0233,35.1965],[137.0223,35.1968],[137.0209,35.197],[137.0197,35.1977],[137.0198,35.1985],[137.0215,35.1997],[137.0224,35.2009],[137.023,35.2013],[137.0252,35.2017],[137.0257,35.2019],[137.0259,35.2013],[137.0257,35.2007],[137.0261,35.2001],[137.026,35.1992],[137.0262,35.1986],[137.0256,35.1979],[137.0251,35.1976],[137.024,35.1976],[137.023,35.1973],[137.0227,35.197],[137.0236,35.1966],[137.0237,35.1959],[137.024,35.1958],[137.0243,35.1951],[137.0251,35.1953],[137.025,35.1957],[137.0282,35.1967],[137.0301,35.1972],[137.0314,35.1944],[137.03,35.1939],[137.0294,35.1946],[137.0255,35.1934],[137.0258,35.1925],[137.0269,35.1926],[137.0314,35.192],[137.0323,35.1918],[137.0326,35.1922],[137.0343,35.1926],[137.0347,35.1924],[137.0359,35.1925],[137.0367,35.1922],[137.038,35.1918],[137.0386,35.1916],[137.0395,35.1918],[137.0406,35.1923],[137.0419,35.1926],[137.0426,35.1925],[137.0434,35.1915],[137.0435,35.1912],[137.0449,35.1915],[137.0457,35.1918],[137.0462,35.1926],[137.0466,35.1937],[137.0473,35.194],[137.0495,35.1945],[137.0498,35.1947],[137.0486,35.1974],[137.0507,35.198],[137.0496,35.2006],[137.0498,35.2007],[137.0497,35.2016],[137.0491,35.2027],[137.051,35.2038],[137.0517,35.2041],[137.0522,35.2045],[137.0527,35.2052],[137.0536,35.2059],[137.057,35.208],[137.0578,35.2084],[137.06,35.2091],[137.0604,35.209],[137.0622,35.2084],[137.0627,35.2091],[137.0635,35.2094],[137.0636,35.2097],[137.0644,35.2102],[137.0649,35.2114],[137.0652,35.2118],[137.0658,35.2119],[137.0678,35.2138],[137.0682,35.2142],[137.0673,35.2151],[137.0668,35.2156],[137.0658,35.2158],[137.0653,35.2151],[137.0641,35.2148],[137.0632,35.2148],[137.0626,35.2145],[137.0622,35.2141],[137.0617,35.2133],[137.0609,35.2136],[137.0608,35.2144],[137.0596,35.2145],[137.0596,35.2156],[137.06,35.2159],[137.0589,35.2176],[137.0586,35.2183],[137.0581,35.2186],[137.0587,35.2189],[137.0583,35.2195],[137.0577,35.2207],[137.0573,35.2218],[137.0581,35.2227],[137.0577,35.2237],[137.0578,35.225],[137.0592,35.2259],[137.0602,35.2273],[137.0609,35.2287],[137.0614,35.2291],[137.0618,35.2298],[137.0618,35.231],[137.0627,35.2316],[137.0631,35.2326],[137.064,35.2329],[137.064,35.2333],[137.0644,35.2337],[137.065,35.2337],[137.0653,35.2342],[137.0651,35.235],[137.0656,35.2359],[137.0658,35.2365],[137.0658,35.2381],[137.0658,35.2389],[137.0652,35.24],[137.0644,35.2407],[137.0623,35.2425],[137.0617,35.2433],[137.0614,35.2443],[137.0601,35.2448],[137.0599,35.2454],[137.0599,35.2463]]]},"properties":{"N03_001":"愛知県","N03_002":"","N03_003":"","N03_004":"尾張旭市","N03_007":"23226"}},
{"type":"Feature","geometry":{"type":"Polygon","coordinates":[[[136.9776,34.9073],[136.9778,34.9073],[136.9781,34.9073],[136.979,34.9074],[136.9799,34.9074],[136.98,34.9074],[136.9802,34.9074],[136.9806,34.9074],[136.9808,34.9074],[136.981,34.9074],[136.9813,34.9074],[136.9816,34.9074],[136.9818,34.9074],[136.9818,34.9076],[136.9824,34.9076],[136.9825,34.9076],[136.9826,34.9076],[136.9827,34.9076],[136.9828,34.9076],[136.983,34.9076],[136.9831,34.9075],[136.9833,34.9077],[136.9835,34.9078],[136.9837,34.9079],[136.984,34.908],[136.9843,34.908],[136.9846,34.9082],[136.9849,34.9083],[136.9851,34.9084],[136.9853,34.9085],[136.9855,34.9086],[136.9855,34.9087],[136.9855,34.9089],[136.9854,34.9092],[136.9859,34.9094],[136.9862,34.9096],[136.9866,34.9098],[136.9868,34.9099],[136.9869,34.9099],[136.9875,34.9102],[136.9877,34.9103],[136.9882,34.9105],[136.9884,34.9106],[136.9888,34.9108],[136.9891,34.9109],[136.9892,34.911],[136.9893,34.911],[136.9894,34.911],[136.9896,34.9111],[136.9898,34.9111],[136.9899,34.9112],[136.99,34.9112],[136.9902,34.9113],[136.9903,34.9113],[136.9905,34.9114],[136.9907,34.9114],[136.9908,34.9115],[136.9911,34.9115],[136.9912,34.9116],[136.9912,34.9118],[136.9913,34.9119],[136.9914,34.9119],[136.9916,34.912],[136.9917,34.9121],[136.9918,34.9121],[136.9919,34.9122],[136.9921,34.9123],[136.9923,34.9124],[136.9924,34.9125],[136.9926,34.9126],[136.9929,34.9127],[136.9931,34.9129],[136.9932,34.9129],[136.9933,34.9129],[136.9935,34.9131],[136.9936,34.9132],[136.9938,34.9133],[136.9942,34.9135],[136.9944,34.9136],[136.9946,34.9137],[136.9948,34.9138],[136.995,34.9139],[136.9952,34.9141],[136.9953,34.9141],[136.9954,34.9142],[136.9956,34.9142],[136.9963,34.9145],[136.9964,34.9145],[136.9965,34.9146],[136.9966,34.9146],[136.997,34.9152],[136.9971,34.9153],[136.9973,34.9154],[136.9975,34.9155],[136.9976,34.9156],[136.9979,34.9157],[136.998,34.9157],[136.998,34.9158],[136.9981,34.9159],[136.9982,34.9161],[136.9982,34.9162],[136.9983,34.9162],[136.9984,34.9164],[136.9985,34.9165],[136.9987,34.9165],[136.9991,34.9163],[136.9993,34.9162],[136.9994,34.9161],[136.9996,34.916],[136.9998,34.9158],[137,34.9156],[137,34.9157],[137.0002,34.9158],[137.0003,34.9157],[137.0005,34.9156],[137.0009,34.9153],[137.0012,34.915],[137.0015,34.9147],[137.0016,34.9147],[137.0018,34.9148],[137.002,34.9149],[137.0021,34.915],[137.0023,34.9151],[137.0023,34.9152],[137.0024,34.9152],[137.0025,34.9153],[137.0027,34.9154],[137.0028,34.9155],[137.0029,34.9155],[137.003,34.9156],[137.0032,34.9157],[137.0035,34.916],[137.0037,34.9162],[137.004,34.9164],[137.0042,34.9166],[137.0043,34.9166],[137.0044,34.9167],[137.0048,34.917],[137.0051,34.9171],[137.0053,34.9174],[137.0057,34.9178],[137.0058,34.9178],[137.0059,34.9179],[137.0059,34.918],[137.0064,34.9185],[137.0066,34.9186],[137.0068,34.9188],[137.0072,34.9191],[137.0076,34.9194],[137.0078,34.9196],[137.0082,34.9199],[137.0083,34.92],[137.0084,34.9201],[137.0088,34.9204],[137.009,34.9206],[137.0091,34.9207],[137.0093,34.9208],[137.0095,34.921],[137.0098,34.9214],[137.0102,34.9217],[137.0104,34.9219],[137.0105,34.9219],[137.0107,34.9221],[137.0109,34.9223],[137.0111,34.9224],[137.0113,34.9226],[137.0114,34.9227],[137.0122,34.9232],[137.0125,34.9234],[137.013,34.9238],[137.0132,34.9239],[137.0134,34.924],[137.0136,34.9242],[137.014,34.9245],[137.0141,34.9246],[137.0144,34.9248],[137.0146,34.925],[137.0149,34.9252],[137.0151,34.9253],[137.0152,34.9254],[137.0153,34.9255],[137.0154,34.9256],[137.0162,34.9261],[137.0163,34.9262],[137.0165,34.9263],[137.0164,34.9265],[137.0166,34.9266],[137.0167,34.9266],[137.0167,34.9267],[137.0172,34.9269],[137.0173,34.927],[137.0175,34.9271],[137.0179,34.9274],[137.0182,34.9275],[137.0183,34.9276],[137.0186,34.9278],[137.019,34.928],[137.0191,34.9281],[137.0192,34.9282],[137.0199,34.9287],[137.02,34.9287],[137.0201,34.9287],[137.0209,34.9292],[137.0211,34.9294],[137.0213,34.9295],[137.0214,34.9296],[137.0215,34.9297],[137.0216,34.9298],[137.0221,34.9302],[137.0222,34.9302],[137.0224,34.9303],[137.0225,34.9305],[137.0234,34.9312],[137.0235,34.9312],[137.0235,34.9313],[137.0237,34.9314],[137.0239,34.9315],[137.0242,34.9317],[137.0219,34.931],[137.0201,34.9302],[137.0199,34.9303],[137.0201,34.9311],[137.0182,34.9316],[137.0172,34.931],[137.0169,34.9311],[137.0158,34.9334],[137.0151,34.9339],[137.0121,34.9357],[137.0118,34.9362],[137.0117,34.9381],[137.0121,34.9391],[137.0126,34.9396],[137.0126,34.9414],[137.0124,34.9418],[137.0126,34.9425],[137.0124,34.9442],[137.0114,34.9452],[137.0102,34.9462],[137.0107,34.9467],[137.0105,34.9474],[137.0101,34.9473],[137.0093,34.9483],[137.0093,34.9486],[137.0078,34.9483],[137.0076,34.9487],[137.0069,34.9487],[137.0064,34.9482],[137.0032,34.9506],[137.0003,34.9518],[137.0003,34.9523],[137.0008,34.953],[137,34.9538],[137,34.9543],[136.9994,34.9546],[136.9975,34.9552],[136.997,34.9552],[136.9967,34.9549],[136.996,34.955],[136.9959,34.9555],[136.9951,34.956],[136.9944,34.9561],[136.9935,34.9562],[136.9927,34.9564],[136.9921,34.9575],[136.9915,34.9576],[136.9844,34.9562],[136.9833,34.956],[136.9832,34.9558],[136.9841,34.9557],[136.9836,34.9533],[136.9834,34.9518],[136.9864,34.952],[136.9863,34.9515],[136.9854,34.9497],[136.9846,34.9477],[136.9839,34.9478],[136.9838,34.9475],[136.9844,34.9472],[136.9833,34.9444],[136.9829,34.9441],[136.9816,34.9442],[136.981,34.9419],[136.9807,34.9412],[136.9807,34.9403],[136.9808,34.9401],[136.9799,34.9372],[136.9795,34.9358],[136.9793,34.9345],[136.9794,34.9333],[136.9799,34.9325],[136.9806,34.9313],[136.9821,34.9294],[136.9817,34.9284],[136.9804,34.9247],[136.9786,34.9248],[136.9782,34.9208],[136.9792,34.9207],[136.9788,34.9168],[136.979,34.9158],[136.9778,34.915],[136.9777,34.9091],[136.9774,34.9091],[136.9774,34.9077],[136.9776,34.9073]]]},"properties":{"N03_001":"愛知県","N03_002":"","N03_003":"","N03_004":"高浜市","N03_007":"23227"}},
{"type":"Feature","geometry":{"type":"Polygon","coordinates":[[[136.8773,35.3023],[136.8768,35.3018],[136.8758,35.3003],[136.8745,35.2992],[136.874,35.2987],[136.8729,35.298],[136.8727,35.2977],[136.8712,35.2975],[136.8704,35.2978],[136.8691,35.2979],[136.8668,35.2978],[136.8663,35.2975],[136.8658,35.2968],[136.8651,35.2966],[136.8649,35.2937],[136.8646,35.2922],[136.8645,35.291],[136.8644,35.2906],[136.8625,35.2889],[136.8613,35.2862],[136.8602,35.2844],[136.8598,35.283],[136.86,35.2829],[136.86,35.2812],[136.859,35.2811],[136.8564,35.2811],[136.8564,35.2798],[136.8544,35.2798],[136.8517,35.2797],[136.849,35.2798],[136.8491,35.2779],[136.8486,35.2776],[136.8482,35.2776],[136.8469,35.2763],[136.8468,35.2759],[136.8466,35.2746],[136.843,35.2745],[136.8431,35.2736],[136.8433,35.2728],[136.8436,35.2728],[136.8436,35.2719],[136.8438,35.2712],[136.8443,35.2707],[136.8456,35.2699],[136.8459,35.2695],[136.8465,35.2693],[136.8461,35.2676],[136.8468,35.2673],[136.8469,35.2661],[136.8478,35.2662],[136.8499,35.2665],[136.8508,35.2668],[136.8517,35.2669],[136.8515,35.2663],[136.8498,35.2663],[136.85,35.2655],[136.851,35.2654],[136.8507,35.2647],[136.8514,35.2647],[136.8516,35.2655],[136.8522,35.2657],[136.8522,35.2644],[136.8532,35.2641],[136.8543,35.2639],[136.8557,35.2645],[136.8562,35.2645],[136.858,35.2643],[136.8586,35.2643],[136.8601,35.2649],[136.8608,35.2648],[136.8621,35.2641],[136.8633,35.2639],[136.8647,35.2628],[136.8657,35.2621],[136.8653,35.2618],[136.8645,35.2617],[136.8644,35.2613],[136.8652,35.2611],[136.8665,35.2619],[136.8675,35.2616],[136.8687,35.261],[136.8696,35.2599],[136.8703,35.2593],[136.8709,35.2589],[136.8716,35.259],[136.873,35.2585],[136.8744,35.2584],[136.8749,35.2587],[136.8759,35.2605],[136.8772,35.2622],[136.8779,35.2634],[136.8797,35.2658],[136.8803,35.2665],[136.8807,35.2666],[136.8815,35.2676],[136.8818,35.2685],[136.8826,35.269],[136.8831,35.2697],[136.8828,35.2701],[136.8839,35.2727],[136.8846,35.2745],[136.885,35.2752],[136.8853,35.2786],[136.8855,35.2786],[136.8857,35.2817],[136.8858,35.2833],[136.8856,35.2843],[136.8854,35.2849],[136.8846,35.2856],[136.8834,35.2881],[136.8831,35.2895],[136.8831,35.291],[136.8834,35.2935],[136.8838,35.2944],[136.8835,35.2946],[136.8834,35.2955],[136.884,35.297],[136.8839,35.298],[136.8841,35.2988],[136.884,35.2994],[136.8836,35.2991],[136.8828,35.2993],[136.8826,35.2996],[136.8818,35.2995],[136.8812,35.2999],[136.8811,35.3003],[136.8805,35.3007],[136.8792,35.3008],[136.8793,35.3013],[136.8777,35.302],[136.8773,35.3023]]]},"properties":{"N03_001":"愛知県","N03_002":"","N03_003":"","N03_004":"岩倉市","N03_007":"23228"}},
{"type":"Feature","geometry":{"type":"Polygon","coordinates":[[[136.9739,35.049],[136.9751,35.0483],[136.9762,35.0478],[136.9766,35.0475],[136.9778,35.0462],[136.9784,35.046],[136.9799,35.0457],[136.9811,35.045],[136.9822,35.0439],[136.9833,35.0443],[136.9838,35.0442],[136.9843,35.0435],[136.9845,35.0428],[136.9857,35.0424],[136.9863,35.0421],[136.9872,35.042],[136.9891,35.0416],[136.989,35.0408],[136.9883,35.0398],[136.9883,35.0393],[136.9874,35.038],[136.9899,35.0366],[136.9904,35.0366],[136.9916,35.0359],[136.9916,35.0367],[136.9909,35.0371],[136.9907,35.0374],[136.991,35.0378],[136.9915,35.0378],[136.9921,35.0385],[136.9933,35.0384],[136.9951,35.0392],[136.9961,35.0393],[136.997,35.0389],[136.9973,35.0385],[136.9969,35.0379],[136.9967,35.037],[136.997,35.0366],[136.9979,35.0364],[136.9979,35.0352],[136.9991,35.0352],[136.9991,35.0318],[136.9996,35.0318],[136.9995,35.0296],[137.0011,35.0295],[137.0011,35.0281],[137.0009,35.0278],[137.0017,35.027],[137.0029,35.028],[137.0033,35.0287],[137.0035,35.0302],[137.0037,35.031],[137.0046,35.0326],[137.0053,35.0335],[137.0064,35.034],[137.0069,35.0341],[137.009,35.035],[137.0104,35.0358],[137.012,35.0373],[137.0133,35.0378],[137.0152,35.0384],[137.0161,35.0389],[137.0172,35.0397],[137.0183,35.0416],[137.0197,35.0426],[137.0214,35.044],[137.0221,35.0449],[137.0226,35.0462],[137.0253,35.0495],[137.0265,35.0503],[137.0281,35.0517],[137.0297,35.0526],[137.0306,35.0528],[137.0315,35.0528],[137.0331,35.053],[137.0339,35.0532],[137.0348,35.0536],[137.0353,35.0541],[137.0354,35.0547],[137.0358,35.0559],[137.0363,35.0568],[137.0368,35.0572],[137.0385,35.0582],[137.0408,35.0605],[137.0415,35.0613],[137.0424,35.0618],[137.0427,35.0625],[137.0426,35.0633],[137.0424,35.0643],[137.0417,35.0649],[137.0415,35.0661],[137.0423,35.0673],[137.0429,35.0679],[137.0426,35.0685],[137.0426,35.0693],[137.0429,35.0699],[137.043,35.0707],[137.0426,35.0715],[137.0417,35.0717],[137.0412,35.072],[137.0411,35.0726],[137.0422,35.0732],[137.0428,35.0739],[137.0426,35.0745],[137.042,35.0748],[137.0414,35.0746],[137.0406,35.0751],[137.0407,35.0755],[137.0403,35.0759],[137.0405,35.0763],[137.0413,35.0769],[137.0409,35.0782],[137.0412,35.0789],[137.0412,35.0793],[137.0407,35.0796],[137.0394,35.0796],[137.0371,35.0808],[137.0367,35.0818],[137.0366,35.0825],[137.0362,35.0829],[137.0355,35.0839],[137.035,35.0841],[137.0338,35.0842],[137.0332,35.0845],[137.0331,35.0848],[137.0321,35.0849],[137.0306,35.0844],[137.0301,35.0846],[137.0295,35.0841],[137.029,35.0842],[137.0289,35.085],[137.0274,35.0853],[137.0273,35.0864],[137.027,35.0871],[137.0272,35.0887],[137.0274,35.0892],[137.0273,35.0898],[137.0283,35.0907],[137.0276,35.0912],[137.0269,35.0908],[137.0265,35.0902],[137.0257,35.0897],[137.0255,35.09],[137.0247,35.0895],[137.0238,35.0894],[137.0236,35.0897],[137.0229,35.0893],[137.0215,35.0912],[137.0209,35.0911],[137.021,35.0932],[137.0208,35.094],[137.02,35.095],[137.0198,35.0952],[137.0192,35.0948],[137.0188,35.0947],[137.0188,35.0956],[137.0174,35.0944],[137.0164,35.0942],[137.0171,35.0927],[137.0175,35.0926],[137.0175,35.0921],[137.0168,35.0902],[137.0163,35.09],[137.0156,35.0881],[137.0157,35.0875],[137.015,35.0873],[137.0147,35.0866],[137.0138,35.086],[137.0136,35.0856],[137.013,35.0852],[137.0121,35.0851],[137.0121,35.0845],[137.0133,35.0839],[137.0134,35.0836],[137.0131,35.0829],[137.0131,35.0819],[137.0127,35.0817],[137.0121,35.0822],[137.0117,35.0819],[137.0117,35.0811],[137.0105,35.0812],[137.0097,35.0806],[137.01,35.0803],[137.0112,35.0797],[137.0112,35.0793],[137.0109,35.0786],[137.0108,35.0781],[137.0101,35.0768],[137.0096,35.0753],[137.0087,35.0746],[137.0083,35.0744],[137.0076,35.0745],[137.0071,35.0735],[137.0059,35.0725],[137.0047,35.072],[137.0042,35.072],[137.0027,35.0722],[137.0016,35.0724],[136.9999,35.0731],[136.9991,35.0729],[136.9989,35.0732],[136.9989,35.0739],[136.9987,35.0743],[136.9981,35.0742],[136.9977,35.0735],[136.9973,35.0735],[136.9973,35.073],[136.9968,35.0729],[136.9965,35.0723],[136.9962,35.0721],[136.9947,35.0718],[136.993,35.0723],[136.9915,35.0729],[136.9902,35.0726],[136.9895,35.0731],[136.9884,35.0737],[136.9877,35.0726],[136.9875,35.0709],[136.9876,35.0695],[136.9872,35.0687],[136.9874,35.0676],[136.9866,35.0665],[136.9857,35.0663],[136.9857,35.0659],[136.9854,35.0637],[136.9856,35.0629],[136.9853,35.0628],[136.9852,35.062],[136.9855,35.0616],[136.9859,35.061],[136.9853,35.0605],[136.9843,35.0613],[136.9829,35.0613],[136.9824,35.0611],[136.981,35.0611],[136.9802,35.0615],[136.9793,35.0613],[136.9785,35.0614],[136.976,35.0623],[136.9747,35.0631],[136.9744,35.0629],[136.9748,35.0623],[136.9757,35.0619],[136.9759,35.0615],[136.9753,35.061],[136.9745,35.0601],[136.9732,35.0582],[136.9731,35.0578],[136.9724,35.0564],[136.9728,35.0562],[136.9728,35.0555],[136.9732,35.0551],[136.9728,35.0544],[136.9734,35.0539],[136.9732,35.0534],[136.9725,35.0534],[136.9726,35.0528],[136.9733,35.0525],[136.9734,35.0521],[136.9748,35.0519],[136.9749,35.0513],[136.9752,35.0512],[136.9753,35.0504],[136.9749,35.05],[136.975,35.0495],[136.9739,35.049]]]},"properties":{"N03_001":"愛知県","N03_002":"","N03_003":"","N03_004":"豊明市","N03_007":"23229"}},
{"type":"Feature","geometry":{"type":"Polygon","coordinates":[[[137.01,35.1368],[137.0093,35.1363],[137.0079,35.1367],[137.007,35.1365],[137.007,35.1358],[137.0079,35.1345],[137.008,35.1338],[137.0083,35.1337],[137.0082,35.133],[137.0082,35.1312],[137.0077,35.1309],[137.0066,35.1307],[137.006,35.1312],[137.0046,35.1312],[137.0032,35.1307],[137.0023,35.1305],[137.0007,35.1305],[137.0001,35.13],[137.0007,35.1295],[137.0018,35.129],[137.0033,35.1284],[137.0041,35.1279],[137.0044,35.1275],[137.0055,35.126],[137.0064,35.1256],[137.0066,35.1252],[137.0077,35.1243],[137.0083,35.1238],[137.009,35.1227],[137.0099,35.1219],[137.0103,35.1213],[137.0106,35.1206],[137.0116,35.1195],[137.0132,35.1182],[137.0136,35.1179],[137.0145,35.117],[137.0153,35.1153],[137.0161,35.1145],[137.0168,35.1136],[137.017,35.1127],[137.0182,35.1126],[137.0188,35.1122],[137.019,35.1112],[137.0197,35.1103],[137.02,35.1096],[137.0211,35.1098],[137.0234,35.1089],[137.024,35.1079],[137.0256,35.1084],[137.0272,35.1088],[137.0281,35.1103],[137.0286,35.1111],[137.0295,35.1113],[137.0308,35.1123],[137.0315,35.1123],[137.0321,35.1127],[137.0313,35.1138],[137.0329,35.1127],[137.034,35.1122],[137.0356,35.1113],[137.0367,35.1112],[137.0382,35.1099],[137.0394,35.1087],[137.0398,35.1086],[137.0409,35.1095],[137.0417,35.11],[137.0422,35.1107],[137.0429,35.1113],[137.042,35.1115],[137.0421,35.1117],[137.043,35.1117],[137.0448,35.1124],[137.0447,35.1135],[137.0448,35.1136],[137.0457,35.1137],[137.0462,35.1139],[137.0467,35.1137],[137.0468,35.1134],[137.0477,35.1135],[137.0481,35.1128],[137.0484,35.112],[137.0495,35.112],[137.0501,35.1122],[137.0517,35.1134],[137.0522,35.1141],[137.0527,35.1151],[137.0531,35.1158],[137.0535,35.1161],[137.0561,35.1159],[137.0569,35.116],[137.0573,35.1157],[137.0592,35.1152],[137.0606,35.1151],[137.0612,35.1156],[137.0627,35.116],[137.0622,35.1185],[137.0622,35.1191],[137.0629,35.1194],[137.0643,35.1195],[137.066,35.1202],[137.0667,35.1208],[137.0677,35.1211],[137.0699,35.1213],[137.0714,35.1211],[137.0717,35.1208],[137.0724,35.1207],[137.0728,35.1203],[137.0738,35.1196],[137.0754,35.1193],[137.0773,35.1195],[137.0784,35.1199],[137.0791,35.1199],[137.0806,35.1208],[137.0813,35.1211],[137.0818,35.1218],[137.0823,35.1222],[137.0825,35.1231],[137.0831,35.1234],[137.0835,35.1242],[137.0841,35.1243],[137.0845,35.1253],[137.0844,35.1255],[137.0847,35.1276],[137.086,35.1281],[137.0874,35.1277],[137.0886,35.1284],[137.0891,35.129],[137.0894,35.1298],[137.0897,35.1299],[137.0912,35.1299],[137.0914,35.1303],[137.0912,35.1312],[137.0907,35.1323],[137.0897,35.1328],[137.0892,35.1333],[137.0876,35.1351],[137.0871,35.1355],[137.0868,35.1375],[137.087,35.1379],[137.0875,35.138],[137.0881,35.1392],[137.089,35.1396],[137.0898,35.1401],[137.0906,35.141],[137.091,35.1412],[137.0921,35.1409],[137.0926,35.1416],[137.0928,35.1424],[137.0932,35.1427],[137.0941,35.143],[137.0947,35.1439],[137.0958,35.1447],[137.0961,35.1447],[137.0975,35.1447],[137.0976,35.1453],[137.0982,35.1457],[137.0986,35.1463],[137.0987,35.1476],[137.0986,35.1485],[137.0984,35.1495],[137.0977,35.1503],[137.0981,35.1508],[137.0984,35.1517],[137.0981,35.152],[137.098,35.1525],[137.0974,35.1538],[137.0974,35.1547],[137.0976,35.1549],[137.0977,35.1555],[137.0975,35.1559],[137.0968,35.1564],[137.0961,35.1572],[137.0949,35.1578],[137.0922,35.1579],[137.091,35.1574],[137.0904,35.1574],[137.0896,35.1572],[137.0881,35.1572],[137.0875,35.1575],[137.087,35.158],[137.0864,35.1579],[137.0852,35.1582],[137.0848,35.1582],[137.0843,35.1574],[137.0836,35.1575],[137.0832,35.1581],[137.0826,35.1587],[137.0815,35.159],[137.0806,35.1586],[137.0793,35.1585],[137.0782,35.1585],[137.0761,35.1582],[137.0742,35.1583],[137.0725,35.1588],[137.0708,35.1589],[137.0702,35.1592],[137.0692,35.1595],[137.0686,35.1599],[137.0676,35.1603],[137.0654,35.1603],[137.0644,35.1606],[137.0641,35.1609],[137.0624,35.1609],[137.0615,35.1613],[137.0609,35.1618],[137.0596,35.1623],[137.0592,35.1624],[137.0586,35.1634],[137.0591,35.1639],[137.0589,35.1645],[137.0583,35.1651],[137.0585,35.1657],[137.059,35.166],[137.0597,35.1678],[137.0591,35.168],[137.0591,35.1689],[137.0584,35.169],[137.0579,35.1688],[137.057,35.1682],[137.0556,35.1677],[137.052,35.1671],[137.051,35.1669],[137.0507,35.1674],[137.0503,35.1674],[137.0499,35.1681],[137.0495,35.1683],[137.0481,35.1678],[137.0469,35.1666],[137.0469,35.1663],[137.0457,35.1647],[137.0451,35.1642],[137.0449,35.1634],[137.0441,35.1629],[137.0436,35.1628],[137.0423,35.1634],[137.0414,35.163],[137.0406,35.1628],[137.0395,35.1609],[137.0385,35.1606],[137.0378,35.1603],[137.0369,35.1605],[137.0361,35.1605],[137.0358,35.1602],[137.0351,35.1591],[137.0345,35.1586],[137.033,35.1575],[137.0328,35.1565],[137.0322,35.1563],[137.0319,35.1559],[137.0318,35.1548],[137.0313,35.1548],[137.0302,35.1556],[137.0295,35.1558],[137.0291,35.1554],[137.0281,35.1553],[137.0277,35.1559],[137.027,35.1562],[137.0262,35.1555],[137.0259,35.1549],[137.0254,35.1547],[137.024,35.1543],[137.0233,35.1542],[137.0224,35.1537],[137.0221,35.1532],[137.0222,35.1517],[137.0222,35.1511],[137.0216,35.1504],[137.0214,35.1495],[137.0208,35.1486],[137.0204,35.1484],[137.0195,35.1484],[137.0186,35.1478],[137.0184,35.147],[137.0208,35.1463],[137.0208,35.1458],[137.0214,35.1455],[137.0214,35.1452],[137.0212,35.1445],[137.0204,35.1436],[137.0199,35.1433],[137.0203,35.1429],[137.0214,35.1436],[137.0222,35.1429],[137.023,35.1414],[137.023,35.1408],[137.0233,35.1398],[137.0226,35.1396],[137.0211,35.139],[137.0208,35.139],[137.0196,35.1384],[137.0181,35.1373],[137.0179,35.1364],[137.017,35.1364],[137.0167,35.137],[137.0161,35.1374],[137.0165,35.1381],[137.017,35.1381],[137.0173,35.1384],[137.0174,35.1391],[137.0165,35.1391],[137.0165,35.1385],[137.0157,35.1375],[137.0152,35.1378],[137.0143,35.1379],[137.0136,35.1382],[137.0127,35.1381],[137.0108,35.1373],[137.01,35.1368]]]},"properties":{"N03_001":"愛知県","N03_002":"","N03_003":"","N03_004":"日進市","N03_007":"23230"}},
{"type":"Feature","geometry":{"type":"MultiPolygon","coordinates":[]},"properties":{"N03_001":"愛知県","N03_002":"","N03_003":"","N03_004":"田原市","N03_007":"23231"}},
{"type":"Feature","geometry":{"type":"Polygon","coordinates":[[[136.6799,35.2282],[136.6802,35.2271],[136.681,35.2238],[136.6816,35.2194],[136.6816,35.2159],[136.682,35.2132],[136.6821,35.2123],[136.6818,35.2091],[136.6819,35.2073],[136.6821,35.2055],[136.6822,35.2051],[136.6833,35.2031],[136.6834,35.2023],[136.6831,35.1998],[136.6823,35.1984],[136.6805,35.1964],[136.6789,35.195],[136.6758,35.1928],[136.6734,35.1907],[136.6729,35.19],[136.6723,35.1888],[136.6721,35.1864],[136.6716,35.1828],[136.6714,35.1804],[136.6713,35.1777],[136.671,35.1745],[136.6711,35.1734],[136.672,35.1699],[136.6729,35.1656],[136.6739,35.1602],[136.6743,35.158],[136.6746,35.1546],[136.6745,35.1533],[136.6743,35.1525],[136.6724,35.1472],[136.6718,35.1455],[136.6713,35.1434],[136.6711,35.1421],[136.671,35.141],[136.6712,35.1398],[136.6718,35.1375],[136.6722,35.1361],[136.6728,35.1348],[136.675,35.1314],[136.6764,35.1289],[136.6777,35.1286],[136.6799,35.1284],[136.6803,35.1285],[136.6811,35.1284],[136.6859,35.1268],[136.6875,35.1261],[136.6906,35.1253],[136.6929,35.1248],[136.6949,35.1247],[136.6952,35.1246],[136.6975,35.1224],[136.6999,35.1203],[136.7019,35.1181],[136.7067,35.1207],[136.7062,35.122],[136.7061,35.1229],[136.7055,35.1236],[136.7045,35.128],[136.7065,35.1281],[136.7076,35.1284],[136.7087,35.1265],[136.7091,35.1266],[136.709,35.1271],[136.7101,35.1271],[136.7116,35.1278],[136.7115,35.1287],[136.7111,35.1287],[136.711,35.1281],[136.7099,35.1283],[136.7103,35.13],[136.7109,35.13],[136.7111,35.1305],[136.7121,35.1304],[136.7122,35.13],[136.7137,35.1299],[136.7139,35.1302],[136.7148,35.1302],[136.7149,35.1309],[136.7147,35.1314],[136.7142,35.1315],[136.7142,35.1319],[136.7146,35.1322],[136.7158,35.132],[136.7164,35.1322],[136.7172,35.1323],[136.718,35.132],[136.7187,35.132],[136.7193,35.1315],[136.7212,35.1311],[136.7208,35.13],[136.7213,35.1299],[136.7211,35.1289],[136.7224,35.1286],[136.7223,35.1281],[136.7251,35.1276],[136.7254,35.1286],[136.7275,35.1282],[136.7283,35.1279],[136.7291,35.128],[136.73,35.1285],[136.7303,35.1294],[136.73,35.1299],[136.7328,35.1295],[136.7327,35.129],[136.7338,35.1277],[136.7342,35.1279],[136.7349,35.1278],[136.7358,35.127],[136.736,35.1265],[136.7367,35.126],[136.7364,35.1257],[136.7376,35.1247],[136.7381,35.1241],[136.7387,35.125],[136.7375,35.1266],[136.7373,35.1271],[136.7378,35.1278],[136.7381,35.1279],[136.7386,35.1285],[136.74,35.1289],[136.7405,35.1287],[136.7431,35.1285],[136.7434,35.1289],[136.7443,35.1291],[136.7436,35.1295],[136.7438,35.13],[136.7442,35.1302],[136.7455,35.1303],[136.7463,35.1302],[136.7464,35.1306],[136.7477,35.1302],[136.7487,35.1297],[136.7491,35.1291],[136.7494,35.1283],[136.7506,35.1269],[136.751,35.1267],[136.7526,35.1284],[136.7534,35.1284],[136.7542,35.1298],[136.7544,35.13],[136.7562,35.1294],[136.7564,35.1283],[136.7561,35.1267],[136.7564,35.1263],[136.7555,35.1242],[136.755,35.1227],[136.7553,35.1201],[136.7554,35.1198],[136.7563,35.1199],[136.7571,35.1186],[136.7585,35.1174],[136.7601,35.1165],[136.7608,35.1162],[136.762,35.1161],[136.7626,35.1162],[136.7639,35.1168],[136.7662,35.1181],[136.7674,35.1184],[136.7685,35.1185],[136.7699,35.1183],[136.7711,35.1198],[136.7712,35.1202],[136.7683,35.1212],[136.7672,35.1214],[136.7665,35.1219],[136.7655,35.1222],[136.7651,35.1222],[136.7647,35.1225],[136.7639,35.1228],[136.7646,35.1232],[136.7644,35.1237],[136.7647,35.1245],[136.7641,35.1263],[136.7644,35.1269],[136.7657,35.127],[136.7661,35.1269],[136.7672,35.1263],[136.7678,35.1254],[136.768,35.1255],[136.7683,35.1244],[136.7685,35.124],[136.7694,35.1242],[136.7711,35.1238],[136.7718,35.1253],[136.7727,35.1259],[136.7727,35.127],[136.7734,35.1276],[136.7735,35.1281],[136.7733,35.1289],[136.7732,35.1299],[136.7728,35.1301],[136.7723,35.1316],[136.7734,35.1315],[136.7733,35.1318],[136.772,35.1318],[136.7716,35.1324],[136.7717,35.1332],[136.7719,35.1346],[136.772,35.1362],[136.7719,35.1364],[136.7709,35.1369],[136.7696,35.1364],[136.7681,35.1361],[136.767,35.1347],[136.766,35.1342],[136.7641,35.1332],[136.7627,35.1327],[136.7624,35.133],[136.7624,35.1335],[136.7619,35.1338],[136.7598,35.1336],[136.7592,35.1363],[136.7589,35.1371],[136.7585,35.137],[136.7579,35.1382],[136.7583,35.1383],[136.7576,35.1396],[136.758,35.1397],[136.7574,35.1413],[136.758,35.1415],[136.7576,35.1424],[136.758,35.1426],[136.7577,35.1432],[136.7587,35.1436],[136.7588,35.144],[136.758,35.1456],[136.7556,35.1449],[136.7551,35.1448],[136.7539,35.1473],[136.7542,35.1476],[136.7537,35.1487],[136.7532,35.1485],[136.7524,35.1488],[136.7523,35.1495],[136.7518,35.1497],[136.7514,35.1497],[136.7512,35.1504],[136.7504,35.1503],[136.7502,35.1516],[136.7494,35.1537],[136.7494,35.1547],[136.7467,35.1556],[136.7464,35.1558],[136.7462,35.1569],[136.7456,35.1575],[136.7457,35.1583],[136.745,35.1589],[136.7439,35.159],[136.7433,35.1586],[136.7425,35.1588],[136.7427,35.1593],[136.7418,35.1595],[136.7417,35.16],[136.7407,35.1606],[136.7409,35.1618],[136.7394,35.1623],[136.7379,35.1624],[136.7377,35.164],[136.737,35.1641],[136.7347,35.1643],[136.7344,35.1646],[136.733,35.1648],[136.7327,35.1655],[136.7322,35.1656],[136.7324,35.1667],[136.7317,35.167],[136.7299,35.1676],[136.7277,35.1682],[136.7268,35.1684],[136.7263,35.1671],[136.7257,35.1673],[136.7255,35.1669],[136.7247,35.1672],[136.7243,35.1665],[136.721,35.1668],[136.7209,35.1661],[136.7184,35.1664],[136.7177,35.1669],[136.7171,35.1663],[136.7174,35.1655],[136.7162,35.1639],[136.7148,35.1649],[136.7145,35.1654],[136.7127,35.1653],[136.7128,35.1646],[136.71,35.1638],[136.7097,35.1672],[136.7112,35.1666],[136.7101,35.1693],[136.7096,35.1703],[136.7093,35.1712],[136.7097,35.1716],[136.7083,35.175],[136.7077,35.1764],[136.7081,35.1766],[136.7071,35.1791],[136.7076,35.1821],[136.7079,35.1839],[136.709,35.1895],[136.7117,35.1891],[136.7122,35.1889],[136.713,35.1881],[136.7136,35.1885],[136.7146,35.1881],[136.7151,35.1881],[136.7164,35.1885],[136.7163,35.1892],[136.7176,35.1891],[136.7198,35.1887],[136.7203,35.1885],[136.7212,35.1877],[136.7223,35.186],[136.7228,35.1855],[136.7233,35.1859],[136.7247,35.1875],[136.7252,35.1878],[136.726,35.1879],[136.7269,35.1885],[136.7273,35.1884],[136.7283,35.1895],[136.729,35.1899],[136.7305,35.1893],[136.7309,35.1901],[136.7316,35.1898],[136.7312,35.1889],[136.7306,35.1884],[136.7305,35.1877],[136.7303,35.1871],[136.7301,35.1859],[136.73,35.1843],[136.7302,35.1841],[136.7324,35.1841],[136.7339,35.1837],[136.7341,35.1841],[136.7343,35.1851],[136.7346,35.1888],[136.7348,35.1888],[136.7378,35.1882],[136.7384,35.188],[136.7388,35.1876],[136.7394,35.1866],[136.7393,35.186],[136.7395,35.1848],[136.7394,35.1837],[136.7392,35.1832],[136.7388,35.1832],[136.7383,35.1825],[136.7379,35.1823],[136.7378,35.1813],[136.7391,35.1812],[136.7398,35.1813],[136.7411,35.1813],[136.7412,35.1807],[136.7418,35.1805],[136.7428,35.1805],[136.743,35.1814],[136.7434,35.1818],[136.7465,35.1816],[136.7466,35.1804],[136.7469,35.1795],[136.7479,35.1778],[136.7479,35.1769],[136.7494,35.177],[136.7509,35.1772],[136.7516,35.178],[136.7526,35.1783],[136.7541,35.179],[136.7539,35.1809],[136.7543,35.1839],[136.7545,35.1844],[136.7541,35.1846],[136.754,35.1858],[136.7555,35.1857],[136.756,35.1865],[136.7578,35.1865],[136.7577,35.188],[136.7572,35.188],[136.7584,35.1896],[136.7591,35.1902],[136.7585,35.1904],[136.7589,35.191],[136.7589,35.1914],[136.7575,35.1915],[136.7571,35.1918],[136.7572,35.1943],[136.7605,35.1945],[136.7612,35.1945],[136.7616,35.1955],[136.7615,35.1962],[136.7618,35.1962],[136.7618,35.1971],[136.7623,35.1983],[136.7628,35.1985],[136.7626,35.1989],[136.763,35.1996],[136.7636,35.1997],[136.7639,35.2001],[136.7642,35.2014],[136.7613,35.2015],[136.7613,35.2024],[136.7623,35.2053],[136.7598,35.2048],[136.7587,35.2047],[136.7573,35.2047],[136.7553,35.2044],[136.7547,35.204],[136.7528,35.2043],[136.7528,35.2046],[136.7518,35.2049],[136.7513,35.2042],[136.7505,35.2037],[136.75,35.2024],[136.7496,35.2025],[136.7485,35.2017],[136.7476,35.2005],[136.7472,35.2004],[136.7465,35.1998],[136.7462,35.1985],[136.7462,35.198],[136.7458,35.1974],[136.7454,35.1965],[136.7456,35.196],[136.7441,35.1963],[136.7434,35.1963],[136.743,35.1962],[136.743,35.1951],[136.7427,35.1948],[136.7411,35.1946],[136.7406,35.1952],[136.7379,35.1951],[136.7375,35.1948],[136.7372,35.194],[136.7368,35.1938],[136.7361,35.194],[136.7359,35.1943],[136.7346,35.1946],[136.7347,35.1949],[136.732,35.1958],[136.73,35.1966],[136.7285,35.1971],[136.726,35.1982],[136.7237,35.1995],[136.7231,35.2002],[136.7225,35.201],[136.7225,35.2013],[136.7232,35.2021],[136.7251,35.2029],[136.7259,35.2031],[136.7251,35.2036],[136.7267,35.2041],[136.7287,35.2048],[136.7296,35.2059],[136.7301,35.2067],[136.7305,35.2081],[136.7304,35.2095],[136.7299,35.2116],[136.7292,35.2135],[136.7291,35.2144],[136.729,35.2157],[136.7294,35.2157],[136.7303,35.2152],[136.73,35.216],[136.7299,35.2168],[136.7305,35.218],[136.731,35.2185],[136.7327,35.2194],[136.7332,35.2197],[136.7319,35.2204],[136.7308,35.2203],[136.7306,35.2201],[136.73,35.2204],[136.7296,35.22],[136.7289,35.2198],[136.7284,35.2198],[136.7267,35.2202],[136.7248,35.2209],[136.7239,35.2211],[136.7229,35.2215],[136.722,35.2216],[136.7209,35.2202],[136.7202,35.2204],[136.7195,35.2208],[136.7187,35.221],[136.7173,35.2211],[136.7176,35.2231],[136.7181,35.2241],[136.7191,35.2258],[136.7204,35.2281],[136.7208,35.228],[136.721,35.2284],[136.7206,35.2286],[136.721,35.2294],[136.7212,35.2302],[136.7211,35.2316],[136.7208,35.2338],[136.7208,35.2347],[136.7189,35.235],[136.7177,35.2349],[136.7175,35.2344],[136.717,35.2342],[136.7164,35.2333],[136.716,35.2324],[136.7147,35.2326],[136.7147,35.2317],[136.7149,35.2316],[136.7149,35.2307],[136.7147,35.2301],[136.7138,35.2302],[136.7138,35.2299],[136.7121,35.2301],[136.71,35.2303],[136.7099,35.2298],[136.709,35.2299],[136.7091,35.2309],[136.7082,35.231],[136.7072,35.2312],[136.7051,35.232],[136.6994,35.2341],[136.6995,35.2344],[136.6987,35.2344],[136.6977,35.2348],[136.6975,35.2342],[136.6967,35.2342],[136.6968,35.2349],[136.696,35.235],[136.6956,35.2355],[136.6946,35.2359],[136.6941,35.235],[136.6934,35.2353],[136.6913,35.2354],[136.6894,35.2356],[136.6893,35.2353],[136.6884,35.2353],[136.6882,35.2341],[136.6871,35.2342],[136.6868,35.2317],[136.6884,35.2316],[136.6877,35.2309],[136.6874,35.2302],[136.6866,35.2294],[136.686,35.2294],[136.6857,35.2298],[136.685,35.2296],[136.6844,35.229],[136.684,35.2289],[136.6799,35.2282]]]},"properties":{"N03_001":"愛知県","N03_002":"","N03_003":"","N03_004":"愛西市","N03_007":"23232"}},
{"type":"Feature","geometry":{"type":"Polygon","coordinates":[[[136.8227,35.2153],[136.8229,35.2129],[136.8232,35.208],[136.8227,35.2073],[136.8228,35.2056],[136.823,35.2041],[136.8287,35.2044],[136.8293,35.2042],[136.8308,35.2044],[136.8329,35.2045],[136.8366,35.2047],[136.8378,35.2049],[136.8381,35.2048],[136.8386,35.204],[136.8387,35.2034],[136.8377,35.2021],[136.8377,35.2018],[136.8386,35.2005],[136.8394,35.1996],[136.839,35.1988],[136.8377,35.1975],[136.8377,35.1968],[136.8384,35.1962],[136.8394,35.1955],[136.8404,35.1948],[136.8413,35.1942],[136.8422,35.1937],[136.8428,35.1937],[136.8438,35.1939],[136.8447,35.1923],[136.8444,35.1921],[136.8442,35.1914],[136.8444,35.1907],[136.8453,35.1897],[136.8457,35.1895],[136.846,35.189],[136.8458,35.1883],[136.8447,35.1885],[136.8443,35.1882],[136.8452,35.1871],[136.845,35.1868],[136.8451,35.1859],[136.8448,35.1846],[136.8449,35.1838],[136.8444,35.1826],[136.8454,35.1821],[136.8448,35.1812],[136.8458,35.1806],[136.8468,35.1808],[136.8477,35.1808],[136.848,35.1806],[136.85,35.1826],[136.8506,35.1831],[136.8523,35.1848],[136.8534,35.1857],[136.8563,35.1882],[136.8576,35.189],[136.8589,35.1895],[136.8637,35.1909],[136.8659,35.1917],[136.8681,35.1925],[136.8691,35.1932],[136.8698,35.194],[136.8707,35.1959],[136.8717,35.1975],[136.8728,35.1987],[136.8734,35.1995],[136.8748,35.2011],[136.8754,35.2018],[136.8758,35.2029],[136.876,35.2037],[136.8765,35.2043],[136.8781,35.206],[136.8793,35.2069],[136.879,35.2072],[136.8789,35.2088],[136.8785,35.2093],[136.8768,35.2096],[136.8749,35.2098],[136.8742,35.2097],[136.8725,35.21],[136.872,35.2109],[136.8716,35.2112],[136.8704,35.2115],[136.8704,35.2113],[136.8684,35.2119],[136.8681,35.2111],[136.8671,35.2091],[136.8661,35.2085],[136.8657,35.2069],[136.8647,35.2069],[136.8643,35.2059],[136.8638,35.206],[136.8636,35.2071],[136.8606,35.2076],[136.8602,35.208],[136.8632,35.2116],[136.8646,35.2133],[136.8639,35.2136],[136.8642,35.214],[136.8643,35.2146],[136.864,35.2153],[136.8604,35.2152],[136.8602,35.2158],[136.8598,35.2158],[136.8592,35.2164],[136.8588,35.2171],[136.858,35.2172],[136.858,35.2178],[136.8576,35.2188],[136.8571,35.2187],[136.8567,35.2193],[136.8564,35.2211],[136.8565,35.2214],[136.8562,35.223],[136.8562,35.2244],[136.856,35.228],[136.8561,35.2286],[136.8558,35.2296],[136.8557,35.2306],[136.8579,35.2306],[136.8582,35.2308],[136.8582,35.2313],[136.8508,35.2379],[136.8505,35.2388],[136.8502,35.2402],[136.8497,35.2403],[136.8492,35.2396],[136.8491,35.2391],[136.8489,35.2376],[136.8471,35.2375],[136.8466,35.2376],[136.8436,35.2373],[136.8419,35.2398],[136.8426,35.24],[136.8425,35.2403],[136.8392,35.2461],[136.84,35.246],[136.84,35.2468],[136.8402,35.2473],[136.8407,35.2473],[136.8407,35.2478],[136.8422,35.248],[136.8424,35.2482],[136.8423,35.249],[136.8432,35.2489],[136.8442,35.249],[136.8436,35.2516],[136.8432,35.2518],[136.8409,35.2518],[136.8405,35.2518],[136.8408,35.2506],[136.8401,35.2505],[136.8386,35.2507],[136.8386,35.2502],[136.8371,35.2505],[136.8368,35.2506],[136.8364,35.2496],[136.8358,35.2492],[136.8349,35.2488],[136.8343,35.248],[136.8341,35.2467],[136.833,35.2461],[136.8303,35.2444],[136.8297,35.2439],[136.829,35.2432],[136.8289,35.2428],[136.8292,35.2421],[136.8295,35.2417],[136.8298,35.2405],[136.8293,35.24],[136.8291,35.2393],[136.8294,35.2387],[136.8297,35.2374],[136.83,35.2372],[136.8298,35.2366],[136.8309,35.2359],[136.8314,35.2353],[136.8319,35.2344],[136.8331,35.233],[136.8339,35.2323],[136.8358,35.231],[136.8369,35.2303],[136.8384,35.2295],[136.838,35.2291],[136.8381,35.2285],[136.8371,35.228],[136.8363,35.2291],[136.8361,35.229],[136.8349,35.23],[136.8343,35.2294],[136.8343,35.2285],[136.835,35.2287],[136.8362,35.2275],[136.8364,35.2271],[136.8362,35.226],[136.8355,35.2242],[136.8353,35.2237],[136.835,35.2224],[136.8339,35.2221],[136.8334,35.2218],[136.8327,35.222],[136.8291,35.2221],[136.8285,35.2219],[136.8273,35.222],[136.8262,35.222],[136.8262,35.2203],[136.8263,35.2189],[136.8263,35.2179],[136.8259,35.2176],[136.8247,35.2171],[136.8247,35.2162],[136.8251,35.2162],[136.8251,35.2156],[136.8248,35.2154],[136.8227,35.2153]]]},"properties":{"N03_001":"愛知県","N03_002":"","N03_003":"","N03_004":"清須市","N03_007":"23233"}},
{"type":"Feature","geometry":{"type":"Polygon","coordinates":[[[136.8579,35.2306],[136.8602,35.2306],[136.8642,35.2307],[136.867,35.2308],[136.8678,35.2306],[136.8705,35.2309],[136.871,35.231],[136.8711,35.2313],[136.872,35.2314],[136.8726,35.2302],[136.8728,35.2295],[136.873,35.2294],[136.8738,35.2281],[136.8738,35.2279],[136.8747,35.2264],[136.8742,35.2261],[136.8748,35.2251],[136.8768,35.2258],[136.8814,35.2273],[136.8836,35.2281],[136.8863,35.2291],[136.8897,35.2306],[136.8915,35.2314],[136.8958,35.2333],[136.8974,35.2341],[136.8992,35.2348],[136.9003,35.2352],[136.901,35.2356],[136.9016,35.2369],[136.9017,35.2376],[136.9015,35.2383],[136.9014,35.2397],[136.902,35.2399],[136.9024,35.2402],[136.903,35.2404],[136.9021,35.241],[136.9021,35.2417],[136.9018,35.2432],[136.9019,35.2444],[136.9022,35.2452],[136.9036,35.247],[136.9048,35.2486],[136.9019,35.252],[136.9015,35.2527],[136.902,35.2539],[136.9023,35.2555],[136.9011,35.2557],[136.8989,35.2557],[136.8985,35.2555],[136.8974,35.2556],[136.8974,35.2592],[136.8978,35.2592],[136.8978,35.2607],[136.8971,35.2608],[136.8967,35.262],[136.8962,35.262],[136.8962,35.2629],[136.8949,35.2628],[136.8947,35.2631],[136.894,35.2631],[136.8932,35.2635],[136.892,35.2633],[136.89,35.2635],[136.8899,35.2637],[136.8852,35.264],[136.8827,35.2641],[136.8821,35.2642],[136.8813,35.2648],[136.8823,35.2653],[136.8806,35.2665],[136.8807,35.2666],[136.8803,35.2665],[136.8797,35.2658],[136.8779,35.2634],[136.8772,35.2622],[136.8759,35.2605],[136.8749,35.2587],[136.8744,35.2584],[136.873,35.2585],[136.8716,35.259],[136.8709,35.2589],[136.8703,35.2593],[136.8696,35.2599],[136.8687,35.261],[136.8675,35.2616],[136.8665,35.2619],[136.8652,35.2611],[136.8644,35.2613],[136.8645,35.2617],[136.8653,35.2618],[136.8657,35.2621],[136.8647,35.2628],[136.8633,35.2639],[136.8621,35.2641],[136.8608,35.2648],[136.8601,35.2649],[136.8586,35.2643],[136.858,35.2643],[136.8562,35.2645],[136.8557,35.2645],[136.8543,35.2639],[136.8532,35.2641],[136.8522,35.2644],[136.8522,35.2657],[136.8516,35.2655],[136.8514,35.2647],[136.8507,35.2647],[136.85,35.2644],[136.8496,35.264],[136.8491,35.2632],[136.8476,35.2621],[136.8472,35.2617],[136.8456,35.2605],[136.8455,35.2599],[136.8451,35.2599],[136.8449,35.2603],[136.8432,35.2598],[136.8419,35.2584],[136.8414,35.258],[136.8428,35.2578],[136.8429,35.2574],[136.8422,35.257],[136.8424,35.2565],[136.8429,35.2565],[136.8435,35.2542],[136.8429,35.254],[136.8432,35.2525],[136.8432,35.2518],[136.8436,35.2516],[136.8442,35.249],[136.8432,35.2489],[136.8423,35.249],[136.8424,35.2482],[136.8422,35.248],[136.8407,35.2478],[136.8407,35.2473],[136.8402,35.2473],[136.84,35.2468],[136.84,35.246],[136.8392,35.2461],[136.8425,35.2403],[136.8426,35.24],[136.8419,35.2398],[136.8436,35.2373],[136.8466,35.2376],[136.8471,35.2375],[136.8489,35.2376],[136.8491,35.2391],[136.8492,35.2396],[136.8497,35.2403],[136.8502,35.2402],[136.8505,35.2388],[136.8508,35.2379],[136.8582,35.2313],[136.8582,35.2308],[136.8579,35.2306]]]},"properties":{"N03_001":"愛知県","N03_002":"","N03_003":"","N03_004":"北名古屋市","N03_007":"23234"}},
{"type":"Feature","geometry":{"type":"Polygon","coordinates":[[[136.7019,35.1181],[136.704,35.1156],[136.7082,35.1113],[136.7141,35.1052],[136.7182,35.1028],[136.7184,35.1028],[136.72,35.1034],[136.7209,35.1028],[136.7212,35.1023],[136.7218,35.1023],[136.7247,35.1009],[136.7245,35.1005],[136.7277,35.0993],[136.7313,35.0973],[136.7322,35.0965],[136.734,35.0942],[136.7352,35.0927],[136.7374,35.0904],[136.7399,35.0878],[136.7419,35.086],[136.7454,35.0837],[136.7471,35.0825],[136.7496,35.0807],[136.7505,35.0798],[136.751,35.0785],[136.7515,35.0756],[136.7519,35.0734],[136.752,35.0717],[136.7519,35.0676],[136.7518,35.0647],[136.7516,35.0627],[136.7517,35.0618],[136.7523,35.059],[136.7534,35.053],[136.7592,35.0412],[136.7609,35.0377],[136.7664,35.0315],[136.7727,35.0244],[136.7697,35.0226],[136.7706,35.0214],[136.7749,35.022],[136.7774,35.0222],[136.7781,35.0218],[136.7814,35.0182],[136.7816,35.0181],[136.7841,35.0193],[136.7851,35.0196],[136.7858,35.0196],[136.7891,35.0174],[136.7911,35.0162],[136.7968,35.0124],[136.7969,35.0125],[136.7939,35.0145],[136.7969,35.0215],[136.7966,35.0216],[136.7966,35.0223],[136.7883,35.028],[136.7882,35.0279],[136.7867,35.029],[136.7834,35.0312],[136.7831,35.0316],[136.7813,35.0328],[136.7807,35.0333],[136.7808,35.0335],[136.7829,35.0344],[136.7861,35.0357],[136.7955,35.0313],[136.7954,35.0311],[136.8002,35.0288],[136.8005,35.029],[136.8005,35.0336],[136.8007,35.0336],[136.8007,35.0386],[136.8004,35.0387],[136.8004,35.0412],[136.8007,35.0413],[136.8007,35.0447],[136.7969,35.0447],[136.7969,35.0483],[136.7969,35.0515],[136.8055,35.0515],[136.8067,35.0515],[136.8067,35.0518],[136.8067,35.0538],[136.8067,35.0562],[136.8067,35.0583],[136.8067,35.0603],[136.8063,35.0605],[136.8054,35.0609],[136.805,35.0611],[136.8049,35.0611],[136.804,35.0616],[136.8039,35.0616],[136.8037,35.0617],[136.803,35.062],[136.8027,35.0622],[136.8016,35.0627],[136.8,35.0635],[136.7975,35.0647],[136.7959,35.0654],[136.7954,35.0657],[136.7943,35.0663],[136.7937,35.0667],[136.7917,35.068],[136.791,35.0684],[136.7901,35.0691],[136.7898,35.0693],[136.7893,35.0697],[136.7886,35.0703],[136.7874,35.0712],[136.7865,35.072],[136.7843,35.0738],[136.7838,35.0743],[136.7833,35.0746],[136.7831,35.0748],[136.7829,35.075],[136.7823,35.0756],[136.7816,35.0765],[136.7813,35.0769],[136.7806,35.078],[136.7804,35.0781],[136.7795,35.0792],[136.7787,35.0799],[136.7776,35.0808],[136.7769,35.0811],[136.7759,35.0815],[136.7752,35.0817],[136.775,35.0817],[136.7735,35.082],[136.7732,35.082],[136.7712,35.0823],[136.7699,35.0825],[136.7679,35.0828],[136.7667,35.0831],[136.766,35.0833],[136.7659,35.0834],[136.7646,35.084],[136.764,35.0844],[136.7635,35.085],[136.762,35.0866],[136.761,35.0876],[136.7596,35.0893],[136.7593,35.0896],[136.7584,35.0907],[136.7588,35.0909],[136.7589,35.091],[136.759,35.091],[136.7591,35.091],[136.7592,35.091],[136.7599,35.0909],[136.7601,35.0909],[136.7604,35.0909],[136.761,35.0909],[136.762,35.0909],[136.7635,35.091],[136.764,35.091],[136.7642,35.0911],[136.7649,35.0911],[136.7664,35.0914],[136.7667,35.0914],[136.7677,35.0916],[136.7679,35.0916],[136.7683,35.0917],[136.7693,35.0919],[136.7698,35.092],[136.77,35.0921],[136.7705,35.0923],[136.7707,35.0923],[136.771,35.0926],[136.7719,35.0934],[136.7722,35.0938],[136.7723,35.094],[136.7724,35.0942],[136.7725,35.0946],[136.7725,35.0947],[136.7725,35.0949],[136.7724,35.0951],[136.7724,35.0952],[136.7722,35.0958],[136.7719,35.0962],[136.7718,35.0964],[136.7715,35.0969],[136.7711,35.0974],[136.7711,35.0975],[136.7709,35.0977],[136.7709,35.0978],[136.7721,35.0977],[136.7728,35.0977],[136.7732,35.0976],[136.7741,35.0976],[136.775,35.0975],[136.7754,35.0975],[136.7755,35.0975],[136.7761,35.0975],[136.7772,35.0974],[136.7774,35.0974],[136.7775,35.0973],[136.7779,35.0973],[136.7781,35.0973],[136.7782,35.0972],[136.7784,35.097],[136.7787,35.0967],[136.7791,35.0964],[136.7796,35.0958],[136.7797,35.0957],[136.78,35.095],[136.7801,35.0948],[136.7801,35.0946],[136.7803,35.094],[136.7804,35.0935],[136.7805,35.0935],[136.7805,35.0932],[136.7807,35.0926],[136.7809,35.0918],[136.7809,35.0917],[136.7809,35.0916],[136.7809,35.0915],[136.7809,35.0914],[136.7808,35.0914],[136.7807,35.0914],[136.7806,35.0913],[136.7805,35.0913],[136.7805,35.0912],[136.7805,35.0911],[136.7806,35.0911],[136.7806,35.091],[136.7809,35.091],[136.7819,35.0912],[136.7826,35.0914],[136.7828,35.0915],[136.7833,35.0916],[136.7836,35.0917],[136.7844,35.0919],[136.7848,35.0921],[136.7851,35.0922],[136.7853,35.0924],[136.7864,35.0931],[136.7869,35.0934],[136.7871,35.0935],[136.7874,35.0935],[136.7876,35.0937],[136.7877,35.0937],[136.7877,35.0938],[136.7878,35.094],[136.7879,35.0941],[136.788,35.0941],[136.7885,35.0943],[136.7886,35.0943],[136.7887,35.0943],[136.789,35.0944],[136.7892,35.0946],[136.7896,35.0948],[136.79,35.0951],[136.7909,35.0957],[136.7917,35.0963],[136.7918,35.0964],[136.7919,35.0964],[136.7921,35.0966],[136.7921,35.0967],[136.7923,35.0969],[136.7923,35.097],[136.7925,35.0975],[136.7926,35.0976],[136.7926,35.0978],[136.793,35.0977],[136.7932,35.0977],[136.7935,35.0977],[136.7946,35.0978],[136.7952,35.0977],[136.7956,35.0977],[136.796,35.0976],[136.7962,35.0976],[136.7964,35.0986],[136.7963,35.0995],[136.7946,35.1009],[136.7885,35.1059],[136.7882,35.1069],[136.7879,35.1076],[136.7873,35.108],[136.7864,35.1092],[136.7858,35.1102],[136.7852,35.1111],[136.7846,35.1114],[136.7823,35.1123],[136.7817,35.1121],[136.7806,35.1127],[136.7803,35.1131],[136.7791,35.1128],[136.7783,35.1129],[136.7772,35.1129],[136.7759,35.1131],[136.7762,35.1137],[136.7749,35.1142],[136.7742,35.1146],[136.7738,35.1146],[136.7723,35.1163],[136.7712,35.1175],[136.7699,35.1183],[136.7685,35.1185],[136.7674,35.1184],[136.7662,35.1181],[136.7639,35.1168],[136.7626,35.1162],[136.762,35.1161],[136.7608,35.1162],[136.7601,35.1165],[136.7585,35.1174],[136.7571,35.1186],[136.7563,35.1199],[136.7554,35.1198],[136.7553,35.1201],[136.755,35.1227],[136.7555,35.1242],[136.7564,35.1263],[136.7561,35.1267],[136.7564,35.1283],[136.7562,35.1294],[136.7544,35.13],[136.7542,35.1298],[136.7534,35.1284],[136.7526,35.1284],[136.751,35.1267],[136.7506,35.1269],[136.7494,35.1283],[136.7491,35.1291],[136.7487,35.1297],[136.7477,35.1302],[136.7464,35.1306],[136.7463,35.1302],[136.7455,35.1303],[136.7442,35.1302],[136.7438,35.13],[136.7436,35.1295],[136.7443,35.1291],[136.7434,35.1289],[136.7431,35.1285],[136.7405,35.1287],[136.74,35.1289],[136.7386,35.1285],[136.7381,35.1279],[136.7378,35.1278],[136.7373,35.1271],[136.7375,35.1266],[136.7387,35.125],[136.7381,35.1241],[136.7376,35.1247],[136.7364,35.1257],[136.7367,35.126],[136.736,35.1265],[136.7358,35.127],[136.7349,35.1278],[136.7342,35.1279],[136.7338,35.1277],[136.7327,35.129],[136.7328,35.1295],[136.73,35.1299],[136.7303,35.1294],[136.73,35.1285],[136.7291,35.128],[136.7283,35.1279],[136.7275,35.1282],[136.7254,35.1286],[136.7251,35.1276],[136.7223,35.1281],[136.7224,35.1286],[136.7211,35.1289],[136.7213,35.1299],[136.7208,35.13],[136.7212,35.1311],[136.7193,35.1315],[136.7187,35.132],[136.718,35.132],[136.7172,35.1323],[136.7164,35.1322],[136.7158,35.132],[136.7146,35.1322],[136.7142,35.1319],[136.7142,35.1315],[136.7147,35.1314],[136.7149,35.1309],[136.7148,35.1302],[136.7139,35.1302],[136.7137,35.1299],[136.7122,35.13],[136.7121,35.1304],[136.7111,35.1305],[136.7109,35.13],[136.7103,35.13],[136.7099,35.1283],[136.711,35.1281],[136.7111,35.1287],[136.7115,35.1287],[136.7116,35.1278],[136.7101,35.1271],[136.709,35.1271],[136.7091,35.1266],[136.7087,35.1265],[136.7076,35.1284],[136.7065,35.1281],[136.7045,35.128],[136.7055,35.1236],[136.7061,35.1229],[136.7062,35.122],[136.7067,35.1207],[136.7019,35.1181]]]},"properties":{"N03_001":"愛知県","N03_002":"","N03_003":"","N03_004":"弥富市","N03_007":"23235"}},
{"type":"Feature","geometry":{"type":"Polygon","coordinates":[[[137.045,35.0692],[137.0447,35.0681],[137.0454,35.0678],[137.0456,35.0674],[137.0485,35.0653],[137.0506,35.0642],[137.0516,35.0646],[137.0525,35.0647],[137.0536,35.0651],[137.054,35.0654],[137.056,35.0669],[137.0566,35.0664],[137.0572,35.0667],[137.0583,35.0658],[137.0613,35.0661],[137.0616,35.0657],[137.0609,35.0651],[137.0638,35.0628],[137.0659,35.0623],[137.0665,35.0623],[137.0676,35.0621],[137.0682,35.0621],[137.0688,35.0616],[137.0687,35.0601],[137.0685,35.0584],[137.0684,35.0573],[137.0691,35.0572],[137.0693,35.0566],[137.071,35.0551],[137.0712,35.0551],[137.0723,35.0563],[137.0736,35.0559],[137.0734,35.057],[137.0737,35.0572],[137.0745,35.0568],[137.0755,35.058],[137.0766,35.0574],[137.0778,35.0583],[137.0795,35.059],[137.08,35.0583],[137.0824,35.0589],[137.0827,35.0585],[137.0835,35.0585],[137.0844,35.059],[137.085,35.0597],[137.085,35.06],[137.0846,35.0616],[137.0845,35.0626],[137.0866,35.0613],[137.0871,35.0613],[137.0884,35.0616],[137.0891,35.0615],[137.0897,35.0616],[137.0902,35.0611],[137.091,35.0608],[137.0924,35.0608],[137.0929,35.0601],[137.0937,35.0601],[137.0941,35.0599],[137.0948,35.0599],[137.0958,35.0595],[137.0963,35.0596],[137.0964,35.0608],[137.0969,35.0612],[137.0985,35.0618],[137.1002,35.063],[137.1006,35.0633],[137.1012,35.0635],[137.1022,35.0642],[137.1025,35.0646],[137.1027,35.0656],[137.1032,35.0664],[137.1036,35.0675],[137.1037,35.0689],[137.1031,35.0701],[137.1029,35.0708],[137.1025,35.0714],[137.1021,35.0725],[137.1022,35.073],[137.1031,35.074],[137.1032,35.0748],[137.1031,35.0754],[137.1037,35.0759],[137.1039,35.0764],[137.1038,35.078],[137.1042,35.0792],[137.105,35.0799],[137.1048,35.081],[137.1053,35.082],[137.1058,35.0827],[137.1058,35.0831],[137.105,35.0837],[137.1055,35.0846],[137.106,35.085],[137.1063,35.0859],[137.1066,35.0863],[137.1073,35.0866],[137.1078,35.0875],[137.1082,35.0887],[137.1096,35.0901],[137.1111,35.0916],[137.1117,35.0914],[137.1123,35.0916],[137.1126,35.092],[137.1127,35.0931],[137.113,35.0935],[137.1131,35.0945],[137.1138,35.0953],[137.1139,35.0957],[137.1131,35.096],[137.1123,35.096],[137.1117,35.0965],[137.1116,35.0972],[137.112,35.0977],[137.1127,35.0983],[137.1134,35.0991],[137.1136,35.1],[137.1131,35.1012],[137.112,35.1026],[137.113,35.1027],[137.1134,35.103],[137.1135,35.1035],[137.1143,35.104],[137.1151,35.1042],[137.116,35.1041],[137.1162,35.1043],[137.1164,35.1052],[137.1167,35.107],[137.1172,35.108],[137.1174,35.1091],[137.1175,35.1093],[137.1186,35.109],[137.1187,35.1101],[137.1195,35.1111],[137.12,35.1123],[137.1199,35.1136],[137.1201,35.1141],[137.1209,35.1149],[137.1228,35.1158],[137.1237,35.116],[137.1245,35.116],[137.1251,35.1157],[137.1255,35.1159],[137.1256,35.1165],[137.1259,35.1168],[137.1275,35.1177],[137.1288,35.1177],[137.1302,35.1177],[137.1302,35.1185],[137.1297,35.1186],[137.1297,35.1192],[137.1301,35.1196],[137.1294,35.1205],[137.1289,35.1219],[137.1286,35.1225],[137.1281,35.123],[137.1255,35.1238],[137.1253,35.1242],[137.1246,35.1245],[137.1231,35.1247],[137.1221,35.1251],[137.1206,35.1251],[137.12,35.1258],[137.1185,35.1272],[137.1178,35.1277],[137.1176,35.1285],[137.117,35.1298],[137.1164,35.1305],[137.1148,35.1315],[137.1141,35.1314],[137.1137,35.1317],[137.1131,35.1317],[137.1126,35.1315],[137.1116,35.1307],[137.1106,35.1303],[137.1095,35.1296],[137.1088,35.1309],[137.1077,35.1311],[137.1068,35.1317],[137.1053,35.1315],[137.1048,35.1317],[137.1039,35.1345],[137.1036,35.1361],[137.103,35.1368],[137.1027,35.1375],[137.1022,35.1379],[137.1014,35.1382],[137.0996,35.1399],[137.0986,35.1411],[137.098,35.142],[137.0983,35.1437],[137.0984,35.1444],[137.0982,35.1447],[137.0975,35.1447],[137.0961,35.1447],[137.0958,35.1447],[137.0947,35.1439],[137.0941,35.143],[137.0932,35.1427],[137.0928,35.1424],[137.0926,35.1416],[137.0921,35.1409],[137.091,35.1412],[137.0906,35.141],[137.0898,35.1401],[137.089,35.1396],[137.0881,35.1392],[137.0875,35.138],[137.087,35.1379],[137.0868,35.1375],[137.0871,35.1355],[137.0876,35.1351],[137.0892,35.1333],[137.0897,35.1328],[137.0907,35.1323],[137.0912,35.1312],[137.0914,35.1303],[137.0912,35.1299],[137.0897,35.1299],[137.0894,35.1298],[137.0891,35.129],[137.0886,35.1284],[137.0874,35.1277],[137.086,35.1281],[137.0847,35.1276],[137.0844,35.1255],[137.0845,35.1253],[137.0857,35.1252],[137.087,35.1249],[137.089,35.1237],[137.0893,35.1231],[137.0889,35.1219],[137.0888,35.1212],[137.0884,35.1202],[137.0882,35.1192],[137.0878,35.1182],[137.0881,35.1175],[137.0883,35.1168],[137.088,35.1157],[137.0871,35.1144],[137.0869,35.1135],[137.0871,35.1126],[137.0867,35.1117],[137.0864,35.1107],[137.0867,35.1084],[137.0865,35.1079],[137.0861,35.1064],[137.0859,35.1058],[137.0853,35.1049],[137.0853,35.1048],[137.0867,35.1043],[137.0878,35.1042],[137.088,35.1033],[137.0879,35.1012],[137.087,35.0999],[137.0862,35.0993],[137.0851,35.0992],[137.0833,35.0985],[137.082,35.0974],[137.0815,35.0974],[137.0803,35.0977],[137.0794,35.0983],[137.0783,35.0986],[137.0767,35.0985],[137.0763,35.0979],[137.0753,35.0972],[137.0748,35.0971],[137.0737,35.0973],[137.0733,35.0972],[137.0721,35.0964],[137.0712,35.0956],[137.0703,35.0962],[137.0699,35.0961],[137.0688,35.0956],[137.0684,35.0957],[137.0674,35.0963],[137.0663,35.0966],[137.066,35.0966],[137.0636,35.0958],[137.0617,35.0947],[137.0593,35.0928],[137.0581,35.0923],[137.056,35.0913],[137.0557,35.091],[137.0553,35.0895],[137.0553,35.0887],[137.055,35.0877],[137.0542,35.0855],[137.0514,35.0805],[137.0506,35.0786],[137.0499,35.0758],[137.0478,35.0725],[137.0472,35.071],[137.0468,35.0704],[137.0459,35.0696],[137.045,35.0692]]]},"properties":{"N03_001":"愛知県","N03_002":"","N03_003":"","N03_004":"みよし市","N03_007":"23236"}},
{"type":"Feature","geometry":{"type":"Polygon","coordinates":[[[136.7845,35.1574],[136.7851,35.1574],[136.7851,35.1558],[136.7855,35.155],[136.7858,35.1551],[136.7865,35.1547],[136.7865,35.1545],[136.786,35.1527],[136.7857,35.1514],[136.7859,35.1507],[136.7867,35.1499],[136.7873,35.1499],[136.7883,35.1503],[136.79,35.1502],[136.7913,35.1504],[136.7916,35.1503],[136.7928,35.1506],[136.793,35.1501],[136.7937,35.1497],[136.7936,35.1477],[136.7961,35.1475],[136.7964,35.1483],[136.8001,35.148],[136.8009,35.148],[136.8021,35.148],[136.804,35.1479],[136.8064,35.1478],[136.809,35.1476],[136.8091,35.1484],[136.8094,35.1536],[136.8055,35.154],[136.8051,35.1539],[136.8026,35.1542],[136.802,35.1547],[136.802,35.1567],[136.8018,35.158],[136.802,35.1595],[136.8027,35.1609],[136.8018,35.1613],[136.803,35.1631],[136.8031,35.1636],[136.8042,35.1651],[136.8046,35.1655],[136.8057,35.165],[136.8069,35.1665],[136.8074,35.1674],[136.8075,35.1683],[136.8078,35.1682],[136.8076,35.1696],[136.8072,35.1696],[136.8072,35.1713],[136.8073,35.1719],[136.8079,35.1736],[136.8085,35.1749],[136.8091,35.1775],[136.809,35.179],[136.8089,35.1818],[136.8091,35.1901],[136.8103,35.1902],[136.8132,35.1902],[136.8131,35.1909],[136.8138,35.1909],[136.814,35.1896],[136.814,35.1873],[136.8224,35.1873],[136.8235,35.1873],[136.8234,35.1859],[136.8234,35.1845],[136.8239,35.1833],[136.8237,35.1823],[136.8237,35.181],[136.8235,35.1804],[136.8238,35.1802],[136.8249,35.1803],[136.8259,35.1802],[136.8272,35.1797],[136.8271,35.1794],[136.8289,35.1791],[136.8325,35.1787],[136.833,35.1804],[136.8332,35.1822],[136.833,35.1836],[136.8334,35.1837],[136.8331,35.1848],[136.8332,35.1852],[136.835,35.1852],[136.8351,35.1835],[136.8358,35.1836],[136.8364,35.1833],[136.8364,35.1827],[136.8368,35.1827],[136.8374,35.1818],[136.8375,35.1795],[136.8378,35.1793],[136.8378,35.1778],[136.8374,35.1774],[136.8369,35.1767],[136.838,35.176],[136.8391,35.1756],[136.8411,35.1741],[136.844,35.1766],[136.848,35.1806],[136.8477,35.1808],[136.8468,35.1808],[136.8458,35.1806],[136.8448,35.1812],[136.8454,35.1821],[136.8444,35.1826],[136.8449,35.1838],[136.8448,35.1846],[136.8451,35.1859],[136.845,35.1868],[136.8452,35.1871],[136.8443,35.1882],[136.8447,35.1885],[136.8458,35.1883],[136.846,35.189],[136.8457,35.1895],[136.8453,35.1897],[136.8444,35.1907],[136.8442,35.1914],[136.8444,35.1921],[136.8447,35.1923],[136.8438,35.1939],[136.8428,35.1937],[136.8422,35.1937],[136.8413,35.1942],[136.8404,35.1948],[136.8394,35.1955],[136.8384,35.1962],[136.8377,35.1968],[136.8377,35.1975],[136.839,35.1988],[136.8394,35.1996],[136.8386,35.2005],[136.8377,35.2018],[136.8377,35.2021],[136.8387,35.2034],[136.8386,35.204],[136.8381,35.2048],[136.8378,35.2049],[136.8366,35.2047],[136.8329,35.2045],[136.8308,35.2044],[136.8293,35.2042],[136.8287,35.2044],[136.823,35.2041],[136.8228,35.2056],[136.8227,35.2073],[136.8232,35.208],[136.8229,35.2129],[136.8227,35.2153],[136.8226,35.2164],[136.8218,35.2164],[136.8217,35.2173],[136.8203,35.2176],[136.8189,35.2177],[136.8181,35.2175],[136.8172,35.217],[136.8177,35.2163],[136.8175,35.2158],[136.8177,35.2149],[136.8169,35.2153],[136.8158,35.2155],[136.8154,35.2157],[136.814,35.2157],[136.8127,35.2166],[136.8109,35.2173],[136.8105,35.2172],[136.8093,35.2175],[136.8085,35.2175],[136.8085,35.2169],[136.808,35.2168],[136.8074,35.2163],[136.8076,35.2148],[136.8068,35.2147],[136.8064,35.2145],[136.8065,35.2133],[136.8055,35.2132],[136.8052,35.2128],[136.8046,35.2126],[136.8032,35.2123],[136.8027,35.2124],[136.802,35.212],[136.7993,35.2129],[136.7984,35.2127],[136.796,35.2127],[136.7943,35.2131],[136.7917,35.2122],[136.791,35.2117],[136.7899,35.2113],[136.7893,35.2108],[136.7882,35.2108],[136.7866,35.2108],[136.7853,35.2101],[136.7841,35.2097],[136.7822,35.2092],[136.7801,35.2078],[136.7788,35.2073],[136.7766,35.207],[136.775,35.207],[136.7732,35.207],[136.7713,35.2069],[136.7691,35.2068],[136.7687,35.2066],[136.7672,35.2059],[136.7664,35.2055],[136.7652,35.2057],[136.7636,35.2056],[136.7623,35.2053],[136.7613,35.2024],[136.7613,35.2015],[136.7642,35.2014],[136.7639,35.2001],[136.7636,35.1997],[136.7645,35.1995],[136.7651,35.1995],[136.7667,35.1992],[136.7682,35.1988],[136.7707,35.1984],[136.7719,35.1981],[136.7719,35.1971],[136.7728,35.1971],[136.7728,35.1959],[136.7734,35.1956],[136.7734,35.1942],[136.7727,35.1941],[136.7727,35.1929],[136.7737,35.1928],[136.7738,35.1924],[136.7743,35.1925],[136.7742,35.1904],[136.7763,35.1903],[136.7762,35.1888],[136.7762,35.1856],[136.7762,35.1844],[136.7778,35.1844],[136.7794,35.1844],[136.7795,35.184],[136.7791,35.1837],[136.779,35.183],[136.7785,35.1824],[136.7798,35.1824],[136.7796,35.1814],[136.7801,35.1813],[136.7802,35.1793],[136.7801,35.1783],[136.7802,35.1748],[136.7799,35.1738],[136.78,35.1723],[136.7818,35.1723],[136.7866,35.1722],[136.7866,35.1707],[136.7864,35.1696],[136.786,35.1688],[136.7861,35.1683],[136.7868,35.1682],[136.7863,35.1663],[136.7844,35.1664],[136.7842,35.1662],[136.7836,35.1629],[136.7831,35.1629],[136.7829,35.1606],[136.7852,35.1604],[136.7862,35.1603],[136.7865,35.1587],[136.7847,35.1576],[136.7845,35.1574]]]},"properties":{"N03_001":"愛知県","N03_002":"","N03_003":"","N03_004":"あま市","N03_007":"23237"}},
{"type":"Feature","geometry":{"type":"Polygon","coordinates":[[[137.0961,35.1572],[137.0956,35.1576],[137.0952,35.1584],[137.0952,35.1592],[137.0948,35.1597],[137.0947,35.1603],[137.095,35.1606],[137.095,35.1612],[137.0953,35.1615],[137.0953,35.1625],[137.0948,35.163],[137.0955,35.1637],[137.0958,35.1644],[137.0952,35.1649],[137.0961,35.166],[137.096,35.1672],[137.0949,35.1678],[137.0958,35.1688],[137.0965,35.1693],[137.0967,35.1696],[137.0966,35.1707],[137.0967,35.1713],[137.0972,35.1717],[137.0972,35.1726],[137.0975,35.1731],[137.0974,35.1736],[137.0968,35.1738],[137.0962,35.1741],[137.097,35.1752],[137.097,35.1759],[137.0976,35.1765],[137.0975,35.1767],[137.097,35.1769],[137.0968,35.1778],[137.0963,35.1783],[137.0957,35.1794],[137.0921,35.1794],[137.0912,35.1807],[137.0908,35.181],[137.0907,35.1818],[137.0903,35.1822],[137.0892,35.1824],[137.0886,35.1829],[137.0877,35.1833],[137.0872,35.1845],[137.0868,35.1849],[137.0874,35.1861],[137.087,35.1869],[137.0857,35.1882],[137.0855,35.1892],[137.0852,35.1898],[137.0847,35.1901],[137.0833,35.1898],[137.0816,35.1887],[137.0808,35.1893],[137.0801,35.1889],[137.0797,35.1894],[137.0788,35.1897],[137.0783,35.1897],[137.0776,35.1893],[137.077,35.1899],[137.076,35.1908],[137.0753,35.1906],[137.0744,35.1905],[137.0734,35.1908],[137.0722,35.1914],[137.0715,35.192],[137.0709,35.1928],[137.0694,35.194],[137.0692,35.1944],[137.0687,35.195],[137.068,35.1952],[137.0671,35.1959],[137.0667,35.1951],[137.0659,35.1942],[137.0643,35.1931],[137.0636,35.1924],[137.0629,35.1923],[137.0616,35.1924],[137.0609,35.1921],[137.0605,35.1914],[137.0598,35.1911],[137.0592,35.1911],[137.0579,35.1918],[137.0566,35.192],[137.0561,35.1922],[137.0546,35.1926],[137.0545,35.193],[137.0531,35.1935],[137.0531,35.1941],[137.0508,35.1939],[137.05,35.1944],[137.0498,35.1947],[137.0495,35.1945],[137.0473,35.194],[137.0466,35.1937],[137.0462,35.1926],[137.0457,35.1918],[137.0449,35.1915],[137.0435,35.1912],[137.0434,35.1915],[137.0426,35.1925],[137.0419,35.1926],[137.0406,35.1923],[137.0395,35.1918],[137.0386,35.1916],[137.038,35.1918],[137.0367,35.1922],[137.0359,35.1925],[137.0347,35.1924],[137.0343,35.1926],[137.0326,35.1922],[137.0323,35.1918],[137.0318,35.1912],[137.0303,35.1909],[137.03,35.1905],[137.0287,35.1907],[137.0284,35.1901],[137.0267,35.191],[137.0243,35.1912],[137.0232,35.1912],[137.0217,35.1908],[137.02,35.1907],[137.0194,35.1899],[137.0179,35.1883],[137.0184,35.188],[137.0208,35.1873],[137.0221,35.1871],[137.0229,35.1868],[137.0238,35.1864],[137.0247,35.1861],[137.0258,35.1851],[137.0262,35.1841],[137.0262,35.1834],[137.0256,35.1826],[137.0259,35.182],[137.0256,35.1816],[137.0262,35.181],[137.0268,35.1794],[137.0265,35.1788],[137.0265,35.1776],[137.0261,35.1769],[137.0263,35.1761],[137.026,35.1753],[137.0246,35.1753],[137.0227,35.1752],[137.0226,35.1746],[137.0221,35.1741],[137.0225,35.1736],[137.0234,35.1735],[137.024,35.1738],[137.0243,35.1736],[137.0244,35.1731],[137.0251,35.1732],[137.0253,35.1727],[137.0248,35.1719],[137.0249,35.1715],[137.0255,35.1712],[137.0255,35.1703],[137.0262,35.17],[137.0267,35.17],[137.0275,35.1693],[137.0275,35.1687],[137.0264,35.1669],[137.025,35.1655],[137.0247,35.165],[137.0229,35.1632],[137.023,35.1627],[137.0242,35.1627],[137.024,35.1621],[137.0244,35.1607],[137.0247,35.1604],[137.0249,35.1594],[137.0251,35.159],[137.0251,35.1581],[137.0257,35.1573],[137.0264,35.1568],[137.027,35.1562],[137.0277,35.1559],[137.0281,35.1553],[137.0291,35.1554],[137.0295,35.1558],[137.0302,35.1556],[137.0313,35.1548],[137.0318,35.1548],[137.0319,35.1559],[137.0322,35.1563],[137.0328,35.1565],[137.033,35.1575],[137.0345,35.1586],[137.0351,35.1591],[137.0358,35.1602],[137.0361,35.1605],[137.0369,35.1605],[137.0378,35.1603],[137.0385,35.1606],[137.0395,35.1609],[137.0406,35.1628],[137.0414,35.163],[137.0423,35.1634],[137.0436,35.1628],[137.0441,35.1629],[137.0449,35.1634],[137.0451,35.1642],[137.0457,35.1647],[137.0469,35.1663],[137.0469,35.1666],[137.0481,35.1678],[137.0495,35.1683],[137.0499,35.1681],[137.0503,35.1674],[137.0507,35.1674],[137.051,35.1669],[137.052,35.1671],[137.0556,35.1677],[137.057,35.1682],[137.0579,35.1688],[137.0584,35.169],[137.0591,35.1689],[137.0591,35.168],[137.0597,35.1678],[137.059,35.166],[137.0585,35.1657],[137.0583,35.1651],[137.0589,35.1645],[137.0591,35.1639],[137.0586,35.1634],[137.0592,35.1624],[137.0596,35.1623],[137.0609,35.1618],[137.0615,35.1613],[137.0624,35.1609],[137.0641,35.1609],[137.0644,35.1606],[137.0654,35.1603],[137.0676,35.1603],[137.0686,35.1599],[137.0692,35.1595],[137.0702,35.1592],[137.0708,35.1589],[137.0725,35.1588],[137.0742,35.1583],[137.0761,35.1582],[137.0782,35.1585],[137.0793,35.1585],[137.0806,35.1586],[137.0815,35.159],[137.0826,35.1587],[137.0832,35.1581],[137.0836,35.1575],[137.0843,35.1574],[137.0848,35.1582],[137.0852,35.1582],[137.0864,35.1579],[137.087,35.158],[137.0875,35.1575],[137.0881,35.1572],[137.0896,35.1572],[137.0904,35.1574],[137.091,35.1574],[137.0922,35.1579],[137.0949,35.1578],[137.0961,35.1572]]]},"properties":{"N03_001":"愛知県","N03_002":"","N03_003":"","N03_004":"長久手市","N03_007":"23238"}},
{"type":"Feature","geometry":{"type":"Polygon","coordinates":[[[137.045,35.0692],[137.0459,35.0696],[137.0468,35.0704],[137.0472,35.071],[137.0478,35.0725],[137.0499,35.0758],[137.0506,35.0786],[137.0514,35.0805],[137.0542,35.0855],[137.055,35.0877],[137.0553,35.0887],[137.0553,35.0895],[137.0557,35.091],[137.056,35.0913],[137.0581,35.0923],[137.0593,35.0928],[137.0617,35.0947],[137.0636,35.0958],[137.066,35.0966],[137.0663,35.0966],[137.0674,35.0963],[137.0684,35.0957],[137.0688,35.0956],[137.0699,35.0961],[137.0703,35.0962],[137.0712,35.0956],[137.0721,35.0964],[137.0733,35.0972],[137.0737,35.0973],[137.0748,35.0971],[137.0753,35.0972],[137.0763,35.0979],[137.0767,35.0985],[137.0783,35.0986],[137.0794,35.0983],[137.0803,35.0977],[137.0815,35.0974],[137.082,35.0974],[137.0833,35.0985],[137.0851,35.0992],[137.0862,35.0993],[137.087,35.0999],[137.0879,35.1012],[137.088,35.1033],[137.0878,35.1042],[137.0867,35.1043],[137.0853,35.1048],[137.0853,35.1049],[137.0859,35.1058],[137.0861,35.1064],[137.0865,35.1079],[137.0867,35.1084],[137.0864,35.1107],[137.0867,35.1117],[137.0871,35.1126],[137.0869,35.1135],[137.0871,35.1144],[137.088,35.1157],[137.0883,35.1168],[137.0881,35.1175],[137.0878,35.1182],[137.0882,35.1192],[137.0884,35.1202],[137.0888,35.1212],[137.0889,35.1219],[137.0893,35.1231],[137.089,35.1237],[137.087,35.1249],[137.0857,35.1252],[137.0845,35.1253],[137.0841,35.1243],[137.0835,35.1242],[137.0831,35.1234],[137.0825,35.1231],[137.0823,35.1222],[137.0818,35.1218],[137.0813,35.1211],[137.0806,35.1208],[137.0791,35.1199],[137.0784,35.1199],[137.0773,35.1195],[137.0754,35.1193],[137.0738,35.1196],[137.0728,35.1203],[137.0724,35.1207],[137.0717,35.1208],[137.0714,35.1211],[137.0699,35.1213],[137.0677,35.1211],[137.0667,35.1208],[137.066,35.1202],[137.0643,35.1195],[137.0629,35.1194],[137.0622,35.1191],[137.0622,35.1185],[137.0627,35.116],[137.0612,35.1156],[137.0606,35.1151],[137.0592,35.1152],[137.0573,35.1157],[137.0569,35.116],[137.0561,35.1159],[137.0535,35.1161],[137.0531,35.1158],[137.0527,35.1151],[137.0522,35.1141],[137.0517,35.1134],[137.0501,35.1122],[137.0495,35.112],[137.0484,35.112],[137.0481,35.1128],[137.0477,35.1135],[137.0468,35.1134],[137.0467,35.1137],[137.0462,35.1139],[137.0457,35.1137],[137.0448,35.1136],[137.0447,35.1135],[137.0448,35.1124],[137.043,35.1117],[137.0421,35.1117],[137.042,35.1115],[137.0429,35.1113],[137.0422,35.1107],[137.0417,35.11],[137.0409,35.1095],[137.0398,35.1086],[137.0394,35.1087],[137.0382,35.1099],[137.0367,35.1112],[137.0356,35.1113],[137.034,35.1122],[137.0329,35.1127],[137.0313,35.1138],[137.0321,35.1127],[137.0315,35.1123],[137.0308,35.1123],[137.0295,35.1113],[137.0286,35.1111],[137.0281,35.1103],[137.0272,35.1088],[137.0256,35.1084],[137.024,35.1079],[137.0234,35.1089],[137.0211,35.1098],[137.0223,35.106],[137.0222,35.1047],[137.0227,35.1038],[137.0234,35.1027],[137.0234,35.102],[137.0225,35.101],[137.0226,35.1004],[137.0229,35.1],[137.0226,35.0989],[137.0216,35.0973],[137.02,35.0961],[137.0206,35.0956],[137.0206,35.0948],[137.0215,35.0931],[137.0215,35.0912],[137.0229,35.0893],[137.0236,35.0897],[137.0238,35.0894],[137.0247,35.0895],[137.0255,35.09],[137.0257,35.0897],[137.0265,35.0902],[137.0269,35.0908],[137.0276,35.0912],[137.0283,35.0907],[137.0273,35.0898],[137.0274,35.0892],[137.0272,35.0887],[137.027,35.0871],[137.0273,35.0864],[137.0274,35.0853],[137.0289,35.085],[137.029,35.0842],[137.0295,35.0841],[137.0301,35.0846],[137.0306,35.0844],[137.0321,35.0849],[137.0331,35.0848],[137.0332,35.0845],[137.0338,35.0842],[137.035,35.0841],[137.0355,35.0839],[137.0362,35.0829],[137.0366,35.0825],[137.0367,35.0818],[137.0371,35.0808],[137.0394,35.0796],[137.0407,35.0796],[137.0412,35.0793],[137.0412,35.0789],[137.0409,35.0782],[137.0413,35.0769],[137.0405,35.0763],[137.0403,35.0759],[137.0407,35.0755],[137.0406,35.0751],[137.0414,35.0746],[137.042,35.0748],[137.0426,35.0745],[137.0428,35.0739],[137.0422,35.0732],[137.0411,35.0726],[137.0412,35.072],[137.0417,35.0717],[137.0426,35.0715],[137.043,35.0707],[137.0429,35.0699],[137.0426,35.0693],[137.0426,35.0685],[137.0429,35.0679],[137.044,35.0686],[137.045,35.0692]]]},"properties":{"N03_001":"愛知県","N03_002":"","N03_003":"愛知郡","N03_004":"東郷町","N03_007":"23302"}},
{"type":"Feature","geometry":{"type":"Polygon","coordinates":[[[136.903,35.2404],[136.9045,35.2396],[136.9061,35.24],[136.9087,35.2404],[136.9094,35.24],[136.9106,35.2392],[136.911,35.2387],[136.9111,35.2381],[136.9108,35.2364],[136.911,35.236],[136.912,35.2361],[136.9128,35.2367],[136.9143,35.2373],[136.9154,35.2374],[136.9174,35.2373],[136.9189,35.2382],[136.9197,35.2379],[136.9204,35.2383],[136.9208,35.2393],[136.9215,35.2402],[136.9224,35.241],[136.9236,35.2412],[136.9242,35.2407],[136.9249,35.2413],[136.925,35.2422],[136.9257,35.243],[136.9268,35.2426],[136.9315,35.2466],[136.9314,35.2468],[136.9304,35.2466],[136.9307,35.248],[136.9309,35.2482],[136.9318,35.2485],[136.9322,35.2489],[136.9322,35.2494],[136.9311,35.2495],[136.931,35.2499],[136.9313,35.2503],[136.9309,35.2522],[136.9309,35.2528],[136.9301,35.2534],[136.9298,35.2534],[136.9285,35.2547],[136.9281,35.2553],[136.9284,35.2561],[136.9294,35.2565],[136.9295,35.2568],[136.9301,35.2575],[136.9294,35.2578],[136.9299,35.2581],[136.9308,35.2573],[136.9312,35.2575],[136.9314,35.2583],[136.9309,35.2594],[136.9299,35.2591],[136.9297,35.2595],[136.929,35.2593],[136.9282,35.2603],[136.9265,35.26],[136.926,35.2609],[136.925,35.2612],[136.9245,35.2621],[136.9241,35.2624],[136.9237,35.2634],[136.9225,35.2638],[136.9215,35.264],[136.92,35.2638],[136.9188,35.2645],[136.9179,35.2651],[136.9172,35.2652],[136.9151,35.2645],[136.9145,35.2644],[136.9132,35.264],[136.9101,35.2623],[136.9094,35.2618],[136.9086,35.2616],[136.9076,35.2608],[136.9062,35.2599],[136.9059,35.2593],[136.9055,35.259],[136.9049,35.2588],[136.9046,35.2577],[136.9044,35.2563],[136.9042,35.2555],[136.9023,35.2555],[136.902,35.2539],[136.9015,35.2527],[136.9019,35.252],[136.9048,35.2486],[136.9036,35.247],[136.9022,35.2452],[136.9019,35.2444],[136.9018,35.2432],[136.9021,35.2417],[136.9021,35.241],[136.903,35.2404]]]},"properties":{"N03_001":"愛知県","N03_002":"","N03_003":"西春日井郡","N03_004":"豊山町","N03_007":"23342"}},
{"type":"Feature","geometry":{"type":"Polygon","coordinates":[[[136.8996,35.3413],[136.8996,35.3409],[136.8971,35.3382],[136.8965,35.3374],[136.8963,35.3369],[136.8945,35.3354],[136.8942,35.3345],[136.8929,35.332],[136.8911,35.3296],[136.8922,35.3292],[136.8915,35.328],[136.8902,35.3253],[136.8904,35.325],[136.8916,35.3245],[136.8909,35.3231],[136.8902,35.3233],[136.8894,35.3217],[136.8891,35.3213],[136.8873,35.3213],[136.8855,35.3213],[136.8849,35.3207],[136.8836,35.3184],[136.8836,35.318],[136.8841,35.3172],[136.8841,35.3168],[136.8838,35.3165],[136.8834,35.3149],[136.8831,35.3141],[136.8828,35.3122],[136.8828,35.3115],[136.883,35.3102],[136.8829,35.3092],[136.8888,35.3069],[136.8884,35.3061],[136.8875,35.3046],[136.8881,35.3045],[136.8891,35.3062],[136.8894,35.3064],[136.8908,35.3068],[136.8912,35.3068],[136.8925,35.3061],[136.8926,35.3057],[136.895,35.306],[136.8959,35.3066],[136.8959,35.307],[136.8954,35.3079],[136.8958,35.3087],[136.8956,35.3093],[136.898,35.309],[136.8985,35.309],[136.8985,35.3096],[136.8993,35.31],[136.9004,35.31],[136.9007,35.3101],[136.9006,35.3108],[136.9012,35.3119],[136.9016,35.3125],[136.902,35.3124],[136.903,35.314],[136.9046,35.3134],[136.905,35.314],[136.9067,35.3132],[136.9076,35.3151],[136.9074,35.3153],[136.9075,35.3168],[136.906,35.3168],[136.906,35.3175],[136.9065,35.3184],[136.907,35.3184],[136.9072,35.3187],[136.9068,35.3191],[136.9072,35.3202],[136.9078,35.3209],[136.909,35.3216],[136.9098,35.322],[136.9102,35.3218],[136.9101,35.3227],[136.911,35.3231],[136.912,35.3238],[136.9126,35.3243],[136.913,35.3251],[136.9136,35.3251],[136.9136,35.3257],[136.9142,35.326],[136.9148,35.3258],[136.9154,35.3259],[136.9155,35.3244],[136.9147,35.3239],[136.9144,35.3231],[136.9146,35.3228],[136.914,35.3212],[136.914,35.3209],[136.9137,35.32],[136.9141,35.3199],[136.9153,35.3192],[136.9163,35.3192],[136.9168,35.319],[136.9182,35.319],[136.9181,35.3193],[136.9198,35.319],[136.9199,35.3194],[136.921,35.3192],[136.9218,35.3193],[136.924,35.3231],[136.9244,35.3239],[136.925,35.3239],[136.925,35.3249],[136.927,35.3259],[136.9275,35.326],[136.928,35.3268],[136.9291,35.3275],[136.9297,35.3276],[136.9312,35.3286],[136.9323,35.33],[136.9325,35.3304],[136.9323,35.3313],[136.9331,35.3318],[136.9333,35.3321],[136.9335,35.3333],[136.9334,35.3336],[136.9335,35.335],[136.9332,35.3362],[136.9333,35.3365],[136.9339,35.3377],[136.9348,35.3391],[136.9352,35.3399],[136.9353,35.3411],[136.9357,35.3418],[136.9366,35.3425],[136.9367,35.3438],[136.9362,35.3439],[136.936,35.345],[136.9356,35.3456],[136.9356,35.346],[136.9376,35.3475],[136.938,35.3479],[136.9381,35.3504],[136.9386,35.3509],[136.9391,35.3511],[136.9409,35.3512],[136.9409,35.3516],[136.9416,35.3523],[136.9418,35.3544],[136.942,35.3552],[136.9419,35.3566],[136.9419,35.3587],[136.9418,35.3592],[136.9407,35.3592],[136.9404,35.3603],[136.9398,35.3613],[136.9396,35.3603],[136.9392,35.3598],[136.9398,35.3592],[136.9387,35.3583],[136.9387,35.358],[136.9388,35.3559],[136.9393,35.3557],[136.9389,35.3549],[136.9371,35.3535],[136.9369,35.3525],[136.9368,35.3508],[136.9367,35.3506],[136.9356,35.3505],[136.9355,35.35],[136.93,35.3497],[136.93,35.3507],[136.9281,35.3503],[136.9277,35.3503],[136.9271,35.3501],[136.9253,35.3505],[136.9226,35.3509],[136.9196,35.3515],[136.9191,35.3517],[136.9172,35.3505],[136.9158,35.35],[136.9146,35.3499],[136.9137,35.3495],[136.9125,35.3486],[136.9119,35.3481],[136.9097,35.3491],[136.9088,35.348],[136.9072,35.3459],[136.9068,35.3452],[136.9045,35.3455],[136.9039,35.3455],[136.903,35.345],[136.901,35.3434],[136.9008,35.3431],[136.8998,35.342],[136.8996,35.3413]]]},"properties":{"N03_001":"愛知県","N03_002":"","N03_003":"丹羽郡","N03_004":"大口町","N03_007":"23361"}},
{"type":"Feature","geometry":{"type":"Polygon","coordinates":[[[136.8927,35.3781],[136.8934,35.3769],[136.8939,35.3762],[136.8947,35.3749],[136.8957,35.375],[136.8964,35.3747],[136.8969,35.3741],[136.8974,35.3739],[136.8985,35.3732],[136.8986,35.3727],[136.8991,35.3719],[136.8989,35.3718],[136.8978,35.3699],[136.8972,35.3687],[136.8964,35.3675],[136.896,35.3666],[136.8963,35.3658],[136.8959,35.365],[136.8959,35.3642],[136.8962,35.3633],[136.8953,35.3619],[136.8948,35.3614],[136.8957,35.3607],[136.8963,35.36],[136.8964,35.3597],[136.8955,35.3586],[136.8942,35.3565],[136.893,35.355],[136.8919,35.3538],[136.8925,35.353],[136.8932,35.3514],[136.8941,35.35],[136.8941,35.349],[136.8943,35.3482],[136.8949,35.3474],[136.8951,35.3467],[136.8932,35.3455],[136.8921,35.3449],[136.892,35.3446],[136.8934,35.3432],[136.8943,35.3427],[136.8949,35.3425],[136.8975,35.342],[136.8996,35.3413],[136.8998,35.342],[136.9008,35.3431],[136.901,35.3434],[136.903,35.345],[136.9039,35.3455],[136.9045,35.3455],[136.9068,35.3452],[136.9072,35.3459],[136.9088,35.348],[136.9097,35.3491],[136.9119,35.3481],[136.9125,35.3486],[136.9137,35.3495],[136.9146,35.3499],[136.9158,35.35],[136.9172,35.3505],[136.9191,35.3517],[136.9196,35.3515],[136.9226,35.3509],[136.9253,35.3505],[136.9271,35.3501],[136.9277,35.3503],[136.9281,35.3503],[136.93,35.3507],[136.93,35.3497],[136.9355,35.35],[136.9356,35.3505],[136.9367,35.3506],[136.9368,35.3508],[136.9369,35.3525],[136.9371,35.3535],[136.9389,35.3549],[136.9393,35.3557],[136.9388,35.3559],[136.9387,35.358],[136.9387,35.3583],[136.9398,35.3592],[136.9392,35.3598],[136.9396,35.3603],[136.9398,35.3613],[136.9397,35.3616],[136.9386,35.3617],[136.937,35.3626],[136.9365,35.3625],[136.9366,35.3641],[136.9374,35.3658],[136.9372,35.3669],[136.9369,35.3677],[136.9367,35.3685],[136.9363,35.3693],[136.9352,35.3702],[136.9335,35.3709],[136.933,35.3709],[136.9319,35.3695],[136.9306,35.3678],[136.9291,35.3682],[136.9281,35.3686],[136.927,35.3689],[136.9264,35.3691],[136.9256,35.3681],[136.9255,35.3671],[136.9244,35.3673],[136.9235,35.3679],[136.9218,35.3664],[136.921,35.3666],[136.9208,35.3669],[136.9212,35.3674],[136.921,35.3679],[136.9201,35.3683],[136.9191,35.3691],[136.9169,35.3715],[136.9176,35.3721],[136.9193,35.3731],[136.9217,35.3747],[136.9232,35.3755],[136.9233,35.3758],[136.9226,35.3772],[136.9215,35.379],[136.9171,35.3782],[136.9143,35.3778],[136.9123,35.3777],[136.9085,35.3776],[136.9043,35.3777],[136.8997,35.3779],[136.8949,35.3781],[136.8927,35.3781]]]},"properties":{"N03_001":"愛知県","N03_002":"","N03_003":"丹羽郡","N03_004":"扶桑町","N03_007":"23362"}},
{"type":"Feature","geometry":{"type":"Polygon","coordinates":[[[136.8333,35.1649],[136.8334,35.1661],[136.834,35.1674],[136.8349,35.1685],[136.8355,35.1694],[136.8385,35.1717],[136.84,35.173],[136.8411,35.1741],[136.8391,35.1756],[136.838,35.176],[136.8369,35.1767],[136.8374,35.1774],[136.8378,35.1778],[136.8378,35.1793],[136.8375,35.1795],[136.8374,35.1818],[136.8368,35.1827],[136.8364,35.1827],[136.8364,35.1833],[136.8358,35.1836],[136.8351,35.1835],[136.835,35.1852],[136.8332,35.1852],[136.8331,35.1848],[136.8334,35.1837],[136.833,35.1836],[136.8332,35.1822],[136.833,35.1804],[136.8325,35.1787],[136.8289,35.1791],[136.8271,35.1794],[136.8272,35.1797],[136.8259,35.1802],[136.8249,35.1803],[136.8238,35.1802],[136.8235,35.1804],[136.8237,35.181],[136.8237,35.1823],[136.8239,35.1833],[136.8234,35.1845],[136.8234,35.1859],[136.8235,35.1873],[136.8224,35.1873],[136.814,35.1873],[136.814,35.1896],[136.8138,35.1909],[136.8131,35.1909],[136.8132,35.1902],[136.8103,35.1902],[136.8091,35.1901],[136.8089,35.1818],[136.809,35.179],[136.8091,35.1775],[136.8085,35.1749],[136.8079,35.1736],[136.8073,35.1719],[136.8072,35.1713],[136.8072,35.1696],[136.8076,35.1696],[136.8078,35.1682],[136.8079,35.1675],[136.8085,35.1673],[136.8095,35.1676],[136.8098,35.1678],[136.8109,35.1679],[136.8138,35.1675],[136.8144,35.1667],[136.8143,35.1657],[136.8162,35.165],[136.818,35.1646],[136.8184,35.1646],[136.8181,35.162],[136.8183,35.1612],[136.8173,35.161],[136.8174,35.1596],[136.8172,35.159],[136.8181,35.1588],[136.8198,35.1585],[136.8249,35.1579],[136.8265,35.158],[136.8273,35.1579],[136.8277,35.1576],[136.8283,35.1576],[136.8289,35.1574],[136.8302,35.1573],[136.8315,35.1578],[136.8316,35.1581],[136.8341,35.1578],[136.836,35.1578],[136.8359,35.1582],[136.835,35.1585],[136.8326,35.1594],[136.832,35.1601],[136.8318,35.1606],[136.8318,35.1613],[136.8315,35.1618],[136.8318,35.1621],[136.8318,35.1627],[136.8313,35.1634],[136.8315,35.164],[136.8313,35.1647],[136.8317,35.1652],[136.8323,35.1649],[136.8333,35.1649]]]},"properties":{"N03_001":"愛知県","N03_002":"","N03_003":"海部郡","N03_004":"大治町","N03_007":"23424"}},
{"type":"Feature","geometry":{"type":"Polygon","coordinates":[[[136.7699,35.1183],[136.7712,35.1175],[136.7723,35.1163],[136.7738,35.1146],[136.7742,35.1146],[136.7749,35.1142],[136.7762,35.1137],[136.7759,35.1131],[136.7772,35.1129],[136.7783,35.1129],[136.7791,35.1128],[136.7803,35.1131],[136.7806,35.1127],[136.7817,35.1121],[136.7823,35.1123],[136.7846,35.1114],[136.7852,35.1111],[136.7858,35.1102],[136.7864,35.1092],[136.7873,35.108],[136.7879,35.1076],[136.7882,35.1069],[136.7885,35.1059],[136.7946,35.1009],[136.7963,35.0995],[136.7964,35.0986],[136.7962,35.0976],[136.7969,35.0974],[136.7972,35.0973],[136.7975,35.0971],[136.7978,35.097],[136.7979,35.0969],[136.7979,35.0975],[136.7979,35.0977],[136.798,35.0989],[136.798,35.1],[136.7981,35.1011],[136.7981,35.1014],[136.7981,35.1019],[136.7979,35.1025],[136.7977,35.1034],[136.7975,35.1041],[136.7972,35.1045],[136.7967,35.1052],[136.7964,35.1057],[136.7962,35.106],[136.7957,35.107],[136.7953,35.1079],[136.795,35.1083],[136.795,35.1084],[136.7949,35.1085],[136.7947,35.1086],[136.7942,35.109],[136.7939,35.1092],[136.7936,35.1094],[136.7934,35.1095],[136.7933,35.1096],[136.7932,35.1097],[136.7931,35.1098],[136.7928,35.1104],[136.7927,35.1105],[136.7926,35.1108],[136.7925,35.1111],[136.7925,35.1112],[136.7924,35.1113],[136.7924,35.1114],[136.7923,35.1115],[136.7921,35.1119],[136.792,35.1122],[136.792,35.1123],[136.792,35.1124],[136.792,35.1126],[136.7921,35.1127],[136.7921,35.113],[136.7922,35.1131],[136.7922,35.1133],[136.7922,35.1138],[136.7922,35.114],[136.7922,35.1141],[136.7922,35.1142],[136.7922,35.1144],[136.7923,35.1145],[136.7923,35.1147],[136.7923,35.1149],[136.7925,35.1153],[136.7926,35.1154],[136.7929,35.116],[136.7928,35.1161],[136.7928,35.1162],[136.7928,35.1164],[136.7929,35.1167],[136.793,35.1171],[136.7932,35.1177],[136.7933,35.1179],[136.7934,35.1183],[136.7936,35.1187],[136.7936,35.1188],[136.7935,35.1189],[136.7934,35.119],[136.7933,35.1191],[136.7931,35.1192],[136.7933,35.1197],[136.7934,35.1198],[136.7934,35.1199],[136.7935,35.12],[136.7936,35.1203],[136.7936,35.1204],[136.7937,35.1204],[136.7937,35.1205],[136.7938,35.1209],[136.7938,35.121],[136.7939,35.1211],[136.7939,35.1212],[136.794,35.1213],[136.794,35.1215],[136.7939,35.1216],[136.7938,35.1217],[136.7937,35.1217],[136.7937,35.1218],[136.7936,35.1218],[136.7937,35.1221],[136.7938,35.122],[136.7941,35.122],[136.7942,35.122],[136.7943,35.122],[136.7944,35.122],[136.7945,35.122],[136.7955,35.122],[136.797,35.1219],[136.7971,35.1219],[136.7976,35.1219],[136.798,35.1236],[136.7974,35.1239],[136.7974,35.1247],[136.7976,35.1249],[136.7973,35.1255],[136.7975,35.1263],[136.7974,35.127],[136.7974,35.1282],[136.7979,35.1282],[136.8005,35.1281],[136.8017,35.1279],[136.8022,35.1286],[136.8028,35.1293],[136.8026,35.1299],[136.8022,35.1303],[136.8024,35.1309],[136.8019,35.1318],[136.8014,35.1319],[136.8014,35.1324],[136.8001,35.1325],[136.8001,35.1327],[136.8,35.1366],[136.8001,35.1389],[136.8004,35.1415],[136.8007,35.143],[136.8013,35.1458],[136.8006,35.1459],[136.8009,35.148],[136.8001,35.148],[136.7964,35.1483],[136.7961,35.1475],[136.7936,35.1477],[136.7937,35.1497],[136.793,35.1501],[136.7928,35.1506],[136.7916,35.1503],[136.7913,35.1504],[136.79,35.1502],[136.7883,35.1503],[136.7873,35.1499],[136.7867,35.1499],[136.7859,35.1507],[136.7857,35.1514],[136.786,35.1527],[136.7865,35.1545],[136.7865,35.1547],[136.7858,35.1551],[136.7855,35.155],[136.7851,35.1558],[136.7851,35.1574],[136.7845,35.1574],[136.7844,35.1571],[136.7847,35.1563],[136.7851,35.1554],[136.7846,35.1549],[136.7839,35.1544],[136.7843,35.1536],[136.7844,35.1531],[136.784,35.1524],[136.7827,35.1511],[136.7822,35.1497],[136.781,35.1495],[136.7796,35.1494],[136.7782,35.1492],[136.776,35.149],[136.7751,35.1493],[136.7746,35.1498],[136.7749,35.1506],[136.7745,35.1506],[136.7726,35.1491],[136.7725,35.1491],[136.7707,35.1478],[136.7709,35.1476],[136.7704,35.1469],[136.7699,35.1458],[136.77,35.1455],[136.7697,35.1447],[136.7696,35.1441],[136.7698,35.1435],[136.7703,35.1429],[136.7714,35.1424],[136.7722,35.1414],[136.7725,35.1408],[136.7728,35.1385],[136.7727,35.1383],[136.7711,35.1377],[136.7709,35.1369],[136.7719,35.1364],[136.772,35.1362],[136.7719,35.1346],[136.7717,35.1332],[136.7716,35.1324],[136.772,35.1318],[136.7733,35.1318],[136.7734,35.1315],[136.7723,35.1316],[136.7728,35.1301],[136.7732,35.1299],[136.7733,35.1289],[136.7735,35.1281],[136.7734,35.1276],[136.7727,35.127],[136.7727,35.1259],[136.7718,35.1253],[136.7711,35.1238],[136.7694,35.1242],[136.7685,35.124],[136.7683,35.1244],[136.768,35.1255],[136.7678,35.1254],[136.7672,35.1263],[136.7661,35.1269],[136.7657,35.127],[136.7644,35.1269],[136.7641,35.1263],[136.7647,35.1245],[136.7644,35.1237],[136.7646,35.1232],[136.7639,35.1228],[136.7647,35.1225],[136.7651,35.1222],[136.7655,35.1222],[136.7665,35.1219],[136.7672,35.1214],[136.7683,35.1212],[136.7712,35.1202],[136.7711,35.1198],[136.7699,35.1183]]]},"properties":{"N03_001":"愛知県","N03_002":"","N03_003":"海部郡","N03_004":"蟹江町","N03_007":"23425"}},
{"type":"Feature","geometry":{"type":"Polygon","coordinates":[[[136.8083,35.0485],[136.81,35.0485],[136.8101,35.0363],[136.8108,35.0362],[136.8109,35.0267],[136.8124,35.0257],[136.8173,35.0266],[136.8178,35.0266],[136.8179,35.026],[136.826,35.0275],[136.8259,35.0282],[136.8356,35.0301],[136.8361,35.0296],[136.839,35.0302],[136.8359,35.0375],[136.8309,35.0494],[136.83,35.0493],[136.81,35.0493],[136.81,35.0485],[136.8083,35.0485]]]},"properties":{"N03_001":"愛知県","N03_002":"","N03_003":"海部郡","N03_004":"飛島村","N03_007":"23427"}},
{"type":"Feature","geometry":{"type":"Polygon","coordinates":[[[136.8798,34.9181],[136.881,34.9165],[136.8825,34.9148],[136.8827,34.9146],[136.8845,34.9127],[136.8848,34.9124],[136.886,34.9121],[136.8862,34.912],[136.8869,34.911],[136.8876,34.9109],[136.8889,34.9114],[136.891,34.9113],[136.8923,34.9113],[136.8932,34.911],[136.8941,34.9111],[136.8949,34.9114],[136.8959,34.9122],[136.8964,34.9116],[136.8972,34.912],[136.8967,34.9128],[136.8985,34.9139],[136.8993,34.9142],[136.9007,34.9141],[136.9011,34.9141],[136.9037,34.9136],[136.9049,34.9137],[136.9057,34.9134],[136.9066,34.9128],[136.908,34.9129],[136.9088,34.9126],[136.9097,34.9126],[136.9103,34.9122],[136.9108,34.9117],[136.9116,34.9115],[136.9117,34.912],[136.9125,34.9116],[136.9135,34.9114],[136.9138,34.9108],[136.9151,34.9106],[136.9157,34.9107],[136.9165,34.9116],[136.917,34.9124],[136.9173,34.9126],[136.9195,34.9132],[136.9216,34.9127],[136.9221,34.9123],[136.9226,34.9123],[136.9243,34.9136],[136.925,34.9138],[136.9258,34.9137],[136.9267,34.9135],[136.9273,34.9131],[136.9271,34.9123],[136.9273,34.9116],[136.9284,34.9108],[136.9293,34.9108],[136.9297,34.911],[136.9307,34.9119],[136.9316,34.9123],[136.9326,34.9133],[136.9369,34.9105],[136.9382,34.9117],[136.9371,34.9127],[136.9366,34.9134],[136.9352,34.9143],[136.934,34.9148],[136.9333,34.915],[136.9332,34.9155],[136.934,34.9162],[136.934,34.9166],[136.9346,34.919],[136.9346,34.9194],[136.9342,34.92],[136.9336,34.9207],[136.9336,34.9227],[136.9337,34.9232],[136.9344,34.9239],[136.9356,34.9247],[136.9374,34.9267],[136.9359,34.9276],[136.9355,34.9285],[136.936,34.9307],[136.9362,34.9312],[136.9371,34.9317],[136.9373,34.9323],[136.9381,34.9325],[136.9385,34.9327],[136.9383,34.9341],[136.9384,34.9349],[136.9385,34.9362],[136.9392,34.9372],[136.94,34.9371],[136.9409,34.9372],[136.9411,34.9376],[136.9411,34.939],[136.942,34.9397],[136.9433,34.9408],[136.9443,34.9418],[136.9442,34.9421],[136.9436,34.944],[136.9431,34.944],[136.9427,34.9443],[136.9424,34.9456],[136.9419,34.9459],[136.9401,34.9464],[136.9401,34.9465],[136.9406,34.9483],[136.9395,34.9485],[136.9393,34.95],[136.9384,34.9502],[136.9365,34.9503],[136.9372,34.9516],[136.9368,34.9519],[136.9362,34.9515],[136.9356,34.9507],[136.9346,34.951],[136.933,34.9523],[136.9324,34.9527],[136.9308,34.9533],[136.9306,34.9538],[136.9294,34.9547],[136.928,34.9545],[136.9275,34.9546],[136.9263,34.9555],[136.9266,34.9558],[136.9265,34.9564],[136.9248,34.9584],[136.9243,34.9581],[136.9234,34.9583],[136.9226,34.9589],[136.9214,34.9592],[136.921,34.9596],[136.9208,34.96],[136.9204,34.9604],[136.9204,34.961],[136.9195,34.9619],[136.9188,34.9622],[136.9181,34.9622],[136.918,34.9627],[136.9173,34.9627],[136.9171,34.9627],[136.9168,34.9626],[136.9167,34.9626],[136.9166,34.9626],[136.9164,34.9627],[136.9163,34.9627],[136.9161,34.9626],[136.916,34.9625],[136.9157,34.9625],[136.9152,34.9624],[136.915,34.9623],[136.9149,34.9623],[136.9149,34.9622],[136.9149,34.9621],[136.9148,34.9618],[136.9148,34.9613],[136.9147,34.9612],[136.9147,34.9611],[136.9147,34.961],[136.9147,34.9609],[136.9146,34.9609],[136.9143,34.9607],[136.9138,34.9605],[136.9136,34.9604],[136.9135,34.9604],[136.9134,34.9603],[136.9134,34.9602],[136.9133,34.9601],[136.9132,34.9601],[136.9132,34.96],[136.9131,34.96],[136.9129,34.9599],[136.9129,34.9596],[136.9128,34.9596],[136.9127,34.9595],[136.9126,34.9595],[136.9125,34.9594],[136.9124,34.9593],[136.9123,34.9591],[136.9123,34.959],[136.9122,34.9589],[136.9121,34.9588],[136.912,34.9587],[136.9119,34.9586],[136.9119,34.9585],[136.9118,34.9584],[136.9118,34.9583],[136.9118,34.9582],[136.9117,34.958],[136.9117,34.9579],[136.9117,34.9578],[136.9116,34.9577],[136.9115,34.9576],[136.9114,34.9576],[136.9113,34.9576],[136.9113,34.9572],[136.9112,34.9569],[136.9111,34.9565],[136.911,34.9563],[136.9109,34.9562],[136.9108,34.9562],[136.9107,34.9561],[136.9104,34.9561],[136.9099,34.9562],[136.9094,34.9562],[136.9092,34.9562],[136.9088,34.956],[136.9085,34.9559],[136.9084,34.9558],[136.9083,34.9558],[136.9082,34.9558],[136.9082,34.9557],[136.9081,34.9556],[136.9082,34.955],[136.9082,34.9549],[136.9083,34.9549],[136.9083,34.9548],[136.9086,34.9548],[136.91,34.9549],[136.9105,34.9549],[136.9108,34.9548],[136.9109,34.9547],[136.911,34.9547],[136.9111,34.9547],[136.9112,34.9547],[136.9112,34.9546],[136.9113,34.9546],[136.9114,34.9546],[136.9114,34.9545],[136.9115,34.9545],[136.9115,34.9544],[136.9115,34.9543],[136.9115,34.9542],[136.9112,34.9543],[136.9111,34.9544],[136.911,34.9544],[136.9109,34.9542],[136.9109,34.954],[136.9108,34.9539],[136.9108,34.9537],[136.9108,34.9536],[136.9107,34.9535],[136.9106,34.9534],[136.9105,34.9533],[136.9104,34.9533],[136.9102,34.9532],[136.91,34.9531],[136.9096,34.9531],[136.9094,34.953],[136.9089,34.9529],[136.9083,34.9527],[136.908,34.9527],[136.9079,34.9526],[136.9078,34.9526],[136.9077,34.9527],[136.907,34.9527],[136.9069,34.9526],[136.9068,34.9526],[136.9067,34.9525],[136.9066,34.9525],[136.9066,34.9524],[136.9065,34.9524],[136.9062,34.9523],[136.9061,34.9523],[136.906,34.9523],[136.9059,34.9524],[136.9058,34.9524],[136.9057,34.9524],[136.9057,34.9525],[136.9056,34.9525],[136.9055,34.9526],[136.9054,34.9526],[136.9053,34.9528],[136.9052,34.9529],[136.9051,34.953],[136.905,34.9532],[136.9049,34.9533],[136.9048,34.9534],[136.9047,34.9534],[136.9043,34.9536],[136.9041,34.9537],[136.904,34.9538],[136.9035,34.9542],[136.9032,34.9545],[136.9031,34.9546],[136.903,34.9546],[136.9029,34.9547],[136.9027,34.9547],[136.9026,34.9547],[136.9025,34.9547],[136.9022,34.9547],[136.9021,34.9547],[136.9018,34.9547],[136.9015,34.9547],[136.9013,34.9547],[136.9011,34.9547],[136.9009,34.9547],[136.9006,34.9548],[136.9003,34.9548],[136.9002,34.9549],[136.9001,34.9549],[136.9,34.955],[136.8999,34.955],[136.8998,34.9551],[136.8995,34.9554],[136.8995,34.9555],[136.8992,34.9558],[136.8991,34.956],[136.8992,34.9567],[136.8992,34.9569],[136.8992,34.957],[136.8992,34.9571],[136.8991,34.9572],[136.8991,34.9573],[136.899,34.9573],[136.8988,34.9574],[136.8986,34.9574],[136.8985,34.9575],[136.8983,34.9575],[136.8982,34.9575],[136.8981,34.9575],[136.8981,34.9574],[136.8981,34.9573],[136.8981,34.9572],[136.8981,34.9571],[136.8981,34.957],[136.898,34.957],[136.8979,34.9569],[136.8977,34.9569],[136.8975,34.9568],[136.8971,34.9566],[136.8965,34.9565],[136.8961,34.9563],[136.8958,34.9562],[136.8956,34.9562],[136.8955,34.9562],[136.8954,34.9567],[136.8954,34.9573],[136.8954,34.9574],[136.8952,34.9574],[136.895,34.9575],[136.8948,34.9576],[136.8947,34.9578],[136.8946,34.9579],[136.8945,34.958],[136.8944,34.9583],[136.8944,34.9586],[136.8943,34.9588],[136.8944,34.9591],[136.8943,34.9591],[136.8943,34.959],[136.8942,34.9588],[136.894,34.9586],[136.8936,34.9583],[136.8932,34.958],[136.893,34.9579],[136.8928,34.9578],[136.8922,34.9576],[136.8918,34.9575],[136.8917,34.9575],[136.8916,34.9574],[136.8915,34.9574],[136.8914,34.9574],[136.8913,34.9572],[136.8911,34.957],[136.8907,34.9568],[136.8906,34.9566],[136.8903,34.9561],[136.8901,34.9558],[136.8899,34.9556],[136.8898,34.9555],[136.8897,34.9554],[136.8896,34.9553],[136.8893,34.9552],[136.889,34.9552],[136.8884,34.9552],[136.888,34.9554],[136.8878,34.9555],[136.8876,34.9556],[136.8873,34.9558],[136.8871,34.9558],[136.8869,34.9559],[136.8865,34.956],[136.8863,34.9561],[136.8858,34.9564],[136.8858,34.9565],[136.8857,34.9565],[136.8857,34.9566],[136.8856,34.9567],[136.8856,34.9568],[136.8855,34.9568],[136.8854,34.9568],[136.8853,34.9567],[136.8852,34.9566],[136.8851,34.9565],[136.885,34.9564],[136.8849,34.9563],[136.8847,34.9561],[136.8846,34.9559],[136.8845,34.9559],[136.8845,34.9558],[136.8845,34.9557],[136.8846,34.9556],[136.8847,34.9556],[136.8846,34.9555],[136.8842,34.955],[136.8838,34.9544],[136.8837,34.9542],[136.8836,34.9541],[136.8833,34.954],[136.8831,34.954],[136.8832,34.9539],[136.8832,34.9538],[136.8827,34.9537],[136.8822,34.9536],[136.8823,34.9533],[136.8823,34.9532],[136.882,34.953],[136.8811,34.9524],[136.8807,34.9527],[136.8806,34.9528],[136.8805,34.9528],[136.8804,34.9529],[136.88,34.9531],[136.8799,34.9531],[136.8798,34.9536],[136.8791,34.9535],[136.8792,34.9528],[136.8788,34.9527],[136.8774,34.9525],[136.8775,34.9523],[136.8776,34.9523],[136.8776,34.9521],[136.8776,34.952],[136.8776,34.9519],[136.8776,34.9518],[136.8786,34.9519],[136.8788,34.9508],[136.8791,34.9506],[136.8792,34.9505],[136.8794,34.9504],[136.8796,34.9502],[136.8798,34.9501],[136.8797,34.95],[136.8796,34.9498],[136.8796,34.9497],[136.8795,34.9495],[136.8795,34.9493],[136.8795,34.9492],[136.8795,34.9491],[136.8792,34.9491],[136.8795,34.9487],[136.8795,34.9486],[136.8797,34.9484],[136.8799,34.9482],[136.88,34.9482],[136.8803,34.9482],[136.8803,34.9468],[136.88,34.9469],[136.88,34.9465],[136.88,34.9459],[136.88,34.9458],[136.88,34.9456],[136.88,34.9454],[136.8801,34.9454],[136.8801,34.9453],[136.8804,34.9451],[136.8805,34.945],[136.8805,34.9449],[136.8806,34.9449],[136.8806,34.9448],[136.8807,34.9448],[136.8807,34.9446],[136.8808,34.9441],[136.8808,34.944],[136.8808,34.9439],[136.8808,34.9438],[136.8807,34.9428],[136.8807,34.9424],[136.8814,34.942],[136.8832,34.9414],[136.8841,34.9417],[136.8854,34.9415],[136.8867,34.9412],[136.8881,34.9412],[136.8881,34.9405],[136.8885,34.9406],[136.8894,34.9401],[136.8908,34.9399],[136.8917,34.94],[136.8919,34.9393],[136.8915,34.9386],[136.8913,34.9377],[136.8918,34.9377],[136.892,34.9373],[136.8915,34.9364],[136.8906,34.9357],[136.8902,34.9348],[136.8897,34.9343],[136.8893,34.933],[136.8885,34.9314],[136.8869,34.9288],[136.8866,34.9277],[136.8863,34.9271],[136.8844,34.923],[136.884,34.9215],[136.8836,34.9205],[136.8829,34.9201],[136.8814,34.9193],[136.8798,34.9181]]]},"properties":{"N03_001":"愛知県","N03_002":"","N03_003":"知多郡","N03_004":"阿久比町","N03_007":"23441"}},
{"type":"Feature","geometry":{"type":"Polygon","coordinates":[[[136.981,35.0015],[136.9788,35.0015],[136.9761,35.0016],[136.9754,35.0016],[136.9747,35.0012],[136.9745,35.0005],[136.974,35],[136.9727,35.0001],[136.9726,34.9995],[136.9705,35],[136.9687,35.0006],[136.9664,35.0016],[136.9654,35.0018],[136.9649,35.0021],[136.9639,35.0029],[136.9634,35.0031],[136.9618,35.0035],[136.9604,35.0027],[136.96,35.0026],[136.9594,35.0021],[136.9588,35.0019],[136.9588,35.0009],[136.9573,34.9999],[136.9559,34.9992],[136.955,34.9983],[136.9537,34.9974],[136.9532,34.9968],[136.9528,34.9962],[136.9523,34.9964],[136.95,34.9979],[136.95,34.9983],[136.9506,34.9988],[136.9506,34.9991],[136.9512,34.9998],[136.9508,35.0002],[136.9501,34.9993],[136.95,34.9988],[136.9494,34.9984],[136.9485,34.9977],[136.948,34.9967],[136.9474,34.9957],[136.9473,34.9949],[136.9463,34.9942],[136.9463,34.9938],[136.947,34.9937],[136.9474,34.9934],[136.9467,34.9924],[136.9462,34.9919],[136.9457,34.992],[136.9439,34.9917],[136.9436,34.9912],[136.9434,34.9904],[136.943,34.9903],[136.9409,34.9908],[136.9397,34.9907],[136.9398,34.9897],[136.9395,34.989],[136.9383,34.9895],[136.9373,34.9897],[136.9365,34.9896],[136.936,34.9894],[136.9359,34.9887],[136.9361,34.9884],[136.9359,34.9879],[136.9355,34.9877],[136.9355,34.9873],[136.9347,34.9865],[136.9335,34.9868],[136.9329,34.9868],[136.9325,34.9866],[136.9326,34.9862],[136.9333,34.9848],[136.9331,34.9843],[136.9323,34.9838],[136.9308,34.9834],[136.929,34.9833],[136.9286,34.9824],[136.928,34.9819],[136.9275,34.9811],[136.9269,34.9799],[136.9256,34.9784],[136.9254,34.9772],[136.924,34.9762],[136.9237,34.9758],[136.9233,34.9759],[136.9228,34.9759],[136.9208,34.9753],[136.9196,34.9748],[136.9189,34.9741],[136.9174,34.9739],[136.9161,34.9732],[136.9147,34.972],[136.9142,34.9719],[136.9143,34.9711],[136.914,34.9709],[136.9142,34.9697],[136.9144,34.9696],[136.9147,34.9695],[136.9149,34.9695],[136.9151,34.9693],[136.9152,34.9692],[136.9152,34.9691],[136.9153,34.969],[136.9153,34.9689],[136.9154,34.9689],[136.9155,34.9689],[136.9156,34.9688],[136.9159,34.9686],[136.9161,34.9685],[136.9164,34.9682],[136.9165,34.9682],[136.9166,34.9681],[136.9166,34.9679],[136.9165,34.9676],[136.9165,34.9674],[136.9165,34.9673],[136.9164,34.9671],[136.9164,34.967],[136.9164,34.9668],[136.9164,34.9667],[136.9166,34.9665],[136.9167,34.9665],[136.9168,34.9664],[136.9169,34.9662],[136.9169,34.9661],[136.9169,34.966],[136.9168,34.9659],[136.9168,34.9658],[136.9167,34.9657],[136.9167,34.9655],[136.9167,34.9654],[136.9168,34.9652],[136.9169,34.9651],[136.9169,34.965],[136.917,34.9649],[136.9171,34.9648],[136.9172,34.9645],[136.9172,34.9643],[136.9172,34.964],[136.9173,34.9638],[136.9173,34.9636],[136.9173,34.9635],[136.9173,34.9634],[136.9173,34.9632],[136.9175,34.9632],[136.9176,34.9633],[136.9177,34.9635],[136.9178,34.9637],[136.9178,34.9638],[136.9179,34.9638],[136.9182,34.9638],[136.9183,34.9638],[136.9184,34.9638],[136.9185,34.9638],[136.9186,34.9638],[136.9186,34.9637],[136.9187,34.9636],[136.9188,34.9635],[136.9187,34.9634],[136.9187,34.9633],[136.9185,34.9632],[136.9184,34.9631],[136.9182,34.9631],[136.9182,34.963],[136.9181,34.963],[136.9181,34.9629],[136.918,34.9628],[136.918,34.9627],[136.9181,34.9622],[136.9188,34.9622],[136.9195,34.9619],[136.9204,34.961],[136.9204,34.9604],[136.9208,34.96],[136.921,34.9596],[136.9214,34.9592],[136.9226,34.9589],[136.9234,34.9583],[136.9243,34.9581],[136.9248,34.9584],[136.9265,34.9564],[136.9266,34.9558],[136.9263,34.9555],[136.9275,34.9546],[136.928,34.9545],[136.9294,34.9547],[136.9306,34.9538],[136.9308,34.9533],[136.9324,34.9527],[136.933,34.9523],[136.9346,34.951],[136.9356,34.9507],[136.9362,34.9515],[136.9368,34.9519],[136.9372,34.9516],[136.9365,34.9503],[136.9384,34.9502],[136.9393,34.95],[136.9395,34.9485],[136.9406,34.9483],[136.9401,34.9465],[136.9401,34.9464],[136.9419,34.9459],[136.9424,34.9456],[136.9427,34.9443],[136.9431,34.944],[136.9436,34.944],[136.9442,34.9421],[136.9443,34.9418],[136.9461,34.9416],[136.9466,34.9414],[136.9472,34.9417],[136.9484,34.9415],[136.9501,34.9407],[136.9506,34.9403],[136.9512,34.939],[136.9523,34.9388],[136.9538,34.9381],[136.9548,34.9383],[136.9552,34.9381],[136.9561,34.9382],[136.9574,34.9379],[136.9583,34.9382],[136.9589,34.9391],[136.959,34.9399],[136.9598,34.9398],[136.9605,34.9401],[136.9617,34.9396],[136.9629,34.9389],[136.9648,34.9376],[136.9663,34.9368],[136.9667,34.9363],[136.9663,34.9355],[136.9667,34.9353],[136.9662,34.9347],[136.9655,34.933],[136.9656,34.9329],[136.9739,34.9323],[136.9752,34.9322],[136.9757,34.9358],[136.9758,34.9367],[136.976,34.9374],[136.976,34.9382],[136.9766,34.9386],[136.9775,34.9419],[136.9765,34.942],[136.9762,34.9418],[136.9763,34.9435],[136.9759,34.9437],[136.9746,34.9444],[136.9752,34.9446],[136.9762,34.9439],[136.9777,34.9434],[136.978,34.9436],[136.979,34.9471],[136.98,34.951],[136.9799,34.9515],[136.9796,34.9519],[136.9798,34.9523],[136.9805,34.9539],[136.9809,34.9557],[136.981,34.9568],[136.9828,34.9559],[136.9832,34.9558],[136.9833,34.956],[136.9828,34.9592],[136.9828,34.9615],[136.9831,34.9637],[136.9828,34.9692],[136.9825,34.9722],[136.9815,34.9746],[136.9809,34.9769],[136.9803,34.9784],[136.9791,34.981],[136.9789,34.9818],[136.9788,34.9832],[136.9789,34.9842],[136.9794,34.9862],[136.9806,34.9881],[136.9811,34.99],[136.9814,34.9914],[136.9815,34.9927],[136.9817,34.9945],[136.9817,34.9965],[136.9817,34.9991],[136.9813,35.0005],[136.981,35.0015]]]},"properties":{"N03_001":"愛知県","N03_002":"","N03_003":"知多郡","N03_004":"東浦町","N03_007":"23442"}},
{"type":"Feature","geometry":{"type":"Polygon","coordinates":[[[137.0069,34.6581],[137.0072,34.6573],[137.0077,34.6566],[137.008,34.6567],[137.0091,34.6574],[137.0092,34.658],[137.0086,34.6585],[137.0085,34.6593],[137.0083,34.6595],[137.0075,34.6596],[137.0065,34.6584],[137.0069,34.6581]]]},"properties":{"N03_001":"愛知県","N03_002":"","N03_003":"知多郡","N03_004":"南知多町","N03_007":"23445"}},
{"type":"Feature","geometry":{"type":"Polygon","coordinates":[[[136.8518,34.7486],[136.8521,34.7487],[136.8523,34.7487],[136.8525,34.7487],[136.8527,34.7487],[136.8528,34.7487],[136.8533,34.7485],[136.854,34.7483],[136.8542,34.7482],[136.8544,34.7483],[136.8546,34.7484],[136.8547,34.7484],[136.8548,34.7484],[136.855,34.7483],[136.8552,34.7482],[136.8555,34.748],[136.8556,34.7476],[136.8558,34.7474],[136.856,34.7473],[136.8564,34.7469],[136.8566,34.7467],[136.8569,34.7464],[136.857,34.7464],[136.8571,34.7463],[136.8573,34.7463],[136.8574,34.7464],[136.8577,34.7464],[136.8579,34.7467],[136.858,34.7468],[136.8581,34.7469],[136.8583,34.7469],[136.8584,34.7469],[136.8585,34.747],[136.8586,34.7471],[136.8588,34.7475],[136.8588,34.7477],[136.8589,34.7479],[136.8589,34.7481],[136.859,34.7482],[136.8591,34.7483],[136.8593,34.7482],[136.8595,34.7481],[136.8597,34.7481],[136.8598,34.7481],[136.8601,34.7482],[136.8602,34.7483],[136.8605,34.7483],[136.8608,34.7482],[136.8609,34.7482],[136.861,34.7482],[136.861,34.7484],[136.861,34.7485],[136.8609,34.7486],[136.8607,34.7487],[136.8606,34.7489],[136.8605,34.7493],[136.8604,34.7496],[136.8604,34.7498],[136.8604,34.75],[136.8605,34.7501],[136.8606,34.7503],[136.8607,34.7503],[136.8608,34.7504],[136.8609,34.7504],[136.861,34.7504],[136.8613,34.7503],[136.8617,34.7501],[136.8618,34.7502],[136.8619,34.7503],[136.8623,34.7509],[136.8624,34.751],[136.8625,34.7511],[136.8626,34.7514],[136.8627,34.7517],[136.8628,34.7518],[136.8631,34.7519],[136.8632,34.752],[136.8634,34.7522],[136.8636,34.7523],[136.8638,34.7522],[136.864,34.7521],[136.8642,34.752],[136.8643,34.752],[136.8644,34.7521],[136.8645,34.7524],[136.8645,34.7526],[136.8646,34.7528],[136.8647,34.753],[136.8647,34.7532],[136.8647,34.7533],[136.8644,34.7537],[136.8644,34.7539],[136.8644,34.754],[136.8644,34.7541],[136.8645,34.7542],[136.8646,34.7543],[136.8647,34.7544],[136.8648,34.7546],[136.8648,34.7547],[136.8648,34.755],[136.8648,34.7551],[136.8648,34.7552],[136.8649,34.7553],[136.865,34.7555],[136.865,34.7556],[136.8651,34.7557],[136.8652,34.7557],[136.8652,34.7558],[136.8654,34.7558],[136.8656,34.7558],[136.8658,34.7559],[136.8658,34.756],[136.8659,34.756],[136.8661,34.7559],[136.8663,34.7558],[136.8664,34.7558],[136.8665,34.7558],[136.8666,34.7558],[136.8667,34.7558],[136.8668,34.7559],[136.8669,34.7559],[136.867,34.7559],[136.8671,34.7559],[136.8672,34.7558],[136.8674,34.7557],[136.8675,34.7556],[136.8677,34.7556],[136.8679,34.7556],[136.868,34.7556],[136.8683,34.7556],[136.8685,34.7556],[136.8686,34.7556],[136.8687,34.7556],[136.8689,34.7554],[136.8691,34.7553],[136.8693,34.7552],[136.8694,34.7552],[136.8695,34.7552],[136.8697,34.7555],[136.87,34.7557],[136.8701,34.7559],[136.8701,34.756],[136.8702,34.756],[136.8703,34.756],[136.8706,34.756],[136.8708,34.756],[136.8709,34.7561],[136.871,34.7561],[136.8711,34.7561],[136.8712,34.7562],[136.8712,34.7563],[136.8712,34.7564],[136.8712,34.7566],[136.8712,34.7567],[136.8712,34.7568],[136.8713,34.7569],[136.8714,34.757],[136.8715,34.7572],[136.8716,34.7572],[136.8721,34.7571],[136.8722,34.7571],[136.8723,34.7571],[136.8725,34.7569],[136.8726,34.7568],[136.8728,34.7568],[136.873,34.7567],[136.8733,34.7566],[136.8735,34.7567],[136.8736,34.7568],[136.8738,34.7568],[136.8739,34.7567],[136.8741,34.7567],[136.8742,34.7566],[136.8743,34.7564],[136.8746,34.7563],[136.8747,34.7562],[136.8749,34.7562],[136.875,34.7562],[136.8751,34.7562],[136.8754,34.7561],[136.8757,34.7561],[136.8757,34.7562],[136.8758,34.7563],[136.8758,34.7565],[136.8758,34.7567],[136.8759,34.7569],[136.8759,34.757],[136.8759,34.7571],[136.8758,34.7573],[136.8754,34.7577],[136.8754,34.7578],[136.8756,34.7581],[136.8756,34.7582],[136.8758,34.7583],[136.8759,34.7584],[136.8762,34.7587],[136.8765,34.7588],[136.8767,34.7591],[136.8768,34.7592],[136.8769,34.7595],[136.877,34.7597],[136.877,34.7598],[136.877,34.7599],[136.8771,34.7602],[136.877,34.7605],[136.8771,34.7606],[136.8771,34.7607],[136.8771,34.7608],[136.8772,34.761],[136.8773,34.7611],[136.8774,34.7611],[136.8775,34.7611],[136.8776,34.7611],[136.8777,34.7611],[136.8779,34.7609],[136.878,34.7609],[136.8782,34.7608],[136.8783,34.7608],[136.8785,34.7608],[136.879,34.7609],[136.8791,34.7609],[136.8792,34.7609],[136.8793,34.7609],[136.8794,34.7609],[136.8796,34.7608],[136.8798,34.7608],[136.8799,34.7608],[136.8802,34.7609],[136.8805,34.7609],[136.8807,34.761],[136.8809,34.761],[136.8811,34.7611],[136.8812,34.7611],[136.8813,34.7611],[136.8814,34.7612],[136.8816,34.7613],[136.8817,34.7614],[136.8819,34.7617],[136.882,34.7619],[136.8821,34.762],[136.8822,34.762],[136.8822,34.7621],[136.8826,34.7623],[136.8827,34.7623],[136.883,34.7624],[136.8831,34.7624],[136.8832,34.7625],[136.8833,34.7626],[136.8835,34.7627],[136.8837,34.7628],[136.8838,34.7629],[136.8838,34.763],[136.8839,34.7633],[136.8839,34.7635],[136.8838,34.7639],[136.8838,34.764],[136.884,34.7641],[136.8844,34.7642],[136.8846,34.7643],[136.8847,34.7643],[136.8849,34.7643],[136.8852,34.7642],[136.8854,34.7641],[136.8855,34.7641],[136.8855,34.7642],[136.8857,34.7642],[136.8858,34.7643],[136.8861,34.7645],[136.8862,34.7645],[136.8863,34.7646],[136.8865,34.7648],[136.8865,34.7649],[136.8866,34.765],[136.8867,34.7652],[136.8868,34.7654],[136.8868,34.7655],[136.8869,34.7657],[136.8869,34.7658],[136.887,34.7659],[136.887,34.766],[136.8872,34.7662],[136.8877,34.7664],[136.8878,34.7664],[136.888,34.7664],[136.8881,34.7664],[136.8883,34.7663],[136.8884,34.7661],[136.8885,34.766],[136.8886,34.7658],[136.8886,34.7657],[136.8887,34.7656],[136.8888,34.7655],[136.8893,34.7653],[136.8894,34.7653],[136.8896,34.7652],[136.8898,34.765],[136.8899,34.7649],[136.89,34.7648],[136.8902,34.7648],[136.8903,34.7647],[136.8905,34.7647],[136.8907,34.7647],[136.8911,34.7646],[136.8913,34.7645],[136.8915,34.7645],[136.8917,34.7644],[136.8919,34.7644],[136.8922,34.7644],[136.8925,34.7644],[136.8928,34.7644],[136.8929,34.7644],[136.8932,34.7644],[136.8933,34.7644],[136.8936,34.7644],[136.8937,34.7644],[136.8939,34.7644],[136.894,34.7644],[136.8942,34.7642],[136.8943,34.7642],[136.8945,34.764],[136.8947,34.7639],[136.8949,34.7639],[136.8951,34.7638],[136.8954,34.7638],[136.896,34.7638],[136.8966,34.7637],[136.897,34.7637],[136.8971,34.7637],[136.8973,34.7637],[136.8976,34.7637],[136.8978,34.7637],[136.8981,34.7636],[136.8982,34.7635],[136.8983,34.7634],[136.8984,34.7632],[136.8985,34.7628],[136.8985,34.7626],[136.8985,34.7623],[136.8984,34.762],[136.8983,34.7618],[136.8983,34.7617],[136.8982,34.7616],[136.8982,34.7615],[136.8983,34.7614],[136.8983,34.7613],[136.8985,34.7609],[136.8987,34.7607],[136.8988,34.7605],[136.8989,34.7603],[136.899,34.7602],[136.8994,34.7598],[136.8995,34.7597],[136.8997,34.7594],[136.8998,34.7592],[136.8998,34.7591],[136.8997,34.7588],[136.8997,34.7587],[136.8996,34.7585],[136.8996,34.7583],[136.8995,34.7582],[136.8995,34.7581],[136.8992,34.7578],[136.8991,34.7575],[136.8991,34.7574],[136.8992,34.7572],[136.8992,34.7571],[136.8993,34.7569],[136.8995,34.7566],[136.8995,34.7565],[136.8995,34.7564],[136.8995,34.7563],[136.8994,34.7562],[136.8994,34.7559],[136.8992,34.7556],[136.899,34.7552],[136.899,34.7549],[136.8989,34.7548],[136.899,34.7547],[136.8991,34.7546],[136.8997,34.7543],[136.9,34.7542],[136.9003,34.7541],[136.9008,34.7539],[136.9011,34.7537],[136.9013,34.7536],[136.9015,34.7534],[136.9017,34.7533],[136.9018,34.7532],[136.9018,34.7531],[136.9019,34.753],[136.9019,34.7529],[136.902,34.7527],[136.902,34.7525],[136.9021,34.7523],[136.9021,34.752],[136.9022,34.7515],[136.9022,34.7513],[136.9022,34.7512],[136.9023,34.7511],[136.9024,34.751],[136.9026,34.7509],[136.9027,34.7509],[136.9028,34.7508],[136.9029,34.7506],[136.9029,34.7505],[136.903,34.7504],[136.9031,34.7503],[136.9032,34.7502],[136.9031,34.75],[136.9031,34.7499],[136.903,34.7497],[136.9028,34.7494],[136.9028,34.7493],[136.9028,34.7492],[136.9028,34.749],[136.9027,34.7488],[136.9026,34.7486],[136.9026,34.7484],[136.9026,34.7483],[136.9027,34.7482],[136.9031,34.7481],[136.9035,34.748],[136.9039,34.7478],[136.904,34.7477],[136.9041,34.7475],[136.9042,34.7473],[136.9043,34.7471],[136.9043,34.7469],[136.9045,34.7468],[136.9046,34.7466],[136.9046,34.7465],[136.9046,34.7463],[136.9045,34.7461],[136.9045,34.7459],[136.9045,34.7456],[136.9045,34.7454],[136.9045,34.7453],[136.9046,34.7452],[136.9046,34.745],[136.9047,34.7448],[136.9047,34.7447],[136.9048,34.7444],[136.9049,34.7442],[136.9049,34.7439],[136.905,34.7438],[136.905,34.7437],[136.9051,34.7435],[136.9052,34.7434],[136.9053,34.7434],[136.9054,34.7434],[136.9056,34.7435],[136.906,34.7435],[136.9063,34.7437],[136.9064,34.7437],[136.9066,34.7435],[136.907,34.7432],[136.9072,34.743],[136.9074,34.7427],[136.9079,34.7422],[136.908,34.742],[136.9082,34.7417],[136.9083,34.7417],[136.9083,34.7416],[136.9086,34.7413],[136.9088,34.7411],[136.909,34.741],[136.9092,34.7408],[136.9093,34.7407],[136.9094,34.7407],[136.9095,34.7404],[136.9097,34.74],[136.9099,34.7397],[136.9101,34.7394],[136.9102,34.7392],[136.9103,34.739],[136.9103,34.7388],[136.9102,34.7385],[136.9101,34.7384],[136.9101,34.7383],[136.9101,34.738],[136.9101,34.7376],[136.9103,34.7373],[136.9103,34.7372],[136.9104,34.737],[136.9105,34.737],[136.9105,34.7369],[136.9108,34.737],[136.9113,34.7373],[136.9114,34.7374],[136.9115,34.7375],[136.9116,34.7376],[136.9119,34.7376],[136.9121,34.7376],[136.9125,34.7374],[136.9127,34.7373],[136.9129,34.7372],[136.9134,34.7369],[136.9137,34.7367],[136.914,34.7365],[136.9142,34.7365],[136.9145,34.7362],[136.9147,34.7359],[136.9149,34.7354],[136.915,34.7351],[136.9151,34.7349],[136.9152,34.7348],[136.9155,34.7348],[136.9157,34.7347],[136.9159,34.7345],[136.916,34.7343],[136.9163,34.7343],[136.9165,34.7344],[136.9167,34.7344],[136.9168,34.7344],[136.9169,34.7344],[136.9173,34.7343],[136.9175,34.7343],[136.9178,34.7343],[136.9179,34.7343],[136.918,34.7342],[136.9181,34.734],[136.9182,34.7338],[136.9184,34.7337],[136.9185,34.7337],[136.9187,34.7336],[136.9188,34.7335],[136.9189,34.7335],[136.919,34.7334],[136.919,34.7333],[136.919,34.7332],[136.9191,34.7331],[136.9191,34.7329],[136.9191,34.7328],[136.9191,34.7327],[136.9189,34.7325],[136.9188,34.7323],[136.9186,34.7322],[136.9185,34.7321],[136.9185,34.7319],[136.9185,34.7318],[136.9185,34.7316],[136.9186,34.7314],[136.9186,34.7312],[136.9186,34.7311],[136.9186,34.731],[136.9186,34.7309],[136.9186,34.7307],[136.9183,34.7305],[136.9182,34.7304],[136.9181,34.7303],[136.9181,34.7301],[136.918,34.73],[136.918,34.7298],[136.918,34.7297],[136.9181,34.7296],[136.9182,34.7295],[136.9185,34.7294],[136.9186,34.7293],[136.9187,34.7291],[136.9186,34.7289],[136.9186,34.7287],[136.9186,34.7285],[136.9185,34.7283],[136.9185,34.7281],[136.9184,34.7279],[136.9185,34.7277],[136.9187,34.7275],[136.9189,34.7273],[136.9191,34.727],[136.9192,34.7269],[136.9193,34.7268],[136.9194,34.7267],[136.9194,34.7266],[136.9195,34.7265],[136.9198,34.7265],[136.9201,34.7265],[136.9205,34.7267],[136.9207,34.7267],[136.921,34.7267],[136.9214,34.7269],[136.9215,34.7269],[136.9217,34.727],[136.9219,34.7271],[136.9223,34.727],[136.9224,34.727],[136.9226,34.7269],[136.9227,34.7269],[136.9228,34.727],[136.9228,34.7271],[136.923,34.7271],[136.9232,34.7271],[136.9233,34.7273],[136.9231,34.7277],[136.9228,34.7284],[136.9227,34.7286],[136.9229,34.7287],[136.9234,34.7289],[136.9236,34.7289],[136.924,34.729],[136.9242,34.7291],[136.9244,34.7291],[136.9246,34.7292],[136.9247,34.7293],[136.9246,34.7294],[136.9243,34.7297],[136.9242,34.7297],[136.9242,34.7298],[136.9241,34.73],[136.9241,34.7301],[136.9242,34.7303],[136.9243,34.7304],[136.9243,34.7305],[136.9245,34.7307],[136.9247,34.7308],[136.9248,34.7309],[136.9248,34.731],[136.9247,34.7312],[136.9248,34.7314],[136.9249,34.7315],[136.925,34.7316],[136.9252,34.7318],[136.9253,34.7319],[136.9254,34.7319],[136.9255,34.7319],[136.9257,34.7318],[136.9258,34.7316],[136.926,34.7317],[136.926,34.7318],[136.9261,34.7319],[136.9263,34.7321],[136.9264,34.7322],[136.9265,34.7324],[136.9266,34.7326],[136.9267,34.7327],[136.9269,34.7328],[136.9271,34.7328],[136.9273,34.7329],[136.9274,34.733],[136.9274,34.7331],[136.9274,34.7333],[136.9274,34.7335],[136.9274,34.7337],[136.9273,34.7337],[136.9274,34.7337],[136.9275,34.7338],[136.9276,34.7339],[136.9277,34.7339],[136.9278,34.7338],[136.928,34.7338],[136.9282,34.7338],[136.9283,34.7339],[136.9283,34.734],[136.9283,34.7341],[136.9282,34.7343],[136.9282,34.7345],[136.9282,34.7346],[136.9282,34.7347],[136.9282,34.7348],[136.9286,34.7349],[136.9287,34.735],[136.9289,34.7352],[136.9292,34.7355],[136.9292,34.7357],[136.9293,34.7359],[136.9293,34.7361],[136.9294,34.7363],[136.9294,34.7365],[136.9294,34.7367],[136.9294,34.7369],[136.9295,34.7372],[136.9295,34.7373],[136.9296,34.7375],[136.9297,34.7375],[136.9298,34.7373],[136.93,34.7373],[136.9301,34.7372],[136.9303,34.7372],[136.9304,34.7372],[136.9304,34.7373],[136.9304,34.7374],[136.9305,34.7375],[136.9306,34.7376],[136.9308,34.7376],[136.9309,34.7375],[136.931,34.7375],[136.9311,34.7375],[136.9313,34.7376],[136.9316,34.7378],[136.9319,34.7381],[136.9318,34.7382],[136.9317,34.7384],[136.9321,34.7387],[136.9322,34.7387],[136.9325,34.7391],[136.9327,34.7393],[136.9333,34.7398],[136.9334,34.7398],[136.934,34.7403],[136.9341,34.7404],[136.9342,34.7405],[136.9343,34.7407],[136.9345,34.741],[136.9347,34.7412],[136.935,34.7413],[136.9352,34.7415],[136.9352,34.7416],[136.9352,34.7417],[136.9352,34.7418],[136.935,34.7419],[136.9345,34.7421],[136.9344,34.7422],[136.9343,34.7424],[136.9344,34.7426],[136.9345,34.7428],[136.9345,34.7429],[136.9345,34.743],[136.9345,34.7432],[136.9344,34.7434],[136.9344,34.7436],[136.9344,34.7437],[136.9348,34.744],[136.9352,34.7443],[136.9356,34.7446],[136.9358,34.7448],[136.9361,34.745],[136.9363,34.7451],[136.9364,34.7452],[136.9366,34.7453],[136.9368,34.7454],[136.9369,34.7454],[136.9371,34.7455],[136.9373,34.7456],[136.9377,34.7455],[136.9379,34.7455],[136.938,34.7453],[136.9381,34.7453],[136.9382,34.7455],[136.9384,34.7456],[136.9388,34.7458],[136.939,34.7459],[136.9392,34.746],[136.9394,34.7461],[136.9395,34.7462],[136.9397,34.7463],[136.9399,34.7464],[136.9401,34.7464],[136.9402,34.7466],[136.9406,34.7469],[136.941,34.747],[136.9411,34.7471],[136.9413,34.7471],[136.9414,34.7471],[136.9415,34.7472],[136.9417,34.7472],[136.9419,34.7473],[136.9421,34.7474],[136.9414,34.7479],[136.9407,34.7488],[136.9397,34.7493],[136.9374,34.7501],[136.9366,34.751],[136.9365,34.7515],[136.9362,34.7518],[136.9359,34.7525],[136.9357,34.7526],[136.9348,34.7538],[136.93,34.7555],[136.9288,34.7564],[136.9279,34.7567],[136.9274,34.7571],[136.9271,34.7583],[136.9274,34.7589],[136.9274,34.7597],[136.9273,34.7604],[136.9273,34.7611],[136.9273,34.7632],[136.927,34.7632],[136.927,34.7641],[136.9262,34.7642],[136.9258,34.7645],[136.9252,34.7644],[136.9241,34.7646],[136.9236,34.7645],[136.9234,34.7649],[136.9221,34.7651],[136.9218,34.7648],[136.9211,34.765],[136.9196,34.7657],[136.9189,34.7662],[136.9184,34.7668],[136.9175,34.768],[136.9166,34.7689],[136.9159,34.7691],[136.9148,34.7701],[136.9145,34.771],[136.9146,34.7723],[136.9149,34.7741],[136.9155,34.7756],[136.9158,34.7759],[136.9162,34.7773],[136.9152,34.7777],[136.9151,34.7785],[136.9154,34.7797],[136.9153,34.7799],[136.9158,34.7814],[136.9157,34.7816],[136.916,34.783],[136.9166,34.7845],[136.9172,34.7857],[136.9175,34.7865],[136.9183,34.7881],[136.9183,34.7883],[136.9199,34.7914],[136.9211,34.7932],[136.9208,34.7932],[136.9211,34.7947],[136.921,34.7954],[136.9206,34.7966],[136.9195,34.7976],[136.9192,34.798],[136.9193,34.7984],[136.9197,34.7994],[136.9211,34.802],[136.922,34.8037],[136.9215,34.8043],[136.9216,34.8053],[136.9217,34.8058],[136.9212,34.8059],[136.9212,34.8065],[136.9213,34.8076],[136.921,34.8091],[136.92,34.811],[136.9206,34.8122],[136.9213,34.8132],[136.92,34.8133],[136.9195,34.8134],[136.9189,34.8134],[136.9188,34.8134],[136.9187,34.8135],[136.9186,34.8134],[136.9182,34.8134],[136.9181,34.8134],[136.918,34.8134],[136.9179,34.8134],[136.9179,34.8133],[136.9178,34.8133],[136.9176,34.8129],[136.917,34.8127],[136.9167,34.8127],[136.9166,34.8126],[136.9165,34.8126],[136.9165,34.8125],[136.9163,34.8122],[136.9157,34.8121],[136.9158,34.8119],[136.9158,34.8118],[136.9158,34.8117],[136.9155,34.8115],[136.9153,34.8114],[136.915,34.8113],[136.9147,34.8112],[136.9145,34.8111],[136.9144,34.8111],[136.9143,34.8111],[136.9142,34.8111],[136.9142,34.8112],[136.9139,34.8113],[136.9139,34.8114],[136.9138,34.8115],[136.9137,34.8115],[136.9135,34.8115],[136.9131,34.8115],[136.9129,34.8115],[136.9127,34.8115],[136.9125,34.8115],[136.9124,34.8116],[136.9122,34.8118],[136.9121,34.8119],[136.9118,34.8122],[136.9117,34.8125],[136.9116,34.8126],[136.9113,34.813],[136.9113,34.8131],[136.9114,34.8131],[136.9115,34.8131],[136.9116,34.8131],[136.9119,34.813],[136.9121,34.8128],[136.9122,34.8127],[136.9125,34.8124],[136.9126,34.8124],[136.9129,34.8125],[136.913,34.8125],[136.9132,34.8125],[136.9133,34.8126],[136.9133,34.8127],[136.9133,34.8129],[136.9132,34.8132],[136.913,34.8133],[136.913,34.8134],[136.9127,34.8133],[136.9125,34.8133],[136.9124,34.8134],[136.9123,34.8134],[136.9123,34.8136],[136.9122,34.8137],[136.9122,34.8138],[136.9122,34.8139],[136.9123,34.8141],[136.9123,34.8142],[136.9122,34.8143],[136.9119,34.8146],[136.9118,34.8147],[136.9117,34.8147],[136.9116,34.8147],[136.9114,34.8146],[136.9112,34.8146],[136.911,34.8146],[136.9107,34.8145],[136.9105,34.8145],[136.9104,34.8144],[136.9102,34.8143],[136.91,34.8141],[136.9097,34.8139],[136.9094,34.8137],[136.9093,34.8136],[136.9092,34.8136],[136.9091,34.8136],[136.9089,34.8136],[136.9088,34.8137],[136.9083,34.8139],[136.9082,34.8139],[136.9082,34.814],[136.9081,34.814],[136.9082,34.8142],[136.9082,34.8143],[136.908,34.8144],[136.9079,34.8143],[136.9077,34.8144],[136.9076,34.8143],[136.9075,34.8142],[136.9075,34.8141],[136.9074,34.8141],[136.9073,34.814],[136.9072,34.814],[136.9071,34.814],[136.9069,34.8141],[136.9067,34.8143],[136.9066,34.8144],[136.9065,34.8144],[136.9064,34.8145],[136.9062,34.8147],[136.906,34.8148],[136.9059,34.8148],[136.9057,34.8148],[136.905,34.8147],[136.9048,34.8148],[136.9044,34.8148],[136.9041,34.8148],[136.9038,34.8148],[136.9035,34.8148],[136.9032,34.8147],[136.903,34.8146],[136.9028,34.8145],[136.9027,34.8144],[136.9026,34.8143],[136.9023,34.8141],[136.9022,34.8141],[136.902,34.814],[136.9019,34.814],[136.9017,34.814],[136.9014,34.814],[136.901,34.814],[136.9007,34.8139],[136.9003,34.8138],[136.9,34.8137],[136.8998,34.8136],[136.8993,34.8135],[136.899,34.8135],[136.8989,34.8135],[136.8987,34.8135],[136.8983,34.8135],[136.8982,34.8135],[136.8978,34.8136],[136.8975,34.8136],[136.8972,34.8137],[136.8968,34.8139],[136.8965,34.814],[136.8961,34.8141],[136.8961,34.8142],[136.896,34.8143],[136.8958,34.8143],[136.8956,34.8144],[136.8955,34.8144],[136.8953,34.8145],[136.8952,34.8146],[136.8952,34.8147],[136.8951,34.815],[136.8951,34.8152],[136.895,34.8155],[136.895,34.8156],[136.8949,34.8156],[136.8948,34.8155],[136.8945,34.8155],[136.8944,34.8155],[136.8942,34.8156],[136.8941,34.8157],[136.8939,34.8158],[136.8937,34.8159],[136.8936,34.816],[136.8935,34.816],[136.8934,34.816],[136.893,34.8158],[136.8927,34.8157],[136.8924,34.8156],[136.8918,34.8156],[136.8917,34.8156],[136.8915,34.8156],[136.891,34.8155],[136.8907,34.8156],[136.8903,34.8156],[136.8901,34.8156],[136.8897,34.8156],[136.8894,34.8156],[136.8891,34.8156],[136.889,34.8155],[136.8888,34.8153],[136.8885,34.8152],[136.8883,34.8151],[136.8882,34.815],[136.8881,34.8149],[136.8879,34.8149],[136.8877,34.8149],[136.8874,34.8149],[136.8869,34.815],[136.8875,34.8142],[136.8875,34.8129],[136.8871,34.8125],[136.8865,34.8123],[136.8849,34.8128],[136.8843,34.8133],[136.8836,34.8135],[136.883,34.8133],[136.8824,34.8128],[136.8815,34.8125],[136.8809,34.8124],[136.8806,34.8127],[136.8797,34.8126],[136.8787,34.8128],[136.8777,34.8133],[136.877,34.8134],[136.8765,34.8139],[136.8757,34.8143],[136.8742,34.8143],[136.8736,34.8141],[136.8724,34.8143],[136.8707,34.8129],[136.8689,34.8135],[136.8682,34.8127],[136.8671,34.8126],[136.8667,34.8128],[136.8655,34.8136],[136.865,34.8142],[136.8643,34.8142],[136.8631,34.8143],[136.8628,34.814],[136.8618,34.8141],[136.8609,34.8117],[136.86,34.8098],[136.8591,34.8076],[136.8587,34.807],[136.8575,34.804],[136.8572,34.8037],[136.8586,34.8035],[136.8588,34.8026],[136.8585,34.8004],[136.8579,34.7987],[136.8576,34.7981],[136.8567,34.7961],[136.8566,34.7954],[136.8562,34.7944],[136.8561,34.7936],[136.8557,34.793],[136.8554,34.7921],[136.855,34.7917],[136.8545,34.7904],[136.8537,34.7888],[136.8531,34.7872],[136.8525,34.7867],[136.8517,34.7849],[136.8512,34.7833],[136.8508,34.7825],[136.8494,34.7793],[136.8483,34.7772],[136.8479,34.7762],[136.8469,34.7741],[136.846,34.7717],[136.8446,34.7688],[136.8441,34.7675],[136.8434,34.7668],[136.8435,34.7659],[136.8429,34.7653],[136.8417,34.7653],[136.8417,34.7648],[136.8409,34.7648],[136.8404,34.7646],[136.8403,34.7639],[136.8422,34.7639],[136.8423,34.7636],[136.842,34.763],[136.842,34.7624],[136.8428,34.7617],[136.8428,34.7612],[136.8437,34.7604],[136.8434,34.7596],[136.8439,34.7594],[136.8439,34.759],[136.8445,34.7576],[136.8449,34.7572],[136.8449,34.7567],[136.8454,34.7564],[136.8453,34.7561],[136.8462,34.756],[136.8466,34.7558],[136.8474,34.755],[136.8499,34.7516],[136.8506,34.7504],[136.8509,34.7491],[136.8518,34.7486]]]},"properties":{"N03_001":"愛知県","N03_002":"","N03_003":"知多郡","N03_004":"美浜町","N03_007":"23446"}},
{"type":"Feature","geometry":{"type":"MultiPolygon","coordinates":[]},"properties":{"N03_001":"愛知県","N03_002":"","N03_003":"知多郡","N03_004":"武豊町","N03_007":"23447"}},
{"type":"Feature","geometry":{"type":"Polygon","coordinates":[[[137.1637,34.815],[137.1648,34.8157],[137.1654,34.8169],[137.1668,34.8182],[137.1674,34.8186],[137.1678,34.819],[137.1681,34.8199],[137.1684,34.8202],[137.1693,34.8204],[137.1702,34.8212],[137.1704,34.8215],[137.1705,34.8224],[137.1709,34.8227],[137.1712,34.8233],[137.1727,34.824],[137.1737,34.8238],[137.1744,34.8239],[137.1752,34.8238],[137.1762,34.8244],[137.1767,34.8245],[137.1779,34.8253],[137.1782,34.826],[137.1787,34.8262],[137.179,34.8261],[137.1798,34.825],[137.1801,34.8237],[137.18,34.8229],[137.1807,34.823],[137.1829,34.8233],[137.1837,34.8232],[137.1849,34.8233],[137.1852,34.8238],[137.1859,34.8238],[137.1862,34.8234],[137.1869,34.8229],[137.1869,34.8224],[137.1871,34.8214],[137.1866,34.8205],[137.1864,34.8193],[137.1871,34.819],[137.1878,34.8189],[137.189,34.8191],[137.1894,34.8196],[137.1903,34.8206],[137.1914,34.8207],[137.1916,34.8214],[137.1915,34.8223],[137.191,34.823],[137.1905,34.8234],[137.1906,34.8237],[137.1913,34.8242],[137.1906,34.8247],[137.1913,34.8251],[137.192,34.825],[137.1941,34.8242],[137.1949,34.8242],[137.1963,34.8249],[137.1956,34.8257],[137.1955,34.8261],[137.1963,34.8266],[137.1972,34.8266],[137.1974,34.8258],[137.1977,34.8252],[137.1993,34.8251],[137.1996,34.8252],[137.2,34.8264],[137.1992,34.8272],[137.1985,34.8272],[137.1974,34.828],[137.1961,34.8283],[137.1954,34.8286],[137.1951,34.8295],[137.194,34.83],[137.1938,34.8303],[137.1935,34.8313],[137.1932,34.8317],[137.1924,34.8319],[137.1917,34.8327],[137.1916,34.8331],[137.1917,34.8343],[137.1914,34.8347],[137.1916,34.8353],[137.1923,34.8359],[137.1932,34.8361],[137.1939,34.8373],[137.1951,34.8377],[137.1957,34.8385],[137.1957,34.8393],[137.1962,34.8398],[137.1973,34.8405],[137.1979,34.8412],[137.198,34.8415],[137.1976,34.8422],[137.1976,34.843],[137.1971,34.8447],[137.1965,34.8453],[137.196,34.8453],[137.1945,34.8464],[137.193,34.8482],[137.1932,34.8489],[137.1942,34.8495],[137.1944,34.8501],[137.1954,34.8509],[137.1959,34.8522],[137.1971,34.8531],[137.1991,34.8536],[137.2006,34.8538],[137.2012,34.8542],[137.2019,34.8544],[137.2034,34.8551],[137.2036,34.8554],[137.2049,34.8562],[137.2055,34.8564],[137.2056,34.8568],[137.2049,34.8581],[137.2048,34.8596],[137.2049,34.8601],[137.2044,34.8611],[137.2044,34.8614],[137.205,34.8623],[137.2053,34.8631],[137.2068,34.8637],[137.2072,34.8641],[137.2074,34.8652],[137.2078,34.8655],[137.2088,34.8661],[137.2103,34.8666],[137.2109,34.8672],[137.2115,34.8676],[137.2121,34.8676],[137.2106,34.8688],[137.2103,34.8693],[137.2102,34.8699],[137.2096,34.8707],[137.2098,34.8713],[137.2097,34.8721],[137.2105,34.8733],[137.2107,34.8739],[137.2114,34.8749],[137.2116,34.8755],[137.2113,34.876],[137.2108,34.8779],[137.2101,34.8784],[137.2094,34.8792],[137.2079,34.8786],[137.2073,34.8787],[137.2066,34.8791],[137.2056,34.8793],[137.2049,34.88],[137.2037,34.8807],[137.2028,34.8822],[137.2021,34.8827],[137.2017,34.8833],[137.2012,34.8837],[137.2007,34.8846],[137.2011,34.885],[137.2018,34.8851],[137.2025,34.8855],[137.2028,34.886],[137.2032,34.8861],[137.2038,34.8868],[137.204,34.8878],[137.2038,34.8883],[137.2033,34.8889],[137.2023,34.8889],[137.2024,34.8907],[137.2031,34.8914],[137.2048,34.8918],[137.2057,34.8923],[137.2068,34.892],[137.2076,34.8919],[137.2083,34.8924],[137.2075,34.8933],[137.2073,34.8942],[137.2067,34.8946],[137.206,34.8952],[137.2059,34.8958],[137.2054,34.8963],[137.2054,34.8968],[137.2051,34.8971],[137.2045,34.8973],[137.2039,34.8982],[137.2031,34.899],[137.2003,34.8995],[137.1993,34.8993],[137.1991,34.8994],[137.1978,34.9009],[137.1971,34.9013],[137.1966,34.9013],[137.1958,34.9009],[137.1945,34.9018],[137.1939,34.903],[137.1931,34.9039],[137.1932,34.9049],[137.1929,34.9054],[137.192,34.9056],[137.1913,34.906],[137.1901,34.9057],[137.1889,34.9057],[137.1884,34.9055],[137.1883,34.9062],[137.1887,34.9073],[137.1884,34.9076],[137.1876,34.9076],[137.1873,34.9079],[137.1871,34.9085],[137.1867,34.9088],[137.1862,34.9087],[137.185,34.9083],[137.1844,34.9083],[137.1833,34.9077],[137.1825,34.908],[137.1817,34.9085],[137.181,34.9086],[137.18,34.9086],[137.1795,34.9087],[137.179,34.9096],[137.1779,34.9096],[137.177,34.9097],[137.1758,34.9093],[137.1752,34.9086],[137.1743,34.9085],[137.173,34.908],[137.1724,34.9074],[137.1718,34.9072],[137.1703,34.9074],[137.1687,34.9065],[137.1677,34.9063],[137.1671,34.9057],[137.1673,34.9046],[137.1666,34.9038],[137.1662,34.9031],[137.1657,34.902],[137.1645,34.9013],[137.1633,34.9009],[137.1618,34.9004],[137.1619,34.9001],[137.1618,34.8987],[137.1613,34.8973],[137.1607,34.8964],[137.1595,34.8958],[137.1591,34.8952],[137.1594,34.8945],[137.1604,34.8934],[137.1595,34.8925],[137.1587,34.8907],[137.1582,34.8892],[137.1579,34.8889],[137.1565,34.8893],[137.156,34.8896],[137.155,34.8884],[137.1546,34.8868],[137.1536,34.8868],[137.151,34.8875],[137.1493,34.8879],[137.1479,34.8884],[137.1463,34.8894],[137.1451,34.8896],[137.1431,34.8895],[137.1391,34.8904],[137.1378,34.8905],[137.1378,34.8891],[137.1377,34.8884],[137.1378,34.8875],[137.1382,34.8865],[137.1388,34.8859],[137.1391,34.8852],[137.1393,34.8844],[137.1407,34.8832],[137.1397,34.8824],[137.1381,34.8825],[137.1369,34.8822],[137.1363,34.8825],[137.1348,34.8824],[137.1347,34.882],[137.1352,34.8818],[137.1354,34.8811],[137.1353,34.8803],[137.1359,34.8789],[137.1361,34.8787],[137.1375,34.879],[137.1368,34.8755],[137.1371,34.8748],[137.1359,34.8741],[137.1354,34.8734],[137.1348,34.8733],[137.1348,34.8725],[137.1339,34.8715],[137.1337,34.871],[137.1327,34.8696],[137.1322,34.8695],[137.1315,34.8704],[137.1311,34.8704],[137.1303,34.8702],[137.1294,34.8703],[137.1292,34.87],[137.1275,34.8694],[137.1271,34.8686],[137.126,34.8694],[137.1251,34.8704],[137.1238,34.8702],[137.1232,34.8703],[137.1226,34.8707],[137.1226,34.8717],[137.1213,34.8726],[137.1205,34.8734],[137.1201,34.8736],[137.1197,34.8731],[137.12,34.8727],[137.1209,34.8723],[137.1205,34.872],[137.1196,34.8726],[137.1192,34.8735],[137.1187,34.8734],[137.1186,34.8729],[137.118,34.8726],[137.1179,34.872],[137.1184,34.8716],[137.1195,34.871],[137.1192,34.8706],[137.1181,34.8709],[137.1178,34.8705],[137.1186,34.87],[137.1191,34.8696],[137.1197,34.8694],[137.121,34.8687],[137.121,34.8685],[137.1194,34.8683],[137.1181,34.8695],[137.117,34.87],[137.1155,34.8702],[137.1152,34.8699],[137.1156,34.8693],[137.1162,34.8688],[137.1159,34.8681],[137.1153,34.8686],[137.1151,34.8695],[137.1145,34.8691],[137.1142,34.868],[137.1136,34.8678],[137.1134,34.866],[137.113,34.8652],[137.112,34.8649],[137.1105,34.8649],[137.1099,34.8653],[137.1091,34.8649],[137.108,34.8649],[137.1076,34.8638],[137.107,34.8634],[137.1068,34.8628],[137.1073,34.8624],[137.1078,34.8615],[137.1083,34.8619],[137.1081,34.8631],[137.109,34.8631],[137.1088,34.8617],[137.1096,34.8617],[137.1102,34.8616],[137.111,34.8616],[137.111,34.8621],[137.1104,34.8625],[137.1103,34.8631],[137.1097,34.8633],[137.11,34.8638],[137.1109,34.863],[137.1124,34.8624],[137.1122,34.8618],[137.1126,34.8617],[137.1139,34.8617],[137.1141,34.8625],[137.1149,34.8628],[137.1148,34.8639],[137.1144,34.8646],[137.1141,34.8656],[137.1145,34.8656],[137.1147,34.8651],[137.1152,34.8645],[137.1155,34.8636],[137.116,34.8636],[137.1163,34.8641],[137.1171,34.8645],[137.117,34.8652],[137.116,34.8661],[137.1168,34.866],[137.1179,34.8648],[137.1193,34.8654],[137.1197,34.8657],[137.1204,34.866],[137.1211,34.8665],[137.1217,34.867],[137.1223,34.8666],[137.122,34.8662],[137.1206,34.8657],[137.1201,34.8652],[137.1202,34.8644],[137.1218,34.8639],[137.1217,34.8631],[137.121,34.8639],[137.1195,34.8643],[137.1183,34.8639],[137.1178,34.8634],[137.1182,34.863],[137.1191,34.8629],[137.1205,34.8624],[137.1211,34.8623],[137.1221,34.8625],[137.123,34.8624],[137.1238,34.8628],[137.1243,34.8627],[137.1252,34.863],[137.126,34.8634],[137.1262,34.863],[137.1253,34.8626],[137.1252,34.862],[137.1249,34.8619],[137.124,34.8621],[137.1235,34.862],[137.1219,34.8621],[137.1211,34.862],[137.1191,34.8624],[137.1183,34.8623],[137.1175,34.8625],[137.1167,34.8625],[137.1156,34.8617],[137.1157,34.8614],[137.1152,34.8599],[137.1163,34.8598],[137.1173,34.8599],[137.1185,34.8595],[137.121,34.8592],[137.122,34.8591],[137.1223,34.859],[137.1225,34.8568],[137.123,34.8567],[137.124,34.856],[137.1241,34.8556],[137.1247,34.8553],[137.1257,34.8541],[137.127,34.8535],[137.1269,34.8531],[137.1265,34.8528],[137.1264,34.8521],[137.1251,34.8506],[137.1251,34.8499],[137.1239,34.8499],[137.1234,34.8495],[137.1234,34.8485],[137.1225,34.848],[137.1224,34.8478],[137.1228,34.8469],[137.1228,34.8464],[137.1222,34.846],[137.1214,34.8459],[137.1208,34.8462],[137.1201,34.8469],[137.1194,34.847],[137.1186,34.8474],[137.118,34.8479],[137.1175,34.8487],[137.1166,34.8492],[137.116,34.8497],[137.1151,34.8507],[137.1144,34.8522],[137.1139,34.8526],[137.1131,34.8536],[137.1118,34.8543],[137.1112,34.8549],[137.1108,34.8545],[137.1112,34.8538],[137.1127,34.853],[137.1135,34.8524],[137.1138,34.852],[137.1127,34.8517],[137.1126,34.8525],[137.1114,34.853],[137.1114,34.8522],[137.1119,34.8509],[137.1115,34.8508],[137.1111,34.8519],[137.1107,34.8522],[137.1106,34.8531],[137.1091,34.8541],[137.1085,34.8547],[137.1077,34.8548],[137.1076,34.8546],[137.1085,34.8534],[137.1094,34.8528],[137.1101,34.8517],[137.1104,34.8506],[137.1099,34.8502],[137.1097,34.8514],[137.1086,34.8529],[137.1081,34.8525],[137.108,34.853],[137.1073,34.854],[137.1065,34.8544],[137.106,34.854],[137.1062,34.8536],[137.1066,34.8534],[137.1073,34.8525],[137.1076,34.8519],[137.1075,34.8516],[137.106,34.8523],[137.1054,34.852],[137.105,34.8522],[137.1047,34.8518],[137.1066,34.8507],[137.107,34.8507],[137.1077,34.8496],[137.1088,34.8492],[137.1094,34.8492],[137.1105,34.8482],[137.111,34.8482],[137.1111,34.8478],[137.1118,34.8474],[137.1109,34.8471],[137.1106,34.8468],[137.1108,34.8464],[137.1126,34.8464],[137.1123,34.846],[137.111,34.8459],[137.1112,34.8455],[137.1122,34.8448],[137.1132,34.8444],[137.1139,34.8439],[137.1137,34.8436],[137.1131,34.8436],[137.1125,34.843],[137.1122,34.8432],[137.111,34.8424],[137.1112,34.8432],[137.1111,34.8445],[137.11,34.8447],[137.1094,34.8451],[137.1087,34.8449],[137.1082,34.8445],[137.1075,34.8447],[137.1074,34.8451],[137.1068,34.8449],[137.1063,34.8456],[137.1065,34.8459],[137.1061,34.8462],[137.1047,34.8474],[137.1044,34.8484],[137.1037,34.8487],[137.1032,34.8495],[137.1029,34.8497],[137.1021,34.8497],[137.1017,34.8499],[137.1014,34.8505],[137.1011,34.8505],[137.1011,34.8498],[137.1016,34.8487],[137.1026,34.8484],[137.1039,34.8474],[137.1034,34.8467],[137.1042,34.8461],[137.1053,34.8448],[137.1056,34.8447],[137.1059,34.8439],[137.1064,34.8433],[137.1067,34.843],[137.1068,34.8425],[137.1076,34.8419],[137.1068,34.8419],[137.1063,34.8426],[137.106,34.8425],[137.106,34.8418],[137.1052,34.8425],[137.1056,34.8431],[137.1057,34.8436],[137.1045,34.8448],[137.1035,34.8455],[137.1033,34.8442],[137.1027,34.8433],[137.1024,34.8438],[137.1028,34.8442],[137.103,34.8448],[137.1029,34.8455],[137.1026,34.8459],[137.1021,34.8449],[137.1022,34.8443],[137.1019,34.8441],[137.1017,34.8427],[137.103,34.8421],[137.1038,34.8421],[137.106,34.8404],[137.1071,34.8403],[137.1077,34.8408],[137.109,34.8414],[137.1093,34.8419],[137.1098,34.8421],[137.1103,34.8419],[137.111,34.841],[137.1114,34.8408],[137.1123,34.8407],[137.1139,34.8402],[137.1147,34.8395],[137.1172,34.8387],[137.1179,34.8391],[137.1186,34.8388],[137.1201,34.8393],[137.1208,34.8396],[137.1215,34.8406],[137.122,34.8421],[137.1229,34.8427],[137.1231,34.8436],[137.1234,34.8441],[137.124,34.8444],[137.1255,34.8437],[137.1268,34.843],[137.1275,34.8429],[137.1279,34.8425],[137.128,34.8416],[137.1281,34.8413],[137.1303,34.8406],[137.1305,34.8405],[137.1304,34.8393],[137.1311,34.8387],[137.1316,34.8381],[137.1322,34.8378],[137.1327,34.8372],[137.1331,34.8362],[137.1334,34.8358],[137.1342,34.8353],[137.135,34.8343],[137.1359,34.8343],[137.1362,34.8342],[137.1382,34.8338],[137.1389,34.833],[137.139,34.8324],[137.1399,34.8326],[137.1411,34.8327],[137.1412,34.8321],[137.1421,34.8311],[137.1431,34.8299],[137.1431,34.8291],[137.1439,34.8291],[137.1442,34.8289],[137.1436,34.8285],[137.1438,34.8283],[137.1448,34.8285],[137.1455,34.8279],[137.1457,34.8282],[137.1464,34.8283],[137.1466,34.8277],[137.1462,34.8272],[137.1468,34.8266],[137.1469,34.826],[137.1464,34.8255],[137.1471,34.8255],[137.1472,34.8247],[137.1476,34.8243],[137.1477,34.8234],[137.1472,34.8228],[137.1471,34.8221],[137.1474,34.822],[137.1485,34.8224],[137.1491,34.8224],[137.1504,34.822],[137.1506,34.8226],[137.1497,34.8227],[137.1491,34.8233],[137.1497,34.8235],[137.1516,34.8241],[137.1533,34.8244],[137.1545,34.8244],[137.1548,34.825],[137.1554,34.825],[137.1561,34.8247],[137.1563,34.8243],[137.1573,34.8243],[137.158,34.8238],[137.1585,34.8224],[137.1585,34.8211],[137.1594,34.8201],[137.1599,34.8191],[137.1604,34.8183],[137.1608,34.8175],[137.1617,34.8163],[137.1617,34.8157],[137.1629,34.8155],[137.1637,34.815]]]},"properties":{"N03_001":"愛知県","N03_002":"","N03_003":"額田郡","N03_004":"幸田町","N03_007":"23501"}},
{"type":"Feature","geometry":{"type":"Polygon","coordinates":[[[137.4463,35.0719],[137.4476,35.0727],[137.4477,35.0733],[137.448,35.0734],[137.4489,35.0732],[137.4498,35.0734],[137.4505,35.073],[137.4517,35.0735],[137.4523,35.0728],[137.4522,35.0722],[137.4525,35.0717],[137.4538,35.0709],[137.4544,35.0698],[137.4542,35.069],[137.4538,35.0687],[137.4531,35.0686],[137.4529,35.0681],[137.4523,35.0673],[137.4518,35.0671],[137.4513,35.0667],[137.4514,35.0657],[137.451,35.0638],[137.4513,35.0626],[137.4511,35.0617],[137.4502,35.061],[137.4498,35.0605],[137.449,35.0599],[137.4489,35.0595],[137.4489,35.0586],[137.4494,35.0574],[137.4503,35.057],[137.4509,35.0552],[137.4517,35.0549],[137.452,35.0543],[137.4524,35.0542],[137.453,35.0544],[137.4546,35.0544],[137.4555,35.0548],[137.4564,35.0555],[137.4575,35.0555],[137.4585,35.056],[137.4592,35.0558],[137.4598,35.055],[137.4607,35.0547],[137.461,35.054],[137.4614,35.0535],[137.4626,35.0532],[137.4631,35.0534],[137.4641,35.0533],[137.4653,35.0536],[137.4661,35.0544],[137.4667,35.0543],[137.4675,35.0544],[137.4691,35.0541],[137.4701,35.0537],[137.471,35.0539],[137.4713,35.0543],[137.4726,35.0554],[137.474,35.0572],[137.4743,35.0579],[137.4744,35.0591],[137.4747,35.0596],[137.4756,35.0605],[137.4758,35.0616],[137.4767,35.0618],[137.4776,35.0621],[137.4785,35.063],[137.4796,35.0633],[137.4802,35.0633],[137.4822,35.0633],[137.4831,35.0635],[137.4838,35.0638],[137.4846,35.0637],[137.4852,35.0627],[137.4859,35.0623],[137.4868,35.063],[137.4873,35.0632],[137.4884,35.0632],[137.4884,35.0642],[137.4878,35.0657],[137.4874,35.0663],[137.4878,35.0688],[137.4899,35.069],[137.4915,35.0688],[137.4929,35.0699],[137.4936,35.0698],[137.4944,35.0692],[137.4946,35.0683],[137.4949,35.0678],[137.4958,35.0674],[137.4966,35.0674],[137.4974,35.0671],[137.4985,35.0663],[137.4992,35.0663],[137.4996,35.0665],[137.5007,35.0658],[137.5023,35.0654],[137.5023,35.0647],[137.5028,35.0642],[137.5034,35.0639],[137.5037,35.0634],[137.504,35.062],[137.5041,35.0603],[137.5047,35.0601],[137.5051,35.0596],[137.5053,35.0582],[137.5055,35.0578],[137.5057,35.0567],[137.5069,35.0538],[137.5071,35.0527],[137.5072,35.0503],[137.5076,35.0496],[137.5086,35.0503],[137.5089,35.0507],[137.5095,35.0509],[137.51,35.0503],[137.5099,35.0494],[137.5095,35.0491],[137.5092,35.0485],[137.5092,35.0479],[137.5088,35.0471],[137.5077,35.0463],[137.5074,35.046],[137.508,35.0451],[137.5077,35.0444],[137.5071,35.0441],[137.5059,35.0427],[137.5052,35.0416],[137.5054,35.0412],[137.5065,35.0404],[137.5076,35.0404],[137.5086,35.0399],[137.5089,35.0396],[137.5109,35.0397],[137.5116,35.0397],[137.5124,35.0401],[137.5131,35.0406],[137.5137,35.0409],[137.5147,35.0418],[137.5155,35.043],[137.5158,35.0441],[137.5161,35.045],[137.5166,35.0462],[137.5173,35.0467],[137.5174,35.0473],[137.5183,35.0481],[137.5191,35.0484],[137.5194,35.0489],[137.52,35.0492],[137.5203,35.0489],[137.521,35.0485],[137.5223,35.0482],[137.5234,35.0481],[137.5237,35.0477],[137.5235,35.046],[137.5237,35.0458],[137.5248,35.0455],[137.5251,35.0452],[137.5253,35.0444],[137.5254,35.0429],[137.5261,35.0426],[137.5271,35.0429],[137.5279,35.043],[137.529,35.0426],[137.5301,35.0425],[137.5312,35.0425],[137.5319,35.0428],[137.5322,35.0433],[137.5321,35.0441],[137.5323,35.045],[137.5328,35.0467],[137.5336,35.0479],[137.5344,35.0506],[137.5343,35.0512],[137.5346,35.0516],[137.5352,35.0522],[137.5357,35.0524],[137.5366,35.0525],[137.5378,35.0522],[137.5387,35.0519],[137.5393,35.0521],[137.5397,35.052],[137.5396,35.0512],[137.5392,35.0506],[137.5382,35.05],[137.5381,35.0495],[137.5385,35.049],[137.5397,35.0492],[137.5407,35.0499],[137.5413,35.0507],[137.5415,35.0514],[137.5413,35.052],[137.5403,35.0529],[137.5396,35.0539],[137.5394,35.0547],[137.5407,35.0556],[137.5416,35.0558],[137.5419,35.0564],[137.5424,35.0567],[137.5429,35.0573],[137.5442,35.0576],[137.5454,35.0576],[137.5457,35.0575],[137.5467,35.0577],[137.5477,35.0578],[137.5495,35.0574],[137.5513,35.057],[137.5513,35.0568],[137.5504,35.0559],[137.5502,35.0554],[137.5509,35.0551],[137.5515,35.0546],[137.5526,35.0544],[137.553,35.0545],[137.5536,35.055],[137.5542,35.055],[137.5553,35.0554],[137.556,35.0552],[137.5583,35.0551],[137.5593,35.0551],[137.5604,35.0564],[137.5608,35.0572],[137.5608,35.0578],[137.5621,35.0584],[137.5629,35.0583],[137.5632,35.0584],[137.5642,35.0583],[137.565,35.0589],[137.5656,35.059],[137.5659,35.0598],[137.5665,35.0599],[137.5677,35.0604],[137.5701,35.0604],[137.5715,35.06],[137.5719,35.0597],[137.5731,35.0596],[137.5743,35.0594],[137.5759,35.0595],[137.5789,35.0595],[137.5797,35.0596],[137.5796,35.0589],[137.5799,35.0579],[137.5812,35.0575],[137.5819,35.0569],[137.5828,35.0566],[137.5836,35.0559],[137.5829,35.0555],[137.5824,35.0543],[137.5819,35.0536],[137.5818,35.0531],[137.5812,35.0527],[137.5813,35.0524],[137.5821,35.052],[137.5827,35.0514],[137.5833,35.0513],[137.5838,35.0507],[137.584,35.0501],[137.5848,35.0494],[137.585,35.0481],[137.5855,35.0475],[137.5858,35.0465],[137.5871,35.0444],[137.5874,35.0438],[137.5886,35.0421],[137.5882,35.041],[137.589,35.0403],[137.5894,35.0393],[137.5898,35.0388],[137.5903,35.0377],[137.59,35.0375],[137.5897,35.0367],[137.5894,35.0361],[137.5897,35.0349],[137.5897,35.0342],[137.5908,35.0337],[137.5913,35.0332],[137.5926,35.0325],[137.5934,35.0319],[137.5945,35.032],[137.5948,35.0318],[137.5947,35.0311],[137.5964,35.0294],[137.5971,35.0282],[137.5971,35.0277],[137.5974,35.0268],[137.5977,35.0264],[137.5988,35.0257],[137.5992,35.0254],[137.5994,35.0237],[137.5982,35.0229],[137.5982,35.0226],[137.5986,35.0219],[137.5991,35.0207],[137.5995,35.0202],[137.5995,35.0197],[137.5997,35.0187],[137.6005,35.0181],[137.6017,35.0175],[137.6024,35.0169],[137.6036,35.0164],[137.6039,35.0164],[137.6051,35.0171],[137.6071,35.0175],[137.6081,35.0175],[137.6112,35.0169],[137.6118,35.0173],[137.6126,35.0176],[137.6141,35.0175],[137.6159,35.0178],[137.6166,35.0181],[137.6176,35.0184],[137.6181,35.0187],[137.6191,35.0189],[137.6199,35.0189],[137.62,35.0193],[137.6211,35.0206],[137.6209,35.0213],[137.6211,35.022],[137.621,35.0223],[137.6214,35.0229],[137.6214,35.0234],[137.6212,35.0241],[137.6211,35.0251],[137.6212,35.026],[137.6216,35.0282],[137.6218,35.0288],[137.6227,35.0295],[137.6235,35.0304],[137.6237,35.0311],[137.6243,35.0321],[137.6246,35.0331],[137.6245,35.0335],[137.6231,35.035],[137.6231,35.0364],[137.6233,35.0368],[137.623,35.0378],[137.6228,35.039],[137.6229,35.0403],[137.6237,35.0414],[137.6245,35.042],[137.6248,35.0429],[137.6254,35.0435],[137.6256,35.0441],[137.626,35.0447],[137.626,35.0451],[137.6256,35.0461],[137.6257,35.0468],[137.6267,35.0472],[137.6276,35.0478],[137.6282,35.0479],[137.6288,35.0477],[137.6304,35.0476],[137.6311,35.0483],[137.6313,35.0488],[137.6307,35.0498],[137.6302,35.0501],[137.6296,35.051],[137.6291,35.0515],[137.6287,35.0521],[137.6288,35.0532],[137.6284,35.0543],[137.629,35.055],[137.63,35.0554],[137.6305,35.0557],[137.6313,35.0559],[137.6319,35.0562],[137.6322,35.0568],[137.6326,35.0571],[137.633,35.0577],[137.6338,35.0584],[137.6339,35.0596],[137.6333,35.0602],[137.633,35.0608],[137.633,35.0611],[137.6335,35.0617],[137.6338,35.0628],[137.6339,35.0637],[137.6343,35.0646],[137.6346,35.0648],[137.6357,35.0647],[137.6366,35.0641],[137.6378,35.0643],[137.6383,35.0652],[137.6384,35.0658],[137.6384,35.0671],[137.6387,35.068],[137.6379,35.0687],[137.6374,35.0693],[137.6373,35.0698],[137.6367,35.0704],[137.6351,35.0711],[137.6346,35.0717],[137.6342,35.0725],[137.6328,35.0726],[137.6327,35.073],[137.6335,35.0739],[137.6337,35.0744],[137.6344,35.075],[137.6345,35.0755],[137.6342,35.0772],[137.6338,35.078],[137.6338,35.0783],[137.6342,35.0786],[137.6357,35.0785],[137.6366,35.0786],[137.6371,35.079],[137.6375,35.0799],[137.6386,35.0807],[137.6389,35.0811],[137.6389,35.0818],[137.6396,35.0824],[137.6396,35.0831],[137.6385,35.0839],[137.6381,35.0843],[137.637,35.0847],[137.6362,35.0848],[137.6349,35.0842],[137.6338,35.0839],[137.6333,35.0839],[137.6321,35.0843],[137.6316,35.085],[137.6305,35.0856],[137.63,35.0865],[137.6297,35.0869],[137.629,35.0873],[137.6284,35.0881],[137.6276,35.0882],[137.6265,35.0886],[137.6261,35.0891],[137.6253,35.0894],[137.6255,35.0901],[137.626,35.0902],[137.6254,35.0917],[137.6245,35.0921],[137.6238,35.0928],[137.6238,35.0935],[137.6235,35.0944],[137.6238,35.0955],[137.6235,35.0958],[137.6228,35.096],[137.6216,35.0969],[137.6211,35.0981],[137.6199,35.0982],[137.6189,35.0981],[137.6176,35.0976],[137.6159,35.0974],[137.6155,35.0972],[137.6135,35.0972],[137.6127,35.0974],[137.6122,35.0972],[137.6113,35.0976],[137.6105,35.0977],[137.6096,35.0979],[137.6092,35.0984],[137.6089,35.0991],[137.6079,35.1],[137.6076,35.1005],[137.6074,35.1019],[137.607,35.1026],[137.6063,35.1034],[137.6055,35.104],[137.6063,35.1048],[137.6065,35.106],[137.6063,35.1086],[137.6065,35.1092],[137.6061,35.1112],[137.6065,35.1122],[137.6082,35.1134],[137.6087,35.1143],[137.6091,35.1162],[137.609,35.117],[137.6092,35.1176],[137.6098,35.1187],[137.6102,35.1193],[137.6099,35.1201],[137.6102,35.1206],[137.6106,35.1228],[137.6104,35.124],[137.6102,35.1245],[137.6104,35.1252],[137.6109,35.1259],[137.6109,35.1265],[137.6102,35.1273],[137.6103,35.1291],[137.6101,35.1295],[137.6101,35.1301],[137.6096,35.1307],[137.6095,35.1313],[137.6099,35.1324],[137.6097,35.1336],[137.6103,35.134],[137.6106,35.135],[137.6109,35.1354],[137.6111,35.136],[137.6109,35.1368],[137.6105,35.1375],[137.6105,35.1381],[137.6102,35.1393],[137.6103,35.14],[137.6124,35.1403],[137.6133,35.1401],[137.614,35.1403],[137.6151,35.1412],[137.6161,35.1406],[137.6169,35.1404],[137.6171,35.14],[137.6177,35.1398],[137.6184,35.1392],[137.6201,35.1383],[137.6209,35.1383],[137.6214,35.138],[137.622,35.1387],[137.6229,35.1394],[137.6244,35.1401],[137.6257,35.1405],[137.6268,35.1409],[137.6277,35.1406],[137.6285,35.1414],[137.6294,35.1419],[137.63,35.142],[137.6309,35.1426],[137.6318,35.1428],[137.6325,35.1427],[137.6338,35.1428],[137.6351,35.1433],[137.6365,35.1425],[137.6375,35.1423],[137.6385,35.143],[137.6393,35.1432],[137.6419,35.145],[137.6437,35.1455],[137.6449,35.1455],[137.6458,35.1461],[137.6472,35.1464],[137.6481,35.1463],[137.6487,35.1464],[137.6495,35.1463],[137.6504,35.1463],[137.6519,35.1457],[137.6523,35.1453],[137.6528,35.1447],[137.6531,35.1439],[137.6532,35.1434],[137.653,35.1428],[137.6524,35.1418],[137.6526,35.1404],[137.6538,35.1399],[137.6554,35.1394],[137.6567,35.1399],[137.6591,35.1412],[137.6626,35.1402],[137.6646,35.1403],[137.6653,35.14],[137.6657,35.1402],[137.6664,35.1412],[137.6668,35.1415],[137.6679,35.1412],[137.6693,35.1412],[137.6706,35.1415],[137.671,35.1412],[137.6723,35.1407],[137.6734,35.1408],[137.6738,35.1403],[137.6745,35.1403],[137.6753,35.1399],[137.6759,35.14],[137.6766,35.1407],[137.6762,35.1415],[137.6758,35.1427],[137.6766,35.1435],[137.6769,35.1443],[137.6774,35.145],[137.677,35.1457],[137.6766,35.1469],[137.6765,35.1477],[137.6771,35.1486],[137.6771,35.1495],[137.677,35.1507],[137.6778,35.1508],[137.6781,35.1514],[137.678,35.152],[137.6774,35.1526],[137.6765,35.1526],[137.6761,35.1541],[137.6765,35.1554],[137.677,35.1568],[137.6772,35.1577],[137.677,35.1583],[137.6764,35.1587],[137.6758,35.1592],[137.6752,35.1606],[137.6738,35.1616],[137.6728,35.1636],[137.6729,35.1642],[137.6726,35.1649],[137.6718,35.1655],[137.6716,35.1658],[137.671,35.166],[137.6706,35.1658],[137.6697,35.1657],[137.6694,35.1661],[137.6697,35.1664],[137.6699,35.1677],[137.6701,35.1683],[137.6702,35.1698],[137.67,35.1703],[137.6696,35.1707],[137.6689,35.1708],[137.6687,35.1711],[137.6691,35.1721],[137.6691,35.1733],[137.6686,35.1738],[137.6683,35.1744],[137.6683,35.1747],[137.667,35.1758],[137.6662,35.176],[137.6653,35.1764],[137.6647,35.1764],[137.6643,35.1767],[137.6641,35.1775],[137.6635,35.1781],[137.6639,35.1786],[137.6652,35.1794],[137.665,35.1803],[137.6651,35.1813],[137.6655,35.1821],[137.6662,35.1824],[137.6655,35.183],[137.665,35.1834],[137.6641,35.1843],[137.6641,35.1849],[137.6643,35.1856],[137.6639,35.1861],[137.6634,35.1871],[137.6624,35.1883],[137.6614,35.1889],[137.6597,35.1895],[137.6596,35.1896],[137.6587,35.1913],[137.6572,35.1941],[137.6551,35.1981],[137.6549,35.199],[137.6553,35.2003],[137.6559,35.2015],[137.656,35.2022],[137.6569,35.2037],[137.6571,35.2053],[137.6568,35.2059],[137.6569,35.2065],[137.6568,35.2074],[137.6569,35.208],[137.6573,35.2087],[137.6577,35.2097],[137.6577,35.2103],[137.6576,35.2117],[137.6573,35.2122],[137.6567,35.2128],[137.6568,35.2141],[137.6571,35.2149],[137.657,35.2152],[137.6563,35.2158],[137.6554,35.2161],[137.655,35.2168],[137.6544,35.2172],[137.6535,35.2175],[137.652,35.2167],[137.6502,35.2161],[137.6495,35.2154],[137.6492,35.2149],[137.6487,35.2144],[137.6471,35.214],[137.6454,35.214],[137.6448,35.2138],[137.6445,35.2128],[137.6451,35.212],[137.6452,35.2116],[137.6447,35.2106],[137.6449,35.21],[137.6446,35.209],[137.6435,35.2089],[137.641,35.2093],[137.6406,35.2096],[137.6401,35.2094],[137.6395,35.2097],[137.6366,35.2103],[137.6343,35.2111],[137.6339,35.2118],[137.6334,35.2122],[137.633,35.2122],[137.6308,35.212],[137.6287,35.2116],[137.6276,35.2116],[137.6268,35.2119],[137.6255,35.2112],[137.6236,35.2108],[137.6228,35.2107],[137.621,35.211],[137.6201,35.211],[137.6199,35.2108],[137.6199,35.21],[137.6169,35.2095],[137.6161,35.2102],[137.6155,35.2105],[137.6143,35.2103],[137.6135,35.2097],[137.6131,35.209],[137.6127,35.2088],[137.611,35.2085],[137.6101,35.2082],[137.6095,35.2078],[137.6078,35.2069],[137.6069,35.2067],[137.6054,35.2068],[137.6042,35.2063],[137.6031,35.2061],[137.6035,35.2057],[137.6035,35.2054],[137.6022,35.2044],[137.5977,35.2022],[137.5915,35.1993],[137.5889,35.1993],[137.5873,35.1997],[137.5862,35.1997],[137.5848,35.1995],[137.5835,35.1997],[137.583,35.1996],[137.5822,35.1992],[137.5811,35.1985],[137.58,35.1984],[137.5787,35.1985],[137.5779,35.1974],[137.578,35.1965],[137.5776,35.1958],[137.5782,35.1954],[137.5781,35.1945],[137.5789,35.1941],[137.5792,35.1931],[137.5802,35.1926],[137.581,35.1915],[137.5811,35.1902],[137.5801,35.1897],[137.5796,35.189],[137.5791,35.188],[137.5783,35.1874],[137.5775,35.1871],[137.577,35.1871],[137.576,35.1868],[137.5754,35.1861],[137.5752,35.1855],[137.5742,35.1855],[137.5729,35.1861],[137.5714,35.1862],[137.571,35.1861],[137.5708,35.1855],[137.5702,35.1854],[137.5695,35.1857],[137.5694,35.1863],[137.5688,35.1869],[137.5684,35.1885],[137.5666,35.1881],[137.5644,35.1883],[137.5636,35.1888],[137.563,35.1887],[137.5625,35.1884],[137.5609,35.1883],[137.5602,35.1886],[137.5593,35.1881],[137.5587,35.1874],[137.5581,35.1876],[137.5573,35.1881],[137.5567,35.1888],[137.556,35.189],[137.5548,35.1892],[137.5538,35.1883],[137.5526,35.1882],[137.5524,35.1879],[137.5519,35.188],[137.5514,35.1886],[137.5508,35.1891],[137.5504,35.189],[137.5493,35.1882],[137.5476,35.188],[137.5472,35.1877],[137.5471,35.187],[137.5463,35.1873],[137.546,35.1881],[137.5457,35.1884],[137.5447,35.1884],[137.5441,35.1884],[137.5437,35.1888],[137.5425,35.189],[137.5421,35.1895],[137.5411,35.19],[137.5401,35.1907],[137.5398,35.1918],[137.5389,35.1914],[137.5385,35.1907],[137.5377,35.1903],[137.5376,35.1897],[137.5368,35.189],[137.5356,35.1887],[137.535,35.1882],[137.5344,35.188],[137.5335,35.1874],[137.5332,35.1869],[137.5321,35.1863],[137.5309,35.1858],[137.5305,35.185],[137.5304,35.1842],[137.5301,35.184],[137.5292,35.1839],[137.5282,35.1839],[137.5272,35.1833],[137.5266,35.1828],[137.5251,35.1821],[137.5243,35.1822],[137.5237,35.182],[137.5233,35.1814],[137.5225,35.1809],[137.5213,35.1803],[137.5202,35.179],[137.5196,35.1787],[137.5189,35.1781],[137.518,35.1779],[137.5177,35.178],[137.5169,35.1801],[137.5165,35.1804],[137.5158,35.1802],[137.5153,35.1804],[137.5141,35.1804],[137.5144,35.1818],[137.5149,35.1825],[137.5154,35.1828],[137.5133,35.1848],[137.5125,35.1853],[137.5114,35.1852],[137.5104,35.1849],[137.509,35.1851],[137.5079,35.1846],[137.5064,35.1843],[137.504,35.1844],[137.5029,35.1842],[137.5018,35.1847],[137.5012,35.1846],[137.5,35.1847],[137.4994,35.1859],[137.4994,35.1867],[137.4988,35.1876],[137.4994,35.188],[137.4995,35.1883],[137.4994,35.1894],[137.4999,35.1902],[137.5007,35.1909],[137.501,35.1919],[137.5016,35.1922],[137.5017,35.1925],[137.5015,35.1932],[137.5014,35.194],[137.501,35.1944],[137.5017,35.1952],[137.5025,35.1955],[137.5029,35.196],[137.503,35.1965],[137.5027,35.1972],[137.5012,35.1968],[137.5002,35.1967],[137.4998,35.1964],[137.4989,35.1966],[137.4981,35.1966],[137.4976,35.197],[137.497,35.197],[137.4958,35.197],[137.4954,35.1973],[137.4941,35.1969],[137.4928,35.1963],[137.4906,35.1956],[137.488,35.1943],[137.4874,35.1938],[137.487,35.1937],[137.4866,35.1928],[137.4856,35.1915],[137.4854,35.1906],[137.4843,35.1889],[137.4838,35.1878],[137.4835,35.1868],[137.4824,35.1856],[137.4822,35.1852],[137.482,35.1843],[137.4816,35.1836],[137.4816,35.1828],[137.4824,35.1815],[137.4827,35.1804],[137.4832,35.1795],[137.4777,35.1734],[137.4745,35.1699],[137.4735,35.1692],[137.4708,35.1672],[137.4648,35.1622],[137.4622,35.1602],[137.4623,35.16],[137.4637,35.1597],[137.4645,35.1593],[137.4657,35.1591],[137.4663,35.1588],[137.4669,35.1584],[137.4671,35.158],[137.4675,35.1569],[137.4674,35.1563],[137.4678,35.1552],[137.4683,35.1546],[137.4694,35.1535],[137.4703,35.1529],[137.4711,35.1525],[137.4723,35.1515],[137.4735,35.1512],[137.4748,35.1501],[137.4742,35.1489],[137.4738,35.1478],[137.4738,35.1466],[137.4733,35.1461],[137.4729,35.1466],[137.4717,35.1465],[137.4711,35.1451],[137.4712,35.1445],[137.4706,35.1438],[137.4698,35.1432],[137.4695,35.1424],[137.4686,35.1418],[137.4682,35.141],[137.4671,35.1406],[137.4661,35.14],[137.464,35.1394],[137.4632,35.1389],[137.4627,35.138],[137.4625,35.1373],[137.4617,35.1367],[137.4612,35.1365],[137.4599,35.1364],[137.459,35.1358],[137.4587,35.1352],[137.4588,35.1346],[137.4573,35.1334],[137.4546,35.1339],[137.4539,35.1337],[137.4516,35.133],[137.451,35.1336],[137.4501,35.1346],[137.4491,35.1347],[137.4483,35.1349],[137.4474,35.1358],[137.4467,35.1363],[137.4461,35.1365],[137.4449,35.1366],[137.4442,35.1365],[137.4437,35.1361],[137.4438,35.1349],[137.444,35.1344],[137.4444,35.1337],[137.4445,35.1332],[137.4445,35.1324],[137.4447,35.1316],[137.4446,35.1305],[137.4447,35.1301],[137.4452,35.1298],[137.4455,35.129],[137.4461,35.1286],[137.4469,35.1284],[137.4473,35.1281],[137.4474,35.1273],[137.4479,35.1263],[137.4484,35.1257],[137.4484,35.1253],[137.448,35.1245],[137.4476,35.1227],[137.4476,35.1218],[137.4468,35.1209],[137.4472,35.1203],[137.4476,35.1201],[137.4477,35.1197],[137.4475,35.1192],[137.4469,35.1185],[137.4462,35.1168],[137.4456,35.1163],[137.4451,35.1156],[137.4439,35.1154],[137.4435,35.115],[137.4438,35.1146],[137.4438,35.1141],[137.4436,35.1135],[137.4438,35.1129],[137.4444,35.1126],[137.4447,35.1122],[137.4447,35.1117],[137.4443,35.1112],[137.4425,35.1101],[137.4402,35.1096],[137.4394,35.1095],[137.4386,35.1092],[137.4378,35.1091],[137.4374,35.1086],[137.4368,35.1082],[137.4359,35.108],[137.4345,35.1082],[137.4335,35.1082],[137.4335,35.1074],[137.433,35.107],[137.4321,35.1059],[137.432,35.105],[137.4317,35.1046],[137.4294,35.1044],[137.4293,35.1039],[137.4298,35.1029],[137.4298,35.1025],[137.4296,35.1018],[137.4302,35.1011],[137.4305,35.1001],[137.4305,35.099],[137.4302,35.0982],[137.43,35.0968],[137.43,35.0958],[137.4303,35.0952],[137.4314,35.0952],[137.4318,35.095],[137.4328,35.094],[137.4336,35.0935],[137.4342,35.0926],[137.4346,35.0914],[137.4345,35.0907],[137.434,35.0899],[137.4335,35.0896],[137.4333,35.0885],[137.4335,35.0879],[137.4334,35.0872],[137.4336,35.087],[137.4348,35.0872],[137.4359,35.0871],[137.4381,35.0853],[137.4383,35.0843],[137.4381,35.0839],[137.4371,35.0833],[137.4369,35.0829],[137.4376,35.0827],[137.438,35.0823],[137.441,35.0817],[137.4428,35.0812],[137.4433,35.0805],[137.4433,35.0799],[137.4439,35.0791],[137.4441,35.0784],[137.4447,35.0777],[137.4447,35.0772],[137.4453,35.0764],[137.4449,35.0752],[137.4447,35.0744],[137.4442,35.0742],[137.4431,35.0733],[137.4432,35.0727],[137.4435,35.0723],[137.4448,35.0721],[137.4452,35.0717],[137.4457,35.0715],[137.4463,35.0719]]]},"properties":{"N03_001":"愛知県","N03_002":"","N03_003":"北設楽郡","N03_004":"設楽町","N03_007":"23561"}},
{"type":"Feature","geometry":{"type":"Polygon","coordinates":[[[137.7049,35.0148],[137.7058,35.0152],[137.7061,35.0162],[137.7064,35.0166],[137.7067,35.0175],[137.7079,35.0187],[137.7086,35.0188],[137.7092,35.0191],[137.7095,35.0196],[137.7105,35.0204],[137.7109,35.0209],[137.7107,35.0221],[137.711,35.0229],[137.7117,35.0239],[137.7121,35.0242],[137.7127,35.0252],[137.713,35.0254],[137.7148,35.0256],[137.7155,35.0264],[137.7158,35.0268],[137.7165,35.0275],[137.7167,35.0294],[137.7171,35.0304],[137.7174,35.0309],[137.7176,35.0322],[137.7169,35.0331],[137.7168,35.0335],[137.7173,35.0338],[137.7171,35.0347],[137.7173,35.0351],[137.7185,35.0347],[137.7187,35.035],[137.7184,35.0363],[137.719,35.0361],[137.7198,35.0361],[137.7205,35.0359],[137.7215,35.0364],[137.7222,35.0363],[137.7226,35.0369],[137.723,35.0376],[137.723,35.0387],[137.7233,35.0391],[137.7244,35.0395],[137.7263,35.04],[137.7279,35.0401],[137.7288,35.0403],[137.7292,35.0416],[137.7301,35.0421],[137.7302,35.0428],[137.7306,35.0434],[137.7314,35.0451],[137.7316,35.0454],[137.7327,35.0465],[137.7339,35.0471],[137.7343,35.0475],[137.7353,35.0481],[137.7353,35.0492],[137.7356,35.0501],[137.7358,35.0514],[137.7365,35.0524],[137.7379,35.0535],[137.7384,35.0543],[137.7396,35.055],[137.7403,35.0559],[137.7403,35.0565],[137.7412,35.0572],[137.7419,35.0574],[137.7427,35.0578],[137.7434,35.0579],[137.7444,35.0586],[137.7454,35.0598],[137.7468,35.0602],[137.7483,35.0613],[137.7493,35.062],[137.7507,35.0627],[137.7514,35.0641],[137.7526,35.0644],[137.753,35.0648],[137.7547,35.0654],[137.7553,35.0654],[137.756,35.065],[137.7565,35.0651],[137.7567,35.066],[137.7565,35.0672],[137.7572,35.0679],[137.7582,35.0684],[137.759,35.0683],[137.7603,35.0683],[137.7616,35.0686],[137.762,35.0692],[137.7621,35.0697],[137.7625,35.0703],[137.7635,35.0704],[137.7637,35.0709],[137.7633,35.0715],[137.7638,35.0722],[137.7656,35.0727],[137.7666,35.0726],[137.7674,35.0726],[137.7678,35.0723],[137.7685,35.0723],[137.7696,35.0727],[137.7701,35.0733],[137.7711,35.0739],[137.7717,35.074],[137.7722,35.0748],[137.7727,35.0752],[137.7728,35.0757],[137.7726,35.0764],[137.7736,35.0772],[137.7748,35.0772],[137.7755,35.0776],[137.7757,35.078],[137.7755,35.0791],[137.7753,35.0796],[137.775,35.0818],[137.7748,35.0824],[137.7744,35.083],[137.7741,35.0841],[137.7742,35.085],[137.7741,35.0854],[137.7743,35.0857],[137.7739,35.0864],[137.7741,35.0867],[137.7746,35.0868],[137.7749,35.0872],[137.7746,35.088],[137.7744,35.0891],[137.7736,35.0899],[137.7734,35.0904],[137.7744,35.0908],[137.7746,35.0916],[137.7746,35.0927],[137.7753,35.0932],[137.776,35.0939],[137.7762,35.0944],[137.7764,35.0957],[137.7771,35.0967],[137.7768,35.0975],[137.7777,35.098],[137.7781,35.0986],[137.7783,35.0996],[137.7772,35.0998],[137.7759,35.1002],[137.7746,35.1003],[137.7742,35.1005],[137.7737,35.1013],[137.7718,35.1028],[137.77,35.1038],[137.7688,35.1048],[137.7682,35.1051],[137.7658,35.1069],[137.7654,35.1076],[137.7645,35.108],[137.7634,35.1087],[137.7633,35.1089],[137.7635,35.11],[137.7638,35.1108],[137.7644,35.1115],[137.7662,35.1125],[137.7668,35.1131],[137.7667,35.1136],[137.7652,35.1134],[137.7625,35.1122],[137.7616,35.1121],[137.7594,35.1122],[137.7584,35.1124],[137.7572,35.1124],[137.7547,35.1127],[137.7539,35.1126],[137.7537,35.1124],[137.7534,35.1116],[137.753,35.1113],[137.752,35.1122],[137.7513,35.113],[137.7509,35.1139],[137.7499,35.1143],[137.7485,35.1145],[137.7478,35.1149],[137.7478,35.1159],[137.7474,35.1163],[137.7469,35.1171],[137.7457,35.1182],[137.746,35.1196],[137.7455,35.1205],[137.7454,35.1212],[137.7457,35.122],[137.7455,35.123],[137.7441,35.123],[137.7437,35.1231],[137.7427,35.1231],[137.7405,35.1229],[137.7398,35.1226],[137.7385,35.1227],[137.7376,35.1233],[137.7368,35.1233],[137.7364,35.1235],[137.7353,35.1234],[137.7343,35.1236],[137.7335,35.1245],[137.7327,35.1245],[137.7316,35.1248],[137.7312,35.1253],[137.7303,35.1255],[137.729,35.126],[137.7288,35.1265],[137.7281,35.1269],[137.7271,35.1271],[137.725,35.128],[137.7246,35.1284],[137.7243,35.1292],[137.7236,35.1292],[137.7224,35.1285],[137.7218,35.1283],[137.7215,35.1289],[137.7211,35.1304],[137.7211,35.1309],[137.7198,35.1313],[137.7184,35.1313],[137.7178,35.1311],[137.7169,35.1312],[137.7157,35.131],[137.7156,35.1302],[137.7148,35.129],[137.7144,35.1287],[137.7136,35.1286],[137.713,35.1276],[137.7121,35.1263],[137.7117,35.1256],[137.7113,35.1255],[137.7101,35.1255],[137.7091,35.1253],[137.7087,35.1252],[137.708,35.1242],[137.7074,35.1237],[137.7066,35.1234],[137.7056,35.1233],[137.7049,35.1242],[137.7038,35.1248],[137.7034,35.1254],[137.7028,35.1258],[137.7015,35.1257],[137.7012,35.1256],[137.7002,35.1246],[137.6995,35.1242],[137.6989,35.1243],[137.6977,35.1243],[137.6966,35.1241],[137.6957,35.1245],[137.695,35.1241],[137.6942,35.1241],[137.6937,35.1258],[137.6933,35.1262],[137.6931,35.1267],[137.6929,35.128],[137.6918,35.1288],[137.6906,35.1289],[137.6902,35.1293],[137.6904,35.13],[137.6903,35.1309],[137.6898,35.1319],[137.6891,35.1329],[137.688,35.1326],[137.6866,35.1324],[137.6856,35.1324],[137.684,35.132],[137.6836,35.1326],[137.6829,35.1324],[137.6821,35.1327],[137.6805,35.1323],[137.6798,35.1318],[137.6789,35.1314],[137.6783,35.1306],[137.6767,35.1307],[137.6758,35.1305],[137.6753,35.1305],[137.6751,35.1302],[137.6738,35.1301],[137.672,35.1295],[137.6713,35.1295],[137.6706,35.129],[137.6696,35.1292],[137.6683,35.129],[137.6676,35.1292],[137.6673,35.1297],[137.666,35.1293],[137.6652,35.1294],[137.6647,35.1292],[137.664,35.1292],[137.6631,35.1285],[137.6626,35.1284],[137.6619,35.1285],[137.6613,35.1288],[137.6606,35.1289],[137.6595,35.1289],[137.6597,35.1294],[137.6596,35.1306],[137.6592,35.1317],[137.6588,35.1322],[137.6586,35.1327],[137.658,35.1332],[137.6573,35.1348],[137.6569,35.1353],[137.6566,35.1361],[137.6566,35.1367],[137.6562,35.1375],[137.656,35.1382],[137.6556,35.1388],[137.6554,35.1394],[137.6538,35.1399],[137.6526,35.1404],[137.6524,35.1418],[137.653,35.1428],[137.6532,35.1434],[137.6531,35.1439],[137.6528,35.1447],[137.6523,35.1453],[137.6519,35.1457],[137.6504,35.1463],[137.6495,35.1463],[137.6487,35.1464],[137.6481,35.1463],[137.6472,35.1464],[137.6458,35.1461],[137.6449,35.1455],[137.6437,35.1455],[137.6419,35.145],[137.6393,35.1432],[137.6385,35.143],[137.6375,35.1423],[137.6365,35.1425],[137.6351,35.1433],[137.6338,35.1428],[137.6325,35.1427],[137.6318,35.1428],[137.6309,35.1426],[137.63,35.142],[137.6294,35.1419],[137.6285,35.1414],[137.6277,35.1406],[137.6268,35.1409],[137.6257,35.1405],[137.6244,35.1401],[137.6229,35.1394],[137.622,35.1387],[137.6214,35.138],[137.6209,35.1383],[137.6201,35.1383],[137.6184,35.1392],[137.6177,35.1398],[137.6171,35.14],[137.6169,35.1404],[137.6161,35.1406],[137.6151,35.1412],[137.614,35.1403],[137.6133,35.1401],[137.6124,35.1403],[137.6103,35.14],[137.6102,35.1393],[137.6105,35.1381],[137.6105,35.1375],[137.6109,35.1368],[137.6111,35.136],[137.6109,35.1354],[137.6106,35.135],[137.6103,35.134],[137.6097,35.1336],[137.6099,35.1324],[137.6095,35.1313],[137.6096,35.1307],[137.6101,35.1301],[137.6101,35.1295],[137.6103,35.1291],[137.6102,35.1273],[137.6109,35.1265],[137.6109,35.1259],[137.6104,35.1252],[137.6102,35.1245],[137.6104,35.124],[137.6106,35.1228],[137.6102,35.1206],[137.6099,35.1201],[137.6102,35.1193],[137.6098,35.1187],[137.6092,35.1176],[137.609,35.117],[137.6091,35.1162],[137.6087,35.1143],[137.6082,35.1134],[137.6065,35.1122],[137.6061,35.1112],[137.6065,35.1092],[137.6063,35.1086],[137.6065,35.106],[137.6063,35.1048],[137.6055,35.104],[137.6063,35.1034],[137.607,35.1026],[137.6074,35.1019],[137.6076,35.1005],[137.6079,35.1],[137.6089,35.0991],[137.6092,35.0984],[137.6096,35.0979],[137.6105,35.0977],[137.6113,35.0976],[137.6122,35.0972],[137.6127,35.0974],[137.6135,35.0972],[137.6155,35.0972],[137.6159,35.0974],[137.6176,35.0976],[137.6189,35.0981],[137.6199,35.0982],[137.6211,35.0981],[137.6216,35.0969],[137.6228,35.096],[137.6235,35.0958],[137.6238,35.0955],[137.6235,35.0944],[137.6238,35.0935],[137.6238,35.0928],[137.6245,35.0921],[137.6254,35.0917],[137.626,35.0902],[137.6255,35.0901],[137.6253,35.0894],[137.6261,35.0891],[137.6265,35.0886],[137.6276,35.0882],[137.6284,35.0881],[137.629,35.0873],[137.6297,35.0869],[137.63,35.0865],[137.6305,35.0856],[137.6316,35.085],[137.6321,35.0843],[137.6333,35.0839],[137.6338,35.0839],[137.6349,35.0842],[137.6362,35.0848],[137.637,35.0847],[137.6381,35.0843],[137.6385,35.0839],[137.6396,35.0831],[137.6396,35.0824],[137.6389,35.0818],[137.6389,35.0811],[137.6386,35.0807],[137.6375,35.0799],[137.6371,35.079],[137.6366,35.0786],[137.6357,35.0785],[137.6342,35.0786],[137.6338,35.0783],[137.6338,35.078],[137.6342,35.0772],[137.6345,35.0755],[137.6344,35.075],[137.6337,35.0744],[137.6335,35.0739],[137.6327,35.073],[137.6328,35.0726],[137.6342,35.0725],[137.6346,35.0717],[137.6351,35.0711],[137.6367,35.0704],[137.6373,35.0698],[137.6374,35.0693],[137.6379,35.0687],[137.6387,35.068],[137.6384,35.0671],[137.6384,35.0658],[137.6383,35.0652],[137.6378,35.0643],[137.6387,35.0638],[137.6393,35.0625],[137.6398,35.062],[137.64,35.0615],[137.6405,35.0611],[137.6411,35.0609],[137.642,35.0601],[137.6426,35.0599],[137.6432,35.0599],[137.645,35.0594],[137.6456,35.059],[137.6459,35.0585],[137.6458,35.0575],[137.6455,35.0565],[137.6455,35.0559],[137.6466,35.0558],[137.6478,35.0556],[137.6495,35.0556],[137.6502,35.0555],[137.651,35.0549],[137.6521,35.0544],[137.6527,35.0532],[137.653,35.0521],[137.6536,35.0517],[137.6537,35.0511],[137.6542,35.0504],[137.6546,35.0499],[137.6555,35.0499],[137.6563,35.0496],[137.657,35.049],[137.6577,35.0489],[137.6586,35.0486],[137.6595,35.0489],[137.6606,35.0488],[137.6616,35.0495],[137.6624,35.0498],[137.6632,35.0492],[137.6635,35.048],[137.6647,35.047],[137.665,35.0442],[137.6659,35.0434],[137.6661,35.0428],[137.6666,35.0421],[137.6683,35.0413],[137.6687,35.0408],[137.6698,35.0405],[137.6708,35.0405],[137.6717,35.0407],[137.6734,35.0406],[137.6746,35.0403],[137.6751,35.0406],[137.676,35.0416],[137.6766,35.0419],[137.6778,35.042],[137.6782,35.0418],[137.6795,35.0417],[137.6807,35.0425],[137.681,35.0424],[137.6823,35.0418],[137.684,35.0412],[137.6842,35.0404],[137.6846,35.04],[137.6858,35.0399],[137.6865,35.0404],[137.6869,35.0405],[137.6882,35.0404],[137.689,35.0401],[137.6895,35.0393],[137.6896,35.0389],[137.6905,35.0383],[137.6915,35.038],[137.6917,35.0374],[137.6922,35.0372],[137.6923,35.0365],[137.6919,35.0361],[137.6923,35.0351],[137.6929,35.0345],[137.6923,35.0338],[137.6915,35.0331],[137.6914,35.0321],[137.6919,35.0306],[137.6931,35.0309],[137.6941,35.0317],[137.6944,35.032],[137.6949,35.032],[137.6957,35.0317],[137.6964,35.0318],[137.6978,35.0313],[137.699,35.0311],[137.6998,35.0307],[137.7012,35.0304],[137.7013,35.0303],[137.7018,35.0289],[137.7019,35.0278],[137.7018,35.0266],[137.7025,35.0253],[137.7048,35.0236],[137.7058,35.0225],[137.7052,35.0204],[137.7046,35.0192],[137.7037,35.0182],[137.7036,35.0179],[137.7046,35.0163],[137.705,35.0158],[137.7048,35.015],[137.7049,35.0148]]]},"properties":{"N03_001":"愛知県","N03_002":"","N03_003":"北設楽郡","N03_004":"東栄町","N03_007":"23562"}},
{"type":"Feature","geometry":{"type":"Polygon","coordinates":[[[137.6554,35.1394],[137.6556,35.1388],[137.656,35.1382],[137.6562,35.1375],[137.6566,35.1367],[137.6566,35.1361],[137.6569,35.1353],[137.6573,35.1348],[137.658,35.1332],[137.6586,35.1327],[137.6588,35.1322],[137.6592,35.1317],[137.6596,35.1306],[137.6597,35.1294],[137.6595,35.1289],[137.6606,35.1289],[137.6613,35.1288],[137.6619,35.1285],[137.6626,35.1284],[137.6631,35.1285],[137.664,35.1292],[137.6647,35.1292],[137.6652,35.1294],[137.666,35.1293],[137.6673,35.1297],[137.6676,35.1292],[137.6683,35.129],[137.6696,35.1292],[137.6706,35.129],[137.6713,35.1295],[137.672,35.1295],[137.6738,35.1301],[137.6751,35.1302],[137.6753,35.1305],[137.6758,35.1305],[137.6767,35.1307],[137.6783,35.1306],[137.6789,35.1314],[137.6798,35.1318],[137.6805,35.1323],[137.6821,35.1327],[137.6829,35.1324],[137.6836,35.1326],[137.684,35.132],[137.6856,35.1324],[137.6866,35.1324],[137.688,35.1326],[137.6891,35.1329],[137.6898,35.1319],[137.6903,35.1309],[137.6904,35.13],[137.6902,35.1293],[137.6906,35.1289],[137.6918,35.1288],[137.6929,35.128],[137.6931,35.1267],[137.6933,35.1262],[137.6937,35.1258],[137.6942,35.1241],[137.695,35.1241],[137.6957,35.1245],[137.6966,35.1241],[137.6977,35.1243],[137.6989,35.1243],[137.6995,35.1242],[137.7002,35.1246],[137.7012,35.1256],[137.7015,35.1257],[137.7028,35.1258],[137.7034,35.1254],[137.7038,35.1248],[137.7049,35.1242],[137.7056,35.1233],[137.7066,35.1234],[137.7074,35.1237],[137.708,35.1242],[137.7087,35.1252],[137.7091,35.1253],[137.7101,35.1255],[137.7113,35.1255],[137.7117,35.1256],[137.7121,35.1263],[137.713,35.1276],[137.7136,35.1286],[137.7144,35.1287],[137.7148,35.129],[137.7156,35.1302],[137.7157,35.131],[137.7169,35.1312],[137.7178,35.1311],[137.7184,35.1313],[137.7198,35.1313],[137.7211,35.1309],[137.7211,35.1304],[137.7215,35.1289],[137.7218,35.1283],[137.7224,35.1285],[137.7236,35.1292],[137.7243,35.1292],[137.7246,35.1284],[137.725,35.128],[137.7271,35.1271],[137.7281,35.1269],[137.7288,35.1265],[137.729,35.126],[137.7303,35.1255],[137.7312,35.1253],[137.7316,35.1248],[137.7327,35.1245],[137.7335,35.1245],[137.7343,35.1236],[137.7353,35.1234],[137.7364,35.1235],[137.7368,35.1233],[137.7376,35.1233],[137.7385,35.1227],[137.7398,35.1226],[137.7405,35.1229],[137.7427,35.1231],[137.7437,35.1231],[137.7441,35.123],[137.7455,35.123],[137.7457,35.122],[137.7454,35.1212],[137.7455,35.1205],[137.746,35.1196],[137.7457,35.1182],[137.7469,35.1171],[137.7474,35.1163],[137.7478,35.1159],[137.7478,35.1149],[137.7485,35.1145],[137.7499,35.1143],[137.7509,35.1139],[137.7513,35.113],[137.752,35.1122],[137.753,35.1113],[137.7534,35.1116],[137.7537,35.1124],[137.7539,35.1126],[137.7547,35.1127],[137.7572,35.1124],[137.7584,35.1124],[137.7594,35.1122],[137.7616,35.1121],[137.7625,35.1122],[137.7652,35.1134],[137.7667,35.1136],[137.7668,35.1131],[137.7662,35.1125],[137.7644,35.1115],[137.7638,35.1108],[137.7635,35.11],[137.7633,35.1089],[137.7634,35.1087],[137.7645,35.108],[137.7654,35.1076],[137.7658,35.1069],[137.7682,35.1051],[137.7688,35.1048],[137.77,35.1038],[137.7718,35.1028],[137.7737,35.1013],[137.7742,35.1005],[137.7746,35.1003],[137.7759,35.1002],[137.7772,35.0998],[137.7783,35.0996],[137.7786,35.0995],[137.7795,35.099],[137.7798,35.0977],[137.781,35.097],[137.7818,35.0966],[137.784,35.0965],[137.7853,35.0961],[137.7861,35.0956],[137.7867,35.0956],[137.7876,35.0959],[137.7884,35.0959],[137.7897,35.0954],[137.7906,35.0952],[137.7916,35.0952],[137.7926,35.0954],[137.793,35.0956],[137.793,35.0962],[137.7936,35.0974],[137.7939,35.0984],[137.7944,35.1002],[137.7947,35.1021],[137.7952,35.1031],[137.7972,35.1042],[137.8003,35.1054],[137.801,35.1057],[137.8013,35.1066],[137.801,35.1084],[137.8006,35.1097],[137.7998,35.1126],[137.7989,35.1157],[137.7983,35.1183],[137.7981,35.1202],[137.7986,35.1219],[137.7992,35.1236],[137.799,35.1254],[137.7986,35.1262],[137.7981,35.1267],[137.7973,35.1271],[137.7964,35.1273],[137.7951,35.1273],[137.7939,35.1276],[137.7928,35.128],[137.7924,35.1283],[137.792,35.1291],[137.792,35.13],[137.7922,35.1323],[137.7924,35.1336],[137.7928,35.1348],[137.7931,35.1352],[137.7938,35.1357],[137.7954,35.1362],[137.7969,35.1365],[137.7976,35.1363],[137.7987,35.1355],[137.7991,35.1346],[137.7994,35.1332],[137.7997,35.1322],[137.8001,35.1316],[137.801,35.1309],[137.8022,35.1305],[137.8032,35.1305],[137.8044,35.1306],[137.8059,35.1311],[137.8064,35.1315],[137.8074,35.1326],[137.808,35.1335],[137.8091,35.1355],[137.8099,35.137],[137.8102,35.1374],[137.8113,35.1383],[137.8131,35.1393],[137.8149,35.1405],[137.8149,35.141],[137.8132,35.1426],[137.8124,35.1438],[137.8122,35.1446],[137.8122,35.1454],[137.8124,35.1476],[137.8128,35.1492],[137.8133,35.1505],[137.8136,35.151],[137.8146,35.1523],[137.8151,35.1527],[137.8157,35.1528],[137.8162,35.1526],[137.8177,35.1502],[137.8186,35.1493],[137.8192,35.1489],[137.8205,35.1482],[137.8219,35.148],[137.823,35.1485],[137.8266,35.1503],[137.829,35.1519],[137.8291,35.1526],[137.8288,35.1537],[137.828,35.155],[137.8273,35.1555],[137.8252,35.1559],[137.824,35.1563],[137.8228,35.1568],[137.822,35.1573],[137.8214,35.158],[137.8213,35.1584],[137.8213,35.1598],[137.8217,35.161],[137.8227,35.1625],[137.8233,35.1633],[137.8245,35.1645],[137.8257,35.1659],[137.826,35.1668],[137.8258,35.1677],[137.8255,35.1682],[137.8245,35.1689],[137.8213,35.172],[137.8195,35.1736],[137.8181,35.1747],[137.8169,35.1752],[137.8156,35.1751],[137.8152,35.1749],[137.8144,35.1743],[137.8134,35.174],[137.8129,35.174],[137.8104,35.1748],[137.8094,35.1758],[137.8082,35.1766],[137.8065,35.1783],[137.806,35.1785],[137.805,35.1792],[137.8045,35.1799],[137.8039,35.1809],[137.8038,35.1819],[137.8032,35.1831],[137.8033,35.1838],[137.804,35.1847],[137.8048,35.1855],[137.806,35.1868],[137.8074,35.1878],[137.8091,35.1879],[137.8097,35.1877],[137.8113,35.1867],[137.812,35.1864],[137.8138,35.1863],[137.8147,35.1866],[137.8157,35.1873],[137.8166,35.1884],[137.8168,35.1895],[137.8168,35.1919],[137.817,35.193],[137.8177,35.1942],[137.819,35.1955],[137.82,35.197],[137.8203,35.1973],[137.8207,35.1981],[137.8209,35.1991],[137.821,35.2008],[137.8213,35.2021],[137.8217,35.2032],[137.8221,35.2039],[137.8229,35.2044],[137.824,35.2048],[137.825,35.2048],[137.8269,35.2045],[137.8289,35.2043],[137.8301,35.2045],[137.8308,35.2049],[137.8311,35.2055],[137.831,35.2061],[137.8305,35.2069],[137.8301,35.2072],[137.8286,35.2078],[137.828,35.2082],[137.8277,35.2087],[137.8275,35.21],[137.8275,35.2108],[137.8279,35.2114],[137.8286,35.2116],[137.8313,35.2112],[137.8331,35.2111],[137.8342,35.2111],[137.8355,35.2112],[137.837,35.2116],[137.8381,35.2125],[137.8343,35.214],[137.8332,35.2142],[137.8315,35.2148],[137.8298,35.2151],[137.8282,35.2154],[137.8267,35.2159],[137.8253,35.2158],[137.8238,35.216],[137.8215,35.2156],[137.8203,35.2153],[137.8195,35.2148],[137.8178,35.2146],[137.8167,35.214],[137.8158,35.2137],[137.8154,35.2129],[137.8145,35.2125],[137.8129,35.2123],[137.8123,35.212],[137.8112,35.2116],[137.8098,35.2103],[137.8095,35.2101],[137.8083,35.2099],[137.8074,35.2099],[137.8068,35.2098],[137.8042,35.2085],[137.8032,35.2077],[137.8024,35.2075],[137.802,35.2069],[137.8009,35.2059],[137.8004,35.2057],[137.7982,35.2051],[137.7966,35.2051],[137.7952,35.2041],[137.7942,35.205],[137.7935,35.2051],[137.7923,35.205],[137.7919,35.2047],[137.7914,35.2048],[137.7911,35.2051],[137.7904,35.2052],[137.7897,35.2046],[137.7888,35.2044],[137.7884,35.2044],[137.7876,35.2051],[137.7864,35.2054],[137.7858,35.2057],[137.7835,35.206],[137.7828,35.2048],[137.7817,35.2042],[137.7807,35.2043],[137.78,35.2037],[137.7797,35.203],[137.7791,35.2028],[137.7788,35.2032],[137.7782,35.2037],[137.7771,35.2034],[137.7761,35.2035],[137.7756,35.2034],[137.7751,35.2035],[137.7739,35.2033],[137.7742,35.2039],[137.774,35.2048],[137.7735,35.2054],[137.7721,35.2058],[137.7713,35.2056],[137.7705,35.2062],[137.7695,35.206],[137.7689,35.2064],[137.7684,35.2064],[137.7677,35.2069],[137.7674,35.2074],[137.7668,35.2087],[137.7661,35.21],[137.7662,35.2105],[137.7672,35.2114],[137.7679,35.2123],[137.7685,35.2128],[137.7691,35.2139],[137.7692,35.2144],[137.7693,35.216],[137.7688,35.2167],[137.7679,35.2175],[137.768,35.2185],[137.7672,35.2184],[137.7664,35.2188],[137.7656,35.2184],[137.7647,35.2187],[137.7639,35.2199],[137.7636,35.2201],[137.7619,35.2207],[137.761,35.2205],[137.7604,35.2208],[137.7595,35.2221],[137.7584,35.222],[137.7571,35.2214],[137.7565,35.2207],[137.7561,35.2206],[137.7548,35.2207],[137.7541,35.2204],[137.753,35.2202],[137.7521,35.2203],[137.751,35.2208],[137.7503,35.2206],[137.7495,35.2195],[137.7485,35.2195],[137.7478,35.2197],[137.747,35.2205],[137.7467,35.2204],[137.7458,35.2196],[137.7448,35.219],[137.744,35.2188],[137.7433,35.2189],[137.7425,35.2194],[137.7409,35.2201],[137.7407,35.2211],[137.7399,35.2214],[137.7389,35.2217],[137.7385,35.222],[137.7381,35.222],[137.7371,35.2217],[137.7366,35.2218],[137.7355,35.2227],[137.7336,35.2223],[137.7308,35.2221],[137.7297,35.2218],[137.7294,35.221],[137.7272,35.2212],[137.726,35.2216],[137.7256,35.2221],[137.725,35.2222],[137.7239,35.2216],[137.723,35.2217],[137.7224,35.2221],[137.7215,35.2233],[137.7208,35.2248],[137.7209,35.2256],[137.7215,35.226],[137.722,35.2261],[137.722,35.2269],[137.7225,35.2279],[137.7226,35.229],[137.7225,35.2297],[137.7222,35.2305],[137.7215,35.2309],[137.7207,35.2307],[137.7203,35.2304],[137.72,35.2297],[137.7194,35.2294],[137.7183,35.2292],[137.7168,35.2299],[137.7156,35.2299],[137.7144,35.2294],[137.7132,35.229],[137.7122,35.2288],[137.7118,35.2289],[137.7108,35.2294],[137.7104,35.2301],[137.7089,35.2308],[137.7078,35.2318],[137.7074,35.2325],[137.7061,35.2331],[137.7058,35.2338],[137.7044,35.2339],[137.7037,35.2338],[137.7026,35.2329],[137.702,35.2328],[137.6998,35.2316],[137.6994,35.2315],[137.6988,35.2316],[137.6982,35.2321],[137.6976,35.2322],[137.6969,35.2327],[137.6948,35.2331],[137.6941,35.2337],[137.693,35.2333],[137.6914,35.2332],[137.6904,35.2327],[137.6898,35.2317],[137.6892,35.2311],[137.6886,35.2308],[137.6872,35.2307],[137.686,35.2309],[137.6853,35.2313],[137.685,35.2318],[137.6843,35.2324],[137.6838,35.233],[137.6834,35.2331],[137.6826,35.2339],[137.6825,35.2348],[137.6815,35.2352],[137.6813,35.2351],[137.6806,35.2335],[137.6799,35.233],[137.6794,35.2316],[137.6786,35.2309],[137.6774,35.2308],[137.6754,35.2311],[137.6745,35.2309],[137.6736,35.2312],[137.6733,35.2306],[137.6717,35.2289],[137.6712,35.2287],[137.6701,35.2285],[137.6693,35.2281],[137.6687,35.2275],[137.6679,35.2273],[137.667,35.2273],[137.6661,35.2274],[137.6652,35.2274],[137.6637,35.2278],[137.6628,35.2278],[137.6619,35.2275],[137.6613,35.2272],[137.6598,35.2277],[137.6593,35.228],[137.6584,35.2282],[137.657,35.2283],[137.6561,35.228],[137.6551,35.2274],[137.6539,35.2267],[137.6537,35.2258],[137.6537,35.2242],[137.6531,35.2236],[137.6524,35.2231],[137.6524,35.2228],[137.6534,35.2212],[137.6535,35.2197],[137.6538,35.219],[137.6538,35.218],[137.6535,35.2175],[137.6544,35.2172],[137.655,35.2168],[137.6554,35.2161],[137.6563,35.2158],[137.657,35.2152],[137.6571,35.2149],[137.6568,35.2141],[137.6567,35.2128],[137.6573,35.2122],[137.6576,35.2117],[137.6577,35.2103],[137.6577,35.2097],[137.6573,35.2087],[137.6569,35.208],[137.6568,35.2074],[137.6569,35.2065],[137.6568,35.2059],[137.6571,35.2053],[137.6569,35.2037],[137.656,35.2022],[137.6559,35.2015],[137.6553,35.2003],[137.6549,35.199],[137.6551,35.1981],[137.6572,35.1941],[137.6587,35.1913],[137.6596,35.1896],[137.6597,35.1895],[137.6614,35.1889],[137.6624,35.1883],[137.6634,35.1871],[137.6639,35.1861],[137.6643,35.1856],[137.6641,35.1849],[137.6641,35.1843],[137.665,35.1834],[137.6655,35.183],[137.6662,35.1824],[137.6655,35.1821],[137.6651,35.1813],[137.665,35.1803],[137.6652,35.1794],[137.6639,35.1786],[137.6635,35.1781],[137.6641,35.1775],[137.6643,35.1767],[137.6647,35.1764],[137.6653,35.1764],[137.6662,35.176],[137.667,35.1758],[137.6683,35.1747],[137.6683,35.1744],[137.6686,35.1738],[137.6691,35.1733],[137.6691,35.1721],[137.6687,35.1711],[137.6689,35.1708],[137.6696,35.1707],[137.67,35.1703],[137.6702,35.1698],[137.6701,35.1683],[137.6699,35.1677],[137.6697,35.1664],[137.6694,35.1661],[137.6697,35.1657],[137.6706,35.1658],[137.671,35.166],[137.6716,35.1658],[137.6718,35.1655],[137.6726,35.1649],[137.6729,35.1642],[137.6728,35.1636],[137.6738,35.1616],[137.6752,35.1606],[137.6758,35.1592],[137.6764,35.1587],[137.677,35.1583],[137.6772,35.1577],[137.677,35.1568],[137.6765,35.1554],[137.6761,35.1541],[137.6765,35.1526],[137.6774,35.1526],[137.678,35.152],[137.6781,35.1514],[137.6778,35.1508],[137.677,35.1507],[137.6771,35.1495],[137.6771,35.1486],[137.6765,35.1477],[137.6766,35.1469],[137.677,35.1457],[137.6774,35.145],[137.6769,35.1443],[137.6766,35.1435],[137.6758,35.1427],[137.6762,35.1415],[137.6766,35.1407],[137.6759,35.14],[137.6753,35.1399],[137.6745,35.1403],[137.6738,35.1403],[137.6734,35.1408],[137.6723,35.1407],[137.671,35.1412],[137.6706,35.1415],[137.6693,35.1412],[137.6679,35.1412],[137.6668,35.1415],[137.6664,35.1412],[137.6657,35.1402],[137.6653,35.14],[137.6646,35.1403],[137.6626,35.1402],[137.6591,35.1412],[137.6567,35.1399],[137.6554,35.1394]]]},"properties":{"N03_001":"愛知県","N03_002":"","N03_003":"北設楽郡","N03_004":"豊根村","N03_007":"23563"}}
]}