{"type":"FeatureCollection", "features": [
{"type":"Feature","geometry":{"type":"Polygon","coordinates":[[[135.5148,34.7206],[135.5191,34.7189],[135.5208,34.7168],[135.5216,34.7139],[135.5208,34.711],[135.5178,34.7072],[135.5181,34.705],[135.5226,34.6984],[135.5226,34.6947],[135.5201,34.6919],[135.5222,34.6911],[135.5257,34.6919],[135.5313,34.6944],[135.5348,34.6955],[135.5368,34.702],[135.5364,34.7081],[135.5378,34.7083],[135.5409,34.7114],[135.533,34.7209],[135.5312,34.7234],[135.5259,34.7334],[135.5213,34.7322],[135.5182,34.7292],[135.5148,34.7206]]]},"properties":{"N03_001":"大阪府","N03_002":"","N03_003":"大阪市","N03_004":"都島区","N03_007":"27102"}},
{"type":"Feature","geometry":{"type":"Polygon","coordinates":[[[135.4619,34.6997],[135.4629,34.6985],[135.4635,34.6977],[135.4639,34.6972],[135.4643,34.6968],[135.4643,34.6967],[135.4639,34.6965],[135.4638,34.6964],[135.4636,34.6963],[135.4632,34.696],[135.4631,34.6958],[135.463,34.6956],[135.463,34.6954],[135.463,34.6952],[135.463,34.695],[135.4631,34.6946],[135.4631,34.6943],[135.4631,34.6942],[135.4632,34.694],[135.4633,34.6938],[135.4634,34.6934],[135.4637,34.6929],[135.4639,34.6925],[135.4639,34.6923],[135.4639,34.6921],[135.4639,34.6917],[135.4639,34.6915],[135.4638,34.6913],[135.4637,34.691],[135.4637,34.6908],[135.4633,34.6902],[135.463,34.6897],[135.4626,34.6892],[135.4626,34.6891],[135.4625,34.689],[135.4625,34.6889],[135.4625,34.6882],[135.4625,34.6881],[135.4625,34.6879],[135.4625,34.6874],[135.4625,34.6872],[135.4628,34.6871],[135.4632,34.6871],[135.4639,34.6869],[135.4643,34.6869],[135.4644,34.6868],[135.4648,34.6867],[135.4653,34.6867],[135.4662,34.6865],[135.4666,34.6865],[135.4667,34.6864],[135.4669,34.6863],[135.4675,34.6861],[135.4678,34.686],[135.468,34.6858],[135.4681,34.6856],[135.4683,34.6854],[135.4684,34.6853],[135.4688,34.685],[135.4689,34.685],[135.4689,34.6849],[135.469,34.6848],[135.4691,34.6847],[135.4694,34.6842],[135.4695,34.684],[135.47,34.6833],[135.4704,34.6828],[135.4704,34.6827],[135.4704,34.6826],[135.4708,34.6821],[135.4708,34.682],[135.471,34.6819],[135.4715,34.6813],[135.4719,34.681],[135.4719,34.6809],[135.4721,34.6806],[135.4798,34.6832],[135.4812,34.6846],[135.4824,34.6865],[135.4866,34.6914],[135.491,34.6937],[135.4893,34.6989],[135.4907,34.7026],[135.4883,34.7023],[135.484,34.6997],[135.4784,34.7024],[135.4744,34.707],[135.4739,34.7067],[135.4619,34.6997]]]},"properties":{"N03_001":"大阪府","N03_002":"","N03_003":"大阪市","N03_004":"福島区","N03_007":"27103"}},
{"type":"Feature","geometry":{"type":"MultiPolygon","coordinates":[]},"properties":{"N03_001":"大阪府","N03_002":"","N03_003":"大阪市","N03_004":"此花区","N03_007":"27104"}},
{"type":"Feature","geometry":{"type":"Polygon","coordinates":[[[135.4619,34.6775],[135.4619,34.6774],[135.462,34.6771],[135.4621,34.6769],[135.4623,34.6764],[135.4624,34.6763],[135.4625,34.6761],[135.4636,34.6752],[135.4639,34.675],[135.464,34.675],[135.4642,34.6748],[135.4667,34.6728],[135.4669,34.6726],[135.4679,34.6719],[135.4682,34.6716],[135.4686,34.6714],[135.4692,34.6709],[135.472,34.6688],[135.4722,34.6686],[135.4725,34.6684],[135.4728,34.6681],[135.4732,34.6678],[135.4735,34.6675],[135.4736,34.6675],[135.4736,34.6674],[135.4737,34.6674],[135.4738,34.6673],[135.4741,34.6669],[135.4742,34.6669],[135.4805,34.6681],[135.482,34.6692],[135.4868,34.67],[135.4967,34.669],[135.4975,34.6773],[135.4977,34.6846],[135.4972,34.6906],[135.4975,34.6929],[135.4943,34.6923],[135.4916,34.6901],[135.4812,34.6846],[135.4798,34.6832],[135.4721,34.6806],[135.4718,34.6806],[135.4714,34.6805],[135.4709,34.6804],[135.4671,34.6792],[135.4667,34.679],[135.4632,34.6779],[135.4619,34.6775]]]},"properties":{"N03_001":"大阪府","N03_002":"","N03_003":"大阪市","N03_004":"西区","N03_007":"27106"}},
{"type":"Feature","geometry":{"type":"MultiPolygon","coordinates":[]},"properties":{"N03_001":"大阪府","N03_002":"","N03_003":"大阪市","N03_004":"港区","N03_007":"27107"}},
{"type":"Feature","geometry":{"type":"Polygon","coordinates":[[[135.4485,34.6265],[135.4486,34.6264],[135.4488,34.6264],[135.4494,34.6261],[135.4497,34.626],[135.4499,34.626],[135.45,34.6259],[135.4501,34.6259],[135.4504,34.6257],[135.4507,34.6256],[135.4513,34.6254],[135.4515,34.6254],[135.4521,34.6252],[135.4524,34.6251],[135.4528,34.625],[135.4529,34.625],[135.4531,34.625],[135.4533,34.6249],[135.4537,34.6248],[135.4539,34.6248],[135.4541,34.6247],[135.4546,34.6247],[135.4549,34.6247],[135.4552,34.6246],[135.4555,34.6246],[135.4558,34.6246],[135.4559,34.6246],[135.456,34.6246],[135.4568,34.6247],[135.4577,34.6248],[135.4583,34.6249],[135.4587,34.6249],[135.4591,34.625],[135.4596,34.6251],[135.4607,34.6253],[135.462,34.6255],[135.4621,34.6256],[135.4624,34.6256],[135.4625,34.6256],[135.4631,34.6258],[135.4633,34.6258],[135.4638,34.6259],[135.4641,34.626],[135.4654,34.6262],[135.4665,34.6265],[135.4667,34.6265],[135.4675,34.6266],[135.4681,34.6268],[135.4689,34.627],[135.4695,34.6271],[135.4697,34.6272],[135.4701,34.6273],[135.4706,34.6275],[135.4712,34.6277],[135.4713,34.6277],[135.4714,34.6278],[135.4715,34.6278],[135.4716,34.6279],[135.4717,34.6279],[135.4719,34.628],[135.4723,34.6282],[135.4724,34.6284],[135.4727,34.6285],[135.4727,34.6286],[135.473,34.6288],[135.4731,34.6289],[135.4734,34.6292],[135.4737,34.6295],[135.4758,34.6319],[135.4778,34.6361],[135.4789,34.6403],[135.4791,34.6437],[135.4788,34.6499],[135.4811,34.655],[135.482,34.6599],[135.4818,34.664],[135.4805,34.6681],[135.4742,34.6669],[135.4737,34.6668],[135.4734,34.6667],[135.4732,34.6666],[135.4729,34.6665],[135.4724,34.6662],[135.4722,34.6661],[135.4717,34.6659],[135.4716,34.6658],[135.4714,34.6657],[135.4707,34.6652],[135.4702,34.6648],[135.4701,34.6647],[135.4696,34.6643],[135.4689,34.6637],[135.4686,34.6634],[135.4683,34.6632],[135.4683,34.6631],[135.4682,34.6631],[135.4681,34.663],[135.4678,34.6627],[135.4673,34.6623],[135.4671,34.6621],[135.467,34.662],[135.4669,34.6619],[135.4668,34.6618],[135.4667,34.6617],[135.4666,34.6617],[135.4664,34.6614],[135.4661,34.6611],[135.466,34.661],[135.4659,34.6609],[135.4657,34.6606],[135.4652,34.6601],[135.465,34.6599],[135.4648,34.6596],[135.4641,34.6588],[135.464,34.6586],[135.4639,34.6584],[135.4638,34.6583],[135.4631,34.6574],[135.463,34.6573],[135.4628,34.6571],[135.4624,34.6566],[135.4623,34.6564],[135.4623,34.6563],[135.4621,34.6561],[135.4617,34.6555],[135.4615,34.6553],[135.4614,34.6552],[135.4613,34.655],[135.4606,34.654],[135.4602,34.6535],[135.4601,34.6534],[135.4596,34.6527],[135.4592,34.6522],[135.4591,34.652],[135.4587,34.6514],[135.4586,34.6512],[135.4583,34.6509],[135.4581,34.6505],[135.4577,34.65],[135.4573,34.6495],[135.4571,34.6492],[135.4564,34.6482],[135.4564,34.6481],[135.4563,34.648],[135.4561,34.6479],[135.456,34.6479],[135.4556,34.6477],[135.4555,34.6477],[135.4554,34.6477],[135.4548,34.6474],[135.4546,34.6474],[135.4539,34.6471],[135.4537,34.6471],[135.4531,34.6469],[135.453,34.6469],[135.4528,34.6468],[135.4523,34.6466],[135.4519,34.6465],[135.4513,34.6463],[135.4511,34.6462],[135.4505,34.6459],[135.4504,34.6459],[135.4512,34.6425],[135.4471,34.6413],[135.4482,34.6349],[135.4527,34.6349],[135.4536,34.6292],[135.4504,34.6306],[135.4481,34.6307],[135.4485,34.6265]]]},"properties":{"N03_001":"大阪府","N03_002":"","N03_003":"大阪市","N03_004":"大正区","N03_007":"27108"}},
{"type":"Feature","geometry":{"type":"Polygon","coordinates":[[[135.5107,34.6625],[135.5095,34.6536],[135.5084,34.6537],[135.5066,34.648],[135.5084,34.6476],[135.5183,34.6451],[135.5214,34.646],[135.5245,34.6485],[135.527,34.654],[135.5307,34.6655],[135.5334,34.6728],[135.5335,34.6748],[135.5286,34.675],[135.5215,34.6761],[135.5204,34.6753],[135.5198,34.6698],[135.519,34.6659],[135.5115,34.6665],[135.5107,34.6625]]]},"properties":{"N03_001":"大阪府","N03_002":"","N03_003":"大阪市","N03_004":"天王寺区","N03_007":"27109"}},
{"type":"Feature","geometry":{"type":"Polygon","coordinates":[[[135.4811,34.655],[135.4849,34.6564],[135.4853,34.6521],[135.4878,34.6537],[135.4919,34.6533],[135.494,34.6519],[135.4997,34.6502],[135.5,34.6496],[135.5066,34.648],[135.5084,34.6537],[135.5095,34.6536],[135.5107,34.6625],[135.501,34.6633],[135.4967,34.669],[135.4868,34.67],[135.482,34.6692],[135.4805,34.6681],[135.4818,34.664],[135.482,34.6599],[135.4811,34.655]]]},"properties":{"N03_001":"大阪府","N03_002":"","N03_003":"大阪市","N03_004":"浪速区","N03_007":"27111"}},
{"type":"Feature","geometry":{"type":"Polygon","coordinates":[[[135.4456,34.7291],[135.4481,34.7217],[135.4458,34.7181],[135.442,34.7165],[135.437,34.715],[135.4296,34.7113],[135.4259,34.7068],[135.4246,34.7059],[135.4164,34.7034],[135.4129,34.702],[135.4086,34.6988],[135.4073,34.6971],[135.4103,34.6921],[135.4117,34.6909],[135.4177,34.6881],[135.4203,34.6828],[135.4221,34.6833],[135.4224,34.6834],[135.4232,34.6837],[135.425,34.6842],[135.4279,34.6851],[135.4311,34.6862],[135.4327,34.6868],[135.4328,34.6868],[135.4333,34.687],[135.4352,34.6876],[135.4352,34.6877],[135.4392,34.6892],[135.4393,34.6892],[135.4417,34.6902],[135.4427,34.6906],[135.4436,34.691],[135.4452,34.6917],[135.4461,34.6921],[135.4472,34.6925],[135.4482,34.693],[135.4484,34.6931],[135.4487,34.6931],[135.45,34.6938],[135.4511,34.6943],[135.4519,34.6947],[135.4525,34.6949],[135.4528,34.695],[135.4537,34.6954],[135.4545,34.6959],[135.4553,34.6962],[135.4567,34.697],[135.4583,34.6978],[135.4609,34.6991],[135.4614,34.6994],[135.4617,34.6996],[135.4619,34.6997],[135.4739,34.7067],[135.4604,34.7221],[135.4544,34.7271],[135.4521,34.7279],[135.4456,34.7291]]]},"properties":{"N03_001":"大阪府","N03_002":"","N03_003":"大阪市","N03_004":"西淀川区","N03_007":"27113"}},
{"type":"Feature","geometry":{"type":"Polygon","coordinates":[[[135.5067,34.7447],[135.5031,34.7369],[135.502,34.7311],[135.5038,34.7234],[135.5039,34.7194],[135.5092,34.7198],[135.5148,34.7206],[135.5182,34.7292],[135.5213,34.7322],[135.5259,34.7334],[135.5324,34.7327],[135.537,34.7329],[135.5451,34.7342],[135.5484,34.7353],[135.5517,34.7369],[135.5547,34.7401],[135.5564,34.7461],[135.5568,34.7508],[135.5605,34.754],[135.5583,34.7569],[135.5508,34.7572],[135.5503,34.7586],[135.5513,34.7654],[135.5512,34.7666],[135.5488,34.7685],[135.5441,34.7685],[135.5413,34.7656],[135.5405,34.7628],[135.5391,34.7611],[135.5335,34.7601],[135.5324,34.7594],[135.529,34.7546],[135.5316,34.7523],[135.5278,34.7486],[135.5251,34.7479],[135.5222,34.749],[135.5195,34.7489],[135.5191,34.7502],[135.5158,34.7497],[135.5133,34.7483],[135.5095,34.7453],[135.5067,34.7447]]]},"properties":{"N03_001":"大阪府","N03_002":"","N03_003":"大阪市","N03_004":"東淀川区","N03_007":"27114"}},
{"type":"Feature","geometry":{"type":"Polygon","coordinates":[[[135.5307,34.6655],[135.5419,34.6657],[135.5571,34.6643],[135.5574,34.6681],[135.5622,34.6679],[135.5625,34.6742],[135.5634,34.678],[135.5582,34.6787],[135.5536,34.6807],[135.5417,34.6822],[135.5389,34.6817],[135.5342,34.6817],[135.5344,34.6785],[135.5335,34.6748],[135.5334,34.6728],[135.5307,34.6655]]]},"properties":{"N03_001":"大阪府","N03_002":"","N03_003":"大阪市","N03_004":"東成区","N03_007":"27115"}},
{"type":"Feature","geometry":{"type":"Polygon","coordinates":[[[135.5295,34.6445],[135.5356,34.6402],[135.5377,34.6413],[135.5447,34.6405],[135.5477,34.6364],[135.5517,34.6334],[135.5544,34.6333],[135.5526,34.6356],[135.5541,34.6384],[135.5541,34.644],[135.5573,34.6434],[135.5611,34.6436],[135.5608,34.6502],[135.562,34.6528],[135.5594,34.6529],[135.5586,34.6558],[135.5633,34.6559],[135.5639,34.6583],[135.5618,34.6583],[135.5612,34.6626],[135.559,34.6626],[135.5571,34.6643],[135.5419,34.6657],[135.5307,34.6655],[135.527,34.654],[135.5245,34.6485],[135.5295,34.6445]]]},"properties":{"N03_001":"大阪府","N03_002":"","N03_003":"大阪市","N03_004":"生野区","N03_007":"27116"}},
{"type":"Feature","geometry":{"type":"Polygon","coordinates":[[[135.5564,34.7461],[135.5547,34.7401],[135.5517,34.7369],[135.5484,34.7353],[135.5451,34.7342],[135.537,34.7329],[135.5324,34.7327],[135.5259,34.7334],[135.5312,34.7234],[135.533,34.7209],[135.5409,34.7114],[135.5437,34.7141],[135.5468,34.7153],[135.5603,34.715],[135.5633,34.715],[135.5634,34.7174],[135.5676,34.7178],[135.566,34.72],[135.5655,34.7227],[135.563,34.725],[135.5599,34.7262],[135.5551,34.7248],[135.5547,34.7307],[135.5534,34.7331],[135.5603,34.7368],[135.561,34.7402],[135.5564,34.7461]]]},"properties":{"N03_001":"大阪府","N03_002":"","N03_003":"大阪市","N03_004":"旭区","N03_007":"27117"}},
{"type":"Feature","geometry":{"type":"Polygon","coordinates":[[[135.5634,34.678],[135.5647,34.6866],[135.5656,34.6878],[135.5637,34.687],[135.5589,34.6877],[135.5597,34.6996],[135.5603,34.715],[135.5468,34.7153],[135.5437,34.7141],[135.5409,34.7114],[135.5378,34.7083],[135.5364,34.7081],[135.5368,34.702],[135.5348,34.6955],[135.5359,34.6909],[135.5345,34.6867],[135.5342,34.6817],[135.5389,34.6817],[135.5417,34.6822],[135.5536,34.6807],[135.5582,34.6787],[135.5634,34.678]]]},"properties":{"N03_001":"大阪府","N03_002":"","N03_003":"大阪市","N03_004":"城東区","N03_007":"27118"}},
{"type":"Feature","geometry":{"type":"Polygon","coordinates":[[[135.4964,34.6237],[135.4997,34.6249],[135.509,34.6223],[135.5087,34.6167],[135.5162,34.6161],[135.5211,34.6251],[135.524,34.6318],[135.5242,34.6375],[135.5258,34.6372],[135.5295,34.6445],[135.5245,34.6485],[135.5214,34.646],[135.5183,34.6451],[135.5084,34.6476],[135.5057,34.641],[135.5033,34.6364],[135.5007,34.6324],[135.4999,34.6302],[135.4979,34.6281],[135.4964,34.6237]]]},"properties":{"N03_001":"大阪府","N03_002":"","N03_003":"大阪市","N03_004":"阿倍野区","N03_007":"27119"}},
{"type":"Feature","geometry":{"type":"Polygon","coordinates":[[[135.487,34.596],[135.4953,34.5943],[135.4974,34.5927],[135.4986,34.5892],[135.5001,34.5872],[135.5028,34.5862],[135.5059,34.5866],[135.5078,34.5877],[135.5166,34.5915],[135.522,34.5943],[135.5225,34.5946],[135.5229,34.5995],[135.5224,34.6056],[135.5236,34.6095],[135.514,34.6095],[135.5144,34.6132],[135.5162,34.6161],[135.5087,34.6167],[135.509,34.6223],[135.4997,34.6249],[135.4964,34.6237],[135.4928,34.6234],[135.4928,34.6233],[135.4926,34.6227],[135.4925,34.6225],[135.4925,34.6224],[135.4922,34.6215],[135.4922,34.6214],[135.4922,34.6213],[135.492,34.6207],[135.4919,34.6201],[135.4918,34.6199],[135.4918,34.6198],[135.4918,34.6196],[135.4917,34.6194],[135.4917,34.6193],[135.4916,34.6192],[135.4915,34.6189],[135.4915,34.6187],[135.4914,34.6184],[135.4913,34.6181],[135.4913,34.6179],[135.4913,34.6176],[135.4913,34.6173],[135.4912,34.617],[135.4911,34.6168],[135.4911,34.6167],[135.491,34.6161],[135.4909,34.6159],[135.4909,34.6157],[135.4905,34.6146],[135.4905,34.6143],[135.4903,34.6138],[135.4903,34.6136],[135.4902,34.6134],[135.4902,34.6131],[135.4901,34.613],[135.4899,34.6126],[135.4899,34.6124],[135.4898,34.6123],[135.4897,34.6117],[135.4896,34.6114],[135.4896,34.6113],[135.4895,34.6112],[135.4895,34.6109],[135.4894,34.6107],[135.4893,34.6105],[135.4893,34.6103],[135.4898,34.6102],[135.49,34.6101],[135.4902,34.6101],[135.4905,34.61],[135.4906,34.61],[135.4908,34.61],[135.491,34.6099],[135.4909,34.6097],[135.4909,34.6094],[135.4908,34.6093],[135.4908,34.6092],[135.4907,34.6088],[135.4907,34.6087],[135.4906,34.6083],[135.4904,34.6077],[135.4904,34.6076],[135.4901,34.6065],[135.4901,34.6064],[135.4899,34.6055],[135.4898,34.6052],[135.4897,34.605],[135.4897,34.6048],[135.4895,34.604],[135.4894,34.6036],[135.4894,34.6035],[135.489,34.602],[135.4888,34.6011],[135.4887,34.6008],[135.4886,34.6007],[135.4886,34.6006],[135.4886,34.6005],[135.4885,34.6004],[135.4885,34.6002],[135.4885,34.6001],[135.4884,34.6001],[135.4884,34.6],[135.4884,34.5999],[135.4883,34.5996],[135.4882,34.5995],[135.4881,34.5992],[135.4881,34.5991],[135.4879,34.5987],[135.4878,34.5982],[135.4877,34.5982],[135.4877,34.5981],[135.4877,34.598],[135.4874,34.5973],[135.4874,34.5972],[135.4873,34.597],[135.4872,34.5967],[135.487,34.5962],[135.487,34.5961],[135.487,34.596]]]},"properties":{"N03_001":"大阪府","N03_002":"","N03_003":"大阪市","N03_004":"住吉区","N03_007":"27120"}},
{"type":"Feature","geometry":{"type":"Polygon","coordinates":[[[135.5162,34.6161],[135.5144,34.6132],[135.514,34.6095],[135.5236,34.6095],[135.5224,34.6056],[135.5229,34.5995],[135.5225,34.5946],[135.5264,34.5964],[135.5277,34.5947],[135.53,34.5941],[135.5315,34.5983],[135.5348,34.5992],[135.5435,34.5994],[135.5436,34.6094],[135.5409,34.6095],[135.5407,34.6253],[135.5437,34.6253],[135.5438,34.6325],[135.5477,34.6364],[135.5447,34.6405],[135.5377,34.6413],[135.5356,34.6402],[135.5295,34.6445],[135.5258,34.6372],[135.5242,34.6375],[135.524,34.6318],[135.5211,34.6251],[135.5162,34.6161]]]},"properties":{"N03_001":"大阪府","N03_002":"","N03_003":"大阪市","N03_004":"東住吉区","N03_007":"27121"}},
{"type":"Feature","geometry":{"type":"Polygon","coordinates":[[[135.4811,34.655],[135.4788,34.6499],[135.4791,34.6437],[135.4789,34.6403],[135.4778,34.6361],[135.4758,34.6319],[135.4737,34.6295],[135.4737,34.6294],[135.4738,34.6294],[135.4746,34.6287],[135.475,34.6283],[135.4753,34.628],[135.4755,34.6279],[135.4762,34.6273],[135.4763,34.6271],[135.4764,34.627],[135.4779,34.6263],[135.4789,34.6258],[135.4793,34.6256],[135.4794,34.6256],[135.4795,34.6255],[135.4797,34.6254],[135.4798,34.6254],[135.4801,34.6252],[135.4803,34.6251],[135.4806,34.625],[135.4809,34.6248],[135.4813,34.6247],[135.4815,34.6245],[135.4816,34.6245],[135.4816,34.6244],[135.4819,34.6236],[135.4819,34.6235],[135.4819,34.6233],[135.4821,34.6227],[135.4822,34.6223],[135.4822,34.6221],[135.4823,34.6219],[135.4823,34.6218],[135.4823,34.6216],[135.4828,34.6217],[135.4831,34.6218],[135.4833,34.6218],[135.4837,34.6219],[135.4838,34.6219],[135.484,34.6219],[135.4847,34.622],[135.4848,34.622],[135.485,34.6221],[135.4854,34.6222],[135.486,34.6223],[135.4864,34.6224],[135.4866,34.6224],[135.4868,34.6224],[135.4873,34.6225],[135.4878,34.6226],[135.4881,34.6226],[135.4891,34.6228],[135.4893,34.6228],[135.4895,34.6229],[135.4899,34.6229],[135.4902,34.6231],[135.4904,34.6232],[135.4906,34.6233],[135.491,34.6235],[135.4915,34.6236],[135.4916,34.6236],[135.4917,34.6236],[135.492,34.6235],[135.4922,34.6235],[135.4925,34.6235],[135.4928,34.6234],[135.4964,34.6237],[135.4979,34.6281],[135.4999,34.6302],[135.5007,34.6324],[135.5033,34.6364],[135.5057,34.641],[135.5084,34.6476],[135.5066,34.648],[135.5,34.6496],[135.4997,34.6502],[135.494,34.6519],[135.4919,34.6533],[135.4878,34.6537],[135.4853,34.6521],[135.4849,34.6564],[135.4811,34.655]]]},"properties":{"N03_001":"大阪府","N03_002":"","N03_003":"大阪市","N03_004":"西成区","N03_007":"27122"}},
{"type":"Feature","geometry":{"type":"Polygon","coordinates":[[[135.4456,34.7291],[135.4521,34.7279],[135.4544,34.7271],[135.4604,34.7221],[135.4739,34.7067],[135.4744,34.707],[135.4927,34.7179],[135.4951,34.7189],[135.5039,34.7194],[135.5038,34.7234],[135.502,34.7311],[135.5031,34.7369],[135.5067,34.7447],[135.4994,34.7479],[135.5002,34.7496],[135.4952,34.7514],[135.494,34.7507],[135.4906,34.7513],[135.4879,34.7498],[135.4846,34.7473],[135.4847,34.7452],[135.4826,34.7402],[135.4811,34.7381],[135.4755,34.7361],[135.4723,34.7336],[135.4702,34.7326],[135.4699,34.731],[135.467,34.7307],[135.4603,34.7331],[135.4554,34.7343],[135.449,34.7341],[135.4471,34.733],[135.4456,34.7291]]]},"properties":{"N03_001":"大阪府","N03_002":"","N03_003":"大阪市","N03_004":"淀川区","N03_007":"27123"}},
{"type":"Feature","geometry":{"type":"Polygon","coordinates":[[[135.5656,34.6878],[135.5708,34.6881],[135.5736,34.6877],[135.5764,34.6881],[135.5795,34.6897],[135.583,34.6963],[135.5848,34.6986],[135.587,34.6986],[135.5902,34.7006],[135.5901,34.702],[135.595,34.7035],[135.5915,34.7066],[135.593,34.7072],[135.597,34.7069],[135.5993,34.7147],[135.5947,34.7137],[135.5898,34.7137],[135.5878,34.7122],[135.5857,34.7119],[135.5871,34.7149],[135.5872,34.7183],[135.5843,34.7224],[135.5833,34.7211],[135.5829,34.7174],[135.5751,34.7174],[135.5776,34.7129],[135.5748,34.7129],[135.5743,34.7089],[135.5699,34.7089],[135.5694,34.7125],[135.5676,34.7178],[135.5634,34.7174],[135.5633,34.715],[135.5603,34.715],[135.5597,34.6996],[135.5589,34.6877],[135.5637,34.687],[135.5656,34.6878]]]},"properties":{"N03_001":"大阪府","N03_002":"","N03_003":"大阪市","N03_004":"鶴見区","N03_007":"27124"}},
{"type":"Feature","geometry":{"type":"Polygon","coordinates":[[[135.3917,34.6267],[135.3994,34.6207],[135.4027,34.6121],[135.417,34.6121],[135.4204,34.6129],[135.4184,34.6195],[135.406,34.6197],[135.4049,34.6193],[135.4022,34.6207],[135.3995,34.6207],[135.3917,34.6267]]]},"properties":{"N03_001":"大阪府","N03_002":"","N03_003":"大阪市","N03_004":"住之江区","N03_007":"27125"}},
{"type":"Feature","geometry":{"type":"Polygon","coordinates":[[[135.5435,34.5994],[135.5436,34.5952],[135.5469,34.5954],[135.5496,34.5948],[135.562,34.595],[135.5645,34.5962],[135.5672,34.5955],[135.5679,34.592],[135.5693,34.5905],[135.5691,34.5871],[135.5711,34.5869],[135.5709,34.5921],[135.5719,34.594],[135.5768,34.5931],[135.5799,34.5941],[135.58,34.6009],[135.5814,34.6027],[135.5873,34.6047],[135.5869,34.6091],[135.5845,34.6092],[135.5826,34.612],[135.5763,34.612],[135.5762,34.6138],[135.5692,34.6138],[135.5652,34.6166],[135.562,34.617],[135.5623,34.6229],[135.5636,34.6212],[135.5659,34.6213],[135.5752,34.6182],[135.5756,34.6243],[135.5766,34.6265],[135.576,34.6305],[135.5747,34.6322],[135.5746,34.634],[135.5686,34.6344],[135.5684,34.6382],[135.5654,34.6381],[135.5652,34.641],[135.5613,34.6408],[135.5611,34.6436],[135.5573,34.6434],[135.5541,34.644],[135.5541,34.6384],[135.5526,34.6356],[135.5544,34.6333],[135.5517,34.6334],[135.5477,34.6364],[135.5438,34.6325],[135.5437,34.6253],[135.5407,34.6253],[135.5409,34.6095],[135.5436,34.6094],[135.5435,34.5994]]]},"properties":{"N03_001":"大阪府","N03_002":"","N03_003":"大阪市","N03_004":"平野区","N03_007":"27126"}},
{"type":"Feature","geometry":{"type":"Polygon","coordinates":[[[135.4975,34.6929],[135.5006,34.6931],[135.5059,34.6925],[135.5105,34.6909],[135.5184,34.6913],[135.5201,34.6919],[135.5226,34.6947],[135.5226,34.6984],[135.5181,34.705],[135.5178,34.7072],[135.5208,34.711],[135.5216,34.7139],[135.5208,34.7168],[135.5191,34.7189],[135.5148,34.7206],[135.5092,34.7198],[135.5039,34.7194],[135.4951,34.7189],[135.4927,34.7179],[135.4744,34.707],[135.4784,34.7024],[135.484,34.6997],[135.4883,34.7023],[135.4907,34.7026],[135.4893,34.6989],[135.491,34.6937],[135.4866,34.6914],[135.4824,34.6865],[135.4812,34.6846],[135.4916,34.6901],[135.4943,34.6923],[135.4975,34.6929]]]},"properties":{"N03_001":"大阪府","N03_002":"","N03_003":"大阪市","N03_004":"北区","N03_007":"27127"}},
{"type":"Feature","geometry":{"type":"Polygon","coordinates":[[[135.4967,34.669],[135.501,34.6633],[135.5107,34.6625],[135.5115,34.6665],[135.519,34.6659],[135.5198,34.6698],[135.5204,34.6753],[135.5215,34.6761],[135.5286,34.675],[135.5335,34.6748],[135.5344,34.6785],[135.5342,34.6817],[135.5345,34.6867],[135.5359,34.6909],[135.5348,34.6955],[135.5313,34.6944],[135.5257,34.6919],[135.5222,34.6911],[135.5201,34.6919],[135.5184,34.6913],[135.5105,34.6909],[135.5059,34.6925],[135.5006,34.6931],[135.4975,34.6929],[135.4972,34.6906],[135.4977,34.6846],[135.4975,34.6773],[135.4967,34.669]]]},"properties":{"N03_001":"大阪府","N03_002":"","N03_003":"大阪市","N03_004":"中央区","N03_007":"27128"}},
{"type":"Feature","geometry":{"type":"Polygon","coordinates":[[[135.4376,34.6082],[135.437,34.6047],[135.4466,34.6019],[135.4454,34.5982],[135.4438,34.5977],[135.4333,34.6008],[135.434,34.6022],[135.4235,34.6049],[135.4255,34.5933],[135.4368,34.589],[135.4381,34.5889],[135.4434,34.5905],[135.4443,34.5894],[135.4518,34.5919],[135.4591,34.5901],[135.4609,34.5921],[135.4626,34.5916],[135.4623,34.5874],[135.4526,34.59],[135.4494,34.587],[135.4643,34.5832],[135.4625,34.5829],[135.4592,34.5836],[135.4573,34.5826],[135.4534,34.5826],[135.4501,34.5834],[135.4517,34.5772],[135.4567,34.5764],[135.4576,34.574],[135.4554,34.5736],[135.4555,34.5758],[135.4527,34.5759],[135.4514,34.575],[135.4494,34.568],[135.4533,34.5665],[135.4547,34.5644],[135.4597,34.5617],[135.4635,34.5604],[135.4617,34.5551],[135.4603,34.553],[135.4624,34.5526],[135.4637,34.548],[135.4653,34.5463],[135.4673,34.5487],[135.4666,34.5516],[135.4735,34.5515],[135.4769,34.5562],[135.4812,34.5559],[135.482,34.5521],[135.4882,34.5569],[135.4894,34.5586],[135.4925,34.5649],[135.5001,34.5593],[135.5017,34.5619],[135.4976,34.5671],[135.4984,34.5688],[135.4961,34.5696],[135.4953,34.571],[135.5009,34.5814],[135.5024,34.5838],[135.5028,34.5862],[135.5001,34.5872],[135.4986,34.5892],[135.4974,34.5927],[135.4953,34.5943],[135.487,34.596],[135.4863,34.5961],[135.4856,34.5963],[135.4847,34.5964],[135.4846,34.5964],[135.4839,34.5966],[135.4837,34.5966],[135.4834,34.5967],[135.4833,34.5967],[135.4832,34.5967],[135.4827,34.5968],[135.4826,34.5969],[135.4825,34.5969],[135.4822,34.5969],[135.4816,34.5971],[135.4804,34.5975],[135.4803,34.5975],[135.4798,34.5977],[135.4784,34.5981],[135.4782,34.5982],[135.4775,34.5985],[135.4765,34.5988],[135.4764,34.5989],[135.476,34.599],[135.4758,34.5991],[135.475,34.5994],[135.4742,34.5997],[135.474,34.5998],[135.4738,34.5999],[135.4736,34.6],[135.4734,34.6001],[135.4725,34.6006],[135.4719,34.6008],[135.4716,34.601],[135.4713,34.6011],[135.4712,34.6012],[135.4709,34.6013],[135.47,34.6016],[135.4696,34.6018],[135.4694,34.6018],[135.4694,34.6019],[135.4688,34.602],[135.4685,34.6021],[135.4684,34.6022],[135.4681,34.6022],[135.4675,34.6024],[135.4673,34.6025],[135.4667,34.6026],[135.4665,34.6027],[135.4664,34.6027],[135.4662,34.6028],[135.466,34.6028],[135.4648,34.6032],[135.4643,34.6033],[135.4641,34.6034],[135.4639,34.6034],[135.4637,34.6035],[135.4627,34.6037],[135.462,34.604],[135.4618,34.604],[135.4617,34.6041],[135.4616,34.6041],[135.4614,34.6042],[135.4598,34.6047],[135.4591,34.6049],[135.4586,34.605],[135.4583,34.6051],[135.4581,34.6052],[135.4564,34.6057],[135.4561,34.6058],[135.4551,34.6061],[135.4544,34.6063],[135.4536,34.6065],[135.4526,34.6067],[135.4508,34.6072],[135.4501,34.6074],[135.45,34.6074],[135.4496,34.6075],[135.4481,34.6079],[135.4472,34.6081],[135.4465,34.6083],[135.4447,34.6083],[135.4425,34.6083],[135.4417,34.6082],[135.4413,34.6082],[135.439,34.6082],[135.4381,34.6082],[135.4376,34.6082]]]},"properties":{"N03_001":"大阪府","N03_002":"","N03_003":"堺市","N03_004":"堺区","N03_007":"27141"}},
{"type":"Feature","geometry":{"type":"Polygon","coordinates":[[[135.4901,34.5423],[135.4864,34.5421],[135.4833,34.5411],[135.4813,34.5395],[135.4801,34.5352],[135.4845,34.5345],[135.4841,34.5316],[135.4796,34.5296],[135.4759,34.532],[135.4712,34.532],[135.4679,34.5332],[135.4705,34.5258],[135.4711,34.5228],[135.4745,34.5211],[135.4808,34.5169],[135.4817,34.5173],[135.4858,34.5133],[135.4885,34.5141],[135.4903,34.512],[135.4945,34.5107],[135.4977,34.5102],[135.5029,34.506],[135.5111,34.5064],[135.5167,34.5059],[135.5202,34.5045],[135.5265,34.5038],[135.5291,34.5029],[135.5303,34.5012],[135.5326,34.5017],[135.5347,34.5011],[135.5357,34.5032],[135.5343,34.508],[135.5326,34.5146],[135.5274,34.5248],[135.5205,34.5336],[135.5164,34.5402],[135.5151,34.541],[135.5099,34.5474],[135.5082,34.5481],[135.5058,34.5501],[135.5015,34.547],[135.5004,34.5455],[135.4969,34.5456],[135.4951,34.5436],[135.4901,34.5423]]]},"properties":{"N03_001":"大阪府","N03_002":"","N03_003":"堺市","N03_004":"中区","N03_007":"27142"}},
{"type":"Feature","geometry":{"type":"Polygon","coordinates":[[[135.5082,34.5481],[135.5099,34.5474],[135.5151,34.541],[135.5164,34.5402],[135.5205,34.5336],[135.5274,34.5248],[135.5326,34.5146],[135.5341,34.515],[135.5407,34.5111],[135.544,34.5119],[135.5436,34.5159],[135.5464,34.518],[135.5479,34.5177],[135.5531,34.518],[135.5533,34.5204],[135.5552,34.527],[135.555,34.528],[135.5529,34.5286],[135.5515,34.5323],[135.5494,34.5314],[135.5434,34.5299],[135.5423,34.5306],[135.5414,34.5456],[135.5399,34.5466],[135.5396,34.5496],[135.542,34.5512],[135.541,34.5532],[135.543,34.5547],[135.5468,34.5548],[135.5467,34.5587],[135.5354,34.5578],[135.5283,34.5591],[135.5289,34.5556],[135.5286,34.5531],[135.5268,34.5521],[135.524,34.5522],[135.5234,34.5512],[135.5194,34.5503],[135.5203,34.5487],[135.518,34.5469],[135.5124,34.5503],[135.5082,34.5481]]]},"properties":{"N03_001":"大阪府","N03_002":"","N03_003":"堺市","N03_004":"東区","N03_007":"27143"}},
{"type":"Feature","geometry":{"type":"Polygon","coordinates":[[[135.4547,34.5151],[135.4566,34.5154],[135.4582,34.5133],[135.4607,34.5121],[135.4619,34.5098],[135.4608,34.5076],[135.4633,34.5066],[135.4633,34.5042],[135.4612,34.499],[135.464,34.4987],[135.4639,34.5034],[135.466,34.5033],[135.465,34.4997],[135.4704,34.5025],[135.4752,34.5028],[135.478,34.5024],[135.4811,34.5031],[135.4854,34.508],[135.4856,34.5102],[135.4881,34.5104],[135.4858,34.5133],[135.4817,34.5173],[135.4808,34.5169],[135.4745,34.5211],[135.4711,34.5228],[135.4705,34.5258],[135.4679,34.5332],[135.4712,34.532],[135.4759,34.532],[135.4796,34.5296],[135.4841,34.5316],[135.4845,34.5345],[135.4801,34.5352],[135.4813,34.5395],[135.4833,34.5411],[135.4864,34.5421],[135.4901,34.5423],[135.487,34.5477],[135.4837,34.5493],[135.482,34.5521],[135.4812,34.5559],[135.4769,34.5562],[135.4735,34.5515],[135.4666,34.5516],[135.4673,34.5487],[135.4653,34.5463],[135.4637,34.548],[135.4624,34.5526],[135.4603,34.553],[135.4617,34.5551],[135.4635,34.5604],[135.4597,34.5617],[135.4547,34.5644],[135.4533,34.5665],[135.4524,34.5648],[135.4453,34.5674],[135.4446,34.5689],[135.4435,34.5759],[135.4415,34.5829],[135.4344,34.5827],[135.4338,34.5867],[135.4262,34.5896],[135.4262,34.5878],[135.4294,34.5707],[135.4208,34.5697],[135.4158,34.5937],[135.4028,34.6],[135.4021,34.5997],[135.4097,34.5639],[135.4105,34.5607],[135.4305,34.5608],[135.4448,34.5572],[135.4422,34.5479],[135.4377,34.5411],[135.4378,34.541],[135.4379,34.5409],[135.438,34.5409],[135.4382,34.5408],[135.4384,34.5407],[135.4386,34.5407],[135.4392,34.5405],[135.4391,34.5403],[135.439,34.5402],[135.4389,34.54],[135.4388,34.5398],[135.4386,34.5396],[135.4386,34.5395],[135.439,34.5395],[135.4393,34.5395],[135.4397,34.5395],[135.4398,34.5395],[135.4405,34.5395],[135.4408,34.5395],[135.4415,34.5395],[135.4417,34.5396],[135.4422,34.5395],[135.4424,34.5394],[135.4426,34.5393],[135.4427,34.5392],[135.4429,34.5391],[135.443,34.5389],[135.4432,34.5388],[135.4432,34.5387],[135.4434,34.5386],[135.4435,34.5385],[135.4436,34.5384],[135.4437,34.5383],[135.4438,34.5382],[135.444,34.538],[135.4441,34.538],[135.4442,34.5379],[135.4444,34.5379],[135.4445,34.5379],[135.4447,34.5377],[135.445,34.5376],[135.4451,34.5375],[135.4453,34.5373],[135.4454,34.5373],[135.4456,34.5372],[135.4457,34.5371],[135.4458,34.5371],[135.446,34.537],[135.4461,34.5369],[135.4461,34.5368],[135.446,34.5368],[135.446,34.5366],[135.4459,34.5366],[135.4459,34.5364],[135.4457,34.5362],[135.4456,34.5361],[135.4455,34.536],[135.4453,34.5358],[135.4451,34.5354],[135.4451,34.5353],[135.4452,34.5353],[135.4453,34.5352],[135.4455,34.5352],[135.4457,34.5351],[135.4458,34.5354],[135.4459,34.5355],[135.446,34.5355],[135.4461,34.5356],[135.4461,34.5358],[135.4462,34.536],[135.4462,34.5361],[135.4464,34.5361],[135.4463,34.5357],[135.4463,34.5356],[135.4462,34.5352],[135.4464,34.5352],[135.4464,34.5353],[135.4465,34.5356],[135.4466,34.5361],[135.4467,34.536],[135.4467,34.5357],[135.4467,34.5355],[135.4466,34.5352],[135.4466,34.535],[135.4466,34.5349],[135.4466,34.5345],[135.4466,34.5344],[135.4466,34.5342],[135.4466,34.5341],[135.4471,34.534],[135.4472,34.534],[135.4474,34.5339],[135.4476,34.5339],[135.4477,34.5339],[135.4477,34.534],[135.448,34.5339],[135.4479,34.5335],[135.4479,34.5333],[135.4478,34.5331],[135.4477,34.5328],[135.4476,34.5327],[135.4475,34.5327],[135.4474,34.5325],[135.4473,34.5324],[135.4472,34.5323],[135.4471,34.5322],[135.447,34.5321],[135.4469,34.532],[135.4468,34.5319],[135.4466,34.5319],[135.4466,34.5318],[135.4465,34.5317],[135.4463,34.5315],[135.4462,34.5312],[135.4462,34.5311],[135.4462,34.531],[135.4463,34.5309],[135.4464,34.5308],[135.4466,34.5308],[135.4468,34.5307],[135.4469,34.5307],[135.4471,34.5307],[135.4474,34.5306],[135.4476,34.5306],[135.4477,34.5307],[135.448,34.5306],[135.4482,34.5305],[135.4484,34.5305],[135.4486,34.5305],[135.4488,34.5304],[135.449,34.5304],[135.4492,34.5304],[135.4494,34.5304],[135.4497,34.5304],[135.4499,34.5303],[135.45,34.5303],[135.4501,34.5303],[135.4503,34.5302],[135.4504,34.5303],[135.4506,34.5303],[135.4508,34.5303],[135.4509,34.5304],[135.4511,34.5305],[135.4512,34.5305],[135.4513,34.5304],[135.4513,34.5303],[135.4513,34.5299],[135.4513,34.5297],[135.4511,34.5296],[135.4509,34.5295],[135.4506,34.5293],[135.4504,34.5293],[135.4502,34.5292],[135.45,34.5292],[135.4498,34.5292],[135.4497,34.5293],[135.4494,34.5293],[135.4492,34.5293],[135.449,34.5293],[135.4488,34.5293],[135.4486,34.5294],[135.4484,34.5294],[135.4482,34.5295],[135.4482,34.5294],[135.4482,34.5291],[135.4481,34.5289],[135.448,34.5288],[135.448,34.5287],[135.448,34.5286],[135.4479,34.5285],[135.4478,34.5284],[135.4477,34.5283],[135.4475,34.5282],[135.4473,34.5281],[135.4471,34.5281],[135.4468,34.528],[135.4466,34.5279],[135.4464,34.5278],[135.4461,34.5278],[135.4461,34.5277],[135.4461,34.5276],[135.4462,34.5274],[135.4462,34.5272],[135.4462,34.5271],[135.4462,34.5269],[135.4461,34.5267],[135.446,34.5266],[135.4459,34.5265],[135.4458,34.5264],[135.4457,34.5263],[135.4457,34.5262],[135.4457,34.5261],[135.4457,34.526],[135.4459,34.526],[135.446,34.5259],[135.4462,34.526],[135.4464,34.526],[135.4465,34.526],[135.4468,34.526],[135.4469,34.5259],[135.447,34.526],[135.4472,34.526],[135.4473,34.526],[135.4474,34.526],[135.4476,34.526],[135.4482,34.5259],[135.4483,34.5257],[135.4483,34.5255],[135.4484,34.5254],[135.4486,34.5252],[135.4488,34.5251],[135.4489,34.5251],[135.4491,34.5251],[135.4492,34.5252],[135.4494,34.5252],[135.4496,34.5252],[135.4498,34.5252],[135.45,34.5252],[135.4506,34.5251],[135.451,34.5252],[135.4511,34.5252],[135.4513,34.5253],[135.4515,34.5252],[135.4517,34.5252],[135.4519,34.5252],[135.4521,34.5251],[135.4523,34.525],[135.4525,34.5249],[135.4527,34.5249],[135.4529,34.5248],[135.453,34.5247],[135.4532,34.5247],[135.4533,34.5247],[135.4533,34.5248],[135.4535,34.525],[135.4536,34.5251],[135.4538,34.5251],[135.454,34.5251],[135.4541,34.525],[135.4542,34.525],[135.4544,34.5249],[135.4545,34.5248],[135.4545,34.5247],[135.4546,34.5246],[135.4546,34.5244],[135.4546,34.5242],[135.4546,34.5241],[135.4547,34.5241],[135.4548,34.5241],[135.455,34.5241],[135.4554,34.5241],[135.4555,34.5241],[135.4558,34.5241],[135.4558,34.5242],[135.4558,34.5243],[135.4559,34.5244],[135.4559,34.5246],[135.456,34.5245],[135.4562,34.5244],[135.4562,34.5242],[135.4561,34.5241],[135.4561,34.524],[135.456,34.5238],[135.4559,34.5236],[135.4559,34.5233],[135.4559,34.5231],[135.4559,34.523],[135.456,34.5229],[135.4562,34.5225],[135.4564,34.5226],[135.4568,34.5226],[135.457,34.5227],[135.4573,34.5223],[135.4574,34.5222],[135.4576,34.5222],[135.4576,34.5219],[135.4583,34.5218],[135.4574,34.5209],[135.4578,34.5207],[135.4581,34.5205],[135.4583,34.5204],[135.4586,34.5204],[135.4587,34.5204],[135.4588,34.5203],[135.459,34.5202],[135.4592,34.5201],[135.4593,34.52],[135.4595,34.5199],[135.4597,34.5196],[135.4596,34.5195],[135.4596,34.5194],[135.4597,34.5193],[135.4597,34.5191],[135.4598,34.519],[135.46,34.5188],[135.46,34.5186],[135.4599,34.5185],[135.4598,34.5184],[135.4597,34.5183],[135.4595,34.5182],[135.4593,34.5182],[135.4591,34.5183],[135.4586,34.5185],[135.4585,34.5184],[135.4584,34.5183],[135.4584,34.5182],[135.4583,34.5181],[135.4582,34.5179],[135.4581,34.5178],[135.458,34.5178],[135.4579,34.5177],[135.4578,34.5177],[135.4578,34.5176],[135.4577,34.5175],[135.4576,34.5174],[135.4576,34.5173],[135.4575,34.5171],[135.4573,34.5169],[135.4572,34.5168],[135.4572,34.5167],[135.4571,34.5167],[135.4571,34.5166],[135.4571,34.5164],[135.4571,34.5163],[135.4571,34.5161],[135.4571,34.516],[135.457,34.5159],[135.4569,34.5158],[135.4568,34.5158],[135.4567,34.5159],[135.4566,34.5159],[135.4566,34.516],[135.4565,34.5162],[135.4563,34.5162],[135.456,34.5161],[135.4551,34.5163],[135.455,34.5164],[135.4548,34.5164],[135.4544,34.5165],[135.4544,34.5163],[135.4544,34.516],[135.4544,34.5158],[135.4543,34.5158],[135.4544,34.5154],[135.4544,34.5153],[135.4545,34.5152],[135.4547,34.5151]],[[135.4122,34.5435],[135.4087,34.5448],[135.4092,34.5457],[135.4053,34.5472],[135.4095,34.5544],[135.4159,34.55],[135.4122,34.5435]],[[135.4364,34.5426],[135.4262,34.5471],[135.4307,34.5538],[135.4349,34.5527],[135.4368,34.5555],[135.441,34.5543],[135.4408,34.5493],[135.4364,34.5426]]]},"properties":{"N03_001":"大阪府","N03_002":"","N03_003":"堺市","N03_004":"西区","N03_007":"27144"}},
{"type":"Feature","geometry":{"type":"Polygon","coordinates":[[[135.465,34.4997],[135.4665,34.496],[135.4659,34.4918],[135.4662,34.483],[135.47,34.4833],[135.4718,34.481],[135.4713,34.4776],[135.4737,34.4742],[135.4757,34.4733],[135.4782,34.4709],[135.4758,34.469],[135.4785,34.4649],[135.4814,34.4636],[135.4844,34.461],[135.4861,34.4613],[135.4896,34.4603],[135.4911,34.4585],[135.4945,34.4559],[135.4973,34.4516],[135.4981,34.4446],[135.4993,34.4415],[135.4982,34.4378],[135.5008,34.4337],[135.5036,34.4334],[135.5063,34.434],[135.5113,34.4314],[135.5158,34.4311],[135.5183,34.4302],[135.5196,34.4312],[135.5184,34.433],[135.5198,34.437],[135.522,34.4401],[135.5262,34.4422],[135.5285,34.4447],[135.5336,34.4486],[135.5363,34.4531],[135.54,34.4561],[135.5412,34.4588],[135.5437,34.4602],[135.5454,34.4623],[135.5423,34.4651],[135.5421,34.4665],[135.5386,34.4693],[135.5362,34.4754],[135.5366,34.4777],[135.5353,34.4798],[135.5359,34.4819],[135.5357,34.4861],[135.5336,34.4877],[135.5339,34.491],[135.535,34.4929],[135.5385,34.4953],[135.54,34.4986],[135.5397,34.5011],[135.5359,34.505],[135.5343,34.508],[135.5357,34.5032],[135.5347,34.5011],[135.5326,34.5017],[135.5303,34.5012],[135.5291,34.5029],[135.5265,34.5038],[135.5202,34.5045],[135.5167,34.5059],[135.5111,34.5064],[135.5029,34.506],[135.4977,34.5102],[135.4945,34.5107],[135.4903,34.512],[135.4885,34.5141],[135.4858,34.5133],[135.4881,34.5104],[135.4856,34.5102],[135.4854,34.508],[135.4811,34.5031],[135.478,34.5024],[135.4752,34.5028],[135.4704,34.5025],[135.465,34.4997]]]},"properties":{"N03_001":"大阪府","N03_002":"","N03_003":"堺市","N03_004":"南区","N03_007":"27145"}},
{"type":"Feature","geometry":{"type":"Polygon","coordinates":[[[135.482,34.5521],[135.4837,34.5493],[135.487,34.5477],[135.4901,34.5423],[135.4951,34.5436],[135.4969,34.5456],[135.5004,34.5455],[135.5015,34.547],[135.5058,34.5501],[135.5082,34.5481],[135.5124,34.5503],[135.518,34.5469],[135.5203,34.5487],[135.5194,34.5503],[135.5234,34.5512],[135.524,34.5522],[135.5268,34.5521],[135.5286,34.5531],[135.5289,34.5556],[135.5283,34.5591],[135.5354,34.5578],[135.5467,34.5587],[135.5491,34.5599],[135.5479,34.5624],[135.548,34.5659],[135.5447,34.5656],[135.5373,34.5656],[135.5358,34.5676],[135.5356,34.5716],[135.5335,34.5716],[135.5317,34.5738],[135.5318,34.5766],[135.5224,34.5767],[135.5223,34.5856],[135.5212,34.5874],[135.521,34.5898],[135.5226,34.5899],[135.5226,34.5932],[135.522,34.5943],[135.5166,34.5915],[135.5078,34.5877],[135.5059,34.5866],[135.5028,34.5862],[135.5024,34.5838],[135.5009,34.5814],[135.4953,34.571],[135.4961,34.5696],[135.4984,34.5688],[135.4976,34.5671],[135.5017,34.5619],[135.5001,34.5593],[135.4925,34.5649],[135.4894,34.5586],[135.4882,34.5569],[135.482,34.5521]]]},"properties":{"N03_001":"大阪府","N03_002":"","N03_003":"堺市","N03_004":"北区","N03_007":"27146"}},
{"type":"Feature","geometry":{"type":"Polygon","coordinates":[[[135.5672,34.56],[135.5611,34.56],[135.561,34.5566],[135.5617,34.5553],[135.5587,34.5549],[135.5571,34.5538],[135.5555,34.5548],[135.5532,34.5539],[135.5512,34.5568],[135.5481,34.5576],[135.5491,34.5599],[135.5467,34.5587],[135.5468,34.5548],[135.543,34.5547],[135.541,34.5532],[135.542,34.5512],[135.5396,34.5496],[135.5399,34.5466],[135.5414,34.5456],[135.5423,34.5306],[135.5434,34.5299],[135.5494,34.5314],[135.5515,34.5323],[135.5529,34.5286],[135.555,34.528],[135.5586,34.5294],[135.5584,34.5267],[135.5608,34.5266],[135.5629,34.5252],[135.5628,34.52],[135.5635,34.5174],[135.5658,34.516],[135.5665,34.5135],[135.5725,34.5115],[135.574,34.5118],[135.5765,34.5107],[135.5799,34.5112],[135.5821,34.5107],[135.582,34.5159],[135.5808,34.5174],[135.5822,34.5188],[135.5855,34.5191],[135.5856,34.521],[135.5845,34.5224],[135.5851,34.5275],[135.5865,34.5293],[135.5872,34.5318],[135.5855,34.5322],[135.5825,34.5348],[135.5808,34.5374],[135.5818,34.538],[135.5771,34.5424],[135.5747,34.5432],[135.5758,34.5454],[135.5732,34.547],[135.5726,34.5484],[135.5674,34.5487],[135.5673,34.5524],[135.5682,34.5534],[135.5688,34.5572],[135.5672,34.56]]]},"properties":{"N03_001":"大阪府","N03_002":"","N03_003":"堺市","N03_004":"美原区","N03_007":"27147"}},
{"type":"Feature","geometry":{"type":"Polygon","coordinates":[[[135.3594,34.4598],[135.3602,34.4594],[135.3612,34.4588],[135.3621,34.4583],[135.3621,34.4582],[135.3622,34.4581],[135.3608,34.4576],[135.3613,34.4566],[135.3616,34.4567],[135.3626,34.4571],[135.3627,34.4571],[135.3629,34.4569],[135.3631,34.4567],[135.3634,34.4565],[135.3637,34.4561],[135.3637,34.4559],[135.3638,34.4557],[135.3639,34.4555],[135.3643,34.4553],[135.3647,34.4551],[135.3649,34.4548],[135.3651,34.4546],[135.3657,34.4545],[135.3658,34.4545],[135.366,34.4544],[135.3665,34.4541],[135.3666,34.454],[135.3667,34.454],[135.3668,34.4539],[135.3668,34.4538],[135.3669,34.4535],[135.367,34.4534],[135.3671,34.4533],[135.3672,34.4532],[135.3673,34.4531],[135.3675,34.4528],[135.3676,34.4527],[135.3678,34.4525],[135.368,34.4523],[135.3687,34.4518],[135.369,34.4516],[135.3691,34.4515],[135.3692,34.4514],[135.3693,34.4514],[135.3696,34.4513],[135.37,34.4516],[135.3707,34.4511],[135.371,34.4513],[135.3711,34.4513],[135.372,34.4506],[135.3722,34.4505],[135.3723,34.4506],[135.3726,34.4509],[135.3723,34.4511],[135.3727,34.4515],[135.3727,34.4516],[135.3732,34.4513],[135.3736,34.451],[135.3745,34.4504],[135.3748,34.4501],[135.3749,34.45],[135.375,34.45],[135.3755,34.4496],[135.3759,34.4494],[135.3761,34.4492],[135.3766,34.4488],[135.3768,34.4487],[135.3769,34.4486],[135.3774,34.4482],[135.3775,34.4481],[135.3777,34.4479],[135.3781,34.4476],[135.3782,34.4476],[135.3785,34.4473],[135.379,34.447],[135.3792,34.4469],[135.3796,34.4466],[135.3799,34.4464],[135.3808,34.4457],[135.3811,34.4455],[135.3812,34.4454],[135.3812,34.4452],[135.3812,34.445],[135.3812,34.4449],[135.3813,34.4446],[135.3813,34.4445],[135.3813,34.4443],[135.3814,34.4437],[135.3814,34.4436],[135.3814,34.4434],[135.3814,34.4432],[135.3814,34.443],[135.3814,34.4428],[135.3814,34.4427],[135.3814,34.4426],[135.3813,34.4426],[135.3813,34.4425],[135.3809,34.4422],[135.3808,34.4421],[135.3807,34.442],[135.3805,34.4417],[135.3805,34.4416],[135.3797,34.4411],[135.3798,34.4407],[135.3798,34.4405],[135.3795,34.4402],[135.3795,34.4401],[135.3797,34.4395],[135.3796,34.4394],[135.3795,34.4392],[135.3792,34.4392],[135.3787,34.4393],[135.3784,34.4392],[135.3781,34.4389],[135.378,34.4389],[135.3778,34.4387],[135.3778,34.4386],[135.3778,34.4385],[135.3778,34.4381],[135.3779,34.4378],[135.3782,34.4376],[135.379,34.4371],[135.3791,34.4369],[135.3797,34.4359],[135.3798,34.4357],[135.3802,34.4351],[135.3806,34.4347],[135.3806,34.4345],[135.3806,34.4342],[135.3804,34.4337],[135.3802,34.4333],[135.3801,34.4332],[135.3795,34.4321],[135.3795,34.4319],[135.3796,34.4317],[135.3806,34.4302],[135.3815,34.4285],[135.3819,34.4275],[135.3822,34.4269],[135.3832,34.425],[135.3833,34.4247],[135.3835,34.4244],[135.3836,34.4242],[135.3839,34.424],[135.384,34.4239],[135.3844,34.4237],[135.3846,34.4233],[135.385,34.4222],[135.3851,34.4211],[135.3853,34.4209],[135.3855,34.4207],[135.3861,34.4205],[135.3865,34.4203],[135.3867,34.4201],[135.3869,34.42],[135.387,34.4195],[135.3872,34.4192],[135.3874,34.4189],[135.3877,34.4187],[135.3878,34.4185],[135.3879,34.4182],[135.3879,34.4179],[135.3879,34.4177],[135.3879,34.4176],[135.3881,34.4176],[135.3883,34.4175],[135.3883,34.4173],[135.3886,34.4174],[135.3886,34.4175],[135.3887,34.4177],[135.3889,34.4179],[135.3896,34.4181],[135.3897,34.418],[135.39,34.4183],[135.3903,34.4186],[135.3908,34.4187],[135.3909,34.419],[135.3911,34.4193],[135.3914,34.4196],[135.3916,34.4194],[135.3917,34.4195],[135.3922,34.4199],[135.3925,34.4196],[135.3928,34.4192],[135.3931,34.4188],[135.3935,34.4182],[135.3936,34.4179],[135.3938,34.4177],[135.394,34.4175],[135.3941,34.4174],[135.3941,34.4173],[135.394,34.4169],[135.394,34.4168],[135.394,34.4167],[135.394,34.4166],[135.3941,34.4165],[135.3941,34.4164],[135.3942,34.4164],[135.3944,34.4163],[135.3947,34.4164],[135.3951,34.4164],[135.3953,34.4165],[135.3954,34.4167],[135.3955,34.4167],[135.3956,34.417],[135.3957,34.4171],[135.3959,34.4176],[135.3961,34.4179],[135.3962,34.4182],[135.3963,34.4183],[135.3963,34.4184],[135.3965,34.4188],[135.3967,34.419],[135.3968,34.419],[135.397,34.4191],[135.3972,34.419],[135.3975,34.4188],[135.3976,34.4187],[135.3978,34.4185],[135.3979,34.4183],[135.3981,34.4179],[135.3982,34.4177],[135.3984,34.4176],[135.3987,34.4175],[135.3988,34.4174],[135.399,34.4172],[135.399,34.417],[135.399,34.4168],[135.399,34.4167],[135.3989,34.4162],[135.3989,34.416],[135.3988,34.4158],[135.3986,34.4155],[135.3985,34.4153],[135.3985,34.4151],[135.3984,34.4149],[135.3983,34.4147],[135.398,34.4145],[135.3979,34.4144],[135.398,34.4142],[135.3983,34.4139],[135.3984,34.4137],[135.3986,34.4135],[135.3989,34.4133],[135.3991,34.4131],[135.3994,34.4128],[135.3996,34.4125],[135.3997,34.4124],[135.3997,34.4123],[135.3998,34.4121],[135.3998,34.4118],[135.4,34.4116],[135.4002,34.4114],[135.4004,34.4112],[135.4006,34.4111],[135.4008,34.4111],[135.4009,34.4112],[135.401,34.4113],[135.401,34.4115],[135.4011,34.4119],[135.4011,34.4121],[135.4013,34.4123],[135.4015,34.4123],[135.4015,34.4122],[135.4017,34.4123],[135.4018,34.412],[135.4018,34.4119],[135.4022,34.412],[135.4021,34.4123],[135.4029,34.4125],[135.4031,34.4122],[135.4032,34.4118],[135.4034,34.4118],[135.4035,34.4118],[135.4036,34.412],[135.4037,34.412],[135.4038,34.4122],[135.4039,34.4121],[135.4041,34.4119],[135.4043,34.4119],[135.4047,34.4118],[135.405,34.4118],[135.4052,34.4119],[135.4054,34.412],[135.4056,34.4122],[135.4058,34.4124],[135.4059,34.4126],[135.4059,34.4128],[135.406,34.4129],[135.4069,34.4132],[135.4073,34.4133],[135.408,34.4136],[135.4083,34.4137],[135.4086,34.4137],[135.4089,34.4137],[135.409,34.4137],[135.4091,34.4136],[135.4092,34.4136],[135.4093,34.4136],[135.4094,34.4133],[135.4094,34.4132],[135.4094,34.413],[135.4093,34.4128],[135.4092,34.4127],[135.4094,34.4125],[135.4098,34.4122],[135.4101,34.412],[135.4102,34.4118],[135.4102,34.4117],[135.4102,34.4115],[135.4101,34.4113],[135.4099,34.4107],[135.4099,34.4105],[135.4099,34.4103],[135.41,34.4101],[135.4102,34.4099],[135.4104,34.4099],[135.4109,34.4098],[135.411,34.4097],[135.4111,34.4096],[135.4111,34.4095],[135.4112,34.4094],[135.4111,34.4091],[135.4111,34.4089],[135.411,34.4088],[135.4109,34.4087],[135.4108,34.4086],[135.4104,34.4085],[135.4103,34.4085],[135.4098,34.4084],[135.4096,34.4083],[135.4093,34.4082],[135.4092,34.4078],[135.409,34.4076],[135.4088,34.4074],[135.4086,34.4074],[135.4083,34.4073],[135.4081,34.4073],[135.408,34.4071],[135.4079,34.4069],[135.408,34.4067],[135.408,34.4064],[135.408,34.4063],[135.4079,34.4062],[135.4076,34.4061],[135.407,34.4059],[135.4065,34.4056],[135.4062,34.4055],[135.4056,34.4051],[135.4053,34.405],[135.4052,34.4049],[135.4052,34.4046],[135.4052,34.4043],[135.4053,34.4042],[135.4054,34.4039],[135.4055,34.4038],[135.4054,34.4034],[135.4054,34.4031],[135.4053,34.4028],[135.4052,34.4027],[135.4052,34.4026],[135.4053,34.4024],[135.4055,34.4019],[135.4056,34.4015],[135.4058,34.4012],[135.4059,34.401],[135.4062,34.4007],[135.4068,34.4005],[135.4073,34.4001],[135.4076,34.4],[135.4079,34.3999],[135.4083,34.3998],[135.4083,34.3997],[135.4083,34.3995],[135.4083,34.3994],[135.4083,34.3993],[135.4085,34.3991],[135.4085,34.399],[135.4085,34.3987],[135.4086,34.3984],[135.4086,34.3982],[135.4086,34.3981],[135.4089,34.3977],[135.4093,34.3974],[135.4095,34.3972],[135.4095,34.397],[135.4095,34.3969],[135.4094,34.3968],[135.4093,34.3966],[135.4091,34.3965],[135.4089,34.3962],[135.4089,34.396],[135.409,34.3957],[135.4089,34.3955],[135.4088,34.3953],[135.4087,34.3952],[135.4086,34.395],[135.4087,34.3949],[135.4087,34.3945],[135.4087,34.3943],[135.4086,34.3941],[135.4085,34.394],[135.4085,34.3937],[135.4086,34.3934],[135.4087,34.3931],[135.4088,34.393],[135.4091,34.3929],[135.4093,34.3928],[135.4095,34.3928],[135.4097,34.3926],[135.4101,34.3922],[135.4102,34.3921],[135.4102,34.3919],[135.4101,34.3918],[135.4101,34.3917],[135.4101,34.3916],[135.4102,34.3914],[135.4103,34.3911],[135.4104,34.3909],[135.4104,34.3908],[135.4103,34.3905],[135.4103,34.3903],[135.4102,34.3901],[135.4102,34.3899],[135.4103,34.3896],[135.4105,34.3892],[135.4106,34.389],[135.4107,34.3889],[135.4108,34.3888],[135.4109,34.3887],[135.411,34.3885],[135.411,34.3883],[135.4109,34.3881],[135.4109,34.388],[135.4109,34.3879],[135.4111,34.3878],[135.4113,34.3876],[135.4115,34.3873],[135.4118,34.3868],[135.4122,34.3862],[135.4123,34.3861],[135.4124,34.3861],[135.4127,34.386],[135.4132,34.386],[135.4133,34.386],[135.4135,34.386],[135.4136,34.3859],[135.4137,34.3858],[135.4138,34.3856],[135.4139,34.3854],[135.4139,34.3851],[135.4139,34.3845],[135.414,34.3843],[135.414,34.3842],[135.4144,34.3841],[135.4149,34.3841],[135.415,34.384],[135.4152,34.3839],[135.4155,34.3836],[135.4157,34.3835],[135.4158,34.3834],[135.4159,34.3833],[135.416,34.3833],[135.4161,34.3832],[135.4162,34.3829],[135.4162,34.3828],[135.4161,34.3824],[135.4161,34.3821],[135.4161,34.3817],[135.4162,34.3814],[135.4162,34.381],[135.4162,34.3802],[135.4164,34.3797],[135.4164,34.3796],[135.4164,34.3795],[135.4165,34.3794],[135.4166,34.3793],[135.4167,34.3793],[135.4168,34.3792],[135.4172,34.3792],[135.4176,34.3791],[135.4178,34.379],[135.4185,34.3791],[135.4188,34.3791],[135.4191,34.379],[135.4193,34.379],[135.4195,34.3788],[135.4197,34.3785],[135.4198,34.3783],[135.4204,34.3777],[135.4207,34.3775],[135.4209,34.3775],[135.421,34.3775],[135.4211,34.3776],[135.4212,34.3776],[135.4213,34.3776],[135.4214,34.3776],[135.4215,34.3776],[135.4216,34.3775],[135.4219,34.377],[135.4221,34.3767],[135.4224,34.3763],[135.4225,34.3762],[135.4227,34.3762],[135.4228,34.3762],[135.4234,34.3764],[135.4235,34.3764],[135.4245,34.3762],[135.4247,34.3762],[135.425,34.3763],[135.4257,34.3765],[135.4258,34.3765],[135.4258,34.3764],[135.4258,34.3759],[135.4258,34.3758],[135.4259,34.3757],[135.426,34.3756],[135.4263,34.3755],[135.4264,34.3754],[135.4264,34.3753],[135.4266,34.375],[135.4267,34.3748],[135.4269,34.3746],[135.427,34.3745],[135.4271,34.3744],[135.4271,34.3743],[135.4271,34.3741],[135.427,34.3741],[135.4268,34.3738],[135.4267,34.3734],[135.4266,34.3731],[135.4267,34.3729],[135.4268,34.3727],[135.427,34.3724],[135.4272,34.3722],[135.4273,34.3721],[135.4274,34.3718],[135.4275,34.3713],[135.4275,34.3711],[135.4275,34.3709],[135.4276,34.3707],[135.4277,34.3705],[135.4283,34.3701],[135.4286,34.3698],[135.4287,34.3696],[135.4288,34.3695],[135.4289,34.3692],[135.4289,34.3691],[135.4288,34.3686],[135.4287,34.3683],[135.4287,34.3682],[135.4288,34.368],[135.4289,34.3676],[135.4291,34.3669],[135.4292,34.3667],[135.4292,34.3662],[135.4293,34.3658],[135.4294,34.3655],[135.4294,34.3649],[135.4294,34.3645],[135.4294,34.3643],[135.4294,34.3642],[135.4296,34.3637],[135.4298,34.3632],[135.4301,34.3628],[135.4303,34.3625],[135.4304,34.3623],[135.4304,34.3622],[135.4306,34.3619],[135.4306,34.3617],[135.4306,34.3615],[135.4307,34.3614],[135.4309,34.3611],[135.4309,34.361],[135.4309,34.3609],[135.4309,34.3608],[135.4307,34.3606],[135.4304,34.3602],[135.4304,34.36],[135.4303,34.3597],[135.4302,34.3591],[135.4302,34.3587],[135.4302,34.3586],[135.4303,34.3583],[135.4304,34.358],[135.4305,34.3578],[135.4307,34.3577],[135.4309,34.3576],[135.4312,34.3574],[135.4313,34.3572],[135.4313,34.357],[135.4313,34.3564],[135.4313,34.3563],[135.4311,34.3561],[135.431,34.3559],[135.4309,34.3558],[135.4307,34.3556],[135.4307,34.3554],[135.4307,34.355],[135.4308,34.3541],[135.4308,34.3539],[135.4309,34.3537],[135.431,34.3536],[135.4313,34.3534],[135.4315,34.3533],[135.4318,34.3532],[135.4321,34.3529],[135.4323,34.3527],[135.4323,34.3525],[135.4324,34.3521],[135.4324,34.3519],[135.4324,34.3517],[135.4325,34.3515],[135.4327,34.3511],[135.4328,34.3508],[135.4328,34.3507],[135.4327,34.3505],[135.4327,34.3504],[135.4327,34.3501],[135.4327,34.35],[135.4328,34.3498],[135.433,34.3496],[135.4332,34.3492],[135.4333,34.3491],[135.4333,34.349],[135.4334,34.3489],[135.4336,34.3488],[135.4338,34.3487],[135.434,34.3486],[135.4342,34.3483],[135.4343,34.3482],[135.4415,34.3474],[135.4442,34.3477],[135.4504,34.3495],[135.4531,34.3499],[135.4561,34.3518],[135.4565,34.3542],[135.4544,34.3587],[135.4556,34.3602],[135.4564,34.363],[135.456,34.3657],[135.458,34.3675],[135.4591,34.3697],[135.459,34.3729],[135.4598,34.3747],[135.4624,34.3749],[135.4637,34.3764],[135.4625,34.3821],[135.4606,34.3839],[135.4578,34.3844],[135.4562,34.3857],[135.4539,34.3901],[135.45,34.3907],[135.4502,34.3928],[135.4525,34.3957],[135.4521,34.398],[135.4528,34.4002],[135.4544,34.4004],[135.4539,34.4032],[135.4555,34.4054],[135.4535,34.4077],[135.4532,34.4119],[135.4519,34.4146],[135.4496,34.4158],[135.4515,34.4172],[135.4515,34.4237],[135.4484,34.4276],[135.4482,34.431],[135.4488,34.4324],[135.4469,34.4339],[135.4448,34.434],[135.4438,34.4354],[135.4447,34.4369],[135.4423,34.4421],[135.4422,34.4489],[135.4402,34.4509],[135.4405,34.4527],[135.4422,34.4556],[135.4413,34.4568],[135.4423,34.4597],[135.4404,34.4623],[135.4296,34.4704],[135.4243,34.4663],[135.4151,34.4735],[135.4107,34.4764],[135.4059,34.4804],[135.3947,34.4888],[135.3874,34.493],[135.3819,34.4949],[135.3709,34.5004],[135.3709,34.4956],[135.3724,34.4944],[135.3703,34.4902],[135.3774,34.4865],[135.3758,34.4823],[135.3724,34.4834],[135.3718,34.4813],[135.3769,34.4786],[135.3761,34.4761],[135.3771,34.4753],[135.3759,34.4732],[135.3735,34.4746],[135.3743,34.4759],[135.3711,34.4781],[135.3661,34.4807],[135.3638,34.4776],[135.3685,34.4714],[135.3713,34.4719],[135.3702,34.4678],[135.3655,34.4681],[135.3635,34.4658],[135.3621,34.4666],[135.3621,34.4684],[135.3639,34.4707],[135.3627,34.4723],[135.3562,34.4642],[135.354,34.4629],[135.3576,34.4609],[135.3589,34.4626],[135.3608,34.4615],[135.3594,34.4598]]]},"properties":{"N03_001":"大阪府","N03_002":"","N03_003":"","N03_004":"岸和田市","N03_007":"27202"}},
{"type":"Feature","geometry":{"type":"Polygon","coordinates":[[[135.4603,34.7331],[135.467,34.7307],[135.4699,34.731],[135.4702,34.7326],[135.4723,34.7336],[135.4755,34.7361],[135.4811,34.7381],[135.4826,34.7402],[135.4847,34.7452],[135.4846,34.7473],[135.4879,34.7498],[135.4869,34.7511],[135.4872,34.7566],[135.4883,34.7607],[135.4885,34.767],[135.4916,34.7709],[135.4964,34.7713],[135.4969,34.7742],[135.4999,34.7766],[135.4952,34.7785],[135.4948,34.7805],[135.492,34.7814],[135.4919,34.7846],[135.4927,34.789],[135.4949,34.7922],[135.4967,34.7925],[135.4955,34.7957],[135.4978,34.7973],[135.5019,34.7981],[135.5049,34.8003],[135.5043,34.8015],[135.5038,34.8067],[135.5083,34.8106],[135.5072,34.8131],[135.5054,34.8144],[135.504,34.8174],[135.4997,34.8215],[135.4977,34.8249],[135.496,34.8223],[135.4933,34.8218],[135.4924,34.8203],[135.4928,34.8175],[135.4901,34.8164],[135.4835,34.8171],[135.4758,34.8211],[135.4728,34.8197],[135.4629,34.8134],[135.4611,34.8111],[135.4574,34.8101],[135.4534,34.8072],[135.4499,34.8075],[135.4481,34.8084],[135.4481,34.8061],[135.4467,34.8044],[135.4471,34.8017],[135.4465,34.7998],[135.4439,34.7994],[135.4429,34.7942],[135.4411,34.7919],[135.4427,34.791],[135.4417,34.7889],[135.4428,34.7862],[135.4425,34.7843],[135.4451,34.7807],[135.4462,34.7753],[135.4455,34.774],[135.4447,34.7685],[135.4477,34.7685],[135.4504,34.7663],[135.4499,34.765],[135.4505,34.7621],[135.4501,34.76],[135.4531,34.7579],[135.4559,34.7605],[135.4567,34.7582],[135.4558,34.7549],[135.4567,34.7517],[135.4594,34.752],[135.4602,34.7479],[135.4589,34.7352],[135.4603,34.7331]]]},"properties":{"N03_001":"大阪府","N03_002":"","N03_003":"","N03_004":"豊中市","N03_007":"27203"}},
{"type":"Feature","geometry":{"type":"Polygon","coordinates":[[[135.4375,34.8771],[135.434,34.8722],[135.4348,34.8701],[135.4327,34.8666],[135.4319,34.8632],[135.4301,34.8611],[135.4316,34.8582],[135.4314,34.8564],[135.4278,34.8541],[135.424,34.8522],[135.4201,34.8515],[135.4186,34.8495],[135.4207,34.8468],[135.4213,34.8446],[135.4242,34.8382],[135.4236,34.8341],[135.4238,34.8299],[135.4224,34.8269],[135.4162,34.8205],[135.416,34.8177],[135.4197,34.8088],[135.4218,34.806],[135.4237,34.8021],[135.4276,34.8023],[135.4291,34.8015],[135.4385,34.792],[135.4411,34.7919],[135.4429,34.7942],[135.4439,34.7994],[135.4465,34.7998],[135.4471,34.8017],[135.4467,34.8044],[135.4481,34.8061],[135.4481,34.8084],[135.4486,34.8098],[135.4492,34.811],[135.4496,34.8129],[135.4478,34.8159],[135.4494,34.8175],[135.4513,34.8174],[135.4517,34.8214],[135.4505,34.8223],[135.4503,34.8248],[135.4514,34.83],[135.4524,34.8304],[135.4537,34.8342],[135.4528,34.8355],[135.4532,34.8381],[135.4545,34.8395],[135.4537,34.8428],[135.4545,34.844],[135.4572,34.8446],[135.459,34.846],[135.4599,34.851],[135.4597,34.8536],[135.4584,34.8553],[135.4593,34.8612],[135.4563,34.8647],[135.451,34.8659],[135.4492,34.8671],[135.4457,34.8721],[135.4436,34.8727],[135.4413,34.8751],[135.4392,34.8737],[135.4375,34.8771]]]},"properties":{"N03_001":"大阪府","N03_002":"","N03_003":"","N03_004":"池田市","N03_007":"27204"}},
{"type":"Feature","geometry":{"type":"Polygon","coordinates":[[[135.4879,34.7498],[135.4906,34.7513],[135.494,34.7507],[135.4952,34.7514],[135.5002,34.7496],[135.4994,34.7479],[135.5067,34.7447],[135.5095,34.7453],[135.5133,34.7483],[135.5158,34.7497],[135.5191,34.7502],[135.5195,34.7489],[135.5222,34.749],[135.5251,34.7479],[135.5278,34.7486],[135.5316,34.7523],[135.529,34.7546],[135.5324,34.7594],[135.5335,34.7601],[135.5391,34.7611],[135.5405,34.7628],[135.5413,34.7656],[135.5441,34.7685],[135.5488,34.7685],[135.5507,34.7695],[135.5368,34.7865],[135.5399,34.7893],[135.5409,34.7878],[135.5478,34.7919],[135.5519,34.7936],[135.555,34.7998],[135.5547,34.8018],[135.5533,34.8032],[135.5551,34.8052],[135.5547,34.8074],[135.5532,34.8089],[135.5484,34.8098],[135.5431,34.812],[135.5419,34.8139],[135.5391,34.8135],[135.5366,34.8158],[135.5345,34.8152],[135.53,34.8163],[135.5293,34.8196],[135.5256,34.8231],[135.5229,34.8244],[135.524,34.8262],[135.521,34.8266],[135.5187,34.8279],[135.5155,34.8281],[135.5124,34.8267],[135.5102,34.8288],[135.5077,34.8294],[135.5057,34.8308],[135.5003,34.8302],[135.5011,34.8286],[135.4977,34.8249],[135.4997,34.8215],[135.504,34.8174],[135.5054,34.8144],[135.5072,34.8131],[135.5083,34.8106],[135.5038,34.8067],[135.5043,34.8015],[135.5049,34.8003],[135.5019,34.7981],[135.4978,34.7973],[135.4955,34.7957],[135.4967,34.7925],[135.4949,34.7922],[135.4927,34.789],[135.4919,34.7846],[135.492,34.7814],[135.4948,34.7805],[135.4952,34.7785],[135.4999,34.7766],[135.4969,34.7742],[135.4964,34.7713],[135.4916,34.7709],[135.4885,34.767],[135.4883,34.7607],[135.4872,34.7566],[135.4869,34.7511],[135.4879,34.7498]]]},"properties":{"N03_001":"大阪府","N03_002":"","N03_003":"","N03_004":"吹田市","N03_007":"27205"}},
{"type":"Feature","geometry":{"type":"Polygon","coordinates":[[[135.4153,34.4815],[135.4184,34.4871],[135.4212,34.4898],[135.4246,34.4894],[135.4292,34.4944],[135.4274,34.4957],[135.4281,34.4978],[135.4239,34.5007],[135.4322,34.5066],[135.4339,34.5087],[135.4339,34.5113],[135.432,34.5127],[135.4334,34.514],[135.4333,34.514],[135.433,34.5142],[135.4326,34.5145],[135.4327,34.5146],[135.4328,34.5148],[135.4328,34.5149],[135.4329,34.5151],[135.4333,34.5155],[135.4317,34.5167],[135.4315,34.5164],[135.4313,34.5163],[135.4309,34.5159],[135.4305,34.5155],[135.4297,34.5153],[135.4295,34.5152],[135.4291,34.5148],[135.429,34.5147],[135.429,34.5145],[135.4287,34.5143],[135.4284,34.514],[135.428,34.5138],[135.4275,34.5132],[135.4271,34.513],[135.4268,34.5127],[135.4264,34.513],[135.4264,34.5131],[135.4261,34.5133],[135.4255,34.5137],[135.4254,34.5138],[135.4251,34.5141],[135.425,34.5141],[135.425,34.5142],[135.4239,34.515],[135.4238,34.515],[135.4237,34.5152],[135.4234,34.5154],[135.4233,34.5154],[135.4237,34.5158],[135.4243,34.5162],[135.4241,34.5163],[135.424,34.5163],[135.424,34.5164],[135.4237,34.5167],[135.4235,34.5168],[135.4232,34.5171],[135.423,34.5173],[135.4229,34.5174],[135.4228,34.5175],[135.4227,34.5176],[135.4226,34.5176],[135.4225,34.5177],[135.4224,34.5178],[135.422,34.518],[135.422,34.5181],[135.4219,34.5181],[135.4217,34.5181],[135.4214,34.5181],[135.4212,34.5181],[135.4211,34.5181],[135.4209,34.5182],[135.4207,34.5183],[135.4206,34.5183],[135.4203,34.5185],[135.4201,34.5187],[135.4199,34.5188],[135.4198,34.5189],[135.4196,34.519],[135.4195,34.5191],[135.4193,34.5192],[135.4192,34.5193],[135.419,34.5194],[135.4189,34.5195],[135.4184,34.5194],[135.4104,34.5229],[135.4065,34.517],[135.4099,34.5136],[135.4053,34.5104],[135.4038,34.5118],[135.4056,34.5151],[135.4044,34.5162],[135.4026,34.513],[135.4014,34.5141],[135.401,34.5168],[135.3973,34.5139],[135.4005,34.5108],[135.397,34.509],[135.3927,34.5122],[135.3904,34.5091],[135.3924,34.5076],[135.3901,34.5055],[135.3862,34.5084],[135.3895,34.5129],[135.3875,34.5144],[135.3842,34.5099],[135.3817,34.5117],[135.386,34.5175],[135.3845,34.5188],[135.3808,34.5301],[135.3783,34.5319],[135.3672,34.517],[135.3755,34.5109],[135.3766,34.5123],[135.3786,34.5109],[135.3778,34.5078],[135.3848,34.5026],[135.3857,34.5014],[135.3897,34.4989],[135.3969,34.496],[135.4024,34.4952],[135.4046,34.494],[135.4056,34.492],[135.4055,34.4886],[135.4063,34.4873],[135.4113,34.4822],[135.4153,34.4815]],[[135.4011,34.5274],[135.4027,34.5256],[135.4004,34.5193],[135.395,34.5173],[135.3932,34.5191],[135.3965,34.5213],[135.3953,34.5225],[135.3921,34.5203],[135.3907,34.5216],[135.3939,34.5239],[135.3927,34.5251],[135.3895,34.5228],[135.3884,34.524],[135.3938,34.5314],[135.3984,34.5261],[135.4011,34.5274]]]},"properties":{"N03_001":"大阪府","N03_002":"","N03_003":"","N03_004":"泉大津市","N03_007":"27206"}},
{"type":"Feature","geometry":{"type":"Polygon","coordinates":[[[135.5731,34.9168],[135.5737,34.9151],[135.5764,34.913],[135.576,34.9099],[135.5744,34.909],[135.5736,34.905],[135.5709,34.9028],[135.5663,34.9007],[135.5665,34.8992],[135.5697,34.899],[135.571,34.8978],[135.5691,34.896],[135.5703,34.8913],[135.5686,34.8888],[135.5661,34.8878],[135.5664,34.8855],[135.5705,34.8828],[135.571,34.8808],[135.5652,34.8768],[135.5667,34.8755],[135.5626,34.8719],[135.5686,34.8687],[135.5697,34.8655],[135.5693,34.8595],[135.5667,34.8568],[135.5697,34.8513],[135.5721,34.8486],[135.5744,34.8489],[135.5823,34.8467],[135.583,34.8443],[135.5856,34.8415],[135.5837,34.8397],[135.583,34.8357],[135.5842,34.8317],[135.5861,34.8318],[135.5866,34.8237],[135.5902,34.8228],[135.5902,34.8217],[135.5937,34.8206],[135.5989,34.8207],[135.5989,34.8188],[135.6063,34.8185],[135.6063,34.8167],[135.6035,34.8152],[135.5995,34.8138],[135.5984,34.8123],[135.5986,34.8016],[135.5976,34.7987],[135.5987,34.7977],[135.5981,34.7907],[135.5987,34.7877],[135.5981,34.7858],[135.6023,34.7805],[135.6082,34.784],[135.6104,34.7857],[135.6143,34.7915],[135.6144,34.795],[135.6153,34.7993],[135.6177,34.8011],[135.62,34.8058],[135.6251,34.8098],[135.6288,34.8115],[135.6354,34.8127],[135.6388,34.8144],[135.6403,34.8161],[135.6413,34.8189],[135.6415,34.8218],[135.6431,34.8261],[135.6463,34.8298],[135.6466,34.832],[135.6461,34.8366],[135.6474,34.8419],[135.6494,34.8464],[135.6518,34.8493],[135.6544,34.8506],[135.6598,34.8521],[135.6627,34.8533],[135.6652,34.8554],[135.6685,34.8602],[135.6717,34.8659],[135.6728,34.87],[135.6657,34.8725],[135.6632,34.8722],[135.6608,34.8752],[135.6571,34.8722],[135.6551,34.8725],[135.6551,34.8752],[135.6524,34.8766],[135.6503,34.8809],[135.6451,34.8823],[135.6442,34.8872],[135.6406,34.8886],[135.6414,34.8902],[135.6382,34.8915],[135.6358,34.8912],[135.6347,34.8923],[135.6337,34.8974],[135.6342,34.9002],[135.6337,34.9022],[135.6362,34.9041],[135.6356,34.9063],[135.6367,34.9075],[135.6365,34.9101],[135.6337,34.9088],[135.6328,34.9075],[135.6302,34.9068],[135.6299,34.9092],[135.6305,34.9135],[135.6292,34.9152],[135.6297,34.9199],[135.6324,34.9217],[135.6311,34.9239],[135.6283,34.9264],[135.6294,34.9285],[135.6281,34.9337],[135.6238,34.9349],[135.6225,34.9335],[135.6191,34.932],[135.6169,34.9285],[135.6152,34.9276],[135.612,34.9284],[135.6077,34.9283],[135.6054,34.9274],[135.6028,34.9273],[135.5997,34.9281],[135.6011,34.9297],[135.6005,34.931],[135.6019,34.9325],[135.6034,34.9358],[135.6076,34.9369],[135.6083,34.9393],[135.6108,34.9397],[135.6115,34.9439],[135.6141,34.9483],[135.6141,34.9503],[135.6161,34.9529],[135.6152,34.9538],[135.6171,34.9557],[135.6188,34.9588],[135.6178,34.961],[135.6157,34.9628],[135.6155,34.9659],[135.6138,34.9674],[135.6133,34.9712],[135.6107,34.9709],[135.6076,34.9693],[135.6038,34.9702],[135.6033,34.9711],[135.596,34.9689],[135.5941,34.9694],[135.5921,34.9661],[135.5892,34.9672],[135.5847,34.9751],[135.583,34.9767],[135.5803,34.9743],[135.577,34.9739],[135.5747,34.9718],[135.5709,34.9698],[135.5712,34.9639],[135.5738,34.9609],[135.5784,34.9605],[135.579,34.9582],[135.5786,34.9559],[135.5743,34.9548],[135.568,34.9546],[135.5666,34.9529],[135.5631,34.9537],[135.5621,34.9509],[135.5626,34.9492],[135.5612,34.9467],[135.5623,34.9436],[135.5599,34.9424],[135.559,34.9401],[135.5572,34.9387],[135.5599,34.937],[135.5618,34.9378],[135.5624,34.9416],[135.5647,34.9424],[135.566,34.9401],[135.5654,34.9372],[135.563,34.9345],[135.5647,34.933],[135.5674,34.9357],[135.5719,34.9391],[135.5765,34.9388],[135.5811,34.937],[135.5817,34.9356],[135.5806,34.9304],[135.5814,34.9262],[135.5805,34.9244],[135.5813,34.9225],[135.574,34.9183],[135.5731,34.9168]]]},"properties":{"N03_001":"大阪府","N03_002":"","N03_003":"","N03_004":"高槻市","N03_007":"27207"}},
{"type":"Feature","geometry":{"type":"MultiPolygon","coordinates":[]},"properties":{"N03_001":"大阪府","N03_002":"","N03_003":"","N03_004":"貝塚市","N03_007":"27208"}},
{"type":"Feature","geometry":{"type":"Polygon","coordinates":[[[135.5564,34.7461],[135.561,34.7402],[135.5603,34.7368],[135.5534,34.7331],[135.5547,34.7307],[135.5551,34.7248],[135.5599,34.7262],[135.563,34.725],[135.5655,34.7227],[135.566,34.72],[135.5676,34.7178],[135.5694,34.7125],[135.5699,34.7089],[135.5743,34.7089],[135.5748,34.7129],[135.5776,34.7129],[135.5751,34.7174],[135.5829,34.7174],[135.5833,34.7211],[135.5843,34.7224],[135.5817,34.7288],[135.5797,34.7317],[135.5764,34.7342],[135.5755,34.7371],[135.5719,34.7376],[135.5716,34.74],[135.5726,34.7408],[135.5755,34.7402],[135.5761,34.7414],[135.579,34.7434],[135.5811,34.7478],[135.5853,34.7478],[135.5893,34.7471],[135.591,34.7479],[135.595,34.7458],[135.5992,34.7451],[135.6048,34.7454],[135.6069,34.7489],[135.6063,34.7502],[135.6039,34.7521],[135.6035,34.7563],[135.6016,34.7552],[135.5968,34.7573],[135.5972,34.7631],[135.5946,34.7632],[135.5921,34.765],[135.587,34.7675],[135.5805,34.7618],[135.5767,34.7591],[135.5731,34.7576],[135.5637,34.7556],[135.5605,34.754],[135.5568,34.7508],[135.5564,34.7461]]]},"properties":{"N03_001":"大阪府","N03_002":"","N03_003":"","N03_004":"守口市","N03_007":"27209"}},
{"type":"Feature","geometry":{"type":"Polygon","coordinates":[[[135.6143,34.7915],[135.6229,34.7899],[135.63,34.7904],[135.6321,34.7891],[135.6319,34.7854],[135.6359,34.7853],[135.6416,34.7859],[135.6435,34.7855],[135.644,34.7839],[135.6469,34.7842],[135.6487,34.7834],[135.6505,34.7772],[135.653,34.7731],[135.6553,34.7751],[135.6582,34.7762],[135.6595,34.775],[135.6628,34.7762],[135.6678,34.7765],[135.6691,34.7783],[135.6718,34.7787],[135.6708,34.7819],[135.6705,34.7851],[135.6719,34.7856],[135.6689,34.7918],[135.6643,34.7952],[135.666,34.7974],[135.6703,34.7992],[135.6732,34.7995],[135.6737,34.8017],[135.6794,34.8024],[135.6828,34.8],[135.6855,34.8003],[135.687,34.7994],[135.6957,34.8006],[135.6976,34.7997],[135.7022,34.7995],[135.7057,34.7981],[135.7089,34.7975],[135.7091,34.7956],[135.7146,34.7937],[135.7146,34.7902],[135.7167,34.7889],[135.7166,34.7857],[135.7154,34.7833],[135.7127,34.7825],[135.712,34.7813],[135.7137,34.7799],[135.7156,34.7799],[135.7202,34.7746],[135.7225,34.7746],[135.7278,34.7766],[135.7293,34.7794],[135.7323,34.7827],[135.7356,34.7844],[135.7378,34.7871],[135.7407,34.7884],[135.7395,34.7912],[135.7405,34.7933],[135.7431,34.7937],[135.746,34.7987],[135.7466,34.8012],[135.7455,34.8042],[135.7429,34.8054],[135.7419,34.8084],[135.7368,34.8147],[135.7351,34.8199],[135.7319,34.8227],[135.7295,34.8223],[135.7278,34.8231],[135.7243,34.8232],[135.7232,34.8268],[135.7194,34.8311],[135.7157,34.8379],[135.7122,34.8401],[135.7112,34.8439],[135.7099,34.8447],[135.7102,34.8466],[135.7077,34.8493],[135.7053,34.851],[135.7023,34.8517],[135.6957,34.8482],[135.6947,34.8506],[135.6916,34.8533],[135.6924,34.8553],[135.6907,34.8565],[135.6919,34.8589],[135.6947,34.8607],[135.6914,34.8614],[135.6919,34.8647],[135.6911,34.8685],[135.6887,34.869],[135.6826,34.8722],[135.6821,34.8759],[135.6835,34.8776],[135.6822,34.8805],[135.6799,34.8813],[135.6775,34.876],[135.6728,34.87],[135.6717,34.8659],[135.6685,34.8602],[135.6652,34.8554],[135.6627,34.8533],[135.6598,34.8521],[135.6544,34.8506],[135.6518,34.8493],[135.6494,34.8464],[135.6474,34.8419],[135.6461,34.8366],[135.6466,34.832],[135.6463,34.8298],[135.6431,34.8261],[135.6415,34.8218],[135.6413,34.8189],[135.6403,34.8161],[135.6388,34.8144],[135.6354,34.8127],[135.6288,34.8115],[135.6251,34.8098],[135.62,34.8058],[135.6177,34.8011],[135.6153,34.7993],[135.6144,34.795],[135.6143,34.7915]]]},"properties":{"N03_001":"大阪府","N03_002":"","N03_003":"","N03_004":"枚方市","N03_007":"27210"}},
{"type":"Feature","geometry":{"type":"Polygon","coordinates":[[[135.524,34.8262],[135.5229,34.8244],[135.5256,34.8231],[135.5293,34.8196],[135.53,34.8163],[135.5345,34.8152],[135.5366,34.8158],[135.5391,34.8135],[135.5419,34.8139],[135.5431,34.812],[135.5484,34.8098],[135.5532,34.8089],[135.5547,34.8074],[135.5551,34.8052],[135.5533,34.8032],[135.5547,34.8018],[135.555,34.7998],[135.5519,34.7936],[135.5549,34.7933],[135.5559,34.7916],[135.5585,34.7914],[135.5586,34.7928],[135.5629,34.7928],[135.562,34.7915],[135.5626,34.7886],[135.5639,34.7866],[135.5627,34.7833],[135.5683,34.7856],[135.5678,34.7778],[135.5669,34.7754],[135.5705,34.7766],[135.5738,34.7792],[135.5739,34.7802],[135.5777,34.7844],[135.5823,34.7866],[135.5875,34.7915],[135.5897,34.794],[135.5945,34.7961],[135.5976,34.7987],[135.5986,34.8016],[135.5984,34.8123],[135.5995,34.8138],[135.6035,34.8152],[135.6063,34.8167],[135.6063,34.8185],[135.5989,34.8188],[135.5989,34.8207],[135.5937,34.8206],[135.5902,34.8217],[135.5902,34.8228],[135.5866,34.8237],[135.5861,34.8318],[135.5842,34.8317],[135.583,34.8357],[135.5837,34.8397],[135.5856,34.8415],[135.583,34.8443],[135.5823,34.8467],[135.5744,34.8489],[135.5721,34.8486],[135.5697,34.8513],[135.5667,34.8568],[135.5693,34.8595],[135.5697,34.8655],[135.5686,34.8687],[135.5626,34.8719],[135.5667,34.8755],[135.5652,34.8768],[135.571,34.8808],[135.5705,34.8828],[135.5664,34.8855],[135.5661,34.8878],[135.5686,34.8888],[135.5703,34.8913],[135.5691,34.896],[135.571,34.8978],[135.5697,34.899],[135.5665,34.8992],[135.5663,34.9007],[135.5709,34.9028],[135.5736,34.905],[135.5744,34.909],[135.576,34.9099],[135.5764,34.913],[135.5737,34.9151],[135.5731,34.9168],[135.5674,34.9163],[135.5627,34.9178],[135.5578,34.9175],[135.5533,34.9155],[135.5507,34.9183],[135.5485,34.9168],[135.5462,34.9166],[135.5443,34.9175],[135.5432,34.9159],[135.5411,34.9153],[135.5382,34.9189],[135.536,34.9209],[135.5373,34.9244],[135.537,34.9255],[135.5334,34.9271],[135.5303,34.9273],[135.5254,34.9288],[135.5255,34.9236],[135.5249,34.9203],[135.5231,34.919],[135.5226,34.9173],[135.5197,34.9144],[135.5199,34.9124],[135.517,34.9114],[135.5163,34.9071],[135.5183,34.9049],[135.5167,34.9033],[135.5137,34.903],[135.5113,34.9],[135.5028,34.896],[135.5006,34.896],[135.5015,34.8933],[135.5005,34.8899],[135.5006,34.8879],[135.4981,34.884],[135.4965,34.8834],[135.4959,34.8811],[135.4985,34.88],[135.4995,34.8775],[135.4996,34.8763],[135.5033,34.87],[135.5058,34.8721],[135.5072,34.8744],[135.5092,34.8752],[135.5117,34.8744],[135.5133,34.8713],[135.5118,34.8679],[135.5129,34.8653],[135.5158,34.8641],[135.5155,34.8609],[135.5145,34.8601],[135.5204,34.8558],[135.5206,34.8521],[135.5228,34.852],[135.5229,34.8475],[135.5253,34.8476],[135.5243,34.8446],[135.5249,34.8409],[135.5189,34.8392],[135.5207,34.8369],[135.5206,34.8357],[135.5233,34.8346],[135.5262,34.8308],[135.525,34.827],[135.524,34.8262]],[[135.5464,34.8053],[135.5435,34.8073],[135.5459,34.8078],[135.5464,34.8053]]]},"properties":{"N03_001":"大阪府","N03_002":"","N03_003":"","N03_004":"茨木市","N03_007":"27211"}},
{"type":"Feature","geometry":{"type":"Polygon","coordinates":[[[135.5847,34.5884],[135.586,34.5896],[135.5873,34.586],[135.5902,34.5857],[135.5911,34.587],[135.5962,34.5849],[135.5988,34.5865],[135.6011,34.585],[135.6012,34.5835],[135.6053,34.5834],[135.6055,34.5862],[135.6085,34.5876],[135.6084,34.5887],[135.6077,34.5912],[135.6108,34.5929],[135.619,34.5929],[135.6189,34.5943],[135.6224,34.5954],[135.6209,34.5978],[135.6231,34.598],[135.6252,34.5998],[135.6318,34.5999],[135.6319,34.6009],[135.6353,34.6009],[135.641,34.5996],[135.6427,34.6003],[135.6461,34.6003],[135.6477,34.5992],[135.6506,34.6023],[135.6509,34.6062],[135.6518,34.6068],[135.6501,34.6078],[135.651,34.61],[135.6568,34.6117],[135.6583,34.6146],[135.6578,34.6164],[135.6595,34.6209],[135.6589,34.6231],[135.661,34.6252],[135.6617,34.6283],[135.6632,34.6295],[135.6634,34.6333],[135.6617,34.6344],[135.663,34.6364],[135.6626,34.6403],[135.6643,34.6433],[135.6605,34.6436],[135.6557,34.6434],[135.6529,34.6443],[135.6477,34.645],[135.6463,34.644],[135.6255,34.6447],[135.6255,34.6503],[135.6168,34.6502],[135.6062,34.6504],[135.5995,34.6508],[135.5945,34.6506],[135.5948,34.6463],[135.596,34.6444],[135.5959,34.6417],[135.5907,34.6417],[135.5909,34.6407],[135.5852,34.6393],[135.5878,34.6368],[135.5869,34.636],[135.59,34.6339],[135.5889,34.6324],[135.5747,34.6322],[135.576,34.6305],[135.5766,34.6265],[135.5756,34.6243],[135.5752,34.6182],[135.5659,34.6213],[135.5636,34.6212],[135.5623,34.6229],[135.562,34.617],[135.5652,34.6166],[135.5692,34.6138],[135.5762,34.6138],[135.5763,34.612],[135.5826,34.612],[135.5845,34.6092],[135.5869,34.6091],[135.5873,34.6047],[135.5814,34.6027],[135.58,34.6009],[135.5799,34.5941],[135.5768,34.5931],[135.5858,34.59],[135.5847,34.5884]]]},"properties":{"N03_001":"大阪府","N03_002":"","N03_003":"","N03_004":"八尾市","N03_007":"27212"}},
{"type":"Feature","geometry":{"type":"Polygon","coordinates":[[[135.3389,34.335],[135.3422,34.3351],[135.3462,34.3305],[135.3494,34.3318],[135.3537,34.3319],[135.3555,34.3334],[135.359,34.333],[135.3617,34.3293],[135.3663,34.3297],[135.3682,34.3312],[135.3714,34.3301],[135.3741,34.331],[135.3779,34.33],[135.3803,34.3284],[135.3827,34.3294],[135.3868,34.3291],[135.3882,34.3324],[135.3911,34.333],[135.3944,34.3308],[135.3974,34.3305],[135.3987,34.3323],[135.4017,34.3327],[135.4033,34.3339],[135.4054,34.3339],[135.4068,34.3355],[135.4071,34.339],[135.4092,34.3419],[135.409,34.3422],[135.4089,34.3426],[135.4089,34.343],[135.409,34.3433],[135.4091,34.3436],[135.4091,34.3437],[135.4091,34.3439],[135.409,34.344],[135.4089,34.3441],[135.4088,34.3444],[135.4088,34.3446],[135.4088,34.3447],[135.4088,34.345],[135.4088,34.3451],[135.4086,34.3453],[135.4084,34.3456],[135.4083,34.3456],[135.4083,34.3457],[135.4078,34.3465],[135.4077,34.3468],[135.4075,34.3471],[135.4074,34.3472],[135.4073,34.3472],[135.4071,34.3472],[135.407,34.3473],[135.4069,34.3473],[135.4068,34.3473],[135.4068,34.3474],[135.4065,34.3477],[135.4064,34.3479],[135.4063,34.348],[135.4061,34.3481],[135.4059,34.3481],[135.4053,34.3481],[135.4051,34.3481],[135.4049,34.3482],[135.4047,34.3484],[135.4045,34.3485],[135.4043,34.3485],[135.404,34.3485],[135.4035,34.3484],[135.4034,34.3484],[135.4029,34.3483],[135.4027,34.3482],[135.4026,34.3483],[135.4024,34.3484],[135.4022,34.3484],[135.4021,34.3485],[135.4019,34.3485],[135.4018,34.3484],[135.4017,34.3484],[135.4016,34.3482],[135.4016,34.3481],[135.4016,34.3478],[135.4015,34.3477],[135.4013,34.3475],[135.4013,34.3473],[135.4013,34.3472],[135.4013,34.347],[135.4013,34.3469],[135.4012,34.3468],[135.4011,34.3468],[135.4008,34.3468],[135.4003,34.3468],[135.4002,34.3467],[135.4001,34.3467],[135.4,34.3468],[135.3997,34.3469],[135.3994,34.3469],[135.3992,34.3469],[135.3986,34.347],[135.3984,34.347],[135.3982,34.3471],[135.3981,34.3472],[135.398,34.3472],[135.3979,34.3472],[135.3977,34.3472],[135.3977,34.3471],[135.3976,34.3471],[135.3974,34.347],[135.3973,34.347],[135.3972,34.347],[135.397,34.3471],[135.3969,34.3471],[135.3968,34.3473],[135.3966,34.3475],[135.3965,34.3477],[135.3961,34.3479],[135.3959,34.3479],[135.3957,34.3479],[135.3954,34.3479],[135.3952,34.3478],[135.395,34.3478],[135.3945,34.3474],[135.3944,34.3474],[135.3942,34.3474],[135.394,34.3475],[135.3935,34.3477],[135.3933,34.3478],[135.3932,34.3478],[135.3931,34.3478],[135.393,34.3475],[135.3929,34.3472],[135.3928,34.3472],[135.3925,34.3472],[135.3923,34.3473],[135.392,34.3475],[135.3919,34.3476],[135.3917,34.3477],[135.3917,34.3478],[135.3916,34.3478],[135.3915,34.3482],[135.3915,34.3484],[135.3915,34.3487],[135.3915,34.3493],[135.3915,34.3497],[135.3915,34.35],[135.3915,34.3507],[135.3915,34.351],[135.3914,34.3511],[135.3913,34.3512],[135.3912,34.3512],[135.3908,34.3514],[135.3904,34.3516],[135.3901,34.3518],[135.3899,34.3519],[135.3898,34.3521],[135.3897,34.3523],[135.3898,34.3524],[135.3898,34.3525],[135.3897,34.3528],[135.3895,34.3531],[135.3895,34.3532],[135.3895,34.3533],[135.3894,34.3535],[135.3893,34.3539],[135.3892,34.3543],[135.3891,34.3544],[135.389,34.3544],[135.3888,34.3545],[135.3888,34.3546],[135.3886,34.3548],[135.3884,34.3552],[135.3883,34.3554],[135.3849,34.3549],[135.3814,34.3561],[135.3798,34.3583],[135.3816,34.362],[135.3794,34.3641],[135.3751,34.3642],[135.3722,34.3656],[135.3703,34.3645],[135.3665,34.3679],[135.3631,34.3681],[135.3556,34.3727],[135.3552,34.3785],[135.351,34.3803],[135.3497,34.3801],[135.345,34.3852],[135.343,34.3867],[135.3433,34.3897],[135.341,34.3906],[135.339,34.3927],[135.339,34.3951],[135.3369,34.3955],[135.3355,34.399],[135.336,34.4012],[135.339,34.4054],[135.3379,34.4067],[135.3423,34.4069],[135.3437,34.4087],[135.3453,34.4077],[135.3467,34.4102],[135.3532,34.4066],[135.354,34.4123],[135.3572,34.4183],[135.3569,34.4189],[135.3568,34.419],[135.3568,34.4191],[135.3568,34.4192],[135.3567,34.4193],[135.3567,34.4194],[135.3564,34.4197],[135.3562,34.4198],[135.3561,34.4198],[135.356,34.4198],[135.3557,34.4195],[135.3556,34.4195],[135.3556,34.4194],[135.3555,34.4193],[135.3553,34.4191],[135.3552,34.4189],[135.355,34.4188],[135.3548,34.4188],[135.3546,34.4188],[135.3535,34.4194],[135.353,34.4197],[135.3528,34.4198],[135.3526,34.4198],[135.3527,34.4199],[135.3528,34.42],[135.3527,34.4201],[135.3523,34.4202],[135.352,34.4203],[135.3517,34.4204],[135.3516,34.4206],[135.3515,34.4207],[135.3513,34.4208],[135.3509,34.421],[135.3506,34.4211],[135.3503,34.4213],[135.35,34.4214],[135.35,34.4215],[135.3498,34.4216],[135.3497,34.4216],[135.3494,34.4218],[135.3487,34.4225],[135.3485,34.4228],[135.3485,34.4229],[135.3485,34.4237],[135.3483,34.424],[135.3483,34.4242],[135.3483,34.4243],[135.3482,34.4245],[135.348,34.4248],[135.3479,34.4249],[135.3479,34.425],[135.3477,34.4251],[135.3473,34.4253],[135.3471,34.4254],[135.3466,34.4254],[135.3465,34.4254],[135.3464,34.4254],[135.3461,34.4255],[135.346,34.4255],[135.3457,34.4256],[135.3454,34.4257],[135.3453,34.4258],[135.3452,34.4259],[135.345,34.426],[135.3445,34.4266],[135.3443,34.4269],[135.3442,34.427],[135.3442,34.4271],[135.3441,34.4273],[135.3439,34.4274],[135.3436,34.4277],[135.3435,34.4277],[135.3434,34.4278],[135.3423,34.4283],[135.3417,34.4285],[135.3407,34.4288],[135.3399,34.429],[135.3396,34.4291],[135.3395,34.4293],[135.3394,34.4296],[135.3394,34.43],[135.3393,34.4302],[135.3393,34.4303],[135.3393,34.4304],[135.3392,34.4305],[135.339,34.4307],[135.3388,34.4309],[135.3387,34.4309],[135.3387,34.431],[135.3386,34.431],[135.3385,34.4311],[135.3384,34.4312],[135.3383,34.4313],[135.3382,34.4315],[135.3382,34.4316],[135.3381,34.4316],[135.3381,34.4317],[135.338,34.4319],[135.3378,34.4321],[135.3376,34.4322],[135.3375,34.4322],[135.3371,34.4321],[135.3369,34.432],[135.3364,34.4319],[135.336,34.4319],[135.3353,34.4319],[135.334,34.432],[135.3333,34.4322],[135.333,34.4323],[135.3326,34.4324],[135.3325,34.4325],[135.3323,34.4325],[135.3313,34.4328],[135.3305,34.4333],[135.3294,34.4341],[135.329,34.4343],[135.3249,34.4369],[135.321,34.433],[135.325,34.4303],[135.3261,34.4314],[135.3284,34.4299],[135.3228,34.4244],[135.3206,34.4258],[135.3229,34.4279],[135.318,34.4309],[135.3138,34.4266],[135.3196,34.4227],[135.3197,34.4209],[135.3167,34.4194],[135.3154,34.4211],[135.3117,34.4181],[135.3095,34.4171],[135.3064,34.4195],[135.3021,34.4158],[135.2945,34.4151],[135.2934,34.4141],[135.293,34.4071],[135.292,34.4068],[135.2888,34.4036],[135.2946,34.3992],[135.2951,34.3978],[135.2982,34.3945],[135.2978,34.3915],[135.3004,34.39],[135.2968,34.3881],[135.2987,34.3855],[135.2968,34.3845],[135.2951,34.3859],[135.2917,34.3854],[135.2896,34.3834],[135.2896,34.3789],[135.2965,34.3802],[135.2989,34.3817],[135.3004,34.3804],[135.3056,34.3821],[135.3097,34.38],[135.3112,34.3773],[135.3136,34.3765],[135.3162,34.3727],[135.3189,34.3703],[135.3221,34.3655],[135.3235,34.3613],[135.322,34.3554],[135.3237,34.3537],[135.3244,34.351],[135.3266,34.3505],[135.3286,34.3454],[135.3287,34.3418],[135.3297,34.3399],[135.3311,34.34],[135.333,34.3418],[135.3391,34.341],[135.3404,34.3366],[135.3389,34.335]]]},"properties":{"N03_001":"大阪府","N03_002":"","N03_003":"","N03_004":"泉佐野市","N03_007":"27213"}},
{"type":"Feature","geometry":{"type":"Polygon","coordinates":[[[135.5665,34.5135],[135.5614,34.5129],[135.5603,34.5116],[135.5601,34.505],[135.5593,34.5039],[135.5606,34.4986],[135.5596,34.4973],[135.561,34.494],[135.5627,34.4929],[135.5635,34.4912],[135.5603,34.4916],[135.5585,34.4898],[135.5582,34.4858],[135.5598,34.4844],[135.5604,34.4818],[135.5598,34.4795],[135.5607,34.4778],[135.563,34.4761],[135.5664,34.4768],[135.5728,34.4758],[135.5734,34.4765],[135.5768,34.4749],[135.5769,34.4729],[135.5787,34.4721],[135.5826,34.4683],[135.5818,34.4651],[135.5795,34.4649],[135.5779,34.4598],[135.5784,34.4561],[135.5779,34.4548],[135.5814,34.4533],[135.5821,34.4511],[135.5841,34.4486],[135.5874,34.4484],[135.5893,34.4469],[135.5906,34.4442],[135.5945,34.4419],[135.6004,34.4407],[135.6025,34.4392],[135.6038,34.4396],[135.6047,34.4425],[135.6059,34.4431],[135.6072,34.4457],[135.6108,34.4455],[135.6142,34.449],[135.616,34.4518],[135.6155,34.4545],[135.6166,34.456],[135.6165,34.4606],[135.6179,34.4623],[135.6171,34.465],[135.6157,34.4667],[135.6149,34.4703],[135.6168,34.4743],[135.6174,34.4778],[135.6154,34.4809],[135.6128,34.4822],[135.6126,34.4846],[135.614,34.4861],[135.6129,34.4876],[135.613,34.4904],[135.6183,34.4904],[135.6185,34.493],[135.6213,34.4939],[135.6216,34.4915],[135.6233,34.49],[135.6229,34.4886],[135.6255,34.4882],[135.6278,34.4902],[135.6277,34.4979],[135.6255,34.4981],[135.6241,34.4997],[135.6219,34.5001],[135.6216,34.5018],[135.6177,34.5071],[135.618,34.5128],[135.6204,34.5148],[135.622,34.5168],[135.6213,34.5206],[135.6217,34.5228],[135.6244,34.5228],[135.6271,34.5255],[135.6206,34.526],[135.6122,34.5262],[135.6105,34.527],[135.6105,34.5292],[135.6028,34.5297],[135.5982,34.5286],[135.5948,34.5302],[135.5907,34.5308],[135.5897,34.5323],[135.5872,34.5318],[135.5865,34.5293],[135.5851,34.5275],[135.5845,34.5224],[135.5856,34.521],[135.5855,34.5191],[135.5822,34.5188],[135.5808,34.5174],[135.582,34.5159],[135.5821,34.5107],[135.5799,34.5112],[135.5765,34.5107],[135.574,34.5118],[135.5725,34.5115],[135.5665,34.5135]]]},"properties":{"N03_001":"大阪府","N03_002":"","N03_003":"","N03_004":"富田林市","N03_007":"27214"}},
{"type":"Feature","geometry":{"type":"Polygon","coordinates":[[[135.6063,34.7502],[135.6075,34.7499],[135.6084,34.7466],[135.6105,34.7474],[135.6121,34.7443],[135.6186,34.7443],[135.6204,34.7429],[135.6234,34.7363],[135.6216,34.7344],[135.6217,34.7319],[135.6208,34.7291],[135.6253,34.729],[135.6336,34.7282],[135.6337,34.7298],[135.6319,34.7322],[135.6302,34.7342],[135.6252,34.7342],[135.6245,34.7364],[135.6261,34.737],[135.6267,34.7412],[135.6267,34.7452],[135.6304,34.7469],[135.6305,34.7497],[135.6342,34.7495],[135.6379,34.7499],[135.6446,34.7492],[135.65,34.7494],[135.6522,34.7489],[135.6527,34.7475],[135.6548,34.7466],[135.6565,34.7483],[135.6599,34.75],[135.6603,34.7521],[135.6586,34.754],[135.658,34.7577],[135.6621,34.7667],[135.6617,34.7708],[135.66,34.7722],[135.6595,34.775],[135.6582,34.7762],[135.6553,34.7751],[135.653,34.7731],[135.6505,34.7772],[135.6487,34.7834],[135.6469,34.7842],[135.644,34.7839],[135.6435,34.7855],[135.6416,34.7859],[135.6359,34.7853],[135.6319,34.7854],[135.6321,34.7891],[135.63,34.7904],[135.6229,34.7899],[135.6143,34.7915],[135.6104,34.7857],[135.6082,34.784],[135.6023,34.7805],[135.5987,34.777],[135.587,34.7675],[135.5921,34.765],[135.5946,34.7632],[135.5972,34.7631],[135.5968,34.7573],[135.6016,34.7552],[135.6035,34.7563],[135.6039,34.7521],[135.6063,34.7502]]]},"properties":{"N03_001":"大阪府","N03_002":"","N03_003":"","N03_004":"寝屋川市","N03_007":"27215"}},
{"type":"Feature","geometry":{"type":"Polygon","coordinates":[[[135.4854,34.3628],[135.4887,34.3564],[135.4899,34.3553],[135.4936,34.3544],[135.4978,34.3523],[135.4988,34.3503],[135.5017,34.3502],[135.5036,34.3465],[135.5024,34.3454],[135.5049,34.3412],[135.504,34.339],[135.5024,34.3381],[135.5035,34.3365],[135.5063,34.3363],[135.509,34.3368],[135.512,34.3383],[135.5167,34.3424],[135.5215,34.3455],[135.5236,34.3485],[135.5271,34.3512],[135.5315,34.3511],[135.5349,34.3524],[135.5383,34.3565],[135.5415,34.3576],[135.5435,34.3566],[135.5479,34.3567],[135.5506,34.3582],[135.5516,34.3597],[135.5544,34.3594],[135.5566,34.361],[135.5594,34.3647],[135.5608,34.3654],[135.5634,34.3693],[135.5669,34.3707],[135.5724,34.3719],[135.5733,34.3733],[135.5756,34.3739],[135.5771,34.376],[135.5834,34.3769],[135.5867,34.3753],[135.5905,34.3755],[135.5927,34.3748],[135.595,34.3754],[135.5961,34.3773],[135.5959,34.3792],[135.5977,34.3804],[135.6014,34.3801],[135.6018,34.3785],[135.6041,34.3774],[135.6078,34.3776],[135.6133,34.3766],[135.6154,34.3781],[135.6178,34.3833],[135.6199,34.3845],[135.6235,34.3836],[135.6261,34.3838],[135.6319,34.383],[135.6364,34.3815],[135.639,34.3822],[135.639,34.3835],[135.6438,34.3839],[135.6489,34.3837],[135.6511,34.3832],[135.6547,34.3838],[135.6579,34.3875],[135.6599,34.3917],[135.6627,34.3933],[135.6634,34.3965],[135.6593,34.3955],[135.6555,34.3961],[135.6567,34.3978],[135.655,34.3998],[135.6515,34.4009],[135.6498,34.4037],[135.6467,34.4075],[135.6445,34.4114],[135.6426,34.4122],[135.6412,34.4139],[135.6414,34.4155],[135.6396,34.4181],[135.6366,34.4202],[135.6332,34.4191],[135.6294,34.4198],[135.6259,34.4217],[135.6229,34.4252],[135.6208,34.426],[135.6188,34.4282],[135.6156,34.4305],[135.6105,34.4304],[135.6079,34.432],[135.6048,34.4348],[135.6021,34.4381],[135.6025,34.4392],[135.6004,34.4407],[135.5945,34.4419],[135.5906,34.4442],[135.5893,34.4469],[135.5874,34.4484],[135.5841,34.4486],[135.5821,34.4511],[135.5814,34.4533],[135.5779,34.4548],[135.5784,34.4561],[135.5779,34.4598],[135.5795,34.4649],[135.5818,34.4651],[135.5826,34.4683],[135.5787,34.4721],[135.5769,34.4729],[135.5768,34.4749],[135.5734,34.4765],[135.5728,34.4758],[135.5664,34.4768],[135.563,34.4761],[135.5607,34.4778],[135.5598,34.4795],[135.5583,34.4793],[135.5566,34.4773],[135.5541,34.4768],[135.5531,34.4719],[135.5494,34.471],[135.5461,34.4682],[135.5421,34.4665],[135.5423,34.4651],[135.5454,34.4623],[135.5437,34.4602],[135.5412,34.4588],[135.54,34.4561],[135.5363,34.4531],[135.5336,34.4486],[135.5285,34.4447],[135.5262,34.4422],[135.522,34.4401],[135.5198,34.437],[135.5184,34.433],[135.5196,34.4312],[135.5246,34.4291],[135.5265,34.4249],[135.5259,34.4213],[135.5257,34.4161],[135.5269,34.4137],[135.5253,34.412],[135.5254,34.4084],[135.5232,34.4055],[135.5244,34.4038],[135.5227,34.4016],[135.5225,34.3999],[135.5203,34.3987],[135.5193,34.3966],[135.5203,34.3956],[135.5197,34.3883],[135.5167,34.3847],[135.5118,34.3816],[135.5063,34.3813],[135.5041,34.3819],[135.5007,34.3768],[135.4986,34.3755],[135.4908,34.3729],[135.4907,34.37],[135.4898,34.3687],[135.4894,34.3656],[135.4854,34.3628]]]},"properties":{"N03_001":"大阪府","N03_002":"","N03_003":"","N03_004":"河内長野市","N03_007":"27216"}},
{"type":"Feature","geometry":{"type":"Polygon","coordinates":[[[135.5812,34.5821],[135.5823,34.5869],[135.5847,34.5884],[135.5858,34.59],[135.5768,34.5931],[135.5719,34.594],[135.5709,34.5921],[135.5711,34.5869],[135.5691,34.5871],[135.5693,34.5905],[135.5679,34.592],[135.5672,34.5955],[135.5645,34.5962],[135.562,34.595],[135.5496,34.5948],[135.5469,34.5954],[135.5436,34.5952],[135.5435,34.5994],[135.5348,34.5992],[135.5315,34.5983],[135.53,34.5941],[135.5277,34.5947],[135.5264,34.5964],[135.5225,34.5946],[135.522,34.5943],[135.5226,34.5932],[135.5226,34.5899],[135.521,34.5898],[135.5212,34.5874],[135.5223,34.5856],[135.5224,34.5767],[135.5318,34.5766],[135.5317,34.5738],[135.5335,34.5716],[135.5356,34.5716],[135.5358,34.5676],[135.5373,34.5656],[135.5447,34.5656],[135.548,34.5659],[135.5479,34.5624],[135.5491,34.5599],[135.5481,34.5576],[135.5512,34.5568],[135.5532,34.5539],[135.5555,34.5548],[135.5571,34.5538],[135.5587,34.5549],[135.5617,34.5553],[135.561,34.5566],[135.5611,34.56],[135.5672,34.56],[135.5665,34.561],[135.5698,34.565],[135.5691,34.5668],[135.5672,34.5767],[135.5699,34.5767],[135.5716,34.5776],[135.5765,34.5774],[135.5791,34.582],[135.5812,34.5821]]]},"properties":{"N03_001":"大阪府","N03_002":"","N03_003":"","N03_004":"松原市","N03_007":"27217"}},
{"type":"Feature","geometry":{"type":"Polygon","coordinates":[[[135.5993,34.7147],[135.597,34.7069],[135.593,34.7072],[135.5915,34.7066],[135.595,34.7035],[135.5968,34.7006],[135.601,34.7005],[135.6054,34.7014],[135.6079,34.6982],[135.6095,34.6976],[135.6139,34.6974],[135.6188,34.696],[135.6178,34.701],[135.6222,34.7013],[135.6263,34.7011],[135.629,34.7016],[135.6334,34.7016],[135.6345,34.6988],[135.6388,34.6994],[135.6386,34.7019],[135.6402,34.7021],[135.6498,34.7019],[135.6528,34.7026],[135.6599,34.7014],[135.6634,34.6989],[135.6654,34.6989],[135.67,34.7007],[135.6731,34.7001],[135.6731,34.7018],[135.6735,34.706],[135.6746,34.7074],[135.6746,34.7122],[135.6736,34.7149],[135.672,34.7163],[135.6684,34.7162],[135.6686,34.7174],[135.6608,34.7199],[135.6601,34.7211],[135.6569,34.7225],[135.6568,34.7278],[135.6534,34.7269],[135.6523,34.7292],[135.65,34.7297],[135.6468,34.7316],[135.6319,34.7322],[135.6337,34.7298],[135.6336,34.7282],[135.6253,34.729],[135.6208,34.7291],[135.6222,34.7247],[135.6237,34.7235],[135.6238,34.7216],[135.6206,34.7207],[135.6194,34.7189],[135.6169,34.7205],[135.6135,34.7203],[135.6094,34.7221],[135.6085,34.7198],[135.6064,34.7181],[135.5993,34.7147]]]},"properties":{"N03_001":"大阪府","N03_002":"","N03_003":"","N03_004":"大東市","N03_007":"27218"}},
{"type":"Feature","geometry":{"type":"Polygon","coordinates":[[[135.4151,34.4735],[135.4243,34.4663],[135.4296,34.4704],[135.4404,34.4623],[135.4423,34.4597],[135.4413,34.4568],[135.4422,34.4556],[135.4405,34.4527],[135.4402,34.4509],[135.4422,34.4489],[135.4423,34.4421],[135.4447,34.4369],[135.4438,34.4354],[135.4448,34.434],[135.4469,34.4339],[135.4488,34.4324],[135.4482,34.431],[135.4484,34.4276],[135.4515,34.4237],[135.4515,34.4172],[135.4496,34.4158],[135.4519,34.4146],[135.4532,34.4119],[135.4535,34.4077],[135.4555,34.4054],[135.4539,34.4032],[135.4544,34.4004],[135.4528,34.4002],[135.4521,34.398],[135.4525,34.3957],[135.4502,34.3928],[135.45,34.3907],[135.4539,34.3901],[135.4562,34.3857],[135.4578,34.3844],[135.4606,34.3839],[135.4625,34.3821],[135.4637,34.3764],[135.4624,34.3749],[135.4598,34.3747],[135.459,34.3729],[135.4591,34.3697],[135.458,34.3675],[135.456,34.3657],[135.4564,34.363],[135.4556,34.3602],[135.4544,34.3587],[135.4565,34.3542],[135.4561,34.3518],[135.4531,34.3499],[135.4576,34.3473],[135.4635,34.3483],[135.4657,34.3473],[135.4671,34.3495],[135.4701,34.3505],[135.4716,34.3523],[135.4777,34.3536],[135.4773,34.3554],[135.4793,34.3581],[135.4815,34.3593],[135.4854,34.3628],[135.4894,34.3656],[135.4898,34.3687],[135.4907,34.37],[135.4908,34.3729],[135.4986,34.3755],[135.5007,34.3768],[135.5041,34.3819],[135.5063,34.3813],[135.5118,34.3816],[135.5167,34.3847],[135.5197,34.3883],[135.5203,34.3956],[135.5193,34.3966],[135.5203,34.3987],[135.5225,34.3999],[135.5227,34.4016],[135.5244,34.4038],[135.5232,34.4055],[135.5254,34.4084],[135.5253,34.412],[135.5269,34.4137],[135.5257,34.4161],[135.5259,34.4213],[135.5265,34.4249],[135.5246,34.4291],[135.5196,34.4312],[135.5183,34.4302],[135.5158,34.4311],[135.5113,34.4314],[135.5063,34.434],[135.5036,34.4334],[135.5008,34.4337],[135.4982,34.4378],[135.4993,34.4415],[135.4981,34.4446],[135.4973,34.4516],[135.4945,34.4559],[135.4911,34.4585],[135.4896,34.4603],[135.4861,34.4613],[135.4844,34.461],[135.4814,34.4636],[135.4785,34.4649],[135.4758,34.469],[135.4782,34.4709],[135.4757,34.4733],[135.4737,34.4742],[135.4713,34.4776],[135.4718,34.481],[135.47,34.4833],[135.4662,34.483],[135.4659,34.4918],[135.4665,34.496],[135.465,34.4997],[135.466,34.5033],[135.4639,34.5034],[135.464,34.4987],[135.4612,34.499],[135.4633,34.5042],[135.4633,34.5066],[135.4608,34.5076],[135.4619,34.5098],[135.4607,34.5121],[135.4582,34.5133],[135.4566,34.5154],[135.4547,34.5151],[135.4547,34.515],[135.4547,34.5148],[135.4547,34.5146],[135.4546,34.5145],[135.4545,34.5144],[135.4543,34.5143],[135.4541,34.5141],[135.454,34.514],[135.454,34.5138],[135.454,34.5137],[135.454,34.5135],[135.4541,34.5134],[135.4542,34.5134],[135.4544,34.5133],[135.4542,34.513],[135.4541,34.5128],[135.454,34.5127],[135.4539,34.5126],[135.4538,34.5125],[135.4537,34.5125],[135.4536,34.5124],[135.4534,34.5123],[135.4533,34.5123],[135.453,34.5121],[135.4528,34.5121],[135.4524,34.5121],[135.4522,34.5122],[135.4521,34.5123],[135.452,34.5125],[135.4519,34.5126],[135.4517,34.5129],[135.4516,34.513],[135.4514,34.5132],[135.4512,34.5133],[135.451,34.5134],[135.4508,34.5136],[135.4507,34.5138],[135.4506,34.5137],[135.4505,34.5137],[135.4502,34.5134],[135.4501,34.5132],[135.45,34.5132],[135.4499,34.5131],[135.4497,34.5129],[135.4493,34.5126],[135.4491,34.5124],[135.449,34.5124],[135.4489,34.5123],[135.4488,34.5122],[135.4487,34.512],[135.4485,34.5119],[135.4483,34.5118],[135.4482,34.5116],[135.4479,34.5114],[135.4478,34.5113],[135.4476,34.5114],[135.4475,34.5114],[135.4474,34.5115],[135.4474,34.5116],[135.4464,34.5118],[135.4455,34.512],[135.4454,34.5119],[135.4453,34.5118],[135.4451,34.5116],[135.4448,34.5113],[135.4447,34.5112],[135.4445,34.5113],[135.4444,34.5114],[135.4444,34.5115],[135.445,34.5119],[135.4451,34.512],[135.4447,34.5121],[135.4446,34.512],[135.444,34.5116],[135.4436,34.5119],[135.4433,34.5121],[135.443,34.5122],[135.443,34.5124],[135.4429,34.5124],[135.4429,34.5125],[135.4424,34.5126],[135.4419,34.5127],[135.4417,34.5128],[135.4408,34.5129],[135.4405,34.5128],[135.4404,34.5127],[135.4402,34.5128],[135.4399,34.513],[135.4396,34.5132],[135.4382,34.5135],[135.4368,34.5138],[135.4367,34.5137],[135.4366,34.5136],[135.4365,34.5135],[135.4364,34.5135],[135.4363,34.5136],[135.4362,34.5137],[135.4362,34.5139],[135.4362,34.5142],[135.4362,34.5144],[135.4361,34.5145],[135.4361,34.5144],[135.4359,34.5143],[135.4357,34.5142],[135.4355,34.514],[135.4353,34.514],[135.4352,34.5139],[135.4341,34.5141],[135.4339,34.5141],[135.4337,34.5141],[135.4336,34.5141],[135.4334,34.514],[135.432,34.5127],[135.4339,34.5113],[135.4339,34.5087],[135.4322,34.5066],[135.4239,34.5007],[135.4281,34.4978],[135.4274,34.4957],[135.4292,34.4944],[135.4246,34.4894],[135.4212,34.4898],[135.4184,34.4871],[135.4153,34.4815],[135.4177,34.4797],[135.4187,34.4779],[135.4161,34.476],[135.4151,34.4735]]]},"properties":{"N03_001":"大阪府","N03_002":"","N03_003":"","N03_004":"和泉市","N03_007":"27219"}},
{"type":"Feature","geometry":{"type":"Polygon","coordinates":[[[135.4375,34.8771],[135.4392,34.8737],[135.4413,34.8751],[135.4436,34.8727],[135.4457,34.8721],[135.4492,34.8671],[135.451,34.8659],[135.4563,34.8647],[135.4593,34.8612],[135.4584,34.8553],[135.4597,34.8536],[135.4599,34.851],[135.459,34.846],[135.4572,34.8446],[135.4545,34.844],[135.4537,34.8428],[135.4545,34.8395],[135.4532,34.8381],[135.4528,34.8355],[135.4537,34.8342],[135.4524,34.8304],[135.4514,34.83],[135.4503,34.8248],[135.4505,34.8223],[135.4517,34.8214],[135.4513,34.8174],[135.4494,34.8175],[135.4478,34.8159],[135.4496,34.8129],[135.4492,34.811],[135.4486,34.8098],[135.4481,34.8084],[135.4499,34.8075],[135.4534,34.8072],[135.4574,34.8101],[135.4611,34.8111],[135.4629,34.8134],[135.4728,34.8197],[135.4758,34.8211],[135.4835,34.8171],[135.4901,34.8164],[135.4928,34.8175],[135.4924,34.8203],[135.4933,34.8218],[135.496,34.8223],[135.4977,34.8249],[135.5011,34.8286],[135.5003,34.8302],[135.5057,34.8308],[135.5077,34.8294],[135.5102,34.8288],[135.5124,34.8267],[135.5155,34.8281],[135.5187,34.8279],[135.521,34.8266],[135.524,34.8262],[135.525,34.827],[135.5262,34.8308],[135.5233,34.8346],[135.5206,34.8357],[135.5207,34.8369],[135.5189,34.8392],[135.5249,34.8409],[135.5243,34.8446],[135.5253,34.8476],[135.5229,34.8475],[135.5228,34.852],[135.5206,34.8521],[135.5204,34.8558],[135.5145,34.8601],[135.5155,34.8609],[135.5158,34.8641],[135.5129,34.8653],[135.5118,34.8679],[135.5133,34.8713],[135.5117,34.8744],[135.5092,34.8752],[135.5072,34.8744],[135.5058,34.8721],[135.5033,34.87],[135.4996,34.8763],[135.4995,34.8775],[135.4971,34.8775],[135.4938,34.8795],[135.4926,34.8784],[135.489,34.8772],[135.4872,34.8738],[135.4848,34.8734],[135.482,34.8748],[135.4811,34.8793],[135.4817,34.8807],[135.4805,34.8841],[135.478,34.8879],[135.4777,34.89],[135.48,34.8927],[135.486,34.8958],[135.4869,34.8984],[135.4823,34.8985],[135.4801,34.8999],[135.4757,34.9036],[135.4749,34.9064],[135.4752,34.9083],[135.4734,34.9104],[135.4657,34.9095],[135.4658,34.9069],[135.4639,34.9033],[135.4611,34.9011],[135.4583,34.9005],[135.4579,34.8972],[135.4546,34.8968],[135.4529,34.8948],[135.4472,34.8961],[135.4451,34.8954],[135.4441,34.8942],[135.4439,34.8914],[135.4409,34.8905],[135.439,34.8839],[135.4374,34.8799],[135.4375,34.8771]]]},"properties":{"N03_001":"大阪府","N03_002":"","N03_003":"","N03_004":"箕面市","N03_007":"27220"}},
{"type":"Feature","geometry":{"type":"Polygon","coordinates":[[[135.6216,34.5643],[135.6216,34.5596],[135.622,34.5538],[135.6234,34.5517],[135.6257,34.5534],[135.6291,34.553],[135.6351,34.5574],[135.6369,34.5554],[135.6359,34.5538],[135.6365,34.5507],[135.6407,34.5486],[135.642,34.549],[135.6457,34.5476],[135.6513,34.5486],[135.6532,34.547],[135.6558,34.5492],[135.6572,34.5563],[135.6578,34.5613],[135.6569,34.5623],[135.6645,34.5676],[135.6698,34.5699],[135.6724,34.5702],[135.6734,34.5716],[135.6711,34.5742],[135.6706,34.5762],[135.6715,34.5799],[135.6757,34.5797],[135.6809,34.5826],[135.6818,34.5848],[135.6806,34.5867],[135.6777,34.5882],[135.6773,34.5898],[135.6791,34.591],[135.6777,34.5923],[135.678,34.5939],[135.6765,34.5962],[135.6761,34.5987],[135.6749,34.5999],[135.6749,34.6017],[135.6711,34.6037],[135.6695,34.603],[135.6612,34.6019],[135.6523,34.6039],[135.6518,34.6068],[135.6509,34.6062],[135.6506,34.6023],[135.6477,34.5992],[135.6461,34.6003],[135.6427,34.6003],[135.641,34.5996],[135.6353,34.6009],[135.6319,34.6009],[135.6318,34.5999],[135.6252,34.5998],[135.6231,34.598],[135.6209,34.5978],[135.6224,34.5954],[135.6189,34.5943],[135.619,34.5929],[135.6108,34.5929],[135.6077,34.5912],[135.6084,34.5887],[135.6109,34.5879],[135.6145,34.588],[135.6143,34.5849],[135.6187,34.5825],[135.6188,34.5817],[135.6257,34.5795],[135.6276,34.5777],[135.6272,34.5762],[135.6249,34.574],[135.6219,34.5694],[135.6216,34.5643]]]},"properties":{"N03_001":"大阪府","N03_002":"","N03_003":"","N03_004":"柏原市","N03_007":"27221"}},
{"type":"Feature","geometry":{"type":"Polygon","coordinates":[[[135.5812,34.5821],[135.5791,34.582],[135.5765,34.5774],[135.5716,34.5776],[135.5699,34.5767],[135.5672,34.5767],[135.5691,34.5668],[135.5698,34.565],[135.5665,34.561],[135.5672,34.56],[135.5688,34.5572],[135.5682,34.5534],[135.5673,34.5524],[135.5674,34.5487],[135.5726,34.5484],[135.5732,34.547],[135.5758,34.5454],[135.5747,34.5432],[135.5771,34.5424],[135.5818,34.538],[135.5808,34.5374],[135.5825,34.5348],[135.5855,34.5322],[135.5872,34.5318],[135.5897,34.5323],[135.5907,34.5308],[135.5948,34.5302],[135.5982,34.5286],[135.6028,34.5297],[135.6105,34.5292],[135.6105,34.527],[135.6122,34.5262],[135.6206,34.526],[135.6271,34.5255],[135.6304,34.5263],[135.6316,34.5275],[135.6348,34.5272],[135.6395,34.531],[135.643,34.5302],[135.6471,34.5346],[135.65,34.5331],[135.653,34.5346],[135.6555,34.5367],[135.6562,34.5385],[135.6601,34.5411],[135.6592,34.5438],[135.6565,34.5417],[135.6537,34.5414],[135.6517,34.5424],[135.6503,34.5442],[135.6532,34.547],[135.6513,34.5486],[135.6457,34.5476],[135.642,34.549],[135.6407,34.5486],[135.6365,34.5507],[135.6359,34.5538],[135.6369,34.5554],[135.6351,34.5574],[135.6291,34.553],[135.6257,34.5534],[135.6234,34.5517],[135.622,34.5538],[135.6216,34.5596],[135.6216,34.5643],[135.6184,34.5634],[135.6148,34.5633],[135.6123,34.5642],[135.6115,34.5658],[135.6042,34.5659],[135.6063,34.5609],[135.6051,34.5584],[135.6029,34.5569],[135.6011,34.5535],[135.5977,34.5544],[135.5957,34.5561],[135.5965,34.559],[135.5947,34.5632],[135.5917,34.5641],[135.5913,34.5674],[135.5892,34.5677],[135.5869,34.5712],[135.5873,34.5764],[135.5854,34.5775],[135.5849,34.5815],[135.5812,34.5821]]]},"properties":{"N03_001":"大阪府","N03_002":"","N03_003":"","N03_004":"羽曳野市","N03_007":"27222"}},
{"type":"Feature","geometry":{"type":"Polygon","coordinates":[[[135.6063,34.7502],[135.6069,34.7489],[135.6048,34.7454],[135.5992,34.7451],[135.595,34.7458],[135.591,34.7479],[135.5893,34.7471],[135.5853,34.7478],[135.5811,34.7478],[135.579,34.7434],[135.5761,34.7414],[135.5755,34.7402],[135.5726,34.7408],[135.5716,34.74],[135.5719,34.7376],[135.5755,34.7371],[135.5764,34.7342],[135.5797,34.7317],[135.5817,34.7288],[135.5843,34.7224],[135.5872,34.7183],[135.5871,34.7149],[135.5857,34.7119],[135.5878,34.7122],[135.5898,34.7137],[135.5947,34.7137],[135.5993,34.7147],[135.6064,34.7181],[135.6085,34.7198],[135.6094,34.7221],[135.6135,34.7203],[135.6169,34.7205],[135.6194,34.7189],[135.6206,34.7207],[135.6238,34.7216],[135.6237,34.7235],[135.6222,34.7247],[135.6208,34.7291],[135.6217,34.7319],[135.6216,34.7344],[135.6234,34.7363],[135.6204,34.7429],[135.6186,34.7443],[135.6121,34.7443],[135.6105,34.7474],[135.6084,34.7466],[135.6075,34.7499],[135.6063,34.7502]]]},"properties":{"N03_001":"大阪府","N03_002":"","N03_003":"","N03_004":"門真市","N03_007":"27223"}},
{"type":"Feature","geometry":{"type":"Polygon","coordinates":[[[135.5488,34.7685],[135.5512,34.7666],[135.5513,34.7654],[135.5503,34.7586],[135.5508,34.7572],[135.5583,34.7569],[135.5605,34.754],[135.5637,34.7556],[135.5731,34.7576],[135.5767,34.7591],[135.5805,34.7618],[135.587,34.7675],[135.5987,34.777],[135.6023,34.7805],[135.5981,34.7858],[135.5987,34.7877],[135.5981,34.7907],[135.5987,34.7977],[135.5976,34.7987],[135.5945,34.7961],[135.5897,34.794],[135.5875,34.7915],[135.5823,34.7866],[135.5777,34.7844],[135.5739,34.7802],[135.5738,34.7792],[135.5705,34.7766],[135.5669,34.7754],[135.5678,34.7778],[135.5683,34.7856],[135.5627,34.7833],[135.5639,34.7866],[135.5626,34.7886],[135.562,34.7915],[135.5629,34.7928],[135.5586,34.7928],[135.5585,34.7914],[135.5559,34.7916],[135.5549,34.7933],[135.5519,34.7936],[135.5478,34.7919],[135.5409,34.7878],[135.5399,34.7893],[135.5368,34.7865],[135.5507,34.7695],[135.5488,34.7685]]]},"properties":{"N03_001":"大阪府","N03_002":"","N03_003":"","N03_004":"摂津市","N03_007":"27224"}},
{"type":"Feature","geometry":{"type":"Polygon","coordinates":[[[135.3938,34.5314],[135.3984,34.5261],[135.4011,34.5274],[135.3975,34.5316],[135.3946,34.5325],[135.3938,34.5314]]]},"properties":{"N03_001":"大阪府","N03_002":"","N03_003":"","N03_004":"高石市","N03_007":"27225"}},
{"type":"Feature","geometry":{"type":"Polygon","coordinates":[[[135.5812,34.5821],[135.5849,34.5815],[135.5854,34.5775],[135.5873,34.5764],[135.5869,34.5712],[135.5892,34.5677],[135.5913,34.5674],[135.5917,34.5641],[135.5947,34.5632],[135.5965,34.559],[135.5957,34.5561],[135.5977,34.5544],[135.6011,34.5535],[135.6029,34.5569],[135.6051,34.5584],[135.6063,34.5609],[135.6042,34.5659],[135.6115,34.5658],[135.6123,34.5642],[135.6148,34.5633],[135.6184,34.5634],[135.6216,34.5643],[135.6219,34.5694],[135.6249,34.574],[135.6272,34.5762],[135.6276,34.5777],[135.6257,34.5795],[135.6188,34.5817],[135.6187,34.5825],[135.6143,34.5849],[135.6145,34.588],[135.6109,34.5879],[135.6084,34.5887],[135.6085,34.5876],[135.6055,34.5862],[135.6053,34.5834],[135.6012,34.5835],[135.6011,34.585],[135.5988,34.5865],[135.5962,34.5849],[135.5911,34.587],[135.5902,34.5857],[135.5873,34.586],[135.586,34.5896],[135.5847,34.5884],[135.5823,34.5869],[135.5812,34.5821]]]},"properties":{"N03_001":"大阪府","N03_002":"","N03_003":"","N03_004":"藤井寺市","N03_007":"27226"}},
{"type":"Feature","geometry":{"type":"Polygon","coordinates":[[[135.5571,34.6643],[135.559,34.6626],[135.5612,34.6626],[135.5618,34.6583],[135.5639,34.6583],[135.5633,34.6559],[135.5586,34.6558],[135.5594,34.6529],[135.562,34.6528],[135.5608,34.6502],[135.5611,34.6436],[135.5613,34.6408],[135.5652,34.641],[135.5654,34.6381],[135.5684,34.6382],[135.5686,34.6344],[135.5746,34.634],[135.5747,34.6322],[135.5889,34.6324],[135.59,34.6339],[135.5869,34.636],[135.5878,34.6368],[135.5852,34.6393],[135.5909,34.6407],[135.5907,34.6417],[135.5959,34.6417],[135.596,34.6444],[135.5948,34.6463],[135.5945,34.6506],[135.5995,34.6508],[135.6062,34.6504],[135.6168,34.6502],[135.6255,34.6503],[135.6255,34.6447],[135.6463,34.644],[135.6477,34.645],[135.6529,34.6443],[135.6557,34.6434],[135.6605,34.6436],[135.6643,34.6433],[135.6653,34.6438],[135.6654,34.648],[135.6643,34.65],[135.6649,34.6527],[135.6667,34.6535],[135.6681,34.6565],[135.6695,34.6573],[135.6712,34.6611],[135.6701,34.6632],[135.6711,34.6669],[135.6739,34.6697],[135.6745,34.672],[135.6763,34.6737],[135.677,34.6759],[135.6787,34.6778],[135.6779,34.6798],[135.6784,34.6832],[135.676,34.6875],[135.6731,34.6901],[135.6731,34.6943],[135.6741,34.6984],[135.6731,34.7001],[135.67,34.7007],[135.6654,34.6989],[135.6634,34.6989],[135.6599,34.7014],[135.6528,34.7026],[135.6498,34.7019],[135.6402,34.7021],[135.6386,34.7019],[135.6388,34.6994],[135.6345,34.6988],[135.6334,34.7016],[135.629,34.7016],[135.6263,34.7011],[135.6222,34.7013],[135.6178,34.701],[135.6188,34.696],[135.6139,34.6974],[135.6095,34.6976],[135.6079,34.6982],[135.6054,34.7014],[135.601,34.7005],[135.5968,34.7006],[135.595,34.7035],[135.5901,34.702],[135.5902,34.7006],[135.587,34.6986],[135.5848,34.6986],[135.583,34.6963],[135.5795,34.6897],[135.5764,34.6881],[135.5736,34.6877],[135.5708,34.6881],[135.5656,34.6878],[135.5647,34.6866],[135.5634,34.678],[135.5625,34.6742],[135.5622,34.6679],[135.5574,34.6681],[135.5571,34.6643]]]},"properties":{"N03_001":"大阪府","N03_002":"","N03_003":"","N03_004":"東大阪市","N03_007":"27227"}},
{"type":"Feature","geometry":{"type":"Polygon","coordinates":[[[135.2507,34.377],[135.2493,34.3681],[135.2496,34.3643],[135.2526,34.3604],[135.2555,34.3589],[135.2572,34.3588],[135.2597,34.357],[135.2603,34.3529],[135.2652,34.3469],[135.2668,34.3434],[135.2666,34.3422],[135.2699,34.3385],[135.2697,34.3368],[135.2752,34.3302],[135.2793,34.3268],[135.279,34.326],[135.2826,34.3179],[135.2846,34.3162],[135.2866,34.3126],[135.2859,34.3104],[135.287,34.3068],[135.2897,34.3019],[135.2916,34.2995],[135.2976,34.3008],[135.2986,34.3027],[135.3003,34.3025],[135.3026,34.3049],[135.3028,34.3065],[135.3045,34.3099],[135.304,34.3137],[135.3076,34.3144],[135.3096,34.3133],[135.3132,34.3141],[135.3222,34.3178],[135.3242,34.3191],[135.3281,34.3186],[135.3305,34.3195],[135.3285,34.3214],[135.328,34.324],[135.3302,34.3253],[135.3344,34.3256],[135.3391,34.3294],[135.3395,34.332],[135.3389,34.335],[135.3404,34.3366],[135.3391,34.341],[135.333,34.3418],[135.3311,34.34],[135.3297,34.3399],[135.3287,34.3418],[135.3286,34.3454],[135.3266,34.3505],[135.3244,34.351],[135.3237,34.3537],[135.322,34.3554],[135.3235,34.3613],[135.3221,34.3655],[135.3189,34.3703],[135.3162,34.3727],[135.3136,34.3765],[135.3112,34.3773],[135.3097,34.38],[135.3056,34.3821],[135.3004,34.3804],[135.2989,34.3817],[135.2965,34.3802],[135.2896,34.3789],[135.2896,34.3834],[135.2875,34.3852],[135.2852,34.3838],[135.2813,34.3896],[135.2841,34.3907],[135.2826,34.3934],[135.2798,34.3954],[135.2796,34.3939],[135.2772,34.3938],[135.2764,34.3916],[135.2725,34.3892],[135.2701,34.3867],[135.2638,34.3811],[135.2624,34.3805],[135.2571,34.3817],[135.2524,34.3775],[135.2507,34.377]]]},"properties":{"N03_001":"大阪府","N03_002":"","N03_003":"","N03_004":"泉南市","N03_007":"27228"}},
{"type":"Feature","geometry":{"type":"Polygon","coordinates":[[[135.6599,34.75],[135.6565,34.7483],[135.6548,34.7466],[135.6527,34.7475],[135.6522,34.7489],[135.65,34.7494],[135.6446,34.7492],[135.6379,34.7499],[135.6342,34.7495],[135.6305,34.7497],[135.6304,34.7469],[135.6267,34.7452],[135.6267,34.7412],[135.6261,34.737],[135.6245,34.7364],[135.6252,34.7342],[135.6302,34.7342],[135.6319,34.7322],[135.6468,34.7316],[135.65,34.7297],[135.6523,34.7292],[135.6534,34.7269],[135.6568,34.7278],[135.6569,34.7225],[135.6601,34.7211],[135.6608,34.7199],[135.6686,34.7174],[135.6684,34.7162],[135.672,34.7163],[135.6736,34.7149],[135.6746,34.7122],[135.6746,34.7074],[135.6735,34.706],[135.6731,34.7018],[135.675,34.703],[135.679,34.7072],[135.6797,34.7088],[135.6831,34.7113],[135.6875,34.7114],[135.6894,34.7137],[135.6925,34.7156],[135.6932,34.7168],[135.6967,34.7189],[135.6974,34.7204],[135.7017,34.7217],[135.704,34.7236],[135.7027,34.7251],[135.6997,34.7326],[135.7,34.7357],[135.6976,34.7397],[135.6968,34.7439],[135.6947,34.7429],[135.6894,34.7447],[135.6848,34.7421],[135.6833,34.7427],[135.6829,34.7452],[135.6792,34.7434],[135.6755,34.7452],[135.6732,34.7447],[135.6656,34.7463],[135.6628,34.7493],[135.6599,34.75]]]},"properties":{"N03_001":"大阪府","N03_002":"","N03_003":"","N03_004":"四條畷市","N03_007":"27229"}},
{"type":"Feature","geometry":{"type":"Polygon","coordinates":[[[135.6599,34.75],[135.6628,34.7493],[135.6656,34.7463],[135.6732,34.7447],[135.6755,34.7452],[135.6792,34.7434],[135.6829,34.7452],[135.6833,34.7427],[135.6848,34.7421],[135.6894,34.7447],[135.6947,34.7429],[135.6968,34.7439],[135.6987,34.7448],[135.699,34.7463],[135.6978,34.7495],[135.7023,34.7507],[135.7048,34.7486],[135.7068,34.7486],[135.708,34.7521],[135.7098,34.7531],[135.7102,34.7559],[135.7089,34.7591],[135.7102,34.7608],[135.7088,34.7621],[135.7086,34.7688],[135.71,34.7716],[135.7066,34.7723],[135.7098,34.7774],[135.7096,34.7802],[135.712,34.7813],[135.7127,34.7825],[135.7154,34.7833],[135.7166,34.7857],[135.7167,34.7889],[135.7146,34.7902],[135.7146,34.7937],[135.7091,34.7956],[135.7089,34.7975],[135.7057,34.7981],[135.7022,34.7995],[135.6976,34.7997],[135.6957,34.8006],[135.687,34.7994],[135.6855,34.8003],[135.6828,34.8],[135.6794,34.8024],[135.6737,34.8017],[135.6732,34.7995],[135.6703,34.7992],[135.666,34.7974],[135.6643,34.7952],[135.6689,34.7918],[135.6719,34.7856],[135.6705,34.7851],[135.6708,34.7819],[135.6718,34.7787],[135.6691,34.7783],[135.6678,34.7765],[135.6628,34.7762],[135.6595,34.775],[135.66,34.7722],[135.6617,34.7708],[135.6621,34.7667],[135.658,34.7577],[135.6586,34.754],[135.6603,34.7521],[135.6599,34.75]]]},"properties":{"N03_001":"大阪府","N03_002":"","N03_003":"","N03_004":"交野市","N03_007":"27230"}},
{"type":"Feature","geometry":{"type":"Polygon","coordinates":[[[135.5343,34.508],[135.5359,34.505],[135.5397,34.5011],[135.54,34.4986],[135.5385,34.4953],[135.535,34.4929],[135.5339,34.491],[135.5336,34.4877],[135.5357,34.4861],[135.5359,34.4819],[135.5353,34.4798],[135.5366,34.4777],[135.5362,34.4754],[135.5386,34.4693],[135.5421,34.4665],[135.5461,34.4682],[135.5494,34.471],[135.5531,34.4719],[135.5541,34.4768],[135.5566,34.4773],[135.5583,34.4793],[135.5598,34.4795],[135.5604,34.4818],[135.5598,34.4844],[135.5582,34.4858],[135.5585,34.4898],[135.5603,34.4916],[135.5635,34.4912],[135.5627,34.4929],[135.561,34.494],[135.5596,34.4973],[135.5606,34.4986],[135.5593,34.5039],[135.5601,34.505],[135.5603,34.5116],[135.5614,34.5129],[135.5665,34.5135],[135.5658,34.516],[135.5635,34.5174],[135.5628,34.52],[135.5629,34.5252],[135.5608,34.5266],[135.5584,34.5267],[135.5586,34.5294],[135.555,34.528],[135.5552,34.527],[135.5533,34.5204],[135.5531,34.518],[135.5479,34.5177],[135.5464,34.518],[135.5436,34.5159],[135.544,34.5119],[135.5407,34.5111],[135.5341,34.515],[135.5326,34.5146],[135.5343,34.508]]]},"properties":{"N03_001":"大阪府","N03_002":"","N03_003":"","N03_004":"大阪狭山市","N03_007":"27231"}},
{"type":"Feature","geometry":{"type":"Polygon","coordinates":[[[135.208,34.3082],[135.2114,34.3064],[135.2156,34.3051],[135.2187,34.3052],[135.2218,34.3038],[135.225,34.3009],[135.2355,34.3036],[135.2362,34.3054],[135.2414,34.3084],[135.2459,34.3118],[135.2466,34.3133],[135.2524,34.3148],[135.2542,34.3158],[135.2579,34.3157],[135.2617,34.3125],[135.2631,34.3132],[135.2659,34.3126],[135.2727,34.3122],[135.276,34.314],[135.2774,34.3156],[135.2809,34.3164],[135.2826,34.3179],[135.279,34.326],[135.2793,34.3268],[135.2752,34.3302],[135.2697,34.3368],[135.2699,34.3385],[135.2666,34.3422],[135.2668,34.3434],[135.2652,34.3469],[135.2603,34.3529],[135.2597,34.357],[135.2572,34.3588],[135.2555,34.3589],[135.2526,34.3604],[135.2496,34.3643],[135.2493,34.3681],[135.2507,34.377],[135.2487,34.3765],[135.2458,34.3719],[135.235,34.3611],[135.2307,34.3553],[135.2256,34.3495],[135.2215,34.3465],[135.216,34.344],[135.2132,34.344],[135.206,34.3432],[135.2037,34.3412],[135.2028,34.3426],[135.1953,34.3386],[135.1931,34.3381],[135.1938,34.3366],[135.1939,34.3364],[135.1939,34.3361],[135.1931,34.3359],[135.1924,34.3357],[135.192,34.3354],[135.1917,34.3352],[135.1916,34.3352],[135.1911,34.3347],[135.1904,34.3336],[135.1903,34.3333],[135.1902,34.3332],[135.1898,34.3327],[135.1894,34.3324],[135.189,34.3322],[135.1887,34.3321],[135.1883,34.3319],[135.1881,34.3319],[135.1882,34.3318],[135.1882,34.3317],[135.1883,34.3314],[135.1885,34.3309],[135.1887,34.3304],[135.1888,34.3302],[135.1894,34.3302],[135.1895,34.3299],[135.1896,34.3292],[135.1894,34.3291],[135.1895,34.329],[135.1916,34.3291],[135.1917,34.3291],[135.1918,34.3291],[135.1919,34.3296],[135.1923,34.3296],[135.1924,34.3295],[135.1924,34.3294],[135.1924,34.3293],[135.1923,34.3292],[135.1925,34.3291],[135.1927,34.329],[135.1928,34.3289],[135.1928,34.3288],[135.1928,34.3286],[135.1928,34.3285],[135.1929,34.328],[135.193,34.3278],[135.1932,34.3274],[135.1933,34.3272],[135.1932,34.3268],[135.193,34.3264],[135.193,34.3263],[135.1931,34.3262],[135.1932,34.3261],[135.1934,34.3258],[135.1935,34.3257],[135.1935,34.3255],[135.1936,34.3255],[135.1937,34.3253],[135.1939,34.3252],[135.1939,34.3251],[135.1939,34.325],[135.1938,34.3247],[135.1938,34.3245],[135.1937,34.3241],[135.1937,34.3237],[135.1936,34.3235],[135.1936,34.3231],[135.1935,34.3229],[135.1938,34.3226],[135.1941,34.3225],[135.1942,34.3225],[135.1942,34.3224],[135.1941,34.3222],[135.1938,34.3214],[135.1936,34.3212],[135.1935,34.3211],[135.1933,34.3211],[135.1931,34.3211],[135.1928,34.3213],[135.1926,34.3213],[135.1924,34.3213],[135.1923,34.3213],[135.1919,34.3212],[135.1917,34.3211],[135.1917,34.321],[135.1913,34.3207],[135.1909,34.3206],[135.1907,34.3205],[135.1905,34.3205],[135.1898,34.3204],[135.1897,34.3204],[135.1895,34.3204],[135.1894,34.3203],[135.189,34.3201],[135.1887,34.3199],[135.1886,34.3197],[135.1885,34.3195],[135.1885,34.3194],[135.1885,34.3193],[135.1885,34.3192],[135.1891,34.3186],[135.1893,34.3185],[135.1894,34.3184],[135.1896,34.3184],[135.1897,34.3185],[135.1901,34.3186],[135.1903,34.3186],[135.1905,34.3185],[135.1907,34.3183],[135.1908,34.3181],[135.1908,34.3174],[135.1908,34.3173],[135.1907,34.3168],[135.1907,34.3167],[135.1907,34.3166],[135.1908,34.3164],[135.1909,34.316],[135.191,34.3157],[135.1911,34.3153],[135.1912,34.3148],[135.1912,34.3142],[135.1912,34.314],[135.1913,34.3137],[135.1914,34.3131],[135.1915,34.3128],[135.1915,34.3127],[135.1916,34.3125],[135.1917,34.3124],[135.1918,34.3123],[135.1921,34.3121],[135.1925,34.3119],[135.1927,34.3118],[135.1933,34.3116],[135.1934,34.3115],[135.1938,34.3112],[135.194,34.3111],[135.1942,34.311],[135.1946,34.3109],[135.1948,34.3109],[135.1952,34.3109],[135.1955,34.311],[135.1958,34.3112],[135.196,34.3113],[135.1964,34.3116],[135.1965,34.3116],[135.1967,34.3117],[135.197,34.3118],[135.1973,34.3119],[135.1975,34.3119],[135.1976,34.312],[135.1977,34.3121],[135.1979,34.3121],[135.1984,34.3123],[135.1986,34.3124],[135.1988,34.3124],[135.199,34.3124],[135.1991,34.3124],[135.1993,34.3123],[135.1994,34.3122],[135.1995,34.3121],[135.1996,34.312],[135.1997,34.312],[135.1999,34.312],[135.2,34.312],[135.2004,34.3122],[135.2006,34.3122],[135.2008,34.3122],[135.2011,34.3122],[135.2013,34.3123],[135.2017,34.3124],[135.2018,34.3124],[135.202,34.3123],[135.2021,34.3122],[135.2023,34.3121],[135.2023,34.312],[135.2024,34.3118],[135.2025,34.3115],[135.2025,34.3112],[135.2025,34.311],[135.2025,34.3109],[135.2026,34.3107],[135.2028,34.3104],[135.2029,34.3101],[135.2029,34.31],[135.2029,34.3097],[135.2029,34.3095],[135.203,34.3091],[135.2031,34.309],[135.2034,34.3088],[135.2036,34.3087],[135.2037,34.3087],[135.204,34.3087],[135.2042,34.3087],[135.2044,34.3087],[135.2048,34.3087],[135.2054,34.3087],[135.2057,34.3088],[135.2062,34.3088],[135.2065,34.3089],[135.2066,34.3089],[135.2073,34.3091],[135.2076,34.3092],[135.2076,34.3093],[135.2077,34.3092],[135.2077,34.3091],[135.2078,34.309],[135.2078,34.3087],[135.2078,34.3086],[135.208,34.3083],[135.208,34.3082]]]},"properties":{"N03_001":"大阪府","N03_002":"","N03_003":"","N03_004":"阪南市","N03_007":"27232"}},
{"type":"Feature","geometry":{"type":"Polygon","coordinates":[[[135.6799,34.8813],[135.6811,34.8853],[135.6827,34.8878],[135.6792,34.8903],[135.6763,34.8975],[135.6746,34.9002],[135.6688,34.9038],[135.6668,34.9043],[135.662,34.9037],[135.6589,34.906],[135.6567,34.9067],[135.6541,34.9093],[135.6519,34.91],[135.6485,34.9095],[135.6482,34.9135],[135.6495,34.9168],[135.6523,34.9171],[135.6504,34.9212],[135.6507,34.923],[135.6485,34.926],[135.6449,34.9276],[135.6428,34.9307],[135.6382,34.9321],[135.6366,34.931],[135.6343,34.9324],[135.633,34.9346],[135.629,34.935],[135.6281,34.9337],[135.6294,34.9285],[135.6283,34.9264],[135.6311,34.9239],[135.6324,34.9217],[135.6297,34.9199],[135.6292,34.9152],[135.6305,34.9135],[135.6299,34.9092],[135.6302,34.9068],[135.6328,34.9075],[135.6337,34.9088],[135.6365,34.9101],[135.6367,34.9075],[135.6356,34.9063],[135.6362,34.9041],[135.6337,34.9022],[135.6342,34.9002],[135.6337,34.8974],[135.6347,34.8923],[135.6358,34.8912],[135.6382,34.8915],[135.6414,34.8902],[135.6406,34.8886],[135.6442,34.8872],[135.6451,34.8823],[135.6503,34.8809],[135.6524,34.8766],[135.6551,34.8752],[135.6551,34.8725],[135.6571,34.8722],[135.6608,34.8752],[135.6632,34.8722],[135.6657,34.8725],[135.6728,34.87],[135.6775,34.876],[135.6799,34.8813]]]},"properties":{"N03_001":"大阪府","N03_002":"","N03_003":"三島郡","N03_004":"島本町","N03_007":"27301"}},
{"type":"Feature","geometry":{"type":"Polygon","coordinates":[[[135.4671,34.9288],[135.4685,34.9254],[135.4659,34.9242],[135.4663,34.9217],[135.4654,34.9196],[135.4621,34.9179],[135.4567,34.9179],[135.4514,34.9199],[135.4463,34.9204],[135.4439,34.9201],[135.4393,34.9205],[135.4345,34.9168],[135.4303,34.9163],[135.4245,34.9135],[135.4226,34.9106],[135.4191,34.9098],[135.4187,34.9085],[135.42,34.9065],[135.4257,34.9067],[135.4274,34.9044],[135.4311,34.8972],[135.4324,34.8958],[135.4305,34.8935],[135.4326,34.8917],[135.4356,34.895],[135.4395,34.896],[135.4436,34.8989],[135.4452,34.8984],[135.4451,34.8954],[135.4472,34.8961],[135.4529,34.8948],[135.4546,34.8968],[135.4579,34.8972],[135.4583,34.9005],[135.4611,34.9011],[135.4639,34.9033],[135.4658,34.9069],[135.4657,34.9095],[135.4734,34.9104],[135.4752,34.9083],[135.4749,34.9064],[135.4757,34.9036],[135.4801,34.8999],[135.4823,34.8985],[135.4869,34.8984],[135.486,34.8958],[135.48,34.8927],[135.4777,34.89],[135.478,34.8879],[135.4805,34.8841],[135.4817,34.8807],[135.4811,34.8793],[135.482,34.8748],[135.4848,34.8734],[135.4872,34.8738],[135.489,34.8772],[135.4926,34.8784],[135.4938,34.8795],[135.4971,34.8775],[135.4995,34.8775],[135.4985,34.88],[135.4959,34.8811],[135.4965,34.8834],[135.4981,34.884],[135.5006,34.8879],[135.5005,34.8899],[135.5015,34.8933],[135.5006,34.896],[135.5028,34.896],[135.5113,34.9],[135.5137,34.903],[135.5167,34.9033],[135.5183,34.9049],[135.5163,34.9071],[135.517,34.9114],[135.5199,34.9124],[135.5197,34.9144],[135.5226,34.9173],[135.5231,34.919],[135.5249,34.9203],[135.5255,34.9236],[135.5254,34.9288],[135.5226,34.9303],[135.5212,34.9333],[135.5173,34.9335],[135.515,34.9369],[135.5147,34.9437],[135.5077,34.9446],[135.504,34.9463],[135.5022,34.9433],[135.4997,34.9413],[135.4946,34.9408],[135.4904,34.9418],[135.4883,34.9464],[135.4846,34.9474],[135.4849,34.9463],[135.4827,34.9451],[135.4798,34.9449],[135.4784,34.9431],[135.4781,34.9401],[135.4769,34.9389],[135.4769,34.9354],[135.4748,34.9325],[135.4752,34.9307],[135.4718,34.9292],[135.4675,34.9294],[135.4671,34.9288]]]},"properties":{"N03_001":"大阪府","N03_002":"","N03_003":"豊能郡","N03_004":"豊能町","N03_007":"27321"}},
{"type":"Feature","geometry":{"type":"Polygon","coordinates":[[[135.4846,34.9474],[135.4809,34.9503],[135.4848,34.9546],[135.4853,34.9573],[135.4844,34.9605],[135.4812,34.9624],[135.4819,34.9652],[135.4838,34.9648],[135.4855,34.9665],[135.4885,34.9666],[135.4874,34.9691],[135.4867,34.9738],[135.4874,34.9754],[135.4844,34.9785],[135.4832,34.9819],[135.4867,34.9853],[135.4907,34.9864],[135.4931,34.9877],[135.4926,34.9893],[135.4889,34.99],[135.4874,34.9923],[135.483,34.9928],[135.4819,34.9951],[135.4766,34.9942],[135.4712,34.9948],[135.4664,34.9973],[135.4599,35.0016],[135.4552,35.0024],[135.452,35.0018],[135.4468,35.0055],[135.4427,35.0057],[135.442,35.0067],[135.4362,35.0084],[135.4335,35.0079],[135.4256,35.0039],[135.4228,35.0021],[135.4204,35.0022],[135.4181,35.0032],[135.4166,35.0058],[135.4134,35.0091],[135.4098,35.0115],[135.4032,35.0067],[135.3993,35.0084],[135.3975,35.0106],[135.3942,35.0088],[135.3913,35.0097],[135.3891,35.0114],[135.3816,35.0104],[135.3814,35.0125],[135.3801,35.0155],[135.3779,35.0182],[135.3777,35.0206],[135.38,35.0221],[135.3798,35.0251],[135.3817,35.0262],[135.3819,35.0319],[135.3799,35.0352],[135.3806,35.0369],[135.38,35.0391],[135.3782,35.0403],[135.376,35.0441],[135.371,35.0453],[135.3676,35.044],[135.362,35.0474],[135.3595,35.0501],[135.3576,35.0499],[135.3523,35.0513],[135.3495,35.0509],[135.35,35.0488],[135.3491,35.0462],[135.3469,35.0449],[135.3442,35.0449],[135.3415,35.0431],[135.3379,35.0426],[135.3366,35.0412],[135.3337,35.0396],[135.3327,35.0373],[135.3336,35.0352],[135.3363,35.0329],[135.338,35.0305],[135.3398,35.0259],[135.343,35.0254],[135.3466,35.0267],[135.3526,35.0256],[135.3547,35.0246],[135.3548,35.0187],[135.3558,35.0165],[135.3553,35.0141],[135.3537,35.0132],[135.3547,35.0066],[135.3522,35.0058],[135.3515,35.0043],[135.3536,35.0008],[135.3537,34.9982],[135.3528,34.9936],[135.3539,34.9921],[135.3526,34.9904],[135.3557,34.9857],[135.3581,34.9845],[135.3595,34.9825],[135.3522,34.9795],[135.3505,34.9802],[135.3485,34.9758],[135.3487,34.972],[135.3467,34.9697],[135.3451,34.9668],[135.3464,34.9647],[135.3484,34.9651],[135.3509,34.9633],[135.3542,34.9626],[135.3578,34.9579],[135.3582,34.9559],[135.3607,34.9544],[135.3639,34.9562],[135.3693,34.9557],[135.3699,34.9546],[135.3732,34.9535],[135.3753,34.9551],[135.378,34.9552],[135.3819,34.9562],[135.3832,34.9546],[135.3855,34.9543],[135.3863,34.9516],[135.3875,34.951],[135.3879,34.9476],[135.3872,34.9466],[135.389,34.9436],[135.3905,34.9434],[135.3924,34.9414],[135.396,34.9444],[135.4038,34.9434],[135.4073,34.9437],[135.4104,34.9399],[135.4158,34.9408],[135.4178,34.9395],[135.4169,34.938],[135.4185,34.9339],[135.4234,34.9345],[135.4253,34.9364],[135.4323,34.937],[135.435,34.9383],[135.4385,34.9369],[135.4416,34.9394],[135.4503,34.9326],[135.4519,34.9317],[135.4528,34.9297],[135.4571,34.9291],[135.461,34.9263],[135.4671,34.9288],[135.4675,34.9294],[135.4718,34.9292],[135.4752,34.9307],[135.4748,34.9325],[135.4769,34.9354],[135.4769,34.9389],[135.4781,34.9401],[135.4784,34.9431],[135.4798,34.9449],[135.4827,34.9451],[135.4849,34.9463],[135.4846,34.9474]]]},"properties":{"N03_001":"大阪府","N03_002":"","N03_003":"豊能郡","N03_004":"能勢町","N03_007":"27322"}},
{"type":"Feature","geometry":{"type":"Polygon","coordinates":[[[135.3709,34.5004],[135.3819,34.4949],[135.3874,34.493],[135.3947,34.4888],[135.4059,34.4804],[135.4107,34.4764],[135.4151,34.4735],[135.4161,34.476],[135.4187,34.4779],[135.4177,34.4797],[135.4153,34.4815],[135.4113,34.4822],[135.4063,34.4873],[135.4055,34.4886],[135.4056,34.492],[135.4046,34.494],[135.4024,34.4952],[135.3969,34.496],[135.3897,34.4989],[135.3857,34.5014],[135.3848,34.5026],[135.3778,34.5078],[135.3758,34.506],[135.3737,34.5073],[135.3712,34.5036],[135.3709,34.5004]]]},"properties":{"N03_001":"大阪府","N03_002":"","N03_003":"泉北郡","N03_004":"忠岡町","N03_007":"27341"}},
{"type":"Feature","geometry":{"type":"Polygon","coordinates":[[[135.3572,34.4183],[135.354,34.4123],[135.3532,34.4066],[135.3467,34.4102],[135.3453,34.4077],[135.3437,34.4087],[135.3423,34.4069],[135.3379,34.4067],[135.339,34.4054],[135.336,34.4012],[135.3355,34.399],[135.3369,34.3955],[135.339,34.3951],[135.339,34.3927],[135.341,34.3906],[135.3433,34.3897],[135.343,34.3867],[135.345,34.3852],[135.3497,34.3801],[135.351,34.3803],[135.3552,34.3785],[135.3556,34.3727],[135.3631,34.3681],[135.3665,34.3679],[135.3703,34.3645],[135.3722,34.3656],[135.3751,34.3642],[135.3794,34.3641],[135.3816,34.362],[135.3798,34.3583],[135.3814,34.3561],[135.3849,34.3549],[135.3883,34.3554],[135.3884,34.3557],[135.3884,34.3558],[135.3883,34.3559],[135.3883,34.356],[135.388,34.3561],[135.3877,34.3562],[135.3876,34.3564],[135.3875,34.3565],[135.3874,34.3569],[135.3873,34.3574],[135.3873,34.3576],[135.3873,34.3578],[135.3873,34.3582],[135.3873,34.3583],[135.3873,34.3584],[135.3875,34.3586],[135.3877,34.3588],[135.3877,34.3589],[135.3877,34.3591],[135.3876,34.3595],[135.3875,34.36],[135.3875,34.3604],[135.3876,34.3609],[135.3876,34.3614],[135.3876,34.3616],[135.3875,34.3617],[135.3873,34.3621],[135.3869,34.3627],[135.3865,34.3633],[135.3863,34.3637],[135.3862,34.3638],[135.386,34.3643],[135.3857,34.3645],[135.3853,34.3648],[135.3852,34.3649],[135.385,34.3651],[135.3847,34.3654],[135.3846,34.3656],[135.3844,34.3656],[135.3842,34.3657],[135.384,34.3659],[135.3838,34.366],[135.3835,34.3661],[135.3833,34.3662],[135.3831,34.3662],[135.383,34.3662],[135.3828,34.3662],[135.3826,34.3663],[135.3826,34.3664],[135.3824,34.3667],[135.3821,34.367],[135.382,34.3671],[135.382,34.3673],[135.3821,34.3674],[135.3823,34.3676],[135.3826,34.3679],[135.3828,34.3682],[135.3828,34.3683],[135.383,34.3685],[135.3833,34.3687],[135.3834,34.3687],[135.3835,34.3687],[135.3836,34.3687],[135.3837,34.3687],[135.384,34.3686],[135.3843,34.3685],[135.3845,34.3685],[135.3847,34.3685],[135.3851,34.3685],[135.3855,34.3686],[135.3856,34.3686],[135.3858,34.3686],[135.386,34.3686],[135.3863,34.3687],[135.3867,34.369],[135.3868,34.3691],[135.387,34.3696],[135.3871,34.3701],[135.3871,34.3705],[135.387,34.3708],[135.387,34.371],[135.3868,34.3714],[135.3867,34.3719],[135.3866,34.3722],[135.3863,34.3729],[135.3863,34.373],[135.3862,34.3734],[135.3861,34.3736],[135.386,34.3737],[135.3859,34.3738],[135.3855,34.3743],[135.3853,34.3745],[135.3853,34.3746],[135.3851,34.375],[135.3851,34.3751],[135.3852,34.3754],[135.3852,34.3755],[135.3852,34.3756],[135.3858,34.3764],[135.3859,34.3765],[135.3862,34.377],[135.3863,34.3773],[135.3864,34.3779],[135.3864,34.3781],[135.3864,34.3782],[135.3864,34.3783],[135.3863,34.3786],[135.3859,34.3791],[135.3858,34.3795],[135.3857,34.3797],[135.3858,34.38],[135.3859,34.3806],[135.3861,34.3812],[135.3865,34.3823],[135.3867,34.3826],[135.3867,34.3827],[135.3867,34.3828],[135.3867,34.3829],[135.3867,34.383],[135.3867,34.3831],[135.3868,34.3833],[135.3868,34.3834],[135.387,34.3838],[135.387,34.384],[135.3871,34.3844],[135.3871,34.3845],[135.3871,34.3846],[135.3873,34.3848],[135.3874,34.385],[135.3878,34.3853],[135.3879,34.3855],[135.388,34.3856],[135.3879,34.3857],[135.3877,34.3857],[135.3876,34.3857],[135.3872,34.3857],[135.3869,34.3856],[135.3868,34.3856],[135.3863,34.3853],[135.3862,34.3851],[135.386,34.385],[135.3858,34.3849],[135.3853,34.3849],[135.3849,34.3849],[135.3846,34.3849],[135.3843,34.385],[135.3839,34.3852],[135.3837,34.3853],[135.3836,34.3854],[135.3834,34.3858],[135.3834,34.3859],[135.3833,34.3861],[135.3833,34.3863],[135.3832,34.3867],[135.3833,34.387],[135.3833,34.3874],[135.3833,34.3876],[135.3834,34.3878],[135.3838,34.3882],[135.3838,34.3885],[135.3839,34.3887],[135.3839,34.389],[135.3838,34.3891],[135.3836,34.3892],[135.3834,34.3892],[135.3833,34.3892],[135.3831,34.3893],[135.3829,34.3894],[135.3826,34.3896],[135.382,34.3898],[135.3819,34.3899],[135.3816,34.3899],[135.3814,34.39],[135.3813,34.39],[135.3809,34.3903],[135.3804,34.3905],[135.3796,34.3909],[135.3794,34.3911],[135.3793,34.3913],[135.3793,34.3914],[135.3793,34.3915],[135.3794,34.3916],[135.3795,34.3917],[135.3798,34.3919],[135.3801,34.392],[135.3801,34.3921],[135.3801,34.3922],[135.3799,34.3923],[135.3797,34.3924],[135.3796,34.3925],[135.3795,34.3926],[135.3795,34.3928],[135.3796,34.3929],[135.3797,34.393],[135.3797,34.3933],[135.3796,34.3937],[135.3794,34.3944],[135.3794,34.3945],[135.3794,34.3946],[135.3796,34.3949],[135.3796,34.3951],[135.3795,34.3953],[135.3793,34.3957],[135.3792,34.3958],[135.3791,34.3961],[135.3789,34.3965],[135.3789,34.3966],[135.3787,34.3974],[135.3786,34.3982],[135.3786,34.3989],[135.3786,34.399],[135.3787,34.3991],[135.3787,34.3992],[135.3788,34.3993],[135.3788,34.3994],[135.3787,34.3997],[135.3787,34.3998],[135.3787,34.3999],[135.3787,34.4],[135.3786,34.4],[135.3786,34.4002],[135.3785,34.4002],[135.3781,34.4003],[135.3775,34.4006],[135.3767,34.401],[135.3763,34.4013],[135.3762,34.4014],[135.3762,34.4016],[135.3762,34.4018],[135.3765,34.4023],[135.3765,34.4025],[135.3767,34.4027],[135.3769,34.403],[135.3769,34.4032],[135.3768,34.4033],[135.3767,34.4034],[135.3763,34.4038],[135.3757,34.4042],[135.3756,34.4043],[135.3755,34.4046],[135.3753,34.4047],[135.375,34.4049],[135.3747,34.4051],[135.3741,34.4054],[135.3739,34.4056],[135.3737,34.4057],[135.3734,34.406],[135.3732,34.4061],[135.3726,34.4062],[135.3724,34.4063],[135.3722,34.4064],[135.3721,34.4064],[135.372,34.4065],[135.3715,34.4067],[135.3714,34.4068],[135.3713,34.4069],[135.3713,34.407],[135.3714,34.4073],[135.3714,34.4074],[135.3714,34.4078],[135.3713,34.4082],[135.3711,34.4083],[135.371,34.4085],[135.3704,34.409],[135.3698,34.4092],[135.3693,34.4095],[135.3691,34.4097],[135.3688,34.41],[135.3684,34.4102],[135.3675,34.4107],[135.3674,34.4109],[135.3673,34.411],[135.3672,34.4112],[135.3668,34.4115],[135.3667,34.4116],[135.3667,34.4117],[135.3667,34.4119],[135.3669,34.412],[135.3671,34.4122],[135.3676,34.4124],[135.3685,34.4127],[135.3687,34.4128],[135.3689,34.4131],[135.3691,34.4134],[135.3691,34.4136],[135.3691,34.4139],[135.369,34.4142],[135.3689,34.4143],[135.3688,34.4143],[135.3687,34.4143],[135.3684,34.4142],[135.3677,34.414],[135.3675,34.4139],[135.3674,34.4138],[135.3674,34.4135],[135.3674,34.4134],[135.3675,34.4129],[135.3674,34.4127],[135.3673,34.4127],[135.3671,34.4126],[135.3669,34.4126],[135.3667,34.4127],[135.366,34.413],[135.3658,34.4132],[135.3658,34.4133],[135.3658,34.4135],[135.3658,34.4137],[135.3657,34.4137],[135.3656,34.4138],[135.3652,34.4138],[135.365,34.4138],[135.3649,34.4139],[135.3649,34.414],[135.3649,34.4142],[135.3656,34.4149],[135.3657,34.415],[135.3658,34.415],[135.3666,34.4148],[135.3667,34.4148],[135.367,34.4149],[135.367,34.415],[135.3669,34.4151],[135.3667,34.4153],[135.3661,34.4155],[135.3658,34.4156],[135.3653,34.4156],[135.3649,34.4154],[135.3647,34.4151],[135.3643,34.4147],[135.3642,34.4146],[135.3641,34.4145],[135.3637,34.4144],[135.3634,34.4145],[135.3632,34.4145],[135.3631,34.4146],[135.363,34.4147],[135.3629,34.4148],[135.3628,34.4149],[135.3624,34.4156],[135.3623,34.4157],[135.3624,34.4158],[135.3624,34.4159],[135.3625,34.4161],[135.3627,34.4163],[135.3629,34.4163],[135.363,34.4163],[135.3632,34.4163],[135.3634,34.4162],[135.3639,34.4159],[135.3641,34.4158],[135.3644,34.4158],[135.3649,34.4159],[135.3661,34.4165],[135.3663,34.4165],[135.3664,34.4165],[135.3666,34.4165],[135.3667,34.4165],[135.3672,34.4159],[135.3677,34.4151],[135.3681,34.4151],[135.3685,34.4153],[135.3687,34.4154],[135.3687,34.4155],[135.3685,34.4157],[135.3683,34.4159],[135.3682,34.416],[135.368,34.4161],[135.3678,34.4163],[135.3677,34.4165],[135.3677,34.4167],[135.3676,34.417],[135.3675,34.4171],[135.3673,34.4172],[135.367,34.4173],[135.3667,34.4176],[135.3666,34.4176],[135.3661,34.4173],[135.366,34.4172],[135.3654,34.4169],[135.3649,34.4168],[135.3645,34.4169],[135.3644,34.4169],[135.3642,34.4167],[135.364,34.4167],[135.3631,34.4168],[135.3627,34.4169],[135.3625,34.417],[135.3619,34.4171],[135.3618,34.4172],[135.3619,34.4173],[135.3622,34.4176],[135.3625,34.4178],[135.3627,34.4179],[135.3628,34.418],[135.3627,34.4181],[135.3625,34.4182],[135.3623,34.4182],[135.3622,34.4182],[135.3621,34.4181],[135.3614,34.4177],[135.3613,34.4176],[135.3611,34.4176],[135.361,34.4177],[135.3608,34.4178],[135.3607,34.418],[135.3606,34.4181],[135.3605,34.4183],[135.3605,34.4185],[135.3606,34.4188],[135.3609,34.419],[135.361,34.419],[135.361,34.4191],[135.361,34.4192],[135.3609,34.4192],[135.3607,34.4193],[135.3601,34.4192],[135.36,34.4193],[135.3597,34.4193],[135.3595,34.4192],[135.3591,34.4188],[135.3589,34.4188],[135.3584,34.4188],[135.3583,34.4188],[135.3578,34.4189],[135.3577,34.4189],[135.3577,34.4188],[135.3577,34.4185],[135.3576,34.4183],[135.3575,34.4183],[135.3573,34.4183],[135.3572,34.4183]]]},"properties":{"N03_001":"大阪府","N03_002":"","N03_003":"泉南郡","N03_004":"熊取町","N03_007":"27361"}},
{"type":"Feature","geometry":{"type":"Polygon","coordinates":[[[135.2798,34.3954],[135.2826,34.3934],[135.2841,34.3907],[135.2813,34.3896],[135.2852,34.3838],[135.2875,34.3852],[135.2896,34.3834],[135.2917,34.3854],[135.2951,34.3859],[135.2968,34.3845],[135.2987,34.3855],[135.2968,34.3881],[135.3004,34.39],[135.2978,34.3915],[135.2982,34.3945],[135.2951,34.3978],[135.2946,34.3992],[135.2888,34.4036],[135.2861,34.4001],[135.2884,34.3981],[135.287,34.3963],[135.2828,34.3986],[135.2798,34.3954]]]},"properties":{"N03_001":"大阪府","N03_002":"","N03_003":"泉南郡","N03_004":"田尻町","N03_007":"27362"}},
{"type":"Feature","geometry":{"type":"MultiPolygon","coordinates":[]},"properties":{"N03_001":"大阪府","N03_002":"","N03_003":"泉南郡","N03_004":"岬町","N03_007":"27366"}},
{"type":"Feature","geometry":{"type":"Polygon","coordinates":[[[135.6204,34.5148],[135.6294,34.5147],[135.6305,34.5142],[135.6364,34.5088],[135.6366,34.5069],[135.6395,34.5061],[135.6403,34.5019],[135.6418,34.5039],[135.6493,34.5003],[135.649,34.4979],[135.6524,34.4984],[135.6554,34.4973],[135.6597,34.4984],[135.6621,34.5023],[135.6643,34.5038],[135.6686,34.5053],[135.6753,34.5057],[135.6768,34.5067],[135.676,34.5088],[135.6775,34.5096],[135.6768,34.5153],[135.6774,34.5182],[135.6758,34.5223],[135.6769,34.5255],[135.6726,34.5295],[135.6679,34.531],[135.6661,34.5294],[135.6628,34.5296],[135.6615,34.5319],[135.6619,34.535],[135.661,34.5377],[135.6597,34.5386],[135.6601,34.5411],[135.6562,34.5385],[135.6555,34.5367],[135.653,34.5346],[135.65,34.5331],[135.6471,34.5346],[135.643,34.5302],[135.6395,34.531],[135.6348,34.5272],[135.6316,34.5275],[135.6304,34.5263],[135.6271,34.5255],[135.6244,34.5228],[135.6217,34.5228],[135.6213,34.5206],[135.622,34.5168],[135.6204,34.5148]]]},"properties":{"N03_001":"大阪府","N03_002":"","N03_003":"南河内郡","N03_004":"太子町","N03_007":"27381"}},
{"type":"Feature","geometry":{"type":"Polygon","coordinates":[[[135.6204,34.5148],[135.618,34.5128],[135.6177,34.5071],[135.6216,34.5018],[135.6219,34.5001],[135.6241,34.4997],[135.6255,34.4981],[135.6277,34.4979],[135.6278,34.4902],[135.6255,34.4882],[135.6229,34.4886],[135.6233,34.49],[135.6216,34.4915],[135.6213,34.4939],[135.6185,34.493],[135.6183,34.4904],[135.613,34.4904],[135.6129,34.4876],[135.614,34.4861],[135.6126,34.4846],[135.6128,34.4822],[135.6154,34.4809],[135.6174,34.4778],[135.6168,34.4743],[135.6192,34.4744],[135.6209,34.4762],[135.6258,34.4766],[135.6271,34.4763],[135.6273,34.4701],[135.628,34.4675],[135.6355,34.4675],[135.6371,34.4642],[135.6407,34.4632],[135.6428,34.4595],[135.6467,34.458],[135.6484,34.4556],[135.6527,34.4563],[135.6545,34.4559],[135.6571,34.4533],[135.6614,34.4497],[135.6617,34.4528],[135.6595,34.4542],[135.6591,34.4568],[135.6551,34.4581],[135.6539,34.4598],[135.6559,34.4612],[135.6592,34.4617],[135.6579,34.4638],[135.6579,34.4667],[135.6629,34.4676],[135.6641,34.4665],[135.6666,34.469],[135.6699,34.4683],[135.6752,34.4694],[135.6777,34.4687],[135.6822,34.4652],[135.6826,34.4714],[135.6834,34.4761],[135.6821,34.4773],[135.6812,34.4802],[135.6848,34.4836],[135.6825,34.4879],[135.6811,34.4885],[135.679,34.4931],[135.68,34.4953],[135.6786,34.4969],[135.6783,34.4995],[135.673,34.5029],[135.6753,34.5057],[135.6686,34.5053],[135.6643,34.5038],[135.6621,34.5023],[135.6597,34.4984],[135.6554,34.4973],[135.6524,34.4984],[135.649,34.4979],[135.6493,34.5003],[135.6418,34.5039],[135.6403,34.5019],[135.6395,34.5061],[135.6366,34.5069],[135.6364,34.5088],[135.6305,34.5142],[135.6294,34.5147],[135.6204,34.5148]]]},"properties":{"N03_001":"大阪府","N03_002":"","N03_003":"南河内郡","N03_004":"河南町","N03_007":"27382"}},
{"type":"Feature","geometry":{"type":"Polygon","coordinates":[[[135.6025,34.4392],[135.6021,34.4381],[135.6048,34.4348],[135.6079,34.432],[135.6105,34.4304],[135.6156,34.4305],[135.6188,34.4282],[135.6208,34.426],[135.6229,34.4252],[135.6259,34.4217],[135.6294,34.4198],[135.6332,34.4191],[135.6366,34.4202],[135.6396,34.4181],[135.6414,34.4155],[135.6412,34.4139],[135.6426,34.4122],[135.6445,34.4114],[135.6467,34.4075],[135.6498,34.4037],[135.6515,34.4009],[135.655,34.3998],[135.6567,34.3978],[135.6555,34.3961],[135.6593,34.3955],[135.6634,34.3965],[135.6673,34.3978],[135.6692,34.3978],[135.6756,34.3995],[135.6766,34.4023],[135.676,34.4056],[135.6802,34.4089],[135.6777,34.4117],[135.6778,34.4133],[135.6756,34.4137],[135.6731,34.4126],[135.6694,34.4137],[135.6671,34.4169],[135.6661,34.4225],[135.6653,34.4242],[135.6692,34.4269],[135.6722,34.4259],[135.674,34.4288],[135.6786,34.4324],[135.6815,34.4379],[135.6809,34.4398],[135.6817,34.4433],[135.6847,34.446],[135.6867,34.4488],[135.687,34.4515],[135.6824,34.456],[135.6831,34.4571],[135.6819,34.461],[135.6822,34.4652],[135.6777,34.4687],[135.6752,34.4694],[135.6699,34.4683],[135.6666,34.469],[135.6641,34.4665],[135.6629,34.4676],[135.6579,34.4667],[135.6579,34.4638],[135.6592,34.4617],[135.6559,34.4612],[135.6539,34.4598],[135.6551,34.4581],[135.6591,34.4568],[135.6595,34.4542],[135.6617,34.4528],[135.6614,34.4497],[135.6571,34.4533],[135.6545,34.4559],[135.6527,34.4563],[135.6484,34.4556],[135.6467,34.458],[135.6428,34.4595],[135.6407,34.4632],[135.6371,34.4642],[135.6355,34.4675],[135.628,34.4675],[135.6273,34.4701],[135.6271,34.4763],[135.6258,34.4766],[135.6209,34.4762],[135.6192,34.4744],[135.6168,34.4743],[135.6149,34.4703],[135.6157,34.4667],[135.6171,34.465],[135.6179,34.4623],[135.6165,34.4606],[135.6166,34.456],[135.6155,34.4545],[135.616,34.4518],[135.6142,34.449],[135.6108,34.4455],[135.6072,34.4457],[135.6059,34.4431],[135.6047,34.4425],[135.6038,34.4396],[135.6025,34.4392]]]},"properties":{"N03_001":"大阪府","N03_002":"","N03_003":"南河内郡","N03_004":"千早赤阪村","N03_007":"27383"}}
]}