{"type":"FeatureCollection", "features": [
{"type":"Feature","geometry":{"type":"Polygon","coordinates":[[[134.4866,33.968],[134.4869,33.9675],[134.4871,33.9674],[134.4875,33.9673],[134.4881,33.9675],[134.4887,33.9678],[134.4893,33.9682],[134.4896,33.9684],[134.4901,33.9685],[134.4907,33.9687],[134.4911,33.9688],[134.4919,33.9683],[134.4921,33.9681],[134.4922,33.9679],[134.4925,33.9679],[134.4933,33.9682],[134.4938,33.9687],[134.4943,33.9693],[134.4948,33.9696],[134.4951,33.9699],[134.4957,33.9701],[134.4964,33.9701],[134.497,33.9698],[134.4973,33.9695],[134.4976,33.9694],[134.498,33.9692],[134.4984,33.9694],[134.4994,33.9694],[134.4998,33.9696],[134.5,33.9696],[134.5002,33.9696],[134.5006,33.9693],[134.5009,33.9689],[134.5011,33.9683],[134.5012,33.9681],[134.5014,33.9679],[134.5019,33.9677],[134.5021,33.9676],[134.5023,33.9673],[134.5025,33.9671],[134.5028,33.9666],[134.503,33.9664],[134.5033,33.9663],[134.5037,33.9664],[134.5041,33.9662],[134.5046,33.9661],[134.5055,33.9655],[134.5058,33.9654],[134.5063,33.9653],[134.5065,33.9652],[134.5069,33.9648],[134.5071,33.9646],[134.5073,33.9644],[134.5074,33.9642],[134.5074,33.964],[134.5073,33.9638],[134.5081,33.9634],[134.5086,33.9631],[134.5092,33.9627],[134.5096,33.9623],[134.5098,33.9622],[134.5103,33.9621],[134.5106,33.9621],[134.511,33.9622],[134.5118,33.9621],[134.5122,33.9622],[134.5131,33.9622],[134.5136,33.9624],[134.5143,33.9622],[134.5147,33.9622],[134.5152,33.9623],[134.5161,33.9626],[134.5166,33.9628],[134.5171,33.9629],[134.5178,33.9629],[134.5184,33.9631],[134.5187,33.9632],[134.5193,33.9631],[134.5203,33.9629],[134.5206,33.9628],[134.5209,33.9628],[134.5212,33.9627],[134.5217,33.9624],[134.5219,33.9622],[134.5226,33.9613],[134.5229,33.9612],[134.5233,33.9607],[134.5237,33.9603],[134.524,33.9602],[134.5246,33.9601],[134.5252,33.9601],[134.5256,33.9601],[134.526,33.9602],[134.5263,33.9602],[134.5267,33.9602],[134.5274,33.96],[134.5277,33.96],[134.528,33.9601],[134.5284,33.9603],[134.5289,33.9605],[134.5295,33.9607],[134.5298,33.9607],[134.53,33.9605],[134.5304,33.9604],[134.5315,33.9602],[134.5326,33.9597],[134.5328,33.9596],[134.533,33.9593],[134.5332,33.9587],[134.5334,33.9584],[134.534,33.9582],[134.5341,33.958],[134.5343,33.9575],[134.5344,33.9571],[134.5344,33.957],[134.5348,33.9568],[134.5348,33.9566],[134.5349,33.9562],[134.5351,33.9559],[134.5353,33.9553],[134.5356,33.9552],[134.5362,33.9553],[134.5368,33.9553],[134.5373,33.9553],[134.5379,33.9553],[134.5384,33.9554],[134.5393,33.9557],[134.5402,33.9563],[134.5406,33.9564],[134.5411,33.9566],[134.5419,33.9571],[134.5424,33.9572],[134.5428,33.9573],[134.5431,33.9575],[134.5434,33.9578],[134.544,33.958],[134.5445,33.9584],[134.545,33.9586],[134.5456,33.9587],[134.546,33.9587],[134.5465,33.9584],[134.5471,33.9583],[134.5478,33.9584],[134.5485,33.9587],[134.5496,33.9592],[134.5499,33.9596],[134.5507,33.9604],[134.5517,33.9609],[134.5522,33.9611],[134.5525,33.9612],[134.5529,33.9614],[134.553,33.9614],[134.5535,33.9614],[134.554,33.9612],[134.5542,33.9611],[134.5543,33.9607],[134.5546,33.9603],[134.5549,33.9602],[134.5551,33.9597],[134.5553,33.9596],[134.5557,33.9596],[134.556,33.9598],[134.5565,33.96],[134.5571,33.9599],[134.5576,33.96],[134.5582,33.9602],[134.5586,33.9603],[134.5589,33.9604],[134.5593,33.9608],[134.5599,33.9609],[134.5606,33.9607],[134.561,33.9607],[134.5614,33.9607],[134.562,33.9609],[134.5622,33.9609],[134.5625,33.9611],[134.5626,33.9614],[134.5627,33.9615],[134.5631,33.9617],[134.5637,33.9617],[134.564,33.9617],[134.5647,33.9623],[134.5657,33.9625],[134.5662,33.9626],[134.5665,33.9626],[134.5668,33.9625],[134.5669,33.9622],[134.567,33.9623],[134.5677,33.9627],[134.5679,33.9629],[134.5685,33.9632],[134.5691,33.9633],[134.5696,33.9637],[134.57,33.964],[134.5702,33.9641],[134.5705,33.9642],[134.5709,33.9642],[134.5713,33.9641],[134.5716,33.9639],[134.5717,33.9636],[134.5723,33.9632],[134.5726,33.963],[134.5728,33.963],[134.5734,33.9637],[134.5741,33.9641],[134.5743,33.9644],[134.5742,33.9646],[134.574,33.9651],[134.5736,33.9658],[134.5734,33.9663],[134.5731,33.9671],[134.573,33.9673],[134.5726,33.9675],[134.5719,33.968],[134.5719,33.9682],[134.572,33.9688],[134.572,33.9701],[134.5719,33.9704],[134.572,33.9708],[134.5723,33.9711],[134.5723,33.9713],[134.5722,33.9715],[134.5722,33.972],[134.5722,33.9724],[134.5722,33.9729],[134.5721,33.9732],[134.5719,33.9733],[134.5718,33.9736],[134.5716,33.9737],[134.5713,33.9737],[134.5706,33.9733],[134.5703,33.9734],[134.5699,33.9737],[134.5698,33.974],[134.5692,33.9745],[134.5686,33.9749],[134.5685,33.9751],[134.5684,33.9756],[134.5683,33.9763],[134.5684,33.9766],[134.5685,33.977],[134.5687,33.9774],[134.5688,33.9775],[134.5688,33.9782],[134.5689,33.9783],[134.5693,33.9784],[134.5697,33.9786],[134.5702,33.9787],[134.5709,33.9788],[134.572,33.9789],[134.5723,33.979],[134.5726,33.9793],[134.5727,33.9794],[134.5727,33.9796],[134.5725,33.9798],[134.5719,33.9806],[134.572,33.9808],[134.5719,33.9812],[134.5715,33.9818],[134.5711,33.9822],[134.5709,33.9824],[134.5703,33.9825],[134.5699,33.9823],[134.5698,33.9824],[134.5693,33.9827],[134.5689,33.9829],[134.5688,33.9831],[134.569,33.9835],[134.569,33.9836],[134.5687,33.9842],[134.5686,33.9845],[134.5681,33.9847],[134.5679,33.9849],[134.5676,33.985],[134.5675,33.9852],[134.5679,33.9859],[134.5683,33.986],[134.5685,33.9864],[134.5686,33.9867],[134.568,33.9874],[134.5678,33.9879],[134.5674,33.9887],[134.5672,33.9891],[134.5669,33.9893],[134.5665,33.9895],[134.5658,33.9897],[134.5654,33.99],[134.5652,33.9901],[134.5646,33.9902],[134.5643,33.9904],[134.5642,33.9906],[134.5643,33.9913],[134.5642,33.9915],[134.564,33.9917],[134.5638,33.9918],[134.5634,33.9918],[134.5631,33.9917],[134.5627,33.9913],[134.5624,33.9912],[134.5615,33.9914],[134.5613,33.9914],[134.561,33.9912],[134.5606,33.9908],[134.5604,33.9908],[134.5598,33.9909],[134.5595,33.9905],[134.5593,33.9905],[134.5587,33.9907],[134.5586,33.9906],[134.5584,33.9904],[134.5582,33.9904],[134.5578,33.9905],[134.5572,33.9906],[134.557,33.9906],[134.5567,33.9905],[134.5563,33.9902],[134.5561,33.99],[134.556,33.9899],[134.5552,33.9895],[134.555,33.9896],[134.5547,33.9898],[134.5542,33.9898],[134.5541,33.9896],[134.5541,33.9887],[134.5542,33.9884],[134.5541,33.9883],[134.5538,33.9881],[134.5533,33.9878],[134.5532,33.9878],[134.5527,33.9878],[134.5524,33.9877],[134.5521,33.9876],[134.5517,33.9872],[134.5513,33.9871],[134.5509,33.9871],[134.5502,33.9873],[134.5494,33.9874],[134.5492,33.9875],[134.549,33.9875],[134.5479,33.9873],[134.5474,33.9873],[134.5471,33.9874],[134.547,33.9875],[134.5474,33.9888],[134.5477,33.9904],[134.5479,33.9916],[134.5481,33.9929],[134.5483,33.9937],[134.5486,33.9952],[134.5488,33.9962],[134.549,33.9964],[134.5491,33.9971],[134.5493,33.9977],[134.5494,33.9986],[134.5498,34.0013],[134.5499,34.0016],[134.55,34.0025],[134.5502,34.0029],[134.5508,34.0033],[134.5519,34.0042],[134.5539,34.0059],[134.5551,34.007],[134.5559,34.0078],[134.5564,34.0083],[134.5569,34.009],[134.5572,34.0096],[134.5575,34.0107],[134.5578,34.0118],[134.5581,34.0131],[134.5581,34.0132],[134.5578,34.0142],[134.5577,34.0148],[134.5573,34.0156],[134.5569,34.0165],[134.5568,34.0173],[134.5558,34.0204],[134.556,34.0206],[134.5567,34.0207],[134.5574,34.0209],[134.558,34.0209],[134.5584,34.0211],[134.5596,34.0212],[134.5597,34.0213],[134.5597,34.0215],[134.56,34.0218],[134.5603,34.0217],[134.5606,34.0218],[134.5607,34.0223],[134.5609,34.0227],[134.5612,34.0231],[134.5613,34.0233],[134.5611,34.0246],[134.561,34.0252],[134.5609,34.0254],[134.561,34.0264],[134.5612,34.0269],[134.5612,34.0272],[134.5617,34.0283],[134.5619,34.029],[134.5621,34.029],[134.5623,34.0288],[134.5634,34.0276],[134.5636,34.0272],[134.5636,34.0267],[134.5636,34.0261],[134.5635,34.0252],[134.5635,34.0241],[134.5635,34.0235],[134.5636,34.0231],[134.5638,34.0226],[134.564,34.0219],[134.5643,34.0216],[134.5646,34.021],[134.5649,34.0207],[134.5652,34.0208],[134.5658,34.0208],[134.5661,34.0207],[134.5662,34.021],[134.5667,34.0209],[134.5675,34.0203],[134.568,34.0197],[134.5684,34.0199],[134.5687,34.02],[134.569,34.0203],[134.5697,34.0212],[134.5699,34.0214],[134.5702,34.0213],[134.5706,34.021],[134.5711,34.0208],[134.5714,34.0208],[134.5716,34.0208],[134.572,34.0213],[134.5721,34.0214],[134.5725,34.0213],[134.5728,34.0213],[134.573,34.0215],[134.5733,34.0215],[134.5737,34.0215],[134.5741,34.0215],[134.5746,34.0215],[134.5756,34.0215],[134.5763,34.0213],[134.5766,34.0213],[134.5768,34.0215],[134.5773,34.0217],[134.5778,34.0218],[134.5783,34.0218],[134.5787,34.0218],[134.579,34.022],[134.5795,34.0224],[134.5802,34.0227],[134.5805,34.0229],[134.5809,34.023],[134.5813,34.023],[134.5817,34.0229],[134.5824,34.0225],[134.5829,34.0225],[134.5847,34.0226],[134.5852,34.0226],[134.5859,34.0226],[134.5863,34.0227],[134.5871,34.0225],[134.5874,34.0225],[134.5879,34.0226],[134.5885,34.0228],[134.5887,34.0228],[134.5888,34.0227],[134.5889,34.0224],[134.5895,34.0221],[134.5898,34.0215],[134.59,34.0213],[134.5903,34.0212],[134.5909,34.0211],[134.5917,34.0211],[134.5919,34.021],[134.5921,34.0206],[134.593,34.0197],[134.5933,34.0195],[134.5939,34.019],[134.5944,34.0188],[134.5948,34.0184],[134.5952,34.0182],[134.5954,34.018],[134.5954,34.0176],[134.5956,34.0175],[134.5967,34.0174],[134.5971,34.0174],[134.5975,34.0176],[134.5976,34.0175],[134.5981,34.0173],[134.5983,34.0173],[134.5987,34.0176],[134.5994,34.0179],[134.5997,34.0181],[134.6005,34.0187],[134.6002,34.0189],[134.6002,34.0191],[134.6,34.0191],[134.5995,34.0192],[134.5995,34.0191],[134.5992,34.0188],[134.5991,34.0189],[134.5984,34.0192],[134.5981,34.0195],[134.5979,34.0198],[134.5977,34.0203],[134.5976,34.0207],[134.5976,34.0213],[134.5977,34.0215],[134.5979,34.0215],[134.5981,34.0219],[134.5983,34.0219],[134.5985,34.0222],[134.5985,34.0225],[134.5985,34.0228],[134.5983,34.0231],[134.598,34.023],[134.5975,34.0232],[134.5972,34.0231],[134.5969,34.0231],[134.5966,34.0234],[134.596,34.0236],[134.5955,34.0237],[134.595,34.0238],[134.5945,34.0241],[134.5935,34.0242],[134.5933,34.0244],[134.593,34.0247],[134.5928,34.0251],[134.5926,34.0254],[134.5925,34.0255],[134.5922,34.0255],[134.5919,34.0257],[134.5916,34.0261],[134.5915,34.0266],[134.5913,34.0267],[134.591,34.0272],[134.5908,34.0271],[134.5906,34.0274],[134.5903,34.0276],[134.5901,34.0277],[134.5898,34.0278],[134.5895,34.0277],[134.589,34.0278],[134.5888,34.028],[134.5887,34.0282],[134.5885,34.0288],[134.5884,34.0293],[134.5884,34.03],[134.5886,34.0311],[134.5888,34.0314],[134.5891,34.0319],[134.5894,34.0321],[134.5897,34.0319],[134.5896,34.0318],[134.5902,34.0318],[134.5902,34.032],[134.5905,34.0323],[134.591,34.0325],[134.5914,34.0322],[134.592,34.0323],[134.5926,34.0327],[134.5929,34.0326],[134.5932,34.0325],[134.5933,34.0327],[134.5937,34.0328],[134.5941,34.0327],[134.5941,34.0324],[134.5944,34.0324],[134.595,34.0326],[134.5954,34.0328],[134.5959,34.0328],[134.5959,34.0329],[134.5954,34.0332],[134.5953,34.0334],[134.5954,34.0338],[134.5953,34.0341],[134.5954,34.0343],[134.5953,34.0346],[134.5954,34.0348],[134.5959,34.0349],[134.5959,34.035],[134.5951,34.0352],[134.5951,34.0351],[134.5946,34.0351],[134.594,34.0348],[134.5939,34.035],[134.5937,34.035],[134.5935,34.0351],[134.5931,34.035],[134.5928,34.0347],[134.5925,34.0346],[134.5923,34.0344],[134.5914,34.0342],[134.5909,34.0343],[134.5906,34.0343],[134.5901,34.0345],[134.5899,34.0345],[134.5897,34.0344],[134.5893,34.0345],[134.5892,34.0344],[134.5888,34.0344],[134.5886,34.0342],[134.5882,34.0342],[134.5875,34.0346],[134.5871,34.035],[134.5869,34.0352],[134.5888,34.0384],[134.5892,34.0384],[134.5907,34.0387],[134.5917,34.0389],[134.5918,34.0389],[134.5922,34.0397],[134.5927,34.0411],[134.5934,34.0432],[134.5933,34.0432],[134.5925,34.041],[134.5918,34.039],[134.5894,34.0385],[134.5892,34.0385],[134.5888,34.0385],[134.5902,34.0422],[134.591,34.0446],[134.588,34.0453],[134.5878,34.0455],[134.5877,34.0452],[134.5879,34.0452],[134.5867,34.042],[134.5858,34.0395],[134.5849,34.0399],[134.5857,34.0424],[134.584,34.0428],[134.5852,34.0464],[134.5877,34.0458],[134.588,34.0456],[134.5893,34.0492],[134.5898,34.0505],[134.5894,34.0506],[134.5895,34.0508],[134.588,34.0511],[134.5881,34.0513],[134.5862,34.0516],[134.5856,34.0523],[134.5882,34.0552],[134.5882,34.0555],[134.5884,34.056],[134.5886,34.0564],[134.589,34.0563],[134.5903,34.0559],[134.5906,34.0565],[134.5894,34.0568],[134.5894,34.057],[134.5898,34.0578],[134.5905,34.0589],[134.591,34.0597],[134.5917,34.0606],[134.5922,34.0614],[134.5931,34.0624],[134.5937,34.0634],[134.5939,34.0635],[134.5943,34.0634],[134.5944,34.0636],[134.5941,34.0637],[134.5953,34.0657],[134.596,34.0668],[134.5966,34.0677],[134.5969,34.068],[134.5976,34.0678],[134.5985,34.0675],[134.5976,34.0679],[134.597,34.0681],[134.5974,34.069],[134.5977,34.0696],[134.5978,34.0699],[134.5979,34.0699],[134.598,34.0703],[134.5979,34.0703],[134.5981,34.0711],[134.5985,34.0706],[134.599,34.0702],[134.5994,34.0699],[134.5998,34.0697],[134.5996,34.0692],[134.5998,34.0691],[134.6,34.0695],[134.6002,34.0697],[134.5995,34.07],[134.5991,34.0703],[134.5986,34.0707],[134.5981,34.0713],[134.598,34.0714],[134.5979,34.0718],[134.5977,34.0721],[134.5973,34.0725],[134.5974,34.0727],[134.603,34.0837],[134.603,34.0839],[134.6033,34.0845],[134.6033,34.0848],[134.6034,34.0852],[134.6033,34.0857],[134.6033,34.0861],[134.6035,34.0864],[134.6035,34.0867],[134.6037,34.0869],[134.6038,34.0872],[134.6039,34.0876],[134.6041,34.0879],[134.6045,34.0888],[134.6048,34.0895],[134.605,34.09],[134.6051,34.0907],[134.608,34.0907],[134.608,34.0908],[134.605,34.0908],[134.6048,34.0919],[134.6048,34.0926],[134.6048,34.093],[134.6049,34.0939],[134.6055,34.0956],[134.6058,34.0968],[134.6064,34.0984],[134.6069,34.0996],[134.607,34.0998],[134.6074,34.1009],[134.6038,34.1017],[134.6025,34.1021],[134.6018,34.1024],[134.6015,34.1027],[134.6006,34.104],[134.5997,34.1055],[134.5988,34.1074],[134.5971,34.1124],[134.5966,34.1138],[134.5962,34.1149],[134.5957,34.1158],[134.5949,34.1167],[134.594,34.1178],[134.5932,34.1188],[134.5927,34.1197],[134.5917,34.1212],[134.5904,34.123],[134.5895,34.124],[134.5887,34.1248],[134.5871,34.1261],[134.5857,34.1272],[134.5845,34.1279],[134.5835,34.1285],[134.5802,34.13],[134.5793,34.1301],[134.5761,34.1303],[134.5747,34.1304],[134.5735,34.13],[134.5723,34.1296],[134.571,34.129],[134.57,34.1286],[134.5694,34.1281],[134.5684,34.1275],[134.568,34.1272],[134.5669,34.1261],[134.5664,34.1255],[134.5655,34.1247],[134.5653,34.1246],[134.565,34.1245],[134.5632,34.1243],[134.5619,34.1242],[134.5618,34.1242],[134.5619,34.1233],[134.5619,34.1227],[134.5619,34.1224],[134.5614,34.1219],[134.5602,34.1209],[134.5598,34.1211],[134.5595,34.1213],[134.5585,34.1221],[134.5577,34.122],[134.5576,34.1217],[134.5565,34.119],[134.5562,34.1184],[134.5559,34.118],[134.556,34.1176],[134.5556,34.1168],[134.5551,34.1161],[134.5557,34.1161],[134.5558,34.1151],[134.5564,34.1145],[134.5565,34.1143],[134.5572,34.1135],[134.5574,34.1134],[134.5583,34.1135],[134.5585,34.1134],[134.5585,34.1132],[134.5585,34.1124],[134.5584,34.1121],[134.5581,34.1119],[134.558,34.1117],[134.5581,34.1111],[134.5581,34.1107],[134.5577,34.1104],[134.5565,34.1095],[134.5565,34.1083],[134.5554,34.1082],[134.5543,34.1083],[134.5534,34.1085],[134.5525,34.1087],[134.5524,34.1089],[134.5525,34.1097],[134.5524,34.1103],[134.5517,34.1104],[134.5496,34.1108],[134.5492,34.1108],[134.5486,34.1107],[134.5473,34.1111],[134.546,34.1113],[134.5458,34.1113],[134.545,34.1115],[134.5432,34.112],[134.5424,34.1123],[134.5418,34.1125],[134.5412,34.1126],[134.5403,34.1127],[134.5397,34.1128],[134.5393,34.113],[134.5393,34.1133],[134.5396,34.1137],[134.5396,34.114],[134.5396,34.1142],[134.5393,34.1144],[134.5385,34.1149],[134.5374,34.1157],[134.5371,34.116],[134.5369,34.1165],[134.5367,34.1168],[134.5363,34.1173],[134.5361,34.1177],[134.536,34.118],[134.5359,34.1185],[134.5359,34.1191],[134.5362,34.1206],[134.5356,34.1208],[134.5356,34.1217],[134.5356,34.1222],[134.5352,34.1232],[134.5347,34.124],[134.5342,34.1247],[134.5339,34.1251],[134.5336,34.1253],[134.5328,34.1254],[134.5324,34.1253],[134.5316,34.1252],[134.5307,34.125],[134.5294,34.1247],[134.5294,34.1246],[134.5286,34.1244],[134.5274,34.1242],[134.5261,34.1241],[134.5255,34.1242],[134.5246,34.1243],[134.5234,34.1243],[134.5224,34.1243],[134.5216,34.1241],[134.5213,34.124],[134.5204,34.1235],[134.5201,34.1235],[134.5199,34.1238],[134.5197,34.124],[134.5194,34.124],[134.5192,34.124],[134.5189,34.1237],[134.5183,34.1233],[134.5181,34.1233],[134.5179,34.1234],[134.5173,34.1237],[134.5167,34.1238],[134.5157,34.1242],[134.5155,34.1239],[134.5152,34.1231],[134.515,34.1226],[134.5143,34.1217],[134.5135,34.1207],[134.5129,34.1208],[134.5124,34.121],[134.5119,34.1211],[134.5116,34.1211],[134.5116,34.1202],[134.5109,34.1202],[134.5102,34.1204],[134.5092,34.1207],[134.5088,34.1197],[134.5081,34.1186],[134.5073,34.1188],[134.5071,34.1188],[134.5066,34.1186],[134.5064,34.1184],[134.5058,34.1167],[134.5055,34.1157],[134.5053,34.115],[134.5051,34.1143],[134.5051,34.1134],[134.5052,34.1131],[134.5054,34.1129],[134.5055,34.1127],[134.5049,34.1106],[134.5048,34.1102],[134.5051,34.11],[134.505,34.1096],[134.5051,34.109],[134.5042,34.1089],[134.5023,34.1086],[134.5018,34.1084],[134.4993,34.1078],[134.4979,34.1076],[134.4973,34.1075],[134.497,34.1074],[134.4962,34.1072],[134.4939,34.1068],[134.4935,34.1068],[134.4927,34.1066],[134.4921,34.1066],[134.4914,34.1065],[134.49,34.1065],[134.4891,34.1065],[134.488,34.1066],[134.4858,34.107],[134.4845,34.1073],[134.4828,34.1079],[134.4825,34.108],[134.4813,34.1085],[134.4801,34.1091],[134.4793,34.1096],[134.4781,34.1104],[134.4775,34.1108],[134.4767,34.1114],[134.4757,34.112],[134.4747,34.1125],[134.4735,34.1129],[134.4713,34.1133],[134.4705,34.1134],[134.4699,34.1135],[134.4693,34.1135],[134.4686,34.1134],[134.4681,34.1134],[134.4677,34.1133],[134.4667,34.1131],[134.4659,34.113],[134.4651,34.1128],[134.4637,34.1124],[134.4627,34.1121],[134.4621,34.112],[134.4611,34.1117],[134.4604,34.1115],[134.4595,34.1112],[134.4587,34.111],[134.4591,34.1088],[134.4592,34.1082],[134.4592,34.1078],[134.4593,34.1072],[134.4593,34.1066],[134.4593,34.106],[134.459,34.1059],[134.4591,34.1058],[134.4594,34.1057],[134.4593,34.1052],[134.4592,34.1038],[134.4595,34.1036],[134.4596,34.1033],[134.4594,34.1031],[134.4595,34.1028],[134.4589,34.1022],[134.4592,34.1018],[134.4593,34.1014],[134.4592,34.1012],[134.4591,34.1008],[134.4591,34.1004],[134.4589,34.1002],[134.4583,34.0999],[134.4583,34.0992],[134.4574,34.0985],[134.4565,34.0978],[134.4546,34.099],[134.4543,34.0991],[134.4543,34.0984],[134.4542,34.0974],[134.4541,34.0964],[134.4539,34.0958],[134.4537,34.0944],[134.4535,34.0939],[134.4529,34.0929],[134.4526,34.0921],[134.4526,34.091],[134.4526,34.0905],[134.4527,34.0888],[134.4528,34.0883],[134.4529,34.0866],[134.4529,34.0865],[134.4533,34.0864],[134.4534,34.0866],[134.4532,34.0866],[134.4538,34.0871],[134.454,34.0874],[134.4543,34.088],[134.4544,34.0883],[134.4547,34.0887],[134.4549,34.0888],[134.4561,34.089],[134.457,34.0891],[134.4577,34.0892],[134.4584,34.0893],[134.4588,34.0894],[134.4603,34.0894],[134.4608,34.0894],[134.4614,34.0894],[134.4622,34.0894],[134.4634,34.0891],[134.4639,34.089],[134.4642,34.0887],[134.4649,34.0879],[134.4654,34.0875],[134.4659,34.087],[134.4661,34.0866],[134.466,34.0862],[134.4657,34.0861],[134.4656,34.0862],[134.4655,34.0868],[134.4654,34.0869],[134.4651,34.0868],[134.464,34.0867],[134.4632,34.0867],[134.4625,34.0867],[134.4629,34.085],[134.4633,34.0833],[134.4638,34.0834],[134.464,34.0825],[134.4634,34.0824],[134.4633,34.0823],[134.4633,34.0819],[134.4634,34.0812],[134.4636,34.0805],[134.4636,34.0802],[134.4637,34.0798],[134.4639,34.0796],[134.4642,34.0791],[134.4647,34.0787],[134.4648,34.0784],[134.4644,34.0783],[134.4634,34.078],[134.4636,34.0775],[134.4639,34.0773],[134.4643,34.0761],[134.4644,34.0757],[134.4646,34.075],[134.4645,34.0747],[134.4643,34.0746],[134.4647,34.0738],[134.465,34.0731],[134.4654,34.0727],[134.4658,34.0722],[134.4662,34.0719],[134.4665,34.0717],[134.4673,34.0714],[134.4675,34.0709],[134.4676,34.0702],[134.4678,34.0691],[134.4679,34.0684],[134.4681,34.0676],[134.4683,34.0673],[134.4687,34.0664],[134.4678,34.0662],[134.4677,34.067],[134.4668,34.0669],[134.4669,34.066],[134.4669,34.0646],[134.4673,34.0647],[134.4672,34.0654],[134.4677,34.0655],[134.4679,34.0647],[134.4687,34.0648],[134.4688,34.0639],[134.4689,34.0633],[134.469,34.063],[134.4691,34.0628],[134.4687,34.0627],[134.4687,34.0625],[134.4691,34.0625],[134.4691,34.0621],[134.4683,34.062],[134.4675,34.0618],[134.4666,34.0608],[134.4664,34.0607],[134.4658,34.0606],[134.4655,34.0604],[134.4648,34.0595],[134.4645,34.0594],[134.4638,34.0594],[134.463,34.0595],[134.462,34.0599],[134.4611,34.06],[134.4605,34.06],[134.4601,34.0599],[134.4598,34.0595],[134.4595,34.0592],[134.4591,34.059],[134.4585,34.0588],[134.4582,34.0586],[134.458,34.0581],[134.4577,34.0579],[134.4572,34.0579],[134.4569,34.0579],[134.4562,34.0575],[134.4554,34.0578],[134.4552,34.0577],[134.4546,34.0572],[134.454,34.0571],[134.4539,34.057],[134.4536,34.0565],[134.4534,34.0563],[134.4527,34.0561],[134.4524,34.056],[134.4519,34.0557],[134.4517,34.0557],[134.451,34.0557],[134.4508,34.0556],[134.4504,34.0552],[134.4503,34.055],[134.45,34.0548],[134.4486,34.0547],[134.4473,34.0544],[134.4466,34.0543],[134.446,34.0542],[134.4453,34.0539],[134.4451,34.0538],[134.4451,34.0534],[134.445,34.053],[134.4442,34.0533],[134.4437,34.0532],[134.4435,34.0532],[134.4431,34.0535],[134.4425,34.0536],[134.4418,34.0536],[134.4412,34.0539],[134.4405,34.054],[134.4397,34.0539],[134.4393,34.054],[134.4378,34.0543],[134.4375,34.0543],[134.4367,34.054],[134.4358,34.0537],[134.4356,34.0536],[134.4353,34.0536],[134.435,34.0536],[134.434,34.0534],[134.4335,34.0533],[134.4332,34.0534],[134.4328,34.0533],[134.4325,34.0531],[134.4321,34.053],[134.4318,34.0531],[134.4314,34.0533],[134.431,34.0534],[134.4304,34.0535],[134.43,34.0534],[134.4294,34.0531],[134.4292,34.053],[134.4286,34.0533],[134.4284,34.0533],[134.428,34.0533],[134.4272,34.0531],[134.4264,34.053],[134.4263,34.0528],[134.4263,34.0525],[134.4262,34.0522],[134.4262,34.0513],[134.4261,34.0509],[134.426,34.0506],[134.4258,34.0505],[134.4253,34.0504],[134.4251,34.0503],[134.4249,34.0502],[134.4249,34.05],[134.4247,34.0497],[134.4243,34.0495],[134.4239,34.049],[134.4236,34.0488],[134.4227,34.0485],[134.4225,34.0484],[134.4226,34.0481],[134.4229,34.0473],[134.4233,34.0463],[134.4236,34.045],[134.4237,34.0448],[134.4243,34.0445],[134.4245,34.0442],[134.4245,34.0439],[134.4247,34.0436],[134.4249,34.0435],[134.4258,34.0432],[134.4262,34.0433],[134.4265,34.043],[134.4265,34.0426],[134.4266,34.0424],[134.4273,34.0417],[134.4277,34.0413],[134.4281,34.0411],[134.4283,34.0409],[134.4286,34.0404],[134.4287,34.0402],[134.4292,34.04],[134.4293,34.0398],[134.4293,34.0394],[134.4292,34.0389],[134.4294,34.0385],[134.4294,34.0382],[134.4292,34.0377],[134.4291,34.0369],[134.4289,34.0362],[134.4288,34.0357],[134.4289,34.0351],[134.4289,34.0344],[134.429,34.034],[134.4289,34.0332],[134.429,34.0327],[134.429,34.0321],[134.429,34.0319],[134.429,34.0314],[134.4287,34.0312],[134.4286,34.0309],[134.4287,34.0304],[134.4286,34.0298],[134.4284,34.0295],[134.4283,34.0292],[134.428,34.0288],[134.4277,34.0286],[134.4274,34.0282],[134.4269,34.0278],[134.4268,34.0277],[134.4268,34.0274],[134.4272,34.0268],[134.4273,34.0264],[134.4273,34.0259],[134.4273,34.0257],[134.4275,34.0255],[134.428,34.0251],[134.4284,34.0248],[134.429,34.0243],[134.4299,34.0243],[134.4307,34.0241],[134.4311,34.024],[134.4314,34.0237],[134.4318,34.023],[134.4321,34.0229],[134.4325,34.0226],[134.433,34.0222],[134.4335,34.0218],[134.4343,34.0214],[134.4345,34.0213],[134.435,34.0207],[134.4351,34.0203],[134.4354,34.0193],[134.4353,34.0188],[134.4354,34.0186],[134.4356,34.0182],[134.4359,34.018],[134.4364,34.018],[134.4368,34.0179],[134.4373,34.018],[134.4377,34.0181],[134.4381,34.0182],[134.4382,34.0182],[134.4383,34.0179],[134.4384,34.0178],[134.4389,34.0179],[134.4395,34.0178],[134.4403,34.0178],[134.4403,34.0176],[134.4409,34.0177],[134.4414,34.0176],[134.4419,34.0176],[134.4423,34.0178],[134.4429,34.0189],[134.443,34.0191],[134.4431,34.0197],[134.4435,34.02],[134.4439,34.0202],[134.4441,34.0203],[134.4442,34.0205],[134.4444,34.0209],[134.4445,34.021],[134.4447,34.021],[134.4451,34.0206],[134.4456,34.0204],[134.4461,34.0203],[134.4465,34.0203],[134.4468,34.0203],[134.4472,34.0203],[134.4483,34.0205],[134.4489,34.0206],[134.449,34.0207],[134.4493,34.0207],[134.4503,34.0208],[134.4507,34.0204],[134.4508,34.0198],[134.451,34.0195],[134.4516,34.0189],[134.4518,34.0186],[134.4521,34.0184],[134.4526,34.0174],[134.453,34.0169],[134.453,34.0159],[134.4531,34.0155],[134.4534,34.0151],[134.4533,34.0145],[134.4532,34.0142],[134.4524,34.0134],[134.4522,34.013],[134.4519,34.0127],[134.4518,34.0123],[134.4517,34.0116],[134.4517,34.0114],[134.4511,34.0104],[134.4504,34.0097],[134.4501,34.0094],[134.4499,34.0089],[134.4496,34.0084],[134.4497,34.0084],[134.4502,34.0083],[134.4505,34.0081],[134.451,34.0077],[134.4513,34.0076],[134.4516,34.0076],[134.4524,34.0081],[134.4529,34.0083],[134.4534,34.0084],[134.454,34.0084],[134.4547,34.0082],[134.4551,34.008],[134.4558,34.0078],[134.4561,34.0076],[134.4566,34.0071],[134.4571,34.0069],[134.4574,34.0068],[134.4584,34.0067],[134.4588,34.0065],[134.4592,34.0062],[134.4595,34.0064],[134.46,34.0065],[134.4606,34.0064],[134.4612,34.0064],[134.4618,34.0071],[134.4624,34.0073],[134.463,34.0075],[134.4636,34.0078],[134.4639,34.0079],[134.4642,34.0081],[134.4647,34.0086],[134.4652,34.0088],[134.4654,34.009],[134.4656,34.0093],[134.4661,34.0096],[134.4664,34.0098],[134.4665,34.0101],[134.4666,34.0103],[134.4663,34.0109],[134.4666,34.0117],[134.4666,34.0121],[134.4665,34.0127],[134.4665,34.0132],[134.4665,34.0138],[134.4666,34.0142],[134.4668,34.0145],[134.467,34.0149],[134.4675,34.0157],[134.4681,34.0157],[134.4684,34.0157],[134.4691,34.016],[134.4694,34.016],[134.47,34.0162],[134.4705,34.0163],[134.4713,34.0165],[134.4724,34.0165],[134.4724,34.0172],[134.4724,34.0176],[134.4724,34.0183],[134.4726,34.0185],[134.4728,34.0187],[134.4734,34.0191],[134.4737,34.0193],[134.474,34.0197],[134.4742,34.0198],[134.4746,34.0198],[134.4752,34.02],[134.4755,34.0203],[134.4758,34.0208],[134.476,34.0209],[134.4763,34.0209],[134.4768,34.0208],[134.4775,34.0207],[134.4779,34.0207],[134.4787,34.0209],[134.4795,34.021],[134.4801,34.021],[134.4805,34.0211],[134.4807,34.0214],[134.481,34.0216],[134.4814,34.0218],[134.4817,34.022],[134.4819,34.0223],[134.4822,34.0224],[134.483,34.0224],[134.4835,34.0224],[134.4841,34.0222],[134.4846,34.022],[134.4849,34.0219],[134.4855,34.0219],[134.4861,34.0218],[134.4871,34.0214],[134.4883,34.0209],[134.4888,34.0206],[134.4892,34.0205],[134.4895,34.0203],[134.4899,34.0199],[134.49,34.0197],[134.4901,34.0191],[134.4901,34.0187],[134.4902,34.0185],[134.4908,34.0173],[134.4913,34.0166],[134.4917,34.0162],[134.4921,34.0161],[134.4924,34.0156],[134.4926,34.0151],[134.4929,34.0147],[134.4933,34.0143],[134.4935,34.0143],[134.4943,34.0143],[134.4944,34.014],[134.4948,34.0137],[134.4951,34.0137],[134.4957,34.0137],[134.4959,34.0137],[134.4964,34.014],[134.4968,34.0141],[134.4973,34.0141],[134.4975,34.0142],[134.4976,34.014],[134.4979,34.0135],[134.4981,34.0134],[134.4988,34.0135],[134.4991,34.0135],[134.4992,34.0132],[134.4987,34.0125],[134.4986,34.0122],[134.4983,34.012],[134.4977,34.0117],[134.4972,34.0112],[134.4964,34.0111],[134.4958,34.0109],[134.4954,34.0107],[134.4952,34.01],[134.4948,34.0094],[134.4943,34.0085],[134.4943,34.0083],[134.4946,34.008],[134.4948,34.0076],[134.4952,34.0073],[134.4956,34.0068],[134.4958,34.0063],[134.4959,34.006],[134.4959,34.0058],[134.4955,34.0055],[134.4956,34.005],[134.4959,34.0043],[134.4964,34.0033],[134.4964,34.0029],[134.4966,34.0025],[134.4966,34.0023],[134.4965,34.002],[134.496,34.0014],[134.496,34.0013],[134.4963,34.0011],[134.4963,34.0008],[134.4963,34.0005],[134.4963,34.0001],[134.4959,33.9993],[134.4959,33.9992],[134.4962,33.9986],[134.4964,33.9983],[134.4969,33.9981],[134.497,33.9979],[134.4971,33.9973],[134.4971,33.997],[134.4971,33.9964],[134.4972,33.9956],[134.4972,33.9952],[134.497,33.9948],[134.4967,33.9944],[134.4965,33.9941],[134.4963,33.9934],[134.4961,33.9933],[134.4949,33.9934],[134.4944,33.9933],[134.4935,33.9934],[134.4931,33.9934],[134.4928,33.993],[134.4925,33.9925],[134.4921,33.9925],[134.4917,33.9923],[134.4915,33.9922],[134.4907,33.9913],[134.4899,33.991],[134.4893,33.9908],[134.4884,33.9901],[134.4873,33.9894],[134.4869,33.9892],[134.4869,33.989],[134.4871,33.9878],[134.4871,33.9877],[134.4869,33.9874],[134.4868,33.987],[134.4864,33.9861],[134.486,33.9856],[134.4857,33.9854],[134.4855,33.9852],[134.4853,33.9846],[134.485,33.9843],[134.4843,33.9838],[134.4837,33.9835],[134.4833,33.9834],[134.4826,33.9832],[134.482,33.983],[134.4818,33.9829],[134.4818,33.9818],[134.4818,33.9815],[134.4816,33.981],[134.4814,33.9807],[134.4811,33.9802],[134.4814,33.9797],[134.4817,33.9791],[134.482,33.9781],[134.4822,33.9777],[134.4825,33.9772],[134.4826,33.977],[134.4835,33.9762],[134.4844,33.9759],[134.485,33.9758],[134.4854,33.9756],[134.4854,33.9754],[134.4854,33.9747],[134.4852,33.974],[134.4852,33.9738],[134.4854,33.9732],[134.4856,33.973],[134.486,33.9726],[134.4861,33.9723],[134.4863,33.9715],[134.4863,33.9712],[134.4866,33.971],[134.4867,33.9708],[134.4868,33.9705],[134.4868,33.9704],[134.4866,33.97],[134.4867,33.9696],[134.4869,33.9694],[134.4869,33.9689],[134.4865,33.9686],[134.4866,33.9682],[134.4866,33.968]],[[134.5897,34.0499],[134.5901,34.0509],[134.5905,34.0509],[134.5905,34.0506],[134.5918,34.0504],[134.5921,34.0503],[134.5921,34.0502],[134.5956,34.0496],[134.5958,34.0494],[134.5961,34.0493],[134.5955,34.0478],[134.5951,34.0478],[134.5947,34.0468],[134.5944,34.046],[134.5937,34.0439],[134.5936,34.0441],[134.5938,34.0445],[134.5907,34.0453],[134.5919,34.0488],[134.5898,34.0491],[134.5897,34.0496],[134.5897,34.0499]],[[134.5905,34.0559],[134.5908,34.0564],[134.5912,34.0563],[134.5914,34.0563],[134.5924,34.0581],[134.595,34.063],[134.5949,34.0632],[134.5944,34.0633],[134.5946,34.0635],[134.595,34.0634],[134.5953,34.0635],[134.5962,34.0652],[134.5971,34.0669],[134.5968,34.0671],[134.5966,34.0674],[134.5969,34.0678],[134.5971,34.0677],[134.5977,34.0675],[134.598,34.0672],[134.5981,34.0672],[134.5986,34.0671],[134.5987,34.0672],[134.599,34.0673],[134.5993,34.0673],[134.6004,34.0694],[134.6005,34.0693],[134.5994,34.0673],[134.5993,34.0672],[134.599,34.0665],[134.6037,34.0648],[134.6038,34.0647],[134.6031,34.0634],[134.6039,34.063],[134.6066,34.062],[134.604,34.0572],[134.6032,34.0558],[134.6034,34.0557],[134.6034,34.0539],[134.6034,34.053],[134.6034,34.0511],[134.6033,34.051],[134.6033,34.0537],[134.6033,34.0557],[134.5996,34.0571],[134.598,34.054],[134.5976,34.0534],[134.5952,34.054],[134.5951,34.0537],[134.5946,34.0538],[134.5941,34.0526],[134.5971,34.0508],[134.5966,34.051],[134.5942,34.0525],[134.5941,34.0526],[134.5941,34.0528],[134.5948,34.0544],[134.5941,34.0547],[134.5939,34.0542],[134.5938,34.0542],[134.594,34.0547],[134.5934,34.0549],[134.5932,34.0544],[134.5931,34.0545],[134.5933,34.0549],[134.5927,34.0551],[134.5925,34.0546],[134.5923,34.0547],[134.5925,34.0551],[134.5925,34.0552],[134.5917,34.0555],[134.5911,34.0557],[134.5908,34.0557],[134.5902,34.0545],[134.5901,34.0545],[134.5907,34.0557],[134.5905,34.0558],[134.5905,34.0559]],[[134.6,34.0193],[134.6002,34.0194],[134.6004,34.0193],[134.6002,34.0192],[134.6,34.0193]],[[134.599,34.0232],[134.5991,34.0231],[134.5986,34.0229],[134.5985,34.023],[134.5986,34.0232],[134.599,34.0232]],[[134.5924,34.0325],[134.5927,34.0322],[134.5926,34.0321],[134.5924,34.0321],[134.5922,34.0323],[134.5924,34.0325]],[[134.5959,34.0325],[134.5956,34.0324],[134.5952,34.0325],[134.5953,34.0327],[134.5955,34.0326],[134.5958,34.0326],[134.5959,34.0325]],[[134.5954,34.0417],[134.5956,34.0416],[134.5964,34.0438],[134.5966,34.0444],[134.5972,34.0459],[134.5972,34.046],[134.5962,34.0431],[134.5958,34.0421],[134.5951,34.04],[134.5947,34.0391],[134.5924,34.0397],[134.5944,34.0392],[134.5948,34.0392],[134.5953,34.0408],[134.5956,34.0416],[134.5954,34.0417]],[[134.5985,34.0678],[134.5992,34.0691],[134.5994,34.0691],[134.5987,34.0677],[134.5985,34.0678]]]},"properties":{"N03_001":"徳島県","N03_002":"","N03_003":"","N03_004":"徳島市","N03_007":"36201"}},
{"type":"Feature","geometry":{"type":"Polygon","coordinates":[[[134.4868,34.1479],[134.4871,34.148],[134.4877,34.1482],[134.4883,34.1482],[134.489,34.1483],[134.4897,34.1482],[134.4904,34.1482],[134.4916,34.1481],[134.4919,34.148],[134.4927,34.1477],[134.4932,34.1474],[134.4937,34.1471],[134.495,34.1463],[134.4955,34.146],[134.4962,34.1455],[134.4969,34.1449],[134.4973,34.1445],[134.4981,34.1439],[134.4986,34.1434],[134.4991,34.143],[134.4996,34.1427],[134.5003,34.1423],[134.501,34.1421],[134.5022,34.1419],[134.5024,34.1419],[134.5025,34.1421],[134.5028,34.144],[134.5029,34.1441],[134.5031,34.1441],[134.5055,34.1437],[134.5068,34.1434],[134.5084,34.1431],[134.5096,34.1429],[134.5104,34.1429],[134.5107,34.1428],[134.5111,34.1424],[134.5113,34.1423],[134.5119,34.1421],[134.5123,34.1421],[134.513,34.1419],[134.5135,34.1417],[134.5141,34.1415],[134.5141,34.1413],[134.5137,34.1402],[134.5137,34.14],[134.5166,34.1392],[134.5171,34.1389],[134.517,34.1383],[134.517,34.1379],[134.517,34.1377],[134.5174,34.1374],[134.5187,34.1369],[134.5216,34.1356],[134.5213,34.1349],[134.5251,34.1331],[134.527,34.1322],[134.5276,34.1319],[134.5286,34.1316],[134.5291,34.1314],[134.53,34.131],[134.5304,34.1314],[134.5311,34.132],[134.5313,34.1323],[134.5314,34.1326],[134.5315,34.1331],[134.5325,34.1338],[134.5332,34.1337],[134.5342,34.1337],[134.5344,34.1339],[134.5349,34.134],[134.5362,34.1343],[134.5371,34.1347],[134.5375,34.135],[134.5378,34.1353],[134.5381,34.1356],[134.5384,34.1361],[134.5385,34.1364],[134.5387,34.1369],[134.539,34.1376],[134.5392,34.1381],[134.5402,34.1391],[134.5407,34.1398],[134.5409,34.1399],[134.5416,34.1398],[134.5424,34.1397],[134.5436,34.1397],[134.5452,34.1398],[134.5471,34.1399],[134.5471,34.1403],[134.5472,34.1405],[134.5474,34.1406],[134.5483,34.1407],[134.549,34.1408],[134.5499,34.1407],[134.5502,34.1407],[134.5503,34.1409],[134.5512,34.1409],[134.5517,34.1409],[134.552,34.1409],[134.552,34.1413],[134.5521,34.1413],[134.5525,34.1413],[134.5534,34.141],[134.5545,34.1407],[134.5546,34.1406],[134.5543,34.1402],[134.5548,34.1401],[134.555,34.1403],[134.5556,34.1403],[134.5557,34.1404],[134.5563,34.1405],[134.5566,34.1406],[134.5567,34.1409],[134.5571,34.1412],[134.559,34.1428],[134.5594,34.1432],[134.5597,34.1438],[134.56,34.1446],[134.5602,34.145],[134.5606,34.1457],[134.561,34.1463],[134.5614,34.1472],[134.5617,34.1477],[134.5625,34.1488],[134.5628,34.1493],[134.5638,34.1503],[134.564,34.151],[134.5643,34.1512],[134.5665,34.1501],[134.5672,34.1499],[134.5684,34.1493],[134.5687,34.1493],[134.569,34.1493],[134.5695,34.1495],[134.5699,34.1497],[134.5701,34.1501],[134.5701,34.1509],[134.5701,34.1512],[134.57,34.1515],[134.5697,34.152],[134.5694,34.1531],[134.5693,34.1535],[134.5693,34.1539],[134.5694,34.1546],[134.5695,34.1548],[134.5697,34.1549],[134.5699,34.1549],[134.5704,34.1549],[134.571,34.1546],[134.5716,34.1545],[134.573,34.1542],[134.5733,34.1542],[134.5738,34.1542],[134.5743,34.1543],[134.5751,34.1546],[134.5763,34.1551],[134.5767,34.1554],[134.5769,34.1554],[134.5778,34.1551],[134.5792,34.1545],[134.5803,34.154],[134.5807,34.1538],[134.581,34.1537],[134.5822,34.1535],[134.5824,34.1534],[134.583,34.153],[134.5837,34.1525],[134.5839,34.1522],[134.5841,34.152],[134.5844,34.1515],[134.5847,34.1507],[134.5849,34.1502],[134.585,34.1496],[134.585,34.1491],[134.5851,34.1489],[134.5862,34.1481],[134.5866,34.1478],[134.5876,34.1475],[134.5888,34.147],[134.5908,34.1465],[134.591,34.1464],[134.5911,34.1462],[134.5912,34.1458],[134.5914,34.145],[134.5915,34.145],[134.593,34.1457],[134.5941,34.1461],[134.5963,34.1467],[134.5974,34.1468],[134.5976,34.1469],[134.5983,34.1476],[134.599,34.1472],[134.5991,34.1471],[134.6002,34.148],[134.6008,34.1485],[134.6025,34.1478],[134.614,34.1432],[134.6148,34.1428],[134.6186,34.1413],[134.6195,34.1409],[134.6197,34.1414],[134.6238,34.1423],[134.6247,34.1423],[134.6247,34.1424],[134.6239,34.1423],[134.6197,34.1414],[134.6162,34.1444],[134.6168,34.1448],[134.6185,34.1463],[134.6187,34.1462],[134.619,34.1466],[134.6191,34.1465],[134.6202,34.1461],[134.6211,34.1456],[134.6212,34.1457],[134.6202,34.1461],[134.6192,34.1466],[134.6193,34.1469],[134.6192,34.147],[134.6198,34.148],[134.6206,34.1491],[134.6207,34.1492],[134.6217,34.1506],[134.6224,34.1517],[134.6227,34.152],[134.6228,34.152],[134.6231,34.1524],[134.6237,34.1529],[134.6245,34.1539],[134.625,34.1546],[134.6253,34.1549],[134.6259,34.1554],[134.6264,34.1561],[134.6268,34.1567],[134.6271,34.1573],[134.6275,34.1579],[134.6277,34.1581],[134.6284,34.1586],[134.6294,34.1594],[134.6298,34.1598],[134.6301,34.1603],[134.6303,34.1607],[134.6298,34.161],[134.63,34.161],[134.6302,34.161],[134.6303,34.1613],[134.6306,34.1617],[134.6311,34.1625],[134.6314,34.1629],[134.6319,34.1633],[134.6323,34.1638],[134.6327,34.1642],[134.6337,34.1648],[134.6341,34.1652],[134.6343,34.1658],[134.6345,34.1664],[134.6347,34.1665],[134.6345,34.1666],[134.6346,34.1669],[134.635,34.1673],[134.6354,34.1676],[134.6358,34.1681],[134.636,34.1684],[134.6362,34.1689],[134.6363,34.1692],[134.6366,34.1696],[134.637,34.17],[134.6375,34.1705],[134.6378,34.1709],[134.6379,34.1711],[134.638,34.1716],[134.6382,34.1721],[134.6382,34.1724],[134.6387,34.1734],[134.6388,34.1735],[134.639,34.1739],[134.6394,34.1747],[134.6396,34.1752],[134.6399,34.1756],[134.6403,34.1759],[134.6409,34.1763],[134.6412,34.1765],[134.6413,34.1767],[134.6412,34.177],[134.6412,34.1772],[134.6415,34.1773],[134.6416,34.1775],[134.6406,34.1779],[134.6408,34.1783],[134.6409,34.1787],[134.6414,34.1794],[134.6415,34.1795],[134.6419,34.18],[134.6418,34.1803],[134.6417,34.1804],[134.6412,34.1805],[134.641,34.1806],[134.6407,34.181],[134.64,34.1811],[134.6397,34.1813],[134.6395,34.1814],[134.6388,34.1814],[134.638,34.1815],[134.6378,34.1816],[134.6375,34.1816],[134.6372,34.1815],[134.6367,34.1815],[134.6362,34.1814],[134.6356,34.1813],[134.6351,34.1813],[134.6348,34.1813],[134.6346,34.1812],[134.634,34.1813],[134.6335,34.1814],[134.6334,34.1813],[134.6329,34.1816],[134.6326,34.1818],[134.6326,34.1816],[134.6324,34.1814],[134.6321,34.1814],[134.6319,34.1812],[134.6312,34.1813],[134.6309,34.1812],[134.6301,34.1809],[134.6295,34.1807],[134.6291,34.1807],[134.6272,34.1805],[134.626,34.1808],[134.6257,34.1808],[134.6247,34.1811],[134.6248,34.181],[134.6248,34.1807],[134.6247,34.1806],[134.6244,34.1807],[134.6239,34.181],[134.6236,34.1813],[134.6235,34.1819],[134.6241,34.1816],[134.6234,34.1823],[134.6232,34.1822],[134.6228,34.182],[134.6223,34.1825],[134.6214,34.1834],[134.6205,34.1841],[134.6206,34.1843],[134.6203,34.1843],[134.6194,34.1851],[134.6195,34.1853],[134.6194,34.1855],[134.6193,34.1856],[134.6175,34.1864],[134.6159,34.1875],[134.616,34.1876],[134.6149,34.1882],[134.6132,34.1891],[134.6129,34.1892],[134.612,34.1904],[134.6116,34.1907],[134.6111,34.1908],[134.6096,34.1911],[134.6085,34.1913],[134.6069,34.1917],[134.6068,34.192],[134.6067,34.1921],[134.6069,34.1928],[134.6073,34.1929],[134.6075,34.1928],[134.6075,34.1929],[134.6091,34.1925],[134.6114,34.1918],[134.6115,34.1919],[134.6091,34.1925],[134.6075,34.193],[134.6075,34.1929],[134.6072,34.193],[134.607,34.1929],[134.6067,34.1929],[134.6063,34.1918],[134.6041,34.1924],[134.6037,34.1926],[134.6034,34.1928],[134.6034,34.1929],[134.6028,34.1929],[134.6028,34.1928],[134.6022,34.1928],[134.6013,34.193],[134.6007,34.1932],[134.6001,34.1934],[134.6,34.1935],[134.5989,34.1939],[134.5984,34.1941],[134.5981,34.1943],[134.5974,34.1946],[134.5971,34.195],[134.5966,34.1951],[134.5958,34.1953],[134.5955,34.1953],[134.5948,34.1956],[134.5944,34.1959],[134.5945,34.196],[134.5942,34.1962],[134.5936,34.1967],[134.593,34.197],[134.593,34.1969],[134.5921,34.1975],[134.5918,34.1976],[134.5917,34.1979],[134.5912,34.198],[134.5909,34.1982],[134.5902,34.1987],[134.5895,34.1989],[134.5894,34.199],[134.5894,34.1991],[134.5889,34.1995],[134.5888,34.1996],[134.5884,34.1999],[134.5877,34.2005],[134.5872,34.2007],[134.5869,34.2009],[134.5867,34.2009],[134.5863,34.2011],[134.5865,34.2012],[134.5865,34.2013],[134.5855,34.2018],[134.5857,34.2021],[134.5855,34.2025],[134.585,34.2032],[134.5848,34.2032],[134.5846,34.2031],[134.5841,34.2041],[134.5841,34.2043],[134.5851,34.2045],[134.5851,34.2046],[134.5848,34.2053],[134.5846,34.2055],[134.5844,34.2056],[134.5844,34.2058],[134.5846,34.206],[134.5841,34.2065],[134.5836,34.2075],[134.5834,34.2079],[134.583,34.209],[134.5824,34.2103],[134.5823,34.2105],[134.583,34.2104],[134.5831,34.2105],[134.5827,34.2116],[134.5825,34.2122],[134.5822,34.2125],[134.5816,34.2125],[134.5816,34.2126],[134.582,34.2127],[134.5828,34.213],[134.5831,34.2129],[134.5838,34.213],[134.5842,34.2128],[134.5844,34.213],[134.5844,34.2132],[134.5858,34.2153],[134.5862,34.2154],[134.5864,34.2157],[134.5862,34.2158],[134.5864,34.2161],[134.5866,34.2161],[134.587,34.2159],[134.5874,34.2165],[134.5873,34.2165],[134.5869,34.2159],[134.5866,34.2161],[134.5862,34.2161],[134.5862,34.2162],[134.5863,34.2163],[134.5865,34.2163],[134.5867,34.2164],[134.5876,34.2176],[134.5873,34.2179],[134.5872,34.2182],[134.5874,34.2186],[134.5875,34.2187],[134.5877,34.2186],[134.5881,34.2188],[134.5881,34.219],[134.5885,34.2194],[134.5886,34.2194],[134.5889,34.2197],[134.5888,34.2199],[134.5891,34.2202],[134.5891,34.2204],[134.5889,34.2205],[134.5891,34.2207],[134.5891,34.2209],[134.5888,34.2211],[134.5885,34.2211],[134.5882,34.2213],[134.5888,34.2221],[134.589,34.2228],[134.5895,34.2234],[134.5896,34.2235],[134.5905,34.2241],[134.5905,34.2244],[134.5904,34.2248],[134.5899,34.225],[134.5896,34.2251],[134.5893,34.2253],[134.5891,34.2258],[134.5891,34.2261],[134.5888,34.2266],[134.5886,34.2268],[134.5883,34.2269],[134.5881,34.227],[134.588,34.2273],[134.5876,34.2279],[134.5874,34.2279],[134.5872,34.228],[134.587,34.2283],[134.5871,34.2285],[134.5871,34.2293],[134.5869,34.2301],[134.5868,34.2302],[134.5865,34.2305],[134.5865,34.231],[134.5866,34.2311],[134.5865,34.2313],[134.5864,34.2317],[134.5863,34.2321],[134.5862,34.2324],[134.5864,34.2328],[134.5868,34.2335],[134.5869,34.2339],[134.5874,34.2341],[134.5878,34.2345],[134.5877,34.2347],[134.5876,34.2352],[134.5879,34.2357],[134.5882,34.2361],[134.5887,34.2364],[134.5889,34.2371],[134.5892,34.2372],[134.5897,34.237],[134.589,34.2362],[134.5891,34.2362],[134.5903,34.2376],[134.5903,34.2379],[134.5902,34.238],[134.5893,34.2387],[134.5889,34.2389],[134.5889,34.239],[134.5874,34.2396],[134.5877,34.2401],[134.5892,34.2396],[134.5876,34.2402],[134.5873,34.2396],[134.5869,34.2395],[134.5866,34.2396],[134.5862,34.2398],[134.5861,34.2398],[134.5855,34.2398],[134.5851,34.2398],[134.5846,34.2397],[134.5845,34.2397],[134.5832,34.2392],[134.582,34.2389],[134.5816,34.2389],[134.5811,34.2388],[134.5807,34.2388],[134.5805,34.2388],[134.5797,34.2387],[134.5792,34.2387],[134.5786,34.2387],[134.5782,34.2387],[134.5777,34.2387],[134.5773,34.2387],[134.5764,34.2384],[134.5753,34.2381],[134.5747,34.2381],[134.574,34.238],[134.5735,34.238],[134.5722,34.2377],[134.5718,34.2376],[134.5708,34.2374],[134.5703,34.2371],[134.5694,34.2364],[134.5684,34.2357],[134.5679,34.2353],[134.5676,34.2349],[134.5668,34.2341],[134.5666,34.2338],[134.5662,34.2331],[134.5661,34.2328],[134.566,34.2327],[134.566,34.2323],[134.5659,34.2317],[134.5658,34.2315],[134.5658,34.2307],[134.5659,34.2306],[134.566,34.2303],[134.5666,34.2294],[134.5685,34.2279],[134.5687,34.2271],[134.5688,34.2274],[134.5694,34.2273],[134.5695,34.2276],[134.5702,34.2272],[134.5714,34.227],[134.5715,34.2271],[134.572,34.2271],[134.572,34.227],[134.5724,34.227],[134.5726,34.227],[134.5729,34.2269],[134.5731,34.2266],[134.5732,34.2263],[134.5733,34.2255],[134.5736,34.225],[134.5737,34.2248],[134.5734,34.2246],[134.5731,34.2243],[134.5738,34.2237],[134.5735,34.2236],[134.5723,34.2226],[134.5723,34.2225],[134.5712,34.2233],[134.5715,34.2235],[134.5711,34.2239],[134.5715,34.2243],[134.5712,34.2245],[134.57,34.2235],[134.5699,34.2227],[134.5697,34.2224],[134.5689,34.2224],[134.5685,34.2226],[134.5682,34.2227],[134.568,34.223],[134.568,34.2232],[134.5683,34.2233],[134.5682,34.2235],[134.5681,34.2236],[134.5678,34.2245],[134.5677,34.2247],[134.5674,34.2248],[134.5671,34.2247],[134.5667,34.2249],[134.5662,34.2251],[134.5656,34.2251],[134.5651,34.225],[134.5645,34.2248],[134.564,34.2247],[134.5632,34.2238],[134.5627,34.2234],[134.5619,34.2227],[134.5615,34.2224],[134.5609,34.2221],[134.5601,34.2218],[134.5594,34.2216],[134.559,34.2216],[134.5591,34.2214],[134.5594,34.2214],[134.5595,34.2211],[134.559,34.221],[134.5588,34.2214],[134.5586,34.2213],[134.5586,34.2215],[134.5584,34.2215],[134.5582,34.2217],[134.5582,34.222],[134.5581,34.222],[134.5572,34.2219],[134.5566,34.222],[134.5564,34.2221],[134.5562,34.2221],[134.5557,34.2222],[134.5545,34.2223],[134.5539,34.2224],[134.5529,34.2228],[134.5506,34.2233],[134.55,34.2234],[134.5496,34.2235],[134.5481,34.2235],[134.5474,34.2236],[134.547,34.2237],[134.5471,34.224],[134.5468,34.224],[134.5468,34.2242],[134.546,34.2244],[134.5459,34.2242],[134.5446,34.2245],[134.5442,34.2249],[134.5442,34.2251],[134.5447,34.2254],[134.5461,34.225],[134.5466,34.2251],[134.5478,34.2247],[134.5478,34.2248],[134.5466,34.2251],[134.5461,34.225],[134.5447,34.2255],[134.5447,34.2256],[134.5441,34.2258],[134.5439,34.2258],[134.5437,34.2256],[134.5435,34.2257],[134.543,34.2257],[134.5425,34.2258],[134.5422,34.2261],[134.5418,34.2263],[134.5414,34.2264],[134.5406,34.2263],[134.5404,34.2263],[134.5391,34.2262],[134.5377,34.226],[134.5374,34.226],[134.5373,34.2261],[134.5367,34.226],[134.5345,34.2263],[134.5339,34.2263],[134.5333,34.2263],[134.5328,34.2264],[134.5324,34.2266],[134.5323,34.2268],[134.5318,34.2268],[134.5312,34.2268],[134.5305,34.2267],[134.5303,34.2268],[134.5301,34.2267],[134.5301,34.2265],[134.5293,34.2262],[134.5291,34.2262],[134.529,34.2261],[134.5285,34.2259],[134.5262,34.2254],[134.526,34.2254],[134.5256,34.2254],[134.5253,34.2255],[134.5251,34.2257],[134.524,34.2256],[134.5239,34.2253],[134.5228,34.2254],[134.5228,34.2255],[134.5222,34.2257],[134.5225,34.2261],[134.5226,34.2261],[134.5235,34.2261],[134.5241,34.2262],[134.5252,34.2265],[134.5251,34.2266],[134.5241,34.2262],[134.5236,34.2262],[134.5226,34.2262],[134.5225,34.2262],[134.5215,34.2261],[134.5213,34.2258],[134.5209,34.2257],[134.5204,34.2256],[134.5204,34.2255],[134.5196,34.2256],[134.5196,34.2257],[134.5183,34.2261],[134.5179,34.2262],[134.5177,34.2263],[134.5172,34.2262],[134.517,34.226],[134.5157,34.226],[134.5148,34.2261],[134.5146,34.2261],[134.5137,34.2262],[134.513,34.2262],[134.5129,34.2262],[134.512,34.226],[134.511,34.2259],[134.5095,34.2259],[134.508,34.2259],[134.5065,34.2258],[134.5056,34.2257],[134.5039,34.2253],[134.5031,34.2251],[134.5023,34.225],[134.5014,34.2248],[134.5005,34.2248],[134.4986,34.2246],[134.4977,34.2246],[134.4965,34.2244],[134.4958,34.2242],[134.4953,34.2241],[134.4945,34.2237],[134.4938,34.2233],[134.4933,34.223],[134.4903,34.221],[134.4892,34.2205],[134.4891,34.2206],[134.488,34.2205],[134.4873,34.2202],[134.4869,34.2201],[134.4864,34.22],[134.4861,34.22],[134.4857,34.2197],[134.4851,34.2192],[134.4843,34.2189],[134.4838,34.2188],[134.4837,34.2183],[134.4834,34.2181],[134.483,34.2179],[134.4827,34.2176],[134.4825,34.2174],[134.4823,34.2171],[134.4821,34.217],[134.482,34.2167],[134.4817,34.2165],[134.4817,34.2164],[134.4813,34.216],[134.4807,34.2155],[134.4806,34.2153],[134.4802,34.2154],[134.4798,34.2151],[134.479,34.214],[134.4785,34.2138],[134.4774,34.2128],[134.478,34.2133],[134.4781,34.2132],[134.4786,34.2137],[134.479,34.2139],[134.4799,34.215],[134.4802,34.2153],[134.4808,34.2151],[134.4805,34.2144],[134.48,34.2136],[134.4799,34.2135],[134.4798,34.2136],[134.4794,34.2134],[134.4786,34.2128],[134.4788,34.2126],[134.4786,34.2124],[134.4787,34.2123],[134.4781,34.2119],[134.4774,34.2114],[134.4768,34.211],[134.4753,34.2101],[134.4741,34.2096],[134.4733,34.2093],[134.4728,34.2091],[134.4718,34.2088],[134.4713,34.2086],[134.4693,34.2083],[134.4677,34.2083],[134.4671,34.2083],[134.4667,34.2083],[134.4661,34.2081],[134.4654,34.2078],[134.4652,34.2077],[134.4648,34.2075],[134.4644,34.2074],[134.4639,34.2073],[134.4631,34.2073],[134.4625,34.2073],[134.4621,34.2074],[134.461,34.2073],[134.4606,34.2073],[134.46,34.2074],[134.4587,34.2074],[134.4581,34.2073],[134.456,34.2068],[134.4555,34.2067],[134.4546,34.2062],[134.454,34.206],[134.4535,34.2057],[134.4532,34.2056],[134.4526,34.2056],[134.4526,34.2054],[134.4523,34.2055],[134.4516,34.2055],[134.4512,34.2057],[134.4508,34.2056],[134.4503,34.2056],[134.45,34.2057],[134.4498,34.2059],[134.4495,34.2058],[134.4488,34.2059],[134.4473,34.2062],[134.4465,34.2064],[134.4431,34.2074],[134.4427,34.2075],[134.4422,34.2078],[134.4418,34.208],[134.4418,34.2082],[134.4413,34.2082],[134.4408,34.208],[134.4413,34.2081],[134.4415,34.208],[134.4415,34.2076],[134.441,34.2075],[134.4407,34.2075],[134.4404,34.2077],[134.4402,34.2079],[134.4402,34.2073],[134.4402,34.2063],[134.4401,34.2051],[134.4402,34.2046],[134.4404,34.2038],[134.4405,34.2033],[134.4401,34.203],[134.4398,34.2026],[134.4399,34.2024],[134.4401,34.2009],[134.4407,34.1998],[134.4407,34.1997],[134.4405,34.1995],[134.44,34.1992],[134.4398,34.199],[134.4396,34.1984],[134.4389,34.1978],[134.4389,34.1976],[134.4391,34.1972],[134.4394,34.1956],[134.4393,34.1955],[134.439,34.1953],[134.4384,34.1952],[134.4382,34.1951],[134.4382,34.1948],[134.438,34.1943],[134.4379,34.1939],[134.4383,34.1934],[134.4384,34.193],[134.4386,34.1926],[134.4388,34.1923],[134.4389,34.1919],[134.4391,34.1913],[134.4391,34.1911],[134.4389,34.1908],[134.4394,34.1913],[134.4397,34.1914],[134.44,34.1915],[134.4406,34.1917],[134.4411,34.1918],[134.4414,34.192],[134.4421,34.1921],[134.4425,34.1924],[134.4427,34.1924],[134.4431,34.1922],[134.4435,34.1922],[134.444,34.192],[134.4444,34.192],[134.4447,34.1921],[134.4453,34.1921],[134.446,34.1924],[134.4464,34.1924],[134.447,34.1923],[134.4473,34.1923],[134.4477,34.1923],[134.4481,34.1926],[134.4484,34.1924],[134.4488,34.1923],[134.4494,34.1923],[134.4499,34.1923],[134.4505,34.1924],[134.4512,34.1923],[134.4519,34.1925],[134.4525,34.1924],[134.4528,34.1924],[134.4543,34.1925],[134.4547,34.1925],[134.4548,34.1924],[134.455,34.1922],[134.4552,34.1918],[134.456,34.1913],[134.4561,34.1911],[134.4562,34.1909],[134.456,34.1903],[134.4557,34.1898],[134.4555,34.1892],[134.4554,34.1885],[134.4553,34.1881],[134.455,34.1878],[134.4548,34.1876],[134.4548,34.1873],[134.4548,34.1872],[134.455,34.1869],[134.4553,34.1867],[134.4555,34.1864],[134.4556,34.1863],[134.4556,34.186],[134.4557,34.1857],[134.4561,34.1853],[134.4564,34.1847],[134.4565,34.1846],[134.457,34.1845],[134.4572,34.1843],[134.458,34.1832],[134.4583,34.1826],[134.4587,34.182],[134.4588,34.1818],[134.459,34.1814],[134.4592,34.1812],[134.4593,34.1809],[134.4592,34.1804],[134.4593,34.1803],[134.4594,34.1801],[134.4596,34.1799],[134.46,34.1798],[134.4611,34.179],[134.4615,34.1785],[134.4621,34.178],[134.4624,34.1777],[134.4625,34.1774],[134.4627,34.1773],[134.4631,34.1772],[134.4632,34.1772],[134.4637,34.1768],[134.4643,34.1765],[134.4647,34.1763],[134.465,34.1762],[134.4655,34.1764],[134.4658,34.1765],[134.4661,34.1772],[134.4662,34.1772],[134.4665,34.1771],[134.4668,34.1771],[134.4671,34.1772],[134.4674,34.1772],[134.4687,34.1773],[134.4691,34.1773],[134.4702,34.1774],[134.4705,34.1775],[134.4709,34.1778],[134.4716,34.178],[134.4719,34.1781],[134.4723,34.1784],[134.4725,34.1784],[134.4733,34.1781],[134.4736,34.1779],[134.4739,34.1778],[134.4742,34.1777],[134.4747,34.1779],[134.4749,34.178],[134.475,34.1781],[134.4752,34.1782],[134.4756,34.1784],[134.4764,34.1788],[134.4768,34.179],[134.477,34.179],[134.4774,34.1789],[134.4781,34.1788],[134.4785,34.1786],[134.4788,34.1782],[134.4791,34.1774],[134.4795,34.177],[134.4796,34.1768],[134.48,34.1766],[134.4802,34.1764],[134.4803,34.1762],[134.4804,34.1755],[134.4803,34.1751],[134.4803,34.1748],[134.4805,34.1744],[134.4805,34.1739],[134.4803,34.1735],[134.4803,34.1734],[134.4805,34.173],[134.4808,34.1725],[134.4807,34.1724],[134.4805,34.1723],[134.4802,34.1719],[134.4799,34.1716],[134.48,34.1713],[134.4802,34.1712],[134.4803,34.171],[134.4805,34.1706],[134.4804,34.1703],[134.4806,34.1699],[134.4807,34.1697],[134.4817,34.1694],[134.4819,34.1692],[134.482,34.1683],[134.4823,34.168],[134.4827,34.1675],[134.4827,34.1673],[134.4828,34.1671],[134.4831,34.1669],[134.4834,34.1665],[134.4835,34.1663],[134.4831,34.1657],[134.4831,34.1654],[134.4834,34.1647],[134.4835,34.1643],[134.4837,34.1641],[134.4843,34.1636],[134.4845,34.1633],[134.4844,34.1629],[134.4844,34.1619],[134.4841,34.1612],[134.4841,34.1607],[134.4838,34.16],[134.484,34.1591],[134.484,34.1589],[134.4839,34.1585],[134.4839,34.1583],[134.4842,34.1581],[134.4844,34.1576],[134.4844,34.1572],[134.4841,34.1559],[134.4842,34.1557],[134.4844,34.1552],[134.4848,34.1549],[134.4851,34.1548],[134.4862,34.1548],[134.4863,34.1547],[134.4863,34.1535],[134.4867,34.1534],[134.4867,34.1528],[134.4866,34.1526],[134.4863,34.1523],[134.4857,34.1518],[134.4857,34.1516],[134.4858,34.1514],[134.486,34.1513],[134.4864,34.1509],[134.4863,34.1507],[134.486,34.1505],[134.4858,34.1503],[134.4858,34.1497],[134.4857,34.1485],[134.4859,34.1484],[134.4861,34.1484],[134.4864,34.1483],[134.4868,34.1479]],[[134.6235,34.1445],[134.6213,34.1455],[134.6214,34.1456],[134.6236,34.1445],[134.6235,34.1445]],[[134.5875,34.2168],[134.5879,34.2174],[134.588,34.2174],[134.5875,34.2168]],[[134.5881,34.2183],[134.5886,34.219],[134.5887,34.219],[134.5881,34.2183]],[[134.6065,34.225],[134.6064,34.2248],[134.606,34.2246],[134.6057,34.2252],[134.6058,34.2254],[134.606,34.2254],[134.6062,34.2253],[134.6065,34.2252],[134.6065,34.225]],[[134.6011,34.2207],[134.6008,34.2209],[134.601,34.221],[134.6012,34.2209],[134.6011,34.2207]],[[134.6067,34.2258],[134.6066,34.226],[134.6063,34.2262],[134.6062,34.2264],[134.6064,34.2266],[134.6069,34.2265],[134.6069,34.226],[134.6067,34.2258]],[[134.6122,34.1923],[134.612,34.1924],[134.6118,34.1926],[134.6121,34.1929],[134.6123,34.1929],[134.6125,34.1928],[134.6126,34.1925],[134.6124,34.1923],[134.6122,34.1923]],[[134.6091,34.1925],[134.6097,34.1923],[134.6096,34.1923],[134.6091,34.1924],[134.6091,34.1925]],[[134.6232,34.2333],[134.6204,34.2332],[134.6237,34.2334],[134.6232,34.2333]],[[134.6259,34.1887],[134.626,34.1883],[134.6258,34.1883],[134.6258,34.1886],[134.6259,34.1887]],[[134.6275,34.1947],[134.6276,34.1946],[134.6276,34.1943],[134.6274,34.1943],[134.6273,34.1947],[134.6275,34.1947]],[[134.6281,34.1945],[134.6282,34.1943],[134.6279,34.1943],[134.6279,34.1946],[134.6281,34.1945]]]},"properties":{"N03_001":"徳島県","N03_002":"","N03_003":"","N03_004":"鳴門市","N03_007":"36202"}},
{"type":"Feature","geometry":{"type":"Polygon","coordinates":[[[134.6005,34.0187],[134.5997,34.0181],[134.5994,34.0179],[134.5987,34.0176],[134.5983,34.0173],[134.5981,34.0173],[134.5976,34.0175],[134.5975,34.0176],[134.5971,34.0174],[134.5967,34.0174],[134.5956,34.0175],[134.5954,34.0176],[134.5954,34.018],[134.5952,34.0182],[134.5948,34.0184],[134.5944,34.0188],[134.5939,34.019],[134.5933,34.0195],[134.593,34.0197],[134.5921,34.0206],[134.5919,34.021],[134.5917,34.0211],[134.5909,34.0211],[134.5903,34.0212],[134.59,34.0213],[134.5898,34.0215],[134.5895,34.0221],[134.5889,34.0224],[134.5888,34.0227],[134.5887,34.0228],[134.5885,34.0228],[134.5879,34.0226],[134.5874,34.0225],[134.5871,34.0225],[134.5863,34.0227],[134.5859,34.0226],[134.5852,34.0226],[134.5847,34.0226],[134.5829,34.0225],[134.5824,34.0225],[134.5817,34.0229],[134.5813,34.023],[134.5809,34.023],[134.5805,34.0229],[134.5802,34.0227],[134.5795,34.0224],[134.579,34.022],[134.5787,34.0218],[134.5783,34.0218],[134.5778,34.0218],[134.5773,34.0217],[134.5768,34.0215],[134.5766,34.0213],[134.5763,34.0213],[134.5756,34.0215],[134.5746,34.0215],[134.5741,34.0215],[134.5737,34.0215],[134.5733,34.0215],[134.573,34.0215],[134.5728,34.0213],[134.5725,34.0213],[134.5721,34.0214],[134.572,34.0213],[134.5716,34.0208],[134.5714,34.0208],[134.5711,34.0208],[134.5706,34.021],[134.5702,34.0213],[134.5699,34.0214],[134.5697,34.0212],[134.569,34.0203],[134.5687,34.02],[134.5684,34.0199],[134.568,34.0197],[134.5675,34.0203],[134.5667,34.0209],[134.5662,34.021],[134.5661,34.0207],[134.5658,34.0208],[134.5652,34.0208],[134.5649,34.0207],[134.5646,34.021],[134.5643,34.0216],[134.564,34.0219],[134.5638,34.0226],[134.5636,34.0231],[134.5635,34.0235],[134.5635,34.0241],[134.5635,34.0252],[134.5636,34.0261],[134.5636,34.0267],[134.5636,34.0272],[134.5634,34.0276],[134.5623,34.0288],[134.5621,34.029],[134.5619,34.029],[134.5617,34.0283],[134.5612,34.0272],[134.5612,34.0269],[134.561,34.0264],[134.5609,34.0254],[134.561,34.0252],[134.5611,34.0246],[134.5613,34.0233],[134.5612,34.0231],[134.5609,34.0227],[134.5607,34.0223],[134.5606,34.0218],[134.5603,34.0217],[134.56,34.0218],[134.5597,34.0215],[134.5597,34.0213],[134.5596,34.0212],[134.5584,34.0211],[134.558,34.0209],[134.5574,34.0209],[134.5567,34.0207],[134.556,34.0206],[134.5558,34.0204],[134.5568,34.0173],[134.5569,34.0165],[134.5573,34.0156],[134.5577,34.0148],[134.5578,34.0142],[134.5581,34.0132],[134.5581,34.0131],[134.5578,34.0118],[134.5575,34.0107],[134.5572,34.0096],[134.5569,34.009],[134.5564,34.0083],[134.5559,34.0078],[134.5551,34.007],[134.5539,34.0059],[134.5519,34.0042],[134.5508,34.0033],[134.5502,34.0029],[134.55,34.0025],[134.5499,34.0016],[134.5498,34.0013],[134.5494,33.9986],[134.5493,33.9977],[134.5491,33.9971],[134.549,33.9964],[134.5488,33.9962],[134.5486,33.9952],[134.5483,33.9937],[134.5481,33.9929],[134.5479,33.9916],[134.5477,33.9904],[134.5474,33.9888],[134.547,33.9875],[134.5471,33.9874],[134.5474,33.9873],[134.5479,33.9873],[134.549,33.9875],[134.5492,33.9875],[134.5494,33.9874],[134.5502,33.9873],[134.5509,33.9871],[134.5513,33.9871],[134.5517,33.9872],[134.5521,33.9876],[134.5524,33.9877],[134.5527,33.9878],[134.5532,33.9878],[134.5533,33.9878],[134.5538,33.9881],[134.5541,33.9883],[134.5542,33.9884],[134.5541,33.9887],[134.5541,33.9896],[134.5542,33.9898],[134.5547,33.9898],[134.555,33.9896],[134.5552,33.9895],[134.556,33.9899],[134.5561,33.99],[134.5563,33.9902],[134.5567,33.9905],[134.557,33.9906],[134.5572,33.9906],[134.5578,33.9905],[134.5582,33.9904],[134.5584,33.9904],[134.5586,33.9906],[134.5587,33.9907],[134.5593,33.9905],[134.5595,33.9905],[134.5598,33.9909],[134.5604,33.9908],[134.5606,33.9908],[134.561,33.9912],[134.5613,33.9914],[134.5615,33.9914],[134.5624,33.9912],[134.5627,33.9913],[134.5631,33.9917],[134.5634,33.9918],[134.5638,33.9918],[134.564,33.9917],[134.5642,33.9915],[134.5643,33.9913],[134.5642,33.9906],[134.5643,33.9904],[134.5646,33.9902],[134.5652,33.9901],[134.5654,33.99],[134.5658,33.9897],[134.5665,33.9895],[134.5669,33.9893],[134.5672,33.9891],[134.5674,33.9887],[134.5678,33.9879],[134.568,33.9874],[134.5686,33.9867],[134.5685,33.9864],[134.5683,33.986],[134.5679,33.9859],[134.5675,33.9852],[134.5676,33.985],[134.5679,33.9849],[134.5681,33.9847],[134.5686,33.9845],[134.5687,33.9842],[134.569,33.9836],[134.569,33.9835],[134.5688,33.9831],[134.5689,33.9829],[134.5693,33.9827],[134.5698,33.9824],[134.5699,33.9823],[134.5703,33.9825],[134.5709,33.9824],[134.5711,33.9822],[134.5715,33.9818],[134.5719,33.9812],[134.572,33.9808],[134.5719,33.9806],[134.5725,33.9798],[134.5727,33.9796],[134.5727,33.9794],[134.5726,33.9793],[134.5723,33.979],[134.572,33.9789],[134.5709,33.9788],[134.5702,33.9787],[134.5697,33.9786],[134.5693,33.9784],[134.5689,33.9783],[134.5688,33.9782],[134.5688,33.9775],[134.5687,33.9774],[134.5685,33.977],[134.5684,33.9766],[134.5683,33.9763],[134.5684,33.9756],[134.5685,33.9751],[134.5686,33.9749],[134.5692,33.9745],[134.5698,33.974],[134.5699,33.9737],[134.5703,33.9734],[134.5706,33.9733],[134.5713,33.9737],[134.5716,33.9737],[134.5718,33.9736],[134.5719,33.9733],[134.5721,33.9732],[134.5722,33.9729],[134.5722,33.9724],[134.5722,33.972],[134.5722,33.9715],[134.5723,33.9713],[134.5723,33.9711],[134.572,33.9708],[134.5719,33.9704],[134.572,33.9701],[134.572,33.9688],[134.5719,33.9682],[134.5719,33.968],[134.5726,33.9675],[134.573,33.9673],[134.5731,33.9671],[134.5734,33.9663],[134.5736,33.9658],[134.574,33.9651],[134.5742,33.9646],[134.5743,33.9644],[134.5741,33.9641],[134.5734,33.9637],[134.5728,33.963],[134.5726,33.963],[134.5723,33.9632],[134.5717,33.9636],[134.5716,33.9639],[134.5713,33.9641],[134.5709,33.9642],[134.5705,33.9642],[134.5702,33.9641],[134.57,33.964],[134.5696,33.9637],[134.5691,33.9633],[134.5685,33.9632],[134.5679,33.9629],[134.5677,33.9627],[134.567,33.9623],[134.5669,33.9622],[134.5668,33.9618],[134.5669,33.9615],[134.5671,33.9612],[134.5675,33.9605],[134.5681,33.9595],[134.5684,33.9592],[134.5685,33.9589],[134.5685,33.9583],[134.5686,33.958],[134.5688,33.9575],[134.5688,33.9573],[134.5684,33.9569],[134.568,33.9564],[134.5678,33.956],[134.5679,33.9556],[134.568,33.9552],[134.5683,33.9548],[134.5689,33.9543],[134.5691,33.9539],[134.5697,33.9533],[134.5699,33.953],[134.57,33.9528],[134.5697,33.9519],[134.5693,33.9513],[134.5693,33.9509],[134.5689,33.9499],[134.5689,33.9497],[134.5691,33.9495],[134.5696,33.9493],[134.5697,33.9491],[134.5697,33.9486],[134.5699,33.948],[134.5698,33.9479],[134.5694,33.9477],[134.5697,33.9472],[134.5697,33.9469],[134.5695,33.9466],[134.5696,33.9462],[134.5696,33.946],[134.5694,33.9458],[134.5693,33.9455],[134.5694,33.9454],[134.5698,33.9449],[134.5698,33.9448],[134.5697,33.9445],[134.5695,33.9444],[134.5692,33.9442],[134.5689,33.9438],[134.5688,33.9435],[134.5684,33.9431],[134.5682,33.9429],[134.5668,33.942],[134.5664,33.9418],[134.566,33.9417],[134.5654,33.9418],[134.5649,33.9417],[134.5644,33.9418],[134.5638,33.9416],[134.5635,33.9416],[134.563,33.9412],[134.5624,33.941],[134.5621,33.9409],[134.5617,33.9408],[134.5615,33.9407],[134.5613,33.9404],[134.5611,33.9402],[134.5608,33.9401],[134.5606,33.9397],[134.5607,33.9394],[134.561,33.9393],[134.5617,33.9391],[134.562,33.9392],[134.5629,33.939],[134.5634,33.9389],[134.5641,33.9388],[134.5645,33.9387],[134.5648,33.9385],[134.5652,33.9379],[134.5654,33.938],[134.5656,33.9385],[134.5658,33.9386],[134.5663,33.9387],[134.5667,33.9387],[134.5675,33.939],[134.5678,33.939],[134.5683,33.9394],[134.5686,33.9397],[134.569,33.9398],[134.5695,33.9403],[134.5697,33.9405],[134.5701,33.941],[134.5706,33.9412],[134.5713,33.9414],[134.5718,33.9415],[134.5724,33.9416],[134.5727,33.9417],[134.5734,33.9426],[134.5737,33.9428],[134.5742,33.9432],[134.5745,33.9434],[134.5747,33.9438],[134.5751,33.9442],[134.5751,33.9443],[134.5748,33.9445],[134.5747,33.9446],[134.5748,33.9448],[134.5754,33.9448],[134.5759,33.9449],[134.576,33.9447],[134.5761,33.9447],[134.5771,33.9449],[134.5778,33.9451],[134.5782,33.9451],[134.5791,33.945],[134.5802,33.9452],[134.5807,33.9451],[134.581,33.9452],[134.5819,33.9455],[134.5826,33.9457],[134.583,33.9457],[134.5835,33.9459],[134.584,33.9461],[134.5843,33.9464],[134.5845,33.9465],[134.5849,33.9466],[134.5866,33.946],[134.5876,33.9462],[134.588,33.9462],[134.5883,33.9464],[134.5888,33.9465],[134.589,33.9467],[134.5899,33.947],[134.5902,33.9473],[134.5905,33.9477],[134.5907,33.9478],[134.592,33.9479],[134.5922,33.9481],[134.5924,33.9481],[134.5927,33.9479],[134.593,33.9479],[134.5935,33.948],[134.5941,33.9479],[134.5943,33.948],[134.5945,33.9482],[134.5946,33.9485],[134.5951,33.9486],[134.5956,33.9483],[134.596,33.9484],[134.5964,33.9485],[134.5964,33.9487],[134.5965,33.9491],[134.5967,33.9492],[134.597,33.9493],[134.5982,33.9495],[134.5986,33.9494],[134.5993,33.9492],[134.5997,33.949],[134.6,33.9487],[134.6002,33.9486],[134.6006,33.9487],[134.601,33.9488],[134.6013,33.9494],[134.6015,33.9496],[134.6018,33.9496],[134.602,33.9496],[134.6025,33.9492],[134.6028,33.9492],[134.6033,33.9494],[134.6037,33.9494],[134.6042,33.9494],[134.6045,33.9494],[134.6048,33.9494],[134.6049,33.9491],[134.6051,33.949],[134.6058,33.9494],[134.6062,33.9494],[134.6064,33.9495],[134.6067,33.9496],[134.6072,33.9495],[134.6074,33.9496],[134.6087,33.9494],[134.6089,33.9494],[134.6092,33.9498],[134.6095,33.9499],[134.6099,33.95],[134.6102,33.9499],[134.6104,33.9501],[134.6108,33.9501],[134.6112,33.9504],[134.6119,33.9506],[134.6121,33.9509],[134.6123,33.9515],[134.6123,33.9517],[134.612,33.9523],[134.6119,33.9527],[134.6119,33.9529],[134.6116,33.9531],[134.6115,33.9539],[134.6114,33.9541],[134.6112,33.9543],[134.6111,33.9545],[134.6112,33.955],[134.6112,33.9553],[134.6112,33.9558],[134.6114,33.9563],[134.6113,33.9568],[134.6115,33.9569],[134.6121,33.9568],[134.6122,33.9569],[134.6126,33.9574],[134.6133,33.9575],[134.6134,33.9578],[134.6129,33.9581],[134.6131,33.9582],[134.6136,33.9579],[134.6137,33.9581],[134.6136,33.9585],[134.6135,33.9596],[134.6137,33.96],[134.614,33.9604],[134.6133,33.9607],[134.6133,33.9608],[134.6136,33.9613],[134.6137,33.9615],[134.614,33.9614],[134.6145,33.9614],[134.615,33.9616],[134.615,33.9618],[134.6146,33.9619],[134.6145,33.9621],[134.6145,33.9625],[134.6149,33.9631],[134.6152,33.9632],[134.6154,33.9635],[134.6163,33.9638],[134.6169,33.9639],[134.6176,33.9643],[134.618,33.9645],[134.6185,33.9646],[134.619,33.9649],[134.6194,33.9649],[134.6197,33.965],[134.62,33.9652],[134.6201,33.9655],[134.6204,33.9659],[134.6204,33.9664],[134.6206,33.9666],[134.6206,33.9668],[134.6207,33.9671],[134.6209,33.9675],[134.6212,33.9677],[134.6217,33.968],[134.622,33.9684],[134.6223,33.9685],[134.6227,33.9684],[134.6232,33.9686],[134.6235,33.9684],[134.6239,33.9684],[134.6241,33.9685],[134.6245,33.9693],[134.6246,33.9697],[134.6249,33.9697],[134.6253,33.9696],[134.6253,33.9694],[134.6253,33.9686],[134.6253,33.9684],[134.6255,33.9683],[134.6263,33.9681],[134.6264,33.968],[134.6262,33.9676],[134.6259,33.9675],[134.6258,33.9673],[134.6257,33.9671],[134.6258,33.9667],[134.6258,33.9664],[134.626,33.9663],[134.6265,33.966],[134.6269,33.9661],[134.6272,33.966],[134.6274,33.9661],[134.6278,33.9662],[134.6275,33.9666],[134.628,33.9669],[134.6285,33.9666],[134.6289,33.9662],[134.6291,33.9659],[134.6296,33.9657],[134.6298,33.9658],[134.6302,33.9659],[134.6306,33.9659],[134.6311,33.9658],[134.6313,33.9657],[134.6315,33.9654],[134.6315,33.9651],[134.6313,33.9647],[134.6315,33.9645],[134.6319,33.9645],[134.6328,33.9647],[134.634,33.9641],[134.6346,33.9639],[134.6352,33.9637],[134.6357,33.9637],[134.6359,33.9639],[134.636,33.9642],[134.636,33.9649],[134.6359,33.9652],[134.6353,33.9663],[134.6352,33.9665],[134.6352,33.9669],[134.6353,33.9673],[134.6355,33.9676],[134.6358,33.9679],[134.6361,33.968],[134.637,33.9686],[134.6373,33.9687],[134.6379,33.9687],[134.6386,33.969],[134.6388,33.9693],[134.639,33.9697],[134.6391,33.9701],[134.6389,33.9701],[134.6391,33.9714],[134.6395,33.9713],[134.6396,33.9717],[134.6392,33.9718],[134.6392,33.9722],[134.6394,33.9722],[134.6395,33.9725],[134.6397,33.9724],[134.6398,33.9726],[134.6395,33.9729],[134.6395,33.9733],[134.6396,33.9735],[134.6396,33.9737],[134.6398,33.9739],[134.6401,33.9742],[134.6404,33.9744],[134.6405,33.9743],[134.6408,33.9746],[134.6412,33.9748],[134.6414,33.9748],[134.6416,33.9778],[134.6419,33.9781],[134.6422,33.9787],[134.6426,33.9793],[134.6429,33.9794],[134.6433,33.9794],[134.6435,33.9798],[134.6436,33.98],[134.644,33.9808],[134.6444,33.981],[134.6443,33.9813],[134.6442,33.9818],[134.6443,33.982],[134.6445,33.9822],[134.6451,33.9825],[134.6456,33.9828],[134.6465,33.9832],[134.6472,33.9836],[134.6478,33.9839],[134.6483,33.9835],[134.6487,33.9838],[134.649,33.9842],[134.6491,33.9843],[134.6489,33.9846],[134.6503,33.9852],[134.6521,33.9858],[134.6522,33.9861],[134.652,33.9862],[134.6519,33.9867],[134.6519,33.9868],[134.6517,33.987],[134.6515,33.9873],[134.6515,33.9876],[134.6515,33.988],[134.6513,33.9884],[134.6512,33.9888],[134.6511,33.9892],[134.6512,33.9895],[134.651,33.9897],[134.6508,33.9902],[134.6508,33.9907],[134.6504,33.9914],[134.6502,33.9915],[134.6501,33.9918],[134.65,33.992],[134.6501,33.9923],[134.6499,33.9924],[134.6498,33.9923],[134.6496,33.9926],[134.6496,33.9928],[134.6494,33.9932],[134.6494,33.9934],[134.6507,33.9938],[134.6509,33.9934],[134.651,33.9934],[134.6505,33.9944],[134.6504,33.9943],[134.6506,33.9939],[134.6493,33.9934],[134.6491,33.9939],[134.6489,33.994],[134.6489,33.9941],[134.6486,33.9946],[134.6484,33.9951],[134.6483,33.9954],[134.6481,33.9955],[134.6479,33.996],[134.6478,33.9962],[134.6477,33.9964],[134.6476,33.9967],[134.6489,33.9971],[134.6492,33.9966],[134.6492,33.9967],[134.6488,33.9977],[134.6487,33.9976],[134.6489,33.9971],[134.6476,33.9967],[134.6473,33.997],[134.6463,33.9988],[134.6463,33.999],[134.646,33.9994],[134.6457,34],[134.6454,34.0004],[134.6452,34.0006],[134.645,34.0011],[134.6449,34.0012],[134.6447,34.0016],[134.6443,34.002],[134.6442,34.0023],[134.644,34.0026],[134.6438,34.0029],[134.6431,34.0038],[134.6428,34.0041],[134.6427,34.0044],[134.6424,34.0046],[134.6422,34.005],[134.642,34.0051],[134.6418,34.0055],[134.6415,34.0057],[134.6413,34.0059],[134.641,34.0061],[134.6409,34.0063],[134.6406,34.0066],[134.64,34.0071],[134.6399,34.0073],[134.6395,34.0075],[134.6392,34.0078],[134.6387,34.0081],[134.6381,34.0083],[134.6376,34.0086],[134.6374,34.0088],[134.6371,34.0088],[134.6369,34.0089],[134.6366,34.009],[134.6365,34.0093],[134.6361,34.0093],[134.6354,34.0096],[134.6347,34.0098],[134.6345,34.01],[134.6342,34.0101],[134.6336,34.0104],[134.6327,34.0107],[134.6322,34.0109],[134.6319,34.011],[134.6319,34.0107],[134.6316,34.0107],[134.6305,34.0107],[134.6301,34.0106],[134.6293,34.0104],[134.6289,34.0103],[134.6288,34.0104],[134.6286,34.0103],[134.6284,34.0102],[134.628,34.0102],[134.6279,34.0099],[134.6278,34.0097],[134.6275,34.0095],[134.627,34.0093],[134.6263,34.0091],[134.6261,34.009],[134.6263,34.0088],[134.6262,34.0085],[134.626,34.0082],[134.6255,34.0078],[134.6255,34.0076],[134.6252,34.0067],[134.6253,34.0066],[134.6254,34.0058],[134.6253,34.0054],[134.6252,34.0048],[134.625,34.0045],[134.6249,34.004],[134.6249,34.0035],[134.6253,34.0028],[134.6254,34.0029],[134.6252,34.0031],[134.6256,34.0038],[134.6261,34.0038],[134.6275,34.0038],[134.6279,34.0038],[134.6291,34.0036],[134.6294,34.0035],[134.6296,34.0034],[134.6299,34.0022],[134.6302,34.0018],[134.631,34.0007],[134.6306,34.0004],[134.6308,34.0002],[134.6309,34.0003],[134.6313,33.9997],[134.6319,34],[134.6322,33.9997],[134.6314,33.9991],[134.6316,33.999],[134.632,33.9993],[134.6326,33.9985],[134.6318,33.998],[134.6313,33.9986],[134.6311,33.9986],[134.6309,33.999],[134.6304,33.9997],[134.6302,33.9997],[134.6308,33.9988],[134.6305,33.9983],[134.6295,33.9989],[134.6288,33.9993],[134.6289,33.9992],[134.6294,33.9988],[134.6307,33.998],[134.6306,33.9978],[134.6299,33.9981],[134.6306,33.9977],[134.6299,33.9965],[134.6328,33.9943],[134.633,33.9943],[134.6331,33.9942],[134.6333,33.9942],[134.6332,33.9945],[134.6329,33.9947],[134.6332,33.995],[134.6342,33.9942],[134.6341,33.9939],[134.6336,33.9942],[134.6335,33.994],[134.634,33.9937],[134.6341,33.9937],[134.6345,33.9934],[134.6342,33.9931],[134.6335,33.9934],[134.6332,33.9936],[134.6322,33.9944],[134.6317,33.9947],[134.6306,33.9941],[134.63,33.9949],[134.6304,33.9953],[134.6305,33.9951],[134.6307,33.9953],[134.6311,33.9951],[134.6298,33.9959],[134.6277,33.9964],[134.6257,33.9968],[134.6245,33.9962],[134.6256,33.9946],[134.6257,33.9944],[134.627,33.9917],[134.6275,33.9914],[134.6268,33.9911],[134.6263,33.9921],[134.6262,33.9921],[134.6267,33.9911],[134.6234,33.9897],[134.6229,33.9895],[134.622,33.989],[134.621,33.9905],[134.6204,33.9912],[134.6228,33.993],[134.625,33.9941],[134.6252,33.9941],[134.6258,33.9928],[134.6259,33.9929],[134.6252,33.9942],[134.6251,33.9942],[134.6236,33.9935],[134.6224,33.9951],[134.6191,33.9935],[134.6172,33.9926],[134.6173,33.9925],[134.6181,33.9929],[134.6184,33.993],[134.6189,33.9922],[134.6187,33.992],[134.6169,33.9912],[134.617,33.9917],[134.6136,33.9917],[134.6136,33.9921],[134.6129,33.9921],[134.613,33.9917],[134.6119,33.9917],[134.6106,33.9909],[134.61,33.9876],[134.6099,33.9873],[134.6095,33.9873],[134.6094,33.9871],[134.6092,33.987],[134.6089,33.9863],[134.6088,33.9863],[134.6084,33.9853],[134.6083,33.9849],[134.6082,33.9846],[134.6081,33.9843],[134.6079,33.9836],[134.6075,33.9827],[134.6072,33.9828],[134.6064,33.9832],[134.6064,33.9837],[134.6063,33.9837],[134.6063,33.9843],[134.6051,33.9844],[134.6049,33.9848],[134.605,33.9851],[134.6051,33.9855],[134.6055,33.9855],[134.6054,33.986],[134.6063,33.9862],[134.6065,33.9864],[134.6067,33.9863],[134.6072,33.9867],[134.6074,33.9869],[134.6073,33.987],[134.6077,33.9874],[134.6079,33.9877],[134.6086,33.9889],[134.6086,33.989],[134.6089,33.9911],[134.6088,33.9911],[134.6089,33.9917],[134.609,33.9921],[134.6088,33.9921],[134.6088,33.9917],[134.6087,33.9917],[134.6058,33.9925],[134.6059,33.9932],[134.6055,33.9934],[134.6055,33.9935],[134.6051,33.9936],[134.6051,33.9938],[134.6058,33.9939],[134.6083,33.9932],[134.6091,33.9933],[134.6094,33.9929],[134.61,33.9933],[134.6116,33.9943],[134.6128,33.9954],[134.6142,33.9967],[134.6143,33.9968],[134.6136,33.9973],[134.6127,33.998],[134.6112,33.9967],[134.6098,33.9963],[134.6092,33.9961],[134.6086,33.9963],[134.6084,33.9965],[134.6079,33.9966],[134.6078,33.9965],[134.6076,33.9966],[134.6074,33.9965],[134.6074,33.9962],[134.6073,33.9961],[134.607,33.9961],[134.6067,33.9961],[134.6061,33.9962],[134.6054,33.9964],[134.6047,33.9968],[134.6045,33.997],[134.6031,33.9975],[134.6026,33.9975],[134.602,33.9978],[134.5999,33.9989],[134.5994,33.9994],[134.5989,33.9998],[134.5984,34.0001],[134.598,34.0006],[134.5971,34.0016],[134.5993,34.0037],[134.5965,34.0053],[134.5962,34.0055],[134.5977,34.0073],[134.5976,34.0073],[134.5962,34.0056],[134.5961,34.0055],[134.5939,34.0068],[134.5935,34.0071],[134.5935,34.007],[134.5925,34.0059],[134.5915,34.0063],[134.5917,34.0066],[134.5916,34.0067],[134.5915,34.0063],[134.5912,34.0061],[134.5911,34.0061],[134.5909,34.0056],[134.5906,34.0056],[134.5908,34.0061],[134.5907,34.0063],[134.5903,34.0065],[134.5903,34.0066],[134.5901,34.0067],[134.5896,34.007],[134.5893,34.0073],[134.5893,34.0074],[134.5889,34.0077],[134.5883,34.0081],[134.5882,34.0083],[134.5882,34.0093],[134.5885,34.0092],[134.5902,34.0081],[134.5903,34.008],[134.5908,34.008],[134.5915,34.0078],[134.5918,34.0079],[134.5916,34.0091],[134.5926,34.0087],[134.5927,34.0088],[134.5917,34.0092],[134.5918,34.0093],[134.5916,34.0094],[134.5915,34.0101],[134.5918,34.0101],[134.5922,34.0099],[134.5924,34.01],[134.5917,34.0102],[134.5915,34.0104],[134.5915,34.0109],[134.5891,34.0111],[134.589,34.0119],[134.5914,34.0121],[134.5915,34.0122],[134.5922,34.0123],[134.5921,34.0136],[134.5918,34.0136],[134.5917,34.0145],[134.5915,34.0146],[134.5916,34.0147],[134.5918,34.016],[134.5927,34.0164],[134.5929,34.0158],[134.593,34.0158],[134.5928,34.0162],[134.5932,34.0163],[134.5931,34.0165],[134.5935,34.0165],[134.5942,34.0161],[134.594,34.0157],[134.5942,34.0157],[134.5943,34.0161],[134.5959,34.0157],[134.5962,34.0158],[134.5984,34.0163],[134.5995,34.014],[134.5996,34.0141],[134.5982,34.0167],[134.5984,34.0168],[134.5991,34.0171],[134.5994,34.0171],[134.5993,34.0173],[134.5995,34.0174],[134.5995,34.0176],[134.5998,34.0178],[134.6,34.0177],[134.6004,34.0178],[134.6006,34.0179],[134.6008,34.0178],[134.601,34.0178],[134.6009,34.018],[134.6005,34.018],[134.6005,34.0182],[134.6008,34.0182],[134.6009,34.0184],[134.6008,34.0185],[134.6005,34.0184],[134.6005,34.0187]],[[134.6098,33.9975],[134.6102,33.9977],[134.6104,33.9978],[134.6104,33.9976],[134.6098,33.9975]],[[134.5997,34.0138],[134.5997,34.0137],[134.599,34.0114],[134.5982,34.0087],[134.5982,34.0088],[134.5988,34.011],[134.5997,34.0137],[134.5997,34.0138]]]},"properties":{"N03_001":"徳島県","N03_002":"","N03_003":"","N03_004":"小松島市","N03_007":"36203"}},
{"type":"Feature","geometry":{"type":"Polygon","coordinates":[[[134.4679,33.8699],[134.4681,33.8694],[134.4683,33.8692],[134.469,33.8688],[134.4697,33.8684],[134.4707,33.868],[134.4721,33.8677],[134.4726,33.8682],[134.4729,33.8687],[134.4731,33.8692],[134.4734,33.8694],[134.4738,33.8695],[134.4743,33.8696],[134.4754,33.8701],[134.4762,33.8702],[134.4765,33.8704],[134.4773,33.8706],[134.4778,33.8708],[134.4786,33.871],[134.4791,33.871],[134.4799,33.8709],[134.4806,33.8708],[134.4811,33.8707],[134.4814,33.8706],[134.4823,33.8706],[134.4826,33.8706],[134.4831,33.8705],[134.4834,33.8701],[134.4836,33.8701],[134.4851,33.87],[134.4852,33.8699],[134.4855,33.8697],[134.4862,33.8694],[134.4872,33.8691],[134.4876,33.8689],[134.4881,33.8688],[134.4885,33.8688],[134.4889,33.8687],[134.4891,33.8688],[134.4892,33.869],[134.4892,33.8694],[134.4893,33.8698],[134.4896,33.8703],[134.4899,33.8707],[134.4901,33.8708],[134.4905,33.8713],[134.4908,33.8716],[134.4912,33.8718],[134.4916,33.8719],[134.4924,33.872],[134.4941,33.8717],[134.4954,33.8715],[134.4959,33.8715],[134.4965,33.8714],[134.4971,33.8714],[134.4971,33.871],[134.4971,33.8703],[134.4972,33.8693],[134.497,33.8684],[134.4971,33.8675],[134.4971,33.8672],[134.4972,33.8666],[134.4971,33.8661],[134.4973,33.8657],[134.4978,33.8653],[134.498,33.8653],[134.4983,33.8653],[134.4986,33.8655],[134.4993,33.8661],[134.4995,33.8663],[134.5009,33.867],[134.5018,33.8675],[134.5023,33.8676],[134.503,33.8678],[134.5037,33.868],[134.5043,33.8681],[134.5049,33.8682],[134.5053,33.8682],[134.5058,33.8683],[134.5063,33.8685],[134.5068,33.8688],[134.5071,33.869],[134.5078,33.8693],[134.5089,33.8696],[134.5094,33.8697],[134.51,33.8698],[134.5113,33.87],[134.5117,33.8702],[134.512,33.8707],[134.5123,33.8708],[134.5128,33.871],[134.5133,33.871],[134.5141,33.871],[134.5147,33.8709],[134.5151,33.871],[134.5155,33.8711],[134.5161,33.8713],[134.5164,33.8716],[134.5169,33.8719],[134.5171,33.872],[134.5178,33.8721],[134.5181,33.8721],[134.5184,33.8724],[134.519,33.8727],[134.5192,33.8729],[134.5193,33.8734],[134.5195,33.8739],[134.5197,33.874],[134.5203,33.8742],[134.5209,33.8742],[134.5211,33.8742],[134.5213,33.8741],[134.5216,33.8737],[134.522,33.8733],[134.5222,33.8731],[134.5225,33.873],[134.5229,33.8729],[134.5235,33.8729],[134.524,33.8729],[134.5246,33.8729],[134.525,33.8729],[134.5262,33.8727],[134.5265,33.8727],[134.5273,33.873],[134.5283,33.8734],[134.5294,33.8737],[134.5298,33.8737],[134.5301,33.8737],[134.5305,33.8734],[134.5308,33.8731],[134.5311,33.8731],[134.5318,33.8733],[134.5324,33.8731],[134.533,33.8732],[134.5334,33.8731],[134.5335,33.8734],[134.5337,33.8735],[134.5343,33.8735],[134.535,33.8734],[134.5369,33.8735],[134.5374,33.8736],[134.5375,33.8736],[134.5381,33.8732],[134.5383,33.8732],[134.5399,33.8733],[134.5403,33.8733],[134.5406,33.8732],[134.5408,33.8731],[134.5412,33.8725],[134.542,33.8713],[134.5426,33.8706],[134.5431,33.8701],[134.5437,33.8698],[134.5441,33.8695],[134.545,33.869],[134.5456,33.8688],[134.5463,33.8687],[134.5465,33.8687],[134.5472,33.869],[134.5475,33.869],[134.5477,33.869],[134.5485,33.8685],[134.5489,33.8685],[134.5492,33.8685],[134.5497,33.8686],[134.5504,33.8685],[134.5513,33.8687],[134.5519,33.869],[134.5527,33.8691],[134.5539,33.8692],[134.5545,33.8693],[134.5551,33.8694],[134.5557,33.8693],[134.5561,33.869],[134.5562,33.8689],[134.5562,33.8685],[134.5559,33.8682],[134.5558,33.868],[134.5558,33.8677],[134.5557,33.8672],[134.5556,33.8665],[134.5555,33.8659],[134.5555,33.8656],[134.5558,33.8652],[134.5562,33.8648],[134.5565,33.8643],[134.5565,33.8641],[134.5565,33.8638],[134.5564,33.8633],[134.5559,33.8628],[134.5558,33.8626],[134.5558,33.8623],[134.5559,33.8619],[134.5559,33.8617],[134.5558,33.8614],[134.5558,33.8611],[134.5556,33.8608],[134.5556,33.8604],[134.5559,33.86],[134.5559,33.8598],[134.5558,33.8593],[134.5559,33.8588],[134.5561,33.8584],[134.556,33.8578],[134.5561,33.8576],[134.5563,33.8573],[134.5564,33.857],[134.5564,33.8567],[134.5565,33.8561],[134.5566,33.8552],[134.5564,33.8548],[134.5564,33.8546],[134.5563,33.8544],[134.5561,33.8544],[134.5555,33.8545],[134.5547,33.8545],[134.554,33.8544],[134.5535,33.8544],[134.5511,33.8546],[134.5509,33.8545],[134.5507,33.8544],[134.5504,33.854],[134.5501,33.8539],[134.5496,33.8538],[134.5493,33.8538],[134.5489,33.8535],[134.5475,33.853],[134.5468,33.8525],[134.5465,33.8524],[134.5461,33.8523],[134.546,33.8521],[134.5458,33.8518],[134.5455,33.8518],[134.5444,33.8522],[134.5437,33.8519],[134.5435,33.8519],[134.543,33.852],[134.5427,33.8519],[134.5424,33.8519],[134.542,33.8521],[134.5416,33.852],[134.5415,33.852],[134.541,33.8522],[134.5403,33.8524],[134.5395,33.8524],[134.5393,33.8523],[134.5391,33.8518],[134.5389,33.8517],[134.538,33.851],[134.5377,33.8507],[134.5375,33.8504],[134.5371,33.8499],[134.537,33.8498],[134.5367,33.8498],[134.5361,33.8496],[134.5355,33.8496],[134.5351,33.8496],[134.5347,33.8495],[134.5343,33.849],[134.534,33.8489],[134.5335,33.8485],[134.5331,33.8483],[134.5327,33.8482],[134.5323,33.848],[134.532,33.8479],[134.5317,33.8478],[134.5315,33.8475],[134.5311,33.8473],[134.5307,33.8471],[134.5305,33.847],[134.5304,33.8466],[134.5302,33.8461],[134.5299,33.8458],[134.5294,33.8454],[134.5293,33.8451],[134.5291,33.8445],[134.529,33.844],[134.5288,33.8437],[134.5285,33.8435],[134.5278,33.8431],[134.5267,33.843],[134.5253,33.8425],[134.5251,33.8423],[134.5251,33.8412],[134.5252,33.8406],[134.5252,33.84],[134.5252,33.8393],[134.5252,33.8391],[134.5249,33.8383],[134.5248,33.8379],[134.5249,33.8376],[134.5248,33.8373],[134.5247,33.837],[134.5246,33.8367],[134.5245,33.836],[134.5244,33.8357],[134.5241,33.8353],[134.5236,33.8341],[134.5234,33.8339],[134.5231,33.8338],[134.5229,33.8334],[134.5219,33.8325],[134.5214,33.8323],[134.5209,33.8319],[134.5206,33.8317],[134.5203,33.8317],[134.5197,33.8305],[134.5195,33.8303],[134.5193,33.8298],[134.5191,33.8296],[134.518,33.8295],[134.5176,33.8293],[134.5172,33.8287],[134.517,33.8286],[134.5168,33.8286],[134.5163,33.8289],[134.5156,33.8289],[134.515,33.8289],[134.5148,33.8288],[134.5143,33.828],[134.5138,33.8273],[134.5134,33.8267],[134.5133,33.8265],[134.5127,33.826],[134.5123,33.8257],[134.512,33.8253],[134.5118,33.8247],[134.5114,33.8244],[134.5109,33.8238],[134.5106,33.8236],[134.5103,33.8233],[134.5101,33.8229],[134.51,33.8226],[134.51,33.8223],[134.5103,33.8216],[134.5107,33.8208],[134.5109,33.8203],[134.5111,33.8197],[134.511,33.8195],[134.5105,33.819],[134.5103,33.8187],[134.5101,33.8186],[134.5097,33.8185],[134.5092,33.8184],[134.5091,33.8183],[134.509,33.8178],[134.5088,33.8176],[134.5086,33.8174],[134.5084,33.8171],[134.5084,33.8166],[134.5083,33.8163],[134.5081,33.8155],[134.5081,33.8149],[134.5081,33.8147],[134.5082,33.8145],[134.5083,33.8143],[134.5081,33.8135],[134.5078,33.813],[134.508,33.8127],[134.5082,33.8121],[134.5084,33.8119],[134.5088,33.8117],[134.5089,33.8116],[134.5093,33.8107],[134.5097,33.8103],[134.5099,33.81],[134.5099,33.8096],[134.5101,33.8089],[134.5103,33.8085],[134.5106,33.8081],[134.5109,33.8077],[134.5113,33.8071],[134.5118,33.8065],[134.512,33.8063],[134.5122,33.8062],[134.5133,33.8061],[134.5139,33.8061],[134.5147,33.8063],[134.5157,33.8065],[134.5168,33.8066],[134.5178,33.8067],[134.5181,33.8067],[134.5184,33.8066],[134.5187,33.8066],[134.5191,33.8067],[134.5194,33.807],[134.5196,33.807],[134.5198,33.8072],[134.52,33.8074],[134.5204,33.8075],[134.5206,33.8075],[134.521,33.8078],[134.5216,33.8079],[134.522,33.808],[134.5223,33.8079],[134.5228,33.8073],[134.5231,33.8073],[134.5239,33.8072],[134.5242,33.8071],[134.5243,33.8066],[134.5242,33.8062],[134.5243,33.8061],[134.5245,33.8058],[134.5255,33.8053],[134.5261,33.805],[134.5271,33.8051],[134.5282,33.8041],[134.5289,33.8039],[134.5296,33.8037],[134.5298,33.8037],[134.5303,33.8035],[134.5308,33.8032],[134.5311,33.8031],[134.5314,33.803],[134.5317,33.803],[134.532,33.8031],[134.5323,33.8032],[134.5328,33.8033],[134.5333,33.8034],[134.534,33.8036],[134.5342,33.8036],[134.5344,33.8036],[134.5347,33.8035],[134.535,33.8035],[134.5353,33.8036],[134.5359,33.8038],[134.5371,33.804],[134.5379,33.8042],[134.5381,33.8041],[134.5382,33.804],[134.5384,33.8039],[134.5391,33.8039],[134.5394,33.8039],[134.5398,33.804],[134.5401,33.804],[134.5402,33.804],[134.5405,33.8041],[134.5409,33.8043],[134.5412,33.8045],[134.5417,33.8047],[134.5421,33.805],[134.5422,33.8051],[134.5423,33.8054],[134.5425,33.8057],[134.5427,33.8057],[134.5432,33.8057],[134.5436,33.8056],[134.5438,33.8055],[134.5441,33.8054],[134.5443,33.8055],[134.5445,33.8055],[134.5449,33.8055],[134.5452,33.8055],[134.5454,33.8056],[134.5456,33.8057],[134.5459,33.8059],[134.5462,33.8061],[134.5465,33.8062],[134.5468,33.8062],[134.5478,33.8062],[134.5483,33.8062],[134.5485,33.8062],[134.5487,33.806],[134.5489,33.8057],[134.549,33.8054],[134.5489,33.8051],[134.5489,33.8049],[134.549,33.8047],[134.5496,33.8045],[134.5499,33.8043],[134.55,33.8041],[134.5501,33.8041],[134.5503,33.8039],[134.5506,33.8038],[134.5509,33.8036],[134.5514,33.8034],[134.5515,33.8033],[134.5516,33.8032],[134.5517,33.8031],[134.5521,33.8028],[134.5524,33.8025],[134.5527,33.8022],[134.5531,33.8018],[134.5533,33.8018],[134.5547,33.8015],[134.5551,33.8015],[134.5555,33.8013],[134.5569,33.8011],[134.557,33.801],[134.5571,33.8008],[134.5572,33.8004],[134.5572,33.8002],[134.5572,33.8],[134.5572,33.7999],[134.5573,33.7996],[134.5573,33.7995],[134.5573,33.7992],[134.5575,33.7988],[134.5577,33.7984],[134.5578,33.7983],[134.5581,33.7981],[134.5583,33.798],[134.5583,33.7979],[134.5585,33.7977],[134.5585,33.7974],[134.5587,33.7972],[134.5591,33.797],[134.5596,33.7968],[134.5599,33.7967],[134.5601,33.7965],[134.5604,33.7959],[134.5607,33.7954],[134.5609,33.7951],[134.5612,33.7946],[134.5613,33.7943],[134.5613,33.7941],[134.5615,33.7939],[134.5618,33.7937],[134.562,33.7935],[134.5631,33.7936],[134.5639,33.7935],[134.5644,33.7934],[134.5646,33.7934],[134.565,33.7935],[134.5653,33.7937],[134.5655,33.7939],[134.5658,33.7941],[134.5662,33.794],[134.5665,33.7939],[134.5667,33.7938],[134.5668,33.7938],[134.5671,33.7934],[134.5673,33.7932],[134.5676,33.7932],[134.5678,33.7932],[134.568,33.7933],[134.5682,33.7933],[134.5684,33.7933],[134.5692,33.7933],[134.57,33.7933],[134.5705,33.7931],[134.5708,33.7931],[134.5709,33.7926],[134.571,33.7923],[134.5712,33.792],[134.5712,33.7919],[134.5712,33.7918],[134.5713,33.7917],[134.5714,33.7911],[134.5715,33.7911],[134.5716,33.7909],[134.5719,33.7905],[134.5719,33.7903],[134.572,33.7897],[134.5721,33.7895],[134.5723,33.7893],[134.5724,33.7893],[134.5725,33.7893],[134.5728,33.7893],[134.5734,33.7894],[134.5736,33.7894],[134.5738,33.7894],[134.5742,33.7895],[134.5745,33.7896],[134.5748,33.7896],[134.575,33.7897],[134.5751,33.7898],[134.5753,33.7898],[134.5756,33.7898],[134.5762,33.7895],[134.5767,33.7893],[134.5772,33.7887],[134.5774,33.7884],[134.5773,33.788],[134.5771,33.7872],[134.5772,33.7868],[134.5773,33.7864],[134.5774,33.7863],[134.5776,33.7863],[134.5782,33.7862],[134.5786,33.7861],[134.579,33.7861],[134.5793,33.7861],[134.5796,33.7859],[134.5798,33.7858],[134.5799,33.7858],[134.5801,33.7858],[134.5809,33.786],[134.5811,33.786],[134.5813,33.786],[134.5817,33.7858],[134.5823,33.7856],[134.5825,33.7856],[134.5828,33.7857],[134.5833,33.786],[134.5836,33.7861],[134.5839,33.7862],[134.5842,33.7861],[134.5845,33.786],[134.5849,33.7859],[134.5855,33.7859],[134.5857,33.7859],[134.5863,33.7858],[134.5869,33.7859],[134.5875,33.7859],[134.5882,33.7859],[134.5883,33.7862],[134.5885,33.7864],[134.589,33.7869],[134.5892,33.787],[134.5895,33.7871],[134.5897,33.7871],[134.5899,33.787],[134.5901,33.7871],[134.5905,33.7872],[134.5909,33.7874],[134.5914,33.7876],[134.5916,33.7877],[134.5917,33.7877],[134.5919,33.7878],[134.5924,33.7878],[134.5928,33.7881],[134.593,33.7882],[134.5931,33.7883],[134.5934,33.7884],[134.5938,33.7886],[134.5941,33.7888],[134.5944,33.789],[134.5948,33.7894],[134.595,33.7895],[134.5956,33.7896],[134.5963,33.7896],[134.5964,33.7896],[134.5967,33.7892],[134.5971,33.7885],[134.5972,33.7883],[134.5973,33.7881],[134.5978,33.7876],[134.5981,33.7874],[134.5982,33.7873],[134.5984,33.7872],[134.5985,33.7872],[134.5987,33.7873],[134.599,33.7877],[134.5993,33.7877],[134.5995,33.7879],[134.5999,33.7882],[134.6,33.7882],[134.6002,33.7884],[134.6005,33.7886],[134.6006,33.7886],[134.601,33.789],[134.6012,33.7891],[134.6013,33.7892],[134.6017,33.7895],[134.6019,33.7895],[134.6024,33.7893],[134.6026,33.7893],[134.603,33.7893],[134.6037,33.7893],[134.6039,33.7891],[134.6048,33.7884],[134.6051,33.7882],[134.6053,33.7882],[134.6056,33.7883],[134.6062,33.7886],[134.6067,33.789],[134.6069,33.7892],[134.6071,33.7892],[134.6075,33.7893],[134.6082,33.7893],[134.6083,33.7893],[134.609,33.7893],[134.6092,33.7893],[134.6097,33.7892],[134.6102,33.7893],[134.6104,33.7893],[134.6107,33.7895],[134.6111,33.7901],[134.6114,33.7907],[134.6114,33.7909],[134.6113,33.7916],[134.6113,33.7917],[134.6113,33.7918],[134.6118,33.7923],[134.6121,33.7928],[134.6123,33.793],[134.6124,33.793],[134.6126,33.793],[134.6129,33.793],[134.6132,33.7931],[134.6134,33.7932],[134.6138,33.7937],[134.6141,33.794],[134.6142,33.7941],[134.6146,33.7946],[134.6151,33.7951],[134.6152,33.7952],[134.6154,33.7952],[134.6159,33.7955],[134.6164,33.7958],[134.6167,33.796],[134.6171,33.7963],[134.6175,33.7963],[134.6181,33.7965],[134.6186,33.7966],[134.619,33.7968],[134.619,33.7973],[134.6191,33.7975],[134.6195,33.7977],[134.6197,33.7981],[134.6202,33.7983],[134.6207,33.7987],[134.6209,33.7989],[134.6217,33.799],[134.6221,33.7991],[134.6223,33.7994],[134.6227,33.7997],[134.623,33.7998],[134.6238,33.7998],[134.6239,33.7998],[134.6243,33.7998],[134.6246,33.7998],[134.625,33.7999],[134.6251,33.7999],[134.6253,33.7999],[134.6257,33.7998],[134.6265,33.7992],[134.6268,33.7992],[134.6275,33.7994],[134.6282,33.7995],[134.6288,33.7996],[134.6289,33.7997],[134.6296,33.7998],[134.63,33.8],[134.6302,33.8],[134.6307,33.8001],[134.6314,33.8003],[134.6321,33.8005],[134.6325,33.8008],[134.6327,33.8008],[134.6329,33.801],[134.6331,33.8014],[134.6332,33.8014],[134.6333,33.8015],[134.6343,33.8017],[134.6349,33.8019],[134.6355,33.8021],[134.6362,33.8023],[134.6364,33.8024],[134.6367,33.8024],[134.6373,33.8026],[134.6384,33.803],[134.6388,33.8031],[134.6394,33.8034],[134.6396,33.8036],[134.6396,33.8039],[134.6396,33.8043],[134.6397,33.8044],[134.64,33.8044],[134.6404,33.8043],[134.641,33.8043],[134.6416,33.8044],[134.6417,33.8044],[134.6418,33.8044],[134.6426,33.8046],[134.643,33.8047],[134.6439,33.8048],[134.6443,33.8049],[134.6447,33.805],[134.645,33.8052],[134.6452,33.8054],[134.6462,33.806],[134.6465,33.8061],[134.6477,33.8061],[134.6486,33.8059],[134.6495,33.8059],[134.6499,33.8058],[134.65,33.8058],[134.6501,33.8057],[134.6502,33.8056],[134.6505,33.8054],[134.6507,33.8054],[134.6509,33.8054],[134.6512,33.8056],[134.6513,33.8057],[134.6516,33.8059],[134.652,33.8063],[134.6533,33.8072],[134.6539,33.8074],[134.6544,33.8076],[134.6547,33.8079],[134.6548,33.8083],[134.6549,33.8084],[134.6566,33.8089],[134.6569,33.8089],[134.6572,33.8088],[134.6574,33.8088],[134.658,33.809],[134.6583,33.8091],[134.6584,33.8091],[134.6589,33.8093],[134.6596,33.8096],[134.6598,33.8096],[134.6605,33.8096],[134.661,33.8096],[134.6619,33.8097],[134.6621,33.8097],[134.6622,33.8095],[134.6629,33.8099],[134.6635,33.8101],[134.6639,33.8104],[134.6639,33.8105],[134.6636,33.8107],[134.6636,33.811],[134.6638,33.8114],[134.6639,33.8119],[134.6643,33.8126],[134.6644,33.8128],[134.6644,33.8133],[134.6646,33.8136],[134.665,33.8138],[134.6656,33.814],[134.6657,33.8141],[134.666,33.8144],[134.6666,33.8146],[134.6667,33.8146],[134.6668,33.8146],[134.6673,33.8145],[134.6676,33.8144],[134.6681,33.8143],[134.6688,33.8139],[134.6691,33.8137],[134.6692,33.8136],[134.6698,33.8138],[134.6701,33.814],[134.6705,33.8145],[134.671,33.815],[134.6718,33.8156],[134.6722,33.8159],[134.6727,33.8159],[134.6731,33.8159],[134.6738,33.8162],[134.6748,33.8164],[134.675,33.8164],[134.6752,33.8164],[134.6755,33.8163],[134.6756,33.8161],[134.6757,33.8157],[134.6758,33.8154],[134.6758,33.8151],[134.6757,33.815],[134.6758,33.8147],[134.6759,33.8145],[134.6761,33.8145],[134.6768,33.8145],[134.6776,33.8143],[134.6776,33.8142],[134.6772,33.8138],[134.677,33.8135],[134.6769,33.813],[134.6772,33.8127],[134.6773,33.8123],[134.6773,33.8121],[134.6778,33.8112],[134.6778,33.8109],[134.6775,33.8103],[134.6775,33.8098],[134.6775,33.8096],[134.6779,33.8092],[134.6784,33.8089],[134.6789,33.8083],[134.679,33.8081],[134.6794,33.8075],[134.68,33.8067],[134.6799,33.8064],[134.6798,33.8062],[134.6794,33.8059],[134.6791,33.8057],[134.6789,33.8054],[134.679,33.8048],[134.6789,33.8045],[134.6795,33.8044],[134.6797,33.8043],[134.6799,33.8043],[134.68,33.8045],[134.6804,33.8047],[134.6807,33.8047],[134.6814,33.805],[134.6818,33.8052],[134.6821,33.8052],[134.682,33.8054],[134.682,33.8055],[134.6823,33.8058],[134.6825,33.8061],[134.683,33.8062],[134.6832,33.8062],[134.6834,33.8063],[134.6835,33.8062],[134.6839,33.8063],[134.6842,33.8062],[134.6845,33.806],[134.6848,33.8053],[134.685,33.8052],[134.6855,33.8052],[134.6857,33.8053],[134.686,33.8056],[134.6864,33.8058],[134.6866,33.806],[134.6872,33.8059],[134.6876,33.8056],[134.6877,33.8055],[134.6882,33.8056],[134.6886,33.8055],[134.6887,33.8056],[134.689,33.8055],[134.6895,33.8058],[134.6896,33.8059],[134.6896,33.8061],[134.6898,33.8062],[134.6898,33.8064],[134.69,33.8065],[134.6902,33.8066],[134.6904,33.807],[134.6906,33.8072],[134.6907,33.8081],[134.6909,33.8085],[134.6911,33.8087],[134.6913,33.8089],[134.6914,33.8089],[134.6919,33.809],[134.6922,33.8088],[134.6924,33.8086],[134.6925,33.8086],[134.6928,33.8087],[134.6929,33.8089],[134.6927,33.809],[134.6931,33.809],[134.6932,33.8091],[134.6932,33.8096],[134.693,33.8096],[134.6929,33.8098],[134.6929,33.81],[134.6931,33.8102],[134.6935,33.8104],[134.694,33.8103],[134.6944,33.8106],[134.6944,33.8108],[134.6942,33.8108],[134.6939,33.8109],[134.6939,33.8112],[134.694,33.8114],[134.6948,33.8121],[134.6954,33.8125],[134.6958,33.8127],[134.6962,33.8127],[134.697,33.8127],[134.6978,33.8126],[134.6979,33.8127],[134.6983,33.8127],[134.6985,33.8127],[134.6987,33.8123],[134.699,33.8124],[134.6991,33.8127],[134.6995,33.813],[134.7001,33.813],[134.7005,33.8131],[134.7009,33.8133],[134.7014,33.8137],[134.7022,33.8139],[134.7024,33.814],[134.703,33.8142],[134.7036,33.8142],[134.7038,33.8142],[134.7043,33.8142],[134.7044,33.8143],[134.7046,33.8143],[134.7049,33.8145],[134.7053,33.815],[134.7053,33.8151],[134.7058,33.8155],[134.7068,33.8161],[134.707,33.8162],[134.7072,33.8162],[134.7074,33.8163],[134.7076,33.8164],[134.7083,33.8166],[134.7085,33.8166],[134.7094,33.8169],[134.7099,33.817],[134.7101,33.8172],[134.7104,33.8172],[134.7112,33.8174],[134.7114,33.8173],[134.7118,33.8172],[134.7123,33.8172],[134.7125,33.8174],[134.7129,33.8176],[134.7131,33.8179],[134.7132,33.8179],[134.7134,33.8182],[134.7136,33.8184],[134.714,33.8186],[134.7144,33.8187],[134.7147,33.8188],[134.7149,33.8188],[134.7152,33.8189],[134.7155,33.8192],[134.7156,33.8193],[134.716,33.8194],[134.7162,33.8194],[134.7169,33.8196],[134.7173,33.8197],[134.7177,33.8198],[134.7179,33.8197],[134.718,33.8198],[134.7183,33.8199],[134.7188,33.8201],[134.7189,33.8201],[134.7192,33.8202],[134.7192,33.8206],[134.7195,33.8207],[134.7199,33.8213],[134.72,33.8218],[134.7201,33.8222],[134.7203,33.8227],[134.7204,33.8232],[134.7208,33.8234],[134.7217,33.8239],[134.7223,33.8239],[134.7226,33.8239],[134.7229,33.8238],[134.7231,33.8238],[134.7231,33.8237],[134.7233,33.8235],[134.7235,33.8236],[134.7239,33.8237],[134.7246,33.8237],[134.7247,33.8237],[134.7249,33.8236],[134.7248,33.8234],[134.7248,33.8232],[134.7252,33.823],[134.7255,33.8231],[134.7261,33.8235],[134.7261,33.8233],[134.7263,33.8233],[134.7265,33.8234],[134.7265,33.8236],[134.7268,33.8237],[134.7269,33.8239],[134.7276,33.8242],[134.7282,33.8242],[134.7284,33.8242],[134.7286,33.824],[134.7289,33.8239],[134.7289,33.8236],[134.7292,33.8234],[134.7293,33.8236],[134.7296,33.8236],[134.7297,33.8238],[134.73,33.8238],[134.7303,33.8244],[134.7306,33.8245],[134.731,33.825],[134.7311,33.825],[134.7314,33.8253],[134.7316,33.8254],[134.7322,33.8258],[134.7328,33.8259],[134.7332,33.826],[134.7333,33.8259],[134.7339,33.8259],[134.7345,33.8263],[134.7345,33.8265],[134.7347,33.8265],[134.7347,33.8267],[134.735,33.827],[134.7348,33.827],[134.7351,33.8275],[134.7353,33.8276],[134.7355,33.8281],[134.7357,33.8284],[134.7364,33.829],[134.7367,33.8291],[134.7372,33.8294],[134.7378,33.8296],[134.7379,33.8296],[134.7382,33.8297],[134.7385,33.8298],[134.7389,33.8299],[134.7389,33.8295],[134.7392,33.8295],[134.7392,33.8297],[134.7396,33.8299],[134.7398,33.8298],[134.74,33.8299],[134.7402,33.8299],[134.7405,33.83],[134.7407,33.83],[134.7408,33.8303],[134.7408,33.8304],[134.741,33.8304],[134.7412,33.8304],[134.7412,33.8302],[134.7414,33.8301],[134.7417,33.8304],[134.7419,33.8303],[134.7421,33.8305],[134.7423,33.8304],[134.7424,33.8306],[134.7429,33.8305],[134.7432,33.8306],[134.7436,33.8306],[134.744,33.8307],[134.7441,33.8308],[134.7443,33.8309],[134.7445,33.8309],[134.7447,33.831],[134.7449,33.8313],[134.7449,33.8315],[134.7455,33.8316],[134.7456,33.8315],[134.7461,33.8315],[134.746,33.8312],[134.7465,33.8313],[134.7465,33.8316],[134.7468,33.8318],[134.7469,33.8321],[134.7472,33.8322],[134.7473,33.8321],[134.7476,33.8322],[134.7476,33.832],[134.7482,33.8323],[134.7483,33.8324],[134.7481,33.8328],[134.7485,33.8329],[134.7484,33.8332],[134.7486,33.8333],[134.7491,33.8336],[134.7493,33.8336],[134.7496,33.8334],[134.7496,33.8335],[134.7499,33.8336],[134.7502,33.8339],[134.7499,33.834],[134.7499,33.8346],[134.7497,33.8346],[134.7494,33.8347],[134.7481,33.8353],[134.7472,33.8356],[134.7463,33.836],[134.7456,33.8363],[134.7451,33.8365],[134.7448,33.8367],[134.7446,33.8369],[134.7443,33.8369],[134.7441,33.8369],[134.7438,33.8371],[134.7435,33.8373],[134.7432,33.8377],[134.7431,33.838],[134.743,33.8386],[134.7429,33.8389],[134.7428,33.8394],[134.7429,33.8399],[134.7431,33.84],[134.7435,33.84],[134.7437,33.8401],[134.7437,33.8402],[134.7436,33.8406],[134.7433,33.8409],[134.7432,33.8412],[134.743,33.8412],[134.7425,33.8415],[134.7422,33.8418],[134.742,33.8421],[134.7415,33.8422],[134.7412,33.842],[134.741,33.8419],[134.7409,33.8416],[134.7406,33.8411],[134.7402,33.8409],[134.7401,33.8407],[134.7396,33.8404],[134.7391,33.8404],[134.7387,33.8404],[134.7386,33.8405],[134.7385,33.8404],[134.7387,33.8402],[134.7383,33.84],[134.7379,33.8398],[134.7375,33.84],[134.7373,33.8398],[134.7369,33.8399],[134.7361,33.8402],[134.7357,33.8401],[134.7355,33.8401],[134.7352,33.8401],[134.735,33.8398],[134.7349,33.8396],[134.7346,33.8394],[134.7342,33.8394],[134.7338,33.8395],[134.7332,33.8394],[134.7329,33.8395],[134.7328,33.8394],[134.7323,33.8397],[134.7321,33.8397],[134.7319,33.8396],[134.7318,33.8393],[134.7316,33.8389],[134.7311,33.8387],[134.7303,33.8385],[134.7303,33.8384],[134.7301,33.8382],[134.7301,33.838],[134.7301,33.8376],[134.7299,33.8373],[134.7291,33.837],[134.7285,33.8369],[134.7278,33.8365],[134.7277,33.8363],[134.7272,33.836],[134.7274,33.8356],[134.7273,33.8352],[134.7268,33.8348],[134.7259,33.8346],[134.7252,33.8345],[134.7249,33.8345],[134.7245,33.8344],[134.7245,33.8346],[134.7243,33.8345],[134.7238,33.8346],[134.7235,33.8347],[134.7229,33.8348],[134.7223,33.8348],[134.7221,33.8345],[134.7218,33.8341],[134.7216,33.8338],[134.7214,33.8336],[134.7213,33.8336],[134.721,33.8331],[134.7213,33.8327],[134.7212,33.8324],[134.7212,33.8323],[134.7207,33.832],[134.7204,33.832],[134.7204,33.8317],[134.7202,33.8316],[134.7197,33.8315],[134.7197,33.8313],[134.7192,33.8313],[134.7184,33.8315],[134.7176,33.8317],[134.7171,33.832],[134.7168,33.8323],[134.7168,33.8324],[134.7166,33.8327],[134.7168,33.833],[134.7169,33.833],[134.7168,33.8333],[134.7168,33.8336],[134.7168,33.8339],[134.717,33.8341],[134.7169,33.8343],[134.717,33.8346],[134.7171,33.8348],[134.717,33.8349],[134.7171,33.835],[134.717,33.8353],[134.7167,33.8357],[134.7166,33.8357],[134.7161,33.8359],[134.7158,33.836],[134.7158,33.8361],[134.7154,33.8361],[134.7151,33.8361],[134.7148,33.8358],[134.715,33.8355],[134.7148,33.8351],[134.7142,33.8348],[134.7138,33.8348],[134.7134,33.8348],[134.7131,33.8346],[134.7126,33.8344],[134.7125,33.8343],[134.7119,33.8343],[134.7113,33.8343],[134.711,33.8344],[134.7105,33.8346],[134.7102,33.8348],[134.71,33.835],[134.7091,33.835],[134.7087,33.8353],[134.7084,33.8355],[134.7083,33.8355],[134.7078,33.8355],[134.7077,33.8353],[134.7078,33.835],[134.7076,33.8348],[134.7074,33.8347],[134.7069,33.8347],[134.7062,33.8349],[134.7058,33.8352],[134.7054,33.8356],[134.7053,33.8358],[134.7052,33.836],[134.7049,33.8358],[134.7046,33.8358],[134.7045,33.8357],[134.7039,33.8358],[134.7033,33.8357],[134.7032,33.8358],[134.7029,33.8358],[134.7024,33.836],[134.7022,33.836],[134.702,33.836],[134.7017,33.836],[134.7011,33.8361],[134.7008,33.8362],[134.7004,33.8361],[134.6999,33.8361],[134.6993,33.8359],[134.6987,33.836],[134.6987,33.8358],[134.6985,33.8355],[134.6985,33.8353],[134.6984,33.8351],[134.698,33.835],[134.6978,33.835],[134.6976,33.8347],[134.6976,33.8346],[134.6975,33.8343],[134.6977,33.8343],[134.6982,33.8333],[134.6982,33.8332],[134.6975,33.8335],[134.6974,33.8333],[134.6966,33.8332],[134.6964,33.8331],[134.6958,33.8329],[134.6955,33.8327],[134.6952,33.8324],[134.695,33.8319],[134.6946,33.8318],[134.694,33.8318],[134.6936,33.8319],[134.6931,33.832],[134.6923,33.8327],[134.6915,33.8332],[134.6914,33.8333],[134.6911,33.8332],[134.6904,33.8333],[134.69,33.8332],[134.6894,33.8331],[134.6891,33.833],[134.6888,33.8329],[134.6878,33.8326],[134.6873,33.8325],[134.6867,33.8322],[134.6863,33.8321],[134.6859,33.8317],[134.6857,33.8316],[134.6855,33.8316],[134.6854,33.8322],[134.6853,33.8322],[134.6855,33.8315],[134.6848,33.8313],[134.6845,33.831],[134.6839,33.8304],[134.6833,33.8303],[134.683,33.8302],[134.6824,33.8302],[134.6817,33.8302],[134.6811,33.8303],[134.681,33.8304],[134.6803,33.8304],[134.6802,33.8303],[134.6798,33.8305],[134.6794,33.8307],[134.6792,33.8309],[134.6787,33.8315],[134.6789,33.8317],[134.6786,33.832],[134.6784,33.832],[134.6783,33.8324],[134.6785,33.8328],[134.6787,33.8328],[134.6792,33.8338],[134.6788,33.834],[134.679,33.8342],[134.6794,33.8344],[134.68,33.8343],[134.6803,33.8344],[134.6804,33.8343],[134.6805,33.834],[134.6825,33.834],[134.6827,33.8339],[134.6834,33.834],[134.6839,33.8339],[134.6848,33.834],[134.685,33.8342],[134.6849,33.8343],[134.6848,33.8347],[134.6847,33.8349],[134.6844,33.8351],[134.6842,33.8357],[134.6844,33.8361],[134.6848,33.8363],[134.6848,33.8365],[134.6853,33.8364],[134.6859,33.8365],[134.6862,33.8366],[134.6866,33.8371],[134.6873,33.8375],[134.6877,33.8379],[134.6877,33.8383],[134.6878,33.8386],[134.688,33.839],[134.6886,33.8393],[134.6887,33.8393],[134.689,33.8391],[134.6892,33.8388],[134.6894,33.8387],[134.6897,33.8387],[134.6902,33.8388],[134.6906,33.8387],[134.6909,33.8386],[134.6912,33.8384],[134.6913,33.8383],[134.6917,33.8384],[134.6916,33.8386],[134.6916,33.8389],[134.6921,33.8394],[134.6927,33.8393],[134.6934,33.8399],[134.6927,33.8394],[134.6924,33.8394],[134.6929,33.8409],[134.6935,33.8413],[134.6947,33.8411],[134.6946,33.8406],[134.6941,33.84],[134.6946,33.8406],[134.6948,33.8412],[134.695,33.8411],[134.6955,33.8412],[134.6962,33.8415],[134.6964,33.8418],[134.6966,33.8418],[134.6964,33.8428],[134.6974,33.843],[134.6977,33.842],[134.6978,33.842],[134.6979,33.8419],[134.699,33.8415],[134.699,33.8414],[134.7002,33.8413],[134.7017,33.8417],[134.7019,33.8419],[134.702,33.842],[134.702,33.8423],[134.7017,33.8426],[134.7018,33.8429],[134.7021,33.8431],[134.7022,33.8431],[134.7025,33.8428],[134.7026,33.8425],[134.7025,33.8423],[134.703,33.842],[134.7023,33.8418],[134.7023,33.8417],[134.7031,33.842],[134.7038,33.8418],[134.7044,33.8418],[134.7049,33.8419],[134.7052,33.8419],[134.7058,33.8424],[134.7061,33.8427],[134.7064,33.8428],[134.7066,33.8428],[134.7067,33.8426],[134.707,33.8426],[134.7071,33.8428],[134.7074,33.8428],[134.7078,33.8427],[134.7079,33.8426],[134.7079,33.8424],[134.7083,33.8423],[134.7088,33.8425],[134.7091,33.8424],[134.7096,33.8426],[134.7105,33.8427],[134.711,33.8429],[134.7116,33.8432],[134.712,33.8436],[134.7128,33.8435],[134.7136,33.8438],[134.7139,33.844],[134.7141,33.8442],[134.7144,33.8443],[134.7149,33.8443],[134.7156,33.8442],[134.7162,33.8442],[134.7165,33.844],[134.7167,33.8441],[134.7172,33.844],[134.7176,33.8441],[134.7181,33.8441],[134.7182,33.8441],[134.7184,33.8434],[134.7185,33.8436],[134.7184,33.8444],[134.7192,33.8445],[134.7195,33.8448],[134.7198,33.8448],[134.7202,33.8451],[134.7199,33.8451],[134.7197,33.8453],[134.7195,33.8453],[134.7192,33.8455],[134.719,33.8455],[134.7185,33.8458],[134.7183,33.846],[134.7182,33.8463],[134.7182,33.8465],[134.7185,33.8469],[134.7186,33.8475],[134.7183,33.8476],[134.718,33.8478],[134.7177,33.8478],[134.7176,33.848],[134.7177,33.8482],[134.7173,33.8484],[134.7165,33.8487],[134.7163,33.8487],[134.7159,33.8486],[134.7155,33.8487],[134.7154,33.8489],[134.7153,33.8488],[134.7148,33.849],[134.7145,33.8492],[134.7144,33.8494],[134.714,33.8494],[134.7134,33.8498],[134.7132,33.8497],[134.7125,33.8497],[134.7124,33.8498],[134.7121,33.8498],[134.7117,33.8501],[134.7116,33.8503],[134.7113,33.8503],[134.7111,33.8505],[134.711,33.8502],[134.7107,33.8502],[134.7103,33.8504],[134.7101,33.8504],[134.7098,33.8503],[134.7094,33.8503],[134.7092,33.8506],[134.7088,33.8507],[134.7084,33.8507],[134.7082,33.8506],[134.7078,33.8506],[134.7075,33.8504],[134.7066,33.8501],[134.7064,33.8501],[134.7058,33.8498],[134.7057,33.8496],[134.7059,33.8494],[134.7058,33.8492],[134.7054,33.8489],[134.705,33.8488],[134.7046,33.8488],[134.7046,33.8485],[134.7045,33.8484],[134.7039,33.8481],[134.7034,33.8481],[134.7029,33.8481],[134.7024,33.8483],[134.702,33.8486],[134.7021,33.8488],[134.7021,33.8491],[134.7021,33.8493],[134.7021,33.8495],[134.7018,33.8495],[134.7016,33.8496],[134.7014,33.8495],[134.7012,33.8496],[134.7007,33.8496],[134.7003,33.8497],[134.6999,33.8494],[134.6992,33.8491],[134.699,33.849],[134.6987,33.849],[134.6984,33.849],[134.6978,33.8493],[134.6976,33.8495],[134.6975,33.85],[134.6976,33.8502],[134.6974,33.8503],[134.6971,33.8506],[134.6968,33.8504],[134.6964,33.8501],[134.6964,33.8498],[134.6966,33.8498],[134.6968,33.8495],[134.6967,33.8493],[134.6963,33.849],[134.6957,33.8487],[134.6948,33.8485],[134.6939,33.8484],[134.6937,33.8483],[134.6927,33.8483],[134.6925,33.8482],[134.6918,33.8484],[134.6915,33.8486],[134.6911,33.849],[134.6909,33.8493],[134.6908,33.8497],[134.6909,33.85],[134.6911,33.8502],[134.6913,33.8504],[134.6916,33.8507],[134.6916,33.8508],[134.692,33.8509],[134.6922,33.8508],[134.6925,33.851],[134.6924,33.8511],[134.6922,33.851],[134.6921,33.8512],[134.6919,33.8511],[134.6914,33.8516],[134.6912,33.8521],[134.6911,33.8526],[134.6915,33.8528],[134.6915,33.853],[134.6917,33.8532],[134.6918,33.8536],[134.6922,33.8538],[134.6923,33.8541],[134.6922,33.8543],[134.692,33.8543],[134.6917,33.8541],[134.6915,33.8542],[134.6913,33.854],[134.6912,33.8541],[134.6909,33.8541],[134.6906,33.8538],[134.6906,33.8534],[134.6909,33.8531],[134.691,33.8526],[134.691,33.8523],[134.6908,33.8521],[134.6906,33.8518],[134.6903,33.8516],[134.6897,33.8515],[134.6891,33.8515],[134.6885,33.8516],[134.6884,33.8521],[134.6882,33.8524],[134.688,33.8526],[134.6881,33.8528],[134.6879,33.8529],[134.6876,33.8528],[134.6873,33.8529],[134.6871,33.8528],[134.6871,33.8526],[134.687,33.8525],[134.687,33.8523],[134.687,33.852],[134.6873,33.8519],[134.6874,33.8516],[134.6877,33.8515],[134.6877,33.8511],[134.6877,33.8509],[134.6877,33.8507],[134.6876,33.8505],[134.6873,33.8503],[134.6868,33.8501],[134.6864,33.85],[134.6859,33.8499],[134.6854,33.85],[134.6852,33.8502],[134.6853,33.8505],[134.6852,33.8509],[134.6851,33.8509],[134.685,33.8512],[134.6849,33.8513],[134.6839,33.8511],[134.6837,33.8511],[134.6833,33.851],[134.6832,33.8508],[134.6826,33.8505],[134.6821,33.8504],[134.6822,33.8502],[134.6817,33.8496],[134.6809,33.8497],[134.6807,33.8497],[134.6803,33.85],[134.6801,33.8502],[134.6801,33.8505],[134.6802,33.8506],[134.6802,33.8507],[134.6805,33.8509],[134.681,33.8515],[134.6804,33.8514],[134.68,33.8513],[134.6799,33.8511],[134.6797,33.8511],[134.6794,33.8508],[134.6791,33.8507],[134.6789,33.8504],[134.679,33.8502],[134.6792,33.8501],[134.6794,33.85],[134.6794,33.8498],[134.6793,33.8495],[134.6791,33.8493],[134.679,33.8493],[134.6787,33.849],[134.6782,33.8487],[134.6783,33.8484],[134.6782,33.8482],[134.6781,33.8477],[134.6778,33.8473],[134.678,33.8472],[134.6782,33.8469],[134.678,33.8466],[134.6777,33.8467],[134.6775,33.8471],[134.677,33.8472],[134.6768,33.8474],[134.6766,33.8473],[134.6762,33.8471],[134.6757,33.8468],[134.6757,33.8466],[134.6751,33.8466],[134.6748,33.8467],[134.6749,33.847],[134.6747,33.8473],[134.6748,33.848],[134.6746,33.8482],[134.6745,33.8484],[134.6746,33.8486],[134.6745,33.8488],[134.6746,33.8492],[134.675,33.8493],[134.6753,33.8495],[134.6756,33.8498],[134.6758,33.8498],[134.676,33.8499],[134.6756,33.85],[134.6752,33.8499],[134.6749,33.85],[134.6744,33.8502],[134.6742,33.85],[134.6738,33.8501],[134.6734,33.85],[134.6734,33.8497],[134.673,33.8494],[134.6724,33.8493],[134.6722,33.8492],[134.6718,33.8491],[134.6718,33.8489],[134.6716,33.8485],[134.6715,33.8485],[134.6713,33.8482],[134.6715,33.848],[134.6714,33.8476],[134.6715,33.8474],[134.6716,33.847],[134.6713,33.8466],[134.6712,33.8465],[134.6712,33.8463],[134.6707,33.8459],[134.6707,33.8454],[134.6705,33.8451],[134.67,33.845],[134.6698,33.8448],[134.6697,33.8447],[134.6699,33.8446],[134.6698,33.8443],[134.6695,33.844],[134.6691,33.8437],[134.6688,33.8438],[134.6683,33.844],[134.6682,33.8443],[134.6682,33.8445],[134.668,33.845],[134.6681,33.8457],[134.6682,33.8458],[134.6681,33.8459],[134.668,33.8463],[134.6684,33.8464],[134.6684,33.8468],[134.6682,33.8469],[134.6681,33.8471],[134.6679,33.8471],[134.6676,33.8474],[134.6675,33.8477],[134.6677,33.848],[134.6672,33.8481],[134.6672,33.8483],[134.6668,33.8482],[134.6663,33.8483],[134.6663,33.8485],[134.6659,33.8484],[134.6659,33.8482],[134.6656,33.8478],[134.6651,33.8477],[134.6642,33.848],[134.664,33.8481],[134.6637,33.8485],[134.6635,33.8484],[134.6634,33.8482],[134.6634,33.8479],[134.663,33.8477],[134.663,33.8473],[134.6633,33.8468],[134.6634,33.8462],[134.6634,33.8458],[134.6633,33.8456],[134.6635,33.8449],[134.6635,33.8447],[134.6631,33.8441],[134.6629,33.8439],[134.6626,33.8437],[134.6624,33.8436],[134.6619,33.8436],[134.6609,33.844],[134.6605,33.8442],[134.6602,33.8445],[134.6599,33.8453],[134.6599,33.8455],[134.6601,33.8457],[134.6599,33.8459],[134.6599,33.8461],[134.6601,33.8465],[134.6603,33.8467],[134.6601,33.8469],[134.66,33.847],[134.6601,33.8474],[134.66,33.8477],[134.6597,33.8476],[134.6595,33.8477],[134.6595,33.8479],[134.659,33.8479],[134.6589,33.8477],[134.6586,33.8478],[134.6583,33.8481],[134.658,33.8483],[134.658,33.8485],[134.6578,33.8487],[134.6575,33.8488],[134.657,33.8487],[134.6568,33.8486],[134.6569,33.8484],[134.6567,33.8483],[134.6563,33.8483],[134.656,33.8484],[134.6558,33.8481],[134.6557,33.8476],[134.656,33.8475],[134.6562,33.8475],[134.6563,33.8473],[134.656,33.8467],[134.6561,33.8463],[134.6558,33.8461],[134.6551,33.8457],[134.6545,33.8454],[134.6544,33.8454],[134.6539,33.8448],[134.6537,33.8446],[134.6532,33.8445],[134.6524,33.8446],[134.6523,33.8445],[134.6518,33.8451],[134.6515,33.8452],[134.6508,33.8451],[134.6505,33.845],[134.6501,33.8449],[134.6495,33.845],[134.6492,33.845],[134.649,33.8448],[134.6491,33.8446],[134.6485,33.8438],[134.6484,33.8437],[134.6481,33.8433],[134.648,33.8433],[134.6475,33.8431],[134.6465,33.8432],[134.6456,33.8435],[134.6437,33.8429],[134.6433,33.8429],[134.6428,33.843],[134.6416,33.8435],[134.6413,33.8437],[134.6409,33.8441],[134.6402,33.8439],[134.6398,33.8438],[134.6393,33.8455],[134.6395,33.8459],[134.6397,33.8461],[134.6402,33.8465],[134.6411,33.8475],[134.6417,33.8479],[134.642,33.848],[134.6423,33.8486],[134.6424,33.8488],[134.6434,33.849],[134.6435,33.8491],[134.6442,33.8495],[134.6445,33.8496],[134.645,33.8499],[134.6454,33.8499],[134.6455,33.8498],[134.6459,33.8499],[134.646,33.8499],[134.6462,33.8502],[134.6461,33.8504],[134.6462,33.8508],[134.6464,33.8513],[134.6468,33.8515],[134.6473,33.8517],[134.6475,33.852],[134.6479,33.8522],[134.6481,33.8524],[134.6481,33.8526],[134.6479,33.8527],[134.6473,33.8529],[134.647,33.8531],[134.6469,33.8531],[134.6465,33.8531],[134.6455,33.8528],[134.6451,33.8527],[134.6447,33.8526],[134.6444,33.8524],[134.6435,33.8521],[134.6431,33.8522],[134.6429,33.8526],[134.6427,33.8531],[134.6427,33.8533],[134.643,33.8536],[134.6435,33.854],[134.6439,33.8542],[134.6439,33.8545],[134.6447,33.855],[134.6449,33.855],[134.6452,33.8552],[134.6452,33.8554],[134.645,33.8557],[134.6449,33.8563],[134.6449,33.8564],[134.6454,33.8567],[134.6454,33.857],[134.6451,33.8571],[134.6445,33.857],[134.6442,33.8571],[134.6441,33.8573],[134.6441,33.8579],[134.6442,33.8581],[134.6443,33.8583],[134.6448,33.8586],[134.6447,33.8588],[134.6448,33.8592],[134.6446,33.8594],[134.6447,33.86],[134.6451,33.8602],[134.6458,33.8605],[134.6455,33.861],[134.6454,33.8615],[134.6451,33.8616],[134.6446,33.8616],[134.6444,33.8619],[134.6445,33.8622],[134.6444,33.8626],[134.6447,33.8626],[134.6449,33.8626],[134.6452,33.8626],[134.6455,33.8624],[134.6455,33.8627],[134.6458,33.8628],[134.6461,33.8629],[134.6464,33.8629],[134.6464,33.8628],[134.6467,33.8629],[134.6469,33.8631],[134.6469,33.8633],[134.6464,33.8637],[134.6462,33.8637],[134.6461,33.8639],[134.6458,33.8642],[134.6457,33.8645],[134.6457,33.8648],[134.6458,33.8651],[134.646,33.8652],[134.6464,33.8658],[134.6464,33.8662],[134.6467,33.8663],[134.6466,33.8666],[134.6463,33.8663],[134.6459,33.8663],[134.6457,33.8661],[134.6455,33.8659],[134.6451,33.8659],[134.645,33.8657],[134.6451,33.8655],[134.645,33.8653],[134.6445,33.8651],[134.6442,33.865],[134.6439,33.865],[134.6438,33.8649],[134.6436,33.8648],[134.6431,33.8647],[134.6426,33.8647],[134.6424,33.8647],[134.6421,33.8648],[134.6417,33.8649],[134.6415,33.8648],[134.6411,33.8646],[134.6408,33.864],[134.6407,33.8635],[134.6405,33.8634],[134.6405,33.8632],[134.6401,33.8631],[134.6398,33.8632],[134.6394,33.8636],[134.6392,33.8637],[134.6391,33.8634],[134.6391,33.8632],[134.6393,33.8629],[134.6394,33.8622],[134.6397,33.8619],[134.6396,33.8616],[134.6394,33.8613],[134.6394,33.861],[134.6392,33.8607],[134.639,33.8605],[134.639,33.8603],[134.6391,33.86],[134.6388,33.8594],[134.6385,33.8592],[134.6379,33.8591],[134.6374,33.8589],[134.6373,33.859],[134.6369,33.8592],[134.6367,33.8592],[134.6358,33.8592],[134.6356,33.8592],[134.6349,33.8587],[134.6348,33.8585],[134.6349,33.8583],[134.6348,33.8581],[134.6343,33.858],[134.634,33.8579],[134.6331,33.858],[134.6328,33.8576],[134.6328,33.8572],[134.6312,33.8567],[134.6294,33.8569],[134.6288,33.8569],[134.6288,33.8571],[134.6293,33.8583],[134.6297,33.8608],[134.6296,33.8611],[134.6299,33.8611],[134.6304,33.8616],[134.6304,33.8618],[134.6313,33.8628],[134.6315,33.8631],[134.6322,33.863],[134.6324,33.863],[134.6328,33.8634],[134.6329,33.8636],[134.6326,33.8637],[134.6322,33.8642],[134.6321,33.8646],[134.6322,33.8655],[134.6327,33.8656],[134.6326,33.8661],[134.6329,33.8665],[134.6331,33.8666],[134.634,33.866],[134.6353,33.8682],[134.6354,33.8682],[134.6357,33.8687],[134.6348,33.8691],[134.6349,33.8694],[134.6351,33.8693],[134.6365,33.8687],[134.6387,33.8692],[134.638,33.8714],[134.6377,33.8715],[134.6379,33.8716],[134.6367,33.8709],[134.6361,33.8707],[134.6357,33.8709],[134.6361,33.871],[134.6364,33.8716],[134.6365,33.8717],[134.6368,33.8724],[134.6372,33.8728],[134.6374,33.873],[134.6375,33.8729],[134.6379,33.8723],[134.6375,33.8721],[134.6376,33.872],[134.6379,33.8722],[134.6381,33.8722],[134.6386,33.872],[134.639,33.872],[134.6392,33.8705],[134.6399,33.8696],[134.64,33.8695],[134.6415,33.87],[134.6414,33.8701],[134.6438,33.871],[134.6435,33.8709],[134.6432,33.8715],[134.6438,33.8718],[134.6443,33.8711],[134.6444,33.8712],[134.6439,33.8719],[134.6443,33.8721],[134.6449,33.8713],[134.6457,33.8716],[134.6447,33.8731],[134.6453,33.8735],[134.6452,33.8735],[134.6446,33.8731],[134.6441,33.8737],[134.6441,33.8738],[134.6444,33.874],[134.6452,33.8746],[134.645,33.8748],[134.6446,33.8753],[134.6449,33.8755],[134.6454,33.8749],[134.6453,33.8746],[134.6466,33.8731],[134.6465,33.8733],[134.6467,33.8735],[134.6474,33.8738],[134.6475,33.874],[134.6481,33.8733],[134.648,33.8733],[134.6488,33.8723],[134.649,33.8721],[134.65,33.8707],[134.6519,33.8712],[134.652,33.8707],[134.6541,33.8713],[134.654,33.8715],[134.6521,33.8709],[134.6519,33.8712],[134.6521,33.8713],[134.6562,33.8724],[134.6585,33.8741],[134.6589,33.8744],[134.659,33.8746],[134.6586,33.875],[134.6581,33.8753],[134.6582,33.8754],[134.6587,33.8751],[134.6595,33.8749],[134.6597,33.875],[134.6608,33.8758],[134.6606,33.8761],[134.659,33.8771],[134.6593,33.8773],[134.657,33.8788],[134.6563,33.8792],[134.6564,33.8793],[134.6562,33.8795],[134.6561,33.8793],[134.6556,33.8796],[134.6557,33.8798],[134.6555,33.8799],[134.6554,33.8798],[134.6543,33.8805],[134.6541,33.8804],[134.654,33.8806],[134.6537,33.8806],[134.6534,33.8808],[134.6535,33.881],[134.6532,33.8812],[134.6533,33.8814],[134.6534,33.8817],[134.6534,33.8819],[134.6533,33.8821],[134.6533,33.8824],[134.6534,33.8824],[134.6552,33.8826],[134.6556,33.8822],[134.6564,33.8816],[134.6612,33.8815],[134.6616,33.8811],[134.662,33.881],[134.6617,33.8801],[134.662,33.8799],[134.6622,33.8797],[134.6628,33.8796],[134.6631,33.8795],[134.6632,33.8797],[134.6646,33.8796],[134.6646,33.8792],[134.6646,33.8791],[134.6663,33.8788],[134.6664,33.8792],[134.667,33.8792],[134.667,33.8793],[134.6674,33.8793],[134.6676,33.8803],[134.6682,33.8823],[134.6683,33.8828],[134.6687,33.8839],[134.6689,33.8848],[134.6691,33.8849],[134.6692,33.8852],[134.6693,33.8853],[134.6701,33.8851],[134.6702,33.8852],[134.6715,33.8849],[134.6719,33.8848],[134.672,33.8849],[134.6733,33.8846],[134.6734,33.8847],[134.672,33.8849],[134.6721,33.8853],[134.6712,33.8854],[134.6713,33.8858],[134.6721,33.8857],[134.6722,33.8859],[134.6726,33.8858],[134.6727,33.8862],[134.6737,33.8861],[134.6737,33.8858],[134.6747,33.8856],[134.6745,33.8843],[134.6746,33.8843],[134.6749,33.8855],[134.675,33.8859],[134.6745,33.886],[134.6746,33.8865],[134.6742,33.8866],[134.6742,33.8867],[134.6748,33.8866],[134.6753,33.8863],[134.6756,33.8859],[134.6756,33.8857],[134.6754,33.8854],[134.6754,33.885],[134.6756,33.8844],[134.6755,33.8838],[134.6754,33.8834],[134.6751,33.8831],[134.6748,33.8829],[134.6749,33.8827],[134.6747,33.8823],[134.6744,33.8821],[134.6739,33.8817],[134.6737,33.8807],[134.6735,33.8805],[134.6733,33.8804],[134.6731,33.8803],[134.673,33.8802],[134.6733,33.88],[134.6738,33.8799],[134.6745,33.8797],[134.6747,33.8797],[134.6749,33.8797],[134.6748,33.8802],[134.6749,33.8805],[134.6746,33.8806],[134.6744,33.8808],[134.6743,33.8811],[134.6743,33.8814],[134.6745,33.8816],[134.6746,33.8818],[134.6749,33.8818],[134.6751,33.8817],[134.6751,33.8814],[134.6753,33.8815],[134.6753,33.8817],[134.6755,33.8818],[134.6763,33.882],[134.6769,33.8823],[134.6771,33.8826],[134.677,33.8828],[134.6772,33.8831],[134.6775,33.8831],[134.6778,33.8832],[134.6778,33.8834],[134.6782,33.8835],[134.6782,33.8838],[134.6779,33.8839],[134.6778,33.884],[134.6776,33.8839],[134.6776,33.8837],[134.6773,33.8836],[134.677,33.8837],[134.6767,33.8842],[134.6767,33.8846],[134.6767,33.8852],[134.6768,33.8858],[134.677,33.8865],[134.6773,33.8872],[134.6775,33.8873],[134.6778,33.8878],[134.6781,33.8882],[134.6783,33.8882],[134.6788,33.8885],[134.6796,33.8889],[134.68,33.8891],[134.6806,33.8894],[134.6811,33.8898],[134.6812,33.89],[134.6819,33.8901],[134.6825,33.8905],[134.6829,33.8911],[134.6831,33.8913],[134.6836,33.8917],[134.684,33.8918],[134.6841,33.8919],[134.6841,33.8921],[134.684,33.8925],[134.6841,33.8928],[134.6836,33.8929],[134.6834,33.8932],[134.6835,33.8935],[134.6836,33.8938],[134.6838,33.8943],[134.6841,33.8947],[134.6844,33.8954],[134.6846,33.8958],[134.6851,33.8968],[134.6854,33.8974],[134.6857,33.8979],[134.6858,33.898],[134.6861,33.8985],[134.6863,33.8987],[134.6869,33.8994],[134.6874,33.9],[134.6878,33.9005],[134.6885,33.901],[134.6891,33.9015],[134.6904,33.9021],[134.6914,33.9012],[134.6923,33.9011],[134.6923,33.9012],[134.6914,33.9012],[134.6914,33.9014],[134.6906,33.9021],[134.6926,33.9032],[134.6925,33.9034],[134.6931,33.9037],[134.6932,33.9036],[134.6943,33.9027],[134.6936,33.9012],[134.6933,33.9011],[134.6929,33.9017],[134.6929,33.9016],[134.6933,33.901],[134.6924,33.9006],[134.6925,33.9005],[134.6937,33.9011],[134.6947,33.9033],[134.6955,33.9034],[134.6959,33.9036],[134.6961,33.9038],[134.6963,33.9041],[134.6965,33.9045],[134.6968,33.9046],[134.6969,33.9048],[134.6969,33.9051],[134.6971,33.9053],[134.6974,33.9053],[134.6977,33.9054],[134.6977,33.9056],[134.6978,33.9058],[134.6979,33.906],[134.6982,33.9061],[134.6987,33.9062],[134.6989,33.9064],[134.6988,33.9067],[134.6991,33.9068],[134.6992,33.907],[134.6988,33.9069],[134.6988,33.9068],[134.6985,33.9068],[134.6982,33.9067],[134.6979,33.9068],[134.6975,33.907],[134.6973,33.9075],[134.6972,33.9079],[134.6972,33.9083],[134.6973,33.9087],[134.6975,33.9091],[134.6978,33.9099],[134.6984,33.9107],[134.6989,33.9112],[134.6995,33.9117],[134.6997,33.9119],[134.7,33.9121],[134.7005,33.913],[134.7007,33.9132],[134.7013,33.9136],[134.7015,33.9137],[134.7021,33.9136],[134.7024,33.9136],[134.7026,33.9138],[134.7031,33.9138],[134.7028,33.914],[134.7029,33.9141],[134.7027,33.9143],[134.7025,33.9143],[134.7022,33.9141],[134.702,33.9142],[134.7019,33.9145],[134.7019,33.9162],[134.7018,33.9145],[134.7014,33.9145],[134.7014,33.9147],[134.6999,33.9147],[134.6999,33.9161],[134.7009,33.9161],[134.7009,33.9151],[134.701,33.9151],[134.701,33.9161],[134.6999,33.9162],[134.6996,33.9173],[134.6996,33.9178],[134.6996,33.9181],[134.6997,33.9188],[134.6999,33.9194],[134.7001,33.9197],[134.701,33.9211],[134.7013,33.9217],[134.7016,33.9221],[134.7021,33.9227],[134.7031,33.9237],[134.7042,33.9246],[134.7051,33.9252],[134.7053,33.9254],[134.7056,33.9259],[134.7083,33.9254],[134.7093,33.9253],[134.7115,33.9244],[134.7116,33.9245],[134.7093,33.9254],[134.7083,33.9255],[134.7056,33.9259],[134.7045,33.9296],[134.7056,33.929],[134.7083,33.9275],[134.7086,33.9273],[134.7116,33.9257],[134.7116,33.9258],[134.7107,33.9263],[134.709,33.9273],[134.7083,33.9276],[134.7074,33.9281],[134.7045,33.9296],[134.7041,33.9307],[134.7043,33.9311],[134.7048,33.9318],[134.705,33.9319],[134.7079,33.9314],[134.7111,33.9309],[134.7111,33.931],[134.7079,33.9315],[134.7038,33.9321],[134.7036,33.9325],[134.7035,33.9328],[134.7026,33.9351],[134.7013,33.9385],[134.697,33.9484],[134.6971,33.9489],[134.6969,33.9497],[134.6969,33.95],[134.6974,33.9508],[134.6976,33.9512],[134.6991,33.9543],[134.699,33.9543],[134.6979,33.952],[134.6973,33.9507],[134.6969,33.95],[134.6964,33.9509],[134.696,33.9517],[134.6953,33.9516],[134.695,33.9516],[134.694,33.9517],[134.6931,33.9517],[134.6911,33.9535],[134.6899,33.9536],[134.6895,33.9539],[134.6894,33.9542],[134.689,33.9544],[134.6886,33.9547],[134.6884,33.955],[134.6883,33.9554],[134.6883,33.9555],[134.6879,33.956],[134.6876,33.956],[134.6874,33.9562],[134.6873,33.9561],[134.6866,33.9569],[134.6861,33.9573],[134.6855,33.9578],[134.6848,33.9582],[134.6838,33.9587],[134.683,33.9589],[134.6824,33.9591],[134.6821,33.9593],[134.6816,33.9593],[134.6812,33.9594],[134.6805,33.9597],[134.6804,33.9596],[134.68,33.9595],[134.6798,33.9595],[134.6794,33.9595],[134.6788,33.9598],[134.6785,33.9597],[134.678,33.9598],[134.6773,33.9601],[134.677,33.96],[134.6767,33.9601],[134.6757,33.9604],[134.6755,33.9603],[134.6749,33.9603],[134.6743,33.9605],[134.6741,33.9606],[134.6737,33.9606],[134.6728,33.9607],[134.6721,33.961],[134.672,33.9612],[134.6716,33.9611],[134.6707,33.9611],[134.6706,33.9615],[134.6701,33.9613],[134.6697,33.9614],[134.6695,33.9616],[134.6692,33.9616],[134.6689,33.9618],[134.6687,33.9621],[134.6683,33.9621],[134.6666,33.9635],[134.6665,33.9637],[134.6664,33.9641],[134.666,33.9643],[134.6658,33.9645],[134.6658,33.9648],[134.6655,33.9651],[134.6651,33.965],[134.6649,33.9651],[134.6645,33.9654],[134.6643,33.9657],[134.6642,33.966],[134.6639,33.9662],[134.6638,33.9666],[134.6633,33.9669],[134.6632,33.9671],[134.6632,33.9674],[134.6628,33.9676],[134.6627,33.9678],[134.6626,33.9682],[134.6623,33.9684],[134.6622,33.9686],[134.6622,33.969],[134.6618,33.9693],[134.6618,33.9694],[134.6618,33.9697],[134.6617,33.9699],[134.6616,33.9701],[134.6621,33.9704],[134.662,33.9709],[134.6623,33.9714],[134.6619,33.9709],[134.662,33.9705],[134.6614,33.97],[134.6611,33.9705],[134.6608,33.9714],[134.6606,33.9713],[134.6605,33.9717],[134.6615,33.972],[134.6615,33.9721],[134.6606,33.9718],[134.6605,33.9719],[134.6602,33.9719],[134.6599,33.9721],[134.6597,33.9725],[134.6596,33.9728],[134.6593,33.9733],[134.6594,33.9734],[134.6606,33.9739],[134.6609,33.9735],[134.6603,33.9744],[134.6606,33.974],[134.6594,33.9735],[134.6592,33.9734],[134.659,33.9737],[134.6589,33.9737],[134.6587,33.974],[134.6583,33.9745],[134.6582,33.9748],[134.658,33.975],[134.6577,33.9754],[134.6576,33.9756],[134.6573,33.976],[134.6571,33.9765],[134.6584,33.977],[134.6583,33.9771],[134.657,33.9765],[134.6567,33.9771],[134.6562,33.9779],[134.6557,33.9789],[134.6554,33.9795],[134.6555,33.9798],[134.6553,33.9798],[134.6565,33.9802],[134.6568,33.9798],[134.6563,33.9808],[134.6563,33.9807],[134.6565,33.9803],[134.6551,33.9797],[134.6548,33.9803],[134.6547,33.9803],[134.6545,33.9807],[134.6545,33.9808],[134.6543,33.9813],[134.654,33.9816],[134.654,33.9817],[134.6535,33.9827],[134.6534,33.9831],[134.6535,33.9834],[134.6533,33.9834],[134.6546,33.9839],[134.6548,33.9834],[134.6549,33.9835],[134.6544,33.9844],[134.6543,33.9844],[134.6545,33.984],[134.6533,33.9835],[134.653,33.9839],[134.653,33.9841],[134.6526,33.9845],[134.6525,33.985],[134.6523,33.9851],[134.6521,33.9856],[134.6521,33.9858],[134.6503,33.9852],[134.6489,33.9846],[134.6491,33.9843],[134.649,33.9842],[134.6487,33.9838],[134.6483,33.9835],[134.6478,33.9839],[134.6472,33.9836],[134.6465,33.9832],[134.6456,33.9828],[134.6451,33.9825],[134.6445,33.9822],[134.6443,33.982],[134.6442,33.9818],[134.6443,33.9813],[134.6444,33.981],[134.644,33.9808],[134.6436,33.98],[134.6435,33.9798],[134.6433,33.9794],[134.6429,33.9794],[134.6426,33.9793],[134.6422,33.9787],[134.6419,33.9781],[134.6416,33.9778],[134.6414,33.9748],[134.6412,33.9748],[134.6408,33.9746],[134.6405,33.9743],[134.6404,33.9744],[134.6401,33.9742],[134.6398,33.9739],[134.6396,33.9737],[134.6396,33.9735],[134.6395,33.9733],[134.6395,33.9729],[134.6398,33.9726],[134.6397,33.9724],[134.6395,33.9725],[134.6394,33.9722],[134.6392,33.9722],[134.6392,33.9718],[134.6396,33.9717],[134.6395,33.9713],[134.6391,33.9714],[134.6389,33.9701],[134.6391,33.9701],[134.639,33.9697],[134.6388,33.9693],[134.6386,33.969],[134.6379,33.9687],[134.6373,33.9687],[134.637,33.9686],[134.6361,33.968],[134.6358,33.9679],[134.6355,33.9676],[134.6353,33.9673],[134.6352,33.9669],[134.6352,33.9665],[134.6353,33.9663],[134.6359,33.9652],[134.636,33.9649],[134.636,33.9642],[134.6359,33.9639],[134.6357,33.9637],[134.6352,33.9637],[134.6346,33.9639],[134.634,33.9641],[134.6328,33.9647],[134.6319,33.9645],[134.6315,33.9645],[134.6313,33.9647],[134.6315,33.9651],[134.6315,33.9654],[134.6313,33.9657],[134.6311,33.9658],[134.6306,33.9659],[134.6302,33.9659],[134.6298,33.9658],[134.6296,33.9657],[134.6291,33.9659],[134.6289,33.9662],[134.6285,33.9666],[134.628,33.9669],[134.6275,33.9666],[134.6278,33.9662],[134.6274,33.9661],[134.6272,33.966],[134.6269,33.9661],[134.6265,33.966],[134.626,33.9663],[134.6258,33.9664],[134.6258,33.9667],[134.6257,33.9671],[134.6258,33.9673],[134.6259,33.9675],[134.6262,33.9676],[134.6264,33.968],[134.6263,33.9681],[134.6255,33.9683],[134.6253,33.9684],[134.6253,33.9686],[134.6253,33.9694],[134.6253,33.9696],[134.6249,33.9697],[134.6246,33.9697],[134.6245,33.9693],[134.6241,33.9685],[134.6239,33.9684],[134.6235,33.9684],[134.6232,33.9686],[134.6227,33.9684],[134.6223,33.9685],[134.622,33.9684],[134.6217,33.968],[134.6212,33.9677],[134.6209,33.9675],[134.6207,33.9671],[134.6206,33.9668],[134.6206,33.9666],[134.6204,33.9664],[134.6204,33.9659],[134.6201,33.9655],[134.62,33.9652],[134.6197,33.965],[134.6194,33.9649],[134.619,33.9649],[134.6185,33.9646],[134.618,33.9645],[134.6176,33.9643],[134.6169,33.9639],[134.6163,33.9638],[134.6154,33.9635],[134.6152,33.9632],[134.6149,33.9631],[134.6145,33.9625],[134.6145,33.9621],[134.6146,33.9619],[134.615,33.9618],[134.615,33.9616],[134.6145,33.9614],[134.614,33.9614],[134.6137,33.9615],[134.6136,33.9613],[134.6133,33.9608],[134.6133,33.9607],[134.614,33.9604],[134.6137,33.96],[134.6135,33.9596],[134.6136,33.9585],[134.6137,33.9581],[134.6136,33.9579],[134.6131,33.9582],[134.6129,33.9581],[134.6134,33.9578],[134.6133,33.9575],[134.6126,33.9574],[134.6122,33.9569],[134.6121,33.9568],[134.6115,33.9569],[134.6113,33.9568],[134.6114,33.9563],[134.6112,33.9558],[134.6112,33.9553],[134.6112,33.955],[134.6111,33.9545],[134.6112,33.9543],[134.6114,33.9541],[134.6115,33.9539],[134.6116,33.9531],[134.6119,33.9529],[134.6119,33.9527],[134.612,33.9523],[134.6123,33.9517],[134.6123,33.9515],[134.6121,33.9509],[134.6119,33.9506],[134.6112,33.9504],[134.6108,33.9501],[134.6104,33.9501],[134.6102,33.9499],[134.6099,33.95],[134.6095,33.9499],[134.6092,33.9498],[134.6089,33.9494],[134.6087,33.9494],[134.6074,33.9496],[134.6072,33.9495],[134.6067,33.9496],[134.6064,33.9495],[134.6062,33.9494],[134.6058,33.9494],[134.6051,33.949],[134.6049,33.9491],[134.6048,33.9494],[134.6045,33.9494],[134.6042,33.9494],[134.6037,33.9494],[134.6033,33.9494],[134.6028,33.9492],[134.6025,33.9492],[134.602,33.9496],[134.6018,33.9496],[134.6015,33.9496],[134.6013,33.9494],[134.601,33.9488],[134.6006,33.9487],[134.6002,33.9486],[134.6,33.9487],[134.5997,33.949],[134.5993,33.9492],[134.5986,33.9494],[134.5982,33.9495],[134.597,33.9493],[134.5967,33.9492],[134.5965,33.9491],[134.5964,33.9487],[134.5964,33.9485],[134.596,33.9484],[134.5956,33.9483],[134.5951,33.9486],[134.5946,33.9485],[134.5945,33.9482],[134.5943,33.948],[134.5941,33.9479],[134.5935,33.948],[134.593,33.9479],[134.5927,33.9479],[134.5924,33.9481],[134.5922,33.9481],[134.592,33.9479],[134.5907,33.9478],[134.5905,33.9477],[134.5902,33.9473],[134.5899,33.947],[134.589,33.9467],[134.5888,33.9465],[134.5883,33.9464],[134.588,33.9462],[134.5876,33.9462],[134.5866,33.946],[134.5849,33.9466],[134.5845,33.9465],[134.5843,33.9464],[134.584,33.9461],[134.5835,33.9459],[134.583,33.9457],[134.5826,33.9457],[134.5819,33.9455],[134.581,33.9452],[134.5807,33.9451],[134.5802,33.9452],[134.5791,33.945],[134.5782,33.9451],[134.5778,33.9451],[134.5771,33.9449],[134.5761,33.9447],[134.576,33.9447],[134.5759,33.9449],[134.5754,33.9448],[134.5748,33.9448],[134.5747,33.9446],[134.5748,33.9445],[134.5751,33.9443],[134.5751,33.9442],[134.5747,33.9438],[134.5745,33.9434],[134.5742,33.9432],[134.5737,33.9428],[134.5734,33.9426],[134.5727,33.9417],[134.5724,33.9416],[134.5718,33.9415],[134.5713,33.9414],[134.5706,33.9412],[134.5701,33.941],[134.5697,33.9405],[134.5695,33.9403],[134.569,33.9398],[134.5686,33.9397],[134.5683,33.9394],[134.5678,33.939],[134.5675,33.939],[134.5667,33.9387],[134.5663,33.9387],[134.5658,33.9386],[134.5656,33.9385],[134.5654,33.938],[134.5652,33.9379],[134.5648,33.9385],[134.5645,33.9387],[134.5641,33.9388],[134.5634,33.9389],[134.5629,33.939],[134.562,33.9392],[134.5617,33.9391],[134.561,33.9393],[134.5607,33.9394],[134.5606,33.9397],[134.5602,33.9391],[134.5601,33.9387],[134.5601,33.9383],[134.56,33.9382],[134.5596,33.9381],[134.5594,33.9379],[134.5591,33.9375],[134.559,33.9373],[134.5589,33.9368],[134.5588,33.9363],[134.5587,33.9362],[134.5581,33.9358],[134.5577,33.9355],[134.5576,33.9352],[134.5575,33.9348],[134.5576,33.9343],[134.5577,33.9338],[134.5579,33.9336],[134.5579,33.9335],[134.5574,33.9333],[134.5566,33.933],[134.5561,33.9329],[134.5557,33.9329],[134.5547,33.9331],[134.5545,33.9328],[134.5544,33.9325],[134.5541,33.9324],[134.5527,33.9323],[134.552,33.9322],[134.5516,33.9322],[134.5511,33.9321],[134.5506,33.932],[134.5502,33.932],[134.5499,33.9319],[134.5496,33.9316],[134.5491,33.9315],[134.5487,33.9314],[134.5479,33.9313],[134.5467,33.9313],[134.546,33.9313],[134.5451,33.9313],[134.5446,33.931],[134.5444,33.931],[134.5435,33.9312],[134.5433,33.9312],[134.5424,33.9308],[134.5416,33.9305],[134.5412,33.93],[134.5401,33.9295],[134.5387,33.9288],[134.5376,33.9286],[134.5371,33.9284],[134.5365,33.9283],[134.5363,33.9282],[134.5356,33.9278],[134.5354,33.9275],[134.5354,33.9273],[134.5357,33.9268],[134.5357,33.9264],[134.5359,33.926],[134.5358,33.9258],[134.5357,33.9256],[134.5352,33.9251],[134.5349,33.9248],[134.5348,33.9247],[134.5348,33.9243],[134.5346,33.9241],[134.534,33.9241],[134.5335,33.9243],[134.533,33.9242],[134.5317,33.9239],[134.5316,33.9236],[134.5315,33.9232],[134.5316,33.9222],[134.5315,33.922],[134.5311,33.9214],[134.5309,33.9211],[134.5308,33.9206],[134.5306,33.9204],[134.5307,33.92],[134.5308,33.9193],[134.5308,33.9187],[134.5309,33.9181],[134.5308,33.918],[134.5303,33.9175],[134.5297,33.9173],[134.5288,33.9171],[134.5284,33.9171],[134.5278,33.9172],[134.5274,33.9171],[134.5266,33.9169],[134.5264,33.9169],[134.5258,33.917],[134.5253,33.9169],[134.5247,33.9166],[134.5241,33.9166],[134.5238,33.9165],[134.5229,33.9161],[134.5223,33.9158],[134.522,33.9157],[134.5215,33.9157],[134.5213,33.9158],[134.5207,33.9165],[134.5202,33.9173],[134.5199,33.9177],[134.5196,33.9179],[134.5192,33.9182],[134.5188,33.9183],[134.5183,33.9183],[134.518,33.9181],[134.5175,33.918],[134.5168,33.9181],[134.5164,33.918],[134.5165,33.9176],[134.5162,33.9173],[134.5161,33.9169],[134.516,33.9165],[134.5159,33.9161],[134.5159,33.9159],[134.5153,33.9153],[134.5152,33.9149],[134.515,33.9144],[134.5147,33.914],[134.5144,33.9138],[134.5141,33.9136],[134.5137,33.9136],[134.5133,33.9134],[134.513,33.913],[134.5126,33.9127],[134.5121,33.9122],[134.5118,33.9119],[134.5114,33.9117],[134.5111,33.9115],[134.5108,33.9114],[134.5103,33.9114],[134.5098,33.9111],[134.5096,33.9109],[134.5094,33.9106],[134.5091,33.9105],[134.5086,33.9105],[134.5078,33.9101],[134.5073,33.9098],[134.5065,33.9096],[134.5058,33.9096],[134.5055,33.9094],[134.5053,33.9091],[134.505,33.9087],[134.5047,33.9083],[134.5043,33.9081],[134.504,33.9079],[134.5036,33.9081],[134.5032,33.9082],[134.5028,33.9084],[134.5023,33.9087],[134.5014,33.9092],[134.5009,33.9095],[134.5004,33.9098],[134.5002,33.9099],[134.4998,33.91],[134.4991,33.9104],[134.4985,33.9109],[134.4983,33.9109],[134.4981,33.9109],[134.4977,33.9106],[134.4973,33.9104],[134.4968,33.9105],[134.4966,33.9106],[134.4959,33.9107],[134.4955,33.9107],[134.4944,33.9108],[134.4941,33.911],[134.4936,33.911],[134.4932,33.9109],[134.4928,33.9109],[134.4926,33.9109],[134.492,33.9105],[134.4916,33.9103],[134.4911,33.91],[134.4906,33.9098],[134.4903,33.9095],[134.4898,33.9093],[134.4894,33.9092],[134.4883,33.9084],[134.4873,33.9075],[134.4868,33.9073],[134.4863,33.9069],[134.4857,33.9066],[134.4851,33.9065],[134.4847,33.9063],[134.4844,33.9063],[134.4842,33.9062],[134.4838,33.9057],[134.4832,33.9051],[134.4821,33.9043],[134.4815,33.9039],[134.4811,33.9038],[134.4809,33.9032],[134.4808,33.9029],[134.4804,33.9024],[134.4802,33.9022],[134.4801,33.9021],[134.4798,33.9022],[134.4795,33.9022],[134.4793,33.9022],[134.4788,33.9018],[134.4783,33.9018],[134.478,33.9016],[134.4776,33.9015],[134.4771,33.9013],[134.4767,33.9012],[134.4757,33.9012],[134.4752,33.9012],[134.4752,33.901],[134.4749,33.9003],[134.4748,33.8998],[134.4746,33.8994],[134.4743,33.899],[134.4742,33.8982],[134.4742,33.8978],[134.4741,33.8972],[134.4741,33.897],[134.4738,33.8966],[134.4735,33.8963],[134.4732,33.8961],[134.473,33.8958],[134.4727,33.8953],[134.4726,33.8952],[134.4717,33.8945],[134.4714,33.8942],[134.471,33.894],[134.4705,33.8937],[134.4703,33.8934],[134.4698,33.8932],[134.4694,33.8929],[134.4686,33.8924],[134.4684,33.8922],[134.4683,33.892],[134.4684,33.8916],[134.4684,33.8912],[134.4681,33.8908],[134.468,33.8906],[134.468,33.89],[134.4678,33.8894],[134.4683,33.8887],[134.4686,33.8882],[134.4687,33.8878],[134.4687,33.8875],[134.4687,33.8871],[134.4689,33.8867],[134.469,33.8863],[134.469,33.8858],[134.4692,33.8858],[134.4697,33.8859],[134.4699,33.8858],[134.4701,33.8854],[134.4704,33.8852],[134.4706,33.8849],[134.4708,33.8844],[134.4709,33.8842],[134.4713,33.8838],[134.4716,33.8834],[134.4718,33.8833],[134.4722,33.883],[134.473,33.8827],[134.4739,33.8824],[134.4742,33.8823],[134.4738,33.8817],[134.4735,33.8816],[134.4734,33.8814],[134.4732,33.8809],[134.473,33.8805],[134.4728,33.8801],[134.4726,33.8797],[134.4726,33.8792],[134.4723,33.8789],[134.4721,33.8784],[134.4719,33.8783],[134.4716,33.878],[134.4715,33.8773],[134.4713,33.8771],[134.4706,33.8766],[134.4704,33.8763],[134.4703,33.8762],[134.4704,33.8759],[134.4703,33.8758],[134.4699,33.8756],[134.4697,33.8751],[134.4696,33.8749],[134.4693,33.8747],[134.4686,33.874],[134.4684,33.8737],[134.4683,33.8734],[134.4678,33.8726],[134.4672,33.8723],[134.4672,33.872],[134.4673,33.8717],[134.4673,33.8715],[134.4674,33.8711],[134.4676,33.8708],[134.4679,33.8699]],[[134.6788,33.8322],[134.6794,33.8323],[134.6796,33.8323],[134.6792,33.832],[134.6789,33.832],[134.6788,33.8321],[134.6788,33.8322]],[[134.6856,33.8045],[134.6856,33.8044],[134.6853,33.8043],[134.6851,33.8044],[134.685,33.8045],[134.6848,33.8046],[134.6847,33.8047],[134.6849,33.8049],[134.6849,33.8051],[134.6852,33.8051],[134.6853,33.8047],[134.6856,33.8045]],[[134.6884,33.8044],[134.6885,33.8043],[134.6882,33.8042],[134.6882,33.8044],[134.6884,33.8044]],[[134.6898,33.8051],[134.6901,33.8051],[134.6904,33.805],[134.6902,33.8047],[134.6899,33.8046],[134.6893,33.8045],[134.689,33.8044],[134.6889,33.8045],[134.6891,33.8048],[134.6894,33.8049],[134.6898,33.8051]],[[134.6896,33.8044],[134.6902,33.8047],[134.6902,33.8046],[134.6893,33.8041],[134.6892,33.8042],[134.6896,33.8044]],[[134.7197,33.8206],[134.7198,33.8204],[134.7198,33.8201],[134.7196,33.8202],[134.7196,33.8203],[134.7197,33.8206]],[[134.72,33.8205],[134.7203,33.8205],[134.7203,33.8202],[134.7202,33.8202],[134.72,33.8204],[134.72,33.8205]],[[134.7402,33.8297],[134.7404,33.8298],[134.7405,33.8295],[134.7404,33.8294],[134.7402,33.8297]],[[134.7463,33.8309],[134.7461,33.831],[134.7463,33.8311],[134.7463,33.8309]],[[134.75,33.8332],[134.7498,33.8332],[134.75,33.8335],[134.7501,33.8333],[134.75,33.8332]],[[134.65,33.854],[134.6494,33.854],[134.6492,33.8541],[134.6494,33.8563],[134.6491,33.8563],[134.6488,33.8563],[134.6478,33.8576],[134.6471,33.8573],[134.647,33.8571],[134.6467,33.857],[134.6465,33.857],[134.6461,33.8579],[134.6458,33.8583],[134.6458,33.8588],[134.6459,33.859],[134.6462,33.8593],[134.6466,33.8592],[134.6469,33.8596],[134.6472,33.8602],[134.6472,33.8606],[134.6469,33.8607],[134.6469,33.8609],[134.6467,33.8612],[134.6468,33.8617],[134.647,33.862],[134.6479,33.8627],[134.648,33.8629],[134.6481,33.8632],[134.6482,33.8639],[134.6485,33.8639],[134.6499,33.8638],[134.65,33.8641],[134.6539,33.8638],[134.6539,33.8646],[134.6532,33.8646],[134.6528,33.8647],[134.6531,33.8676],[134.6532,33.8677],[134.6539,33.8676],[134.6541,33.8677],[134.6542,33.8676],[134.6551,33.8675],[134.6552,33.8673],[134.6553,33.8673],[134.6555,33.8675],[134.6562,33.8674],[134.6562,33.8681],[134.6562,33.8683],[134.6565,33.8685],[134.6566,33.8685],[134.6565,33.8683],[134.6567,33.8675],[134.657,33.8674],[134.6578,33.8673],[134.658,33.8675],[134.6582,33.8679],[134.6584,33.8679],[134.6588,33.8677],[134.6588,33.8672],[134.659,33.867],[134.6595,33.8668],[134.6596,33.8666],[134.6595,33.8665],[134.6595,33.8663],[134.6598,33.8661],[134.6601,33.866],[134.6605,33.866],[134.661,33.8659],[134.6615,33.8663],[134.6616,33.8664],[134.6619,33.8664],[134.662,33.8661],[134.6624,33.8659],[134.6625,33.866],[134.6628,33.8661],[134.6629,33.8661],[134.6629,33.8659],[134.6627,33.8657],[134.6621,33.8654],[134.6617,33.8653],[134.6616,33.8652],[134.6615,33.8648],[134.6616,33.8645],[134.6615,33.8641],[134.6616,33.8639],[134.6616,33.8635],[134.6615,33.8633],[134.6615,33.8632],[134.6622,33.8625],[134.6624,33.8624],[134.6629,33.8624],[134.6633,33.8623],[134.6637,33.8622],[134.6638,33.8619],[134.6637,33.8618],[134.664,33.8615],[134.664,33.8613],[134.6631,33.861],[134.6627,33.8608],[134.6623,33.8602],[134.662,33.86],[134.6615,33.8602],[134.6609,33.8601],[134.6606,33.8603],[134.6605,33.8607],[134.6602,33.861],[134.66,33.8612],[134.6596,33.8612],[134.6594,33.861],[134.6593,33.8602],[134.6594,33.8598],[134.6592,33.8597],[134.6589,33.8592],[134.6587,33.8587],[134.6586,33.8586],[134.6583,33.8585],[134.6582,33.8584],[134.6578,33.8582],[134.6575,33.858],[134.6574,33.8577],[134.6572,33.8572],[134.6571,33.8565],[134.6573,33.8563],[134.6571,33.8561],[134.6569,33.8559],[134.6568,33.8559],[134.6565,33.8557],[134.6565,33.8553],[134.6546,33.8537],[134.6545,33.8537],[134.65,33.854]],[[134.6518,33.8475],[134.6521,33.8476],[134.652,33.8474],[134.6518,33.8473],[134.6515,33.8474],[134.6516,33.8476],[134.6518,33.8475]],[[134.658,33.8726],[134.658,33.8728],[134.6583,33.8728],[134.6582,33.8726],[134.658,33.8726]],[[134.6617,33.8583],[134.6649,33.8594],[134.665,33.8592],[134.662,33.8582],[134.6617,33.8581],[134.6617,33.8583]],[[134.6667,33.8763],[134.6664,33.8763],[134.6661,33.8764],[134.6658,33.8765],[134.6655,33.8764],[134.6652,33.8764],[134.6651,33.8766],[134.6648,33.8766],[134.6648,33.8768],[134.6653,33.8767],[134.6658,33.8771],[134.6661,33.8772],[134.6663,33.8773],[134.6667,33.8775],[134.667,33.8774],[134.6671,33.8773],[134.6671,33.877],[134.6672,33.8768],[134.6674,33.8768],[134.668,33.8769],[134.6683,33.877],[134.669,33.8769],[134.6693,33.877],[134.6696,33.8769],[134.6699,33.877],[134.67,33.8769],[134.6704,33.8769],[134.6707,33.8769],[134.6709,33.8768],[134.6714,33.8771],[134.6716,33.8771],[134.6718,33.8769],[134.6722,33.8769],[134.6723,33.8769],[134.6728,33.8769],[134.6731,33.8766],[134.6734,33.8765],[134.6735,33.8763],[134.6731,33.8762],[134.6726,33.8761],[134.6723,33.8762],[134.6721,33.8761],[134.6717,33.8762],[134.6711,33.8763],[134.6709,33.8763],[134.6704,33.8764],[134.6704,33.8765],[134.6701,33.8766],[134.6697,33.8766],[134.6689,33.8765],[134.6683,33.8764],[134.6679,33.8763],[134.6677,33.8761],[134.6673,33.876],[134.6671,33.8759],[134.667,33.876],[134.6669,33.8762],[134.6667,33.8763]],[[134.6745,33.8519],[134.6743,33.8523],[134.6742,33.8524],[134.6742,33.8527],[134.6744,33.8527],[134.6749,33.8528],[134.675,33.8529],[134.6752,33.853],[134.6753,33.8527],[134.6752,33.8525],[134.675,33.8522],[134.6745,33.8519]],[[134.6744,33.8516],[134.6744,33.8515],[134.6741,33.8513],[134.674,33.8514],[134.6741,33.8516],[134.6744,33.8516]],[[134.673,33.8665],[134.6732,33.8661],[134.6732,33.8657],[134.6734,33.8654],[134.6736,33.8652],[134.6741,33.8651],[134.6747,33.865],[134.6749,33.8653],[134.6752,33.8653],[134.6756,33.8654],[134.6758,33.8656],[134.6761,33.866],[134.6761,33.8663],[134.6759,33.8665],[134.6758,33.8666],[134.6759,33.8669],[134.6761,33.867],[134.6765,33.8669],[134.6768,33.867],[134.6771,33.8672],[134.6772,33.8674],[134.6774,33.8678],[134.6773,33.8681],[134.6774,33.8683],[134.6779,33.8685],[134.6781,33.8686],[134.6783,33.8689],[134.6782,33.8692],[134.678,33.8693],[134.678,33.8695],[134.6782,33.8696],[134.6785,33.8697],[134.6791,33.8696],[134.6793,33.8695],[134.6795,33.8695],[134.6795,33.8697],[134.6798,33.8697],[134.6798,33.8694],[134.6795,33.8693],[134.6795,33.8688],[134.6796,33.8686],[134.6798,33.8685],[134.6803,33.8685],[134.6805,33.8685],[134.6808,33.8685],[134.6811,33.8685],[134.6815,33.8682],[134.6813,33.8681],[134.6814,33.8679],[134.6812,33.8675],[134.6811,33.8675],[134.6805,33.8674],[134.6802,33.8673],[134.6795,33.8674],[134.6793,33.8673],[134.6788,33.867],[134.6784,33.8665],[134.6783,33.8662],[134.6783,33.8655],[134.6783,33.8651],[134.6782,33.8649],[134.6781,33.8645],[134.6781,33.8643],[134.6779,33.8642],[134.6775,33.8639],[134.6774,33.8635],[134.6773,33.8633],[134.6772,33.8629],[134.6773,33.8626],[134.6775,33.8621],[134.6777,33.862],[134.6779,33.8619],[134.678,33.8616],[134.6776,33.8616],[134.6773,33.8616],[134.6768,33.8614],[134.6766,33.8613],[134.6765,33.8609],[134.6764,33.8608],[134.6762,33.8607],[134.6758,33.8605],[134.6756,33.8605],[134.6754,33.8602],[134.6749,33.86],[134.6743,33.8599],[134.6741,33.8598],[134.6739,33.8598],[134.6735,33.8597],[134.6728,33.8599],[134.6729,33.8602],[134.6735,33.8606],[134.6736,33.8608],[134.6738,33.8612],[134.6738,33.8614],[134.6737,33.8618],[134.6732,33.8622],[134.6727,33.8625],[134.6726,33.8625],[134.6724,33.8626],[134.6725,33.8627],[134.6725,33.863],[134.6723,33.8632],[134.6722,33.8634],[134.6723,33.8636],[134.6725,33.8639],[134.6725,33.8641],[134.6723,33.8645],[134.6721,33.8647],[134.6721,33.8649],[134.6725,33.8654],[134.6727,33.8657],[134.6727,33.866],[134.6726,33.8662],[134.6721,33.8666],[134.672,33.8666],[134.6718,33.8668],[134.6717,33.8669],[134.6713,33.8671],[134.6715,33.8675],[134.6716,33.8677],[134.6719,33.8677],[134.672,33.8679],[134.6724,33.868],[134.6726,33.8678],[134.6727,33.8677],[134.6726,33.8675],[134.6727,33.8673],[134.6728,33.8671],[134.6731,33.8669],[134.673,33.8668],[134.673,33.8665]],[[134.6746,33.8779],[134.6743,33.8779],[134.6741,33.8777],[134.6739,33.8776],[134.6737,33.8779],[134.6737,33.8781],[134.674,33.8782],[134.6741,33.8785],[134.6742,33.8786],[134.6746,33.8786],[134.6748,33.8788],[134.675,33.8792],[134.6752,33.8793],[134.6757,33.8793],[134.6762,33.8793],[134.6762,33.8791],[134.6757,33.8788],[134.6755,33.8787],[134.6752,33.8785],[134.6748,33.8784],[134.675,33.8782],[134.6751,33.8779],[134.6749,33.8778],[134.6746,33.8779]],[[134.6814,33.852],[134.681,33.8515],[134.6809,33.8516],[134.681,33.8518],[134.6814,33.852]],[[134.6866,33.8621],[134.6866,33.8624],[134.6865,33.8627],[134.687,33.8629],[134.6872,33.8631],[134.6874,33.8631],[134.6876,33.8629],[134.6874,33.8627],[134.6875,33.8623],[134.6871,33.8619],[134.6867,33.862],[134.6866,33.8621]],[[134.6844,33.8917],[134.6842,33.8918],[134.6842,33.892],[134.6846,33.892],[134.6844,33.8917]],[[134.6975,33.905],[134.6977,33.9051],[134.6979,33.9053],[134.6983,33.9052],[134.6981,33.9051],[134.6977,33.9049],[134.6975,33.905]],[[134.7029,33.9113],[134.7027,33.9111],[134.7025,33.9111],[134.7022,33.911],[134.7021,33.9111],[134.7024,33.9113],[134.7027,33.9113],[134.7029,33.9113]],[[134.7068,33.9138],[134.7064,33.9137],[134.7063,33.9139],[134.7066,33.914],[134.7068,33.9138]],[[134.7083,33.9137],[134.708,33.9137],[134.7079,33.9139],[134.7084,33.914],[134.7088,33.9144],[134.7089,33.9144],[134.7093,33.9144],[134.7095,33.9143],[134.7093,33.9141],[134.7094,33.9139],[134.7091,33.9138],[134.7088,33.9138],[134.7083,33.9137]],[[134.71,33.8354],[134.7102,33.8356],[134.7104,33.8356],[134.7105,33.8354],[134.7102,33.8354],[134.71,33.8354]],[[134.7091,33.8543],[134.709,33.8544],[134.7087,33.8544],[134.7084,33.8547],[134.7088,33.8554],[134.7093,33.8557],[134.7095,33.8557],[134.7099,33.856],[134.71,33.8562],[134.71,33.8566],[134.7101,33.8567],[134.7101,33.8569],[134.7103,33.857],[134.7104,33.8573],[134.7104,33.8575],[134.7103,33.8577],[134.7104,33.8578],[134.7106,33.8577],[134.7109,33.8578],[134.7108,33.8576],[134.7107,33.8574],[134.7108,33.8573],[134.7109,33.8568],[134.7112,33.8566],[134.7117,33.8563],[134.7121,33.8562],[134.7126,33.8562],[134.713,33.8562],[134.7134,33.8563],[134.7137,33.8565],[134.7138,33.8568],[134.7142,33.857],[134.7143,33.8569],[134.7144,33.8564],[134.7145,33.8564],[134.7146,33.8559],[134.7144,33.8559],[134.7143,33.8557],[134.7139,33.8556],[134.7135,33.8552],[134.7132,33.8549],[134.7133,33.8547],[134.7129,33.8547],[134.7124,33.8543],[134.7118,33.8539],[134.7111,33.8536],[134.7109,33.8533],[134.7106,33.8533],[134.7103,33.8532],[134.71,33.8529],[134.7097,33.8528],[134.7093,33.8528],[134.7091,33.853],[134.7091,33.8532],[134.7092,33.8536],[134.7092,33.854],[134.7091,33.8543]],[[134.7137,33.8513],[134.7136,33.8513],[134.714,33.8514],[134.7141,33.8513],[134.7137,33.8513]],[[134.7167,33.8627],[134.7164,33.8626],[134.7161,33.8628],[134.7159,33.8629],[134.7161,33.8631],[134.7161,33.8633],[134.7165,33.8633],[134.7168,33.8632],[134.7169,33.8631],[134.7169,33.8629],[134.7167,33.8627]],[[134.7167,33.8623],[134.7165,33.8623],[134.7165,33.8625],[134.7167,33.8625],[134.7168,33.8624],[134.7167,33.8623]],[[134.7167,33.8714],[134.7165,33.8716],[134.7167,33.8716],[134.7167,33.8714]],[[134.7121,33.912],[134.7124,33.9119],[134.7125,33.9121],[134.7129,33.9123],[134.7132,33.9123],[134.7138,33.9123],[134.7141,33.9124],[134.7146,33.9122],[134.7145,33.912],[134.7142,33.912],[134.714,33.9118],[134.714,33.9117],[134.7136,33.9115],[134.7137,33.9113],[134.7132,33.9114],[134.7128,33.9112],[134.7126,33.911],[134.7122,33.911],[134.7117,33.9113],[134.7116,33.9116],[134.7119,33.9117],[134.7118,33.9119],[134.7121,33.912]],[[134.7303,33.8484],[134.7305,33.8483],[134.7309,33.8482],[134.7317,33.8482],[134.7322,33.8485],[134.7325,33.8486],[134.7326,33.8489],[134.7329,33.8492],[134.733,33.8496],[134.733,33.85],[134.7328,33.8502],[134.7331,33.8504],[134.7334,33.8506],[134.7336,33.8505],[134.7339,33.8505],[134.7342,33.8502],[134.7343,33.8503],[134.7345,33.85],[134.7349,33.8499],[134.735,33.8496],[134.7355,33.8496],[134.7364,33.8498],[134.7367,33.8499],[134.7368,33.85],[134.7367,33.8504],[134.737,33.8504],[134.7371,33.8506],[134.7377,33.8506],[134.7382,33.8508],[134.7383,33.8509],[134.7382,33.8511],[134.7384,33.8516],[134.7387,33.8517],[134.7388,33.8518],[134.7391,33.8517],[134.7397,33.8519],[134.7399,33.8523],[134.7399,33.8527],[134.7403,33.8528],[134.7405,33.8527],[134.7407,33.8527],[134.7411,33.8524],[134.7411,33.8521],[134.7412,33.852],[134.7415,33.8518],[134.7419,33.8518],[134.7421,33.8517],[134.7424,33.8518],[134.7426,33.8517],[134.7423,33.8516],[134.7422,33.8514],[134.7418,33.8513],[134.7417,33.8507],[134.7419,33.8504],[134.7415,33.8503],[134.7409,33.85],[134.7406,33.8496],[134.7403,33.8497],[134.7398,33.8495],[134.7397,33.8494],[134.7395,33.8494],[134.7391,33.8491],[134.7389,33.8491],[134.7384,33.8489],[134.7382,33.8489],[134.7377,33.8487],[134.7375,33.8487],[134.7373,33.8485],[134.7369,33.8484],[134.7367,33.8484],[134.7362,33.8482],[134.7357,33.8482],[134.7353,33.8481],[134.7344,33.848],[134.7337,33.8478],[134.7331,33.8478],[134.7328,33.8478],[134.7323,33.8478],[134.7318,33.8477],[134.7314,33.8476],[134.7301,33.8477],[134.7293,33.8477],[134.7288,33.8478],[134.729,33.8482],[134.7296,33.8484],[134.7298,33.8484],[134.73,33.8485],[134.7303,33.8484]],[[134.6631,33.9715],[134.6627,33.9724],[134.6627,33.9725],[134.6632,33.9715],[134.6631,33.9715]],[[134.6962,33.9521],[134.6961,33.9522],[134.6975,33.9549],[134.6962,33.9521]],[[134.7217,33.9245],[134.7216,33.9244],[134.7214,33.9241],[134.7217,33.9241],[134.7217,33.924],[134.7211,33.924],[134.7211,33.9238],[134.7208,33.9239],[134.7207,33.9238],[134.7207,33.9235],[134.7206,33.9235],[134.7204,33.9237],[134.7201,33.9236],[134.7199,33.9237],[134.7194,33.9236],[134.7188,33.9237],[134.7191,33.9239],[134.7194,33.924],[134.7194,33.9242],[134.72,33.9243],[134.7202,33.9244],[134.7205,33.9244],[134.7208,33.9245],[134.721,33.9247],[134.7211,33.925],[134.7211,33.9253],[134.7208,33.9256],[134.7211,33.9257],[134.7214,33.9257],[134.7216,33.9255],[134.7217,33.9255],[134.7218,33.9259],[134.7219,33.926],[134.7226,33.9263],[134.7226,33.9258],[134.7225,33.9256],[134.7228,33.9251],[134.7226,33.9251],[134.7217,33.9245]],[[134.7176,33.9168],[134.7176,33.917],[134.7179,33.9172],[134.7182,33.9172],[134.7179,33.9168],[134.7176,33.9168]],[[134.7182,33.917],[134.7184,33.9173],[134.7186,33.9172],[134.7182,33.917]],[[134.7205,33.9178],[134.7202,33.9178],[134.7199,33.918],[134.7198,33.9181],[134.7199,33.9184],[134.7201,33.9186],[134.7203,33.9185],[134.7206,33.9185],[134.7209,33.9185],[134.7209,33.9187],[134.7213,33.919],[134.7216,33.9192],[134.7222,33.9194],[134.722,33.9192],[134.722,33.9189],[134.7222,33.9186],[134.722,33.9185],[134.7218,33.9183],[134.7215,33.9182],[134.7213,33.9182],[134.7207,33.9178],[134.7205,33.9178]],[[134.7206,33.9176],[134.7209,33.9173],[134.7206,33.9173],[134.7206,33.9176]],[[134.7212,33.9176],[134.7211,33.9177],[134.7213,33.9179],[134.7215,33.9178],[134.7216,33.9177],[134.7212,33.9176]],[[134.7217,33.918],[134.7218,33.9181],[134.7221,33.9181],[134.7218,33.9179],[134.7217,33.918]],[[134.7243,33.925],[134.7243,33.9247],[134.724,33.9246],[134.7237,33.9249],[134.7237,33.9251],[134.724,33.9251],[134.7242,33.9251],[134.7243,33.925]]]},"properties":{"N03_001":"徳島県","N03_002":"","N03_003":"","N03_004":"阿南市","N03_007":"36204"}},
{"type":"Feature","geometry":{"type":"Polygon","coordinates":[[[134.1863,34.0636],[134.1863,34.0635],[134.1875,34.0628],[134.1878,34.0625],[134.1884,34.0621],[134.1886,34.0616],[134.1888,34.061],[134.1892,34.0603],[134.1896,34.0599],[134.1907,34.059],[134.1913,34.0584],[134.1921,34.0574],[134.1924,34.0568],[134.1925,34.0564],[134.1923,34.0558],[134.1922,34.055],[134.192,34.0548],[134.1917,34.0544],[134.1913,34.0541],[134.1911,34.0538],[134.1907,34.0534],[134.1904,34.0529],[134.1899,34.0522],[134.1896,34.0512],[134.1896,34.051],[134.1896,34.0497],[134.1896,34.0493],[134.1899,34.0489],[134.1901,34.0488],[134.1903,34.0488],[134.1912,34.0489],[134.1916,34.0488],[134.1919,34.0485],[134.1923,34.0476],[134.1925,34.0475],[134.1931,34.0476],[134.1934,34.0475],[134.1936,34.0472],[134.1939,34.0467],[134.1939,34.0462],[134.1942,34.0455],[134.1943,34.0454],[134.1948,34.0452],[134.195,34.0449],[134.195,34.0444],[134.1951,34.0443],[134.1956,34.0442],[134.1959,34.0441],[134.1965,34.0441],[134.1967,34.044],[134.197,34.0439],[134.197,34.0437],[134.1971,34.0435],[134.1981,34.0428],[134.1983,34.0426],[134.1977,34.0419],[134.198,34.0413],[134.1981,34.0409],[134.1981,34.0407],[134.1984,34.0402],[134.1984,34.04],[134.1984,34.0392],[134.1983,34.0389],[134.1983,34.0387],[134.1983,34.0384],[134.198,34.0379],[134.1979,34.0374],[134.1975,34.037],[134.1973,34.0364],[134.1973,34.0363],[134.1977,34.0361],[134.198,34.036],[134.1984,34.0356],[134.1986,34.0352],[134.1986,34.035],[134.1988,34.0344],[134.1987,34.0338],[134.1983,34.0336],[134.198,34.0334],[134.1978,34.0333],[134.1978,34.0331],[134.1979,34.0325],[134.198,34.0318],[134.1981,34.0312],[134.198,34.0309],[134.1978,34.0306],[134.1977,34.0303],[134.1978,34.0297],[134.1973,34.0293],[134.1967,34.0287],[134.1962,34.0283],[134.1957,34.0278],[134.1954,34.0275],[134.1949,34.0271],[134.1946,34.0268],[134.194,34.0263],[134.1925,34.0249],[134.1922,34.0247],[134.1908,34.0234],[134.1905,34.0232],[134.1898,34.0224],[134.1884,34.0213],[134.1872,34.0202],[134.1841,34.0174],[134.1839,34.0172],[134.1828,34.0162],[134.1827,34.016],[134.1833,34.016],[134.1836,34.0159],[134.1842,34.0156],[134.1853,34.0154],[134.1856,34.0152],[134.1861,34.0145],[134.1866,34.0141],[134.1879,34.0134],[134.1886,34.0132],[134.1892,34.013],[134.1893,34.0127],[134.1893,34.0122],[134.1893,34.0119],[134.1893,34.0117],[134.1894,34.0113],[134.1893,34.0112],[134.189,34.0108],[134.1889,34.0103],[134.1887,34.01],[134.1884,34.0095],[134.1882,34.0092],[134.1881,34.0089],[134.1879,34.0088],[134.1875,34.008],[134.1873,34.0076],[134.1869,34.007],[134.1868,34.0066],[134.1868,34.0064],[134.187,34.0062],[134.1876,34.0061],[134.1879,34.0059],[134.1881,34.0057],[134.1887,34.0051],[134.1888,34.005],[134.1892,34.0044],[134.1897,34.0038],[134.1902,34.0035],[134.1904,34.0033],[134.1907,34.0031],[134.1911,34.0031],[134.1923,34.0029],[134.1927,34.0028],[134.1931,34.0026],[134.1937,34.002],[134.194,34.0018],[134.195,34.0014],[134.1953,34.0013],[134.1958,34.001],[134.1963,34.0006],[134.1972,34],[134.1976,33.9996],[134.1978,33.9993],[134.1978,33.9992],[134.1979,33.9983],[134.198,33.9978],[134.198,33.9976],[134.198,33.9969],[134.198,33.9963],[134.1981,33.9958],[134.1981,33.9952],[134.1984,33.995],[134.1992,33.9941],[134.1996,33.9936],[134.1994,33.9933],[134.199,33.9931],[134.1989,33.993],[134.1988,33.9926],[134.1987,33.9923],[134.1986,33.992],[134.1982,33.9917],[134.1976,33.991],[134.1971,33.9905],[134.197,33.9904],[134.1966,33.9903],[134.1962,33.99],[134.1958,33.9891],[134.1965,33.9891],[134.1969,33.9892],[134.1975,33.9892],[134.1979,33.9891],[134.1985,33.9887],[134.1991,33.9886],[134.1994,33.9885],[134.1995,33.9883],[134.1998,33.9877],[134.2,33.9876],[134.2004,33.9875],[134.2005,33.9869],[134.201,33.9868],[134.2013,33.9866],[134.2016,33.9863],[134.2019,33.9861],[134.2023,33.9857],[134.2026,33.9853],[134.2028,33.9849],[134.2029,33.9841],[134.203,33.984],[134.2035,33.9838],[134.2036,33.9836],[134.2037,33.9831],[134.204,33.9828],[134.2042,33.9827],[134.2047,33.9825],[134.2052,33.9825],[134.2061,33.9822],[134.2064,33.9822],[134.207,33.9821],[134.2075,33.982],[134.2078,33.9819],[134.2079,33.9817],[134.2086,33.9815],[134.2091,33.9815],[134.2101,33.9814],[134.2104,33.9814],[134.2107,33.9813],[134.2113,33.9808],[134.2114,33.9808],[134.2117,33.9809],[134.2122,33.9809],[134.2127,33.9809],[134.2135,33.9808],[134.214,33.9807],[134.2152,33.9806],[134.2154,33.9805],[134.2158,33.9804],[134.2164,33.9804],[134.2171,33.9803],[134.2173,33.9803],[134.2175,33.98],[134.2178,33.9799],[134.2184,33.9799],[134.2186,33.9797],[134.2189,33.9793],[134.2192,33.9792],[134.2203,33.9793],[134.2211,33.9794],[134.2217,33.9794],[134.222,33.9794],[134.2228,33.9791],[134.2232,33.9791],[134.2239,33.9791],[134.2244,33.9789],[134.2249,33.9788],[134.2252,33.9789],[134.2264,33.9793],[134.2271,33.9793],[134.2273,33.9793],[134.2277,33.9796],[134.2284,33.98],[134.2287,33.98],[134.2291,33.9803],[134.2304,33.9804],[134.2307,33.9803],[134.2312,33.9802],[134.2316,33.9802],[134.232,33.9801],[134.2327,33.9801],[134.2334,33.9803],[134.2338,33.9802],[134.2345,33.9798],[134.2347,33.9798],[134.2351,33.9799],[134.2356,33.98],[134.2363,33.9799],[134.2367,33.9799],[134.237,33.9797],[134.2373,33.9797],[134.2381,33.9797],[134.2384,33.9798],[134.239,33.98],[134.24,33.9805],[134.2404,33.9806],[134.241,33.9806],[134.2412,33.9805],[134.2419,33.9801],[134.2425,33.9798],[134.2429,33.9797],[134.2435,33.9797],[134.2446,33.9798],[134.2449,33.9799],[134.2459,33.9803],[134.2468,33.9803],[134.2471,33.9804],[134.2473,33.9805],[134.2479,33.9806],[134.2483,33.9806],[134.2489,33.9806],[134.2495,33.9805],[134.2514,33.9805],[134.2515,33.9807],[134.2519,33.981],[134.2526,33.9815],[134.2531,33.982],[134.2535,33.9825],[134.2537,33.9827],[134.2537,33.9831],[134.2536,33.9841],[134.2537,33.9844],[134.2539,33.9847],[134.2543,33.9849],[134.2549,33.9852],[134.2552,33.9853],[134.2557,33.9859],[134.256,33.9861],[134.2564,33.9862],[134.2573,33.9862],[134.2584,33.9861],[134.259,33.9862],[134.2597,33.9862],[134.2604,33.9864],[134.2612,33.9864],[134.2615,33.9865],[134.2618,33.9867],[134.2621,33.9873],[134.2624,33.9874],[134.2628,33.9876],[134.2633,33.9876],[134.2637,33.9878],[134.2646,33.988],[134.265,33.988],[134.2658,33.9882],[134.2662,33.988],[134.2663,33.9881],[134.2666,33.9884],[134.2671,33.9887],[134.2674,33.9888],[134.2679,33.9888],[134.2684,33.9888],[134.2688,33.9888],[134.2691,33.9891],[134.2699,33.9899],[134.2704,33.9902],[134.271,33.9904],[134.2712,33.9906],[134.2714,33.9909],[134.272,33.9913],[134.2728,33.9919],[134.2732,33.9921],[134.274,33.9923],[134.2743,33.9925],[134.2746,33.9928],[134.2748,33.9928],[134.2752,33.9927],[134.2756,33.9926],[134.2761,33.9926],[134.2767,33.9925],[134.2775,33.9925],[134.278,33.9925],[134.2784,33.9922],[134.2786,33.992],[134.2788,33.9919],[134.2793,33.9921],[134.2797,33.9922],[134.2804,33.9921],[134.2806,33.9919],[134.2811,33.9919],[134.2813,33.9919],[134.2821,33.9913],[134.2825,33.9913],[134.2827,33.9913],[134.2831,33.9916],[134.2838,33.9923],[134.2842,33.9928],[134.2846,33.993],[134.2852,33.9935],[134.2855,33.9936],[134.286,33.9937],[134.2863,33.9938],[134.2865,33.9939],[134.2867,33.9942],[134.2868,33.9948],[134.287,33.9954],[134.2873,33.9957],[134.2875,33.996],[134.2875,33.9966],[134.2876,33.9969],[134.288,33.9972],[134.2881,33.9974],[134.288,33.9982],[134.2881,33.9984],[134.2885,33.9988],[134.2886,33.9992],[134.2886,34.0003],[134.2888,34.0007],[134.2892,34.0013],[134.2896,34.0017],[134.29,34.0018],[134.2905,34.0021],[134.2909,34.0024],[134.2913,34.0025],[134.2916,34.0025],[134.2919,34.0024],[134.2924,34.0022],[134.2928,34.0023],[134.2936,34.0026],[134.294,34.0026],[134.2949,34.0025],[134.2956,34.0025],[134.2962,34.0027],[134.2965,34.003],[134.2967,34.0033],[134.2971,34.0042],[134.2972,34.0044],[134.298,34.0051],[134.2981,34.0052],[134.2986,34.0061],[134.2989,34.0065],[134.2997,34.0062],[134.3,34.0061],[134.3004,34.0059],[134.3007,34.0058],[134.3014,34.0055],[134.3017,34.0052],[134.3019,34.0051],[134.3035,34.0051],[134.3042,34.0051],[134.3051,34.0051],[134.3055,34.0052],[134.3058,34.0052],[134.3063,34.0051],[134.3072,34.0053],[134.3074,34.0054],[134.3083,34.0053],[134.3088,34.0054],[134.3094,34.0058],[134.3101,34.0066],[134.3108,34.0073],[134.3111,34.0075],[134.3118,34.0076],[134.3122,34.0076],[134.3128,34.0075],[134.3135,34.0073],[134.3144,34.0067],[134.3152,34.0066],[134.3163,34.0065],[134.3172,34.0064],[134.3179,34.0059],[134.3185,34.0058],[134.3187,34.0056],[134.3189,34.0053],[134.3191,34.0051],[134.3195,34.0049],[134.3199,34.0048],[134.3207,34.0048],[134.321,34.0047],[134.3216,34.0044],[134.3227,34.004],[134.3241,34.0033],[134.3247,34.0029],[134.325,34.0028],[134.3251,34.0029],[134.3248,34.0033],[134.3245,34.004],[134.3243,34.0045],[134.3238,34.0051],[134.3235,34.0053],[134.3236,34.0054],[134.324,34.0058],[134.324,34.0062],[134.3239,34.0063],[134.3236,34.0068],[134.3234,34.0072],[134.3234,34.0079],[134.3233,34.0082],[134.3232,34.0086],[134.3233,34.0087],[134.3235,34.0089],[134.3242,34.0094],[134.3247,34.0101],[134.325,34.0103],[134.3255,34.0104],[134.3259,34.0105],[134.3265,34.0107],[134.3268,34.0108],[134.327,34.0112],[134.3275,34.0116],[134.3279,34.0123],[134.3283,34.0127],[134.3285,34.0129],[134.3288,34.0131],[134.3294,34.0132],[134.33,34.0134],[134.3301,34.0136],[134.33,34.0138],[134.3298,34.0143],[134.3297,34.0145],[134.3297,34.0148],[134.3303,34.0154],[134.3305,34.0159],[134.3309,34.017],[134.3307,34.0174],[134.3306,34.0177],[134.3306,34.0179],[134.3307,34.0182],[134.3309,34.0183],[134.3314,34.0186],[134.3319,34.0191],[134.3325,34.0195],[134.3337,34.0201],[134.334,34.0203],[134.3342,34.0205],[134.3342,34.0211],[134.3344,34.0221],[134.3346,34.0227],[134.3351,34.0234],[134.3353,34.0242],[134.3352,34.0246],[134.3353,34.0252],[134.3353,34.0257],[134.3354,34.0263],[134.3354,34.0266],[134.3353,34.0269],[134.3352,34.0272],[134.3349,34.0278],[134.3348,34.0285],[134.3348,34.029],[134.3349,34.0298],[134.3349,34.03],[134.3356,34.0308],[134.3361,34.0312],[134.3364,34.0313],[134.3367,34.0314],[134.3372,34.0314],[134.3382,34.0317],[134.3386,34.0317],[134.3394,34.0316],[134.3401,34.0316],[134.3403,34.0315],[134.3409,34.0316],[134.342,34.0315],[134.3423,34.0315],[134.3429,34.0314],[134.343,34.0317],[134.3434,34.0321],[134.3437,34.0323],[134.3442,34.0326],[134.3452,34.033],[134.3459,34.0333],[134.3463,34.0337],[134.3468,34.0343],[134.3468,34.0345],[134.3468,34.035],[134.3469,34.0351],[134.3473,34.0354],[134.3482,34.0355],[134.3485,34.0357],[134.3487,34.0359],[134.3489,34.0363],[134.3489,34.0366],[134.3488,34.0371],[134.3489,34.0375],[134.3494,34.038],[134.3495,34.0383],[134.3498,34.0388],[134.3501,34.0389],[134.3505,34.039],[134.3514,34.0389],[134.3523,34.0393],[134.3531,34.0395],[134.3539,34.0396],[134.3543,34.0396],[134.3545,34.0395],[134.3553,34.038],[134.3555,34.0374],[134.3557,34.0371],[134.3568,34.0367],[134.3575,34.0363],[134.3588,34.0354],[134.3591,34.0352],[134.3594,34.0349],[134.3596,34.0345],[134.3596,34.034],[134.3601,34.0335],[134.3603,34.0332],[134.3609,34.0326],[134.361,34.0325],[134.3621,34.0319],[134.3629,34.0311],[134.3633,34.0309],[134.3636,34.0309],[134.3639,34.031],[134.3642,34.0309],[134.3646,34.0306],[134.3647,34.0304],[134.365,34.0296],[134.365,34.0292],[134.3655,34.029],[134.3665,34.029],[134.3668,34.0291],[134.367,34.0294],[134.3678,34.0302],[134.3682,34.0304],[134.3687,34.0307],[134.3689,34.031],[134.369,34.0313],[134.3695,34.0316],[134.3705,34.032],[134.3707,34.0323],[134.3707,34.0329],[134.3709,34.0334],[134.3712,34.0338],[134.3723,34.0347],[134.3725,34.0349],[134.3725,34.0354],[134.3724,34.0362],[134.3721,34.0365],[134.3721,34.0374],[134.3722,34.0377],[134.3724,34.038],[134.3725,34.0383],[134.3724,34.0388],[134.3724,34.039],[134.3725,34.0392],[134.3731,34.0394],[134.3733,34.0396],[134.3741,34.0397],[134.3746,34.0402],[134.3757,34.0408],[134.376,34.0412],[134.3762,34.0417],[134.3763,34.0417],[134.3767,34.0417],[134.3774,34.0416],[134.3777,34.0416],[134.378,34.0418],[134.3781,34.0422],[134.3782,34.0423],[134.3785,34.0423],[134.379,34.0421],[134.3792,34.0421],[134.3794,34.0423],[134.3794,34.0426],[134.3797,34.0434],[134.3798,34.0436],[134.3803,34.0437],[134.3809,34.0439],[134.3816,34.044],[134.382,34.0441],[134.3829,34.0443],[134.3837,34.0444],[134.3844,34.0447],[134.3847,34.0447],[134.3851,34.0447],[134.3856,34.0449],[134.3857,34.0451],[134.3855,34.0458],[134.3856,34.0459],[134.386,34.046],[134.3866,34.046],[134.387,34.046],[134.3873,34.0463],[134.3877,34.0475],[134.3886,34.0481],[134.3892,34.0485],[134.3902,34.0488],[134.3907,34.0491],[134.3913,34.0495],[134.3916,34.0496],[134.3918,34.0497],[134.3919,34.0501],[134.3924,34.0504],[134.3928,34.0508],[134.393,34.0513],[134.3931,34.052],[134.3932,34.052],[134.3936,34.052],[134.3943,34.0529],[134.3946,34.0531],[134.3949,34.053],[134.3953,34.0526],[134.3954,34.0526],[134.396,34.0526],[134.3964,34.0526],[134.3967,34.0522],[134.3971,34.0518],[134.3979,34.0516],[134.3984,34.0514],[134.399,34.0512],[134.3992,34.051],[134.3993,34.0508],[134.3996,34.0506],[134.4,34.0505],[134.4006,34.0504],[134.4016,34.0502],[134.4024,34.0501],[134.403,34.0499],[134.4033,34.05],[134.4034,34.0503],[134.4034,34.0507],[134.4035,34.0511],[134.4035,34.0516],[134.4036,34.0519],[134.404,34.0524],[134.4043,34.0527],[134.4043,34.0533],[134.4042,34.0536],[134.4039,34.0539],[134.4038,34.0544],[134.4037,34.0553],[134.4038,34.0556],[134.4035,34.056],[134.4034,34.0562],[134.4034,34.0579],[134.4033,34.0587],[134.4031,34.06],[134.4029,34.0602],[134.4029,34.0605],[134.403,34.0608],[134.4032,34.0611],[134.4032,34.0615],[134.4031,34.0623],[134.4032,34.0632],[134.403,34.0643],[134.4029,34.0648],[134.4028,34.0654],[134.4027,34.066],[134.4022,34.0679],[134.4022,34.0683],[134.4021,34.0687],[134.4019,34.0692],[134.4019,34.0694],[134.4019,34.0697],[134.402,34.0701],[134.4019,34.0706],[134.4018,34.0715],[134.4018,34.0721],[134.402,34.073],[134.402,34.0734],[134.402,34.074],[134.4019,34.0746],[134.4019,34.0749],[134.4019,34.0756],[134.4019,34.0763],[134.4015,34.0762],[134.4013,34.076],[134.4011,34.0757],[134.4009,34.0752],[134.4008,34.075],[134.4006,34.0749],[134.4005,34.075],[134.4002,34.0758],[134.4,34.0768],[134.3997,34.0783],[134.3994,34.0794],[134.3992,34.0797],[134.3991,34.08],[134.3988,34.0816],[134.3986,34.0825],[134.3984,34.0833],[134.3978,34.0856],[134.3977,34.086],[134.3975,34.0866],[134.3974,34.0872],[134.3971,34.0875],[134.397,34.0876],[134.3967,34.0888],[134.3969,34.0889],[134.3967,34.0895],[134.3962,34.0914],[134.3958,34.0925],[134.3946,34.0921],[134.393,34.0915],[134.3925,34.0914],[134.3923,34.0913],[134.3913,34.091],[134.3906,34.0908],[134.389,34.0903],[134.3883,34.09],[134.3877,34.0899],[134.387,34.0896],[134.3863,34.0894],[134.3854,34.0891],[134.384,34.0887],[134.3828,34.0883],[134.382,34.088],[134.3818,34.088],[134.3808,34.0882],[134.3778,34.0886],[134.3764,34.0888],[134.375,34.0891],[134.3756,34.0883],[134.3762,34.0875],[134.3764,34.0872],[134.3763,34.0871],[134.3757,34.0871],[134.3752,34.0871],[134.3734,34.087],[134.3727,34.0869],[134.3723,34.0869],[134.3717,34.0869],[134.3707,34.0868],[134.3687,34.0866],[134.3575,34.0859],[134.3544,34.0856],[134.3517,34.0854],[134.3502,34.0853],[134.3458,34.085],[134.3436,34.0849],[134.337,34.0844],[134.3338,34.0842],[134.3342,34.0817],[134.3342,34.0815],[134.3343,34.0805],[134.3342,34.0803],[134.3319,34.0792],[134.332,34.0789],[134.3324,34.0785],[134.3327,34.0782],[134.333,34.0776],[134.3337,34.0768],[134.334,34.0762],[134.3342,34.0753],[134.3342,34.0743],[134.3341,34.0742],[134.3277,34.0718],[134.3253,34.0706],[134.3229,34.0694],[134.3228,34.0694],[134.3142,34.0682],[134.3137,34.0682],[134.3132,34.0682],[134.313,34.0683],[134.311,34.0704],[134.3106,34.0709],[134.3092,34.0701],[134.3088,34.0707],[134.2952,34.0686],[134.294,34.0685],[134.2915,34.0684],[134.2876,34.0683],[134.2876,34.0688],[134.2876,34.0693],[134.2876,34.0698],[134.2862,34.0698],[134.2851,34.0697],[134.2849,34.0699],[134.2843,34.0699],[134.2828,34.0699],[134.2787,34.07],[134.2788,34.0695],[134.2753,34.0694],[134.2701,34.0693],[134.2626,34.0694],[134.2577,34.0696],[134.2525,34.0696],[134.2473,34.0697],[134.2463,34.0697],[134.246,34.0697],[134.2444,34.0697],[134.2427,34.0696],[134.2419,34.0696],[134.2385,34.0695],[134.2374,34.0693],[134.2354,34.0688],[134.2331,34.0682],[134.2318,34.0679],[134.2296,34.0673],[134.2268,34.0666],[134.2259,34.0663],[134.2254,34.0663],[134.2246,34.0662],[134.2222,34.0661],[134.2209,34.066],[134.22,34.066],[134.2178,34.0659],[134.2154,34.0658],[134.2137,34.0657],[134.2119,34.0656],[134.2115,34.0656],[134.21,34.0655],[134.2095,34.0655],[134.2088,34.0655],[134.2072,34.0654],[134.2066,34.0654],[134.2051,34.0653],[134.2039,34.0653],[134.2034,34.0652],[134.2012,34.0651],[134.1998,34.0651],[134.1967,34.065],[134.196,34.065],[134.1939,34.0649],[134.1919,34.0645],[134.1908,34.0643],[134.1897,34.0641],[134.1889,34.064],[134.1863,34.0636]]]},"properties":{"N03_001":"徳島県","N03_002":"","N03_003":"","N03_004":"吉野川市","N03_007":"36205"}},
{"type":"Feature","geometry":{"type":"Polygon","coordinates":[[[134.2087,34.1747],[134.2088,34.1744],[134.209,34.1739],[134.2095,34.1736],[134.2096,34.1733],[134.2092,34.1732],[134.2092,34.173],[134.2097,34.1728],[134.21,34.1725],[134.2106,34.1724],[134.2115,34.172],[134.2119,34.1717],[134.2127,34.1713],[134.2134,34.1705],[134.2135,34.1702],[134.2139,34.17],[134.2141,34.1697],[134.2148,34.1691],[134.2152,34.1689],[134.2157,34.1688],[134.2159,34.1686],[134.2164,34.168],[134.2166,34.1678],[134.2169,34.1676],[134.2173,34.1673],[134.2174,34.1671],[134.2176,34.1665],[134.2178,34.1664],[134.2184,34.1661],[134.2191,34.1657],[134.2197,34.1655],[134.2201,34.165],[134.2203,34.1646],[134.2208,34.164],[134.2209,34.1638],[134.2209,34.1635],[134.2208,34.1631],[134.2205,34.1627],[134.2205,34.1625],[134.2207,34.162],[134.2207,34.1613],[134.221,34.1609],[134.2211,34.1604],[134.2212,34.1602],[134.2214,34.1599],[134.2213,34.1593],[134.2216,34.1588],[134.2218,34.1581],[134.2217,34.1576],[134.2219,34.1572],[134.2219,34.1569],[134.2216,34.1563],[134.2215,34.1559],[134.2214,34.1549],[134.221,34.1544],[134.2206,34.1541],[134.2202,34.1539],[134.2198,34.1537],[134.2192,34.1532],[134.219,34.1528],[134.2185,34.1523],[134.2179,34.1519],[134.2176,34.1518],[134.2173,34.1518],[134.2172,34.1516],[134.2172,34.1507],[134.2173,34.1501],[134.2174,34.1499],[134.2176,34.1496],[134.2178,34.1486],[134.2177,34.1481],[134.2178,34.1479],[134.218,34.1476],[134.2182,34.1463],[134.2183,34.1461],[134.2182,34.1457],[134.2181,34.1453],[134.2181,34.145],[134.218,34.1439],[134.2177,34.1431],[134.2177,34.1423],[134.2177,34.1418],[134.2173,34.1414],[134.2173,34.1408],[134.2174,34.1406],[134.2175,34.1404],[134.217,34.1396],[134.2164,34.1389],[134.2162,34.1385],[134.2158,34.1379],[134.2156,34.1376],[134.215,34.1372],[134.2149,34.137],[134.2147,34.1368],[134.2136,34.1363],[134.2132,34.1354],[134.2129,34.1348],[134.2125,34.1346],[134.2123,34.1343],[134.212,34.134],[134.2114,34.1337],[134.2112,34.1335],[134.2111,34.1333],[134.2112,34.1324],[134.2113,34.1317],[134.2116,34.1312],[134.2117,34.131],[134.2117,34.1303],[134.2117,34.1297],[134.2117,34.1293],[134.2117,34.1291],[134.2115,34.1287],[134.2112,34.1284],[134.2107,34.1281],[134.2106,34.1277],[134.2106,34.1271],[134.2107,34.1265],[134.2107,34.1262],[134.2107,34.1253],[134.2107,34.1246],[134.2107,34.1244],[134.2107,34.1238],[134.2106,34.1235],[134.2103,34.1226],[134.2102,34.1223],[134.2103,34.1217],[134.2102,34.1211],[134.21,34.1207],[134.2096,34.12],[134.2095,34.1199],[134.2093,34.1191],[134.2089,34.1187],[134.2089,34.1186],[134.2089,34.1182],[134.2089,34.1178],[134.2085,34.1172],[134.2088,34.117],[134.2092,34.1166],[134.2093,34.1163],[134.2093,34.1158],[134.2092,34.1154],[134.2082,34.1147],[134.2077,34.1143],[134.2067,34.1133],[134.2063,34.1128],[134.2056,34.1125],[134.2053,34.1123],[134.2053,34.1117],[134.2051,34.1114],[134.2046,34.1107],[134.2044,34.1102],[134.2042,34.1099],[134.2038,34.1096],[134.2032,34.1094],[134.2029,34.1088],[134.2024,34.1083],[134.202,34.1082],[134.2013,34.108],[134.2008,34.1075],[134.2004,34.1072],[134.2001,34.1071],[134.1994,34.1072],[134.1992,34.1072],[134.1988,34.1071],[134.1985,34.1067],[134.1981,34.1061],[134.1978,34.1053],[134.1978,34.1051],[134.1977,34.1045],[134.1975,34.1041],[134.1972,34.1036],[134.1968,34.1029],[134.1968,34.1028],[134.1966,34.1018],[134.1962,34.1009],[134.1962,34.1002],[134.1962,34.0999],[134.1963,34.0996],[134.1963,34.0994],[134.1961,34.0992],[134.1956,34.0989],[134.1951,34.0986],[134.195,34.0986],[134.1946,34.0983],[134.1938,34.0981],[134.1933,34.0977],[134.1927,34.0971],[134.1925,34.0968],[134.1922,34.0961],[134.1916,34.0948],[134.1914,34.0941],[134.1913,34.0938],[134.191,34.0936],[134.1903,34.0935],[134.1897,34.0933],[134.1894,34.0934],[134.1888,34.0933],[134.1884,34.0932],[134.1878,34.0929],[134.1873,34.0926],[134.1864,34.0922],[134.1854,34.0913],[134.185,34.0909],[134.1848,34.0904],[134.1847,34.0903],[134.1842,34.0902],[134.1832,34.0902],[134.183,34.0901],[134.1826,34.0894],[134.1823,34.0891],[134.1821,34.0885],[134.1819,34.0884],[134.1816,34.0883],[134.1813,34.0882],[134.181,34.0881],[134.1805,34.0877],[134.1801,34.0873],[134.1798,34.0866],[134.1793,34.0857],[134.1792,34.0853],[134.1793,34.0845],[134.1791,34.0837],[134.179,34.0832],[134.1789,34.083],[134.179,34.0827],[134.1788,34.0825],[134.1788,34.0822],[134.179,34.0812],[134.1795,34.0802],[134.1798,34.0796],[134.1798,34.0793],[134.1798,34.0789],[134.18,34.0784],[134.1803,34.0776],[134.1807,34.0769],[134.1809,34.0761],[134.1812,34.0753],[134.1813,34.075],[134.1809,34.0743],[134.1809,34.0738],[134.1818,34.0727],[134.1819,34.0723],[134.1819,34.0719],[134.1819,34.0718],[134.1823,34.0715],[134.1827,34.0714],[134.1831,34.0713],[134.1837,34.0709],[134.184,34.0707],[134.1845,34.0701],[134.1848,34.0696],[134.1848,34.0691],[134.185,34.0684],[134.1852,34.068],[134.1856,34.0674],[134.1856,34.0664],[134.1858,34.0655],[134.186,34.065],[134.1861,34.0645],[134.1862,34.0641],[134.1863,34.0636],[134.1889,34.064],[134.1897,34.0641],[134.1908,34.0643],[134.1919,34.0645],[134.1939,34.0649],[134.196,34.065],[134.1967,34.065],[134.1998,34.0651],[134.2012,34.0651],[134.2034,34.0652],[134.2039,34.0653],[134.2051,34.0653],[134.2066,34.0654],[134.2072,34.0654],[134.2088,34.0655],[134.2095,34.0655],[134.21,34.0655],[134.2115,34.0656],[134.2119,34.0656],[134.2137,34.0657],[134.2154,34.0658],[134.2178,34.0659],[134.22,34.066],[134.2209,34.066],[134.2222,34.0661],[134.2246,34.0662],[134.2254,34.0663],[134.2259,34.0663],[134.2268,34.0666],[134.2296,34.0673],[134.2318,34.0679],[134.2331,34.0682],[134.2354,34.0688],[134.2374,34.0693],[134.2385,34.0695],[134.2419,34.0696],[134.2427,34.0696],[134.2444,34.0697],[134.246,34.0697],[134.2463,34.0697],[134.2473,34.0697],[134.2525,34.0696],[134.2577,34.0696],[134.2626,34.0694],[134.2701,34.0693],[134.2753,34.0694],[134.2788,34.0695],[134.2787,34.07],[134.2828,34.0699],[134.2843,34.0699],[134.2849,34.0699],[134.2851,34.0697],[134.2862,34.0698],[134.2876,34.0698],[134.2876,34.0693],[134.2876,34.0688],[134.2876,34.0683],[134.2915,34.0684],[134.294,34.0685],[134.2952,34.0686],[134.3088,34.0707],[134.3092,34.0701],[134.3106,34.0709],[134.311,34.0704],[134.313,34.0683],[134.3132,34.0682],[134.3137,34.0682],[134.3142,34.0682],[134.3228,34.0694],[134.3229,34.0694],[134.3253,34.0706],[134.3277,34.0718],[134.3341,34.0742],[134.3342,34.0743],[134.3342,34.0753],[134.334,34.0762],[134.3337,34.0768],[134.333,34.0776],[134.3327,34.0782],[134.3324,34.0785],[134.332,34.0789],[134.3319,34.0792],[134.3342,34.0803],[134.3343,34.0805],[134.3342,34.0815],[134.3342,34.0817],[134.3338,34.0842],[134.337,34.0844],[134.3436,34.0849],[134.3458,34.085],[134.3502,34.0853],[134.3517,34.0854],[134.3544,34.0856],[134.3575,34.0859],[134.3687,34.0866],[134.3707,34.0868],[134.3717,34.0869],[134.3723,34.0869],[134.3727,34.0869],[134.3734,34.087],[134.3752,34.0871],[134.3757,34.0871],[134.3763,34.0871],[134.3764,34.0872],[134.3762,34.0875],[134.3756,34.0883],[134.375,34.0891],[134.3764,34.0888],[134.3778,34.0886],[134.3808,34.0882],[134.3818,34.088],[134.382,34.088],[134.3828,34.0883],[134.384,34.0887],[134.3854,34.0891],[134.3863,34.0894],[134.387,34.0896],[134.3877,34.0899],[134.3883,34.09],[134.389,34.0903],[134.3906,34.0908],[134.3913,34.091],[134.3923,34.0913],[134.3925,34.0914],[134.393,34.0915],[134.3946,34.0921],[134.3958,34.0925],[134.3954,34.0936],[134.3947,34.0959],[134.3944,34.0975],[134.3944,34.0983],[134.3946,34.0996],[134.3947,34.1002],[134.3947,34.1011],[134.3946,34.1014],[134.3943,34.1017],[134.3943,34.102],[134.3943,34.1024],[134.3941,34.1042],[134.3956,34.1045],[134.3971,34.1048],[134.3972,34.1042],[134.3973,34.1037],[134.3977,34.1037],[134.3981,34.1037],[134.3982,34.1041],[134.3985,34.1042],[134.3988,34.1044],[134.3989,34.1041],[134.399,34.1041],[134.3999,34.1046],[134.4002,34.1048],[134.4007,34.1052],[134.4012,34.105],[134.4015,34.1053],[134.4012,34.1055],[134.4012,34.1059],[134.4015,34.106],[134.4015,34.1066],[134.4016,34.1069],[134.4016,34.1079],[134.4016,34.109],[134.4015,34.1092],[134.4013,34.1097],[134.4011,34.1098],[134.4009,34.1103],[134.4005,34.1112],[134.4003,34.1117],[134.4001,34.112],[134.4002,34.1125],[134.4003,34.1133],[134.4003,34.1136],[134.3999,34.1143],[134.3997,34.1147],[134.3995,34.1156],[134.399,34.1156],[134.3989,34.1157],[134.3989,34.1163],[134.3984,34.1163],[134.3966,34.1165],[134.3965,34.116],[134.396,34.1163],[134.3957,34.1162],[134.3955,34.1159],[134.3952,34.1156],[134.3939,34.1154],[134.3927,34.1152],[134.3918,34.115],[134.3908,34.1147],[134.3894,34.1143],[134.3878,34.1139],[134.3874,34.1138],[134.387,34.1138],[134.3863,34.1138],[134.3862,34.1142],[134.3861,34.1149],[134.3857,34.1161],[134.3854,34.117],[134.3851,34.1171],[134.3848,34.118],[134.3846,34.1183],[134.3842,34.1183],[134.384,34.1184],[134.3836,34.1185],[134.3835,34.1187],[134.3827,34.1193],[134.3826,34.1198],[134.3824,34.1204],[134.3822,34.1206],[134.3817,34.1207],[134.3815,34.1208],[134.381,34.1214],[134.3809,34.122],[134.3806,34.1225],[134.3803,34.123],[134.38,34.1233],[134.3795,34.1236],[134.3794,34.1243],[134.3792,34.1245],[134.3791,34.125],[134.3791,34.1253],[134.379,34.1256],[134.379,34.126],[134.3789,34.1265],[134.3786,34.127],[134.3785,34.1273],[134.3785,34.1276],[134.3785,34.1284],[134.3784,34.1289],[134.3779,34.1298],[134.3779,34.1299],[134.3782,34.1307],[134.3785,34.1312],[134.3792,34.1318],[134.3795,34.1322],[134.3797,34.1327],[134.3799,34.1334],[134.3799,34.1337],[134.38,34.1342],[134.3804,34.1346],[134.3812,34.1351],[134.3814,34.1355],[134.3819,34.1361],[134.382,34.1368],[134.3821,34.137],[134.3826,34.1372],[134.3827,34.1373],[134.3829,34.1382],[134.3831,34.1385],[134.3831,34.1389],[134.3829,34.1391],[134.3822,34.1394],[134.3819,34.1396],[134.3817,34.1403],[134.3813,34.1409],[134.3811,34.141],[134.381,34.1414],[134.3804,34.142],[134.3802,34.1424],[134.3798,34.143],[134.3795,34.1434],[134.3791,34.1437],[134.3788,34.1438],[134.378,34.1439],[134.3776,34.1441],[134.3771,34.1448],[134.3769,34.1452],[134.3766,34.146],[134.3763,34.1467],[134.3758,34.1475],[134.3755,34.1479],[134.3753,34.1482],[134.3751,34.1483],[134.374,34.1489],[134.3727,34.1494],[134.3723,34.1498],[134.3721,34.1499],[134.3717,34.1507],[134.3715,34.1509],[134.3714,34.151],[134.371,34.151],[134.3702,34.1509],[134.3696,34.1512],[134.3693,34.1513],[134.3692,34.1515],[134.3689,34.1522],[134.3689,34.1529],[134.3688,34.1532],[134.3686,34.1536],[134.3682,34.1543],[134.3682,34.1547],[134.3679,34.1552],[134.3679,34.1556],[134.368,34.1559],[134.3681,34.1562],[134.3682,34.1567],[134.3683,34.1571],[134.3683,34.1574],[134.3688,34.1581],[134.3691,34.1586],[134.3693,34.1591],[134.3694,34.1595],[134.3694,34.1599],[134.3695,34.1602],[134.3699,34.1605],[134.3702,34.1608],[134.3705,34.1618],[134.371,34.1626],[134.3711,34.163],[134.3711,34.1633],[134.3709,34.1638],[134.3705,34.1642],[134.3705,34.1645],[134.3707,34.1649],[134.371,34.1653],[134.3715,34.1658],[134.3717,34.1664],[134.3719,34.1666],[134.3723,34.1668],[134.3727,34.1671],[134.3728,34.1673],[134.3727,34.1677],[134.3727,34.168],[134.3727,34.1683],[134.3729,34.1685],[134.3735,34.1693],[134.3738,34.1697],[134.3739,34.17],[134.3742,34.1701],[134.3748,34.1704],[134.3749,34.1706],[134.3752,34.1712],[134.3757,34.1718],[134.3753,34.1724],[134.3751,34.1732],[134.375,34.1733],[134.3744,34.1738],[134.3738,34.1743],[134.3731,34.1748],[134.3727,34.1749],[134.3723,34.1751],[134.372,34.1755],[134.3717,34.1756],[134.3709,34.1756],[134.3704,34.1758],[134.3701,34.176],[134.37,34.1762],[134.3699,34.1764],[134.37,34.177],[134.3698,34.1772],[134.3692,34.1776],[134.369,34.1779],[134.3687,34.1783],[134.368,34.1786],[134.3674,34.1791],[134.3667,34.1796],[134.3662,34.1799],[134.365,34.1804],[134.3645,34.1808],[134.3636,34.1812],[134.3634,34.1815],[134.3632,34.1818],[134.3628,34.1819],[134.3624,34.182],[134.3621,34.1819],[134.3616,34.1817],[134.3613,34.1819],[134.3606,34.182],[134.3603,34.1821],[134.3589,34.1831],[134.3589,34.1833],[134.3591,34.1835],[134.3591,34.1838],[134.3588,34.1842],[134.3584,34.1845],[134.358,34.1847],[134.3573,34.1849],[134.3566,34.1851],[134.3555,34.1853],[134.355,34.1853],[134.3541,34.1853],[134.3535,34.1852],[134.3527,34.1852],[134.3523,34.1852],[134.3519,34.1852],[134.3514,34.1855],[134.3512,34.1855],[134.3507,34.1853],[134.3504,34.1852],[134.3498,34.1853],[134.3496,34.1852],[134.3495,34.1849],[134.3492,34.1847],[134.3488,34.1846],[134.3481,34.1839],[134.348,34.1837],[134.348,34.1834],[134.348,34.1831],[134.3477,34.1823],[134.3475,34.1821],[134.3472,34.1817],[134.3472,34.1815],[134.3475,34.1805],[134.3475,34.1801],[134.3474,34.1799],[134.3471,34.1795],[134.347,34.179],[134.3466,34.1786],[134.3465,34.1785],[134.3466,34.1778],[134.3464,34.1773],[134.3464,34.1765],[134.3464,34.1762],[134.3464,34.1757],[134.3463,34.1753],[134.3459,34.1747],[134.3452,34.1737],[134.345,34.1733],[134.3449,34.173],[134.3447,34.1727],[134.3442,34.1724],[134.3436,34.1724],[134.3429,34.1725],[134.3426,34.1725],[134.3421,34.1728],[134.3418,34.1729],[134.341,34.1731],[134.3402,34.1736],[134.3397,34.1737],[134.339,34.1737],[134.3387,34.1738],[134.338,34.1741],[134.3363,34.1745],[134.3358,34.1747],[134.3346,34.1753],[134.3341,34.1755],[134.3338,34.1755],[134.3335,34.1752],[134.3331,34.175],[134.3329,34.1748],[134.3328,34.1746],[134.3326,34.1746],[134.3319,34.1747],[134.331,34.1747],[134.3307,34.1747],[134.3298,34.1743],[134.3293,34.1742],[134.3292,34.1741],[134.3286,34.1734],[134.3283,34.1732],[134.3275,34.1734],[134.3268,34.1738],[134.3263,34.1739],[134.3253,34.1743],[134.3248,34.1744],[134.3243,34.1743],[134.3232,34.1746],[134.3229,34.1748],[134.3224,34.1749],[134.3221,34.175],[134.3216,34.1752],[134.3211,34.1752],[134.3206,34.1752],[134.3195,34.1752],[134.3188,34.1753],[134.3184,34.1755],[134.317,34.1762],[134.3165,34.1766],[134.3154,34.1769],[134.3151,34.1772],[134.3147,34.1773],[134.3144,34.1772],[134.3139,34.1768],[134.3129,34.1759],[134.3126,34.1757],[134.3119,34.1752],[134.3115,34.1749],[134.3109,34.1748],[134.3106,34.1747],[134.3103,34.1743],[134.3101,34.174],[134.31,34.1736],[134.3093,34.1725],[134.3091,34.1721],[134.3091,34.1718],[134.309,34.1715],[134.3087,34.171],[134.3083,34.1708],[134.3081,34.1708],[134.3072,34.1709],[134.3065,34.1709],[134.3062,34.1709],[134.3059,34.1707],[134.3057,34.1705],[134.3052,34.1702],[134.305,34.1702],[134.3042,34.1704],[134.3035,34.1704],[134.3027,34.1706],[134.3025,34.1706],[134.302,34.1704],[134.3014,34.1703],[134.3012,34.1703],[134.3009,34.1704],[134.3002,34.1703],[134.2997,34.17],[134.2994,34.1698],[134.2989,34.1696],[134.2987,34.1694],[134.2986,34.1691],[134.2984,34.1688],[134.2981,34.1687],[134.2979,34.1686],[134.2976,34.1687],[134.2974,34.1688],[134.2972,34.169],[134.2968,34.1694],[134.2968,34.1702],[134.2966,34.1706],[134.2965,34.1711],[134.2964,34.1721],[134.2961,34.1728],[134.2954,34.1736],[134.295,34.174],[134.2948,34.1742],[134.2946,34.175],[134.2945,34.1752],[134.2941,34.1756],[134.294,34.1759],[134.2939,34.1768],[134.2938,34.1775],[134.2936,34.1778],[134.2931,34.1782],[134.2927,34.1786],[134.2922,34.1791],[134.2921,34.1792],[134.2916,34.1792],[134.2908,34.1791],[134.2902,34.1792],[134.2897,34.1792],[134.2889,34.179],[134.2886,34.179],[134.2877,34.1793],[134.2876,34.1794],[134.2874,34.1799],[134.2872,34.1801],[134.2867,34.18],[134.2862,34.1798],[134.2856,34.1798],[134.2855,34.1798],[134.2851,34.1794],[134.2846,34.1794],[134.2841,34.1792],[134.2839,34.179],[134.2837,34.1788],[134.2825,34.1787],[134.282,34.1784],[134.2819,34.1783],[134.2816,34.1774],[134.2815,34.1773],[134.2811,34.1774],[134.2806,34.1773],[134.2801,34.1774],[134.2798,34.1774],[134.2793,34.1772],[134.2789,34.1772],[134.2784,34.1771],[134.2781,34.1769],[134.2776,34.1765],[134.2772,34.1765],[134.2767,34.1767],[134.2764,34.177],[134.2755,34.1778],[134.2751,34.1782],[134.2747,34.1785],[134.2744,34.1788],[134.274,34.1796],[134.2736,34.1798],[134.2736,34.18],[134.2738,34.1802],[134.2739,34.1804],[134.2739,34.1806],[134.2736,34.181],[134.2734,34.1811],[134.2722,34.1815],[134.2717,34.1815],[134.2713,34.1816],[134.2704,34.1815],[134.2696,34.1816],[134.269,34.1819],[134.2686,34.182],[134.2675,34.1821],[134.2671,34.1823],[134.2668,34.1826],[134.2664,34.1831],[134.2661,34.1832],[134.2656,34.1831],[134.2653,34.183],[134.2646,34.1832],[134.2643,34.1832],[134.2641,34.1829],[134.2638,34.1829],[134.2629,34.183],[134.2624,34.183],[134.2621,34.1831],[134.2616,34.1834],[134.2613,34.1835],[134.2607,34.1835],[134.2603,34.1836],[134.2598,34.1834],[134.2593,34.1829],[134.2591,34.1828],[134.2583,34.1826],[134.2577,34.1824],[134.2567,34.1819],[134.2565,34.1817],[134.2565,34.1815],[134.2566,34.1811],[134.2566,34.181],[134.2563,34.181],[134.2561,34.1809],[134.2556,34.1805],[134.2552,34.1804],[134.2549,34.1802],[134.2547,34.1802],[134.2538,34.1807],[134.2533,34.1807],[134.2531,34.1807],[134.2526,34.1808],[134.2523,34.1806],[134.2514,34.1806],[134.2508,34.1805],[134.2504,34.1803],[134.2501,34.1803],[134.25,34.1802],[134.2496,34.1797],[134.2493,34.1795],[134.2489,34.1794],[134.248,34.1791],[134.2474,34.1787],[134.2471,34.1788],[134.2467,34.1789],[134.2462,34.1791],[134.2456,34.1794],[134.2452,34.1796],[134.2449,34.1796],[134.2445,34.1797],[134.2442,34.1799],[134.2438,34.1806],[134.2437,34.1807],[134.2431,34.1802],[134.2427,34.1798],[134.2424,34.1798],[134.2414,34.1801],[134.2407,34.1803],[134.2405,34.1802],[134.2402,34.1799],[134.24,34.1797],[134.2398,34.1796],[134.2393,34.1797],[134.2387,34.1801],[134.2385,34.1802],[134.2376,34.1802],[134.237,34.1805],[134.2363,34.1803],[134.236,34.1802],[134.2355,34.1798],[134.235,34.1797],[134.2347,34.1798],[134.234,34.1802],[134.2338,34.1803],[134.233,34.1804],[134.2326,34.1806],[134.2324,34.1806],[134.2316,34.18],[134.2311,34.1798],[134.2307,34.1798],[134.2305,34.1799],[134.2302,34.1801],[134.2295,34.1806],[134.2293,34.1808],[134.2288,34.1808],[134.2283,34.1808],[134.228,34.1805],[134.228,34.1797],[134.228,34.1786],[134.2279,34.1783],[134.2274,34.178],[134.2271,34.1778],[134.2268,34.1778],[134.2266,34.1779],[134.2262,34.1782],[134.2257,34.1788],[134.2255,34.1789],[134.2252,34.1791],[134.2237,34.1798],[134.2235,34.1799],[134.2232,34.1798],[134.2225,34.1794],[134.2222,34.1793],[134.222,34.1794],[134.2212,34.1799],[134.2209,34.1799],[134.2206,34.1799],[134.2203,34.1796],[134.2202,34.1791],[134.22,34.179],[134.2187,34.1783],[134.2178,34.1779],[134.2176,34.1778],[134.2174,34.1775],[134.2163,34.1767],[134.216,34.1764],[134.2158,34.1763],[134.2156,34.1763],[134.2149,34.1764],[134.2144,34.1763],[134.214,34.1761],[134.2134,34.176],[134.2128,34.1757],[134.2111,34.1751],[134.2104,34.175],[134.2094,34.1749],[134.2087,34.1747]]]},"properties":{"N03_001":"徳島県","N03_002":"","N03_003":"","N03_004":"阿波市","N03_007":"36206"}},
{"type":"Feature","geometry":{"type":"Polygon","coordinates":[[[134.0899,33.8742],[134.0903,33.874],[134.0905,33.8737],[134.091,33.8733],[134.0912,33.8732],[134.0912,33.8729],[134.0913,33.8725],[134.0914,33.872],[134.0914,33.8717],[134.0913,33.8713],[134.0914,33.8706],[134.0913,33.8704],[134.0913,33.8701],[134.0913,33.8696],[134.0913,33.8692],[134.0914,33.8689],[134.0914,33.8686],[134.0912,33.8678],[134.091,33.8671],[134.091,33.8668],[134.0908,33.8661],[134.0907,33.8655],[134.0908,33.8652],[134.0911,33.8649],[134.0911,33.8647],[134.0911,33.8637],[134.0912,33.8634],[134.0916,33.863],[134.0918,33.8628],[134.0924,33.8624],[134.0925,33.8621],[134.0927,33.8613],[134.0929,33.8608],[134.0931,33.8605],[134.0932,33.8601],[134.0938,33.8595],[134.0941,33.8593],[134.0943,33.859],[134.0946,33.8588],[134.0952,33.8584],[134.0954,33.8581],[134.0955,33.8575],[134.0957,33.857],[134.0958,33.8563],[134.0958,33.856],[134.0959,33.8553],[134.096,33.855],[134.0962,33.8548],[134.0966,33.8546],[134.0977,33.8546],[134.0984,33.8546],[134.099,33.8545],[134.0997,33.8544],[134.1002,33.8543],[134.101,33.854],[134.1013,33.8539],[134.1025,33.8539],[134.1036,33.8538],[134.1043,33.8537],[134.1057,33.8535],[134.1069,33.8534],[134.1075,33.8534],[134.1079,33.8533],[134.1094,33.8529],[134.1096,33.8529],[134.1101,33.8528],[134.1105,33.8527],[134.1108,33.8529],[134.1118,33.8539],[134.112,33.8543],[134.1121,33.8546],[134.1122,33.8548],[134.112,33.8555],[134.1122,33.8556],[134.1129,33.8558],[134.1136,33.8559],[134.1142,33.856],[134.1153,33.8561],[134.1164,33.8559],[134.1167,33.8559],[134.1177,33.856],[134.1181,33.856],[134.1185,33.8561],[134.1192,33.8561],[134.1197,33.8562],[134.1203,33.8562],[134.1206,33.8563],[134.121,33.8564],[134.1218,33.8565],[134.1223,33.8568],[134.1227,33.8569],[134.1236,33.8575],[134.1239,33.8575],[134.1242,33.8576],[134.1243,33.8576],[134.1248,33.8574],[134.125,33.8574],[134.1252,33.8575],[134.1255,33.858],[134.1256,33.8581],[134.1261,33.8584],[134.1265,33.8585],[134.1268,33.8587],[134.1272,33.8596],[134.1272,33.8599],[134.1274,33.8601],[134.1279,33.8605],[134.1285,33.8609],[134.1291,33.8612],[134.1297,33.8614],[134.1305,33.8615],[134.1308,33.8615],[134.1316,33.862],[134.1317,33.8623],[134.1318,33.8626],[134.132,33.8631],[134.1323,33.8635],[134.1325,33.8637],[134.1327,33.8638],[134.1334,33.864],[134.1336,33.8641],[134.1337,33.8642],[134.1342,33.865],[134.1344,33.8652],[134.1352,33.8655],[134.1359,33.8658],[134.1373,33.8662],[134.1375,33.8662],[134.1379,33.8662],[134.1386,33.8661],[134.139,33.8658],[134.1394,33.8656],[134.1399,33.8657],[134.1402,33.8659],[134.1403,33.8663],[134.1406,33.8665],[134.1409,33.8667],[134.1413,33.8668],[134.1418,33.8668],[134.142,33.8668],[134.1422,33.867],[134.1427,33.868],[134.1431,33.8685],[134.1434,33.8687],[134.1437,33.8688],[134.1443,33.869],[134.145,33.8692],[134.1456,33.8692],[134.1458,33.8693],[134.1461,33.8693],[134.1469,33.8695],[134.1472,33.8695],[134.1477,33.8694],[134.1481,33.8694],[134.1483,33.8693],[134.1488,33.8689],[134.1494,33.8685],[134.1502,33.8681],[134.1506,33.8676],[134.1518,33.8672],[134.1525,33.8671],[134.1528,33.867],[134.1532,33.8666],[134.1537,33.8659],[134.1539,33.8659],[134.1543,33.8658],[134.155,33.8658],[134.1553,33.8659],[134.1556,33.8662],[134.1559,33.8663],[134.1566,33.8663],[134.1569,33.8665],[134.1572,33.8663],[134.1576,33.866],[134.158,33.8659],[134.1585,33.8658],[134.1593,33.8659],[134.1599,33.8657],[134.1611,33.8656],[134.1617,33.8655],[134.1624,33.8656],[134.163,33.8657],[134.1637,33.8656],[134.1644,33.8656],[134.1647,33.8657],[134.1651,33.8659],[134.1655,33.8663],[134.1658,33.8666],[134.166,33.8667],[134.1666,33.8668],[134.1671,33.8668],[134.1679,33.8671],[134.1684,33.8672],[134.1693,33.8673],[134.1699,33.8675],[134.1703,33.8678],[134.1705,33.8681],[134.1708,33.8683],[134.1717,33.8687],[134.1722,33.8693],[134.1725,33.8698],[134.1728,33.87],[134.1729,33.8704],[134.1728,33.8706],[134.1726,33.871],[134.1723,33.8715],[134.1722,33.8721],[134.1723,33.8724],[134.1725,33.8725],[134.1729,33.8727],[134.1732,33.8731],[134.1733,33.8733],[134.1736,33.8736],[134.1737,33.8738],[134.1737,33.8742],[134.1739,33.8744],[134.1741,33.8746],[134.1744,33.8746],[134.1749,33.8749],[134.1757,33.8758],[134.1764,33.8768],[134.1772,33.8776],[134.1774,33.8778],[134.1784,33.8783],[134.1788,33.8785],[134.1795,33.8783],[134.18,33.8783],[134.1804,33.8783],[134.1806,33.8784],[134.181,33.8786],[134.1813,33.8792],[134.1816,33.8796],[134.1819,33.88],[134.1822,33.8802],[134.1825,33.8804],[134.1827,33.8809],[134.183,33.8812],[134.1833,33.8813],[134.1844,33.8815],[134.1849,33.8815],[134.1854,33.8816],[134.186,33.8818],[134.1863,33.8819],[134.1866,33.8822],[134.1874,33.8824],[134.188,33.8828],[134.1885,33.8832],[134.1887,33.8835],[134.1886,33.8838],[134.1896,33.8847],[134.19,33.8849],[134.1905,33.8854],[134.1911,33.8856],[134.1922,33.8857],[134.1931,33.8859],[134.1937,33.886],[134.194,33.886],[134.1942,33.8859],[134.1947,33.8854],[134.196,33.8849],[134.1966,33.8848],[134.1974,33.8849],[134.1978,33.885],[134.1983,33.885],[134.1984,33.885],[134.1987,33.8848],[134.1992,33.8846],[134.1995,33.8845],[134.2014,33.8837],[134.2016,33.8836],[134.2017,33.8834],[134.2019,33.883],[134.202,33.8829],[134.2029,33.8826],[134.2033,33.8824],[134.2035,33.8822],[134.2039,33.882],[134.2044,33.8819],[134.2046,33.8819],[134.2051,33.8815],[134.2056,33.8812],[134.2058,33.881],[134.2062,33.8808],[134.2069,33.881],[134.2071,33.8809],[134.2087,33.8809],[134.209,33.881],[134.2091,33.8812],[134.2092,33.8816],[134.2094,33.8821],[134.2095,33.8824],[134.2097,33.8827],[134.2099,33.8833],[134.2101,33.8837],[134.2104,33.8842],[134.2109,33.8847],[134.2114,33.8852],[134.2117,33.8853],[134.2122,33.8853],[134.213,33.8858],[134.2133,33.8858],[134.2138,33.8858],[134.214,33.8858],[134.2151,33.8862],[134.2165,33.8864],[134.2172,33.8868],[134.2173,33.8869],[134.2174,33.8872],[134.2179,33.8877],[134.2181,33.8879],[134.2188,33.8879],[134.2191,33.888],[134.2195,33.8885],[134.2197,33.8886],[134.2201,33.8887],[134.2207,33.8886],[134.2218,33.8891],[134.2227,33.889],[134.2232,33.889],[134.2236,33.8891],[134.2245,33.8892],[134.2249,33.8891],[134.2253,33.8889],[134.2258,33.8886],[134.2259,33.8885],[134.2262,33.888],[134.2265,33.888],[134.2271,33.8882],[134.2282,33.8883],[134.2287,33.8883],[134.229,33.8882],[134.2298,33.8884],[134.2304,33.8885],[134.2315,33.8887],[134.2319,33.8889],[134.2326,33.8892],[134.2333,33.8895],[134.2341,33.8903],[134.2346,33.8906],[134.2348,33.8907],[134.2354,33.8909],[134.2367,33.8912],[134.2371,33.8912],[134.2375,33.8913],[134.2383,33.8916],[134.239,33.8917],[134.239,33.8926],[134.2387,33.8935],[134.2386,33.8938],[134.2388,33.8944],[134.2386,33.8949],[134.2386,33.8954],[134.2386,33.896],[134.2383,33.8966],[134.2383,33.8969],[134.2385,33.8973],[134.2386,33.8976],[134.2385,33.8979],[134.2381,33.8982],[134.2376,33.8987],[134.2371,33.8992],[134.2366,33.8996],[134.2363,33.9],[134.2363,33.9002],[134.2367,33.9009],[134.2368,33.9014],[134.2368,33.9018],[134.236,33.9022],[134.2356,33.9026],[134.235,33.9029],[134.2346,33.9033],[134.2339,33.9036],[134.2335,33.9039],[134.2328,33.9042],[134.2326,33.9043],[134.2324,33.905],[134.2324,33.9051],[134.2329,33.9057],[134.2329,33.9058],[134.2328,33.9062],[134.2323,33.907],[134.2319,33.9074],[134.2314,33.9079],[134.2308,33.908],[134.2304,33.908],[134.2302,33.9079],[134.2294,33.9073],[134.2289,33.9072],[134.2283,33.9068],[134.2279,33.9068],[134.227,33.9076],[134.2264,33.9079],[134.2261,33.9081],[134.2257,33.9081],[134.2253,33.9081],[134.2246,33.908],[134.2242,33.9081],[134.2237,33.9084],[134.2233,33.9088],[134.2229,33.9089],[134.2224,33.9091],[134.2219,33.9092],[134.2215,33.9092],[134.2213,33.9093],[134.221,33.9096],[134.2208,33.91],[134.2205,33.9103],[134.2202,33.9104],[134.2201,33.9107],[134.2202,33.9108],[134.2211,33.9119],[134.2212,33.9121],[134.2213,33.9127],[134.221,33.9135],[134.2209,33.9139],[134.2213,33.9144],[134.2213,33.9148],[134.2212,33.9157],[134.221,33.9165],[134.2208,33.9167],[134.2206,33.9171],[134.2205,33.9172],[134.2205,33.9176],[134.2206,33.9181],[134.2208,33.9183],[134.2212,33.9185],[134.2215,33.9191],[134.2217,33.9197],[134.2217,33.92],[134.2216,33.9204],[134.2216,33.9206],[134.2219,33.9209],[134.2221,33.9213],[134.2228,33.9222],[134.2229,33.9225],[134.2231,33.9231],[134.2233,33.9234],[134.2237,33.9245],[134.2238,33.925],[134.224,33.9253],[134.2241,33.9255],[134.2245,33.9262],[134.2247,33.9267],[134.2247,33.9272],[134.2248,33.9274],[134.2251,33.9277],[134.2257,33.9281],[134.2261,33.9287],[134.2263,33.9291],[134.2266,33.9292],[134.2275,33.9296],[134.2278,33.9299],[134.2282,33.9305],[134.2283,33.9308],[134.2285,33.9308],[134.2295,33.9309],[134.2299,33.9312],[134.23,33.9314],[134.2301,33.932],[134.2302,33.9324],[134.2303,33.9328],[134.2305,33.933],[134.2306,33.9334],[134.2306,33.9338],[134.2306,33.9344],[134.2301,33.9352],[134.23,33.9355],[134.23,33.9359],[134.2301,33.9365],[134.2298,33.9371],[134.2296,33.9376],[134.2294,33.9381],[134.2294,33.9385],[134.2294,33.9389],[134.2295,33.9393],[134.2299,33.9398],[134.2299,33.9403],[134.2298,33.9407],[134.2295,33.941],[134.2292,33.9414],[134.2289,33.9418],[134.2288,33.9421],[134.229,33.9425],[134.2291,33.943],[134.2291,33.9436],[134.2291,33.9441],[134.2289,33.9444],[134.2287,33.9446],[134.2287,33.9448],[134.2292,33.9453],[134.2293,33.9454],[134.2291,33.9457],[134.2285,33.9463],[134.2276,33.9468],[134.227,33.9471],[134.2268,33.9481],[134.2269,33.9486],[134.2269,33.9489],[134.227,33.9491],[134.227,33.9497],[134.227,33.9499],[134.2274,33.9501],[134.2277,33.9502],[134.2283,33.9504],[134.2286,33.9504],[134.229,33.9507],[134.2293,33.9511],[134.2295,33.9515],[134.2298,33.9518],[134.23,33.9519],[134.2305,33.9517],[134.2315,33.9518],[134.2317,33.9519],[134.2318,33.9521],[134.2322,33.9526],[134.2335,33.9536],[134.234,33.954],[134.234,33.9547],[134.234,33.955],[134.2341,33.9551],[134.2345,33.9553],[134.2348,33.9553],[134.2357,33.9554],[134.236,33.9554],[134.2363,33.9555],[134.2368,33.9558],[134.2374,33.956],[134.2379,33.956],[134.2387,33.9562],[134.2396,33.9564],[134.2398,33.9565],[134.2402,33.9571],[134.2404,33.9573],[134.2412,33.9574],[134.2419,33.9574],[134.2427,33.9575],[134.2434,33.9575],[134.244,33.9577],[134.2446,33.9579],[134.2448,33.9583],[134.245,33.9585],[134.2453,33.9589],[134.2454,33.9594],[134.2454,33.9599],[134.2455,33.9603],[134.2457,33.9606],[134.246,33.9611],[134.2461,33.9616],[134.246,33.9618],[134.2457,33.9623],[134.2456,33.9627],[134.2458,33.963],[134.2461,33.9635],[134.2461,33.9641],[134.2464,33.9644],[134.2465,33.9648],[134.2465,33.9654],[134.2466,33.9659],[134.2468,33.9665],[134.247,33.9672],[134.247,33.9673],[134.2478,33.9676],[134.2482,33.9677],[134.2486,33.9678],[134.2489,33.968],[134.2495,33.9684],[134.2501,33.9688],[134.2506,33.9689],[134.2509,33.9692],[134.2513,33.9698],[134.2518,33.9703],[134.2525,33.9708],[134.253,33.9714],[134.2536,33.9719],[134.2546,33.973],[134.2549,33.9732],[134.2556,33.9733],[134.2559,33.9735],[134.2561,33.9737],[134.2561,33.9739],[134.2564,33.9743],[134.2564,33.9748],[134.2564,33.9751],[134.2564,33.9758],[134.2561,33.9765],[134.2559,33.9768],[134.2557,33.9771],[134.2551,33.9776],[134.2539,33.9788],[134.2529,33.9792],[134.2523,33.9795],[134.2515,33.9803],[134.2514,33.9805],[134.2495,33.9805],[134.2489,33.9806],[134.2483,33.9806],[134.2479,33.9806],[134.2473,33.9805],[134.2471,33.9804],[134.2468,33.9803],[134.2459,33.9803],[134.2449,33.9799],[134.2446,33.9798],[134.2435,33.9797],[134.2429,33.9797],[134.2425,33.9798],[134.2419,33.9801],[134.2412,33.9805],[134.241,33.9806],[134.2404,33.9806],[134.24,33.9805],[134.239,33.98],[134.2384,33.9798],[134.2381,33.9797],[134.2373,33.9797],[134.237,33.9797],[134.2367,33.9799],[134.2363,33.9799],[134.2356,33.98],[134.2351,33.9799],[134.2347,33.9798],[134.2345,33.9798],[134.2338,33.9802],[134.2334,33.9803],[134.2327,33.9801],[134.232,33.9801],[134.2316,33.9802],[134.2312,33.9802],[134.2307,33.9803],[134.2304,33.9804],[134.2291,33.9803],[134.2287,33.98],[134.2284,33.98],[134.2277,33.9796],[134.2273,33.9793],[134.2271,33.9793],[134.2264,33.9793],[134.2252,33.9789],[134.2249,33.9788],[134.2244,33.9789],[134.2239,33.9791],[134.2232,33.9791],[134.2228,33.9791],[134.222,33.9794],[134.2217,33.9794],[134.2211,33.9794],[134.2203,33.9793],[134.2192,33.9792],[134.2189,33.9793],[134.2186,33.9797],[134.2184,33.9799],[134.2178,33.9799],[134.2175,33.98],[134.2173,33.9803],[134.2171,33.9803],[134.2164,33.9804],[134.2158,33.9804],[134.2154,33.9805],[134.2152,33.9806],[134.214,33.9807],[134.2135,33.9808],[134.2127,33.9809],[134.2122,33.9809],[134.2117,33.9809],[134.2114,33.9808],[134.2113,33.9808],[134.2107,33.9813],[134.2104,33.9814],[134.2101,33.9814],[134.2091,33.9815],[134.2086,33.9815],[134.2079,33.9817],[134.2078,33.9819],[134.2075,33.982],[134.207,33.9821],[134.2064,33.9822],[134.2061,33.9822],[134.2052,33.9825],[134.2047,33.9825],[134.2042,33.9827],[134.204,33.9828],[134.2037,33.9831],[134.2036,33.9836],[134.2035,33.9838],[134.203,33.984],[134.2029,33.9841],[134.2028,33.9849],[134.2026,33.9853],[134.2023,33.9857],[134.2019,33.9861],[134.2016,33.9863],[134.2013,33.9866],[134.201,33.9868],[134.2005,33.9869],[134.2004,33.9875],[134.2,33.9876],[134.1998,33.9877],[134.1995,33.9883],[134.1994,33.9885],[134.1991,33.9886],[134.1985,33.9887],[134.1979,33.9891],[134.1975,33.9892],[134.1969,33.9892],[134.1965,33.9891],[134.1958,33.9891],[134.1962,33.99],[134.1966,33.9903],[134.197,33.9904],[134.1971,33.9905],[134.1976,33.991],[134.1982,33.9917],[134.1986,33.992],[134.1987,33.9923],[134.1988,33.9926],[134.1989,33.993],[134.199,33.9931],[134.1994,33.9933],[134.1996,33.9936],[134.1992,33.9941],[134.1984,33.995],[134.1981,33.9952],[134.1981,33.9958],[134.198,33.9963],[134.198,33.9969],[134.198,33.9976],[134.198,33.9978],[134.1979,33.9983],[134.1978,33.9992],[134.1978,33.9993],[134.1976,33.9996],[134.1972,34],[134.1963,34.0006],[134.1958,34.001],[134.1953,34.0013],[134.195,34.0014],[134.194,34.0018],[134.1937,34.002],[134.1931,34.0026],[134.1927,34.0028],[134.1923,34.0029],[134.1911,34.0031],[134.1907,34.0031],[134.1904,34.0033],[134.1902,34.0035],[134.1897,34.0038],[134.1892,34.0044],[134.1888,34.005],[134.1887,34.0051],[134.1881,34.0057],[134.1879,34.0059],[134.1876,34.0061],[134.187,34.0062],[134.1868,34.0064],[134.1868,34.0066],[134.1869,34.007],[134.1873,34.0076],[134.1875,34.008],[134.1879,34.0088],[134.1881,34.0089],[134.1882,34.0092],[134.1884,34.0095],[134.1887,34.01],[134.1889,34.0103],[134.189,34.0108],[134.1893,34.0112],[134.1894,34.0113],[134.1893,34.0117],[134.1893,34.0119],[134.1893,34.0122],[134.1893,34.0127],[134.1892,34.013],[134.1886,34.0132],[134.1879,34.0134],[134.1866,34.0141],[134.1861,34.0145],[134.1856,34.0152],[134.1853,34.0154],[134.1842,34.0156],[134.1836,34.0159],[134.1833,34.016],[134.1827,34.016],[134.1828,34.0162],[134.1839,34.0172],[134.1841,34.0174],[134.1872,34.0202],[134.1884,34.0213],[134.1898,34.0224],[134.1905,34.0232],[134.1908,34.0234],[134.1922,34.0247],[134.1925,34.0249],[134.194,34.0263],[134.1946,34.0268],[134.1949,34.0271],[134.1954,34.0275],[134.1957,34.0278],[134.1962,34.0283],[134.1967,34.0287],[134.1973,34.0293],[134.1978,34.0297],[134.1977,34.0303],[134.1978,34.0306],[134.198,34.0309],[134.1981,34.0312],[134.198,34.0318],[134.1979,34.0325],[134.1978,34.0331],[134.1978,34.0333],[134.198,34.0334],[134.1983,34.0336],[134.1987,34.0338],[134.1988,34.0344],[134.1986,34.035],[134.1986,34.0352],[134.1984,34.0356],[134.198,34.036],[134.1977,34.0361],[134.1973,34.0363],[134.1973,34.0364],[134.1975,34.037],[134.1979,34.0374],[134.198,34.0379],[134.1983,34.0384],[134.1983,34.0387],[134.1983,34.0389],[134.1984,34.0392],[134.1984,34.04],[134.1984,34.0402],[134.1981,34.0407],[134.1981,34.0409],[134.198,34.0413],[134.1977,34.0419],[134.1983,34.0426],[134.1981,34.0428],[134.1971,34.0435],[134.197,34.0437],[134.197,34.0439],[134.1967,34.044],[134.1965,34.0441],[134.1959,34.0441],[134.1956,34.0442],[134.1951,34.0443],[134.195,34.0444],[134.195,34.0449],[134.1948,34.0452],[134.1943,34.0454],[134.1942,34.0455],[134.1939,34.0462],[134.1939,34.0467],[134.1936,34.0472],[134.1934,34.0475],[134.1931,34.0476],[134.1925,34.0475],[134.1923,34.0476],[134.1919,34.0485],[134.1916,34.0488],[134.1912,34.0489],[134.1903,34.0488],[134.1901,34.0488],[134.1899,34.0489],[134.1896,34.0493],[134.1896,34.0497],[134.1896,34.051],[134.1896,34.0512],[134.1899,34.0522],[134.1904,34.0529],[134.1907,34.0534],[134.1911,34.0538],[134.1913,34.0541],[134.1917,34.0544],[134.192,34.0548],[134.1922,34.055],[134.1923,34.0558],[134.1925,34.0564],[134.1924,34.0568],[134.1921,34.0574],[134.1913,34.0584],[134.1907,34.059],[134.1896,34.0599],[134.1892,34.0603],[134.1888,34.061],[134.1886,34.0616],[134.1884,34.0621],[134.1878,34.0625],[134.1875,34.0628],[134.1863,34.0635],[134.1863,34.0636],[134.1862,34.0641],[134.1861,34.0645],[134.186,34.065],[134.1858,34.0655],[134.1856,34.0664],[134.1856,34.0674],[134.1852,34.068],[134.185,34.0684],[134.1848,34.0691],[134.1848,34.0696],[134.1845,34.0701],[134.184,34.0707],[134.1837,34.0709],[134.1831,34.0713],[134.1827,34.0714],[134.1823,34.0715],[134.1819,34.0718],[134.1819,34.0719],[134.1819,34.0723],[134.1818,34.0727],[134.1809,34.0738],[134.1809,34.0743],[134.1813,34.075],[134.1812,34.0753],[134.1809,34.0761],[134.1807,34.0769],[134.1803,34.0776],[134.18,34.0784],[134.1798,34.0789],[134.1798,34.0793],[134.1798,34.0796],[134.1795,34.0802],[134.179,34.0812],[134.1788,34.0822],[134.1788,34.0825],[134.179,34.0827],[134.1789,34.083],[134.179,34.0832],[134.1791,34.0837],[134.1793,34.0845],[134.1792,34.0853],[134.1793,34.0857],[134.1798,34.0866],[134.1801,34.0873],[134.1805,34.0877],[134.181,34.0881],[134.1813,34.0882],[134.1816,34.0883],[134.1819,34.0884],[134.1821,34.0885],[134.1823,34.0891],[134.1826,34.0894],[134.183,34.0901],[134.1832,34.0902],[134.1842,34.0902],[134.1847,34.0903],[134.1848,34.0904],[134.185,34.0909],[134.1854,34.0913],[134.1864,34.0922],[134.1873,34.0926],[134.1878,34.0929],[134.1884,34.0932],[134.1888,34.0933],[134.1894,34.0934],[134.1897,34.0933],[134.1903,34.0935],[134.191,34.0936],[134.1913,34.0938],[134.1914,34.0941],[134.1916,34.0948],[134.1922,34.0961],[134.1925,34.0968],[134.1927,34.0971],[134.1933,34.0977],[134.1938,34.0981],[134.1946,34.0983],[134.195,34.0986],[134.1951,34.0986],[134.1956,34.0989],[134.1961,34.0992],[134.1963,34.0994],[134.1963,34.0996],[134.1962,34.0999],[134.1962,34.1002],[134.1962,34.1009],[134.1966,34.1018],[134.1968,34.1028],[134.1968,34.1029],[134.1972,34.1036],[134.1975,34.1041],[134.1977,34.1045],[134.1978,34.1051],[134.1978,34.1053],[134.1981,34.1061],[134.1985,34.1067],[134.1988,34.1071],[134.1992,34.1072],[134.1994,34.1072],[134.2001,34.1071],[134.2004,34.1072],[134.2008,34.1075],[134.2013,34.108],[134.202,34.1082],[134.2024,34.1083],[134.2029,34.1088],[134.2032,34.1094],[134.2038,34.1096],[134.2042,34.1099],[134.2044,34.1102],[134.2046,34.1107],[134.2051,34.1114],[134.2053,34.1117],[134.2053,34.1123],[134.2056,34.1125],[134.2063,34.1128],[134.2067,34.1133],[134.2077,34.1143],[134.2082,34.1147],[134.2092,34.1154],[134.2093,34.1158],[134.2093,34.1163],[134.2092,34.1166],[134.2088,34.117],[134.2085,34.1172],[134.2089,34.1178],[134.2089,34.1182],[134.2089,34.1186],[134.2089,34.1187],[134.2093,34.1191],[134.2095,34.1199],[134.2096,34.12],[134.21,34.1207],[134.2102,34.1211],[134.2103,34.1217],[134.2102,34.1223],[134.2103,34.1226],[134.2106,34.1235],[134.2107,34.1238],[134.2107,34.1244],[134.2107,34.1246],[134.2107,34.1253],[134.2107,34.1262],[134.2107,34.1265],[134.2106,34.1271],[134.2106,34.1277],[134.2107,34.1281],[134.2112,34.1284],[134.2115,34.1287],[134.2117,34.1291],[134.2117,34.1293],[134.2117,34.1297],[134.2117,34.1303],[134.2117,34.131],[134.2116,34.1312],[134.2113,34.1317],[134.2112,34.1324],[134.2111,34.1333],[134.2112,34.1335],[134.2114,34.1337],[134.212,34.134],[134.2123,34.1343],[134.2125,34.1346],[134.2129,34.1348],[134.2132,34.1354],[134.2136,34.1363],[134.2147,34.1368],[134.2149,34.137],[134.215,34.1372],[134.2156,34.1376],[134.2158,34.1379],[134.2162,34.1385],[134.2164,34.1389],[134.217,34.1396],[134.2175,34.1404],[134.2174,34.1406],[134.2173,34.1408],[134.2173,34.1414],[134.2177,34.1418],[134.2177,34.1423],[134.2177,34.1431],[134.218,34.1439],[134.2181,34.145],[134.2181,34.1453],[134.2182,34.1457],[134.2183,34.1461],[134.2182,34.1463],[134.218,34.1476],[134.2178,34.1479],[134.2177,34.1481],[134.2178,34.1486],[134.2176,34.1496],[134.2174,34.1499],[134.2173,34.1501],[134.2172,34.1507],[134.2172,34.1516],[134.2173,34.1518],[134.2176,34.1518],[134.2179,34.1519],[134.2185,34.1523],[134.219,34.1528],[134.2192,34.1532],[134.2198,34.1537],[134.2202,34.1539],[134.2206,34.1541],[134.221,34.1544],[134.2214,34.1549],[134.2215,34.1559],[134.2216,34.1563],[134.2219,34.1569],[134.2219,34.1572],[134.2217,34.1576],[134.2218,34.1581],[134.2216,34.1588],[134.2213,34.1593],[134.2214,34.1599],[134.2212,34.1602],[134.2211,34.1604],[134.221,34.1609],[134.2207,34.1613],[134.2207,34.162],[134.2205,34.1625],[134.2205,34.1627],[134.2208,34.1631],[134.2209,34.1635],[134.2209,34.1638],[134.2208,34.164],[134.2203,34.1646],[134.2201,34.165],[134.2197,34.1655],[134.2191,34.1657],[134.2184,34.1661],[134.2178,34.1664],[134.2176,34.1665],[134.2174,34.1671],[134.2173,34.1673],[134.2169,34.1676],[134.2166,34.1678],[134.2164,34.168],[134.2159,34.1686],[134.2157,34.1688],[134.2152,34.1689],[134.2148,34.1691],[134.2141,34.1697],[134.2139,34.17],[134.2135,34.1702],[134.2134,34.1705],[134.2127,34.1713],[134.2119,34.1717],[134.2115,34.172],[134.2106,34.1724],[134.21,34.1725],[134.2097,34.1728],[134.2092,34.173],[134.2092,34.1732],[134.2096,34.1733],[134.2095,34.1736],[134.209,34.1739],[134.2088,34.1744],[134.2087,34.1747],[134.2084,34.1746],[134.2079,34.1744],[134.2074,34.174],[134.2067,34.1738],[134.2063,34.1738],[134.2061,34.1736],[134.2057,34.1734],[134.2053,34.1733],[134.2052,34.173],[134.205,34.1727],[134.2046,34.1726],[134.2043,34.1727],[134.2039,34.173],[134.2035,34.1733],[134.203,34.1735],[134.2024,34.1736],[134.2018,34.1737],[134.2014,34.1738],[134.2011,34.174],[134.2011,34.1745],[134.2009,34.1747],[134.2007,34.1748],[134.2001,34.175],[134.1995,34.1752],[134.1991,34.1753],[134.1988,34.1756],[134.1985,34.1755],[134.1983,34.1754],[134.198,34.1749],[134.198,34.1746],[134.198,34.1742],[134.1978,34.1739],[134.1972,34.1737],[134.1971,34.1736],[134.1969,34.1731],[134.1968,34.1729],[134.1967,34.1727],[134.1959,34.1722],[134.1951,34.1719],[134.1947,34.1719],[134.1943,34.1721],[134.194,34.1724],[134.1936,34.1726],[134.1926,34.1725],[134.1917,34.1724],[134.1913,34.1724],[134.1905,34.1729],[134.1899,34.173],[134.1886,34.1731],[134.1884,34.173],[134.1882,34.1727],[134.1878,34.1726],[134.1874,34.1729],[134.187,34.1728],[134.1864,34.1724],[134.1862,34.1725],[134.1861,34.1729],[134.1859,34.1737],[134.1857,34.1739],[134.1853,34.1743],[134.1849,34.1744],[134.1844,34.1744],[134.184,34.1744],[134.1833,34.1741],[134.1827,34.174],[134.1825,34.174],[134.1822,34.1741],[134.1817,34.1746],[134.1816,34.1747],[134.1813,34.1746],[134.1809,34.1744],[134.1806,34.1743],[134.1803,34.1743],[134.1797,34.1746],[134.1795,34.1748],[134.1796,34.1756],[134.1794,34.1758],[134.1792,34.1758],[134.1788,34.1751],[134.1786,34.1747],[134.1783,34.1747],[134.178,34.1748],[134.1777,34.1756],[134.1776,34.1761],[134.1774,34.1762],[134.1768,34.1762],[134.1767,34.1762],[134.1764,34.1754],[134.1763,34.1752],[134.1761,34.1751],[134.1756,34.1749],[134.1751,34.175],[134.1749,34.1751],[134.1746,34.1754],[134.1741,34.1753],[134.1738,34.1753],[134.1736,34.1754],[134.1736,34.1755],[134.1739,34.1769],[134.1737,34.177],[134.1735,34.1768],[134.1733,34.1762],[134.1731,34.1758],[134.1728,34.1757],[134.1717,34.1757],[134.1713,34.1756],[134.1714,34.1753],[134.1713,34.1751],[134.1712,34.175],[134.1699,34.175],[134.1695,34.1749],[134.169,34.1746],[134.1685,34.1745],[134.1681,34.1742],[134.168,34.1736],[134.1675,34.1733],[134.1673,34.1731],[134.1667,34.1725],[134.1665,34.172],[134.1664,34.1718],[134.1657,34.1714],[134.1649,34.1709],[134.1645,34.1706],[134.1637,34.17],[134.1635,34.1698],[134.1632,34.1698],[134.1619,34.1699],[134.1609,34.1699],[134.1603,34.1698],[134.1593,34.1697],[134.1591,34.1694],[134.1591,34.1691],[134.1589,34.1686],[134.1585,34.1683],[134.1583,34.168],[134.1581,34.1676],[134.1577,34.1674],[134.157,34.1672],[134.1546,34.1665],[134.1533,34.1662],[134.1526,34.1657],[134.1521,34.1659],[134.1518,34.1661],[134.1515,34.1662],[134.1508,34.1663],[134.1506,34.1663],[134.1496,34.1661],[134.149,34.1659],[134.1487,34.1659],[134.1478,34.1658],[134.1472,34.1657],[134.1463,34.1653],[134.1457,34.1645],[134.1457,34.1641],[134.1454,34.163],[134.145,34.1622],[134.1446,34.1613],[134.1444,34.1604],[134.1438,34.1587],[134.1437,34.1584],[134.1433,34.1581],[134.1431,34.1579],[134.1428,34.1577],[134.1425,34.1575],[134.1423,34.157],[134.1418,34.1564],[134.1412,34.1558],[134.1409,34.1554],[134.1407,34.1552],[134.1403,34.1551],[134.1392,34.1551],[134.1388,34.155],[134.1379,34.1547],[134.1377,34.1546],[134.1372,34.1547],[134.1369,34.1546],[134.1369,34.1543],[134.1365,34.1539],[134.1364,34.1537],[134.1363,34.1532],[134.1361,34.153],[134.1359,34.1526],[134.1353,34.1519],[134.1352,34.1516],[134.1353,34.1514],[134.1356,34.1511],[134.136,34.1508],[134.1364,34.1503],[134.1368,34.1494],[134.1373,34.1483],[134.1375,34.1476],[134.1375,34.1473],[134.1375,34.1464],[134.1376,34.1458],[134.1376,34.1446],[134.1376,34.1442],[134.1377,34.1435],[134.1378,34.1426],[134.1381,34.1418],[134.1384,34.1417],[134.1385,34.1415],[134.1385,34.1413],[134.1384,34.141],[134.1381,34.1403],[134.138,34.14],[134.138,34.1395],[134.1379,34.1389],[134.1377,34.1384],[134.1377,34.138],[134.138,34.137],[134.1381,34.1365],[134.1383,34.1363],[134.1389,34.1352],[134.139,34.1346],[134.1393,34.1341],[134.1392,34.1339],[134.1389,34.1338],[134.1386,34.1334],[134.1384,34.1328],[134.138,34.1324],[134.1378,34.1323],[134.1373,34.1322],[134.1369,34.1319],[134.1364,34.1317],[134.136,34.1312],[134.135,34.1308],[134.1345,34.1306],[134.1337,34.1305],[134.1334,34.1302],[134.1333,34.13],[134.133,34.1297],[134.1327,34.1296],[134.1326,34.1294],[134.1325,34.1285],[134.1324,34.1278],[134.1322,34.1272],[134.132,34.1269],[134.1316,34.1265],[134.1315,34.1262],[134.1313,34.1258],[134.1313,34.1256],[134.1312,34.1254],[134.1304,34.125],[134.1301,34.1246],[134.1301,34.1242],[134.13,34.124],[134.1299,34.1237],[134.1297,34.1237],[134.1287,34.1234],[134.1279,34.1232],[134.1275,34.1232],[134.1271,34.1232],[134.1268,34.123],[134.1265,34.1227],[134.1262,34.1224],[134.1258,34.1221],[134.1253,34.1217],[134.1245,34.1209],[134.1243,34.1205],[134.1241,34.1202],[134.1236,34.1198],[134.123,34.1193],[134.1228,34.119],[134.1223,34.1188],[134.1222,34.1188],[134.1221,34.119],[134.1219,34.1192],[134.1213,34.1196],[134.1206,34.1201],[134.1202,34.1202],[134.1199,34.1203],[134.1195,34.1203],[134.1193,34.1203],[134.1186,34.1198],[134.1181,34.1196],[134.1175,34.1192],[134.1169,34.1187],[134.1164,34.1183],[134.1161,34.1181],[134.1154,34.1183],[134.1151,34.1183],[134.1146,34.1183],[134.1141,34.118],[134.1137,34.1179],[134.1132,34.1179],[134.1125,34.118],[134.112,34.118],[134.1114,34.1179],[134.1109,34.1179],[134.1105,34.1178],[134.1097,34.1174],[134.1093,34.1173],[134.1088,34.1173],[134.1083,34.1174],[134.108,34.1174],[134.1072,34.1172],[134.1063,34.1172],[134.106,34.1171],[134.1054,34.1168],[134.1048,34.1163],[134.1042,34.1159],[134.1034,34.1153],[134.103,34.115],[134.1027,34.1149],[134.1023,34.115],[134.1017,34.1152],[134.1014,34.1152],[134.1012,34.1151],[134.101,34.1149],[134.1007,34.1148],[134.1,34.1147],[134.0995,34.1148],[134.099,34.1148],[134.0978,34.1147],[134.097,34.1149],[134.0969,34.1148],[134.0964,34.1146],[134.096,34.1145],[134.0956,34.1146],[134.095,34.1146],[134.0945,34.1146],[134.0937,34.1146],[134.0923,34.1148],[134.092,34.1149],[134.0918,34.1151],[134.0916,34.1154],[134.0915,34.1158],[134.0913,34.116],[134.091,34.1163],[134.0905,34.1166],[134.0902,34.1167],[134.0893,34.1169],[134.0886,34.1172],[134.0882,34.1175],[134.0879,34.1179],[134.0874,34.1183],[134.0869,34.1187],[134.0865,34.119],[134.0859,34.1192],[134.0854,34.1192],[134.0845,34.1192],[134.0842,34.1194],[134.0838,34.1199],[134.0835,34.1201],[134.0831,34.1203],[134.0825,34.1203],[134.0823,34.1205],[134.0819,34.1208],[134.0817,34.1212],[134.0816,34.1213],[134.0809,34.1212],[134.0805,34.1212],[134.0796,34.1211],[134.0793,34.1211],[134.0791,34.1209],[134.0787,34.1204],[134.0781,34.1198],[134.078,34.1197],[134.0769,34.1192],[134.0767,34.119],[134.0763,34.1185],[134.0754,34.1175],[134.0747,34.117],[134.0743,34.1167],[134.0739,34.1165],[134.0733,34.1164],[134.0726,34.1163],[134.0723,34.116],[134.0721,34.1158],[134.0719,34.1155],[134.0716,34.1146],[134.0714,34.1139],[134.0712,34.1132],[134.0711,34.1129],[134.0709,34.1127],[134.0705,34.1125],[134.0702,34.1125],[134.0698,34.1123],[134.0694,34.1121],[134.0691,34.1121],[134.0688,34.1122],[134.0681,34.1126],[134.0677,34.1128],[134.0674,34.1128],[134.0669,34.1128],[134.0662,34.1126],[134.0658,34.1124],[134.0633,34.1118],[134.0625,34.1115],[134.062,34.1112],[134.0616,34.111],[134.0614,34.111],[134.061,34.1112],[134.0605,34.1116],[134.06,34.112],[134.0598,34.1125],[134.0596,34.1128],[134.0594,34.1131],[134.059,34.1137],[134.0589,34.1141],[134.0588,34.1144],[134.0583,34.1152],[134.0579,34.1157],[134.0574,34.116],[134.0557,34.1167],[134.0554,34.1168],[134.0544,34.1169],[134.0539,34.117],[134.0537,34.1172],[134.0535,34.1174],[134.0534,34.118],[134.0532,34.1181],[134.0527,34.1181],[134.0523,34.1181],[134.0515,34.118],[134.0511,34.118],[134.0502,34.1176],[134.0498,34.1173],[134.0492,34.1167],[134.0484,34.1157],[134.048,34.1151],[134.0477,34.1149],[134.047,34.1148],[134.0467,34.1146],[134.0464,34.1144],[134.0462,34.1141],[134.0458,34.1139],[134.0455,34.1138],[134.0446,34.1138],[134.0445,34.1136],[134.0445,34.1132],[134.0444,34.1129],[134.0441,34.1127],[134.0439,34.1123],[134.0438,34.1118],[134.0437,34.1116],[134.0434,34.1111],[134.0427,34.1106],[134.0422,34.1103],[134.0421,34.1102],[134.0421,34.1098],[134.0423,34.1093],[134.0422,34.109],[134.0421,34.1083],[134.0421,34.1074],[134.042,34.1069],[134.0418,34.1063],[134.0418,34.1056],[134.0412,34.1046],[134.0409,34.1039],[134.0408,34.1035],[134.0408,34.1033],[134.0408,34.1028],[134.0407,34.1022],[134.0406,34.1019],[134.0403,34.1011],[134.04,34.1009],[134.0398,34.1007],[134.0394,34.1004],[134.0391,34.1003],[134.0389,34.1002],[134.0387,34.0998],[134.0383,34.0996],[134.0377,34.0994],[134.0375,34.0993],[134.0371,34.0988],[134.0368,34.0987],[134.0364,34.0985],[134.0361,34.0984],[134.0357,34.0983],[134.0353,34.0984],[134.0348,34.0984],[134.0341,34.098],[134.0338,34.0979],[134.0334,34.0979],[134.0329,34.0978],[134.032,34.0974],[134.0317,34.0974],[134.0315,34.0975],[134.0313,34.0974],[134.031,34.0971],[134.0305,34.0967],[134.0303,34.0963],[134.03,34.096],[134.0298,34.0956],[134.0298,34.0952],[134.0297,34.095],[134.0292,34.0949],[134.0291,34.0947],[134.0291,34.0943],[134.029,34.094],[134.0285,34.0933],[134.0282,34.0931],[134.0276,34.0927],[134.027,34.0923],[134.0267,34.0921],[134.0264,34.092],[134.0258,34.092],[134.0256,34.0919],[134.0256,34.0915],[134.0256,34.0909],[134.0256,34.0904],[134.0258,34.0899],[134.0264,34.089],[134.0267,34.0884],[134.0267,34.0882],[134.027,34.0879],[134.0278,34.0874],[134.0279,34.0873],[134.0276,34.0869],[134.0272,34.0866],[134.0269,34.0863],[134.0266,34.0858],[134.0264,34.0854],[134.0263,34.0851],[134.025,34.0848],[134.0245,34.0848],[134.0236,34.0848],[134.0222,34.0846],[134.0218,34.0845],[134.0214,34.0845],[134.0205,34.0845],[134.02,34.0847],[134.0196,34.0848],[134.0189,34.0852],[134.0186,34.0852],[134.0184,34.0854],[134.018,34.0857],[134.0173,34.0859],[134.0168,34.0861],[134.0164,34.0862],[134.0161,34.0864],[134.0151,34.0865],[134.0147,34.0865],[134.0139,34.0866],[134.0132,34.0865],[134.0127,34.0864],[134.0122,34.0863],[134.0118,34.0864],[134.0113,34.0866],[134.0111,34.0867],[134.0104,34.0868],[134.01,34.0867],[134.0093,34.0863],[134.0089,34.0858],[134.0087,34.0857],[134.0076,34.0852],[134.0071,34.0848],[134.0065,34.0848],[134.0063,34.0847],[134.0056,34.0843],[134.0055,34.0841],[134.0053,34.0835],[134.0051,34.0833],[134.0046,34.0831],[134.0036,34.0822],[134.0029,34.0817],[134.0025,34.0814],[134.0022,34.0809],[134.0022,34.0806],[134.0022,34.0803],[134.0025,34.0795],[134.0026,34.0791],[134.0027,34.0788],[134.0027,34.0785],[134.0026,34.0782],[134.0025,34.0777],[134.0025,34.0772],[134.0025,34.0765],[134.0023,34.0763],[134.0019,34.0758],[134.0015,34.0752],[134.0013,34.0752],[134.0008,34.0751],[133.9996,34.0748],[134.0004,34.0728],[134.0005,34.0724],[134.0005,34.0719],[134.0005,34.0717],[134.0001,34.0711],[133.9999,34.0707],[133.9997,34.0704],[133.9995,34.0698],[133.9992,34.0693],[133.9988,34.0689],[133.9985,34.0685],[133.9984,34.0678],[133.9985,34.0672],[133.9985,34.0668],[133.9987,34.0665],[133.9993,34.066],[133.9999,34.0656],[134.0004,34.0654],[134.0006,34.0651],[134.0007,34.0647],[134.0006,34.0644],[134.0007,34.0641],[134.001,34.0635],[134.0011,34.0631],[134.0011,34.0625],[134.001,34.0624],[134.0011,34.0621],[134.0012,34.0619],[134.001,34.0611],[134.0009,34.0606],[134.0008,34.0601],[134.0009,34.0587],[134.001,34.0581],[134.0009,34.0573],[134.001,34.0571],[134.0009,34.0568],[134.0008,34.0561],[134.0007,34.0552],[134.0007,34.0548],[134.0004,34.0535],[134.0003,34.0522],[134.0002,34.052],[134.0001,34.0508],[133.9999,34.0501],[133.9998,34.0493],[133.9995,34.0479],[133.9993,34.0472],[133.9992,34.0462],[133.999,34.0457],[133.9989,34.045],[133.9993,34.0448],[133.9993,34.0446],[133.999,34.0434],[133.9992,34.0428],[133.9994,34.0415],[133.9996,34.0403],[133.9997,34.0399],[133.9998,34.039],[134,34.0386],[134,34.0381],[134.0001,34.0373],[134.0011,34.0376],[134.0019,34.0377],[134.003,34.0377],[134.004,34.0377],[134.0048,34.0376],[134.0055,34.0377],[134.0061,34.0377],[134.0069,34.0376],[134.0073,34.0376],[134.0077,34.0375],[134.0087,34.0375],[134.0094,34.0376],[134.0108,34.0378],[134.0118,34.038],[134.0121,34.038],[134.0128,34.0381],[134.0133,34.0383],[134.0142,34.0386],[134.0149,34.0389],[134.0155,34.0392],[134.0159,34.0395],[134.0167,34.0401],[134.0169,34.0404],[134.0176,34.041],[134.0183,34.0417],[134.0185,34.042],[134.019,34.0424],[134.0191,34.0426],[134.0196,34.043],[134.0198,34.0432],[134.0207,34.0438],[134.0213,34.0442],[134.0223,34.0445],[134.0231,34.0446],[134.0238,34.0447],[134.0244,34.0446],[134.0254,34.0446],[134.0257,34.0446],[134.0263,34.0446],[134.0274,34.0446],[134.0279,34.0446],[134.0288,34.0447],[134.0298,34.0446],[134.0304,34.0445],[134.031,34.0445],[134.0312,34.0445],[134.0332,34.0441],[134.0334,34.044],[134.0343,34.0439],[134.0353,34.0438],[134.0355,34.0438],[134.0369,34.0436],[134.0375,34.0436],[134.0382,34.0435],[134.0384,34.0435],[134.0388,34.0434],[134.041,34.0432],[134.0422,34.0431],[134.0425,34.043],[134.0429,34.043],[134.0432,34.043],[134.044,34.043],[134.0449,34.0431],[134.046,34.0433],[134.0478,34.0437],[134.0484,34.0439],[134.0498,34.0442],[134.0524,34.0446],[134.053,34.0447],[134.0533,34.0447],[134.0542,34.0448],[134.0548,34.0449],[134.0549,34.0449],[134.056,34.0451],[134.0563,34.0452],[134.0571,34.0452],[134.0577,34.0453],[134.0582,34.0454],[134.0585,34.0454],[134.0595,34.0456],[134.0601,34.0457],[134.0604,34.0457],[134.0623,34.046],[134.0637,34.0464],[134.0657,34.0465],[134.0678,34.0467],[134.0689,34.0469],[134.0704,34.0471],[134.071,34.0473],[134.0718,34.0477],[134.0722,34.048],[134.0723,34.0481],[134.073,34.0487],[134.0735,34.0492],[134.0738,34.0497],[134.074,34.0503],[134.0742,34.0509],[134.0742,34.0513],[134.0742,34.0516],[134.0743,34.052],[134.0759,34.0527],[134.0766,34.053],[134.0768,34.0532],[134.0779,34.0536],[134.0785,34.0539],[134.0789,34.0537],[134.0795,34.054],[134.0801,34.0543],[134.0812,34.0547],[134.082,34.0551],[134.0825,34.0555],[134.084,34.0562],[134.0869,34.0575],[134.0881,34.058],[134.088,34.0578],[134.0878,34.0573],[134.0875,34.0568],[134.0872,34.056],[134.0866,34.0547],[134.0863,34.0535],[134.089,34.0536],[134.0895,34.0536],[134.09,34.0537],[134.0906,34.0536],[134.0911,34.0537],[134.093,34.0537],[134.0932,34.0534],[134.0936,34.0529],[134.094,34.0523],[134.0945,34.0519],[134.0952,34.0513],[134.0953,34.0511],[134.0954,34.0508],[134.0954,34.0504],[134.095,34.0501],[134.0946,34.0495],[134.0944,34.049],[134.0944,34.0483],[134.0945,34.0479],[134.0945,34.0472],[134.0944,34.0469],[134.0941,34.0464],[134.0932,34.0452],[134.0931,34.0451],[134.0932,34.0447],[134.0935,34.0445],[134.0943,34.0437],[134.0946,34.0434],[134.0952,34.0426],[134.0954,34.0424],[134.0956,34.0421],[134.0959,34.0417],[134.0965,34.0412],[134.0969,34.0406],[134.0973,34.0401],[134.0977,34.0396],[134.0984,34.039],[134.0986,34.0388],[134.0987,34.0384],[134.0987,34.0382],[134.0988,34.0379],[134.099,34.0377],[134.0994,34.0373],[134.1,34.0371],[134.1002,34.0369],[134.1007,34.0366],[134.1011,34.0364],[134.1015,34.0361],[134.102,34.0358],[134.1026,34.0355],[134.1034,34.035],[134.1037,34.0346],[134.1043,34.0335],[134.1044,34.0328],[134.1045,34.0326],[134.1047,34.0322],[134.1051,34.0316],[134.1054,34.0313],[134.1059,34.0313],[134.1062,34.0314],[134.1069,34.0319],[134.1071,34.032],[134.1076,34.0318],[134.108,34.0318],[134.1084,34.0317],[134.1086,34.0315],[134.1094,34.0314],[134.1108,34.0309],[134.112,34.0305],[134.1123,34.0303],[134.1124,34.0301],[134.1124,34.0298],[134.1122,34.0291],[134.1123,34.0288],[134.1124,34.0282],[134.1124,34.0277],[134.1123,34.0272],[134.112,34.0267],[134.1119,34.0263],[134.1119,34.026],[134.1124,34.0255],[134.1132,34.0249],[134.1134,34.0248],[134.1135,34.0243],[134.1135,34.0239],[134.1134,34.0237],[134.1136,34.0233],[134.1136,34.0231],[134.1136,34.0227],[134.1139,34.0217],[134.1137,34.021],[134.1139,34.0204],[134.1141,34.0198],[134.1142,34.0194],[134.1142,34.0188],[134.1144,34.0186],[134.1157,34.0186],[134.1162,34.0187],[134.1165,34.0186],[134.1168,34.0185],[134.1177,34.0181],[134.1184,34.0176],[134.1187,34.0173],[134.1189,34.0169],[134.1189,34.0164],[134.1188,34.016],[134.1187,34.0151],[134.1184,34.014],[134.1183,34.0135],[134.1182,34.0133],[134.1181,34.0126],[134.1179,34.0123],[134.1177,34.0118],[134.1175,34.0112],[134.1173,34.011],[134.1173,34.0107],[134.1175,34.0105],[134.1175,34.0098],[134.1175,34.0095],[134.1175,34.0089],[134.1177,34.0085],[134.1179,34.0083],[134.1179,34.0082],[134.1179,34.0078],[134.1178,34.0076],[134.1171,34.0068],[134.1166,34.0061],[134.1165,34.0055],[134.1166,34.005],[134.1164,34.0036],[134.116,34.0035],[134.1157,34.0033],[134.1155,34.0029],[134.1148,34.0024],[134.1145,34.0022],[134.1144,34.0018],[134.1139,34.0012],[134.1136,34.001],[134.1134,34.0006],[134.1132,34.0003],[134.1128,34],[134.1127,33.9999],[134.1122,33.9995],[134.1119,33.9991],[134.1118,33.9987],[134.1117,33.9985],[134.1115,33.9984],[134.111,33.9981],[134.1106,33.9979],[134.1103,33.9977],[134.1099,33.9976],[134.1095,33.9975],[134.1093,33.9973],[134.1091,33.9971],[134.1092,33.9968],[134.1091,33.9962],[134.1089,33.9959],[134.1089,33.9956],[134.109,33.9951],[134.1089,33.9943],[134.1088,33.9941],[134.1087,33.9939],[134.1088,33.9934],[134.1086,33.9927],[134.1086,33.9925],[134.1089,33.9921],[134.109,33.9916],[134.1091,33.9913],[134.1093,33.9907],[134.1096,33.9899],[134.1099,33.9892],[134.1099,33.9886],[134.11,33.9885],[134.1103,33.9884],[134.1109,33.9879],[134.1116,33.9875],[134.1118,33.9873],[134.112,33.987],[134.1119,33.9866],[134.1118,33.986],[134.1118,33.9857],[134.1118,33.9853],[134.1118,33.9851],[134.1113,33.9848],[134.1107,33.9844],[134.1106,33.9841],[134.1099,33.9829],[134.1096,33.9826],[134.1093,33.982],[134.1089,33.9815],[134.1087,33.9809],[134.1081,33.9798],[134.1079,33.9797],[134.1075,33.9794],[134.107,33.9794],[134.1067,33.9793],[134.1068,33.979],[134.1074,33.9779],[134.1078,33.9777],[134.1082,33.977],[134.1085,33.9769],[134.1086,33.9767],[134.1086,33.9766],[134.1085,33.9762],[134.108,33.9751],[134.1078,33.9745],[134.1076,33.9742],[134.1074,33.974],[134.1072,33.9737],[134.107,33.9734],[134.1071,33.9733],[134.1081,33.9734],[134.1083,33.9734],[134.1085,33.973],[134.1087,33.9727],[134.1086,33.9724],[134.1087,33.9716],[134.1089,33.9712],[134.1089,33.971],[134.1086,33.9707],[134.1086,33.9704],[134.1084,33.9701],[134.1084,33.9693],[134.1086,33.9688],[134.1087,33.9681],[134.1086,33.9677],[134.1085,33.9674],[134.1086,33.9671],[134.1085,33.9667],[134.1083,33.9664],[134.1081,33.9662],[134.108,33.966],[134.1075,33.9657],[134.1071,33.9653],[134.1066,33.965],[134.1065,33.9648],[134.1064,33.9642],[134.1061,33.9639],[134.1059,33.9634],[134.1056,33.9632],[134.1051,33.9626],[134.1044,33.9623],[134.104,33.962],[134.1037,33.9618],[134.1035,33.9616],[134.1031,33.9614],[134.1026,33.9614],[134.1023,33.9612],[134.1015,33.9611],[134.1013,33.9609],[134.101,33.9607],[134.1003,33.9601],[134.1001,33.9597],[134.0998,33.9595],[134.0991,33.9592],[134.0988,33.9588],[134.0986,33.9583],[134.0986,33.9578],[134.0984,33.9574],[134.0982,33.957],[134.0981,33.9567],[134.0981,33.9563],[134.0982,33.9561],[134.0982,33.9556],[134.0982,33.9552],[134.0983,33.9545],[134.0984,33.954],[134.0985,33.9533],[134.0987,33.9525],[134.0986,33.9521],[134.0984,33.9516],[134.0983,33.9514],[134.0984,33.9511],[134.0986,33.9508],[134.0988,33.9504],[134.0989,33.9499],[134.0989,33.9494],[134.099,33.9493],[134.1001,33.949],[134.1007,33.9488],[134.101,33.9486],[134.1014,33.948],[134.1015,33.9477],[134.1015,33.9472],[134.1017,33.9466],[134.1017,33.9462],[134.1018,33.946],[134.102,33.9458],[134.1022,33.9455],[134.1021,33.9449],[134.1022,33.9445],[134.1024,33.944],[134.1025,33.9436],[134.1027,33.9435],[134.1031,33.9434],[134.1038,33.9429],[134.1046,33.9426],[134.105,33.9424],[134.1053,33.9422],[134.1054,33.9419],[134.1055,33.9417],[134.1053,33.9407],[134.1052,33.9403],[134.1049,33.94],[134.1049,33.9394],[134.105,33.9389],[134.1051,33.9385],[134.1051,33.9382],[134.1049,33.938],[134.1047,33.9377],[134.1048,33.9374],[134.1048,33.937],[134.1048,33.9365],[134.1048,33.9362],[134.1046,33.936],[134.104,33.9355],[134.1035,33.9348],[134.1033,33.9344],[134.1028,33.9338],[134.1027,33.9336],[134.1027,33.9333],[134.1029,33.933],[134.1029,33.9319],[134.103,33.9314],[134.103,33.9311],[134.1029,33.9309],[134.1024,33.9305],[134.1022,33.9302],[134.1019,33.93],[134.1017,33.9297],[134.1014,33.9294],[134.101,33.9292],[134.1007,33.929],[134.1006,33.9287],[134.1004,33.9281],[134.1004,33.9278],[134.1002,33.9272],[134.1,33.9266],[134.1001,33.9262],[134.1,33.9259],[134.1,33.9251],[134.1001,33.9248],[134.1001,33.9243],[134.1002,33.9238],[134.0999,33.9233],[134.1003,33.9233],[134.1011,33.9234],[134.1019,33.9236],[134.1024,33.9236],[134.1027,33.9235],[134.1031,33.9233],[134.1038,33.9231],[134.1045,33.9229],[134.1049,33.9227],[134.1054,33.9226],[134.1057,33.9225],[134.1059,33.9223],[134.1062,33.9218],[134.1064,33.9216],[134.1072,33.9213],[134.1074,33.921],[134.1077,33.921],[134.1084,33.9211],[134.1093,33.9212],[134.1097,33.9212],[134.11,33.9212],[134.1107,33.9216],[134.1109,33.9216],[134.1112,33.9213],[134.1116,33.9212],[134.1121,33.9214],[134.1134,33.9214],[134.1138,33.9214],[134.1148,33.9213],[134.1156,33.9212],[134.1162,33.921],[134.1165,33.9208],[134.1168,33.9208],[134.1175,33.9209],[134.1187,33.921],[134.1195,33.9213],[134.1197,33.9213],[134.1204,33.9213],[134.1208,33.9212],[134.1211,33.921],[134.1215,33.9206],[134.1217,33.9205],[134.122,33.9206],[134.1223,33.9205],[134.1235,33.9207],[134.1239,33.9207],[134.1243,33.9207],[134.1248,33.9207],[134.1256,33.9207],[134.1259,33.9208],[134.1262,33.9209],[134.1264,33.9207],[134.1265,33.9205],[134.1266,33.92],[134.1265,33.9197],[134.1264,33.9193],[134.1263,33.9187],[134.1261,33.9183],[134.1264,33.9179],[134.1268,33.9174],[134.1268,33.9171],[134.1266,33.9163],[134.1266,33.916],[134.1269,33.9152],[134.1272,33.9148],[134.1273,33.9145],[134.1273,33.9143],[134.1272,33.914],[134.1271,33.9135],[134.1271,33.9134],[134.1264,33.913],[134.1262,33.9128],[134.1258,33.9126],[134.1254,33.9125],[134.1251,33.9123],[134.1249,33.9121],[134.1247,33.9117],[134.1243,33.9113],[134.1241,33.9111],[134.1242,33.9107],[134.1244,33.9102],[134.1246,33.9097],[134.1248,33.9093],[134.1252,33.9079],[134.1254,33.9066],[134.1254,33.9062],[134.1253,33.9056],[134.1255,33.9049],[134.1256,33.9041],[134.1256,33.9037],[134.1255,33.9033],[134.1255,33.9027],[134.1254,33.9025],[134.1254,33.9023],[134.1256,33.9019],[134.1257,33.9016],[134.1255,33.9013],[134.1255,33.9011],[134.1257,33.9007],[134.1256,33.9004],[134.1253,33.9],[134.1251,33.8994],[134.1251,33.8989],[134.1248,33.8985],[134.1247,33.8978],[134.1246,33.8974],[134.1244,33.8972],[134.1243,33.897],[134.1243,33.8967],[134.1245,33.896],[134.1244,33.8958],[134.124,33.8954],[134.1241,33.8951],[134.124,33.8948],[134.124,33.8943],[134.1236,33.8935],[134.1233,33.8932],[134.123,33.893],[134.1228,33.8927],[134.1228,33.8925],[134.1229,33.8922],[134.1229,33.8919],[134.1228,33.8915],[134.1226,33.8912],[134.1223,33.891],[134.1221,33.8907],[134.1219,33.8898],[134.1217,33.8895],[134.1215,33.8893],[134.1207,33.8888],[134.1201,33.8886],[134.1198,33.8885],[134.1194,33.8882],[134.1187,33.8881],[134.1182,33.8879],[134.1176,33.8879],[134.1172,33.8877],[134.1168,33.8875],[134.1165,33.8872],[134.1163,33.8868],[134.1154,33.8869],[134.1145,33.8871],[134.1135,33.887],[134.113,33.8868],[134.1116,33.8868],[134.1107,33.8868],[134.1102,33.8867],[134.1097,33.8865],[134.1094,33.8861],[134.1089,33.8858],[134.1085,33.8856],[134.1081,33.8853],[134.1079,33.885],[134.1074,33.8846],[134.1069,33.8844],[134.1064,33.8843],[134.106,33.884],[134.1057,33.8837],[134.1044,33.883],[134.1038,33.8828],[134.1037,33.8827],[134.1036,33.8824],[134.1032,33.8817],[134.103,33.8809],[134.1026,33.8803],[134.1025,33.8799],[134.1023,33.8798],[134.1019,33.8798],[134.1016,33.8796],[134.1012,33.8794],[134.1009,33.8792],[134.1005,33.8792],[134.0999,33.8791],[134.0997,33.879],[134.0993,33.8785],[134.0991,33.8784],[134.0986,33.8785],[134.0978,33.8788],[134.0969,33.8791],[134.0956,33.8795],[134.0948,33.8798],[134.0943,33.88],[134.0934,33.8801],[134.093,33.8801],[134.0926,33.88],[134.0923,33.8799],[134.0921,33.8797],[134.0918,33.8791],[134.0918,33.8786],[134.0916,33.8784],[134.0914,33.8784],[134.0906,33.8785],[134.0901,33.8786],[134.0898,33.8786],[134.0893,33.8785],[134.089,33.8783],[134.0891,33.8778],[134.0894,33.8771],[134.0896,33.8764],[134.0896,33.8755],[134.0899,33.8746],[134.0899,33.8742]]]},"properties":{"N03_001":"徳島県","N03_002":"","N03_003":"","N03_004":"美馬市","N03_007":"36207"}},
{"type":"Feature","geometry":{"type":"Polygon","coordinates":[[[133.8202,34.074],[133.82,34.0737],[133.8197,34.0734],[133.8189,34.073],[133.8182,34.0725],[133.8177,34.0722],[133.8174,34.0722],[133.8171,34.0722],[133.8167,34.0724],[133.8158,34.073],[133.8154,34.0732],[133.815,34.0733],[133.8146,34.0733],[133.8141,34.0733],[133.8135,34.0732],[133.813,34.073],[133.8124,34.0728],[133.8113,34.0726],[133.8103,34.0726],[133.8101,34.0724],[133.8097,34.0722],[133.8094,34.072],[133.809,34.0719],[133.8083,34.0719],[133.8077,34.0718],[133.807,34.0715],[133.8063,34.0713],[133.8056,34.071],[133.805,34.0707],[133.8044,34.0705],[133.8037,34.0705],[133.8026,34.0701],[133.8018,34.0701],[133.8014,34.07],[133.801,34.0698],[133.8001,34.0695],[133.7996,34.0695],[133.7978,34.0698],[133.7974,34.0699],[133.797,34.0701],[133.7963,34.0702],[133.7958,34.0704],[133.7955,34.0706],[133.7948,34.0713],[133.7943,34.0718],[133.7937,34.0725],[133.7934,34.0729],[133.7931,34.0732],[133.7921,34.0738],[133.7915,34.0746],[133.7911,34.0749],[133.7904,34.0753],[133.7901,34.0756],[133.79,34.0759],[133.79,34.0761],[133.7901,34.0764],[133.7904,34.0766],[133.791,34.077],[133.7919,34.0777],[133.792,34.0779],[133.7918,34.0781],[133.7916,34.0782],[133.7911,34.0781],[133.7904,34.0781],[133.7901,34.0781],[133.7894,34.0778],[133.7888,34.0778],[133.7872,34.078],[133.7869,34.0781],[133.7865,34.0784],[133.7861,34.0786],[133.7858,34.0787],[133.7857,34.0789],[133.7857,34.0792],[133.7855,34.0796],[133.7853,34.0798],[133.7849,34.0799],[133.784,34.0799],[133.7836,34.0799],[133.7833,34.0801],[133.7828,34.0802],[133.7823,34.0802],[133.782,34.0801],[133.7813,34.0798],[133.7807,34.0795],[133.7799,34.0792],[133.7794,34.0792],[133.7789,34.0794],[133.7785,34.0795],[133.7783,34.0793],[133.7782,34.0791],[133.778,34.0789],[133.778,34.0783],[133.7779,34.078],[133.778,34.0775],[133.778,34.0773],[133.7775,34.0765],[133.7772,34.076],[133.777,34.0757],[133.7763,34.0753],[133.7758,34.0749],[133.7754,34.0746],[133.775,34.0743],[133.7744,34.0741],[133.7741,34.0739],[133.7733,34.0736],[133.7731,34.0734],[133.7727,34.0727],[133.7726,34.0726],[133.7723,34.0727],[133.7719,34.0728],[133.7714,34.073],[133.7711,34.0731],[133.7708,34.0729],[133.7702,34.0726],[133.7698,34.0725],[133.7691,34.0725],[133.7689,34.0726],[133.7688,34.0728],[133.7688,34.0732],[133.7685,34.0733],[133.7682,34.073],[133.7678,34.0723],[133.7675,34.0721],[133.7672,34.0721],[133.767,34.0721],[133.7667,34.0719],[133.7663,34.0715],[133.7657,34.0712],[133.765,34.0709],[133.7643,34.0707],[133.7638,34.0701],[133.7634,34.0698],[133.7635,34.0692],[133.7636,34.0688],[133.7635,34.0683],[133.7634,34.0677],[133.7634,34.0668],[133.7633,34.0667],[133.7625,34.0665],[133.7621,34.0663],[133.7619,34.0661],[133.7616,34.0655],[133.7612,34.065],[133.7603,34.0646],[133.7602,34.0643],[133.7602,34.0637],[133.7601,34.0635],[133.7594,34.063],[133.7592,34.0627],[133.7587,34.0624],[133.7586,34.0622],[133.7586,34.062],[133.7588,34.0617],[133.7588,34.0613],[133.7585,34.0611],[133.7577,34.0605],[133.7574,34.0602],[133.7572,34.0598],[133.757,34.0596],[133.7565,34.0593],[133.7556,34.0591],[133.7554,34.059],[133.7549,34.059],[133.7545,34.0589],[133.7543,34.0587],[133.7541,34.0585],[133.7533,34.0576],[133.7527,34.0569],[133.7525,34.0567],[133.7523,34.0566],[133.7514,34.0567],[133.751,34.0566],[133.7499,34.0553],[133.7497,34.0547],[133.7495,34.0543],[133.7493,34.0541],[133.7488,34.0538],[133.7486,34.0535],[133.7483,34.0534],[133.7474,34.053],[133.7468,34.053],[133.7463,34.0526],[133.7459,34.0524],[133.7453,34.0523],[133.7444,34.0523],[133.7439,34.0519],[133.7434,34.0517],[133.743,34.0514],[133.7418,34.0505],[133.7412,34.0505],[133.7409,34.0504],[133.7405,34.0502],[133.7402,34.0496],[133.7399,34.0494],[133.7389,34.0488],[133.7385,34.0483],[133.7383,34.0482],[133.7372,34.0476],[133.737,34.0474],[133.7364,34.047],[133.7359,34.0466],[133.7353,34.0464],[133.7347,34.0458],[133.7341,34.0455],[133.7336,34.0452],[133.733,34.0449],[133.7322,34.0447],[133.7314,34.0444],[133.7312,34.0442],[133.731,34.0441],[133.73,34.0441],[133.7296,34.0442],[133.7292,34.0442],[133.729,34.0442],[133.7288,34.0439],[133.7288,34.0435],[133.7286,34.0433],[133.7282,34.0427],[133.7282,34.0425],[133.7281,34.0419],[133.7279,34.0414],[133.7278,34.0411],[133.7274,34.0406],[133.7266,34.0395],[133.7264,34.039],[133.7258,34.0388],[133.7257,34.0387],[133.7255,34.0381],[133.7252,34.0378],[133.7249,34.0376],[133.724,34.037],[133.7233,34.0367],[133.7231,34.0365],[133.7231,34.0361],[133.7229,34.0354],[133.7226,34.0346],[133.7224,34.0342],[133.7225,34.0335],[133.7222,34.0328],[133.7222,34.0325],[133.7221,34.032],[133.722,34.0313],[133.7218,34.0306],[133.7218,34.0302],[133.7218,34.0298],[133.7219,34.0295],[133.7221,34.0293],[133.7223,34.0289],[133.7223,34.0286],[133.7222,34.0284],[133.7222,34.0278],[133.7221,34.0264],[133.7221,34.0261],[133.7223,34.0258],[133.7224,34.0257],[133.7228,34.0256],[133.723,34.0254],[133.7229,34.025],[133.7227,34.0243],[133.7223,34.0233],[133.722,34.0229],[133.7218,34.0226],[133.7213,34.0223],[133.7208,34.0221],[133.7199,34.0218],[133.7192,34.0217],[133.7187,34.0215],[133.7177,34.0206],[133.7173,34.0204],[133.7165,34.0202],[133.7163,34.0201],[133.7158,34.0197],[133.7155,34.0195],[133.7147,34.019],[133.7145,34.0188],[133.7144,34.0186],[133.7144,34.0181],[133.7141,34.0177],[133.7137,34.0174],[133.7134,34.0174],[133.7123,34.0174],[133.711,34.0171],[133.7107,34.017],[133.7103,34.0166],[133.7101,34.0164],[133.7098,34.0162],[133.7097,34.0161],[133.7097,34.0158],[133.7094,34.0155],[133.7092,34.0154],[133.7088,34.0154],[133.7084,34.0155],[133.7072,34.0159],[133.7062,34.016],[133.7051,34.0161],[133.7037,34.0163],[133.7035,34.0164],[133.7031,34.017],[133.7019,34.0177],[133.7012,34.0179],[133.7008,34.0179],[133.7004,34.0179],[133.7003,34.0178],[133.6998,34.0174],[133.6994,34.0171],[133.6984,34.0162],[133.6981,34.016],[133.6974,34.0157],[133.6969,34.0156],[133.6962,34.0154],[133.6955,34.0154],[133.6948,34.0153],[133.6943,34.0151],[133.6936,34.015],[133.6933,34.0146],[133.6927,34.0142],[133.6925,34.0139],[133.6919,34.0135],[133.6918,34.0132],[133.6917,34.013],[133.6917,34.0128],[133.6914,34.0131],[133.6912,34.0133],[133.6908,34.0134],[133.6904,34.0134],[133.69,34.0135],[133.6897,34.0134],[133.6895,34.0133],[133.6893,34.0129],[133.6888,34.0125],[133.6885,34.0124],[133.6878,34.0123],[133.6868,34.0123],[133.6863,34.0125],[133.6859,34.0128],[133.6855,34.0132],[133.6853,34.0132],[133.6849,34.0132],[133.6841,34.0128],[133.6838,34.0128],[133.6827,34.0128],[133.6816,34.0129],[133.6809,34.0128],[133.6803,34.0125],[133.6795,34.0125],[133.6792,34.012],[133.6792,34.0118],[133.6794,34.0115],[133.6797,34.0113],[133.6808,34.0107],[133.6811,34.0105],[133.6814,34.01],[133.6817,34.0094],[133.6822,34.0091],[133.6824,34.0088],[133.6827,34.008],[133.683,34.0076],[133.6833,34.0074],[133.6842,34.0074],[133.6845,34.0074],[133.685,34.0072],[133.6853,34.0068],[133.6856,34.0057],[133.6858,34.0048],[133.6857,34.0037],[133.6856,34.0035],[133.6846,34.0026],[133.683,34.0018],[133.6828,34.0017],[133.6825,34.0014],[133.6821,34.0009],[133.6818,34.0003],[133.6818,34.0001],[133.6821,33.9996],[133.6822,33.9992],[133.6821,33.9988],[133.682,33.9982],[133.6814,33.9971],[133.6807,33.9963],[133.6802,33.9959],[133.6798,33.9956],[133.6787,33.995],[133.6782,33.9948],[133.6777,33.9948],[133.6773,33.9943],[133.677,33.9935],[133.6765,33.9925],[133.6764,33.9921],[133.6763,33.9915],[133.6763,33.9909],[133.6764,33.9901],[133.6764,33.9898],[133.6765,33.9884],[133.6764,33.9878],[133.6762,33.987],[133.6761,33.9866],[133.6759,33.986],[133.6756,33.9855],[133.6755,33.9851],[133.6754,33.9844],[133.6752,33.984],[133.6751,33.9837],[133.6753,33.9835],[133.6758,33.9836],[133.676,33.9838],[133.6764,33.9842],[133.6767,33.9843],[133.6771,33.9843],[133.6775,33.9843],[133.6782,33.9841],[133.679,33.9841],[133.6794,33.9841],[133.6799,33.9843],[133.6803,33.9843],[133.6806,33.9842],[133.6817,33.9837],[133.682,33.9835],[133.6822,33.9833],[133.6821,33.9829],[133.6818,33.9824],[133.681,33.9815],[133.6809,33.9813],[133.6809,33.9811],[133.6809,33.9808],[133.6812,33.9803],[133.6812,33.98],[133.6812,33.9794],[133.6812,33.9791],[133.6814,33.9788],[133.6819,33.9786],[133.6826,33.9783],[133.683,33.978],[133.6832,33.9777],[133.6838,33.9772],[133.6841,33.9769],[133.6841,33.9767],[133.6841,33.9764],[133.6839,33.9762],[133.6834,33.9758],[133.6831,33.9755],[133.6829,33.9751],[133.6824,33.9748],[133.6815,33.9739],[133.6812,33.9736],[133.6811,33.9732],[133.6809,33.9719],[133.6806,33.9712],[133.6803,33.9702],[133.6804,33.97],[133.6805,33.9698],[133.6811,33.9695],[133.6822,33.9691],[133.6829,33.9689],[133.6831,33.9687],[133.6833,33.9682],[133.6833,33.9678],[133.6833,33.9676],[133.683,33.9672],[133.6827,33.9667],[133.6826,33.9658],[133.6827,33.9653],[133.683,33.9646],[133.6832,33.9645],[133.6835,33.9644],[133.6841,33.9642],[133.6849,33.9639],[133.6852,33.9639],[133.6857,33.964],[133.6861,33.964],[133.6862,33.9643],[133.686,33.9646],[133.6858,33.9648],[133.6858,33.965],[133.6861,33.9653],[133.6863,33.9654],[133.6866,33.9654],[133.6882,33.9647],[133.6894,33.9641],[133.6901,33.9637],[133.6913,33.9631],[133.6924,33.9625],[133.6922,33.9619],[133.692,33.9609],[133.6918,33.9605],[133.6908,33.9593],[133.6905,33.959],[133.6903,33.9587],[133.6894,33.9576],[133.689,33.9571],[133.6882,33.9563],[133.6874,33.9556],[133.6871,33.9553],[133.6871,33.9549],[133.6872,33.9546],[133.6876,33.9543],[133.6878,33.9539],[133.6887,33.9536],[133.689,33.9535],[133.6891,33.9534],[133.6895,33.9527],[133.6901,33.9519],[133.6902,33.9516],[133.6906,33.9509],[133.6908,33.9504],[133.6915,33.9496],[133.6917,33.949],[133.692,33.9486],[133.6921,33.9484],[133.6926,33.9478],[133.6928,33.9473],[133.6928,33.9468],[133.6928,33.9465],[133.6925,33.9461],[133.6926,33.945],[133.6925,33.9445],[133.6926,33.944],[133.6924,33.9436],[133.6923,33.9434],[133.6916,33.943],[133.6913,33.9427],[133.691,33.9424],[133.6905,33.942],[133.6902,33.9416],[133.6898,33.9414],[133.6894,33.9413],[133.6891,33.9411],[133.6889,33.9408],[133.6883,33.9403],[133.6871,33.9395],[133.6864,33.939],[133.6862,33.939],[133.6858,33.939],[133.6844,33.9391],[133.684,33.9391],[133.6836,33.9389],[133.6831,33.9386],[133.6828,33.9384],[133.6821,33.9383],[133.6818,33.9381],[133.6814,33.9376],[133.6813,33.9372],[133.6812,33.9368],[133.6811,33.9365],[133.6806,33.9362],[133.6804,33.9359],[133.6803,33.9357],[133.6803,33.9349],[133.6804,33.9347],[133.6802,33.9345],[133.6801,33.9344],[133.6795,33.9342],[133.6782,33.9337],[133.6777,33.9336],[133.677,33.9332],[133.6767,33.9331],[133.6765,33.9329],[133.6764,33.9325],[133.6759,33.9316],[133.6759,33.9313],[133.676,33.931],[133.6763,33.9303],[133.6763,33.9298],[133.6765,33.9281],[133.6765,33.9279],[133.6759,33.927],[133.6757,33.9266],[133.6757,33.9264],[133.6758,33.9262],[133.6761,33.9263],[133.6764,33.9264],[133.6769,33.9263],[133.6773,33.9263],[133.678,33.9262],[133.6786,33.9262],[133.679,33.926],[133.6793,33.926],[133.6809,33.9262],[133.6812,33.9261],[133.6815,33.9259],[133.6817,33.9258],[133.6824,33.9257],[133.6831,33.9257],[133.6835,33.926],[133.684,33.926],[133.6845,33.9259],[133.6849,33.9258],[133.6856,33.9257],[133.6866,33.9245],[133.6873,33.9234],[133.6876,33.9228],[133.6877,33.9224],[133.6879,33.9221],[133.6885,33.9216],[133.6888,33.9211],[133.6891,33.92],[133.6892,33.9195],[133.6892,33.9193],[133.6892,33.9189],[133.6894,33.9185],[133.6895,33.9183],[133.6901,33.9178],[133.6903,33.9175],[133.6904,33.9173],[133.6905,33.9163],[133.6905,33.9162],[133.6901,33.9162],[133.6888,33.916],[133.6884,33.9161],[133.6879,33.9163],[133.6877,33.9161],[133.6875,33.9158],[133.6875,33.9155],[133.6875,33.9153],[133.687,33.9149],[133.6868,33.9145],[133.6866,33.9144],[133.686,33.9141],[133.6859,33.9139],[133.6858,33.9135],[133.6856,33.9134],[133.6852,33.9131],[133.6849,33.9129],[133.6846,33.9127],[133.6843,33.9125],[133.6841,33.9124],[133.6836,33.9124],[133.6834,33.9123],[133.6829,33.9115],[133.6821,33.9104],[133.6819,33.9102],[133.6816,33.9103],[133.6812,33.9101],[133.6807,33.9099],[133.6801,33.9098],[133.6795,33.9097],[133.679,33.9097],[133.6787,33.9097],[133.6779,33.9097],[133.6776,33.9096],[133.6775,33.9091],[133.6774,33.9087],[133.6773,33.9085],[133.677,33.9082],[133.6769,33.908],[133.6769,33.9076],[133.6768,33.907],[133.6765,33.9063],[133.6764,33.9059],[133.6765,33.9057],[133.6766,33.9054],[133.6765,33.9051],[133.6762,33.9046],[133.6758,33.904],[133.675,33.9035],[133.6745,33.9032],[133.6749,33.9029],[133.675,33.9027],[133.6752,33.9022],[133.6756,33.9016],[133.6761,33.9011],[133.6762,33.9009],[133.6763,33.9004],[133.6763,33.8999],[133.6764,33.8997],[133.6767,33.8992],[133.6771,33.899],[133.6775,33.8988],[133.6777,33.8985],[133.6779,33.8979],[133.6781,33.8968],[133.678,33.896],[133.6779,33.8957],[133.6779,33.8953],[133.678,33.8947],[133.678,33.8941],[133.678,33.8933],[133.6779,33.8931],[133.6774,33.8928],[133.6764,33.8923],[133.676,33.8921],[133.6757,33.8918],[133.6754,33.8916],[133.6751,33.8914],[133.6747,33.8913],[133.674,33.891],[133.6737,33.8907],[133.6734,33.8905],[133.673,33.8902],[133.6725,33.8901],[133.6719,33.89],[133.6706,33.8894],[133.6702,33.889],[133.6699,33.8888],[133.6694,33.8885],[133.6693,33.8884],[133.669,33.8877],[133.6689,33.8875],[133.6686,33.8875],[133.6681,33.8877],[133.6674,33.8879],[133.6666,33.8881],[133.6663,33.888],[133.6659,33.8879],[133.6651,33.8876],[133.6649,33.8874],[133.6643,33.8872],[133.664,33.887],[133.6637,33.8868],[133.6635,33.8866],[133.6627,33.8863],[133.6619,33.8858],[133.6616,33.8854],[133.6614,33.8848],[133.6612,33.8845],[133.6609,33.8838],[133.6609,33.8834],[133.661,33.883],[133.661,33.8827],[133.661,33.8823],[133.6607,33.8818],[133.6613,33.8814],[133.6614,33.8813],[133.6615,33.8809],[133.6617,33.8805],[133.6618,33.88],[133.662,33.8794],[133.662,33.8792],[133.6617,33.8787],[133.6615,33.8783],[133.6614,33.878],[133.6613,33.8773],[133.6613,33.8768],[133.6614,33.8763],[133.6616,33.8758],[133.6618,33.8749],[133.6623,33.8738],[133.6625,33.8734],[133.6625,33.873],[133.6625,33.8727],[133.6624,33.8724],[133.6627,33.8718],[133.6627,33.8716],[133.6628,33.8709],[133.6629,33.8703],[133.6634,33.8699],[133.6639,33.8696],[133.6641,33.8691],[133.6643,33.8689],[133.6654,33.8687],[133.6658,33.8685],[133.6659,33.8677],[133.6661,33.867],[133.6664,33.866],[133.6667,33.8659],[133.6676,33.8659],[133.6684,33.8658],[133.6688,33.8656],[133.669,33.8656],[133.6696,33.8657],[133.6698,33.8655],[133.6701,33.8653],[133.6706,33.8652],[133.6711,33.8651],[133.6718,33.865],[133.6726,33.8646],[133.6732,33.8642],[133.6742,33.8634],[133.6745,33.863],[133.6745,33.8621],[133.6743,33.8611],[133.6743,33.8608],[133.6747,33.8605],[133.6755,33.8599],[133.6767,33.859],[133.6773,33.8586],[133.6777,33.8585],[133.6782,33.8587],[133.6789,33.8588],[133.6799,33.8592],[133.6803,33.8594],[133.6808,33.8595],[133.6811,33.8592],[133.6817,33.8591],[133.6829,33.8589],[133.6833,33.8588],[133.6835,33.8586],[133.6838,33.8583],[133.6839,33.8582],[133.6844,33.858],[133.6852,33.8577],[133.6856,33.8575],[133.686,33.8573],[133.6869,33.8566],[133.6873,33.8565],[133.6889,33.8569],[133.6902,33.8571],[133.6908,33.8571],[133.6915,33.857],[133.6919,33.8569],[133.6926,33.8569],[133.6934,33.8566],[133.6946,33.8564],[133.6949,33.8563],[133.6955,33.8552],[133.6959,33.8547],[133.6962,33.8543],[133.6963,33.8541],[133.6962,33.8538],[133.6963,33.8536],[133.6966,33.8532],[133.6973,33.8527],[133.6975,33.8525],[133.6975,33.8523],[133.6976,33.852],[133.6984,33.8517],[133.6991,33.8514],[133.7,33.8512],[133.7003,33.8511],[133.7005,33.8509],[133.7011,33.8502],[133.7013,33.8499],[133.7017,33.8498],[133.7024,33.8498],[133.7029,33.8499],[133.7033,33.8501],[133.7039,33.8502],[133.7041,33.8503],[133.7045,33.8504],[133.705,33.8508],[133.7055,33.8511],[133.7062,33.8514],[133.7068,33.8515],[133.7073,33.8517],[133.7076,33.8517],[133.7092,33.8513],[133.7096,33.8512],[133.7101,33.8512],[133.713,33.8511],[133.7139,33.8511],[133.7147,33.851],[133.7148,33.851],[133.7153,33.8509],[133.7156,33.8508],[133.7162,33.8502],[133.7168,33.8497],[133.7173,33.8495],[133.7178,33.8495],[133.719,33.8493],[133.7195,33.8493],[133.7198,33.8493],[133.7207,33.8495],[133.7214,33.8496],[133.7219,33.8497],[133.7225,33.8499],[133.723,33.85],[133.7237,33.8501],[133.7243,33.85],[133.725,33.8499],[133.7255,33.8498],[133.7262,33.8498],[133.7265,33.8499],[133.7273,33.8504],[133.7284,33.8509],[133.729,33.8511],[133.7302,33.851],[133.7308,33.8509],[133.7312,33.8507],[133.7318,33.8507],[133.7329,33.8502],[133.7334,33.85],[133.7338,33.8499],[133.7342,33.8498],[133.735,33.8496],[133.7352,33.8495],[133.7357,33.8497],[133.7367,33.8497],[133.7377,33.8499],[133.738,33.8499],[133.7383,33.8497],[133.7388,33.8493],[133.7392,33.8487],[133.7399,33.8482],[133.7402,33.8478],[133.7403,33.8474],[133.7405,33.8469],[133.7408,33.8463],[133.7409,33.846],[133.7409,33.8454],[133.7409,33.8452],[133.7411,33.8448],[133.7411,33.8444],[133.741,33.8437],[133.7408,33.8434],[133.7408,33.8429],[133.7409,33.8426],[133.7412,33.8424],[133.7416,33.8422],[133.7421,33.8419],[133.7426,33.8416],[133.7433,33.8411],[133.7438,33.8409],[133.7441,33.8406],[133.7444,33.8403],[133.7446,33.8401],[133.7447,33.8396],[133.7449,33.8394],[133.7452,33.8392],[133.7455,33.8388],[133.7459,33.8383],[133.7464,33.8381],[133.747,33.8377],[133.7473,33.8373],[133.7474,33.8369],[133.748,33.8368],[133.7482,33.8368],[133.7491,33.8369],[133.7499,33.8368],[133.7515,33.8367],[133.752,33.8367],[133.7527,33.8369],[133.753,33.8371],[133.7534,33.8371],[133.7538,33.837],[133.7548,33.8367],[133.7551,33.8367],[133.7554,33.8365],[133.7562,33.8364],[133.7565,33.8365],[133.757,33.8367],[133.7574,33.8367],[133.7581,33.8369],[133.759,33.8374],[133.7598,33.8379],[133.7618,33.8387],[133.7623,33.8389],[133.7627,33.839],[133.7634,33.839],[133.7637,33.8391],[133.764,33.8393],[133.7649,33.84],[133.7654,33.8401],[133.766,33.8403],[133.7664,33.8403],[133.7668,33.8403],[133.7673,33.8401],[133.768,33.8398],[133.7684,33.8396],[133.7689,33.8396],[133.7694,33.8397],[133.7697,33.8397],[133.7701,33.8395],[133.7704,33.8395],[133.7712,33.8396],[133.7718,33.8397],[133.7724,33.8397],[133.7733,33.8399],[133.7737,33.8404],[133.7746,33.841],[133.7748,33.8412],[133.7751,33.8417],[133.7754,33.842],[133.7758,33.8423],[133.7762,33.8423],[133.777,33.8423],[133.7778,33.8421],[133.7783,33.842],[133.7793,33.842],[133.7801,33.8419],[133.7807,33.842],[133.7809,33.842],[133.7812,33.8417],[133.7816,33.8416],[133.7821,33.8416],[133.7824,33.8414],[133.783,33.8412],[133.7832,33.8411],[133.7843,33.8412],[133.7846,33.8412],[133.7848,33.8413],[133.7849,33.8416],[133.785,33.8419],[133.7852,33.8423],[133.7854,33.8424],[133.7857,33.8424],[133.7859,33.8424],[133.7867,33.8418],[133.7867,33.8416],[133.7867,33.8413],[133.7867,33.8408],[133.7869,33.8403],[133.7871,33.8396],[133.7875,33.8385],[133.7879,33.8378],[133.7882,33.8371],[133.7883,33.8367],[133.7885,33.8363],[133.7886,33.8362],[133.7893,33.8365],[133.7896,33.8366],[133.7897,33.8367],[133.7899,33.8367],[133.7907,33.8368],[133.7912,33.8367],[133.7916,33.8367],[133.7921,33.8365],[133.7927,33.8364],[133.7946,33.8364],[133.7952,33.8365],[133.7964,33.8364],[133.7969,33.8363],[133.7975,33.8364],[133.7979,33.8365],[133.7982,33.8367],[133.7986,33.8369],[133.7989,33.8373],[133.7993,33.8375],[133.7996,33.8374],[133.8002,33.8372],[133.8012,33.8371],[133.8021,33.8373],[133.8027,33.8373],[133.8035,33.8371],[133.8038,33.8371],[133.8043,33.8371],[133.8047,33.8371],[133.805,33.837],[133.806,33.8364],[133.8062,33.8364],[133.8066,33.8365],[133.8069,33.8367],[133.8072,33.8368],[133.8076,33.8372],[133.8081,33.8376],[133.8086,33.8379],[133.809,33.838],[133.8099,33.8381],[133.811,33.838],[133.8118,33.838],[133.8126,33.8378],[133.814,33.8376],[133.8148,33.8375],[133.8157,33.8375],[133.8171,33.8373],[133.8178,33.8373],[133.8186,33.8374],[133.8192,33.8375],[133.8194,33.8377],[133.8195,33.8379],[133.8194,33.8386],[133.8196,33.8388],[133.8202,33.839],[133.8209,33.8395],[133.8215,33.8398],[133.8221,33.8403],[133.8226,33.8407],[133.8235,33.8411],[133.8241,33.8415],[133.8247,33.8418],[133.8254,33.8423],[133.8262,33.8428],[133.827,33.8435],[133.8278,33.8441],[133.8285,33.8447],[133.8294,33.8448],[133.8299,33.8448],[133.8307,33.8446],[133.8313,33.8446],[133.8326,33.8441],[133.8331,33.844],[133.8334,33.8441],[133.8339,33.8443],[133.8342,33.8444],[133.8344,33.8444],[133.8353,33.8443],[133.8355,33.8444],[133.8361,33.8449],[133.8364,33.8451],[133.8368,33.8453],[133.8373,33.8454],[133.838,33.8453],[133.8384,33.8453],[133.8387,33.8452],[133.839,33.8449],[133.8393,33.8444],[133.8398,33.8439],[133.8402,33.8434],[133.8408,33.8431],[133.8413,33.8426],[133.8417,33.8416],[133.8422,33.8406],[133.8426,33.84],[133.8428,33.8398],[133.8432,33.8395],[133.8434,33.8394],[133.844,33.8394],[133.8441,33.8393],[133.8442,33.8389],[133.8439,33.8381],[133.844,33.838],[133.8445,33.8375],[133.8448,33.8374],[133.8452,33.8373],[133.8459,33.837],[133.8465,33.8367],[133.8469,33.8363],[133.8476,33.836],[133.8479,33.8356],[133.8482,33.8354],[133.8484,33.8353],[133.849,33.8353],[133.8494,33.8352],[133.8499,33.8349],[133.8502,33.8349],[133.8505,33.835],[133.8511,33.8352],[133.8513,33.8352],[133.8514,33.835],[133.8517,33.8345],[133.8521,33.8343],[133.8523,33.8343],[133.853,33.8344],[133.8535,33.8346],[133.8538,33.8344],[133.8538,33.8339],[133.8539,33.8331],[133.854,33.8328],[133.8545,33.832],[133.8549,33.8317],[133.855,33.8314],[133.8551,33.831],[133.8552,33.8305],[133.8554,33.8301],[133.8557,33.8298],[133.856,33.8291],[133.8564,33.8284],[133.8569,33.8279],[133.8571,33.8278],[133.8576,33.8277],[133.8578,33.8276],[133.8581,33.827],[133.8585,33.8268],[133.8592,33.8264],[133.8597,33.8261],[133.8601,33.8257],[133.8605,33.8252],[133.8609,33.8247],[133.8614,33.8243],[133.862,33.8237],[133.8626,33.8229],[133.8631,33.8223],[133.8635,33.8217],[133.8636,33.8215],[133.8644,33.8212],[133.8646,33.821],[133.8655,33.82],[133.8662,33.8194],[133.8664,33.8192],[133.8664,33.8189],[133.8665,33.8185],[133.8666,33.8182],[133.8669,33.8178],[133.8674,33.8171],[133.8678,33.8167],[133.8681,33.8164],[133.8682,33.8156],[133.8684,33.8152],[133.8689,33.8145],[133.8693,33.814],[133.8697,33.8137],[133.8699,33.8134],[133.8705,33.8128],[133.8709,33.8121],[133.8711,33.8116],[133.8712,33.811],[133.8714,33.8108],[133.8721,33.8105],[133.8725,33.8102],[133.8725,33.81],[133.8724,33.8096],[133.8722,33.8093],[133.8719,33.8089],[133.8718,33.8086],[133.872,33.8081],[133.8722,33.8075],[133.8722,33.8071],[133.8721,33.8068],[133.8722,33.8066],[133.8724,33.8062],[133.8731,33.806],[133.8735,33.8059],[133.8743,33.8061],[133.8746,33.8061],[133.8752,33.8058],[133.8755,33.8058],[133.8758,33.8058],[133.8767,33.8059],[133.8773,33.8058],[133.8778,33.8054],[133.8781,33.8052],[133.8784,33.8052],[133.8788,33.8052],[133.8792,33.8052],[133.88,33.8051],[133.8803,33.8051],[133.8809,33.8051],[133.8816,33.8053],[133.8823,33.8053],[133.8827,33.8054],[133.883,33.8053],[133.8836,33.805],[133.884,33.8047],[133.8848,33.8036],[133.8849,33.8034],[133.8853,33.8033],[133.8862,33.8033],[133.887,33.803],[133.8877,33.803],[133.8889,33.8031],[133.8902,33.8033],[133.8908,33.8034],[133.8911,33.8036],[133.8919,33.8043],[133.8922,33.8046],[133.8926,33.8048],[133.8931,33.805],[133.8934,33.8049],[133.8937,33.8047],[133.8953,33.8032],[133.896,33.8024],[133.8964,33.8016],[133.8965,33.8011],[133.8974,33.8001],[133.8986,33.7979],[133.8989,33.7977],[133.8998,33.7971],[133.9001,33.7967],[133.9004,33.7961],[133.9008,33.7951],[133.9011,33.7944],[133.9014,33.794],[133.9018,33.7937],[133.9024,33.7936],[133.9029,33.7937],[133.9043,33.7943],[133.9056,33.7943],[133.9059,33.7944],[133.9065,33.7947],[133.9071,33.7948],[133.9076,33.795],[133.9078,33.7952],[133.908,33.7952],[133.9092,33.7943],[133.9097,33.7938],[133.9101,33.7937],[133.9108,33.7936],[133.9116,33.7932],[133.9121,33.7926],[133.9125,33.7919],[133.9128,33.7914],[133.9131,33.7912],[133.9134,33.7912],[133.9136,33.7913],[133.9136,33.7915],[133.9138,33.792],[133.9143,33.7925],[133.9149,33.7931],[133.9151,33.7937],[133.9153,33.7939],[133.9163,33.7939],[133.9165,33.794],[133.9171,33.7945],[133.9176,33.7952],[133.9182,33.7956],[133.9188,33.7962],[133.9191,33.7966],[133.9192,33.7973],[133.9193,33.7976],[133.9195,33.7978],[133.9199,33.7979],[133.921,33.7979],[133.9216,33.798],[133.9224,33.7984],[133.923,33.7985],[133.9239,33.7985],[133.9241,33.7986],[133.9243,33.7987],[133.9247,33.8003],[133.9249,33.8006],[133.9251,33.8006],[133.9261,33.8005],[133.9273,33.8001],[133.9284,33.7998],[133.9292,33.7997],[133.9302,33.7997],[133.9314,33.8],[133.9319,33.8],[133.9324,33.7998],[133.9339,33.7991],[133.9345,33.799],[133.9355,33.799],[133.9361,33.799],[133.9365,33.7991],[133.9371,33.7994],[133.9379,33.8001],[133.9381,33.8001],[133.9397,33.7994],[133.9407,33.7992],[133.9413,33.7992],[133.942,33.7998],[133.9433,33.801],[133.9448,33.802],[133.9461,33.8029],[133.9471,33.8034],[133.9475,33.8037],[133.9485,33.8052],[133.9488,33.8059],[133.9489,33.8062],[133.9488,33.8066],[133.9491,33.8071],[133.9494,33.8077],[133.9495,33.8082],[133.9497,33.8085],[133.9501,33.8087],[133.9506,33.809],[133.9508,33.8094],[133.9511,33.8101],[133.9512,33.8105],[133.951,33.811],[133.9508,33.812],[133.9508,33.8123],[133.9515,33.8132],[133.9516,33.8135],[133.9518,33.814],[133.9522,33.8144],[133.9524,33.8149],[133.9526,33.8152],[133.9527,33.8155],[133.9527,33.8158],[133.9525,33.817],[133.9526,33.8174],[133.9528,33.8179],[133.9531,33.8183],[133.9531,33.8187],[133.9529,33.8191],[133.9521,33.8204],[133.9521,33.8212],[133.9524,33.822],[133.9524,33.8225],[133.9525,33.8228],[133.9529,33.8232],[133.9531,33.8237],[133.9529,33.824],[133.9523,33.8248],[133.952,33.8252],[133.952,33.8258],[133.952,33.8267],[133.9519,33.8273],[133.9517,33.8278],[133.9511,33.8287],[133.9511,33.8289],[133.9513,33.8292],[133.952,33.8296],[133.9532,33.8301],[133.9543,33.8305],[133.9549,33.8308],[133.9557,33.831],[133.9566,33.8312],[133.9574,33.8315],[133.9571,33.832],[133.9571,33.8325],[133.9573,33.8334],[133.9578,33.8339],[133.9587,33.8343],[133.9598,33.8347],[133.9611,33.8349],[133.9638,33.8351],[133.9655,33.8354],[133.9674,33.8356],[133.9678,33.8358],[133.9684,33.8362],[133.9691,33.8363],[133.97,33.8365],[133.9707,33.8365],[133.9715,33.8365],[133.9725,33.8364],[133.9743,33.8364],[133.9748,33.8364],[133.9751,33.8365],[133.9753,33.8367],[133.9766,33.837],[133.9774,33.8373],[133.9778,33.8374],[133.9783,33.8374],[133.9791,33.8375],[133.9794,33.8378],[133.9802,33.8382],[133.9808,33.8386],[133.9814,33.839],[133.9823,33.8404],[133.9826,33.8406],[133.9831,33.8408],[133.9841,33.8409],[133.9847,33.8408],[133.9852,33.8408],[133.9856,33.8406],[133.9861,33.8402],[133.9865,33.8399],[133.9873,33.8396],[133.9875,33.8395],[133.9875,33.8393],[133.9875,33.8389],[133.9874,33.8385],[133.9874,33.8382],[133.9875,33.8377],[133.9874,33.8371],[133.9871,33.8367],[133.9877,33.8357],[133.9879,33.8351],[133.9883,33.8334],[133.9885,33.833],[133.9902,33.831],[133.9903,33.8307],[133.9903,33.8302],[133.99,33.8291],[133.9899,33.8286],[133.9901,33.8281],[133.9904,33.8277],[133.9908,33.8272],[133.9914,33.8267],[133.9922,33.8261],[133.9926,33.8255],[133.9931,33.8252],[133.9935,33.8248],[133.9943,33.8236],[133.9952,33.8227],[133.9955,33.8222],[133.9959,33.8219],[133.997,33.8214],[133.9973,33.8212],[133.9977,33.8211],[133.9983,33.8212],[133.9989,33.8211],[133.9996,33.8213],[134.0012,33.8218],[134.0019,33.822],[134.0023,33.822],[134.003,33.8219],[134.0056,33.8214],[134.0067,33.8215],[134.0074,33.8214],[134.0083,33.8216],[134.0089,33.8216],[134.0094,33.8217],[134.0098,33.8218],[134.0106,33.8218],[134.0123,33.8218],[134.0126,33.8218],[134.0131,33.822],[134.0148,33.8231],[134.0151,33.8232],[134.0154,33.8233],[134.0157,33.8232],[134.0162,33.8231],[134.0168,33.8231],[134.0173,33.8232],[134.0184,33.8235],[134.0194,33.8239],[134.0204,33.8244],[134.0209,33.8245],[134.0215,33.8246],[134.0234,33.8247],[134.0236,33.8248],[134.0237,33.8251],[134.0238,33.8254],[134.0242,33.8259],[134.0244,33.8261],[134.0257,33.8267],[134.0261,33.827],[134.0264,33.8273],[134.0267,33.8274],[134.0282,33.8278],[134.0294,33.8278],[134.0303,33.8282],[134.031,33.8283],[134.0315,33.8284],[134.0327,33.8284],[134.0328,33.8284],[134.0334,33.8286],[134.034,33.8288],[134.0346,33.8295],[134.0351,33.8298],[134.0354,33.8301],[134.0357,33.8304],[134.0361,33.8311],[134.0368,33.8317],[134.0373,33.8325],[134.0376,33.8328],[134.0377,33.8332],[134.0377,33.8337],[134.0377,33.8338],[134.0383,33.8344],[134.0387,33.8348],[134.039,33.8349],[134.0396,33.835],[134.0398,33.835],[134.041,33.8345],[134.0414,33.8343],[134.0433,33.8342],[134.044,33.8341],[134.0447,33.8339],[134.045,33.8339],[134.0456,33.8341],[134.0459,33.8341],[134.0475,33.8342],[134.0484,33.8342],[134.0488,33.8341],[134.0491,33.8341],[134.0495,33.8343],[134.0498,33.8346],[134.0501,33.8351],[134.0503,33.8352],[134.0514,33.8354],[134.0521,33.8356],[134.0528,33.8361],[134.0537,33.8368],[134.0542,33.837],[134.055,33.837],[134.0554,33.8371],[134.0557,33.8372],[134.0575,33.8376],[134.058,33.8377],[134.059,33.8375],[134.0596,33.8375],[134.0601,33.8376],[134.0612,33.838],[134.0617,33.8382],[134.0619,33.8384],[134.0623,33.8386],[134.0627,33.8388],[134.0637,33.8395],[134.0639,33.8396],[134.0646,33.8398],[134.0647,33.8399],[134.0648,33.8404],[134.0649,33.8407],[134.065,33.841],[134.0652,33.8411],[134.0658,33.8412],[134.0667,33.8415],[134.0673,33.8419],[134.0679,33.8422],[134.0687,33.8426],[134.0692,33.8429],[134.0695,33.8431],[134.07,33.843],[134.0706,33.843],[134.0713,33.8432],[134.072,33.8435],[134.0726,33.8438],[134.0733,33.8441],[134.074,33.8443],[134.0747,33.8445],[134.075,33.8446],[134.0755,33.8449],[134.0764,33.8451],[134.0771,33.8454],[134.0775,33.8456],[134.0779,33.8459],[134.0783,33.846],[134.0785,33.846],[134.0795,33.8455],[134.0801,33.8454],[134.0806,33.8453],[134.0809,33.8452],[134.0815,33.8452],[134.0822,33.8452],[134.0828,33.845],[134.0831,33.8448],[134.0833,33.8447],[134.0833,33.8444],[134.0838,33.8442],[134.0844,33.8441],[134.0848,33.844],[134.0854,33.844],[134.0856,33.8443],[134.0858,33.8447],[134.0864,33.8455],[134.0868,33.8462],[134.0869,33.8466],[134.0873,33.8473],[134.0878,33.848],[134.0882,33.8482],[134.0886,33.8488],[134.0895,33.8494],[134.0901,33.8496],[134.0904,33.8498],[134.0907,33.8501],[134.091,33.8504],[134.0915,33.8517],[134.0917,33.8521],[134.0919,33.8523],[134.0922,33.8525],[134.0931,33.8527],[134.0936,33.853],[134.0944,33.8537],[134.0947,33.8543],[134.0954,33.855],[134.096,33.855],[134.0959,33.8553],[134.0958,33.856],[134.0958,33.8563],[134.0957,33.857],[134.0955,33.8575],[134.0954,33.8581],[134.0952,33.8584],[134.0946,33.8588],[134.0943,33.859],[134.0941,33.8593],[134.0938,33.8595],[134.0932,33.8601],[134.0931,33.8605],[134.0929,33.8608],[134.0927,33.8613],[134.0925,33.8621],[134.0924,33.8624],[134.0918,33.8628],[134.0916,33.863],[134.0912,33.8634],[134.0911,33.8637],[134.0911,33.8647],[134.0911,33.8649],[134.0908,33.8652],[134.0907,33.8655],[134.0908,33.8661],[134.091,33.8668],[134.091,33.8671],[134.0912,33.8678],[134.0914,33.8686],[134.0914,33.8689],[134.0913,33.8692],[134.0913,33.8696],[134.0913,33.8701],[134.0913,33.8704],[134.0914,33.8706],[134.0913,33.8713],[134.0914,33.8717],[134.0914,33.872],[134.0913,33.8725],[134.0912,33.8729],[134.0912,33.8732],[134.091,33.8733],[134.0905,33.8737],[134.0903,33.874],[134.0899,33.8742],[134.0893,33.8743],[134.0881,33.8742],[134.0875,33.8741],[134.087,33.874],[134.0865,33.8735],[134.0862,33.8734],[134.0858,33.8732],[134.0855,33.8731],[134.0849,33.8731],[134.0839,33.8728],[134.0833,33.8725],[134.0825,33.8724],[134.0815,33.8722],[134.0807,33.872],[134.0798,33.8717],[134.0791,33.8716],[134.0784,33.8716],[134.0778,33.8715],[134.0774,33.8715],[134.077,33.8712],[134.0768,33.8712],[134.0762,33.8714],[134.0756,33.8715],[134.0742,33.8716],[134.0732,33.8718],[134.0728,33.8719],[134.0722,33.8721],[134.0718,33.8722],[134.0713,33.8723],[134.0708,33.8723],[134.0696,33.8722],[134.0691,33.8721],[134.0686,33.8718],[134.0685,33.8717],[134.068,33.8717],[134.0667,33.872],[134.0661,33.872],[134.0657,33.872],[134.0653,33.8719],[134.0645,33.8714],[134.0639,33.8707],[134.0636,33.8704],[134.0631,33.8702],[134.0628,33.87],[134.0626,33.8699],[134.0623,33.8699],[134.0619,33.8699],[134.0616,33.8701],[134.0609,33.8704],[134.0604,33.8706],[134.0595,33.8705],[134.0591,33.8705],[134.058,33.8707],[134.0578,33.8708],[134.0572,33.8712],[134.0569,33.8714],[134.0565,33.8715],[134.0559,33.8716],[134.0551,33.8717],[134.054,33.872],[134.0533,33.8722],[134.0528,33.8722],[134.0523,33.8721],[134.0515,33.8719],[134.0502,33.8713],[134.0492,33.8711],[134.0487,33.8709],[134.0487,33.8717],[134.0487,33.8722],[134.0486,33.8726],[134.0484,33.8732],[134.0482,33.8742],[134.0482,33.8746],[134.0482,33.8753],[134.0482,33.8755],[134.048,33.8757],[134.0476,33.8763],[134.0473,33.8766],[134.0469,33.8771],[134.0467,33.8772],[134.046,33.8774],[134.0459,33.8776],[134.0459,33.8782],[134.0456,33.8785],[134.0453,33.8789],[134.045,33.8795],[134.0448,33.8797],[134.0447,33.8799],[134.0441,33.8807],[134.0438,33.881],[134.0434,33.8818],[134.0433,33.882],[134.0433,33.8822],[134.0435,33.8834],[134.0433,33.8838],[134.0433,33.8841],[134.0433,33.8843],[134.0424,33.8855],[134.0424,33.8858],[134.0421,33.8864],[134.0416,33.8871],[134.0415,33.8873],[134.0416,33.8875],[134.0419,33.8879],[134.0424,33.8884],[134.0429,33.8888],[134.043,33.8889],[134.0431,33.8892],[134.0432,33.8895],[134.0441,33.8903],[134.0446,33.8911],[134.0448,33.8913],[134.0453,33.892],[134.0458,33.8925],[134.0459,33.8928],[134.0462,33.8935],[134.0466,33.8939],[134.0471,33.8944],[134.0475,33.8951],[134.0474,33.8953],[134.047,33.8953],[134.0455,33.8961],[134.0453,33.8965],[134.0452,33.8968],[134.0449,33.8971],[134.044,33.8974],[134.0427,33.8978],[134.0425,33.8979],[134.042,33.8978],[134.0412,33.8974],[134.0409,33.8973],[134.0404,33.8974],[134.0402,33.8976],[134.0395,33.8981],[134.039,33.8985],[134.0387,33.8987],[134.0382,33.8988],[134.0381,33.8989],[134.0375,33.8994],[134.0373,33.8996],[134.0368,33.8997],[134.0363,33.8999],[134.0359,33.9001],[134.035,33.9005],[134.0346,33.9006],[134.0342,33.9007],[134.0336,33.9007],[134.0328,33.9006],[134.0322,33.9006],[134.0314,33.9009],[134.0308,33.9009],[134.0303,33.9007],[134.0298,33.9002],[134.0291,33.8994],[134.0285,33.899],[134.0279,33.8989],[134.0269,33.8984],[134.0255,33.8989],[134.0246,33.8993],[134.0244,33.8993],[134.0238,33.8992],[134.023,33.8992],[134.0221,33.8993],[134.0217,33.8994],[134.0213,33.8995],[134.0206,33.8995],[134.0204,33.8996],[134.0195,33.9003],[134.0187,33.9008],[134.0183,33.901],[134.0179,33.9011],[134.0168,33.9011],[134.0165,33.901],[134.016,33.9008],[134.0159,33.9008],[134.0157,33.901],[134.0148,33.9022],[134.0143,33.9025],[134.0139,33.9028],[134.0134,33.9028],[134.013,33.903],[134.012,33.904],[134.0117,33.9041],[134.0111,33.9046],[134.0103,33.9054],[134.0098,33.9056],[134.0091,33.9057],[134.0088,33.9058],[134.0084,33.9061],[134.0077,33.9064],[134.007,33.9063],[134.0059,33.9062],[134.0055,33.9062],[134.005,33.9064],[134.0046,33.9066],[134.0042,33.9066],[134.0031,33.9064],[134.0028,33.9065],[134.0024,33.907],[134.0022,33.9074],[134.0017,33.9078],[134.0018,33.9084],[134.0019,33.9094],[134.0018,33.9097],[134.0014,33.9105],[134.0014,33.9111],[134.0014,33.9113],[134.0017,33.9116],[134.0017,33.9118],[134.0018,33.9123],[134.0018,33.9132],[134.0018,33.9135],[134.0015,33.9143],[134.0016,33.9145],[134.0019,33.9149],[134.0023,33.9153],[134.0029,33.9157],[134.0038,33.9172],[134.0038,33.9175],[134.0037,33.9177],[134.0034,33.9181],[134.0031,33.9186],[134.003,33.9191],[134.0028,33.9195],[134.0021,33.9197],[134.0009,33.9201],[134.0002,33.9201],[133.9997,33.9203],[133.9991,33.9203],[133.9987,33.9203],[133.9985,33.9205],[133.9981,33.9206],[133.9973,33.9209],[133.9969,33.9211],[133.9963,33.9213],[133.996,33.9215],[133.9958,33.9218],[133.9956,33.9221],[133.9953,33.9223],[133.9949,33.9224],[133.9945,33.9226],[133.9942,33.9226],[133.9939,33.9227],[133.9936,33.9228],[133.9934,33.923],[133.9927,33.9233],[133.9924,33.9232],[133.9915,33.9231],[133.991,33.9233],[133.9906,33.9233],[133.9903,33.9233],[133.9899,33.9232],[133.9894,33.9233],[133.9885,33.9234],[133.9875,33.9237],[133.9868,33.9238],[133.9863,33.9237],[133.9857,33.9238],[133.9853,33.9237],[133.9845,33.9238],[133.984,33.9238],[133.983,33.9236],[133.9826,33.9235],[133.9822,33.9235],[133.9813,33.9239],[133.9807,33.9241],[133.9804,33.9242],[133.9801,33.9243],[133.979,33.9245],[133.9778,33.9246],[133.9774,33.9248],[133.9771,33.9248],[133.9767,33.9248],[133.9758,33.9247],[133.9753,33.9249],[133.975,33.9252],[133.9749,33.926],[133.9749,33.9265],[133.9748,33.9267],[133.9744,33.927],[133.9744,33.9272],[133.9743,33.928],[133.9742,33.9282],[133.9739,33.9285],[133.9734,33.9287],[133.9729,33.9288],[133.9717,33.9291],[133.9714,33.9293],[133.9714,33.9297],[133.9712,33.9301],[133.9705,33.9307],[133.9702,33.931],[133.9696,33.9313],[133.9695,33.9313],[133.9696,33.9317],[133.9695,33.9321],[133.9694,33.9327],[133.9693,33.9329],[133.9689,33.9335],[133.9681,33.9346],[133.9679,33.9349],[133.9679,33.9352],[133.9674,33.9355],[133.9672,33.9358],[133.9669,33.9366],[133.9667,33.9374],[133.9666,33.9376],[133.9663,33.938],[133.9663,33.9382],[133.9663,33.9387],[133.9664,33.939],[133.9666,33.9393],[133.9669,33.9395],[133.9676,33.9398],[133.9678,33.94],[133.968,33.9402],[133.9683,33.9406],[133.969,33.9411],[133.9695,33.9416],[133.9697,33.9418],[133.9702,33.942],[133.9707,33.9424],[133.9711,33.9427],[133.9715,33.943],[133.9726,33.9435],[133.9729,33.9436],[133.9737,33.9444],[133.9738,33.9445],[133.9746,33.9448],[133.975,33.9451],[133.9755,33.9453],[133.9759,33.9455],[133.9766,33.9457],[133.9771,33.9459],[133.9773,33.9464],[133.9773,33.9471],[133.9773,33.9476],[133.9774,33.948],[133.9773,33.9482],[133.9769,33.9487],[133.9769,33.9492],[133.9765,33.9495],[133.9761,33.9502],[133.9757,33.9507],[133.9756,33.9512],[133.9754,33.9515],[133.9745,33.9521],[133.9735,33.9523],[133.9726,33.9524],[133.9725,33.9529],[133.9726,33.9533],[133.9729,33.9537],[133.973,33.9539],[133.9729,33.9545],[133.9731,33.9553],[133.9732,33.9556],[133.973,33.9561],[133.973,33.9567],[133.9731,33.9572],[133.9731,33.9574],[133.973,33.9578],[133.973,33.9584],[133.9725,33.9589],[133.9724,33.9592],[133.9724,33.9598],[133.9722,33.9602],[133.9709,33.9605],[133.9705,33.9606],[133.9701,33.9605],[133.9681,33.9607],[133.9679,33.9607],[133.9671,33.9613],[133.9664,33.9617],[133.9659,33.9618],[133.9655,33.9618],[133.9651,33.9617],[133.9645,33.9615],[133.964,33.9615],[133.9629,33.9617],[133.9625,33.9617],[133.9622,33.9616],[133.9618,33.9613],[133.9615,33.9612],[133.9611,33.961],[133.9604,33.9609],[133.9598,33.9608],[133.9594,33.9609],[133.9591,33.961],[133.9591,33.9613],[133.959,33.9615],[133.9589,33.9617],[133.9584,33.9619],[133.958,33.9621],[133.9579,33.9622],[133.9579,33.9626],[133.9578,33.9629],[133.9577,33.9633],[133.9575,33.9635],[133.9569,33.9637],[133.9561,33.9639],[133.9555,33.964],[133.9545,33.9639],[133.9544,33.9646],[133.9545,33.9651],[133.9547,33.9656],[133.955,33.9662],[133.955,33.9663],[133.9546,33.9667],[133.9546,33.9676],[133.9548,33.968],[133.955,33.9685],[133.955,33.9688],[133.9551,33.969],[133.9551,33.9693],[133.9551,33.9701],[133.9551,33.9702],[133.9553,33.9707],[133.9553,33.9709],[133.955,33.971],[133.9545,33.9711],[133.9541,33.9711],[133.9534,33.9713],[133.9528,33.9713],[133.9525,33.9714],[133.9517,33.9717],[133.9514,33.9722],[133.9511,33.9725],[133.9504,33.9729],[133.9503,33.9732],[133.9504,33.9739],[133.9503,33.9741],[133.9495,33.9745],[133.9486,33.9746],[133.9481,33.9746],[133.9472,33.9748],[133.9467,33.9748],[133.946,33.9751],[133.9451,33.9757],[133.9447,33.9758],[133.9444,33.9757],[133.9436,33.9752],[133.9429,33.9748],[133.9427,33.9747],[133.9422,33.9747],[133.9419,33.9747],[133.9412,33.9748],[133.9408,33.9747],[133.9404,33.9744],[133.9403,33.9744],[133.9395,33.9747],[133.9387,33.9746],[133.9382,33.9746],[133.938,33.9746],[133.9375,33.9742],[133.9371,33.9738],[133.9371,33.9735],[133.9365,33.9737],[133.9361,33.9739],[133.9353,33.9742],[133.9348,33.9746],[133.9345,33.9749],[133.934,33.9751],[133.9337,33.9752],[133.9333,33.9752],[133.9331,33.9751],[133.9327,33.9749],[133.9325,33.9749],[133.932,33.9749],[133.9317,33.9748],[133.931,33.9746],[133.9306,33.9743],[133.9301,33.9742],[133.9295,33.974],[133.9289,33.9737],[133.9286,33.974],[133.9282,33.9743],[133.9278,33.9744],[133.927,33.9743],[133.9262,33.9744],[133.9256,33.9746],[133.9252,33.9745],[133.9249,33.9745],[133.9246,33.9745],[133.9241,33.9748],[133.9237,33.9748],[133.9232,33.9748],[133.9223,33.9747],[133.922,33.9748],[133.9214,33.9746],[133.9212,33.9746],[133.921,33.9748],[133.9209,33.9751],[133.9207,33.9753],[133.9204,33.9754],[133.9197,33.976],[133.9196,33.9763],[133.9191,33.9767],[133.9188,33.9769],[133.9181,33.9769],[133.9182,33.9773],[133.9182,33.9777],[133.9181,33.9785],[133.918,33.9788],[133.918,33.9795],[133.9182,33.9803],[133.9184,33.9811],[133.9185,33.9816],[133.9185,33.9823],[133.9184,33.9826],[133.9183,33.9831],[133.9185,33.9838],[133.9184,33.9841],[133.9183,33.9845],[133.9182,33.9849],[133.9181,33.9853],[133.9179,33.9856],[133.9178,33.9859],[133.9177,33.9865],[133.9177,33.9871],[133.9177,33.9874],[133.9175,33.9876],[133.917,33.988],[133.9168,33.9883],[133.9169,33.9885],[133.9173,33.9891],[133.9175,33.9902],[133.9175,33.9909],[133.9174,33.9913],[133.9173,33.9915],[133.9175,33.992],[133.9176,33.9923],[133.9175,33.9929],[133.9174,33.9931],[133.9167,33.9935],[133.9166,33.9937],[133.9166,33.994],[133.9165,33.9942],[133.9162,33.9943],[133.9144,33.9949],[133.9143,33.995],[133.9142,33.9954],[133.914,33.9959],[133.9139,33.9967],[133.914,33.9971],[133.9139,33.9976],[133.9137,33.9978],[133.9135,33.9979],[133.9129,33.9979],[133.9132,33.9985],[133.9132,33.9988],[133.9127,33.9993],[133.9126,33.9995],[133.9124,33.9999],[133.9121,34.0003],[133.9122,34.0008],[133.9122,34.0016],[133.912,34.002],[133.9121,34.0023],[133.912,34.0025],[133.9117,34.0025],[133.9113,34.0023],[133.9109,34.0022],[133.9095,34.0023],[133.9093,34.0024],[133.9091,34.0027],[133.909,34.0029],[133.9088,34.0033],[133.9082,34.0038],[133.9081,34.004],[133.908,34.0044],[133.9079,34.0048],[133.9076,34.005],[133.9069,34.0051],[133.9067,34.0051],[133.9062,34.0051],[133.9061,34.0053],[133.9062,34.0058],[133.906,34.0063],[133.906,34.0066],[133.9062,34.0072],[133.9063,34.0077],[133.9063,34.0085],[133.9062,34.009],[133.9062,34.0096],[133.9061,34.0102],[133.9056,34.0108],[133.9054,34.0113],[133.9051,34.0118],[133.905,34.0121],[133.9043,34.0126],[133.9041,34.0129],[133.9038,34.0133],[133.9034,34.0137],[133.9026,34.014],[133.9019,34.0141],[133.9017,34.0146],[133.9017,34.0151],[133.9018,34.0157],[133.9017,34.0161],[133.9014,34.0168],[133.9012,34.0172],[133.9007,34.0184],[133.9006,34.0187],[133.9004,34.0193],[133.9001,34.0195],[133.8998,34.0196],[133.8994,34.0197],[133.899,34.0199],[133.8988,34.0201],[133.8986,34.0204],[133.8983,34.0209],[133.898,34.0214],[133.8978,34.0215],[133.8969,34.022],[133.8966,34.0222],[133.8963,34.0226],[133.8958,34.0234],[133.8951,34.0244],[133.8948,34.025],[133.8946,34.0254],[133.8945,34.0257],[133.8943,34.0267],[133.8943,34.0273],[133.8943,34.0277],[133.8948,34.0284],[133.8949,34.0289],[133.8952,34.0293],[133.8952,34.0295],[133.8951,34.03],[133.8952,34.0307],[133.8951,34.031],[133.8948,34.0313],[133.8945,34.0315],[133.894,34.0317],[133.8938,34.0318],[133.8936,34.0324],[133.8931,34.0328],[133.8932,34.0331],[133.8934,34.0331],[133.8936,34.0343],[133.8939,34.035],[133.8927,34.0353],[133.8921,34.0354],[133.8918,34.0354],[133.8913,34.0353],[133.8903,34.0349],[133.8885,34.0339],[133.8873,34.0333],[133.8867,34.033],[133.8862,34.0328],[133.8854,34.0325],[133.8841,34.0321],[133.8832,34.0318],[133.882,34.0316],[133.8814,34.0315],[133.881,34.0315],[133.8803,34.0316],[133.8792,34.032],[133.8789,34.0321],[133.8785,34.0325],[133.878,34.0333],[133.8778,34.0334],[133.8769,34.0337],[133.8754,34.0341],[133.8742,34.0342],[133.8738,34.0343],[133.8728,34.0342],[133.8719,34.0341],[133.8712,34.0342],[133.8708,34.0341],[133.869,34.034],[133.8672,34.0341],[133.8664,34.0342],[133.8653,34.0344],[133.8644,34.0346],[133.8639,34.0347],[133.8628,34.0351],[133.8621,34.0353],[133.8604,34.0357],[133.8596,34.0358],[133.858,34.0362],[133.8573,34.0363],[133.8568,34.0364],[133.856,34.0363],[133.8556,34.0362],[133.855,34.0359],[133.8544,34.0355],[133.8538,34.0352],[133.8531,34.035],[133.8522,34.0347],[133.8523,34.035],[133.8533,34.0359],[133.8539,34.0369],[133.8539,34.0373],[133.8536,34.0387],[133.8533,34.0397],[133.8531,34.0405],[133.8531,34.0409],[133.8534,34.0416],[133.8536,34.042],[133.8537,34.0426],[133.8538,34.0432],[133.8537,34.0443],[133.8538,34.0446],[133.8539,34.0452],[133.8537,34.0454],[133.8528,34.0456],[133.8527,34.0458],[133.8527,34.0462],[133.8521,34.0465],[133.8512,34.0467],[133.851,34.0466],[133.8508,34.047],[133.8508,34.0473],[133.8507,34.0475],[133.8508,34.0478],[133.851,34.0481],[133.8509,34.0484],[133.8508,34.0485],[133.8502,34.0487],[133.85,34.0489],[133.8492,34.0491],[133.8489,34.049],[133.8485,34.0488],[133.8484,34.0488],[133.848,34.049],[133.8466,34.049],[133.8464,34.0492],[133.8451,34.0492],[133.845,34.0493],[133.8452,34.0497],[133.8452,34.0499],[133.8452,34.0505],[133.845,34.051],[133.8448,34.0512],[133.8449,34.0513],[133.845,34.0516],[133.8451,34.052],[133.8453,34.0523],[133.8456,34.0527],[133.8457,34.0528],[133.8457,34.0533],[133.8455,34.0535],[133.8451,34.0535],[133.8445,34.0533],[133.8438,34.0531],[133.8434,34.053],[133.8434,34.0531],[133.8439,34.0535],[133.844,34.0537],[133.8441,34.054],[133.8441,34.0542],[133.8438,34.0545],[133.8434,34.0546],[133.8432,34.0548],[133.8428,34.0548],[133.8428,34.055],[133.843,34.0551],[133.8435,34.0551],[133.8438,34.0551],[133.8438,34.0552],[133.8436,34.0558],[133.8434,34.0559],[133.8424,34.056],[133.8419,34.056],[133.841,34.0558],[133.8406,34.0556],[133.8402,34.0554],[133.8396,34.0552],[133.8394,34.0553],[133.839,34.055],[133.8386,34.055],[133.8389,34.0555],[133.8389,34.056],[133.8388,34.0563],[133.8384,34.0568],[133.8383,34.0574],[133.8383,34.0579],[133.8382,34.0582],[133.8381,34.0583],[133.8374,34.0584],[133.837,34.0586],[133.8365,34.0593],[133.8363,34.0594],[133.8357,34.0594],[133.8354,34.0596],[133.8354,34.0599],[133.8352,34.0602],[133.8347,34.0603],[133.8343,34.0603],[133.834,34.0602],[133.8337,34.0601],[133.8335,34.0603],[133.8335,34.0606],[133.8334,34.0607],[133.8329,34.0609],[133.8328,34.0614],[133.8326,34.0629],[133.8325,34.0636],[133.8323,34.0642],[133.8321,34.0645],[133.8319,34.0648],[133.8311,34.0653],[133.8307,34.0659],[133.8303,34.0662],[133.8302,34.0664],[133.83,34.0668],[133.8297,34.0673],[133.8294,34.0678],[133.8294,34.0682],[133.8293,34.0684],[133.8288,34.0687],[133.8283,34.0689],[133.8277,34.0692],[133.8273,34.0693],[133.827,34.0696],[133.8268,34.0699],[133.8265,34.0709],[133.8263,34.0712],[133.8261,34.0715],[133.8258,34.0717],[133.8253,34.0718],[133.8251,34.0719],[133.8248,34.072],[133.8244,34.072],[133.824,34.0722],[133.8237,34.0724],[133.8235,34.0727],[133.8231,34.0732],[133.8231,34.0737],[133.8231,34.0739],[133.8228,34.0741],[133.8226,34.0742],[133.8219,34.0742],[133.821,34.0741],[133.8202,34.074]]]},"properties":{"N03_001":"徳島県","N03_002":"","N03_003":"","N03_004":"三好市","N03_007":"36208"}},
{"type":"Feature","geometry":{"type":"Polygon","coordinates":[[[134.4291,33.8588],[134.4293,33.8584],[134.4297,33.8581],[134.43,33.8576],[134.4303,33.8573],[134.4308,33.8572],[134.4309,33.857],[134.4313,33.8568],[134.4314,33.8564],[134.4318,33.856],[134.4321,33.8558],[134.4323,33.8562],[134.4328,33.8564],[134.4333,33.8564],[134.4339,33.8563],[134.4342,33.8566],[134.4349,33.857],[134.4353,33.8573],[134.4361,33.8577],[134.4363,33.8579],[134.4367,33.8586],[134.4371,33.8593],[134.4376,33.8597],[134.4379,33.8597],[134.4388,33.8598],[134.4391,33.8597],[134.4393,33.8599],[134.4397,33.86],[134.4399,33.8601],[134.4403,33.8601],[134.4407,33.8602],[134.4414,33.8604],[134.4419,33.8605],[134.4423,33.8606],[134.4428,33.8608],[134.4435,33.8606],[134.4438,33.8606],[134.4442,33.8606],[134.4448,33.8607],[134.4457,33.8611],[134.4462,33.8613],[134.4467,33.8615],[134.4472,33.8618],[134.4476,33.8618],[134.448,33.8616],[134.4485,33.8617],[134.4488,33.862],[134.4492,33.8622],[134.4494,33.8621],[134.4496,33.8618],[134.45,33.8616],[134.4502,33.8616],[134.4504,33.8621],[134.4506,33.8623],[134.4509,33.8625],[134.4514,33.8628],[134.4519,33.8634],[134.4523,33.8636],[134.4525,33.8636],[134.453,33.8636],[134.4538,33.8637],[134.4543,33.8641],[134.4548,33.8644],[134.4551,33.8647],[134.4553,33.8648],[134.4564,33.8648],[134.4569,33.8649],[134.4573,33.8651],[134.4584,33.8656],[134.4586,33.8658],[134.4588,33.8658],[134.4591,33.8656],[134.4595,33.8655],[134.4602,33.8656],[134.4605,33.8656],[134.4609,33.8657],[134.4617,33.8657],[134.462,33.8656],[134.4625,33.8653],[134.4627,33.8653],[134.4626,33.8657],[134.4626,33.8662],[134.4627,33.8665],[134.4628,33.8667],[134.4629,33.8674],[134.4629,33.8677],[134.4637,33.8679],[134.4642,33.8682],[134.465,33.8685],[134.4654,33.8685],[134.4657,33.8686],[134.4663,33.8688],[134.4665,33.869],[134.4673,33.8695],[134.4679,33.8699],[134.4676,33.8708],[134.4674,33.8711],[134.4673,33.8715],[134.4673,33.8717],[134.4672,33.872],[134.4672,33.8723],[134.4678,33.8726],[134.4683,33.8734],[134.4684,33.8737],[134.4686,33.874],[134.4693,33.8747],[134.4696,33.8749],[134.4697,33.8751],[134.4699,33.8756],[134.4703,33.8758],[134.4704,33.8759],[134.4703,33.8762],[134.4704,33.8763],[134.4706,33.8766],[134.4713,33.8771],[134.4715,33.8773],[134.4716,33.878],[134.4719,33.8783],[134.4721,33.8784],[134.4723,33.8789],[134.4726,33.8792],[134.4726,33.8797],[134.4728,33.8801],[134.473,33.8805],[134.4732,33.8809],[134.4734,33.8814],[134.4735,33.8816],[134.4738,33.8817],[134.4742,33.8823],[134.4739,33.8824],[134.473,33.8827],[134.4722,33.883],[134.4718,33.8833],[134.4716,33.8834],[134.4713,33.8838],[134.4709,33.8842],[134.4708,33.8844],[134.4706,33.8849],[134.4704,33.8852],[134.4701,33.8854],[134.4699,33.8858],[134.4697,33.8859],[134.4692,33.8858],[134.469,33.8858],[134.469,33.8863],[134.4689,33.8867],[134.4687,33.8871],[134.4687,33.8875],[134.4687,33.8878],[134.4686,33.8882],[134.4683,33.8887],[134.4678,33.8894],[134.468,33.89],[134.468,33.8906],[134.4681,33.8908],[134.4684,33.8912],[134.4684,33.8916],[134.4683,33.892],[134.4684,33.8922],[134.4686,33.8924],[134.4694,33.8929],[134.4698,33.8932],[134.4703,33.8934],[134.4705,33.8937],[134.471,33.894],[134.4714,33.8942],[134.4717,33.8945],[134.4726,33.8952],[134.4727,33.8953],[134.473,33.8958],[134.4732,33.8961],[134.4735,33.8963],[134.4738,33.8966],[134.4741,33.897],[134.4741,33.8972],[134.4742,33.8978],[134.4742,33.8982],[134.4743,33.899],[134.4746,33.8994],[134.4748,33.8998],[134.4749,33.9003],[134.4752,33.901],[134.4752,33.9012],[134.4757,33.9012],[134.4767,33.9012],[134.4771,33.9013],[134.4776,33.9015],[134.478,33.9016],[134.4783,33.9018],[134.4788,33.9018],[134.4793,33.9022],[134.4795,33.9022],[134.4798,33.9022],[134.4801,33.9021],[134.4802,33.9022],[134.4804,33.9024],[134.4808,33.9029],[134.4809,33.9032],[134.4811,33.9038],[134.4815,33.9039],[134.4821,33.9043],[134.4832,33.9051],[134.4838,33.9057],[134.4842,33.9062],[134.4844,33.9063],[134.4847,33.9063],[134.4851,33.9065],[134.4857,33.9066],[134.4863,33.9069],[134.4868,33.9073],[134.4873,33.9075],[134.4883,33.9084],[134.4894,33.9092],[134.4898,33.9093],[134.4903,33.9095],[134.4906,33.9098],[134.4911,33.91],[134.4916,33.9103],[134.492,33.9105],[134.4926,33.9109],[134.4928,33.9109],[134.4932,33.9109],[134.4936,33.911],[134.4941,33.911],[134.4944,33.9108],[134.4955,33.9107],[134.4959,33.9107],[134.4966,33.9106],[134.4968,33.9105],[134.4973,33.9104],[134.4977,33.9106],[134.4981,33.9109],[134.4983,33.9109],[134.4985,33.9109],[134.4991,33.9104],[134.4998,33.91],[134.5002,33.9099],[134.5004,33.9098],[134.5009,33.9095],[134.5014,33.9092],[134.5023,33.9087],[134.5028,33.9084],[134.5032,33.9082],[134.5036,33.9081],[134.504,33.9079],[134.5043,33.9081],[134.5047,33.9083],[134.505,33.9087],[134.5053,33.9091],[134.5055,33.9094],[134.5058,33.9096],[134.5065,33.9096],[134.5073,33.9098],[134.5078,33.9101],[134.5086,33.9105],[134.5091,33.9105],[134.5094,33.9106],[134.5096,33.9109],[134.5098,33.9111],[134.5103,33.9114],[134.5108,33.9114],[134.5111,33.9115],[134.5114,33.9117],[134.5118,33.9119],[134.5121,33.9122],[134.5126,33.9127],[134.513,33.913],[134.5133,33.9134],[134.5137,33.9136],[134.5141,33.9136],[134.5144,33.9138],[134.5147,33.914],[134.515,33.9144],[134.5152,33.9149],[134.5153,33.9153],[134.5159,33.9159],[134.5159,33.9161],[134.516,33.9165],[134.5161,33.9169],[134.5162,33.9173],[134.5165,33.9176],[134.5164,33.918],[134.5168,33.9181],[134.5175,33.918],[134.518,33.9181],[134.5183,33.9183],[134.5188,33.9183],[134.5192,33.9182],[134.5196,33.9179],[134.5199,33.9177],[134.5202,33.9173],[134.5207,33.9165],[134.5213,33.9158],[134.5215,33.9157],[134.522,33.9157],[134.5223,33.9158],[134.5229,33.9161],[134.5238,33.9165],[134.5241,33.9166],[134.5247,33.9166],[134.5253,33.9169],[134.5258,33.917],[134.5264,33.9169],[134.5266,33.9169],[134.5274,33.9171],[134.5278,33.9172],[134.5284,33.9171],[134.5288,33.9171],[134.5297,33.9173],[134.5303,33.9175],[134.5308,33.918],[134.5309,33.9181],[134.5308,33.9187],[134.5308,33.9193],[134.5307,33.92],[134.5306,33.9204],[134.5308,33.9206],[134.5309,33.9211],[134.5311,33.9214],[134.5315,33.922],[134.5316,33.9222],[134.5315,33.9232],[134.5316,33.9236],[134.5317,33.9239],[134.533,33.9242],[134.5335,33.9243],[134.534,33.9241],[134.5346,33.9241],[134.5348,33.9243],[134.5348,33.9247],[134.5349,33.9248],[134.5352,33.9251],[134.5357,33.9256],[134.5358,33.9258],[134.5359,33.926],[134.5357,33.9264],[134.5357,33.9268],[134.5354,33.9273],[134.5354,33.9275],[134.5356,33.9278],[134.5363,33.9282],[134.5365,33.9283],[134.5371,33.9284],[134.5376,33.9286],[134.5387,33.9288],[134.5401,33.9295],[134.5412,33.93],[134.5416,33.9305],[134.5424,33.9308],[134.5433,33.9312],[134.5435,33.9312],[134.5444,33.931],[134.5446,33.931],[134.5451,33.9313],[134.546,33.9313],[134.5467,33.9313],[134.5479,33.9313],[134.5487,33.9314],[134.5491,33.9315],[134.5496,33.9316],[134.5499,33.9319],[134.5502,33.932],[134.5506,33.932],[134.5511,33.9321],[134.5516,33.9322],[134.552,33.9322],[134.5527,33.9323],[134.5541,33.9324],[134.5544,33.9325],[134.5545,33.9328],[134.5547,33.9331],[134.5557,33.9329],[134.5561,33.9329],[134.5566,33.933],[134.5574,33.9333],[134.5579,33.9335],[134.5579,33.9336],[134.5577,33.9338],[134.5576,33.9343],[134.5575,33.9348],[134.5576,33.9352],[134.5577,33.9355],[134.5581,33.9358],[134.5587,33.9362],[134.5588,33.9363],[134.5589,33.9368],[134.559,33.9373],[134.5591,33.9375],[134.5594,33.9379],[134.5596,33.9381],[134.56,33.9382],[134.5601,33.9383],[134.5601,33.9387],[134.5602,33.9391],[134.5606,33.9397],[134.5608,33.9401],[134.5611,33.9402],[134.5613,33.9404],[134.5615,33.9407],[134.5617,33.9408],[134.5621,33.9409],[134.5624,33.941],[134.563,33.9412],[134.5635,33.9416],[134.5638,33.9416],[134.5644,33.9418],[134.5649,33.9417],[134.5654,33.9418],[134.566,33.9417],[134.5664,33.9418],[134.5668,33.942],[134.5682,33.9429],[134.5684,33.9431],[134.5688,33.9435],[134.5689,33.9438],[134.5692,33.9442],[134.5695,33.9444],[134.5697,33.9445],[134.5698,33.9448],[134.5698,33.9449],[134.5694,33.9454],[134.5693,33.9455],[134.5694,33.9458],[134.5696,33.946],[134.5696,33.9462],[134.5695,33.9466],[134.5697,33.9469],[134.5697,33.9472],[134.5694,33.9477],[134.5698,33.9479],[134.5699,33.948],[134.5697,33.9486],[134.5697,33.9491],[134.5696,33.9493],[134.5691,33.9495],[134.5689,33.9497],[134.5689,33.9499],[134.5693,33.9509],[134.5693,33.9513],[134.5697,33.9519],[134.57,33.9528],[134.5699,33.953],[134.5697,33.9533],[134.5691,33.9539],[134.5689,33.9543],[134.5683,33.9548],[134.568,33.9552],[134.5679,33.9556],[134.5678,33.956],[134.568,33.9564],[134.5684,33.9569],[134.5688,33.9573],[134.5688,33.9575],[134.5686,33.958],[134.5685,33.9583],[134.5685,33.9589],[134.5684,33.9592],[134.5681,33.9595],[134.5675,33.9605],[134.5671,33.9612],[134.5669,33.9615],[134.5668,33.9618],[134.5669,33.9622],[134.5668,33.9625],[134.5665,33.9626],[134.5662,33.9626],[134.5657,33.9625],[134.5647,33.9623],[134.564,33.9617],[134.5637,33.9617],[134.5631,33.9617],[134.5627,33.9615],[134.5626,33.9614],[134.5625,33.9611],[134.5622,33.9609],[134.562,33.9609],[134.5614,33.9607],[134.561,33.9607],[134.5606,33.9607],[134.5599,33.9609],[134.5593,33.9608],[134.5589,33.9604],[134.5586,33.9603],[134.5582,33.9602],[134.5576,33.96],[134.5571,33.9599],[134.5565,33.96],[134.556,33.9598],[134.5557,33.9596],[134.5553,33.9596],[134.5551,33.9597],[134.5549,33.9602],[134.5546,33.9603],[134.5543,33.9607],[134.5542,33.9611],[134.554,33.9612],[134.5535,33.9614],[134.553,33.9614],[134.5529,33.9614],[134.5525,33.9612],[134.5522,33.9611],[134.5517,33.9609],[134.5507,33.9604],[134.5499,33.9596],[134.5496,33.9592],[134.5485,33.9587],[134.5478,33.9584],[134.5471,33.9583],[134.5465,33.9584],[134.546,33.9587],[134.5456,33.9587],[134.545,33.9586],[134.5445,33.9584],[134.544,33.958],[134.5434,33.9578],[134.5431,33.9575],[134.5428,33.9573],[134.5424,33.9572],[134.5419,33.9571],[134.5411,33.9566],[134.5406,33.9564],[134.5402,33.9563],[134.5393,33.9557],[134.5384,33.9554],[134.5379,33.9553],[134.5373,33.9553],[134.5368,33.9553],[134.5362,33.9553],[134.5356,33.9552],[134.5353,33.9553],[134.5351,33.9559],[134.5349,33.9562],[134.5348,33.9566],[134.5348,33.9568],[134.5344,33.957],[134.5344,33.9571],[134.5343,33.9575],[134.5341,33.958],[134.534,33.9582],[134.5334,33.9584],[134.5332,33.9587],[134.533,33.9593],[134.5328,33.9596],[134.5326,33.9597],[134.5315,33.9602],[134.5304,33.9604],[134.53,33.9605],[134.5298,33.9607],[134.5295,33.9607],[134.5289,33.9605],[134.5284,33.9603],[134.528,33.9601],[134.5277,33.96],[134.5274,33.96],[134.5267,33.9602],[134.5263,33.9602],[134.526,33.9602],[134.5256,33.9601],[134.5252,33.9601],[134.5246,33.9601],[134.524,33.9602],[134.5237,33.9603],[134.5233,33.9607],[134.5229,33.9612],[134.5226,33.9613],[134.5219,33.9622],[134.5217,33.9624],[134.5212,33.9627],[134.5209,33.9628],[134.5206,33.9628],[134.5203,33.9629],[134.5193,33.9631],[134.5187,33.9632],[134.5184,33.9631],[134.5178,33.9629],[134.5171,33.9629],[134.5166,33.9628],[134.5161,33.9626],[134.5152,33.9623],[134.5147,33.9622],[134.5143,33.9622],[134.5136,33.9624],[134.5131,33.9622],[134.5122,33.9622],[134.5118,33.9621],[134.511,33.9622],[134.5106,33.9621],[134.5103,33.9621],[134.5098,33.9622],[134.5096,33.9623],[134.5092,33.9627],[134.5086,33.9631],[134.5081,33.9634],[134.5073,33.9638],[134.5074,33.964],[134.5074,33.9642],[134.5073,33.9644],[134.5071,33.9646],[134.5069,33.9648],[134.5065,33.9652],[134.5063,33.9653],[134.5058,33.9654],[134.5055,33.9655],[134.5046,33.9661],[134.5041,33.9662],[134.5037,33.9664],[134.5033,33.9663],[134.503,33.9664],[134.5028,33.9666],[134.5025,33.9671],[134.5023,33.9673],[134.5021,33.9676],[134.5019,33.9677],[134.5014,33.9679],[134.5012,33.9681],[134.5011,33.9683],[134.5009,33.9689],[134.5006,33.9693],[134.5002,33.9696],[134.5,33.9696],[134.4998,33.9696],[134.4994,33.9694],[134.4984,33.9694],[134.498,33.9692],[134.4976,33.9694],[134.4973,33.9695],[134.497,33.9698],[134.4964,33.9701],[134.4957,33.9701],[134.4951,33.9699],[134.4948,33.9696],[134.4943,33.9693],[134.4938,33.9687],[134.4933,33.9682],[134.4925,33.9679],[134.4922,33.9679],[134.4921,33.9681],[134.4919,33.9683],[134.4911,33.9688],[134.4907,33.9687],[134.4901,33.9685],[134.4896,33.9684],[134.4893,33.9682],[134.4887,33.9678],[134.4881,33.9675],[134.4875,33.9673],[134.4871,33.9674],[134.4869,33.9675],[134.4866,33.968],[134.4864,33.9678],[134.4858,33.9677],[134.4852,33.9674],[134.4842,33.9671],[134.4838,33.9671],[134.4835,33.9673],[134.4833,33.9672],[134.4826,33.9661],[134.4825,33.9659],[134.4824,33.965],[134.4823,33.9648],[134.4821,33.9647],[134.4817,33.9647],[134.4808,33.9647],[134.4804,33.9646],[134.4796,33.9644],[134.4793,33.9648],[134.479,33.965],[134.4784,33.9653],[134.4778,33.9656],[134.4773,33.9657],[134.477,33.9659],[134.4767,33.9664],[134.4765,33.9664],[134.4763,33.9661],[134.4759,33.9657],[134.4759,33.9655],[134.4763,33.965],[134.4765,33.9648],[134.4765,33.9646],[134.4765,33.9643],[134.476,33.9633],[134.4758,33.9631],[134.4749,33.9624],[134.4744,33.9619],[134.474,33.9606],[134.4737,33.9597],[134.4734,33.959],[134.4731,33.9588],[134.4727,33.9584],[134.4724,33.9581],[134.4718,33.9574],[134.4715,33.9572],[134.4711,33.9569],[134.4705,33.9567],[134.4704,33.9566],[134.47,33.9559],[134.47,33.9558],[134.4701,33.955],[134.4701,33.9546],[134.47,33.9542],[134.4697,33.9537],[134.4693,33.9532],[134.4689,33.9527],[134.4683,33.9523],[134.4681,33.9521],[134.4675,33.952],[134.467,33.9519],[134.466,33.9519],[134.4658,33.9518],[134.4649,33.9515],[134.4644,33.9513],[134.464,33.9512],[134.4633,33.9513],[134.4624,33.9515],[134.4622,33.9516],[134.4619,33.9518],[134.4616,33.9521],[134.4612,33.9523],[134.4609,33.9523],[134.4606,33.9523],[134.4598,33.9521],[134.4595,33.9521],[134.4589,33.9523],[134.4585,33.9523],[134.4577,33.952],[134.4572,33.9519],[134.4566,33.952],[134.4557,33.9524],[134.455,33.9526],[134.454,33.9529],[134.4535,33.953],[134.453,33.9531],[134.4526,33.9531],[134.4523,33.9531],[134.452,33.9532],[134.4515,33.9535],[134.4511,33.9537],[134.4506,33.9537],[134.4504,33.9538],[134.4491,33.9545],[134.448,33.9551],[134.4472,33.9554],[134.4464,33.9556],[134.4461,33.9556],[134.4457,33.9555],[134.4455,33.9552],[134.4451,33.955],[134.4444,33.9545],[134.4441,33.9544],[134.4438,33.9544],[134.4435,33.9544],[134.4428,33.9543],[134.4418,33.9544],[134.441,33.9544],[134.4406,33.9544],[134.4399,33.9541],[134.4395,33.954],[134.4391,33.9539],[134.4377,33.9538],[134.4374,33.954],[134.4367,33.9544],[134.4364,33.9545],[134.4357,33.9545],[134.4354,33.9545],[134.435,33.9548],[134.4343,33.9549],[134.4334,33.9554],[134.4329,33.9556],[134.4325,33.956],[134.432,33.9565],[134.4316,33.9573],[134.4312,33.9569],[134.4312,33.9568],[134.4313,33.9561],[134.4312,33.9557],[134.4308,33.9552],[134.4307,33.9548],[134.4304,33.9539],[134.4304,33.9533],[134.4302,33.9528],[134.4303,33.9518],[134.4303,33.9509],[134.4302,33.9503],[134.4302,33.9499],[134.4304,33.9495],[134.4304,33.9489],[134.4304,33.9487],[134.4302,33.9483],[134.4302,33.9479],[134.43,33.9476],[134.43,33.9471],[134.43,33.9469],[134.4301,33.9463],[134.4305,33.9459],[134.431,33.9453],[134.431,33.9448],[134.431,33.9435],[134.4314,33.9428],[134.4314,33.9424],[134.4316,33.9422],[134.4319,33.942],[134.4319,33.9419],[134.4319,33.9414],[134.4322,33.941],[134.4322,33.9408],[134.4321,33.9405],[134.432,33.9401],[134.4319,33.9399],[134.4317,33.9395],[134.4314,33.9389],[134.431,33.9382],[134.4311,33.9378],[134.431,33.9376],[134.4306,33.9376],[134.4303,33.9372],[134.4301,33.937],[134.43,33.9365],[134.4297,33.9356],[134.4295,33.9351],[134.4295,33.9348],[134.4297,33.9346],[134.4303,33.9344],[134.4311,33.9343],[134.4314,33.9342],[134.4321,33.9343],[134.4326,33.9343],[134.4329,33.9344],[134.4333,33.9343],[134.4336,33.934],[134.4339,33.9339],[134.4339,33.9338],[134.4337,33.9331],[134.4334,33.9328],[134.4326,33.9322],[134.4319,33.932],[134.4318,33.9318],[134.4314,33.9314],[134.4314,33.9313],[134.4317,33.9305],[134.4322,33.9295],[134.4324,33.9294],[134.4327,33.9294],[134.433,33.9295],[134.4332,33.9295],[134.4337,33.9295],[134.4342,33.9298],[134.4348,33.9299],[134.4352,33.9298],[134.4353,33.9296],[134.4354,33.9292],[134.4355,33.9289],[134.4357,33.9287],[134.4367,33.9283],[134.437,33.9282],[134.4377,33.9282],[134.4382,33.9282],[134.4391,33.9281],[134.4399,33.9281],[134.4406,33.9281],[134.4412,33.9282],[134.4418,33.9285],[134.4421,33.9285],[134.4424,33.9283],[134.4437,33.9275],[134.4439,33.9274],[134.4441,33.9274],[134.4446,33.9274],[134.4448,33.9273],[134.4453,33.9269],[134.4455,33.9268],[134.446,33.9268],[134.4467,33.9269],[134.4475,33.9268],[134.448,33.9267],[134.4489,33.9264],[134.4504,33.9262],[134.4515,33.9261],[134.4522,33.9261],[134.4531,33.926],[134.4543,33.9259],[134.4547,33.9259],[134.4553,33.9259],[134.4559,33.9257],[134.4564,33.9254],[134.4567,33.9252],[134.4568,33.9251],[134.4563,33.9241],[134.456,33.9232],[134.4554,33.9226],[134.4551,33.9225],[134.4541,33.9222],[134.4529,33.9222],[134.4527,33.9219],[134.4527,33.9215],[134.4522,33.92],[134.4521,33.9198],[134.4521,33.9196],[134.4524,33.9194],[134.4525,33.9187],[134.4529,33.9182],[134.4535,33.9173],[134.4536,33.9171],[134.4536,33.9167],[134.4536,33.9163],[134.4535,33.916],[134.4532,33.9155],[134.453,33.9154],[134.4526,33.9154],[134.4525,33.9156],[134.4522,33.9158],[134.4518,33.9157],[134.4519,33.9152],[134.4522,33.9142],[134.4525,33.9132],[134.4526,33.9126],[134.4527,33.912],[134.4526,33.9116],[134.4525,33.9111],[134.4526,33.9108],[134.4529,33.9101],[134.453,33.9097],[134.4532,33.9095],[134.4534,33.9093],[134.4534,33.9091],[134.4529,33.9089],[134.4525,33.9087],[134.4524,33.9085],[134.4525,33.9075],[134.4525,33.9068],[134.4524,33.9063],[134.4523,33.906],[134.452,33.9057],[134.4519,33.9054],[134.4517,33.905],[134.4516,33.9048],[134.4517,33.9045],[134.452,33.904],[134.452,33.9037],[134.4519,33.9031],[134.452,33.9028],[134.4521,33.9025],[134.4524,33.9022],[134.4526,33.9019],[134.4526,33.9015],[134.4523,33.9012],[134.4521,33.9008],[134.4522,33.9003],[134.4523,33.8998],[134.4523,33.8995],[134.4525,33.899],[134.4524,33.8989],[134.452,33.8987],[134.4505,33.898],[134.4503,33.8978],[134.4498,33.8973],[134.4494,33.8964],[134.4491,33.896],[134.449,33.8957],[134.4489,33.8954],[134.4485,33.8952],[134.4483,33.895],[134.4481,33.8947],[134.4482,33.8943],[134.4481,33.8942],[134.4479,33.8939],[134.4477,33.8933],[134.4476,33.893],[134.447,33.8927],[134.4464,33.8924],[134.4463,33.8923],[134.4461,33.8919],[134.4459,33.8916],[134.4454,33.8912],[134.4451,33.891],[134.445,33.8906],[134.4448,33.8904],[134.4444,33.8901],[134.4441,33.89],[134.444,33.8898],[134.4441,33.8893],[134.444,33.889],[134.4438,33.8886],[134.4439,33.8883],[134.4445,33.8882],[134.4445,33.8881],[134.4447,33.8874],[134.4452,33.8869],[134.4453,33.8866],[134.4457,33.8862],[134.4458,33.8859],[134.446,33.8856],[134.4464,33.8853],[134.4465,33.885],[134.447,33.884],[134.4471,33.8835],[134.4473,33.8832],[134.4477,33.8829],[134.4482,33.8826],[134.4483,33.8824],[134.4484,33.8821],[134.4484,33.8817],[134.4484,33.8812],[134.4481,33.8809],[134.4479,33.8807],[134.4476,33.8806],[134.4464,33.8798],[134.4457,33.8793],[134.445,33.8789],[134.4447,33.8787],[134.4444,33.8784],[134.4441,33.8782],[134.4438,33.8781],[134.4436,33.8778],[134.4434,33.8775],[134.4433,33.877],[134.4432,33.8767],[134.4427,33.8764],[134.4427,33.8762],[134.4428,33.8759],[134.4426,33.8755],[134.4423,33.8751],[134.4422,33.875],[134.4417,33.8748],[134.4412,33.8746],[134.4408,33.8745],[134.4404,33.8744],[134.4399,33.8745],[134.4395,33.8745],[134.4389,33.8742],[134.4384,33.874],[134.4381,33.8739],[134.4377,33.8735],[134.4374,33.8733],[134.4371,33.8731],[134.4366,33.873],[134.4363,33.8729],[134.4356,33.8725],[134.4356,33.8719],[134.4358,33.8715],[134.4359,33.8706],[134.436,33.8702],[134.4362,33.8697],[134.436,33.8692],[134.4361,33.8684],[134.4362,33.8678],[134.436,33.8668],[134.4359,33.8666],[134.4355,33.8663],[134.4353,33.866],[134.4351,33.865],[134.435,33.8646],[134.4349,33.8644],[134.4347,33.8643],[134.4341,33.8641],[134.4339,33.864],[134.4337,33.8638],[134.4335,33.8633],[134.4334,33.8629],[134.4328,33.8627],[134.4325,33.8625],[134.4324,33.8621],[134.4322,33.862],[134.4318,33.8618],[134.4313,33.8617],[134.431,33.8616],[134.431,33.8615],[134.431,33.861],[134.4308,33.8604],[134.4305,33.8604],[134.43,33.8604],[134.4297,33.8602],[134.4296,33.8598],[134.4293,33.8593],[134.4291,33.8588]]]},"properties":{"N03_001":"徳島県","N03_002":"","N03_003":"勝浦郡","N03_004":"勝浦町","N03_007":"36301"}},
{"type":"Feature","geometry":{"type":"Polygon","coordinates":[[[134.2987,33.9104],[134.3002,33.9103],[134.3008,33.9101],[134.3011,33.91],[134.3017,33.9095],[134.3021,33.9092],[134.3024,33.9088],[134.3033,33.9082],[134.3039,33.9077],[134.3046,33.9074],[134.3051,33.9071],[134.3057,33.907],[134.3062,33.9071],[134.3065,33.907],[134.3073,33.9068],[134.3076,33.9067],[134.308,33.9064],[134.3083,33.9062],[134.3084,33.9059],[134.3085,33.9056],[134.3087,33.9054],[134.3089,33.9052],[134.3099,33.9047],[134.3108,33.9042],[134.3111,33.9038],[134.3112,33.9033],[134.3114,33.9031],[134.3117,33.9024],[134.3117,33.9022],[134.3116,33.9017],[134.3116,33.9013],[134.3117,33.901],[134.3122,33.9002],[134.3125,33.8994],[134.313,33.8994],[134.3133,33.8994],[134.3138,33.8989],[134.3141,33.8989],[134.315,33.8988],[134.3151,33.8987],[134.3155,33.8983],[134.3162,33.898],[134.3164,33.8976],[134.3165,33.8972],[134.3165,33.896],[134.3165,33.8958],[134.3163,33.8953],[134.3163,33.8951],[134.3164,33.8948],[134.3165,33.8946],[134.317,33.8942],[134.3174,33.8941],[134.3181,33.894],[134.3183,33.894],[134.3185,33.8936],[134.3188,33.8932],[134.3194,33.8927],[134.32,33.8922],[134.3202,33.8919],[134.3202,33.8917],[134.3206,33.891],[134.3209,33.8909],[134.3213,33.8904],[134.3217,33.8901],[134.3223,33.8896],[134.3225,33.8893],[134.3227,33.8886],[134.3226,33.8881],[134.323,33.8875],[134.3232,33.8874],[134.3234,33.8872],[134.3236,33.8869],[134.3239,33.8868],[134.3241,33.8868],[134.3249,33.887],[134.3252,33.8869],[134.3253,33.8867],[134.3253,33.8861],[134.3254,33.8856],[134.3253,33.8848],[134.3254,33.8842],[134.3257,33.8833],[134.326,33.8829],[134.326,33.8827],[134.3258,33.8825],[134.3251,33.8821],[134.3244,33.8814],[134.3241,33.881],[134.3237,33.8806],[134.3233,33.8798],[134.3233,33.8796],[134.3229,33.8793],[134.3225,33.8791],[134.3223,33.8787],[134.3223,33.8781],[134.3221,33.8778],[134.3222,33.8775],[134.3224,33.8774],[134.323,33.8768],[134.3237,33.8766],[134.3243,33.8764],[134.3248,33.876],[134.3254,33.8756],[134.3257,33.8753],[134.3261,33.8748],[134.3262,33.8745],[134.3262,33.8743],[134.326,33.874],[134.3261,33.8732],[134.3262,33.873],[134.3262,33.8727],[134.3261,33.8724],[134.3261,33.8719],[134.3262,33.871],[134.3261,33.8705],[134.3261,33.8698],[134.3264,33.8692],[134.327,33.8687],[134.3272,33.8681],[134.3271,33.8677],[134.3271,33.8673],[134.3272,33.867],[134.3274,33.8668],[134.3275,33.8665],[134.3275,33.8661],[134.3274,33.8656],[134.3274,33.8654],[134.3273,33.8652],[134.3272,33.8652],[134.3267,33.8651],[134.3265,33.8651],[134.3264,33.8649],[134.3265,33.8643],[134.3266,33.864],[134.3268,33.8639],[134.327,33.8638],[134.3278,33.8638],[134.3284,33.8639],[134.3294,33.8638],[134.3301,33.8638],[134.3306,33.8639],[134.3309,33.864],[134.3319,33.864],[134.3328,33.8641],[134.3334,33.8644],[134.3339,33.8645],[134.3343,33.8645],[134.3346,33.8645],[134.3355,33.8647],[134.3358,33.8647],[134.3361,33.8645],[134.3362,33.8643],[134.3368,33.864],[134.3369,33.8639],[134.3371,33.8634],[134.3372,33.8623],[134.3373,33.8621],[134.3375,33.8619],[134.3378,33.8618],[134.3383,33.8615],[134.3386,33.8611],[134.3388,33.8609],[134.3391,33.8606],[134.3394,33.8605],[134.3404,33.8604],[134.341,33.8602],[134.3412,33.8601],[134.3414,33.8598],[134.3418,33.8595],[134.3423,33.8594],[134.3428,33.8594],[134.3435,33.8596],[134.344,33.8595],[134.3451,33.8595],[134.3462,33.8595],[134.3467,33.8594],[134.3469,33.8593],[134.3471,33.8588],[134.3475,33.8586],[134.3483,33.8585],[134.3489,33.8583],[134.3493,33.8582],[134.3498,33.8582],[134.3504,33.8582],[134.3505,33.8582],[134.3516,33.8578],[134.352,33.8575],[134.3521,33.8571],[134.3523,33.8569],[134.3523,33.8567],[134.3521,33.8564],[134.3519,33.8561],[134.3517,33.8558],[134.3516,33.8554],[134.3515,33.855],[134.3517,33.8545],[134.3518,33.8542],[134.3517,33.8533],[134.3516,33.853],[134.3512,33.8526],[134.351,33.8522],[134.3509,33.8518],[134.3509,33.8515],[134.351,33.8511],[134.351,33.8509],[134.3509,33.8505],[134.3507,33.8503],[134.3504,33.8501],[134.3513,33.8502],[134.3517,33.8503],[134.3522,33.8505],[134.3534,33.8511],[134.3536,33.8511],[134.3541,33.8509],[134.3544,33.8509],[134.3546,33.8509],[134.3549,33.8511],[134.3556,33.8511],[134.3562,33.8511],[134.357,33.851],[134.3571,33.8508],[134.3576,33.8504],[134.3589,33.8499],[134.3591,33.8496],[134.3593,33.8494],[134.3595,33.8489],[134.3596,33.8488],[134.3601,33.8487],[134.3606,33.8486],[134.3609,33.8487],[134.3616,33.8492],[134.3626,33.8494],[134.3629,33.8496],[134.3636,33.8497],[134.3642,33.8498],[134.3652,33.8501],[134.3654,33.8503],[134.3659,33.8508],[134.3662,33.8511],[134.3666,33.8514],[134.3674,33.8517],[134.368,33.8519],[134.3682,33.8519],[134.3687,33.8523],[134.3692,33.8527],[134.3699,33.8531],[134.3706,33.8533],[134.3709,33.8535],[134.3713,33.8539],[134.3718,33.8541],[134.3723,33.8545],[134.3727,33.8545],[134.3731,33.8548],[134.3735,33.8553],[134.3737,33.8554],[134.374,33.8555],[134.3749,33.8558],[134.3751,33.8559],[134.3753,33.8559],[134.3759,33.8559],[134.3762,33.856],[134.3765,33.8561],[134.377,33.8562],[134.3778,33.8562],[134.378,33.8561],[134.3781,33.8558],[134.3783,33.8553],[134.3783,33.8548],[134.3785,33.8544],[134.3787,33.8543],[134.3793,33.8542],[134.3796,33.854],[134.3797,33.8538],[134.38,33.8534],[134.3803,33.853],[134.3808,33.8527],[134.3811,33.8526],[134.3813,33.8525],[134.3818,33.8524],[134.3822,33.8522],[134.3824,33.8522],[134.3832,33.8521],[134.3838,33.8518],[134.3841,33.8515],[134.3845,33.8515],[134.3848,33.8518],[134.385,33.8518],[134.3853,33.8518],[134.3857,33.8517],[134.3865,33.8514],[134.3871,33.8512],[134.3875,33.8516],[134.3877,33.8517],[134.3887,33.8517],[134.3892,33.8516],[134.3895,33.8515],[134.3897,33.8516],[134.3899,33.8517],[134.3903,33.8522],[134.3907,33.8524],[134.3916,33.8532],[134.3921,33.8534],[134.3926,33.8534],[134.3927,33.8536],[134.3928,33.854],[134.3931,33.8542],[134.3933,33.8542],[134.3937,33.8541],[134.3942,33.8541],[134.3947,33.854],[134.3951,33.8537],[134.3954,33.8536],[134.3957,33.8535],[134.3959,33.8536],[134.3962,33.8538],[134.3961,33.8544],[134.3964,33.8548],[134.3968,33.855],[134.397,33.8551],[134.3975,33.8551],[134.3977,33.855],[134.398,33.8546],[134.3984,33.8547],[134.3991,33.8551],[134.3994,33.8554],[134.3998,33.8555],[134.4005,33.8556],[134.4011,33.8557],[134.4017,33.856],[134.4028,33.8556],[134.403,33.8553],[134.4031,33.8552],[134.4037,33.855],[134.404,33.855],[134.4041,33.8553],[134.4043,33.8554],[134.4054,33.8557],[134.4059,33.8558],[134.4061,33.8557],[134.4065,33.8555],[134.4067,33.8552],[134.4069,33.8552],[134.4071,33.8555],[134.4075,33.8558],[134.4076,33.856],[134.4082,33.8564],[134.4086,33.8566],[134.409,33.8567],[134.4092,33.8568],[134.4095,33.8572],[134.4102,33.8577],[134.4106,33.8578],[134.4115,33.858],[134.4117,33.8583],[134.4122,33.8585],[134.4127,33.859],[134.4142,33.8598],[134.4147,33.86],[134.4152,33.86],[134.4166,33.8601],[134.4171,33.8599],[134.4172,33.8598],[134.4177,33.8592],[134.4179,33.8591],[134.418,33.8589],[134.4184,33.8587],[134.4189,33.8586],[134.4194,33.8583],[134.4198,33.858],[134.4202,33.8578],[134.4207,33.8577],[134.421,33.8576],[134.4212,33.8577],[134.4217,33.8578],[134.4221,33.8578],[134.4224,33.8579],[134.4228,33.858],[134.4234,33.8578],[134.4238,33.8578],[134.4245,33.8582],[134.4251,33.8584],[134.4256,33.8583],[134.4265,33.8584],[134.4271,33.8584],[134.4276,33.8585],[134.4279,33.8586],[134.4284,33.8588],[134.4288,33.8589],[134.429,33.8589],[134.4291,33.8588],[134.4293,33.8593],[134.4296,33.8598],[134.4297,33.8602],[134.43,33.8604],[134.4305,33.8604],[134.4308,33.8604],[134.431,33.861],[134.431,33.8615],[134.431,33.8616],[134.4313,33.8617],[134.4318,33.8618],[134.4322,33.862],[134.4324,33.8621],[134.4325,33.8625],[134.4328,33.8627],[134.4334,33.8629],[134.4335,33.8633],[134.4337,33.8638],[134.4339,33.864],[134.4341,33.8641],[134.4347,33.8643],[134.4349,33.8644],[134.435,33.8646],[134.4351,33.865],[134.4353,33.866],[134.4355,33.8663],[134.4359,33.8666],[134.436,33.8668],[134.4362,33.8678],[134.4361,33.8684],[134.436,33.8692],[134.4362,33.8697],[134.436,33.8702],[134.4359,33.8706],[134.4358,33.8715],[134.4356,33.8719],[134.4356,33.8725],[134.4363,33.8729],[134.4366,33.873],[134.4371,33.8731],[134.4374,33.8733],[134.4377,33.8735],[134.4381,33.8739],[134.4384,33.874],[134.4389,33.8742],[134.4395,33.8745],[134.4399,33.8745],[134.4404,33.8744],[134.4408,33.8745],[134.4412,33.8746],[134.4417,33.8748],[134.4422,33.875],[134.4423,33.8751],[134.4426,33.8755],[134.4428,33.8759],[134.4427,33.8762],[134.4427,33.8764],[134.4432,33.8767],[134.4433,33.877],[134.4434,33.8775],[134.4436,33.8778],[134.4438,33.8781],[134.4441,33.8782],[134.4444,33.8784],[134.4447,33.8787],[134.445,33.8789],[134.4457,33.8793],[134.4464,33.8798],[134.4476,33.8806],[134.4479,33.8807],[134.4481,33.8809],[134.4484,33.8812],[134.4484,33.8817],[134.4484,33.8821],[134.4483,33.8824],[134.4482,33.8826],[134.4477,33.8829],[134.4473,33.8832],[134.4471,33.8835],[134.447,33.884],[134.4465,33.885],[134.4464,33.8853],[134.446,33.8856],[134.4458,33.8859],[134.4457,33.8862],[134.4453,33.8866],[134.4452,33.8869],[134.4447,33.8874],[134.4445,33.8881],[134.4445,33.8882],[134.4439,33.8883],[134.4438,33.8886],[134.444,33.889],[134.4441,33.8893],[134.444,33.8898],[134.4441,33.89],[134.4444,33.8901],[134.4448,33.8904],[134.445,33.8906],[134.4451,33.891],[134.4454,33.8912],[134.4459,33.8916],[134.4461,33.8919],[134.4463,33.8923],[134.4464,33.8924],[134.447,33.8927],[134.4476,33.893],[134.4477,33.8933],[134.4479,33.8939],[134.4481,33.8942],[134.4482,33.8943],[134.4481,33.8947],[134.4483,33.895],[134.4485,33.8952],[134.4489,33.8954],[134.449,33.8957],[134.4491,33.896],[134.4494,33.8964],[134.4498,33.8973],[134.4503,33.8978],[134.4505,33.898],[134.452,33.8987],[134.4524,33.8989],[134.4525,33.899],[134.4523,33.8995],[134.4523,33.8998],[134.4522,33.9003],[134.4521,33.9008],[134.4523,33.9012],[134.4526,33.9015],[134.4526,33.9019],[134.4524,33.9022],[134.4521,33.9025],[134.452,33.9028],[134.4519,33.9031],[134.452,33.9037],[134.452,33.904],[134.4517,33.9045],[134.4516,33.9048],[134.4517,33.905],[134.4519,33.9054],[134.452,33.9057],[134.4523,33.906],[134.4524,33.9063],[134.4525,33.9068],[134.4525,33.9075],[134.4524,33.9085],[134.4525,33.9087],[134.4529,33.9089],[134.4534,33.9091],[134.4534,33.9093],[134.4532,33.9095],[134.453,33.9097],[134.4529,33.9101],[134.4526,33.9108],[134.4525,33.9111],[134.4526,33.9116],[134.4527,33.912],[134.4526,33.9126],[134.4525,33.9132],[134.4522,33.9142],[134.4519,33.9152],[134.4518,33.9157],[134.4522,33.9158],[134.4525,33.9156],[134.4526,33.9154],[134.453,33.9154],[134.4532,33.9155],[134.4535,33.916],[134.4536,33.9163],[134.4536,33.9167],[134.4536,33.9171],[134.4535,33.9173],[134.4529,33.9182],[134.4525,33.9187],[134.4524,33.9194],[134.4521,33.9196],[134.4521,33.9198],[134.4522,33.92],[134.4527,33.9215],[134.4527,33.9219],[134.4529,33.9222],[134.4541,33.9222],[134.4551,33.9225],[134.4554,33.9226],[134.456,33.9232],[134.4563,33.9241],[134.4568,33.9251],[134.4567,33.9252],[134.4564,33.9254],[134.4559,33.9257],[134.4553,33.9259],[134.4547,33.9259],[134.4543,33.9259],[134.4531,33.926],[134.4522,33.9261],[134.4515,33.9261],[134.4504,33.9262],[134.4489,33.9264],[134.448,33.9267],[134.4475,33.9268],[134.4467,33.9269],[134.446,33.9268],[134.4455,33.9268],[134.4453,33.9269],[134.4448,33.9273],[134.4446,33.9274],[134.4441,33.9274],[134.4439,33.9274],[134.4437,33.9275],[134.4424,33.9283],[134.4421,33.9285],[134.4418,33.9285],[134.4412,33.9282],[134.4406,33.9281],[134.4399,33.9281],[134.4391,33.9281],[134.4382,33.9282],[134.4377,33.9282],[134.437,33.9282],[134.4367,33.9283],[134.4357,33.9287],[134.4355,33.9289],[134.4354,33.9292],[134.4353,33.9296],[134.4352,33.9298],[134.4348,33.9299],[134.4342,33.9298],[134.4337,33.9295],[134.4332,33.9295],[134.433,33.9295],[134.4327,33.9294],[134.4324,33.9294],[134.4322,33.9295],[134.4317,33.9305],[134.4314,33.9313],[134.4314,33.9314],[134.4318,33.9318],[134.4319,33.932],[134.4326,33.9322],[134.4334,33.9328],[134.4337,33.9331],[134.4339,33.9338],[134.4339,33.9339],[134.4336,33.934],[134.4333,33.9343],[134.4329,33.9344],[134.4326,33.9343],[134.4321,33.9343],[134.4314,33.9342],[134.4311,33.9343],[134.4303,33.9344],[134.4297,33.9346],[134.4295,33.9348],[134.4295,33.9351],[134.4297,33.9356],[134.43,33.9365],[134.4301,33.937],[134.4303,33.9372],[134.4306,33.9376],[134.431,33.9376],[134.4311,33.9378],[134.431,33.9382],[134.4314,33.9389],[134.4317,33.9395],[134.4319,33.9399],[134.432,33.9401],[134.4321,33.9405],[134.4322,33.9408],[134.4322,33.941],[134.4319,33.9414],[134.4319,33.9419],[134.4319,33.942],[134.4316,33.9422],[134.4314,33.9424],[134.4314,33.9428],[134.431,33.9435],[134.431,33.9448],[134.431,33.9453],[134.4305,33.9459],[134.4301,33.9463],[134.43,33.9469],[134.43,33.9471],[134.43,33.9476],[134.4302,33.9479],[134.4302,33.9483],[134.4304,33.9487],[134.4304,33.9489],[134.4304,33.9495],[134.4302,33.9499],[134.4302,33.9503],[134.4303,33.9509],[134.4303,33.9518],[134.4302,33.9528],[134.4304,33.9533],[134.4304,33.9539],[134.4307,33.9548],[134.4308,33.9552],[134.4312,33.9557],[134.4313,33.9561],[134.4312,33.9568],[134.4312,33.9569],[134.4316,33.9573],[134.4314,33.9576],[134.4309,33.9578],[134.4305,33.9579],[134.4303,33.9578],[134.4299,33.9575],[134.4296,33.9572],[134.4296,33.9569],[134.4295,33.9563],[134.4297,33.956],[134.429,33.9559],[134.4286,33.956],[134.4281,33.956],[134.4275,33.9563],[134.4272,33.9563],[134.4268,33.9563],[134.4265,33.9562],[134.4263,33.9559],[134.426,33.9558],[134.4251,33.956],[134.4247,33.956],[134.4245,33.9558],[134.4242,33.9553],[134.4239,33.955],[134.4237,33.9548],[134.4231,33.9545],[134.4228,33.9544],[134.4222,33.9545],[134.4206,33.9547],[134.4203,33.9548],[134.42,33.9549],[134.4196,33.955],[134.419,33.9551],[134.4183,33.955],[134.4171,33.9548],[134.4164,33.9546],[134.4158,33.9543],[134.4153,33.9543],[134.4145,33.9543],[134.4136,33.9542],[134.4128,33.954],[134.4122,33.9539],[134.4119,33.9539],[134.4114,33.9538],[134.4111,33.9534],[134.4108,33.9534],[134.4103,33.9534],[134.4101,33.9535],[134.4099,33.9535],[134.4094,33.9533],[134.4092,33.9533],[134.4086,33.9533],[134.4082,33.9533],[134.4073,33.9528],[134.4071,33.9527],[134.4066,33.9525],[134.405,33.9522],[134.4041,33.952],[134.4028,33.9517],[134.4021,33.9514],[134.4012,33.9514],[134.4009,33.9513],[134.4009,33.9511],[134.4008,33.9506],[134.4004,33.9499],[134.4003,33.9495],[134.4005,33.9488],[134.4006,33.9486],[134.4006,33.9483],[134.4008,33.9477],[134.4008,33.9473],[134.4009,33.9467],[134.4012,33.9461],[134.4012,33.9457],[134.4011,33.9455],[134.4009,33.9452],[134.4005,33.9449],[134.4001,33.9447],[134.3993,33.9445],[134.3991,33.9444],[134.3982,33.944],[134.3977,33.9438],[134.3973,33.9437],[134.3964,33.9437],[134.3957,33.9436],[134.3951,33.9434],[134.3948,33.9434],[134.3943,33.9436],[134.394,33.9437],[134.3934,33.9437],[134.3928,33.9436],[134.3922,33.9436],[134.3912,33.9437],[134.391,33.9437],[134.3907,33.9435],[134.3902,33.9427],[134.39,33.9424],[134.3897,33.9421],[134.3895,33.9418],[134.3894,33.9413],[134.3892,33.9408],[134.3887,33.9405],[134.3885,33.9405],[134.3881,33.9407],[134.3878,33.9408],[134.387,33.9409],[134.3865,33.941],[134.3864,33.941],[134.3861,33.9415],[134.3859,33.9417],[134.3852,33.9417],[134.3848,33.9417],[134.3835,33.9423],[134.3828,33.9421],[134.3823,33.9421],[134.3819,33.942],[134.3809,33.9419],[134.3806,33.9418],[134.3791,33.9412],[134.378,33.9406],[134.3779,33.9405],[134.3777,33.9401],[134.3776,33.9392],[134.3775,33.939],[134.3772,33.9389],[134.3757,33.938],[134.3754,33.9378],[134.3736,33.9364],[134.3723,33.9362],[134.372,33.9362],[134.3717,33.9364],[134.3713,33.9364],[134.3709,33.9365],[134.3705,33.9367],[134.3701,33.937],[134.3695,33.9372],[134.369,33.9372],[134.3685,33.9371],[134.3682,33.9369],[134.368,33.9366],[134.3678,33.9361],[134.3676,33.9354],[134.3673,33.9349],[134.3668,33.9342],[134.3659,33.9335],[134.3655,33.9334],[134.3648,33.9334],[134.3639,33.9334],[134.3634,33.9332],[134.3624,33.933],[134.3619,33.933],[134.3611,33.9327],[134.3609,33.9327],[134.3605,33.9329],[134.3598,33.9329],[134.3588,33.9328],[134.3582,33.9328],[134.357,33.9325],[134.3567,33.9324],[134.356,33.9325],[134.3554,33.9327],[134.3551,33.9327],[134.3546,33.9327],[134.3536,33.9323],[134.3533,33.9323],[134.3527,33.9324],[134.3525,33.9324],[134.3521,33.9322],[134.3508,33.9316],[134.3499,33.9312],[134.3497,33.931],[134.3492,33.9303],[134.3489,33.9301],[134.3483,33.9298],[134.3479,33.9295],[134.3476,33.9292],[134.3474,33.9287],[134.347,33.9283],[134.3463,33.9276],[134.3457,33.9272],[134.345,33.9269],[134.3444,33.9265],[134.3433,33.9261],[134.3429,33.9261],[134.3423,33.926],[134.3418,33.9258],[134.3415,33.9255],[134.3411,33.9252],[134.3407,33.925],[134.3404,33.9249],[134.3401,33.925],[134.3399,33.9252],[134.3397,33.9252],[134.3388,33.9255],[134.3382,33.9261],[134.3379,33.9263],[134.3377,33.9268],[134.3373,33.9272],[134.3367,33.9275],[134.3366,33.9277],[134.3366,33.9281],[134.3365,33.9283],[134.336,33.9286],[134.3352,33.929],[134.3349,33.9291],[134.3347,33.9294],[134.3345,33.9298],[134.3338,33.9304],[134.333,33.9307],[134.3327,33.9308],[134.3322,33.9312],[134.3309,33.9322],[134.3303,33.9324],[134.33,33.9326],[134.3294,33.9333],[134.3291,33.9335],[134.3284,33.9335],[134.3279,33.9338],[134.3276,33.9339],[134.3268,33.9344],[134.3265,33.9345],[134.3258,33.9344],[134.3251,33.9343],[134.3247,33.9341],[134.3244,33.9338],[134.3241,33.9334],[134.3236,33.9329],[134.3233,33.9328],[134.3226,33.9324],[134.3221,33.932],[134.3219,33.9317],[134.3218,33.9312],[134.3216,33.9311],[134.3211,33.931],[134.3208,33.9309],[134.3199,33.9302],[134.3196,33.93],[134.3186,33.9297],[134.318,33.9294],[134.3178,33.9293],[134.3174,33.9286],[134.3172,33.9284],[134.3164,33.928],[134.3163,33.9278],[134.3159,33.9274],[134.3153,33.9272],[134.3152,33.9269],[134.315,33.9267],[134.3141,33.9261],[134.3135,33.9259],[134.313,33.9258],[134.3128,33.9258],[134.3118,33.9263],[134.3107,33.9263],[134.3102,33.9264],[134.3094,33.9263],[134.3092,33.9263],[134.3084,33.9266],[134.3082,33.9267],[134.308,33.9271],[134.3077,33.9274],[134.3075,33.9276],[134.3066,33.9281],[134.3064,33.928],[134.3061,33.9272],[134.3058,33.9268],[134.3055,33.9265],[134.3051,33.9264],[134.3041,33.9261],[134.3036,33.926],[134.3033,33.9256],[134.3032,33.9252],[134.3031,33.9249],[134.3029,33.9245],[134.3026,33.924],[134.3026,33.9237],[134.3024,33.9226],[134.3023,33.922],[134.302,33.9214],[134.302,33.9212],[134.3021,33.9206],[134.3021,33.9204],[134.3019,33.92],[134.3017,33.9197],[134.3015,33.9194],[134.3012,33.9184],[134.301,33.9179],[134.3006,33.9172],[134.3,33.9165],[134.2996,33.9159],[134.2994,33.9155],[134.2994,33.9153],[134.2994,33.9149],[134.2994,33.9146],[134.2991,33.9143],[134.2989,33.9137],[134.2986,33.9134],[134.2985,33.913],[134.2984,33.9119],[134.2984,33.9113],[134.2985,33.9108],[134.2987,33.9104]]]},"properties":{"N03_001":"徳島県","N03_002":"","N03_003":"勝浦郡","N03_004":"上勝町","N03_007":"36302"}},
{"type":"Feature","geometry":{"type":"Polygon","coordinates":[[[134.4866,33.968],[134.4866,33.9682],[134.4865,33.9686],[134.4869,33.9689],[134.4869,33.9694],[134.4867,33.9696],[134.4866,33.97],[134.4868,33.9704],[134.4868,33.9705],[134.4867,33.9708],[134.4866,33.971],[134.4863,33.9712],[134.4863,33.9715],[134.4861,33.9723],[134.486,33.9726],[134.4856,33.973],[134.4854,33.9732],[134.4852,33.9738],[134.4852,33.974],[134.4854,33.9747],[134.4854,33.9754],[134.4854,33.9756],[134.485,33.9758],[134.4844,33.9759],[134.4835,33.9762],[134.4826,33.977],[134.4825,33.9772],[134.4822,33.9777],[134.482,33.9781],[134.4817,33.9791],[134.4814,33.9797],[134.4811,33.9802],[134.4814,33.9807],[134.4816,33.981],[134.4818,33.9815],[134.4818,33.9818],[134.4818,33.9829],[134.482,33.983],[134.4826,33.9832],[134.4833,33.9834],[134.4837,33.9835],[134.4843,33.9838],[134.485,33.9843],[134.4853,33.9846],[134.4855,33.9852],[134.4857,33.9854],[134.486,33.9856],[134.4864,33.9861],[134.4868,33.987],[134.4869,33.9874],[134.4871,33.9877],[134.4871,33.9878],[134.4869,33.989],[134.4869,33.9892],[134.4873,33.9894],[134.4884,33.9901],[134.4893,33.9908],[134.4899,33.991],[134.4907,33.9913],[134.4915,33.9922],[134.4917,33.9923],[134.4921,33.9925],[134.4925,33.9925],[134.4928,33.993],[134.4931,33.9934],[134.4935,33.9934],[134.4944,33.9933],[134.4949,33.9934],[134.4961,33.9933],[134.4963,33.9934],[134.4965,33.9941],[134.4967,33.9944],[134.497,33.9948],[134.4972,33.9952],[134.4972,33.9956],[134.4971,33.9964],[134.4971,33.997],[134.4971,33.9973],[134.497,33.9979],[134.4969,33.9981],[134.4964,33.9983],[134.4962,33.9986],[134.4959,33.9992],[134.4959,33.9993],[134.4963,34.0001],[134.4963,34.0005],[134.4963,34.0008],[134.4963,34.0011],[134.496,34.0013],[134.496,34.0014],[134.4965,34.002],[134.4966,34.0023],[134.4966,34.0025],[134.4964,34.0029],[134.4964,34.0033],[134.4959,34.0043],[134.4956,34.005],[134.4955,34.0055],[134.4959,34.0058],[134.4959,34.006],[134.4958,34.0063],[134.4956,34.0068],[134.4952,34.0073],[134.4948,34.0076],[134.4946,34.008],[134.4943,34.0083],[134.4943,34.0085],[134.4948,34.0094],[134.4952,34.01],[134.4954,34.0107],[134.4958,34.0109],[134.4964,34.0111],[134.4972,34.0112],[134.4977,34.0117],[134.4983,34.012],[134.4986,34.0122],[134.4987,34.0125],[134.4992,34.0132],[134.4991,34.0135],[134.4988,34.0135],[134.4981,34.0134],[134.4979,34.0135],[134.4976,34.014],[134.4975,34.0142],[134.4973,34.0141],[134.4968,34.0141],[134.4964,34.014],[134.4959,34.0137],[134.4957,34.0137],[134.4951,34.0137],[134.4948,34.0137],[134.4944,34.014],[134.4943,34.0143],[134.4935,34.0143],[134.4933,34.0143],[134.4929,34.0147],[134.4926,34.0151],[134.4924,34.0156],[134.4921,34.0161],[134.4917,34.0162],[134.4913,34.0166],[134.4908,34.0173],[134.4902,34.0185],[134.4901,34.0187],[134.4901,34.0191],[134.49,34.0197],[134.4899,34.0199],[134.4895,34.0203],[134.4892,34.0205],[134.4888,34.0206],[134.4883,34.0209],[134.4871,34.0214],[134.4861,34.0218],[134.4855,34.0219],[134.4849,34.0219],[134.4846,34.022],[134.4841,34.0222],[134.4835,34.0224],[134.483,34.0224],[134.4822,34.0224],[134.4819,34.0223],[134.4817,34.022],[134.4814,34.0218],[134.481,34.0216],[134.4807,34.0214],[134.4805,34.0211],[134.4801,34.021],[134.4795,34.021],[134.4787,34.0209],[134.4779,34.0207],[134.4775,34.0207],[134.4768,34.0208],[134.4763,34.0209],[134.476,34.0209],[134.4758,34.0208],[134.4755,34.0203],[134.4752,34.02],[134.4746,34.0198],[134.4742,34.0198],[134.474,34.0197],[134.4737,34.0193],[134.4734,34.0191],[134.4728,34.0187],[134.4726,34.0185],[134.4724,34.0183],[134.4724,34.0176],[134.4724,34.0172],[134.4724,34.0165],[134.4713,34.0165],[134.4705,34.0163],[134.47,34.0162],[134.4694,34.016],[134.4691,34.016],[134.4684,34.0157],[134.4681,34.0157],[134.4675,34.0157],[134.467,34.0149],[134.4668,34.0145],[134.4666,34.0142],[134.4665,34.0138],[134.4665,34.0132],[134.4665,34.0127],[134.4666,34.0121],[134.4666,34.0117],[134.4663,34.0109],[134.4666,34.0103],[134.4665,34.0101],[134.4664,34.0098],[134.4661,34.0096],[134.4656,34.0093],[134.4654,34.009],[134.4652,34.0088],[134.4647,34.0086],[134.4642,34.0081],[134.4639,34.0079],[134.4636,34.0078],[134.463,34.0075],[134.4624,34.0073],[134.4618,34.0071],[134.4612,34.0064],[134.4606,34.0064],[134.46,34.0065],[134.4595,34.0064],[134.4592,34.0062],[134.4588,34.0065],[134.4584,34.0067],[134.4574,34.0068],[134.4571,34.0069],[134.4566,34.0071],[134.4561,34.0076],[134.4558,34.0078],[134.4551,34.008],[134.4547,34.0082],[134.454,34.0084],[134.4534,34.0084],[134.4529,34.0083],[134.4524,34.0081],[134.4516,34.0076],[134.4513,34.0076],[134.451,34.0077],[134.4505,34.0081],[134.4502,34.0083],[134.4497,34.0084],[134.4496,34.0084],[134.4494,34.0087],[134.4489,34.0089],[134.4485,34.0091],[134.4478,34.0096],[134.4474,34.0098],[134.4468,34.0097],[134.4464,34.0096],[134.446,34.0095],[134.4452,34.0095],[134.4439,34.0096],[134.4436,34.0097],[134.4434,34.0099],[134.4427,34.01],[134.4423,34.0099],[134.4417,34.0096],[134.4412,34.0095],[134.4406,34.0095],[134.4404,34.0095],[134.4402,34.0093],[134.4401,34.009],[134.44,34.0087],[134.4398,34.0084],[134.4396,34.0083],[134.4385,34.0079],[134.4381,34.0077],[134.4372,34.0071],[134.4367,34.0067],[134.4367,34.0064],[134.4368,34.0057],[134.4369,34.005],[134.437,34.0049],[134.4374,34.0047],[134.4377,34.0045],[134.4379,34.0042],[134.4379,34.0035],[134.4381,34.0031],[134.438,34.003],[134.4379,34.0026],[134.4379,34.0024],[134.4379,34.0019],[134.438,34.0017],[134.4384,34.0008],[134.4384,34.0007],[134.4382,34.0001],[134.4378,33.9997],[134.4378,33.9995],[134.438,33.999],[134.4379,33.9989],[134.4376,33.9985],[134.4375,33.9982],[134.4373,33.9981],[134.4368,33.998],[134.4363,33.9977],[134.4356,33.9975],[134.4352,33.9971],[134.4343,33.9959],[134.4341,33.9957],[134.4336,33.9957],[134.4332,33.9955],[134.4328,33.9956],[134.4323,33.9957],[134.4321,33.9957],[134.4317,33.9956],[134.4311,33.9952],[134.4306,33.9946],[134.4303,33.9944],[134.4299,33.9943],[134.4295,33.9945],[134.4291,33.9947],[134.4288,33.995],[134.4286,33.9954],[134.4285,33.9958],[134.4284,33.9961],[134.4274,33.9964],[134.427,33.9965],[134.4267,33.9965],[134.4262,33.996],[134.4258,33.9957],[134.4255,33.9956],[134.4252,33.9955],[134.4246,33.9954],[134.424,33.9954],[134.4235,33.9955],[134.4234,33.9953],[134.4235,33.9945],[134.4236,33.9942],[134.4237,33.994],[134.4236,33.9936],[134.4235,33.9933],[134.4232,33.9931],[134.4223,33.9928],[134.4214,33.9924],[134.4207,33.992],[134.42,33.9917],[134.4196,33.9914],[134.4193,33.9909],[134.4191,33.9908],[134.4182,33.9907],[134.418,33.9907],[134.4177,33.9902],[134.4172,33.9896],[134.4173,33.9893],[134.4173,33.9888],[134.4171,33.9879],[134.417,33.9869],[134.4168,33.9868],[134.416,33.9867],[134.4154,33.9866],[134.4149,33.9865],[134.4143,33.9861],[134.414,33.986],[134.4128,33.9858],[134.4124,33.9857],[134.4118,33.9854],[134.4113,33.9851],[134.411,33.9847],[134.4108,33.9844],[134.4107,33.9838],[134.4108,33.9837],[134.4111,33.9835],[134.4111,33.9832],[134.4109,33.9824],[134.4106,33.9806],[134.4107,33.9799],[134.4108,33.9789],[134.4109,33.9779],[134.4111,33.9777],[134.4113,33.9772],[134.4112,33.9766],[134.4109,33.9762],[134.4104,33.9754],[134.4103,33.9752],[134.4098,33.9748],[134.4097,33.9747],[134.4084,33.9743],[134.4074,33.9741],[134.4069,33.974],[134.4065,33.9738],[134.4062,33.9735],[134.406,33.9731],[134.4061,33.9727],[134.4063,33.9723],[134.4065,33.9721],[134.4064,33.9719],[134.4065,33.9712],[134.4063,33.9708],[134.4062,33.9704],[134.4058,33.97],[134.4058,33.9697],[134.4059,33.9694],[134.4057,33.9689],[134.4057,33.9684],[134.4058,33.968],[134.4058,33.9677],[134.4057,33.9672],[134.4058,33.9671],[134.4063,33.9669],[134.4064,33.9667],[134.4068,33.9665],[134.4066,33.9664],[134.4059,33.9662],[134.4056,33.9659],[134.4048,33.9643],[134.4047,33.9638],[134.4047,33.9636],[134.4049,33.963],[134.405,33.9628],[134.4053,33.9624],[134.4053,33.9621],[134.4051,33.9618],[134.4049,33.9617],[134.404,33.9613],[134.4031,33.9612],[134.4025,33.9612],[134.4021,33.9609],[134.4014,33.9604],[134.4011,33.9601],[134.4006,33.96],[134.4005,33.9597],[134.4008,33.9591],[134.4008,33.9589],[134.4004,33.9586],[134.4002,33.9584],[134.3998,33.9577],[134.3995,33.9572],[134.3992,33.9567],[134.3992,33.9565],[134.3995,33.9561],[134.3995,33.9558],[134.3991,33.9554],[134.3992,33.9551],[134.3994,33.9548],[134.3996,33.9546],[134.3997,33.9543],[134.3997,33.9537],[134.3997,33.9525],[134.3999,33.9522],[134.4004,33.952],[134.4007,33.9516],[134.4009,33.9513],[134.4012,33.9514],[134.4021,33.9514],[134.4028,33.9517],[134.4041,33.952],[134.405,33.9522],[134.4066,33.9525],[134.4071,33.9527],[134.4073,33.9528],[134.4082,33.9533],[134.4086,33.9533],[134.4092,33.9533],[134.4094,33.9533],[134.4099,33.9535],[134.4101,33.9535],[134.4103,33.9534],[134.4108,33.9534],[134.4111,33.9534],[134.4114,33.9538],[134.4119,33.9539],[134.4122,33.9539],[134.4128,33.954],[134.4136,33.9542],[134.4145,33.9543],[134.4153,33.9543],[134.4158,33.9543],[134.4164,33.9546],[134.4171,33.9548],[134.4183,33.955],[134.419,33.9551],[134.4196,33.955],[134.42,33.9549],[134.4203,33.9548],[134.4206,33.9547],[134.4222,33.9545],[134.4228,33.9544],[134.4231,33.9545],[134.4237,33.9548],[134.4239,33.955],[134.4242,33.9553],[134.4245,33.9558],[134.4247,33.956],[134.4251,33.956],[134.426,33.9558],[134.4263,33.9559],[134.4265,33.9562],[134.4268,33.9563],[134.4272,33.9563],[134.4275,33.9563],[134.4281,33.956],[134.4286,33.956],[134.429,33.9559],[134.4297,33.956],[134.4295,33.9563],[134.4296,33.9569],[134.4296,33.9572],[134.4299,33.9575],[134.4303,33.9578],[134.4305,33.9579],[134.4309,33.9578],[134.4314,33.9576],[134.4316,33.9573],[134.432,33.9565],[134.4325,33.956],[134.4329,33.9556],[134.4334,33.9554],[134.4343,33.9549],[134.435,33.9548],[134.4354,33.9545],[134.4357,33.9545],[134.4364,33.9545],[134.4367,33.9544],[134.4374,33.954],[134.4377,33.9538],[134.4391,33.9539],[134.4395,33.954],[134.4399,33.9541],[134.4406,33.9544],[134.441,33.9544],[134.4418,33.9544],[134.4428,33.9543],[134.4435,33.9544],[134.4438,33.9544],[134.4441,33.9544],[134.4444,33.9545],[134.4451,33.955],[134.4455,33.9552],[134.4457,33.9555],[134.4461,33.9556],[134.4464,33.9556],[134.4472,33.9554],[134.448,33.9551],[134.4491,33.9545],[134.4504,33.9538],[134.4506,33.9537],[134.4511,33.9537],[134.4515,33.9535],[134.452,33.9532],[134.4523,33.9531],[134.4526,33.9531],[134.453,33.9531],[134.4535,33.953],[134.454,33.9529],[134.455,33.9526],[134.4557,33.9524],[134.4566,33.952],[134.4572,33.9519],[134.4577,33.952],[134.4585,33.9523],[134.4589,33.9523],[134.4595,33.9521],[134.4598,33.9521],[134.4606,33.9523],[134.4609,33.9523],[134.4612,33.9523],[134.4616,33.9521],[134.4619,33.9518],[134.4622,33.9516],[134.4624,33.9515],[134.4633,33.9513],[134.464,33.9512],[134.4644,33.9513],[134.4649,33.9515],[134.4658,33.9518],[134.466,33.9519],[134.467,33.9519],[134.4675,33.952],[134.4681,33.9521],[134.4683,33.9523],[134.4689,33.9527],[134.4693,33.9532],[134.4697,33.9537],[134.47,33.9542],[134.4701,33.9546],[134.4701,33.955],[134.47,33.9558],[134.47,33.9559],[134.4704,33.9566],[134.4705,33.9567],[134.4711,33.9569],[134.4715,33.9572],[134.4718,33.9574],[134.4724,33.9581],[134.4727,33.9584],[134.4731,33.9588],[134.4734,33.959],[134.4737,33.9597],[134.474,33.9606],[134.4744,33.9619],[134.4749,33.9624],[134.4758,33.9631],[134.476,33.9633],[134.4765,33.9643],[134.4765,33.9646],[134.4765,33.9648],[134.4763,33.965],[134.4759,33.9655],[134.4759,33.9657],[134.4763,33.9661],[134.4765,33.9664],[134.4767,33.9664],[134.477,33.9659],[134.4773,33.9657],[134.4778,33.9656],[134.4784,33.9653],[134.479,33.965],[134.4793,33.9648],[134.4796,33.9644],[134.4804,33.9646],[134.4808,33.9647],[134.4817,33.9647],[134.4821,33.9647],[134.4823,33.9648],[134.4824,33.965],[134.4825,33.9659],[134.4826,33.9661],[134.4833,33.9672],[134.4835,33.9673],[134.4838,33.9671],[134.4842,33.9671],[134.4852,33.9674],[134.4858,33.9677],[134.4864,33.9678],[134.4866,33.968]]]},"properties":{"N03_001":"徳島県","N03_002":"","N03_003":"名東郡","N03_004":"佐那河内村","N03_007":"36321"}},
{"type":"Feature","geometry":{"type":"Polygon","coordinates":[[[134.3974,34.0872],[134.3975,34.0866],[134.3977,34.086],[134.3978,34.0856],[134.3984,34.0833],[134.3986,34.0825],[134.3988,34.0816],[134.3991,34.08],[134.3992,34.0797],[134.3994,34.0794],[134.3997,34.0783],[134.4,34.0768],[134.4002,34.0758],[134.4005,34.075],[134.4006,34.0749],[134.4008,34.075],[134.4009,34.0752],[134.4011,34.0757],[134.4013,34.076],[134.4015,34.0762],[134.4019,34.0763],[134.4019,34.0756],[134.4019,34.0749],[134.4019,34.0746],[134.402,34.074],[134.402,34.0734],[134.402,34.073],[134.4018,34.0721],[134.4018,34.0715],[134.4019,34.0706],[134.402,34.0701],[134.4019,34.0697],[134.4019,34.0694],[134.4019,34.0692],[134.4021,34.0687],[134.4022,34.0683],[134.4022,34.0679],[134.4027,34.066],[134.4028,34.0654],[134.4029,34.0648],[134.403,34.0643],[134.4032,34.0632],[134.4031,34.0623],[134.4032,34.0615],[134.4032,34.0611],[134.403,34.0608],[134.4029,34.0605],[134.4029,34.0602],[134.4031,34.06],[134.4033,34.0587],[134.4034,34.0579],[134.4034,34.0562],[134.4035,34.056],[134.4038,34.0556],[134.4037,34.0553],[134.4038,34.0544],[134.4039,34.0539],[134.4042,34.0536],[134.4043,34.0533],[134.4043,34.0527],[134.404,34.0524],[134.4046,34.0524],[134.4052,34.0525],[134.4056,34.0527],[134.4062,34.053],[134.4066,34.0532],[134.4068,34.0534],[134.4069,34.0538],[134.407,34.0542],[134.4071,34.0545],[134.4075,34.055],[134.4077,34.0552],[134.4079,34.0552],[134.4085,34.0551],[134.4087,34.0551],[134.4091,34.0551],[134.4095,34.0553],[134.41,34.0557],[134.41,34.056],[134.4103,34.0565],[134.4106,34.0567],[134.4108,34.0569],[134.4122,34.0572],[134.4125,34.0572],[134.4131,34.0569],[134.4132,34.0569],[134.4139,34.0572],[134.4143,34.0572],[134.4145,34.057],[134.4146,34.0566],[134.4148,34.0564],[134.4151,34.0563],[134.4155,34.0565],[134.4156,34.0566],[134.4164,34.0563],[134.4167,34.0563],[134.4172,34.0564],[134.4177,34.0564],[134.418,34.0563],[134.4183,34.0561],[134.4185,34.0559],[134.4188,34.0559],[134.4191,34.056],[134.4198,34.056],[134.4211,34.0562],[134.422,34.0563],[134.4226,34.0563],[134.4234,34.0562],[134.4237,34.0554],[134.4242,34.0547],[134.4254,34.0537],[134.4264,34.053],[134.4272,34.0531],[134.428,34.0533],[134.4284,34.0533],[134.4286,34.0533],[134.4292,34.053],[134.4294,34.0531],[134.43,34.0534],[134.4304,34.0535],[134.431,34.0534],[134.4314,34.0533],[134.4318,34.0531],[134.4321,34.053],[134.4325,34.0531],[134.4328,34.0533],[134.4332,34.0534],[134.4335,34.0533],[134.434,34.0534],[134.435,34.0536],[134.4353,34.0536],[134.4356,34.0536],[134.4358,34.0537],[134.4367,34.054],[134.4375,34.0543],[134.4378,34.0543],[134.4393,34.054],[134.4397,34.0539],[134.4405,34.054],[134.4412,34.0539],[134.4418,34.0536],[134.4425,34.0536],[134.4431,34.0535],[134.4435,34.0532],[134.4437,34.0532],[134.4442,34.0533],[134.445,34.053],[134.4451,34.0534],[134.4451,34.0538],[134.4453,34.0539],[134.446,34.0542],[134.4466,34.0543],[134.4473,34.0544],[134.4486,34.0547],[134.45,34.0548],[134.4503,34.055],[134.4504,34.0552],[134.4508,34.0556],[134.451,34.0557],[134.4517,34.0557],[134.4519,34.0557],[134.4524,34.056],[134.4527,34.0561],[134.4534,34.0563],[134.4536,34.0565],[134.4539,34.057],[134.454,34.0571],[134.4546,34.0572],[134.4552,34.0577],[134.4554,34.0578],[134.4562,34.0575],[134.4569,34.0579],[134.4572,34.0579],[134.4577,34.0579],[134.458,34.0581],[134.4582,34.0586],[134.4585,34.0588],[134.4591,34.059],[134.4595,34.0592],[134.4598,34.0595],[134.4601,34.0599],[134.4605,34.06],[134.4611,34.06],[134.462,34.0599],[134.463,34.0595],[134.4638,34.0594],[134.4645,34.0594],[134.4648,34.0595],[134.4655,34.0604],[134.4658,34.0606],[134.4664,34.0607],[134.4666,34.0608],[134.4675,34.0618],[134.4683,34.062],[134.4691,34.0621],[134.4691,34.0625],[134.4687,34.0625],[134.4687,34.0627],[134.4691,34.0628],[134.469,34.063],[134.4689,34.0633],[134.4688,34.0639],[134.4687,34.0648],[134.4679,34.0647],[134.4677,34.0655],[134.4672,34.0654],[134.4673,34.0647],[134.4669,34.0646],[134.4669,34.066],[134.4668,34.0669],[134.4677,34.067],[134.4678,34.0662],[134.4687,34.0664],[134.4683,34.0673],[134.4681,34.0676],[134.4679,34.0684],[134.4678,34.0691],[134.4676,34.0702],[134.4675,34.0709],[134.4673,34.0714],[134.4665,34.0717],[134.4662,34.0719],[134.4658,34.0722],[134.4654,34.0727],[134.465,34.0731],[134.4647,34.0738],[134.4643,34.0746],[134.4645,34.0747],[134.4646,34.075],[134.4644,34.0757],[134.4643,34.0761],[134.4639,34.0773],[134.4636,34.0775],[134.4634,34.078],[134.4644,34.0783],[134.4648,34.0784],[134.4647,34.0787],[134.4642,34.0791],[134.4639,34.0796],[134.4637,34.0798],[134.4636,34.0802],[134.4636,34.0805],[134.4634,34.0812],[134.4633,34.0819],[134.4633,34.0823],[134.4634,34.0824],[134.464,34.0825],[134.4638,34.0834],[134.4633,34.0833],[134.4629,34.085],[134.4625,34.0867],[134.4632,34.0867],[134.464,34.0867],[134.4651,34.0868],[134.4654,34.0869],[134.4655,34.0868],[134.4656,34.0862],[134.4657,34.0861],[134.466,34.0862],[134.4661,34.0866],[134.4659,34.087],[134.4654,34.0875],[134.4649,34.0879],[134.4642,34.0887],[134.4639,34.089],[134.4634,34.0891],[134.4622,34.0894],[134.4614,34.0894],[134.4608,34.0894],[134.4603,34.0894],[134.4588,34.0894],[134.4584,34.0893],[134.4577,34.0892],[134.457,34.0891],[134.4561,34.089],[134.4549,34.0888],[134.4547,34.0887],[134.4544,34.0883],[134.4543,34.088],[134.454,34.0874],[134.4538,34.0871],[134.4532,34.0866],[134.4534,34.0866],[134.4533,34.0864],[134.4529,34.0865],[134.4529,34.0866],[134.4528,34.0883],[134.4527,34.0888],[134.4526,34.0905],[134.4526,34.091],[134.4526,34.0921],[134.4529,34.0929],[134.4535,34.0939],[134.4537,34.0944],[134.4539,34.0958],[134.4541,34.0964],[134.4542,34.0974],[134.4543,34.0984],[134.4543,34.0991],[134.4546,34.099],[134.4565,34.0978],[134.4574,34.0985],[134.4583,34.0992],[134.4583,34.0999],[134.4589,34.1002],[134.4591,34.1004],[134.4591,34.1008],[134.4592,34.1012],[134.4593,34.1014],[134.4592,34.1018],[134.4589,34.1022],[134.4595,34.1028],[134.4594,34.1031],[134.4596,34.1033],[134.4595,34.1036],[134.4592,34.1038],[134.4593,34.1052],[134.4594,34.1057],[134.4591,34.1058],[134.459,34.1059],[134.4593,34.106],[134.4593,34.1066],[134.4593,34.1072],[134.4592,34.1078],[134.4592,34.1082],[134.4591,34.1088],[134.4587,34.111],[134.4586,34.1116],[134.4585,34.1124],[134.4582,34.1124],[134.4575,34.112],[134.4573,34.1119],[134.4571,34.1114],[134.4567,34.1105],[134.4561,34.1095],[134.4551,34.1084],[134.4547,34.108],[134.4539,34.1072],[134.453,34.1065],[134.4529,34.1064],[134.4521,34.1059],[134.4517,34.1058],[134.4503,34.1047],[134.4497,34.1041],[134.4495,34.1042],[134.449,34.1048],[134.4487,34.1051],[134.4478,34.106],[134.4477,34.106],[134.4472,34.1057],[134.4466,34.1056],[134.4453,34.1054],[134.4448,34.1053],[134.4434,34.1051],[134.4422,34.1049],[134.4413,34.1048],[134.441,34.1048],[134.4385,34.1044],[134.4377,34.1043],[134.4359,34.1041],[134.4335,34.1038],[134.4313,34.1034],[134.4298,34.1031],[134.4296,34.1031],[134.4284,34.1029],[134.4275,34.1028],[134.4267,34.1027],[134.4255,34.1025],[134.424,34.1023],[134.4236,34.102],[134.4218,34.1009],[134.4197,34.0996],[134.4178,34.0985],[134.4143,34.0964],[134.4129,34.0955],[134.4113,34.0945],[134.4106,34.0942],[134.4097,34.0936],[134.4087,34.0931],[134.4077,34.0925],[134.4071,34.0922],[134.4061,34.0917],[134.4047,34.091],[134.4041,34.0906],[134.4035,34.0903],[134.403,34.09],[134.4013,34.0892],[134.4007,34.0889],[134.4001,34.0886],[134.3988,34.088],[134.398,34.0875],[134.3974,34.0872]]]},"properties":{"N03_001":"徳島県","N03_002":"","N03_003":"名西郡","N03_004":"石井町","N03_007":"36341"}},
{"type":"Feature","geometry":{"type":"Polygon","coordinates":[[[134.2314,33.9079],[134.2322,33.9085],[134.2325,33.9086],[134.2327,33.9086],[134.2332,33.9086],[134.2334,33.9087],[134.2337,33.9091],[134.234,33.9092],[134.235,33.9093],[134.2351,33.9094],[134.2356,33.9098],[134.2364,33.9099],[134.2373,33.9101],[134.2378,33.91],[134.238,33.9101],[134.2384,33.9104],[134.2387,33.9105],[134.2393,33.9109],[134.2396,33.911],[134.2405,33.9114],[134.2418,33.9117],[134.2426,33.9121],[134.2431,33.9124],[134.2434,33.9126],[134.2438,33.9128],[134.244,33.913],[134.2451,33.9133],[134.2455,33.9135],[134.2459,33.9137],[134.2464,33.9142],[134.2465,33.9143],[134.2469,33.9144],[134.2473,33.9147],[134.2483,33.9151],[134.249,33.9153],[134.2494,33.9157],[134.2497,33.916],[134.2498,33.9163],[134.2499,33.9168],[134.2499,33.917],[134.2505,33.917],[134.2514,33.9168],[134.252,33.9167],[134.2525,33.9168],[134.2526,33.9167],[134.253,33.9164],[134.2533,33.9162],[134.2537,33.9162],[134.2541,33.9161],[134.2544,33.9162],[134.2546,33.9164],[134.2549,33.9168],[134.2559,33.9168],[134.2563,33.9168],[134.2566,33.9167],[134.2572,33.9163],[134.2576,33.9163],[134.2597,33.917],[134.2621,33.9177],[134.263,33.9176],[134.2645,33.9175],[134.2653,33.9174],[134.2661,33.9172],[134.2667,33.917],[134.2673,33.917],[134.2679,33.917],[134.2685,33.917],[134.2692,33.9172],[134.2698,33.9173],[134.2708,33.9171],[134.2711,33.9171],[134.2726,33.9172],[134.2728,33.917],[134.2729,33.9167],[134.273,33.9166],[134.2736,33.9166],[134.2738,33.9166],[134.2742,33.9163],[134.2749,33.9157],[134.2754,33.9155],[134.2759,33.9155],[134.2763,33.9154],[134.2769,33.9153],[134.2774,33.9151],[134.278,33.915],[134.2785,33.9151],[134.2796,33.9155],[134.28,33.9155],[134.2803,33.9155],[134.2814,33.9156],[134.282,33.9158],[134.2822,33.9158],[134.2832,33.9154],[134.284,33.9153],[134.2847,33.9154],[134.2852,33.9154],[134.2861,33.9152],[134.2863,33.9152],[134.2863,33.9148],[134.2862,33.9143],[134.2862,33.9136],[134.2863,33.9133],[134.287,33.913],[134.2873,33.9127],[134.2878,33.912],[134.2881,33.9113],[134.2883,33.9107],[134.2886,33.9102],[134.2892,33.9094],[134.2894,33.9088],[134.2896,33.9083],[134.2898,33.9077],[134.2899,33.9072],[134.2902,33.9069],[134.2904,33.9068],[134.2913,33.9068],[134.2922,33.9069],[134.2927,33.9069],[134.2934,33.9069],[134.2944,33.9067],[134.2946,33.9067],[134.2947,33.9071],[134.2948,33.9073],[134.2954,33.9077],[134.2958,33.9081],[134.2959,33.9083],[134.2962,33.9087],[134.2964,33.9091],[134.2962,33.9094],[134.2968,33.9098],[134.2974,33.91],[134.2983,33.9101],[134.2985,33.9102],[134.2987,33.9104],[134.2985,33.9108],[134.2984,33.9113],[134.2984,33.9119],[134.2985,33.913],[134.2986,33.9134],[134.2989,33.9137],[134.2991,33.9143],[134.2994,33.9146],[134.2994,33.9149],[134.2994,33.9153],[134.2994,33.9155],[134.2996,33.9159],[134.3,33.9165],[134.3006,33.9172],[134.301,33.9179],[134.3012,33.9184],[134.3015,33.9194],[134.3017,33.9197],[134.3019,33.92],[134.3021,33.9204],[134.3021,33.9206],[134.302,33.9212],[134.302,33.9214],[134.3023,33.922],[134.3024,33.9226],[134.3026,33.9237],[134.3026,33.924],[134.3029,33.9245],[134.3031,33.9249],[134.3032,33.9252],[134.3033,33.9256],[134.3036,33.926],[134.3041,33.9261],[134.3051,33.9264],[134.3055,33.9265],[134.3058,33.9268],[134.3061,33.9272],[134.3064,33.928],[134.3066,33.9281],[134.3075,33.9276],[134.3077,33.9274],[134.308,33.9271],[134.3082,33.9267],[134.3084,33.9266],[134.3092,33.9263],[134.3094,33.9263],[134.3102,33.9264],[134.3107,33.9263],[134.3118,33.9263],[134.3128,33.9258],[134.313,33.9258],[134.3135,33.9259],[134.3141,33.9261],[134.315,33.9267],[134.3152,33.9269],[134.3153,33.9272],[134.3159,33.9274],[134.3163,33.9278],[134.3164,33.928],[134.3172,33.9284],[134.3174,33.9286],[134.3178,33.9293],[134.318,33.9294],[134.3186,33.9297],[134.3196,33.93],[134.3199,33.9302],[134.3208,33.9309],[134.3211,33.931],[134.3216,33.9311],[134.3218,33.9312],[134.3219,33.9317],[134.3221,33.932],[134.3226,33.9324],[134.3233,33.9328],[134.3236,33.9329],[134.3241,33.9334],[134.3244,33.9338],[134.3247,33.9341],[134.3251,33.9343],[134.3258,33.9344],[134.3265,33.9345],[134.3268,33.9344],[134.3276,33.9339],[134.3279,33.9338],[134.3284,33.9335],[134.3291,33.9335],[134.3294,33.9333],[134.33,33.9326],[134.3303,33.9324],[134.3309,33.9322],[134.3322,33.9312],[134.3327,33.9308],[134.333,33.9307],[134.3338,33.9304],[134.3345,33.9298],[134.3347,33.9294],[134.3349,33.9291],[134.3352,33.929],[134.336,33.9286],[134.3365,33.9283],[134.3366,33.9281],[134.3366,33.9277],[134.3367,33.9275],[134.3373,33.9272],[134.3377,33.9268],[134.3379,33.9263],[134.3382,33.9261],[134.3388,33.9255],[134.3397,33.9252],[134.3399,33.9252],[134.3401,33.925],[134.3404,33.9249],[134.3407,33.925],[134.3411,33.9252],[134.3415,33.9255],[134.3418,33.9258],[134.3423,33.926],[134.3429,33.9261],[134.3433,33.9261],[134.3444,33.9265],[134.345,33.9269],[134.3457,33.9272],[134.3463,33.9276],[134.347,33.9283],[134.3474,33.9287],[134.3476,33.9292],[134.3479,33.9295],[134.3483,33.9298],[134.3489,33.9301],[134.3492,33.9303],[134.3497,33.931],[134.3499,33.9312],[134.3508,33.9316],[134.3521,33.9322],[134.3525,33.9324],[134.3527,33.9324],[134.3533,33.9323],[134.3536,33.9323],[134.3546,33.9327],[134.3551,33.9327],[134.3554,33.9327],[134.356,33.9325],[134.3567,33.9324],[134.357,33.9325],[134.3582,33.9328],[134.3588,33.9328],[134.3598,33.9329],[134.3605,33.9329],[134.3609,33.9327],[134.3611,33.9327],[134.3619,33.933],[134.3624,33.933],[134.3634,33.9332],[134.3639,33.9334],[134.3648,33.9334],[134.3655,33.9334],[134.3659,33.9335],[134.3668,33.9342],[134.3673,33.9349],[134.3676,33.9354],[134.3678,33.9361],[134.368,33.9366],[134.3682,33.9369],[134.3685,33.9371],[134.369,33.9372],[134.3695,33.9372],[134.3701,33.937],[134.3705,33.9367],[134.3709,33.9365],[134.3713,33.9364],[134.3717,33.9364],[134.372,33.9362],[134.3723,33.9362],[134.3736,33.9364],[134.3754,33.9378],[134.3757,33.938],[134.3772,33.9389],[134.3775,33.939],[134.3776,33.9392],[134.3777,33.9401],[134.3779,33.9405],[134.378,33.9406],[134.3791,33.9412],[134.3806,33.9418],[134.3809,33.9419],[134.3819,33.942],[134.3823,33.9421],[134.3828,33.9421],[134.3835,33.9423],[134.3848,33.9417],[134.3852,33.9417],[134.3859,33.9417],[134.3861,33.9415],[134.3864,33.941],[134.3865,33.941],[134.387,33.9409],[134.3878,33.9408],[134.3881,33.9407],[134.3885,33.9405],[134.3887,33.9405],[134.3892,33.9408],[134.3894,33.9413],[134.3895,33.9418],[134.3897,33.9421],[134.39,33.9424],[134.3902,33.9427],[134.3907,33.9435],[134.391,33.9437],[134.3912,33.9437],[134.3922,33.9436],[134.3928,33.9436],[134.3934,33.9437],[134.394,33.9437],[134.3943,33.9436],[134.3948,33.9434],[134.3951,33.9434],[134.3957,33.9436],[134.3964,33.9437],[134.3973,33.9437],[134.3977,33.9438],[134.3982,33.944],[134.3991,33.9444],[134.3993,33.9445],[134.4001,33.9447],[134.4005,33.9449],[134.4009,33.9452],[134.4011,33.9455],[134.4012,33.9457],[134.4012,33.9461],[134.4009,33.9467],[134.4008,33.9473],[134.4008,33.9477],[134.4006,33.9483],[134.4006,33.9486],[134.4005,33.9488],[134.4003,33.9495],[134.4004,33.9499],[134.4008,33.9506],[134.4009,33.9511],[134.4009,33.9513],[134.4007,33.9516],[134.4004,33.952],[134.3999,33.9522],[134.3997,33.9525],[134.3997,33.9537],[134.3997,33.9543],[134.3996,33.9546],[134.3994,33.9548],[134.3992,33.9551],[134.3991,33.9554],[134.3995,33.9558],[134.3995,33.9561],[134.3992,33.9565],[134.3992,33.9567],[134.3995,33.9572],[134.3998,33.9577],[134.4002,33.9584],[134.4004,33.9586],[134.4008,33.9589],[134.4008,33.9591],[134.4005,33.9597],[134.4006,33.96],[134.4011,33.9601],[134.4014,33.9604],[134.4021,33.9609],[134.4025,33.9612],[134.4031,33.9612],[134.404,33.9613],[134.4049,33.9617],[134.4051,33.9618],[134.4053,33.9621],[134.4053,33.9624],[134.405,33.9628],[134.4049,33.963],[134.4047,33.9636],[134.4047,33.9638],[134.4048,33.9643],[134.4056,33.9659],[134.4059,33.9662],[134.4066,33.9664],[134.4068,33.9665],[134.4064,33.9667],[134.4063,33.9669],[134.4058,33.9671],[134.4057,33.9672],[134.4058,33.9677],[134.4058,33.968],[134.4057,33.9684],[134.4057,33.9689],[134.4059,33.9694],[134.4058,33.9697],[134.4058,33.97],[134.4062,33.9704],[134.4063,33.9708],[134.4065,33.9712],[134.4064,33.9719],[134.4065,33.9721],[134.4063,33.9723],[134.4061,33.9727],[134.406,33.9731],[134.4062,33.9735],[134.4065,33.9738],[134.4069,33.974],[134.4074,33.9741],[134.4084,33.9743],[134.4097,33.9747],[134.4098,33.9748],[134.4103,33.9752],[134.4104,33.9754],[134.4109,33.9762],[134.4112,33.9766],[134.4113,33.9772],[134.4111,33.9777],[134.4109,33.9779],[134.4108,33.9789],[134.4107,33.9799],[134.4106,33.9806],[134.4109,33.9824],[134.4111,33.9832],[134.4111,33.9835],[134.4108,33.9837],[134.4107,33.9838],[134.4108,33.9844],[134.411,33.9847],[134.4113,33.9851],[134.4118,33.9854],[134.4124,33.9857],[134.4128,33.9858],[134.414,33.986],[134.4143,33.9861],[134.4149,33.9865],[134.4154,33.9866],[134.416,33.9867],[134.4168,33.9868],[134.417,33.9869],[134.4171,33.9879],[134.4173,33.9888],[134.4173,33.9893],[134.4172,33.9896],[134.4177,33.9902],[134.418,33.9907],[134.4182,33.9907],[134.4191,33.9908],[134.4193,33.9909],[134.4196,33.9914],[134.42,33.9917],[134.4207,33.992],[134.4214,33.9924],[134.4223,33.9928],[134.4232,33.9931],[134.4235,33.9933],[134.4236,33.9936],[134.4237,33.994],[134.4236,33.9942],[134.4235,33.9945],[134.4234,33.9953],[134.4235,33.9955],[134.424,33.9954],[134.4246,33.9954],[134.4252,33.9955],[134.4255,33.9956],[134.4258,33.9957],[134.4262,33.996],[134.4267,33.9965],[134.427,33.9965],[134.4274,33.9964],[134.4284,33.9961],[134.4285,33.9958],[134.4286,33.9954],[134.4288,33.995],[134.4291,33.9947],[134.4295,33.9945],[134.4299,33.9943],[134.4303,33.9944],[134.4306,33.9946],[134.4311,33.9952],[134.4317,33.9956],[134.4321,33.9957],[134.4323,33.9957],[134.4328,33.9956],[134.4332,33.9955],[134.4336,33.9957],[134.4341,33.9957],[134.4343,33.9959],[134.4352,33.9971],[134.4356,33.9975],[134.4363,33.9977],[134.4368,33.998],[134.4373,33.9981],[134.4375,33.9982],[134.4376,33.9985],[134.4379,33.9989],[134.438,33.999],[134.4378,33.9995],[134.4378,33.9997],[134.4382,34.0001],[134.4384,34.0007],[134.4384,34.0008],[134.438,34.0017],[134.4379,34.0019],[134.4379,34.0024],[134.4379,34.0026],[134.438,34.003],[134.4381,34.0031],[134.4379,34.0035],[134.4379,34.0042],[134.4377,34.0045],[134.4374,34.0047],[134.437,34.0049],[134.4369,34.005],[134.4368,34.0057],[134.4367,34.0064],[134.4367,34.0067],[134.4372,34.0071],[134.4381,34.0077],[134.4385,34.0079],[134.4396,34.0083],[134.4398,34.0084],[134.44,34.0087],[134.4401,34.009],[134.4402,34.0093],[134.4404,34.0095],[134.4406,34.0095],[134.4412,34.0095],[134.4417,34.0096],[134.4423,34.0099],[134.4427,34.01],[134.4434,34.0099],[134.4436,34.0097],[134.4439,34.0096],[134.4452,34.0095],[134.446,34.0095],[134.4464,34.0096],[134.4468,34.0097],[134.4474,34.0098],[134.4478,34.0096],[134.4485,34.0091],[134.4489,34.0089],[134.4494,34.0087],[134.4496,34.0084],[134.4499,34.0089],[134.4501,34.0094],[134.4504,34.0097],[134.4511,34.0104],[134.4517,34.0114],[134.4517,34.0116],[134.4518,34.0123],[134.4519,34.0127],[134.4522,34.013],[134.4524,34.0134],[134.4532,34.0142],[134.4533,34.0145],[134.4534,34.0151],[134.4531,34.0155],[134.453,34.0159],[134.453,34.0169],[134.4526,34.0174],[134.4521,34.0184],[134.4518,34.0186],[134.4516,34.0189],[134.451,34.0195],[134.4508,34.0198],[134.4507,34.0204],[134.4503,34.0208],[134.4493,34.0207],[134.449,34.0207],[134.4489,34.0206],[134.4483,34.0205],[134.4472,34.0203],[134.4468,34.0203],[134.4465,34.0203],[134.4461,34.0203],[134.4456,34.0204],[134.4451,34.0206],[134.4447,34.021],[134.4445,34.021],[134.4444,34.0209],[134.4442,34.0205],[134.4441,34.0203],[134.4439,34.0202],[134.4435,34.02],[134.4431,34.0197],[134.443,34.0191],[134.4429,34.0189],[134.4423,34.0178],[134.4419,34.0176],[134.4414,34.0176],[134.4409,34.0177],[134.4403,34.0176],[134.4403,34.0178],[134.4395,34.0178],[134.4389,34.0179],[134.4384,34.0178],[134.4383,34.0179],[134.4382,34.0182],[134.4381,34.0182],[134.4377,34.0181],[134.4373,34.018],[134.4368,34.0179],[134.4364,34.018],[134.4359,34.018],[134.4356,34.0182],[134.4354,34.0186],[134.4353,34.0188],[134.4354,34.0193],[134.4351,34.0203],[134.435,34.0207],[134.4345,34.0213],[134.4343,34.0214],[134.4335,34.0218],[134.433,34.0222],[134.4325,34.0226],[134.4321,34.0229],[134.4318,34.023],[134.4314,34.0237],[134.4311,34.024],[134.4307,34.0241],[134.4299,34.0243],[134.429,34.0243],[134.4284,34.0248],[134.428,34.0251],[134.4275,34.0255],[134.4273,34.0257],[134.4273,34.0259],[134.4273,34.0264],[134.4272,34.0268],[134.4268,34.0274],[134.4268,34.0277],[134.4269,34.0278],[134.4274,34.0282],[134.4277,34.0286],[134.428,34.0288],[134.4283,34.0292],[134.4284,34.0295],[134.4286,34.0298],[134.4287,34.0304],[134.4286,34.0309],[134.4287,34.0312],[134.429,34.0314],[134.429,34.0319],[134.429,34.0321],[134.429,34.0327],[134.4289,34.0332],[134.429,34.034],[134.4289,34.0344],[134.4289,34.0351],[134.4288,34.0357],[134.4289,34.0362],[134.4291,34.0369],[134.4292,34.0377],[134.4294,34.0382],[134.4294,34.0385],[134.4292,34.0389],[134.4293,34.0394],[134.4293,34.0398],[134.4292,34.04],[134.4287,34.0402],[134.4286,34.0404],[134.4283,34.0409],[134.4281,34.0411],[134.4277,34.0413],[134.4273,34.0417],[134.4266,34.0424],[134.4265,34.0426],[134.4265,34.043],[134.4262,34.0433],[134.4258,34.0432],[134.4249,34.0435],[134.4247,34.0436],[134.4245,34.0439],[134.4245,34.0442],[134.4243,34.0445],[134.4237,34.0448],[134.4236,34.045],[134.4233,34.0463],[134.4229,34.0473],[134.4226,34.0481],[134.4225,34.0484],[134.4227,34.0485],[134.4236,34.0488],[134.4239,34.049],[134.4243,34.0495],[134.4247,34.0497],[134.4249,34.05],[134.4249,34.0502],[134.4251,34.0503],[134.4253,34.0504],[134.4258,34.0505],[134.426,34.0506],[134.4261,34.0509],[134.4262,34.0513],[134.4262,34.0522],[134.4263,34.0525],[134.4263,34.0528],[134.4264,34.053],[134.4254,34.0537],[134.4242,34.0547],[134.4237,34.0554],[134.4234,34.0562],[134.4226,34.0563],[134.422,34.0563],[134.4211,34.0562],[134.4198,34.056],[134.4191,34.056],[134.4188,34.0559],[134.4185,34.0559],[134.4183,34.0561],[134.418,34.0563],[134.4177,34.0564],[134.4172,34.0564],[134.4167,34.0563],[134.4164,34.0563],[134.4156,34.0566],[134.4155,34.0565],[134.4151,34.0563],[134.4148,34.0564],[134.4146,34.0566],[134.4145,34.057],[134.4143,34.0572],[134.4139,34.0572],[134.4132,34.0569],[134.4131,34.0569],[134.4125,34.0572],[134.4122,34.0572],[134.4108,34.0569],[134.4106,34.0567],[134.4103,34.0565],[134.41,34.056],[134.41,34.0557],[134.4095,34.0553],[134.4091,34.0551],[134.4087,34.0551],[134.4085,34.0551],[134.4079,34.0552],[134.4077,34.0552],[134.4075,34.055],[134.4071,34.0545],[134.407,34.0542],[134.4069,34.0538],[134.4068,34.0534],[134.4066,34.0532],[134.4062,34.053],[134.4056,34.0527],[134.4052,34.0525],[134.4046,34.0524],[134.404,34.0524],[134.4036,34.0519],[134.4035,34.0516],[134.4035,34.0511],[134.4034,34.0507],[134.4034,34.0503],[134.4033,34.05],[134.403,34.0499],[134.4024,34.0501],[134.4016,34.0502],[134.4006,34.0504],[134.4,34.0505],[134.3996,34.0506],[134.3993,34.0508],[134.3992,34.051],[134.399,34.0512],[134.3984,34.0514],[134.3979,34.0516],[134.3971,34.0518],[134.3967,34.0522],[134.3964,34.0526],[134.396,34.0526],[134.3954,34.0526],[134.3953,34.0526],[134.3949,34.053],[134.3946,34.0531],[134.3943,34.0529],[134.3936,34.052],[134.3932,34.052],[134.3931,34.052],[134.393,34.0513],[134.3928,34.0508],[134.3924,34.0504],[134.3919,34.0501],[134.3918,34.0497],[134.3916,34.0496],[134.3913,34.0495],[134.3907,34.0491],[134.3902,34.0488],[134.3892,34.0485],[134.3886,34.0481],[134.3877,34.0475],[134.3873,34.0463],[134.387,34.046],[134.3866,34.046],[134.386,34.046],[134.3856,34.0459],[134.3855,34.0458],[134.3857,34.0451],[134.3856,34.0449],[134.3851,34.0447],[134.3847,34.0447],[134.3844,34.0447],[134.3837,34.0444],[134.3829,34.0443],[134.382,34.0441],[134.3816,34.044],[134.3809,34.0439],[134.3803,34.0437],[134.3798,34.0436],[134.3797,34.0434],[134.3794,34.0426],[134.3794,34.0423],[134.3792,34.0421],[134.379,34.0421],[134.3785,34.0423],[134.3782,34.0423],[134.3781,34.0422],[134.378,34.0418],[134.3777,34.0416],[134.3774,34.0416],[134.3767,34.0417],[134.3763,34.0417],[134.3762,34.0417],[134.376,34.0412],[134.3757,34.0408],[134.3746,34.0402],[134.3741,34.0397],[134.3733,34.0396],[134.3731,34.0394],[134.3725,34.0392],[134.3724,34.039],[134.3724,34.0388],[134.3725,34.0383],[134.3724,34.038],[134.3722,34.0377],[134.3721,34.0374],[134.3721,34.0365],[134.3724,34.0362],[134.3725,34.0354],[134.3725,34.0349],[134.3723,34.0347],[134.3712,34.0338],[134.3709,34.0334],[134.3707,34.0329],[134.3707,34.0323],[134.3705,34.032],[134.3695,34.0316],[134.369,34.0313],[134.3689,34.031],[134.3687,34.0307],[134.3682,34.0304],[134.3678,34.0302],[134.367,34.0294],[134.3668,34.0291],[134.3665,34.029],[134.3655,34.029],[134.365,34.0292],[134.365,34.0296],[134.3647,34.0304],[134.3646,34.0306],[134.3642,34.0309],[134.3639,34.031],[134.3636,34.0309],[134.3633,34.0309],[134.3629,34.0311],[134.3621,34.0319],[134.361,34.0325],[134.3609,34.0326],[134.3603,34.0332],[134.3601,34.0335],[134.3596,34.034],[134.3596,34.0345],[134.3594,34.0349],[134.3591,34.0352],[134.3588,34.0354],[134.3575,34.0363],[134.3568,34.0367],[134.3557,34.0371],[134.3555,34.0374],[134.3553,34.038],[134.3545,34.0395],[134.3543,34.0396],[134.3539,34.0396],[134.3531,34.0395],[134.3523,34.0393],[134.3514,34.0389],[134.3505,34.039],[134.3501,34.0389],[134.3498,34.0388],[134.3495,34.0383],[134.3494,34.038],[134.3489,34.0375],[134.3488,34.0371],[134.3489,34.0366],[134.3489,34.0363],[134.3487,34.0359],[134.3485,34.0357],[134.3482,34.0355],[134.3473,34.0354],[134.3469,34.0351],[134.3468,34.035],[134.3468,34.0345],[134.3468,34.0343],[134.3463,34.0337],[134.3459,34.0333],[134.3452,34.033],[134.3442,34.0326],[134.3437,34.0323],[134.3434,34.0321],[134.343,34.0317],[134.3429,34.0314],[134.3423,34.0315],[134.342,34.0315],[134.3409,34.0316],[134.3403,34.0315],[134.3401,34.0316],[134.3394,34.0316],[134.3386,34.0317],[134.3382,34.0317],[134.3372,34.0314],[134.3367,34.0314],[134.3364,34.0313],[134.3361,34.0312],[134.3356,34.0308],[134.3349,34.03],[134.3349,34.0298],[134.3348,34.029],[134.3348,34.0285],[134.3349,34.0278],[134.3352,34.0272],[134.3353,34.0269],[134.3354,34.0266],[134.3354,34.0263],[134.3353,34.0257],[134.3353,34.0252],[134.3352,34.0246],[134.3353,34.0242],[134.3351,34.0234],[134.3346,34.0227],[134.3344,34.0221],[134.3342,34.0211],[134.3342,34.0205],[134.334,34.0203],[134.3337,34.0201],[134.3325,34.0195],[134.3319,34.0191],[134.3314,34.0186],[134.3309,34.0183],[134.3307,34.0182],[134.3306,34.0179],[134.3306,34.0177],[134.3307,34.0174],[134.3309,34.017],[134.3305,34.0159],[134.3303,34.0154],[134.3297,34.0148],[134.3297,34.0145],[134.3298,34.0143],[134.33,34.0138],[134.3301,34.0136],[134.33,34.0134],[134.3294,34.0132],[134.3288,34.0131],[134.3285,34.0129],[134.3283,34.0127],[134.3279,34.0123],[134.3275,34.0116],[134.327,34.0112],[134.3268,34.0108],[134.3265,34.0107],[134.3259,34.0105],[134.3255,34.0104],[134.325,34.0103],[134.3247,34.0101],[134.3242,34.0094],[134.3235,34.0089],[134.3233,34.0087],[134.3232,34.0086],[134.3233,34.0082],[134.3234,34.0079],[134.3234,34.0072],[134.3236,34.0068],[134.3239,34.0063],[134.324,34.0062],[134.324,34.0058],[134.3236,34.0054],[134.3235,34.0053],[134.3238,34.0051],[134.3243,34.0045],[134.3245,34.004],[134.3248,34.0033],[134.3251,34.0029],[134.325,34.0028],[134.3247,34.0029],[134.3241,34.0033],[134.3227,34.004],[134.3216,34.0044],[134.321,34.0047],[134.3207,34.0048],[134.3199,34.0048],[134.3195,34.0049],[134.3191,34.0051],[134.3189,34.0053],[134.3187,34.0056],[134.3185,34.0058],[134.3179,34.0059],[134.3172,34.0064],[134.3163,34.0065],[134.3152,34.0066],[134.3144,34.0067],[134.3135,34.0073],[134.3128,34.0075],[134.3122,34.0076],[134.3118,34.0076],[134.3111,34.0075],[134.3108,34.0073],[134.3101,34.0066],[134.3094,34.0058],[134.3088,34.0054],[134.3083,34.0053],[134.3074,34.0054],[134.3072,34.0053],[134.3063,34.0051],[134.3058,34.0052],[134.3055,34.0052],[134.3051,34.0051],[134.3042,34.0051],[134.3035,34.0051],[134.3019,34.0051],[134.3017,34.0052],[134.3014,34.0055],[134.3007,34.0058],[134.3004,34.0059],[134.3,34.0061],[134.2997,34.0062],[134.2989,34.0065],[134.2986,34.0061],[134.2981,34.0052],[134.298,34.0051],[134.2972,34.0044],[134.2971,34.0042],[134.2967,34.0033],[134.2965,34.003],[134.2962,34.0027],[134.2956,34.0025],[134.2949,34.0025],[134.294,34.0026],[134.2936,34.0026],[134.2928,34.0023],[134.2924,34.0022],[134.2919,34.0024],[134.2916,34.0025],[134.2913,34.0025],[134.2909,34.0024],[134.2905,34.0021],[134.29,34.0018],[134.2896,34.0017],[134.2892,34.0013],[134.2888,34.0007],[134.2886,34.0003],[134.2886,33.9992],[134.2885,33.9988],[134.2881,33.9984],[134.288,33.9982],[134.2881,33.9974],[134.288,33.9972],[134.2876,33.9969],[134.2875,33.9966],[134.2875,33.996],[134.2873,33.9957],[134.287,33.9954],[134.2868,33.9948],[134.2867,33.9942],[134.2865,33.9939],[134.2863,33.9938],[134.286,33.9937],[134.2855,33.9936],[134.2852,33.9935],[134.2846,33.993],[134.2842,33.9928],[134.2838,33.9923],[134.2831,33.9916],[134.2827,33.9913],[134.2825,33.9913],[134.2821,33.9913],[134.2813,33.9919],[134.2811,33.9919],[134.2806,33.9919],[134.2804,33.9921],[134.2797,33.9922],[134.2793,33.9921],[134.2788,33.9919],[134.2786,33.992],[134.2784,33.9922],[134.278,33.9925],[134.2775,33.9925],[134.2767,33.9925],[134.2761,33.9926],[134.2756,33.9926],[134.2752,33.9927],[134.2748,33.9928],[134.2746,33.9928],[134.2743,33.9925],[134.274,33.9923],[134.2732,33.9921],[134.2728,33.9919],[134.272,33.9913],[134.2714,33.9909],[134.2712,33.9906],[134.271,33.9904],[134.2704,33.9902],[134.2699,33.9899],[134.2691,33.9891],[134.2688,33.9888],[134.2684,33.9888],[134.2679,33.9888],[134.2674,33.9888],[134.2671,33.9887],[134.2666,33.9884],[134.2663,33.9881],[134.2662,33.988],[134.2658,33.9882],[134.265,33.988],[134.2646,33.988],[134.2637,33.9878],[134.2633,33.9876],[134.2628,33.9876],[134.2624,33.9874],[134.2621,33.9873],[134.2618,33.9867],[134.2615,33.9865],[134.2612,33.9864],[134.2604,33.9864],[134.2597,33.9862],[134.259,33.9862],[134.2584,33.9861],[134.2573,33.9862],[134.2564,33.9862],[134.256,33.9861],[134.2557,33.9859],[134.2552,33.9853],[134.2549,33.9852],[134.2543,33.9849],[134.2539,33.9847],[134.2537,33.9844],[134.2536,33.9841],[134.2537,33.9831],[134.2537,33.9827],[134.2535,33.9825],[134.2531,33.982],[134.2526,33.9815],[134.2519,33.981],[134.2515,33.9807],[134.2514,33.9805],[134.2515,33.9803],[134.2523,33.9795],[134.2529,33.9792],[134.2539,33.9788],[134.2551,33.9776],[134.2557,33.9771],[134.2559,33.9768],[134.2561,33.9765],[134.2564,33.9758],[134.2564,33.9751],[134.2564,33.9748],[134.2564,33.9743],[134.2561,33.9739],[134.2561,33.9737],[134.2559,33.9735],[134.2556,33.9733],[134.2549,33.9732],[134.2546,33.973],[134.2536,33.9719],[134.253,33.9714],[134.2525,33.9708],[134.2518,33.9703],[134.2513,33.9698],[134.2509,33.9692],[134.2506,33.9689],[134.2501,33.9688],[134.2495,33.9684],[134.2489,33.968],[134.2486,33.9678],[134.2482,33.9677],[134.2478,33.9676],[134.247,33.9673],[134.247,33.9672],[134.2468,33.9665],[134.2466,33.9659],[134.2465,33.9654],[134.2465,33.9648],[134.2464,33.9644],[134.2461,33.9641],[134.2461,33.9635],[134.2458,33.963],[134.2456,33.9627],[134.2457,33.9623],[134.246,33.9618],[134.2461,33.9616],[134.246,33.9611],[134.2457,33.9606],[134.2455,33.9603],[134.2454,33.9599],[134.2454,33.9594],[134.2453,33.9589],[134.245,33.9585],[134.2448,33.9583],[134.2446,33.9579],[134.244,33.9577],[134.2434,33.9575],[134.2427,33.9575],[134.2419,33.9574],[134.2412,33.9574],[134.2404,33.9573],[134.2402,33.9571],[134.2398,33.9565],[134.2396,33.9564],[134.2387,33.9562],[134.2379,33.956],[134.2374,33.956],[134.2368,33.9558],[134.2363,33.9555],[134.236,33.9554],[134.2357,33.9554],[134.2348,33.9553],[134.2345,33.9553],[134.2341,33.9551],[134.234,33.955],[134.234,33.9547],[134.234,33.954],[134.2335,33.9536],[134.2322,33.9526],[134.2318,33.9521],[134.2317,33.9519],[134.2315,33.9518],[134.2305,33.9517],[134.23,33.9519],[134.2298,33.9518],[134.2295,33.9515],[134.2293,33.9511],[134.229,33.9507],[134.2286,33.9504],[134.2283,33.9504],[134.2277,33.9502],[134.2274,33.9501],[134.227,33.9499],[134.227,33.9497],[134.227,33.9491],[134.2269,33.9489],[134.2269,33.9486],[134.2268,33.9481],[134.227,33.9471],[134.2276,33.9468],[134.2285,33.9463],[134.2291,33.9457],[134.2293,33.9454],[134.2292,33.9453],[134.2287,33.9448],[134.2287,33.9446],[134.2289,33.9444],[134.2291,33.9441],[134.2291,33.9436],[134.2291,33.943],[134.229,33.9425],[134.2288,33.9421],[134.2289,33.9418],[134.2292,33.9414],[134.2295,33.941],[134.2298,33.9407],[134.2299,33.9403],[134.2299,33.9398],[134.2295,33.9393],[134.2294,33.9389],[134.2294,33.9385],[134.2294,33.9381],[134.2296,33.9376],[134.2298,33.9371],[134.2301,33.9365],[134.23,33.9359],[134.23,33.9355],[134.2301,33.9352],[134.2306,33.9344],[134.2306,33.9338],[134.2306,33.9334],[134.2305,33.933],[134.2303,33.9328],[134.2302,33.9324],[134.2301,33.932],[134.23,33.9314],[134.2299,33.9312],[134.2295,33.9309],[134.2285,33.9308],[134.2283,33.9308],[134.2282,33.9305],[134.2278,33.9299],[134.2275,33.9296],[134.2266,33.9292],[134.2263,33.9291],[134.2261,33.9287],[134.2257,33.9281],[134.2251,33.9277],[134.2248,33.9274],[134.2247,33.9272],[134.2247,33.9267],[134.2245,33.9262],[134.2241,33.9255],[134.224,33.9253],[134.2238,33.925],[134.2237,33.9245],[134.2233,33.9234],[134.2231,33.9231],[134.2229,33.9225],[134.2228,33.9222],[134.2221,33.9213],[134.2219,33.9209],[134.2216,33.9206],[134.2216,33.9204],[134.2217,33.92],[134.2217,33.9197],[134.2215,33.9191],[134.2212,33.9185],[134.2208,33.9183],[134.2206,33.9181],[134.2205,33.9176],[134.2205,33.9172],[134.2206,33.9171],[134.2208,33.9167],[134.221,33.9165],[134.2212,33.9157],[134.2213,33.9148],[134.2213,33.9144],[134.2209,33.9139],[134.221,33.9135],[134.2213,33.9127],[134.2212,33.9121],[134.2211,33.9119],[134.2202,33.9108],[134.2201,33.9107],[134.2202,33.9104],[134.2205,33.9103],[134.2208,33.91],[134.221,33.9096],[134.2213,33.9093],[134.2215,33.9092],[134.2219,33.9092],[134.2224,33.9091],[134.2229,33.9089],[134.2233,33.9088],[134.2237,33.9084],[134.2242,33.9081],[134.2246,33.908],[134.2253,33.9081],[134.2257,33.9081],[134.2261,33.9081],[134.2264,33.9079],[134.227,33.9076],[134.2279,33.9068],[134.2283,33.9068],[134.2289,33.9072],[134.2294,33.9073],[134.2302,33.9079],[134.2304,33.908],[134.2308,33.908],[134.2314,33.9079]]]},"properties":{"N03_001":"徳島県","N03_002":"","N03_003":"名西郡","N03_004":"神山町","N03_007":"36342"}},
{"type":"Feature","geometry":{"type":"Polygon","coordinates":[[[134.0328,33.8284],[134.0331,33.8282],[134.0334,33.8278],[134.0341,33.8267],[134.0341,33.8265],[134.0342,33.8263],[134.0345,33.8258],[134.0352,33.8246],[134.0352,33.8242],[134.0351,33.8239],[134.0351,33.8237],[134.0351,33.8235],[134.0357,33.8226],[134.0365,33.8214],[134.0368,33.8208],[134.0369,33.8203],[134.0368,33.82],[134.0367,33.8194],[134.0367,33.8188],[134.0367,33.8184],[134.0364,33.8171],[134.0364,33.8167],[134.0365,33.8163],[134.0368,33.8157],[134.037,33.8153],[134.037,33.815],[134.0368,33.8146],[134.0367,33.8143],[134.0364,33.8141],[134.036,33.8139],[134.0355,33.8136],[134.0343,33.8126],[134.0339,33.8121],[134.0336,33.8115],[134.0331,33.8107],[134.033,33.8102],[134.0333,33.8093],[134.0334,33.8091],[134.0338,33.8087],[134.0342,33.8084],[134.0348,33.8082],[134.0353,33.8078],[134.0358,33.8073],[134.0365,33.8066],[134.037,33.8059],[134.0378,33.8053],[134.0383,33.805],[134.039,33.8047],[134.0392,33.8046],[134.0395,33.804],[134.0397,33.8036],[134.0401,33.8031],[134.0407,33.8019],[134.0409,33.8017],[134.0411,33.8017],[134.0416,33.8016],[134.0423,33.8014],[134.0431,33.801],[134.0438,33.8006],[134.0443,33.8002],[134.0447,33.8],[134.0452,33.7997],[134.0463,33.7992],[134.0466,33.7991],[134.0468,33.7988],[134.047,33.7983],[134.047,33.7979],[134.047,33.7975],[134.047,33.7971],[134.0468,33.7968],[134.0468,33.7965],[134.0468,33.7961],[134.0466,33.7956],[134.0462,33.7952],[134.0459,33.7949],[134.0458,33.7946],[134.0461,33.794],[134.0462,33.7936],[134.0464,33.7929],[134.0464,33.7924],[134.0464,33.7921],[134.0463,33.7915],[134.0461,33.7907],[134.0459,33.79],[134.0459,33.7897],[134.046,33.7895],[134.0468,33.7893],[134.0472,33.7891],[134.0476,33.7885],[134.0479,33.7882],[134.0489,33.7877],[134.0494,33.7873],[134.0495,33.7871],[134.0495,33.7866],[134.0496,33.7865],[134.05,33.7862],[134.0501,33.786],[134.0503,33.7856],[134.0507,33.7855],[134.051,33.7856],[134.0518,33.7855],[134.0522,33.7854],[134.0525,33.7855],[134.053,33.7855],[134.0532,33.7854],[134.0542,33.785],[134.0548,33.7849],[134.0553,33.7847],[134.0555,33.7845],[134.0558,33.7841],[134.0559,33.7838],[134.056,33.7831],[134.0563,33.7824],[134.0564,33.782],[134.0566,33.7818],[134.057,33.7817],[134.0575,33.7814],[134.0578,33.7813],[134.0581,33.7811],[134.0581,33.781],[134.0575,33.7805],[134.0576,33.7798],[134.0574,33.7793],[134.0573,33.779],[134.0574,33.7785],[134.0575,33.778],[134.0578,33.7776],[134.058,33.7773],[134.0586,33.7769],[134.0588,33.7767],[134.0589,33.7761],[134.0588,33.7758],[134.0588,33.7746],[134.0588,33.7744],[134.0586,33.7735],[134.0584,33.7721],[134.0583,33.7714],[134.0584,33.7709],[134.0587,33.7703],[134.0588,33.7701],[134.0587,33.7691],[134.0588,33.7686],[134.0587,33.7682],[134.0586,33.768],[134.0585,33.7677],[134.0586,33.7672],[134.0587,33.7667],[134.0589,33.7663],[134.0589,33.7659],[134.0589,33.7657],[134.0587,33.7656],[134.0581,33.7653],[134.0579,33.7651],[134.0578,33.7647],[134.0583,33.7642],[134.0585,33.7637],[134.0588,33.7633],[134.0591,33.7628],[134.0591,33.7626],[134.059,33.7612],[134.059,33.761],[134.0586,33.7606],[134.0582,33.7601],[134.0578,33.7596],[134.0574,33.7592],[134.057,33.7582],[134.0569,33.7578],[134.0568,33.7573],[134.0569,33.7568],[134.0568,33.7558],[134.0567,33.7552],[134.0567,33.7548],[134.0568,33.7543],[134.0567,33.7539],[134.057,33.7533],[134.0564,33.7526],[134.0561,33.7519],[134.0561,33.7515],[134.0563,33.7511],[134.0567,33.7508],[134.0578,33.7505],[134.0579,33.7503],[134.0581,33.7497],[134.0583,33.7488],[134.0583,33.7482],[134.0585,33.7475],[134.0589,33.747],[134.0592,33.7464],[134.0595,33.7459],[134.0595,33.7455],[134.0595,33.7451],[134.0593,33.7447],[134.0589,33.7437],[134.059,33.7432],[134.0596,33.7428],[134.0599,33.7426],[134.0604,33.7422],[134.0607,33.7418],[134.0613,33.7409],[134.0615,33.7404],[134.0614,33.7393],[134.0613,33.7387],[134.0613,33.7381],[134.0613,33.7376],[134.0612,33.737],[134.0613,33.7366],[134.0618,33.7352],[134.0621,33.735],[134.063,33.735],[134.0637,33.735],[134.0643,33.7346],[134.065,33.7343],[134.0657,33.7342],[134.0662,33.7341],[134.0663,33.734],[134.0664,33.7337],[134.0664,33.733],[134.0664,33.7327],[134.0667,33.7323],[134.0671,33.7318],[134.0674,33.7315],[134.0677,33.7304],[134.0679,33.7301],[134.0682,33.7297],[134.0684,33.7293],[134.0684,33.7289],[134.0684,33.7284],[134.0683,33.7279],[134.068,33.7271],[134.0678,33.7266],[134.0677,33.7257],[134.0676,33.7251],[134.0673,33.7248],[134.0668,33.7245],[134.0663,33.7242],[134.066,33.7237],[134.0659,33.7227],[134.0656,33.7221],[134.0655,33.7215],[134.0653,33.7211],[134.0653,33.7205],[134.0652,33.7201],[134.065,33.7195],[134.0651,33.7191],[134.0653,33.7189],[134.0656,33.7186],[134.0657,33.7184],[134.0658,33.718],[134.066,33.7175],[134.0664,33.717],[134.0665,33.7168],[134.0665,33.7163],[134.0666,33.716],[134.0667,33.7158],[134.067,33.7155],[134.0682,33.7149],[134.0688,33.7146],[134.0694,33.7141],[134.0696,33.7139],[134.0698,33.7135],[134.0699,33.7131],[134.07,33.7129],[134.0701,33.7127],[134.0703,33.7124],[134.0703,33.7123],[134.0702,33.7118],[134.0701,33.7112],[134.07,33.711],[134.0694,33.7107],[134.0688,33.7104],[134.0674,33.7099],[134.067,33.7099],[134.0667,33.7098],[134.0664,33.7095],[134.0661,33.7091],[134.0657,33.7085],[134.0654,33.708],[134.0651,33.7076],[134.0651,33.7071],[134.0647,33.7066],[134.0647,33.7063],[134.0646,33.7057],[134.0645,33.7053],[134.0645,33.7049],[134.0647,33.7037],[134.0647,33.7034],[134.0643,33.7026],[134.0641,33.7013],[134.0638,33.7008],[134.0635,33.7001],[134.0636,33.7],[134.0639,33.6995],[134.0648,33.6985],[134.0649,33.6984],[134.0648,33.6982],[134.0644,33.6981],[134.0642,33.6979],[134.064,33.6976],[134.0637,33.6975],[134.0628,33.6973],[134.0625,33.6971],[134.0622,33.6968],[134.0616,33.6961],[134.061,33.6959],[134.0603,33.6956],[134.0592,33.6955],[134.0582,33.6953],[134.058,33.6952],[134.0572,33.6944],[134.0568,33.6942],[134.0566,33.6939],[134.0569,33.6931],[134.0579,33.6913],[134.0581,33.691],[134.0583,33.6909],[134.0586,33.6907],[134.0593,33.6906],[134.0623,33.6899],[134.063,33.6897],[134.0633,33.6896],[134.0637,33.6897],[134.064,33.6896],[134.0643,33.6893],[134.0645,33.6891],[134.0653,33.6889],[134.0659,33.6887],[134.0663,33.6886],[134.067,33.6887],[134.0678,33.6888],[134.0693,33.6893],[134.0701,33.6893],[134.0704,33.6892],[134.0708,33.6892],[134.0721,33.6895],[134.0728,33.6895],[134.0731,33.6896],[134.0734,33.6898],[134.0736,33.69],[134.0736,33.6902],[134.0737,33.6903],[134.074,33.6904],[134.0746,33.6903],[134.076,33.6906],[134.0764,33.6906],[134.077,33.6905],[134.0776,33.6904],[134.0783,33.6902],[134.0787,33.6901],[134.0792,33.6902],[134.0798,33.6902],[134.0807,33.6904],[134.0814,33.6905],[134.0829,33.691],[134.0842,33.6913],[134.0856,33.6916],[134.086,33.6917],[134.0862,33.6921],[134.0865,33.6924],[134.0873,33.6926],[134.0885,33.6926],[134.0894,33.6927],[134.09,33.6928],[134.0904,33.6931],[134.0909,33.693],[134.0915,33.6926],[134.092,33.6925],[134.0925,33.6925],[134.0934,33.6925],[134.0941,33.6925],[134.0945,33.6925],[134.0951,33.6924],[134.0954,33.6924],[134.0957,33.6925],[134.0962,33.6928],[134.0966,33.6931],[134.0975,33.6937],[134.0984,33.6942],[134.0991,33.6945],[134.0995,33.6946],[134.0999,33.6946],[134.1004,33.6945],[134.1013,33.6942],[134.1021,33.694],[134.1031,33.6939],[134.1041,33.6937],[134.1053,33.6936],[134.106,33.6936],[134.1066,33.6937],[134.1076,33.694],[134.109,33.6943],[134.1099,33.6945],[134.1111,33.695],[134.1116,33.6954],[134.112,33.6957],[134.1142,33.696],[134.1149,33.696],[134.1161,33.6959],[134.1169,33.6959],[134.1176,33.6958],[134.1183,33.6956],[134.1196,33.695],[134.1199,33.695],[134.1205,33.6952],[134.1217,33.6958],[134.1223,33.696],[134.1229,33.696],[134.1238,33.6958],[134.1243,33.6957],[134.1246,33.6957],[134.1251,33.6958],[134.1256,33.6958],[134.126,33.6959],[134.1263,33.6959],[134.1271,33.6956],[134.1279,33.6954],[134.1283,33.6952],[134.1292,33.6946],[134.1302,33.6944],[134.1309,33.6941],[134.1313,33.6941],[134.1318,33.6939],[134.1323,33.6938],[134.1326,33.6938],[134.1331,33.6939],[134.1334,33.694],[134.1336,33.6938],[134.1336,33.6934],[134.1337,33.6932],[134.1341,33.6926],[134.1345,33.6923],[134.1348,33.6922],[134.1352,33.692],[134.1353,33.6914],[134.1355,33.6911],[134.1358,33.6909],[134.1371,33.6907],[134.1378,33.6904],[134.1382,33.6902],[134.1385,33.6901],[134.1389,33.69],[134.1396,33.6897],[134.1401,33.6895],[134.1405,33.6892],[134.1413,33.6882],[134.1416,33.6879],[134.1426,33.6875],[134.1437,33.6871],[134.1444,33.687],[134.145,33.6867],[134.1456,33.6865],[134.1461,33.6863],[134.1468,33.6857],[134.1473,33.6853],[134.1475,33.6851],[134.1477,33.6849],[134.1479,33.6851],[134.1482,33.6854],[134.1486,33.6857],[134.1491,33.6859],[134.1497,33.6859],[134.1515,33.6859],[134.152,33.6859],[134.1528,33.6862],[134.1532,33.6862],[134.154,33.686],[134.1545,33.686],[134.1553,33.6861],[134.1556,33.6862],[134.1563,33.6863],[134.1568,33.6866],[134.1573,33.6867],[134.1587,33.6866],[134.159,33.6867],[134.1594,33.6869],[134.1599,33.6869],[134.1603,33.6868],[134.161,33.6868],[134.1616,33.6873],[134.162,33.6875],[134.1623,33.6877],[134.1631,33.688],[134.1638,33.6881],[134.1638,33.6885],[134.1635,33.6891],[134.1635,33.6894],[134.1636,33.6898],[134.1644,33.6909],[134.1644,33.6913],[134.1641,33.6917],[134.1639,33.692],[134.1639,33.6927],[134.1638,33.6929],[134.1636,33.6932],[134.1636,33.6934],[134.1638,33.6938],[134.1638,33.6942],[134.1637,33.6949],[134.1634,33.6955],[134.1631,33.696],[134.1626,33.6964],[134.1627,33.6966],[134.1632,33.6968],[134.1636,33.697],[134.1638,33.697],[134.1644,33.697],[134.1647,33.697],[134.1657,33.6974],[134.1665,33.6977],[134.1671,33.6981],[134.1674,33.6983],[134.1678,33.6987],[134.168,33.6989],[134.1683,33.699],[134.17,33.6991],[134.1704,33.6992],[134.1707,33.6993],[134.1712,33.7002],[134.1716,33.7006],[134.1721,33.7009],[134.1724,33.7013],[134.1731,33.7021],[134.1735,33.7028],[134.1738,33.7034],[134.174,33.7036],[134.1743,33.7036],[134.175,33.7037],[134.1754,33.7037],[134.1762,33.7037],[134.1766,33.7039],[134.1772,33.7042],[134.1777,33.7046],[134.1782,33.7049],[134.179,33.7053],[134.1795,33.7057],[134.1797,33.7058],[134.1804,33.7058],[134.1807,33.706],[134.1817,33.7064],[134.1823,33.7069],[134.1833,33.7074],[134.1837,33.7075],[134.1842,33.7074],[134.185,33.7077],[134.1857,33.7078],[134.1863,33.7078],[134.1868,33.7081],[134.1873,33.7085],[134.1876,33.7086],[134.188,33.7089],[134.1886,33.7092],[134.1889,33.7094],[134.1892,33.7098],[134.1895,33.7102],[134.1899,33.7106],[134.1903,33.7108],[134.1907,33.7109],[134.1918,33.7109],[134.1924,33.7109],[134.1936,33.7109],[134.1947,33.7113],[134.1955,33.7116],[134.1958,33.7117],[134.1962,33.7119],[134.1968,33.7123],[134.1972,33.7124],[134.1976,33.7126],[134.1978,33.7128],[134.1983,33.7131],[134.1984,33.7134],[134.1988,33.7138],[134.1995,33.7146],[134.2,33.715],[134.2004,33.7155],[134.2013,33.7161],[134.2017,33.7163],[134.202,33.7163],[134.2029,33.7163],[134.2032,33.7164],[134.2035,33.7165],[134.2041,33.7167],[134.2044,33.7167],[134.2053,33.7165],[134.2056,33.7166],[134.2063,33.7172],[134.2066,33.7173],[134.2075,33.7175],[134.2078,33.7176],[134.2083,33.718],[134.2086,33.718],[134.2089,33.7182],[134.2095,33.7189],[134.2096,33.7192],[134.2096,33.7195],[134.2095,33.7199],[134.2095,33.7201],[134.2098,33.7208],[134.2101,33.7211],[134.2107,33.7216],[134.2111,33.7217],[134.2113,33.7217],[134.2119,33.7217],[134.2124,33.7215],[134.2129,33.7215],[134.2144,33.7218],[134.2148,33.7219],[134.2152,33.7218],[134.2157,33.7216],[134.2161,33.7215],[134.2163,33.7216],[134.217,33.7218],[134.2176,33.722],[134.2183,33.7221],[134.2191,33.722],[134.2199,33.7218],[134.2202,33.7218],[134.2213,33.722],[134.2221,33.7222],[134.2224,33.7222],[134.2228,33.7224],[134.223,33.7224],[134.2235,33.7218],[134.2238,33.7216],[134.2242,33.7213],[134.2246,33.7211],[134.2248,33.7211],[134.2265,33.7215],[134.227,33.7216],[134.2278,33.7218],[134.2281,33.7217],[134.2293,33.7215],[134.2302,33.7214],[134.2305,33.7213],[134.2309,33.721],[134.2312,33.7208],[134.2316,33.7207],[134.2321,33.7202],[134.2335,33.7193],[134.2337,33.7192],[134.2341,33.7192],[134.2344,33.7192],[134.2347,33.7193],[134.235,33.7196],[134.2353,33.7202],[134.2361,33.72],[134.2367,33.7199],[134.2372,33.7199],[134.2377,33.7202],[134.2382,33.7205],[134.2395,33.721],[134.2398,33.7212],[134.2403,33.7214],[134.2407,33.7214],[134.241,33.7215],[134.2417,33.7218],[134.2421,33.7221],[134.2425,33.7222],[134.2427,33.7224],[134.2429,33.7225],[134.2433,33.7226],[134.2439,33.7227],[134.2445,33.7229],[134.245,33.7229],[134.2455,33.7231],[134.2459,33.7234],[134.2465,33.7237],[134.2471,33.724],[134.2473,33.724],[134.2473,33.7238],[134.2478,33.7236],[134.2482,33.7234],[134.2484,33.7231],[134.2485,33.7229],[134.2485,33.7226],[134.2484,33.7222],[134.2484,33.722],[134.2487,33.7216],[134.2487,33.7211],[134.2489,33.7209],[134.2496,33.7204],[134.2502,33.72],[134.2504,33.7198],[134.2512,33.7196],[134.252,33.7193],[134.2531,33.719],[134.2536,33.7189],[134.2544,33.7189],[134.2558,33.719],[134.256,33.719],[134.2563,33.7189],[134.2567,33.7188],[134.2569,33.7189],[134.2571,33.719],[134.2577,33.7197],[134.2584,33.7204],[134.2587,33.7205],[134.2603,33.7204],[134.2613,33.7204],[134.2624,33.7205],[134.2636,33.7207],[134.2639,33.7208],[134.2641,33.721],[134.2649,33.7214],[134.2651,33.7216],[134.2653,33.7223],[134.2654,33.7225],[134.2658,33.7229],[134.2659,33.7232],[134.266,33.7237],[134.2661,33.7239],[134.2665,33.7242],[134.2675,33.7242],[134.2681,33.7244],[134.2684,33.7246],[134.2688,33.7251],[134.2692,33.7259],[134.2695,33.7263],[134.2698,33.7266],[134.2704,33.7269],[134.2706,33.7272],[134.2709,33.7274],[134.2712,33.7276],[134.2715,33.7277],[134.2723,33.7278],[134.273,33.728],[134.2735,33.7281],[134.2742,33.7283],[134.2746,33.7282],[134.2752,33.7284],[134.2756,33.7284],[134.276,33.7281],[134.2763,33.7281],[134.2766,33.7285],[134.2773,33.7291],[134.2774,33.7292],[134.2791,33.7298],[134.2796,33.7299],[134.2807,33.7304],[134.2811,33.7305],[134.2815,33.7309],[134.2819,33.731],[134.2823,33.731],[134.2826,33.7309],[134.2829,33.7307],[134.2831,33.7304],[134.2836,33.7292],[134.2839,33.7288],[134.2843,33.7286],[134.2847,33.7284],[134.2861,33.7277],[134.2866,33.7276],[134.2873,33.7275],[134.2881,33.7275],[134.2884,33.7275],[134.2887,33.7276],[134.2894,33.728],[134.29,33.7282],[134.2904,33.7286],[134.2906,33.7287],[134.2912,33.7288],[134.292,33.7293],[134.2931,33.7296],[134.2935,33.7298],[134.2943,33.7301],[134.2946,33.7305],[134.2951,33.7306],[134.2962,33.7308],[134.2985,33.7312],[134.2996,33.7314],[134.3003,33.7315],[134.3005,33.7315],[134.3008,33.7313],[134.3013,33.7313],[134.3019,33.7315],[134.3025,33.7316],[134.3031,33.7316],[134.3036,33.7316],[134.3038,33.7316],[134.3045,33.7319],[134.305,33.7321],[134.3054,33.7322],[134.3062,33.7322],[134.3068,33.7321],[134.3081,33.7319],[134.3083,33.7317],[134.3085,33.7315],[134.3091,33.731],[134.3094,33.7309],[134.3103,33.7308],[134.3104,33.7308],[134.3111,33.7312],[134.3117,33.7314],[134.3126,33.7319],[134.313,33.732],[134.3133,33.7318],[134.3137,33.7317],[134.3141,33.7315],[134.3148,33.7315],[134.3153,33.7314],[134.3163,33.7313],[134.3175,33.7315],[134.3177,33.7316],[134.318,33.7319],[134.3186,33.7322],[134.32,33.7325],[134.3203,33.7325],[134.3206,33.7323],[134.3211,33.732],[134.3214,33.7316],[134.3216,33.7311],[134.3221,33.7307],[134.3225,33.7303],[134.3227,33.7302],[134.3239,33.7299],[134.3247,33.7301],[134.3249,33.7301],[134.3257,33.7298],[134.3268,33.7298],[134.3274,33.7296],[134.3278,33.7292],[134.328,33.7291],[134.3286,33.7285],[134.3292,33.7279],[134.3295,33.7277],[134.3302,33.7275],[134.3309,33.7272],[134.3312,33.7272],[134.3316,33.727],[134.3319,33.727],[134.3322,33.727],[134.3341,33.7274],[134.3343,33.7275],[134.3346,33.7277],[134.3351,33.7282],[134.3352,33.7285],[134.3354,33.729],[134.336,33.7296],[134.3362,33.7298],[134.3363,33.7302],[134.3365,33.7304],[134.3372,33.7303],[134.338,33.73],[134.3389,33.7298],[134.3393,33.7296],[134.3398,33.7293],[134.3402,33.7288],[134.3404,33.7286],[134.3405,33.7285],[134.3408,33.7281],[134.3411,33.7277],[134.3414,33.7275],[134.3416,33.7275],[134.3427,33.7274],[134.3432,33.7275],[134.3437,33.7275],[134.344,33.7277],[134.3447,33.7282],[134.3452,33.7284],[134.3456,33.7284],[134.3461,33.7283],[134.3464,33.7284],[134.3469,33.7285],[134.3473,33.7285],[134.3476,33.7286],[134.3477,33.7288],[134.3479,33.7291],[134.3481,33.7293],[134.3485,33.7295],[134.3486,33.7296],[134.3491,33.7302],[134.3495,33.7302],[134.35,33.7301],[134.3507,33.7301],[134.3511,33.73],[134.3516,33.7296],[134.3517,33.7295],[134.3517,33.7289],[134.352,33.7287],[134.3526,33.7287],[134.3531,33.7286],[134.3533,33.7286],[134.3537,33.7289],[134.3541,33.729],[134.3545,33.7288],[134.3548,33.7287],[134.3556,33.7284],[134.356,33.7285],[134.3565,33.7288],[134.3566,33.729],[134.3567,33.7294],[134.3568,33.7296],[134.3571,33.7299],[134.3577,33.7304],[134.3582,33.7312],[134.3583,33.7313],[134.3588,33.7312],[134.3593,33.7312],[134.3601,33.7313],[134.3605,33.7311],[134.3609,33.7309],[134.3618,33.7309],[134.3624,33.7309],[134.3625,33.7307],[134.3629,33.73],[134.3638,33.7291],[134.3641,33.729],[134.3643,33.7288],[134.3645,33.7286],[134.3647,33.7282],[134.3648,33.7278],[134.365,33.7277],[134.3653,33.7276],[134.3657,33.7273],[134.3669,33.7269],[134.3674,33.7268],[134.3681,33.7266],[134.3684,33.7264],[134.3687,33.7264],[134.3694,33.7267],[134.3697,33.7267],[134.3703,33.7267],[134.3706,33.7267],[134.3715,33.727],[134.3719,33.727],[134.3725,33.7273],[134.373,33.7274],[134.3735,33.7273],[134.3739,33.7273],[134.3743,33.7274],[134.3747,33.7276],[134.3749,33.7274],[134.3755,33.7271],[134.3761,33.7269],[134.3765,33.7267],[134.377,33.7263],[134.3772,33.7261],[134.3776,33.7259],[134.3786,33.726],[134.3789,33.7259],[134.3795,33.7257],[134.3803,33.7255],[134.3813,33.7254],[134.3819,33.7253],[134.3823,33.7254],[134.3827,33.7255],[134.3839,33.7258],[134.3844,33.7259],[134.3848,33.7257],[134.3851,33.7256],[134.3857,33.7256],[134.3861,33.7255],[134.3871,33.7255],[134.3886,33.7253],[134.3892,33.7254],[134.3897,33.7254],[134.3902,33.7253],[134.3907,33.7252],[134.3916,33.725],[134.3935,33.7248],[134.3938,33.7246],[134.3946,33.7244],[134.3947,33.7244],[134.3948,33.7245],[134.3951,33.7247],[134.3954,33.7249],[134.3955,33.725],[134.3956,33.7251],[134.3958,33.7253],[134.3961,33.7256],[134.3963,33.7258],[134.3966,33.7259],[134.3969,33.7261],[134.3972,33.7263],[134.3974,33.7265],[134.3976,33.7269],[134.3978,33.727],[134.3981,33.7273],[134.3983,33.7274],[134.3983,33.7276],[134.3982,33.7283],[134.3983,33.7285],[134.3985,33.7286],[134.3991,33.729],[134.3994,33.729],[134.3999,33.7291],[134.3999,33.7292],[134.3998,33.7295],[134.3998,33.7299],[134.3998,33.7303],[134.3998,33.7305],[134.3997,33.7309],[134.3997,33.7311],[134.3998,33.7312],[134.3999,33.7313],[134.4,33.7314],[134.4001,33.7314],[134.4002,33.7317],[134.4005,33.7321],[134.4006,33.7323],[134.4009,33.7325],[134.4012,33.7326],[134.4013,33.7328],[134.4014,33.7329],[134.4013,33.7333],[134.4013,33.7336],[134.4013,33.7339],[134.4016,33.7343],[134.4017,33.7346],[134.4019,33.7349],[134.4019,33.7351],[134.4018,33.7352],[134.4017,33.7356],[134.4016,33.7358],[134.4016,33.7359],[134.4016,33.7363],[134.4016,33.7366],[134.4014,33.7374],[134.4014,33.7377],[134.4014,33.7379],[134.4017,33.7383],[134.4018,33.7385],[134.4019,33.7388],[134.4018,33.7396],[134.4018,33.7397],[134.4019,33.7398],[134.4024,33.7401],[134.4029,33.7404],[134.4033,33.7407],[134.4034,33.7407],[134.4038,33.741],[134.4041,33.7413],[134.4044,33.7414],[134.4047,33.7414],[134.405,33.7414],[134.4059,33.7414],[134.4062,33.7414],[134.4064,33.7416],[134.4064,33.7417],[134.4065,33.7417],[134.4067,33.7418],[134.407,33.7417],[134.4072,33.7417],[134.4075,33.7418],[134.4081,33.7419],[134.4083,33.742],[134.4089,33.7421],[134.4092,33.7421],[134.4094,33.742],[134.4095,33.7419],[134.4097,33.7418],[134.4099,33.7417],[134.4102,33.7415],[134.4104,33.7415],[134.4108,33.7415],[134.4113,33.7415],[134.4119,33.7414],[134.4121,33.7414],[134.4123,33.7412],[134.4125,33.7413],[134.4126,33.7414],[134.4129,33.7415],[134.413,33.7416],[134.4131,33.7417],[134.4132,33.7417],[134.4132,33.7418],[134.4134,33.7421],[134.4135,33.7423],[134.414,33.7429],[134.4141,33.7431],[134.4144,33.7436],[134.4146,33.7441],[134.4148,33.7443],[134.4151,33.7444],[134.4152,33.7445],[134.4154,33.7448],[134.4155,33.745],[134.4157,33.7451],[134.4161,33.7453],[134.4162,33.7454],[134.4165,33.7457],[134.4167,33.7458],[134.4169,33.746],[134.4171,33.7462],[134.4172,33.7463],[134.4175,33.7465],[134.4176,33.7466],[134.4178,33.7468],[134.4181,33.7471],[134.4185,33.7474],[134.4187,33.7476],[134.4189,33.7478],[134.419,33.7479],[134.4192,33.7481],[134.4195,33.7483],[134.4196,33.7484],[134.4196,33.7487],[134.4196,33.7488],[134.4196,33.749],[134.4197,33.7492],[134.4197,33.7495],[134.4197,33.7498],[134.4197,33.75],[134.4198,33.7501],[134.4201,33.7503],[134.4202,33.7505],[134.4204,33.7507],[134.4206,33.7508],[134.4213,33.7511],[134.4217,33.7513],[134.4219,33.7514],[134.4222,33.7518],[134.4223,33.7522],[134.4225,33.7528],[134.4224,33.7529],[134.4222,33.7534],[134.4221,33.7536],[134.4219,33.754],[134.4218,33.7543],[134.4216,33.7547],[134.4215,33.755],[134.4215,33.7553],[134.4215,33.7555],[134.4215,33.7557],[134.4215,33.756],[134.4212,33.7566],[134.421,33.7571],[134.421,33.7572],[134.4212,33.7572],[134.4216,33.7573],[134.4218,33.7574],[134.422,33.7576],[134.4223,33.7577],[134.4224,33.7578],[134.4225,33.758],[134.4227,33.7581],[134.4228,33.7582],[134.4229,33.7583],[134.4229,33.7584],[134.4231,33.7587],[134.4232,33.7588],[134.4235,33.759],[134.4236,33.7591],[134.4238,33.7592],[134.4239,33.7595],[134.4242,33.7597],[134.4245,33.7599],[134.4247,33.76],[134.425,33.7603],[134.4251,33.7603],[134.4254,33.7605],[134.4256,33.7607],[134.4259,33.761],[134.4262,33.7613],[134.4265,33.7616],[134.4268,33.7617],[134.4273,33.7619],[134.4276,33.762],[134.428,33.7622],[134.4284,33.7623],[134.4287,33.7624],[134.4291,33.7627],[134.4293,33.7627],[134.4295,33.7628],[134.4296,33.7629],[134.4296,33.7631],[134.4297,33.7632],[134.4298,33.7633],[134.43,33.7633],[134.4304,33.7632],[134.4307,33.7632],[134.4311,33.7631],[134.4312,33.763],[134.4313,33.763],[134.4314,33.763],[134.4315,33.763],[134.4317,33.7631],[134.4319,33.7632],[134.4321,33.7632],[134.4323,33.7633],[134.4325,33.7633],[134.4327,33.7635],[134.4329,33.7636],[134.4331,33.7637],[134.4333,33.7636],[134.4334,33.7636],[134.4337,33.7634],[134.4339,33.7633],[134.434,33.7634],[134.4341,33.7635],[134.4343,33.7635],[134.4345,33.7635],[134.4348,33.7634],[134.435,33.7633],[134.4353,33.7632],[134.4354,33.7632],[134.4357,33.7631],[134.436,33.7631],[134.4364,33.7629],[134.4367,33.7629],[134.4371,33.7628],[134.4372,33.7627],[134.4375,33.7625],[134.4376,33.7625],[134.4379,33.7624],[134.4381,33.7626],[134.4383,33.7628],[134.4385,33.7628],[134.4389,33.763],[134.439,33.7631],[134.4394,33.7633],[134.4396,33.7633],[134.4398,33.7633],[134.44,33.7633],[134.4403,33.7633],[134.4405,33.7633],[134.4408,33.7633],[134.441,33.7633],[134.4411,33.7633],[134.4412,33.7633],[134.4417,33.7633],[134.4418,33.7633],[134.4422,33.7633],[134.4425,33.7634],[134.4429,33.7634],[134.4432,33.7635],[134.4434,33.7636],[134.4435,33.7636],[134.4438,33.7636],[134.4439,33.7636],[134.4442,33.7638],[134.4443,33.7639],[134.4445,33.7638],[134.4447,33.7639],[134.4448,33.7639],[134.4449,33.7641],[134.445,33.7642],[134.4452,33.7643],[134.4456,33.7643],[134.4459,33.7644],[134.4462,33.7645],[134.4466,33.7648],[134.4469,33.7649],[134.4472,33.765],[134.4474,33.7652],[134.4476,33.7654],[134.4478,33.7654],[134.4481,33.7655],[134.4483,33.7656],[134.4489,33.7658],[134.4492,33.7659],[134.4495,33.7661],[134.4497,33.7663],[134.4498,33.7665],[134.4499,33.7667],[134.4499,33.7669],[134.45,33.767],[134.4501,33.7671],[134.4503,33.7672],[134.4502,33.7673],[134.4502,33.7674],[134.4501,33.7674],[134.45,33.7674],[134.4499,33.7674],[134.4495,33.7672],[134.4493,33.7672],[134.4489,33.7675],[134.4488,33.7675],[134.4487,33.7675],[134.4485,33.7677],[134.4483,33.768],[134.4481,33.7682],[134.4479,33.7684],[134.4478,33.7685],[134.4477,33.7687],[134.4477,33.7688],[134.4477,33.7692],[134.4477,33.7693],[134.4476,33.7696],[134.4475,33.7699],[134.4473,33.7703],[134.4471,33.7707],[134.4467,33.7712],[134.4467,33.7713],[134.4465,33.7716],[134.4464,33.7718],[134.4464,33.7721],[134.4464,33.7724],[134.4465,33.7726],[134.4466,33.7729],[134.4468,33.7733],[134.4469,33.7734],[134.447,33.7736],[134.4472,33.7738],[134.4474,33.7739],[134.4478,33.7739],[134.4483,33.7739],[134.4485,33.774],[134.4489,33.774],[134.4494,33.774],[134.4499,33.7739],[134.45,33.7739],[134.4503,33.7739],[134.4505,33.7739],[134.4506,33.7739],[134.451,33.7741],[134.4515,33.7743],[134.4519,33.7745],[134.4521,33.7745],[134.4523,33.7747],[134.4525,33.7749],[134.4527,33.775],[134.4528,33.775],[134.453,33.7751],[134.4532,33.7751],[134.4537,33.775],[134.4539,33.775],[134.454,33.775],[134.4542,33.775],[134.4545,33.7749],[134.4551,33.7748],[134.4553,33.7748],[134.4555,33.7749],[134.4558,33.775],[134.4563,33.7751],[134.4567,33.7751],[134.4568,33.7752],[134.4569,33.7753],[134.4571,33.7754],[134.4573,33.7755],[134.4578,33.7756],[134.458,33.7756],[134.4583,33.7756],[134.4586,33.7756],[134.4588,33.7756],[134.4591,33.7755],[134.4592,33.7755],[134.4594,33.7754],[134.4596,33.7753],[134.4598,33.7753],[134.4602,33.7754],[134.4605,33.7755],[134.4606,33.7756],[134.4608,33.7757],[134.461,33.7758],[134.4613,33.7758],[134.4615,33.776],[134.4617,33.7762],[134.4621,33.7764],[134.4623,33.7764],[134.4626,33.7764],[134.463,33.7765],[134.4633,33.7767],[134.4634,33.7769],[134.4634,33.7771],[134.4634,33.7773],[134.4633,33.7776],[134.4634,33.7778],[134.4637,33.7779],[134.464,33.7781],[134.4642,33.7782],[134.4643,33.7783],[134.4645,33.7786],[134.4647,33.7789],[134.4651,33.7791],[134.4653,33.7793],[134.4656,33.7794],[134.4659,33.7795],[134.4663,33.7795],[134.4665,33.7793],[134.4667,33.7792],[134.4668,33.779],[134.467,33.7789],[134.4672,33.7789],[134.4675,33.7789],[134.4679,33.7789],[134.4684,33.7789],[134.4688,33.7789],[134.4689,33.7789],[134.4693,33.7789],[134.4695,33.7788],[134.4697,33.7786],[134.4699,33.7785],[134.4703,33.7785],[134.4704,33.7784],[134.4706,33.7784],[134.471,33.7785],[134.4713,33.7787],[134.4716,33.7787],[134.4718,33.7786],[134.4719,33.7786],[134.4722,33.7783],[134.4724,33.7783],[134.4728,33.7782],[134.473,33.7782],[134.4732,33.7782],[134.4734,33.7782],[134.4739,33.7781],[134.4741,33.7781],[134.4743,33.7781],[134.4746,33.778],[134.475,33.7779],[134.4752,33.7779],[134.4753,33.778],[134.4755,33.7781],[134.4758,33.7783],[134.4762,33.7786],[134.4765,33.7788],[134.4767,33.779],[134.4769,33.7792],[134.4771,33.7793],[134.4774,33.7794],[134.4778,33.7795],[134.4782,33.7796],[134.4785,33.7797],[134.4786,33.7797],[134.4789,33.7798],[134.4792,33.7801],[134.4794,33.7803],[134.4796,33.7806],[134.4797,33.7808],[134.4798,33.781],[134.48,33.7812],[134.4801,33.7815],[134.4801,33.7817],[134.4802,33.7818],[134.4805,33.782],[134.4806,33.7821],[134.4806,33.7823],[134.4806,33.7827],[134.4805,33.783],[134.4803,33.7833],[134.4803,33.7834],[134.4802,33.7838],[134.4801,33.7841],[134.48,33.7846],[134.4799,33.7849],[134.4799,33.7852],[134.48,33.7856],[134.4801,33.7861],[134.4802,33.7863],[134.4803,33.7865],[134.4803,33.7866],[134.4805,33.7868],[134.481,33.787],[134.4812,33.7871],[134.4813,33.7871],[134.4816,33.7874],[134.4817,33.7875],[134.4818,33.7875],[134.4819,33.7876],[134.4822,33.7878],[134.4823,33.788],[134.4824,33.788],[134.4827,33.7881],[134.4829,33.7882],[134.4833,33.7885],[134.4834,33.7885],[134.4836,33.7887],[134.4838,33.7889],[134.4842,33.7893],[134.4843,33.7895],[134.4846,33.7897],[134.4847,33.7898],[134.4849,33.79],[134.4851,33.7901],[134.4852,33.7904],[134.4855,33.7907],[134.4856,33.7909],[134.4856,33.791],[134.4858,33.7911],[134.4859,33.7911],[134.4862,33.7913],[134.4867,33.7916],[134.4867,33.7917],[134.487,33.7918],[134.4874,33.792],[134.4877,33.7921],[134.4878,33.7923],[134.4879,33.7924],[134.488,33.7926],[134.4882,33.793],[134.4883,33.7931],[134.4886,33.7932],[134.4887,33.7932],[134.4889,33.7934],[134.4892,33.7935],[134.4897,33.7937],[134.4901,33.7938],[134.4908,33.7942],[134.4909,33.7942],[134.491,33.7942],[134.4913,33.7942],[134.4915,33.794],[134.4917,33.794],[134.4918,33.7939],[134.4923,33.7941],[134.4926,33.7941],[134.4928,33.794],[134.493,33.7938],[134.4932,33.7937],[134.4937,33.7936],[134.4943,33.7935],[134.4945,33.7934],[134.4947,33.7932],[134.4949,33.793],[134.4951,33.7929],[134.4954,33.7928],[134.4957,33.7929],[134.496,33.793],[134.4963,33.793],[134.4966,33.7928],[134.4968,33.7928],[134.497,33.7928],[134.4971,33.7928],[134.4973,33.7928],[134.4978,33.7927],[134.4983,33.7925],[134.4989,33.7925],[134.4993,33.7924],[134.4997,33.7925],[134.5,33.7926],[134.5001,33.7927],[134.5005,33.7929],[134.5008,33.7929],[134.501,33.7929],[134.5013,33.793],[134.5017,33.7931],[134.5022,33.7932],[134.5026,33.7932],[134.503,33.7934],[134.5035,33.7936],[134.5037,33.7938],[134.5038,33.7939],[134.504,33.7939],[134.5044,33.7938],[134.5046,33.7937],[134.505,33.7938],[134.5052,33.7938],[134.5054,33.7939],[134.5058,33.7945],[134.5062,33.7948],[134.5066,33.795],[134.5072,33.7952],[134.508,33.7953],[134.5082,33.7954],[134.5083,33.7955],[134.5084,33.7956],[134.5085,33.7957],[134.509,33.7957],[134.5098,33.7959],[134.5104,33.7961],[134.5107,33.796],[134.5108,33.796],[134.5109,33.7961],[134.5111,33.7963],[134.5113,33.7964],[134.5119,33.7964],[134.5122,33.7965],[134.5124,33.7966],[134.5127,33.7967],[134.513,33.7968],[134.5132,33.797],[134.5133,33.7971],[134.5136,33.7972],[134.5141,33.7973],[134.5145,33.7974],[134.5149,33.7975],[134.5153,33.7977],[134.5155,33.7977],[134.5159,33.7977],[134.5162,33.7978],[134.5167,33.798],[134.517,33.7981],[134.5172,33.7983],[134.5175,33.7986],[134.5179,33.7988],[134.5187,33.7991],[134.5194,33.7994],[134.5198,33.7995],[134.5205,33.7996],[134.5206,33.7996],[134.521,33.7996],[134.5214,33.7997],[134.5217,33.7998],[134.5221,33.8],[134.5223,33.8001],[134.5226,33.8002],[134.5232,33.8004],[134.5235,33.8003],[134.5242,33.8],[134.5243,33.7999],[134.5245,33.8],[134.5247,33.8001],[134.525,33.8002],[134.5251,33.8003],[134.5257,33.8004],[134.5262,33.8007],[134.5266,33.8009],[134.5269,33.8012],[134.5273,33.8019],[134.5278,33.8025],[134.5279,33.8026],[134.528,33.803],[134.5281,33.8036],[134.5281,33.8039],[134.5282,33.8041],[134.5271,33.8051],[134.5261,33.805],[134.5255,33.8053],[134.5245,33.8058],[134.5243,33.8061],[134.5242,33.8062],[134.5243,33.8066],[134.5242,33.8071],[134.5239,33.8072],[134.5231,33.8073],[134.5228,33.8073],[134.5223,33.8079],[134.522,33.808],[134.5216,33.8079],[134.521,33.8078],[134.5206,33.8075],[134.5204,33.8075],[134.52,33.8074],[134.5198,33.8072],[134.5196,33.807],[134.5194,33.807],[134.5191,33.8067],[134.5187,33.8066],[134.5184,33.8066],[134.5181,33.8067],[134.5178,33.8067],[134.5168,33.8066],[134.5157,33.8065],[134.5147,33.8063],[134.5139,33.8061],[134.5133,33.8061],[134.5122,33.8062],[134.512,33.8063],[134.5118,33.8065],[134.5113,33.8071],[134.5109,33.8077],[134.5106,33.8081],[134.5103,33.8085],[134.5101,33.8089],[134.5099,33.8096],[134.5099,33.81],[134.5097,33.8103],[134.5093,33.8107],[134.5089,33.8116],[134.5088,33.8117],[134.5084,33.8119],[134.5082,33.8121],[134.508,33.8127],[134.5078,33.813],[134.5081,33.8135],[134.5083,33.8143],[134.5082,33.8145],[134.5081,33.8147],[134.5081,33.8149],[134.5081,33.8155],[134.5083,33.8163],[134.5084,33.8166],[134.5084,33.8171],[134.5086,33.8174],[134.5088,33.8176],[134.509,33.8178],[134.5091,33.8183],[134.5092,33.8184],[134.5097,33.8185],[134.5101,33.8186],[134.5103,33.8187],[134.5105,33.819],[134.511,33.8195],[134.5111,33.8197],[134.5109,33.8203],[134.5107,33.8208],[134.5103,33.8216],[134.51,33.8223],[134.51,33.8226],[134.5101,33.8229],[134.5103,33.8233],[134.5106,33.8236],[134.5109,33.8238],[134.5114,33.8244],[134.5118,33.8247],[134.512,33.8253],[134.5123,33.8257],[134.5127,33.826],[134.5133,33.8265],[134.5134,33.8267],[134.5138,33.8273],[134.5143,33.828],[134.5148,33.8288],[134.515,33.8289],[134.5156,33.8289],[134.5163,33.8289],[134.5168,33.8286],[134.517,33.8286],[134.5172,33.8287],[134.5176,33.8293],[134.518,33.8295],[134.5191,33.8296],[134.5193,33.8298],[134.5195,33.8303],[134.5197,33.8305],[134.5203,33.8317],[134.5206,33.8317],[134.5209,33.8319],[134.5214,33.8323],[134.5219,33.8325],[134.5229,33.8334],[134.5231,33.8338],[134.5234,33.8339],[134.5236,33.8341],[134.5241,33.8353],[134.5244,33.8357],[134.5245,33.836],[134.5246,33.8367],[134.5247,33.837],[134.5248,33.8373],[134.5249,33.8376],[134.5248,33.8379],[134.5249,33.8383],[134.5252,33.8391],[134.5252,33.8393],[134.5252,33.84],[134.5252,33.8406],[134.5251,33.8412],[134.5251,33.8423],[134.5253,33.8425],[134.5267,33.843],[134.5278,33.8431],[134.5285,33.8435],[134.5288,33.8437],[134.529,33.844],[134.5291,33.8445],[134.5293,33.8451],[134.5294,33.8454],[134.5299,33.8458],[134.5302,33.8461],[134.5304,33.8466],[134.5305,33.847],[134.5307,33.8471],[134.5311,33.8473],[134.5315,33.8475],[134.5317,33.8478],[134.532,33.8479],[134.5323,33.848],[134.5327,33.8482],[134.5331,33.8483],[134.5335,33.8485],[134.534,33.8489],[134.5343,33.849],[134.5347,33.8495],[134.5351,33.8496],[134.5355,33.8496],[134.5361,33.8496],[134.5367,33.8498],[134.537,33.8498],[134.5371,33.8499],[134.5375,33.8504],[134.5377,33.8507],[134.538,33.851],[134.5389,33.8517],[134.5391,33.8518],[134.5393,33.8523],[134.5395,33.8524],[134.5403,33.8524],[134.541,33.8522],[134.5415,33.852],[134.5416,33.852],[134.542,33.8521],[134.5424,33.8519],[134.5427,33.8519],[134.543,33.852],[134.5435,33.8519],[134.5437,33.8519],[134.5444,33.8522],[134.5455,33.8518],[134.5458,33.8518],[134.546,33.8521],[134.5461,33.8523],[134.5465,33.8524],[134.5468,33.8525],[134.5475,33.853],[134.5489,33.8535],[134.5493,33.8538],[134.5496,33.8538],[134.5501,33.8539],[134.5504,33.854],[134.5507,33.8544],[134.5509,33.8545],[134.5511,33.8546],[134.5535,33.8544],[134.554,33.8544],[134.5547,33.8545],[134.5555,33.8545],[134.5561,33.8544],[134.5563,33.8544],[134.5564,33.8546],[134.5564,33.8548],[134.5566,33.8552],[134.5565,33.8561],[134.5564,33.8567],[134.5564,33.857],[134.5563,33.8573],[134.5561,33.8576],[134.556,33.8578],[134.5561,33.8584],[134.5559,33.8588],[134.5558,33.8593],[134.5559,33.8598],[134.5559,33.86],[134.5556,33.8604],[134.5556,33.8608],[134.5558,33.8611],[134.5558,33.8614],[134.5559,33.8617],[134.5559,33.8619],[134.5558,33.8623],[134.5558,33.8626],[134.5559,33.8628],[134.5564,33.8633],[134.5565,33.8638],[134.5565,33.8641],[134.5565,33.8643],[134.5562,33.8648],[134.5558,33.8652],[134.5555,33.8656],[134.5555,33.8659],[134.5556,33.8665],[134.5557,33.8672],[134.5558,33.8677],[134.5558,33.868],[134.5559,33.8682],[134.5562,33.8685],[134.5562,33.8689],[134.5561,33.869],[134.5557,33.8693],[134.5551,33.8694],[134.5545,33.8693],[134.5539,33.8692],[134.5527,33.8691],[134.5519,33.869],[134.5513,33.8687],[134.5504,33.8685],[134.5497,33.8686],[134.5492,33.8685],[134.5489,33.8685],[134.5485,33.8685],[134.5477,33.869],[134.5475,33.869],[134.5472,33.869],[134.5465,33.8687],[134.5463,33.8687],[134.5456,33.8688],[134.545,33.869],[134.5441,33.8695],[134.5437,33.8698],[134.5431,33.8701],[134.5426,33.8706],[134.542,33.8713],[134.5412,33.8725],[134.5408,33.8731],[134.5406,33.8732],[134.5403,33.8733],[134.5399,33.8733],[134.5383,33.8732],[134.5381,33.8732],[134.5375,33.8736],[134.5374,33.8736],[134.5369,33.8735],[134.535,33.8734],[134.5343,33.8735],[134.5337,33.8735],[134.5335,33.8734],[134.5334,33.8731],[134.533,33.8732],[134.5324,33.8731],[134.5318,33.8733],[134.5311,33.8731],[134.5308,33.8731],[134.5305,33.8734],[134.5301,33.8737],[134.5298,33.8737],[134.5294,33.8737],[134.5283,33.8734],[134.5273,33.873],[134.5265,33.8727],[134.5262,33.8727],[134.525,33.8729],[134.5246,33.8729],[134.524,33.8729],[134.5235,33.8729],[134.5229,33.8729],[134.5225,33.873],[134.5222,33.8731],[134.522,33.8733],[134.5216,33.8737],[134.5213,33.8741],[134.5211,33.8742],[134.5209,33.8742],[134.5203,33.8742],[134.5197,33.874],[134.5195,33.8739],[134.5193,33.8734],[134.5192,33.8729],[134.519,33.8727],[134.5184,33.8724],[134.5181,33.8721],[134.5178,33.8721],[134.5171,33.872],[134.5169,33.8719],[134.5164,33.8716],[134.5161,33.8713],[134.5155,33.8711],[134.5151,33.871],[134.5147,33.8709],[134.5141,33.871],[134.5133,33.871],[134.5128,33.871],[134.5123,33.8708],[134.512,33.8707],[134.5117,33.8702],[134.5113,33.87],[134.51,33.8698],[134.5094,33.8697],[134.5089,33.8696],[134.5078,33.8693],[134.5071,33.869],[134.5068,33.8688],[134.5063,33.8685],[134.5058,33.8683],[134.5053,33.8682],[134.5049,33.8682],[134.5043,33.8681],[134.5037,33.868],[134.503,33.8678],[134.5023,33.8676],[134.5018,33.8675],[134.5009,33.867],[134.4995,33.8663],[134.4993,33.8661],[134.4986,33.8655],[134.4983,33.8653],[134.498,33.8653],[134.4978,33.8653],[134.4973,33.8657],[134.4971,33.8661],[134.4972,33.8666],[134.4971,33.8672],[134.4971,33.8675],[134.497,33.8684],[134.4972,33.8693],[134.4971,33.8703],[134.4971,33.871],[134.4971,33.8714],[134.4965,33.8714],[134.4959,33.8715],[134.4954,33.8715],[134.4941,33.8717],[134.4924,33.872],[134.4916,33.8719],[134.4912,33.8718],[134.4908,33.8716],[134.4905,33.8713],[134.4901,33.8708],[134.4899,33.8707],[134.4896,33.8703],[134.4893,33.8698],[134.4892,33.8694],[134.4892,33.869],[134.4891,33.8688],[134.4889,33.8687],[134.4885,33.8688],[134.4881,33.8688],[134.4876,33.8689],[134.4872,33.8691],[134.4862,33.8694],[134.4855,33.8697],[134.4852,33.8699],[134.4851,33.87],[134.4836,33.8701],[134.4834,33.8701],[134.4831,33.8705],[134.4826,33.8706],[134.4823,33.8706],[134.4814,33.8706],[134.4811,33.8707],[134.4806,33.8708],[134.4799,33.8709],[134.4791,33.871],[134.4786,33.871],[134.4778,33.8708],[134.4773,33.8706],[134.4765,33.8704],[134.4762,33.8702],[134.4754,33.8701],[134.4743,33.8696],[134.4738,33.8695],[134.4734,33.8694],[134.4731,33.8692],[134.4729,33.8687],[134.4726,33.8682],[134.4721,33.8677],[134.4707,33.868],[134.4697,33.8684],[134.469,33.8688],[134.4683,33.8692],[134.4681,33.8694],[134.4679,33.8699],[134.4673,33.8695],[134.4665,33.869],[134.4663,33.8688],[134.4657,33.8686],[134.4654,33.8685],[134.465,33.8685],[134.4642,33.8682],[134.4637,33.8679],[134.4629,33.8677],[134.4629,33.8674],[134.4628,33.8667],[134.4627,33.8665],[134.4626,33.8662],[134.4626,33.8657],[134.4627,33.8653],[134.4625,33.8653],[134.462,33.8656],[134.4617,33.8657],[134.4609,33.8657],[134.4605,33.8656],[134.4602,33.8656],[134.4595,33.8655],[134.4591,33.8656],[134.4588,33.8658],[134.4586,33.8658],[134.4584,33.8656],[134.4573,33.8651],[134.4569,33.8649],[134.4564,33.8648],[134.4553,33.8648],[134.4551,33.8647],[134.4548,33.8644],[134.4543,33.8641],[134.4538,33.8637],[134.453,33.8636],[134.4525,33.8636],[134.4523,33.8636],[134.4519,33.8634],[134.4514,33.8628],[134.4509,33.8625],[134.4506,33.8623],[134.4504,33.8621],[134.4502,33.8616],[134.45,33.8616],[134.4496,33.8618],[134.4494,33.8621],[134.4492,33.8622],[134.4488,33.862],[134.4485,33.8617],[134.448,33.8616],[134.4476,33.8618],[134.4472,33.8618],[134.4467,33.8615],[134.4462,33.8613],[134.4457,33.8611],[134.4448,33.8607],[134.4442,33.8606],[134.4438,33.8606],[134.4435,33.8606],[134.4428,33.8608],[134.4423,33.8606],[134.4419,33.8605],[134.4414,33.8604],[134.4407,33.8602],[134.4403,33.8601],[134.4399,33.8601],[134.4397,33.86],[134.4393,33.8599],[134.4391,33.8597],[134.4388,33.8598],[134.4379,33.8597],[134.4376,33.8597],[134.4371,33.8593],[134.4367,33.8586],[134.4363,33.8579],[134.4361,33.8577],[134.4353,33.8573],[134.4349,33.857],[134.4342,33.8566],[134.4339,33.8563],[134.4333,33.8564],[134.4328,33.8564],[134.4323,33.8562],[134.4321,33.8558],[134.4318,33.856],[134.4314,33.8564],[134.4313,33.8568],[134.4309,33.857],[134.4308,33.8572],[134.4303,33.8573],[134.43,33.8576],[134.4297,33.8581],[134.4293,33.8584],[134.4291,33.8588],[134.429,33.8589],[134.4288,33.8589],[134.4284,33.8588],[134.4279,33.8586],[134.4276,33.8585],[134.4271,33.8584],[134.4265,33.8584],[134.4256,33.8583],[134.4251,33.8584],[134.4245,33.8582],[134.4238,33.8578],[134.4234,33.8578],[134.4228,33.858],[134.4224,33.8579],[134.4221,33.8578],[134.4217,33.8578],[134.4212,33.8577],[134.421,33.8576],[134.4207,33.8577],[134.4202,33.8578],[134.4198,33.858],[134.4194,33.8583],[134.4189,33.8586],[134.4184,33.8587],[134.418,33.8589],[134.4179,33.8591],[134.4177,33.8592],[134.4172,33.8598],[134.4171,33.8599],[134.4166,33.8601],[134.4152,33.86],[134.4147,33.86],[134.4142,33.8598],[134.4127,33.859],[134.4122,33.8585],[134.4117,33.8583],[134.4115,33.858],[134.4106,33.8578],[134.4102,33.8577],[134.4095,33.8572],[134.4092,33.8568],[134.409,33.8567],[134.4086,33.8566],[134.4082,33.8564],[134.4076,33.856],[134.4075,33.8558],[134.4071,33.8555],[134.4069,33.8552],[134.4067,33.8552],[134.4065,33.8555],[134.4061,33.8557],[134.4059,33.8558],[134.4054,33.8557],[134.4043,33.8554],[134.4041,33.8553],[134.404,33.855],[134.4037,33.855],[134.4031,33.8552],[134.403,33.8553],[134.4028,33.8556],[134.4017,33.856],[134.4011,33.8557],[134.4005,33.8556],[134.3998,33.8555],[134.3994,33.8554],[134.3991,33.8551],[134.3984,33.8547],[134.398,33.8546],[134.3977,33.855],[134.3975,33.8551],[134.397,33.8551],[134.3968,33.855],[134.3964,33.8548],[134.3961,33.8544],[134.3962,33.8538],[134.3959,33.8536],[134.3957,33.8535],[134.3954,33.8536],[134.3951,33.8537],[134.3947,33.854],[134.3942,33.8541],[134.3937,33.8541],[134.3933,33.8542],[134.3931,33.8542],[134.3928,33.854],[134.3927,33.8536],[134.3926,33.8534],[134.3921,33.8534],[134.3916,33.8532],[134.3907,33.8524],[134.3903,33.8522],[134.3899,33.8517],[134.3897,33.8516],[134.3895,33.8515],[134.3892,33.8516],[134.3887,33.8517],[134.3877,33.8517],[134.3875,33.8516],[134.3871,33.8512],[134.3865,33.8514],[134.3857,33.8517],[134.3853,33.8518],[134.385,33.8518],[134.3848,33.8518],[134.3845,33.8515],[134.3841,33.8515],[134.3838,33.8518],[134.3832,33.8521],[134.3824,33.8522],[134.3822,33.8522],[134.3818,33.8524],[134.3813,33.8525],[134.3811,33.8526],[134.3808,33.8527],[134.3803,33.853],[134.38,33.8534],[134.3797,33.8538],[134.3796,33.854],[134.3793,33.8542],[134.3787,33.8543],[134.3785,33.8544],[134.3783,33.8548],[134.3783,33.8553],[134.3781,33.8558],[134.378,33.8561],[134.3778,33.8562],[134.377,33.8562],[134.3765,33.8561],[134.3762,33.856],[134.3759,33.8559],[134.3753,33.8559],[134.3751,33.8559],[134.3749,33.8558],[134.374,33.8555],[134.3737,33.8554],[134.3735,33.8553],[134.3731,33.8548],[134.3727,33.8545],[134.3723,33.8545],[134.3718,33.8541],[134.3713,33.8539],[134.3709,33.8535],[134.3706,33.8533],[134.3699,33.8531],[134.3692,33.8527],[134.3687,33.8523],[134.3682,33.8519],[134.368,33.8519],[134.3674,33.8517],[134.3666,33.8514],[134.3662,33.8511],[134.3659,33.8508],[134.3654,33.8503],[134.3652,33.8501],[134.3642,33.8498],[134.3636,33.8497],[134.3629,33.8496],[134.3626,33.8494],[134.3616,33.8492],[134.3609,33.8487],[134.3606,33.8486],[134.3601,33.8487],[134.3596,33.8488],[134.3595,33.8489],[134.3593,33.8494],[134.3591,33.8496],[134.3589,33.8499],[134.3576,33.8504],[134.3571,33.8508],[134.357,33.851],[134.3562,33.8511],[134.3556,33.8511],[134.3549,33.8511],[134.3546,33.8509],[134.3544,33.8509],[134.3541,33.8509],[134.3536,33.8511],[134.3534,33.8511],[134.3522,33.8505],[134.3517,33.8503],[134.3513,33.8502],[134.3504,33.8501],[134.3507,33.8503],[134.3509,33.8505],[134.351,33.8509],[134.351,33.8511],[134.3509,33.8515],[134.3509,33.8518],[134.351,33.8522],[134.3512,33.8526],[134.3516,33.853],[134.3517,33.8533],[134.3518,33.8542],[134.3517,33.8545],[134.3515,33.855],[134.3516,33.8554],[134.3517,33.8558],[134.3519,33.8561],[134.3521,33.8564],[134.3523,33.8567],[134.3523,33.8569],[134.3521,33.8571],[134.352,33.8575],[134.3516,33.8578],[134.3505,33.8582],[134.3504,33.8582],[134.3498,33.8582],[134.3493,33.8582],[134.3489,33.8583],[134.3483,33.8585],[134.3475,33.8586],[134.3471,33.8588],[134.3469,33.8593],[134.3467,33.8594],[134.3462,33.8595],[134.3451,33.8595],[134.344,33.8595],[134.3435,33.8596],[134.3428,33.8594],[134.3423,33.8594],[134.3418,33.8595],[134.3414,33.8598],[134.3412,33.8601],[134.341,33.8602],[134.3404,33.8604],[134.3394,33.8605],[134.3391,33.8606],[134.3388,33.8609],[134.3386,33.8611],[134.3383,33.8615],[134.3378,33.8618],[134.3375,33.8619],[134.3373,33.8621],[134.3372,33.8623],[134.3371,33.8634],[134.3369,33.8639],[134.3368,33.864],[134.3362,33.8643],[134.3361,33.8645],[134.3358,33.8647],[134.3355,33.8647],[134.3346,33.8645],[134.3343,33.8645],[134.3339,33.8645],[134.3334,33.8644],[134.3328,33.8641],[134.3319,33.864],[134.3309,33.864],[134.3306,33.8639],[134.3301,33.8638],[134.3294,33.8638],[134.3284,33.8639],[134.3278,33.8638],[134.327,33.8638],[134.3268,33.8639],[134.3266,33.864],[134.3265,33.8643],[134.3264,33.8649],[134.3265,33.8651],[134.3267,33.8651],[134.3272,33.8652],[134.3273,33.8652],[134.3274,33.8654],[134.3274,33.8656],[134.3275,33.8661],[134.3275,33.8665],[134.3274,33.8668],[134.3272,33.867],[134.3271,33.8673],[134.3271,33.8677],[134.3272,33.8681],[134.327,33.8687],[134.3264,33.8692],[134.3261,33.8698],[134.3261,33.8705],[134.3262,33.871],[134.3261,33.8719],[134.3261,33.8724],[134.3262,33.8727],[134.3262,33.873],[134.3261,33.8732],[134.326,33.874],[134.3262,33.8743],[134.3262,33.8745],[134.3261,33.8748],[134.3257,33.8753],[134.3254,33.8756],[134.3248,33.876],[134.3243,33.8764],[134.3237,33.8766],[134.323,33.8768],[134.3224,33.8774],[134.3222,33.8775],[134.3221,33.8778],[134.3223,33.8781],[134.3223,33.8787],[134.3225,33.8791],[134.3229,33.8793],[134.3233,33.8796],[134.3233,33.8798],[134.3237,33.8806],[134.3241,33.881],[134.3244,33.8814],[134.3251,33.8821],[134.3258,33.8825],[134.326,33.8827],[134.326,33.8829],[134.3257,33.8833],[134.3254,33.8842],[134.3253,33.8848],[134.3254,33.8856],[134.3253,33.8861],[134.3253,33.8867],[134.3252,33.8869],[134.3249,33.887],[134.3241,33.8868],[134.3239,33.8868],[134.3236,33.8869],[134.3234,33.8872],[134.3232,33.8874],[134.323,33.8875],[134.3226,33.8881],[134.3227,33.8886],[134.3225,33.8893],[134.3223,33.8896],[134.3217,33.8901],[134.3213,33.8904],[134.3209,33.8909],[134.3206,33.891],[134.3202,33.8917],[134.3202,33.8919],[134.32,33.8922],[134.3194,33.8927],[134.3188,33.8932],[134.3185,33.8936],[134.3183,33.894],[134.3181,33.894],[134.3174,33.8941],[134.317,33.8942],[134.3165,33.8946],[134.3164,33.8948],[134.3163,33.8951],[134.3163,33.8953],[134.3165,33.8958],[134.3165,33.896],[134.3165,33.8972],[134.3164,33.8976],[134.3162,33.898],[134.3155,33.8983],[134.3151,33.8987],[134.315,33.8988],[134.3141,33.8989],[134.3138,33.8989],[134.3133,33.8994],[134.313,33.8994],[134.3125,33.8994],[134.3122,33.9002],[134.3117,33.901],[134.3116,33.9013],[134.3116,33.9017],[134.3117,33.9022],[134.3117,33.9024],[134.3114,33.9031],[134.3112,33.9033],[134.3111,33.9038],[134.3108,33.9042],[134.3099,33.9047],[134.3089,33.9052],[134.3087,33.9054],[134.3085,33.9056],[134.3084,33.9059],[134.3083,33.9062],[134.308,33.9064],[134.3076,33.9067],[134.3073,33.9068],[134.3065,33.907],[134.3062,33.9071],[134.3057,33.907],[134.3051,33.9071],[134.3046,33.9074],[134.3039,33.9077],[134.3033,33.9082],[134.3024,33.9088],[134.3021,33.9092],[134.3017,33.9095],[134.3011,33.91],[134.3008,33.9101],[134.3002,33.9103],[134.2987,33.9104],[134.2985,33.9102],[134.2983,33.9101],[134.2974,33.91],[134.2968,33.9098],[134.2962,33.9094],[134.2964,33.9091],[134.2962,33.9087],[134.2959,33.9083],[134.2958,33.9081],[134.2954,33.9077],[134.2948,33.9073],[134.2947,33.9071],[134.2946,33.9067],[134.2944,33.9067],[134.2934,33.9069],[134.2927,33.9069],[134.2922,33.9069],[134.2913,33.9068],[134.2904,33.9068],[134.2902,33.9069],[134.2899,33.9072],[134.2898,33.9077],[134.2896,33.9083],[134.2894,33.9088],[134.2892,33.9094],[134.2886,33.9102],[134.2883,33.9107],[134.2881,33.9113],[134.2878,33.912],[134.2873,33.9127],[134.287,33.913],[134.2863,33.9133],[134.2862,33.9136],[134.2862,33.9143],[134.2863,33.9148],[134.2863,33.9152],[134.2861,33.9152],[134.2852,33.9154],[134.2847,33.9154],[134.284,33.9153],[134.2832,33.9154],[134.2822,33.9158],[134.282,33.9158],[134.2814,33.9156],[134.2803,33.9155],[134.28,33.9155],[134.2796,33.9155],[134.2785,33.9151],[134.278,33.915],[134.2774,33.9151],[134.2769,33.9153],[134.2763,33.9154],[134.2759,33.9155],[134.2754,33.9155],[134.2749,33.9157],[134.2742,33.9163],[134.2738,33.9166],[134.2736,33.9166],[134.273,33.9166],[134.2729,33.9167],[134.2728,33.917],[134.2726,33.9172],[134.2711,33.9171],[134.2708,33.9171],[134.2698,33.9173],[134.2692,33.9172],[134.2685,33.917],[134.2679,33.917],[134.2673,33.917],[134.2667,33.917],[134.2661,33.9172],[134.2653,33.9174],[134.2645,33.9175],[134.263,33.9176],[134.2621,33.9177],[134.2597,33.917],[134.2576,33.9163],[134.2572,33.9163],[134.2566,33.9167],[134.2563,33.9168],[134.2559,33.9168],[134.2549,33.9168],[134.2546,33.9164],[134.2544,33.9162],[134.2541,33.9161],[134.2537,33.9162],[134.2533,33.9162],[134.253,33.9164],[134.2526,33.9167],[134.2525,33.9168],[134.252,33.9167],[134.2514,33.9168],[134.2505,33.917],[134.2499,33.917],[134.2499,33.9168],[134.2498,33.9163],[134.2497,33.916],[134.2494,33.9157],[134.249,33.9153],[134.2483,33.9151],[134.2473,33.9147],[134.2469,33.9144],[134.2465,33.9143],[134.2464,33.9142],[134.2459,33.9137],[134.2455,33.9135],[134.2451,33.9133],[134.244,33.913],[134.2438,33.9128],[134.2434,33.9126],[134.2431,33.9124],[134.2426,33.9121],[134.2418,33.9117],[134.2405,33.9114],[134.2396,33.911],[134.2393,33.9109],[134.2387,33.9105],[134.2384,33.9104],[134.238,33.9101],[134.2378,33.91],[134.2373,33.9101],[134.2364,33.9099],[134.2356,33.9098],[134.2351,33.9094],[134.235,33.9093],[134.234,33.9092],[134.2337,33.9091],[134.2334,33.9087],[134.2332,33.9086],[134.2327,33.9086],[134.2325,33.9086],[134.2322,33.9085],[134.2314,33.9079],[134.2319,33.9074],[134.2323,33.907],[134.2328,33.9062],[134.2329,33.9058],[134.2329,33.9057],[134.2324,33.9051],[134.2324,33.905],[134.2326,33.9043],[134.2328,33.9042],[134.2335,33.9039],[134.2339,33.9036],[134.2346,33.9033],[134.235,33.9029],[134.2356,33.9026],[134.236,33.9022],[134.2368,33.9018],[134.2368,33.9014],[134.2367,33.9009],[134.2363,33.9002],[134.2363,33.9],[134.2366,33.8996],[134.2371,33.8992],[134.2376,33.8987],[134.2381,33.8982],[134.2385,33.8979],[134.2386,33.8976],[134.2385,33.8973],[134.2383,33.8969],[134.2383,33.8966],[134.2386,33.896],[134.2386,33.8954],[134.2386,33.8949],[134.2388,33.8944],[134.2386,33.8938],[134.2387,33.8935],[134.239,33.8926],[134.239,33.8917],[134.2383,33.8916],[134.2375,33.8913],[134.2371,33.8912],[134.2367,33.8912],[134.2354,33.8909],[134.2348,33.8907],[134.2346,33.8906],[134.2341,33.8903],[134.2333,33.8895],[134.2326,33.8892],[134.2319,33.8889],[134.2315,33.8887],[134.2304,33.8885],[134.2298,33.8884],[134.229,33.8882],[134.2287,33.8883],[134.2282,33.8883],[134.2271,33.8882],[134.2265,33.888],[134.2262,33.888],[134.2259,33.8885],[134.2258,33.8886],[134.2253,33.8889],[134.2249,33.8891],[134.2245,33.8892],[134.2236,33.8891],[134.2232,33.889],[134.2227,33.889],[134.2218,33.8891],[134.2207,33.8886],[134.2201,33.8887],[134.2197,33.8886],[134.2195,33.8885],[134.2191,33.888],[134.2188,33.8879],[134.2181,33.8879],[134.2179,33.8877],[134.2174,33.8872],[134.2173,33.8869],[134.2172,33.8868],[134.2165,33.8864],[134.2151,33.8862],[134.214,33.8858],[134.2138,33.8858],[134.2133,33.8858],[134.213,33.8858],[134.2122,33.8853],[134.2117,33.8853],[134.2114,33.8852],[134.2109,33.8847],[134.2104,33.8842],[134.2101,33.8837],[134.2099,33.8833],[134.2097,33.8827],[134.2095,33.8824],[134.2094,33.8821],[134.2092,33.8816],[134.2091,33.8812],[134.209,33.881],[134.2087,33.8809],[134.2071,33.8809],[134.2069,33.881],[134.2062,33.8808],[134.2058,33.881],[134.2056,33.8812],[134.2051,33.8815],[134.2046,33.8819],[134.2044,33.8819],[134.2039,33.882],[134.2035,33.8822],[134.2033,33.8824],[134.2029,33.8826],[134.202,33.8829],[134.2019,33.883],[134.2017,33.8834],[134.2016,33.8836],[134.2014,33.8837],[134.1995,33.8845],[134.1992,33.8846],[134.1987,33.8848],[134.1984,33.885],[134.1983,33.885],[134.1978,33.885],[134.1974,33.8849],[134.1966,33.8848],[134.196,33.8849],[134.1947,33.8854],[134.1942,33.8859],[134.194,33.886],[134.1937,33.886],[134.1931,33.8859],[134.1922,33.8857],[134.1911,33.8856],[134.1905,33.8854],[134.19,33.8849],[134.1896,33.8847],[134.1886,33.8838],[134.1887,33.8835],[134.1885,33.8832],[134.188,33.8828],[134.1874,33.8824],[134.1866,33.8822],[134.1863,33.8819],[134.186,33.8818],[134.1854,33.8816],[134.1849,33.8815],[134.1844,33.8815],[134.1833,33.8813],[134.183,33.8812],[134.1827,33.8809],[134.1825,33.8804],[134.1822,33.8802],[134.1819,33.88],[134.1816,33.8796],[134.1813,33.8792],[134.181,33.8786],[134.1806,33.8784],[134.1804,33.8783],[134.18,33.8783],[134.1795,33.8783],[134.1788,33.8785],[134.1784,33.8783],[134.1774,33.8778],[134.1772,33.8776],[134.1764,33.8768],[134.1757,33.8758],[134.1749,33.8749],[134.1744,33.8746],[134.1741,33.8746],[134.1739,33.8744],[134.1737,33.8742],[134.1737,33.8738],[134.1736,33.8736],[134.1733,33.8733],[134.1732,33.8731],[134.1729,33.8727],[134.1725,33.8725],[134.1723,33.8724],[134.1722,33.8721],[134.1723,33.8715],[134.1726,33.871],[134.1728,33.8706],[134.1729,33.8704],[134.1728,33.87],[134.1725,33.8698],[134.1722,33.8693],[134.1717,33.8687],[134.1708,33.8683],[134.1705,33.8681],[134.1703,33.8678],[134.1699,33.8675],[134.1693,33.8673],[134.1684,33.8672],[134.1679,33.8671],[134.1671,33.8668],[134.1666,33.8668],[134.166,33.8667],[134.1658,33.8666],[134.1655,33.8663],[134.1651,33.8659],[134.1647,33.8657],[134.1644,33.8656],[134.1637,33.8656],[134.163,33.8657],[134.1624,33.8656],[134.1617,33.8655],[134.1611,33.8656],[134.1599,33.8657],[134.1593,33.8659],[134.1585,33.8658],[134.158,33.8659],[134.1576,33.866],[134.1572,33.8663],[134.1569,33.8665],[134.1566,33.8663],[134.1559,33.8663],[134.1556,33.8662],[134.1553,33.8659],[134.155,33.8658],[134.1543,33.8658],[134.1539,33.8659],[134.1537,33.8659],[134.1532,33.8666],[134.1528,33.867],[134.1525,33.8671],[134.1518,33.8672],[134.1506,33.8676],[134.1502,33.8681],[134.1494,33.8685],[134.1488,33.8689],[134.1483,33.8693],[134.1481,33.8694],[134.1477,33.8694],[134.1472,33.8695],[134.1469,33.8695],[134.1461,33.8693],[134.1458,33.8693],[134.1456,33.8692],[134.145,33.8692],[134.1443,33.869],[134.1437,33.8688],[134.1434,33.8687],[134.1431,33.8685],[134.1427,33.868],[134.1422,33.867],[134.142,33.8668],[134.1418,33.8668],[134.1413,33.8668],[134.1409,33.8667],[134.1406,33.8665],[134.1403,33.8663],[134.1402,33.8659],[134.1399,33.8657],[134.1394,33.8656],[134.139,33.8658],[134.1386,33.8661],[134.1379,33.8662],[134.1375,33.8662],[134.1373,33.8662],[134.1359,33.8658],[134.1352,33.8655],[134.1344,33.8652],[134.1342,33.865],[134.1337,33.8642],[134.1336,33.8641],[134.1334,33.864],[134.1327,33.8638],[134.1325,33.8637],[134.1323,33.8635],[134.132,33.8631],[134.1318,33.8626],[134.1317,33.8623],[134.1316,33.862],[134.1308,33.8615],[134.1305,33.8615],[134.1297,33.8614],[134.1291,33.8612],[134.1285,33.8609],[134.1279,33.8605],[134.1274,33.8601],[134.1272,33.8599],[134.1272,33.8596],[134.1268,33.8587],[134.1265,33.8585],[134.1261,33.8584],[134.1256,33.8581],[134.1255,33.858],[134.1252,33.8575],[134.125,33.8574],[134.1248,33.8574],[134.1243,33.8576],[134.1242,33.8576],[134.1239,33.8575],[134.1236,33.8575],[134.1227,33.8569],[134.1223,33.8568],[134.1218,33.8565],[134.121,33.8564],[134.1206,33.8563],[134.1203,33.8562],[134.1197,33.8562],[134.1192,33.8561],[134.1185,33.8561],[134.1181,33.856],[134.1177,33.856],[134.1167,33.8559],[134.1164,33.8559],[134.1153,33.8561],[134.1142,33.856],[134.1136,33.8559],[134.1129,33.8558],[134.1122,33.8556],[134.112,33.8555],[134.1122,33.8548],[134.1121,33.8546],[134.112,33.8543],[134.1118,33.8539],[134.1108,33.8529],[134.1105,33.8527],[134.1101,33.8528],[134.1096,33.8529],[134.1094,33.8529],[134.1079,33.8533],[134.1075,33.8534],[134.1069,33.8534],[134.1057,33.8535],[134.1043,33.8537],[134.1036,33.8538],[134.1025,33.8539],[134.1013,33.8539],[134.101,33.854],[134.1002,33.8543],[134.0997,33.8544],[134.099,33.8545],[134.0984,33.8546],[134.0977,33.8546],[134.0966,33.8546],[134.0962,33.8548],[134.096,33.855],[134.0954,33.855],[134.0947,33.8543],[134.0944,33.8537],[134.0936,33.853],[134.0931,33.8527],[134.0922,33.8525],[134.0919,33.8523],[134.0917,33.8521],[134.0915,33.8517],[134.091,33.8504],[134.0907,33.8501],[134.0904,33.8498],[134.0901,33.8496],[134.0895,33.8494],[134.0886,33.8488],[134.0882,33.8482],[134.0878,33.848],[134.0873,33.8473],[134.0869,33.8466],[134.0868,33.8462],[134.0864,33.8455],[134.0858,33.8447],[134.0856,33.8443],[134.0854,33.844],[134.0848,33.844],[134.0844,33.8441],[134.0838,33.8442],[134.0833,33.8444],[134.0833,33.8447],[134.0831,33.8448],[134.0828,33.845],[134.0822,33.8452],[134.0815,33.8452],[134.0809,33.8452],[134.0806,33.8453],[134.0801,33.8454],[134.0795,33.8455],[134.0785,33.846],[134.0783,33.846],[134.0779,33.8459],[134.0775,33.8456],[134.0771,33.8454],[134.0764,33.8451],[134.0755,33.8449],[134.075,33.8446],[134.0747,33.8445],[134.074,33.8443],[134.0733,33.8441],[134.0726,33.8438],[134.072,33.8435],[134.0713,33.8432],[134.0706,33.843],[134.07,33.843],[134.0695,33.8431],[134.0692,33.8429],[134.0687,33.8426],[134.0679,33.8422],[134.0673,33.8419],[134.0667,33.8415],[134.0658,33.8412],[134.0652,33.8411],[134.065,33.841],[134.0649,33.8407],[134.0648,33.8404],[134.0647,33.8399],[134.0646,33.8398],[134.0639,33.8396],[134.0637,33.8395],[134.0627,33.8388],[134.0623,33.8386],[134.0619,33.8384],[134.0617,33.8382],[134.0612,33.838],[134.0601,33.8376],[134.0596,33.8375],[134.059,33.8375],[134.058,33.8377],[134.0575,33.8376],[134.0557,33.8372],[134.0554,33.8371],[134.055,33.837],[134.0542,33.837],[134.0537,33.8368],[134.0528,33.8361],[134.0521,33.8356],[134.0514,33.8354],[134.0503,33.8352],[134.0501,33.8351],[134.0498,33.8346],[134.0495,33.8343],[134.0491,33.8341],[134.0488,33.8341],[134.0484,33.8342],[134.0475,33.8342],[134.0459,33.8341],[134.0456,33.8341],[134.045,33.8339],[134.0447,33.8339],[134.044,33.8341],[134.0433,33.8342],[134.0414,33.8343],[134.041,33.8345],[134.0398,33.835],[134.0396,33.835],[134.039,33.8349],[134.0387,33.8348],[134.0383,33.8344],[134.0377,33.8338],[134.0377,33.8337],[134.0377,33.8332],[134.0376,33.8328],[134.0373,33.8325],[134.0368,33.8317],[134.0361,33.8311],[134.0357,33.8304],[134.0354,33.8301],[134.0351,33.8298],[134.0346,33.8295],[134.034,33.8288],[134.0334,33.8286],[134.0328,33.8284]]]},"properties":{"N03_001":"徳島県","N03_002":"","N03_003":"那賀郡","N03_004":"那賀町","N03_007":"36368"}},
{"type":"Feature","geometry":{"type":"Polygon","coordinates":[[[134.3927,33.7184],[134.393,33.7181],[134.3932,33.7175],[134.3932,33.7172],[134.3928,33.7166],[134.3929,33.7162],[134.393,33.7158],[134.3933,33.7156],[134.3934,33.7152],[134.3935,33.7142],[134.3938,33.7136],[134.3938,33.7135],[134.3937,33.7133],[134.3928,33.7131],[134.3921,33.7125],[134.3918,33.7121],[134.3916,33.712],[134.3912,33.7119],[134.3906,33.7119],[134.3902,33.7118],[134.3896,33.7115],[134.3893,33.7115],[134.3889,33.7116],[134.3881,33.712],[134.3869,33.7121],[134.3865,33.7121],[134.3861,33.7121],[134.3858,33.7121],[134.3853,33.7118],[134.385,33.7117],[134.3844,33.7116],[134.3838,33.7114],[134.3829,33.711],[134.3823,33.7109],[134.3818,33.7108],[134.3812,33.7106],[134.3811,33.7104],[134.3809,33.7094],[134.381,33.7089],[134.3811,33.7084],[134.3809,33.7082],[134.3805,33.708],[134.3801,33.708],[134.3796,33.7078],[134.3791,33.7078],[134.3785,33.7081],[134.3781,33.7081],[134.3775,33.708],[134.3772,33.708],[134.3766,33.7081],[134.3754,33.7081],[134.375,33.7084],[134.3749,33.7088],[134.3744,33.7087],[134.3739,33.7084],[134.3732,33.7075],[134.3729,33.7073],[134.3727,33.7072],[134.3723,33.7072],[134.3719,33.7069],[134.3714,33.7067],[134.3711,33.7067],[134.3707,33.7062],[134.3702,33.7059],[134.3697,33.7059],[134.3691,33.7055],[134.3688,33.7054],[134.3682,33.7054],[134.367,33.7052],[134.3665,33.7049],[134.3657,33.7047],[134.3654,33.7045],[134.3652,33.7043],[134.3654,33.704],[134.3655,33.7036],[134.3653,33.703],[134.365,33.7026],[134.365,33.7009],[134.365,33.7004],[134.365,33.6996],[134.3649,33.6993],[134.3649,33.6989],[134.3652,33.6985],[134.3652,33.6983],[134.3647,33.6981],[134.364,33.6976],[134.3635,33.6974],[134.3615,33.6967],[134.3612,33.6965],[134.3606,33.696],[134.3606,33.6957],[134.361,33.6944],[134.3612,33.6942],[134.3617,33.6939],[134.3618,33.6937],[134.362,33.6932],[134.3618,33.6927],[134.3618,33.6924],[134.3618,33.6914],[134.3621,33.6908],[134.3622,33.6899],[134.3622,33.6894],[134.3624,33.6892],[134.3627,33.6891],[134.3631,33.689],[134.3633,33.6885],[134.3634,33.6883],[134.364,33.688],[134.3646,33.6876],[134.3648,33.6863],[134.3647,33.6858],[134.3646,33.6853],[134.3647,33.6851],[134.3649,33.6849],[134.3652,33.6847],[134.3655,33.6846],[134.3656,33.6844],[134.3655,33.6841],[134.3654,33.6835],[134.3657,33.6826],[134.3657,33.6825],[134.3654,33.6822],[134.3654,33.682],[134.3654,33.6818],[134.3651,33.6812],[134.3652,33.6809],[134.3652,33.6806],[134.3647,33.6798],[134.3644,33.6795],[134.364,33.6792],[134.3639,33.6791],[134.3636,33.6788],[134.3626,33.6782],[134.3623,33.6782],[134.3621,33.6777],[134.3621,33.6775],[134.363,33.6773],[134.3635,33.677],[134.3637,33.6767],[134.3645,33.6765],[134.3646,33.6764],[134.3652,33.6759],[134.3656,33.6751],[134.366,33.6747],[134.3663,33.6747],[134.3668,33.6749],[134.3676,33.675],[134.3688,33.6749],[134.3691,33.6749],[134.3695,33.6747],[134.37,33.6747],[134.3702,33.6747],[134.3712,33.6745],[134.3715,33.6744],[134.3717,33.6743],[134.3724,33.6733],[134.3731,33.6723],[134.3731,33.6722],[134.3726,33.6719],[134.3723,33.6719],[134.3717,33.6716],[134.3715,33.6715],[134.3715,33.6712],[134.3717,33.6706],[134.3717,33.6704],[134.3715,33.6702],[134.3714,33.6699],[134.3708,33.6696],[134.3703,33.6692],[134.3701,33.6691],[134.3697,33.6691],[134.3695,33.6689],[134.3695,33.6686],[134.3696,33.6676],[134.3696,33.6674],[134.3698,33.6671],[134.3701,33.6668],[134.3709,33.6662],[134.3714,33.666],[134.3718,33.6659],[134.3722,33.6657],[134.3723,33.6655],[134.3727,33.6657],[134.3735,33.6655],[134.3741,33.6657],[134.3744,33.6656],[134.3747,33.6649],[134.375,33.6643],[134.3752,33.6641],[134.3755,33.664],[134.3757,33.6639],[134.3757,33.6635],[134.376,33.6633],[134.3766,33.6631],[134.377,33.6626],[134.377,33.6622],[134.3773,33.6618],[134.3773,33.6617],[134.3773,33.6613],[134.3773,33.6609],[134.3774,33.6606],[134.3779,33.6606],[134.3783,33.6606],[134.3785,33.6605],[134.3786,33.6604],[134.3785,33.6599],[134.3785,33.6597],[134.3789,33.6592],[134.3795,33.6586],[134.3797,33.6584],[134.3799,33.6579],[134.3799,33.6578],[134.3802,33.6576],[134.3806,33.6575],[134.3812,33.6572],[134.3814,33.6571],[134.3817,33.6571],[134.383,33.6566],[134.3836,33.6558],[134.3837,33.6556],[134.3838,33.6554],[134.3841,33.6548],[134.3847,33.6544],[134.3856,33.6542],[134.3859,33.6542],[134.3865,33.6541],[134.3872,33.6539],[134.3876,33.6538],[134.3878,33.6536],[134.388,33.653],[134.3882,33.6524],[134.3884,33.6522],[134.3889,33.6519],[134.3895,33.6513],[134.3899,33.6506],[134.3901,33.6509],[134.3905,33.651],[134.391,33.6511],[134.3914,33.6508],[134.3914,33.6505],[134.3913,33.6503],[134.3916,33.6502],[134.392,33.6503],[134.3919,33.6505],[134.3922,33.6507],[134.3924,33.6508],[134.3929,33.6508],[134.3932,33.6508],[134.3935,33.6505],[134.3934,33.6504],[134.3937,33.6504],[134.3938,33.6505],[134.394,33.6505],[134.3941,33.6506],[134.3944,33.6508],[134.3947,33.6508],[134.3949,33.6507],[134.3952,33.6503],[134.3955,33.6502],[134.3956,33.65],[134.396,33.6501],[134.3963,33.6504],[134.3967,33.6506],[134.3967,33.6507],[134.3966,33.651],[134.3969,33.6511],[134.3969,33.6514],[134.3965,33.6515],[134.3964,33.6518],[134.3963,33.6519],[134.3964,33.6521],[134.3965,33.6523],[134.3967,33.6523],[134.3967,33.6525],[134.3969,33.6526],[134.3965,33.6529],[134.3965,33.6531],[134.3967,33.6531],[134.3964,33.6534],[134.3958,33.6536],[134.3955,33.6537],[134.3952,33.6542],[134.3952,33.6546],[134.3954,33.6554],[134.3956,33.6558],[134.3959,33.6561],[134.3963,33.6563],[134.3964,33.6564],[134.3968,33.6564],[134.3971,33.6569],[134.3973,33.657],[134.3976,33.6571],[134.3981,33.6571],[134.3984,33.6571],[134.3984,33.6569],[134.399,33.6566],[134.3991,33.6562],[134.399,33.6561],[134.3996,33.6558],[134.3998,33.6555],[134.3995,33.6552],[134.3997,33.6552],[134.4,33.6553],[134.4002,33.6555],[134.4002,33.6557],[134.4002,33.656],[134.4003,33.656],[134.4003,33.6562],[134.4001,33.6564],[134.4002,33.6565],[134.4006,33.6565],[134.4003,33.6569],[134.4004,33.6574],[134.4005,33.6576],[134.4008,33.6579],[134.4008,33.6581],[134.4011,33.6583],[134.4013,33.6583],[134.4014,33.6582],[134.4017,33.6584],[134.4018,33.6588],[134.4019,33.659],[134.4017,33.6591],[134.402,33.6596],[134.4025,33.6599],[134.4028,33.66],[134.403,33.6601],[134.4037,33.66],[134.404,33.6599],[134.4042,33.6599],[134.4044,33.6598],[134.4047,33.6596],[134.4053,33.6594],[134.4057,33.6588],[134.4057,33.6586],[134.4056,33.6584],[134.4057,33.6583],[134.4055,33.658],[134.4058,33.6578],[134.406,33.6579],[134.4061,33.6578],[134.4065,33.6579],[134.4067,33.6578],[134.4071,33.6575],[134.4071,33.657],[134.4072,33.6568],[134.4074,33.6563],[134.4075,33.6561],[134.4075,33.6558],[134.4077,33.6558],[134.4079,33.656],[134.4081,33.656],[134.4082,33.6561],[134.4084,33.6562],[134.4086,33.6564],[134.409,33.6564],[134.4097,33.6562],[134.4099,33.656],[134.4099,33.6556],[134.4101,33.6553],[134.4101,33.6551],[134.41,33.655],[134.4099,33.6548],[134.4098,33.6548],[134.4098,33.6546],[134.4101,33.6543],[134.4104,33.6543],[134.4104,33.6542],[134.4111,33.6542],[134.4112,33.654],[134.4114,33.6542],[134.4115,33.654],[134.4118,33.6541],[134.4122,33.6543],[134.4125,33.6544],[134.4128,33.6547],[134.4133,33.6547],[134.4133,33.6548],[134.4138,33.6548],[134.4145,33.6555],[134.4148,33.6557],[134.4153,33.6558],[134.4156,33.656],[134.4168,33.6564],[134.417,33.6563],[134.4171,33.6562],[134.4174,33.6563],[134.4176,33.6567],[134.4176,33.6571],[134.4174,33.6571],[134.4175,33.6576],[134.4177,33.6577],[134.4177,33.6579],[134.4175,33.658],[134.4175,33.6583],[134.4171,33.6589],[134.4171,33.659],[134.4169,33.6591],[134.4168,33.6592],[134.4163,33.6594],[134.4162,33.6597],[134.4163,33.6601],[134.4166,33.6606],[134.417,33.6607],[134.4174,33.6605],[134.4178,33.6607],[134.4181,33.6607],[134.4181,33.661],[134.4185,33.6612],[134.4179,33.6614],[134.4178,33.6617],[134.4181,33.6619],[134.4181,33.662],[134.4206,33.6619],[134.4206,33.662],[134.4198,33.662],[134.4198,33.6627],[134.4197,33.662],[134.4187,33.6621],[134.4184,33.6621],[134.4184,33.6625],[134.4175,33.6625],[134.4176,33.6632],[134.4184,33.6632],[134.4186,33.6646],[134.4184,33.6647],[134.4185,33.6651],[134.4188,33.6654],[134.4191,33.6656],[134.4196,33.6658],[134.4202,33.666],[134.421,33.666],[134.4214,33.666],[134.4217,33.6658],[134.4219,33.6657],[134.422,33.6652],[134.4221,33.6652],[134.422,33.6658],[134.4226,33.6656],[134.4229,33.6655],[134.4229,33.6649],[134.4226,33.6643],[134.4227,33.6642],[134.4229,33.6645],[134.423,33.6645],[134.4232,33.665],[134.4231,33.665],[134.423,33.6655],[134.423,33.6656],[134.4232,33.6659],[134.4242,33.6655],[134.4239,33.6649],[134.424,33.6648],[134.4243,33.6654],[134.4252,33.6651],[134.4249,33.6647],[134.425,33.6647],[134.4254,33.6652],[134.4261,33.6648],[134.4259,33.6644],[134.4253,33.6641],[134.4248,33.6644],[134.4247,33.6644],[134.4246,33.6638],[134.4232,33.6635],[134.4232,33.6634],[134.4248,33.6638],[134.4247,33.6637],[134.424,33.6635],[134.4219,33.663],[134.4219,33.6629],[134.4248,33.6636],[134.425,33.6632],[134.4251,33.6623],[134.425,33.6621],[134.4249,33.6619],[134.4249,33.6617],[134.4251,33.6615],[134.4252,33.661],[134.425,33.6608],[134.4254,33.6606],[134.4258,33.6608],[134.426,33.6608],[134.4262,33.661],[134.4266,33.6611],[134.427,33.6614],[134.4274,33.6618],[134.4275,33.6618],[134.4277,33.6619],[134.4279,33.662],[134.4281,33.6621],[134.4281,33.6623],[134.4283,33.6629],[134.4285,33.6631],[134.4285,33.6632],[134.4291,33.6637],[134.4295,33.6638],[134.4303,33.664],[134.4308,33.664],[134.4311,33.6639],[134.4317,33.6636],[134.432,33.6634],[134.4322,33.6634],[134.4326,33.6634],[134.4327,33.6632],[134.433,33.6633],[134.433,33.6634],[134.4333,33.6635],[134.4335,33.6635],[134.4338,33.6636],[134.4337,33.6637],[134.4341,33.6639],[134.4347,33.6639],[134.4348,33.6638],[134.4351,33.6639],[134.4351,33.664],[134.4355,33.6641],[134.4359,33.6642],[134.4365,33.6641],[134.4367,33.6641],[134.4376,33.664],[134.4379,33.6639],[134.4381,33.6638],[134.4383,33.6635],[134.4383,33.6633],[134.4382,33.6632],[134.4389,33.6632],[134.4393,33.6635],[134.4392,33.6637],[134.4394,33.6639],[134.4392,33.664],[134.4393,33.6642],[134.4395,33.6643],[134.4396,33.6646],[134.4396,33.6648],[134.4398,33.6652],[134.44,33.6654],[134.4405,33.6654],[134.4405,33.6652],[134.4409,33.6651],[134.4417,33.6651],[134.4417,33.6652],[134.4409,33.6652],[134.4407,33.6657],[134.4418,33.6659],[134.4424,33.664],[134.4418,33.6637],[134.4418,33.6636],[134.4425,33.664],[134.4433,33.6651],[134.4431,33.6657],[134.4433,33.6659],[134.4436,33.6661],[134.4438,33.6663],[134.444,33.6664],[134.4441,33.6665],[134.4441,33.6669],[134.4441,33.6672],[134.4443,33.6672],[134.4445,33.6677],[134.4444,33.6681],[134.4446,33.6685],[134.4448,33.6686],[134.4452,33.6692],[134.4457,33.6694],[134.446,33.6693],[134.4461,33.6693],[134.4465,33.6696],[134.4466,33.6698],[134.4468,33.6698],[134.4468,33.6701],[134.447,33.6702],[134.447,33.6704],[134.4469,33.6707],[134.4471,33.6709],[134.4474,33.671],[134.4477,33.6711],[134.448,33.6711],[134.4481,33.671],[134.4485,33.6711],[134.4487,33.671],[134.4488,33.6707],[134.4488,33.6705],[134.449,33.6704],[134.4492,33.6705],[134.4496,33.6705],[134.4498,33.6706],[134.4498,33.6711],[134.45,33.6713],[134.4504,33.6716],[134.4508,33.6718],[134.4511,33.6718],[134.4513,33.6718],[134.4515,33.6716],[134.4516,33.6714],[134.4515,33.6712],[134.4518,33.6712],[134.452,33.6711],[134.4522,33.6711],[134.4525,33.6715],[134.4523,33.6715],[134.4521,33.6716],[134.4521,33.672],[134.4523,33.6723],[134.4526,33.6725],[134.453,33.6731],[134.4533,33.6733],[134.4539,33.6736],[134.4546,33.6737],[134.4548,33.6736],[134.4551,33.6733],[134.4554,33.6733],[134.4556,33.6735],[134.4556,33.6739],[134.4559,33.6741],[134.4562,33.6746],[134.4568,33.6751],[134.4572,33.6753],[134.4575,33.6754],[134.4578,33.6754],[134.4586,33.6755],[134.4591,33.6754],[134.4593,33.6752],[134.4594,33.6754],[134.4595,33.6753],[134.4601,33.6754],[134.4601,33.6755],[134.4604,33.6756],[134.4605,33.6757],[134.4606,33.6759],[134.4608,33.6762],[134.4614,33.6766],[134.4619,33.6771],[134.4624,33.6774],[134.4628,33.6775],[134.4637,33.6775],[134.464,33.6777],[134.4642,33.6779],[134.4644,33.6781],[134.4644,33.6783],[134.4646,33.6785],[134.4648,33.6788],[134.4652,33.6795],[134.4655,33.6799],[134.466,33.6803],[134.4663,33.6803],[134.4664,33.6803],[134.4666,33.6804],[134.4673,33.6804],[134.4676,33.6802],[134.4681,33.6803],[134.468,33.6805],[134.4682,33.6807],[134.4684,33.6808],[134.4691,33.6811],[134.4697,33.6812],[134.4702,33.6813],[134.4704,33.6813],[134.4713,33.6814],[134.472,33.6818],[134.4724,33.6818],[134.4724,33.6819],[134.4725,33.6821],[134.4727,33.6823],[134.473,33.6826],[134.4734,33.6829],[134.4738,33.6832],[134.4739,33.6833],[134.4741,33.6835],[134.4743,33.6838],[134.4746,33.6842],[134.4747,33.6844],[134.475,33.6848],[134.4751,33.6849],[134.4753,33.6852],[134.4755,33.6854],[134.4755,33.6856],[134.4755,33.6859],[134.4753,33.6867],[134.4753,33.687],[134.4753,33.6872],[134.4755,33.6874],[134.4757,33.6876],[134.4757,33.688],[134.4758,33.6886],[134.4758,33.6896],[134.4758,33.69],[134.4759,33.6902],[134.476,33.6904],[134.4759,33.6906],[134.4758,33.6908],[134.4756,33.691],[134.4755,33.6913],[134.4753,33.6915],[134.4752,33.6917],[134.475,33.6919],[134.4749,33.692],[134.4748,33.6923],[134.4747,33.6926],[134.4747,33.693],[134.4748,33.6936],[134.4747,33.694],[134.4745,33.6943],[134.4742,33.6945],[134.4738,33.6944],[134.4733,33.6943],[134.4731,33.6942],[134.4728,33.6941],[134.4723,33.6939],[134.472,33.6938],[134.4718,33.6937],[134.4716,33.6939],[134.4715,33.6943],[134.4714,33.6945],[134.4711,33.6947],[134.47,33.695],[134.4697,33.695],[134.4695,33.695],[134.4692,33.6947],[134.469,33.6945],[134.4686,33.6945],[134.4682,33.6944],[134.4679,33.6943],[134.4674,33.6942],[134.4667,33.6941],[134.4663,33.6941],[134.4656,33.6941],[134.4651,33.6941],[134.4648,33.6942],[134.4645,33.6944],[134.4643,33.6949],[134.464,33.6953],[134.4635,33.6959],[134.4629,33.6966],[134.4624,33.6973],[134.4621,33.6976],[134.4616,33.698],[134.4614,33.6981],[134.4609,33.6981],[134.4603,33.6981],[134.46,33.6981],[134.46,33.6983],[134.4599,33.6986],[134.4597,33.6989],[134.4595,33.6992],[134.4594,33.6995],[134.4593,33.6998],[134.4593,33.7],[134.4591,33.7004],[134.4589,33.7006],[134.4586,33.701],[134.4583,33.701],[134.4578,33.7012],[134.4577,33.7013],[134.4576,33.7014],[134.4576,33.7019],[134.4574,33.7024],[134.4573,33.7037],[134.4568,33.7037],[134.4566,33.7037],[134.4564,33.7039],[134.4563,33.7043],[134.4563,33.7047],[134.4564,33.7049],[134.4567,33.7053],[134.4569,33.7059],[134.457,33.706],[134.4571,33.7061],[134.4573,33.7062],[134.4575,33.7064],[134.4578,33.7067],[134.4579,33.707],[134.458,33.7072],[134.458,33.7074],[134.458,33.7075],[134.4581,33.7083],[134.458,33.7088],[134.4578,33.7095],[134.4577,33.7097],[134.4575,33.7102],[134.4573,33.7104],[134.457,33.7104],[134.4565,33.7106],[134.4562,33.7108],[134.456,33.7111],[134.4559,33.7113],[134.4558,33.7116],[134.4555,33.7123],[134.4551,33.7129],[134.4548,33.7132],[134.4548,33.7134],[134.4549,33.7138],[134.4549,33.7139],[134.4548,33.714],[134.4549,33.7146],[134.4551,33.7152],[134.4552,33.7154],[134.4553,33.7157],[134.4553,33.7162],[134.4554,33.7167],[134.4555,33.7169],[134.4555,33.7173],[134.4554,33.7177],[134.4553,33.7181],[134.4552,33.7188],[134.455,33.7192],[134.4549,33.7193],[134.4546,33.7192],[134.4543,33.7192],[134.4541,33.7192],[134.4538,33.7194],[134.4534,33.7196],[134.4531,33.72],[134.4525,33.7207],[134.4523,33.7211],[134.4521,33.7212],[134.452,33.7213],[134.4517,33.7213],[134.4512,33.7215],[134.4509,33.7217],[134.4506,33.7221],[134.4504,33.7223],[134.45,33.7226],[134.4499,33.7227],[134.4496,33.7229],[134.4495,33.7231],[134.4492,33.7234],[134.4489,33.7235],[134.4486,33.7234],[134.4484,33.7233],[134.4482,33.7231],[134.4482,33.723],[134.448,33.723],[134.4477,33.7229],[134.4475,33.7227],[134.4471,33.7224],[134.4466,33.7221],[134.4461,33.7218],[134.4458,33.7218],[134.4455,33.7218],[134.4452,33.7218],[134.4448,33.7217],[134.4444,33.7214],[134.4442,33.7212],[134.4439,33.721],[134.4435,33.7208],[134.4432,33.7208],[134.4429,33.7207],[134.4426,33.7207],[134.442,33.7207],[134.4417,33.7207],[134.4416,33.7207],[134.4413,33.7206],[134.4409,33.7206],[134.4405,33.7205],[134.4397,33.7206],[134.4394,33.7205],[134.4387,33.7202],[134.4383,33.7199],[134.4379,33.7199],[134.4372,33.7199],[134.4368,33.7198],[134.4366,33.7197],[134.4363,33.7196],[134.436,33.7196],[134.4357,33.7196],[134.4355,33.7196],[134.4352,33.7195],[134.4349,33.7194],[134.4347,33.7194],[134.4342,33.7191],[134.4334,33.7188],[134.4333,33.7187],[134.433,33.7184],[134.4329,33.7184],[134.4328,33.7184],[134.4325,33.7183],[134.4322,33.7183],[134.4319,33.7181],[134.4318,33.7179],[134.4316,33.7177],[134.4315,33.7176],[134.4309,33.7174],[134.4307,33.7173],[134.4303,33.7168],[134.43,33.7167],[134.4298,33.7166],[134.4295,33.7166],[134.4292,33.7165],[134.4287,33.7162],[134.4285,33.7162],[134.4282,33.7162],[134.4281,33.7162],[134.4277,33.7159],[134.4274,33.7155],[134.4272,33.7153],[134.427,33.7153],[134.4267,33.7154],[134.4265,33.7155],[134.426,33.7156],[134.4253,33.7156],[134.425,33.7156],[134.4248,33.7156],[134.4244,33.7157],[134.4243,33.7158],[134.4243,33.716],[134.4242,33.7162],[134.4241,33.7164],[134.4241,33.7165],[134.4238,33.7167],[134.4235,33.7169],[134.4233,33.7171],[134.4229,33.7172],[134.4227,33.7172],[134.4224,33.7174],[134.422,33.7178],[134.4217,33.7181],[134.4215,33.7184],[134.4214,33.7186],[134.4211,33.7186],[134.4208,33.7186],[134.4204,33.7186],[134.4202,33.7186],[134.4196,33.7188],[134.4192,33.7188],[134.4186,33.7188],[134.4176,33.719],[134.417,33.7191],[134.4167,33.7192],[134.4163,33.7193],[134.4159,33.7194],[134.4154,33.7196],[134.4151,33.7196],[134.4148,33.7195],[134.4144,33.7195],[134.4142,33.7196],[134.4139,33.7196],[134.4132,33.7196],[134.4128,33.7196],[134.4123,33.7197],[134.4119,33.7197],[134.4114,33.7196],[134.411,33.7194],[134.4108,33.7193],[134.4105,33.7193],[134.4102,33.7193],[134.4097,33.7191],[134.4091,33.719],[134.4086,33.719],[134.4083,33.719],[134.408,33.719],[134.4073,33.719],[134.4068,33.719],[134.4061,33.7189],[134.4054,33.7189],[134.4046,33.7187],[134.4036,33.7184],[134.4035,33.7184],[134.4026,33.7181],[134.4022,33.718],[134.402,33.718],[134.4009,33.7181],[134.4004,33.7182],[134.4001,33.7182],[134.4,33.7182],[134.3996,33.7181],[134.3989,33.718],[134.398,33.718],[134.3976,33.7179],[134.3971,33.7179],[134.3967,33.7179],[134.3956,33.7183],[134.3953,33.7183],[134.3946,33.7183],[134.3927,33.7184]],[[134.3937,33.6503],[134.3939,33.6504],[134.3941,33.6503],[134.3939,33.6502],[134.3937,33.6503]],[[134.4021,33.6587],[134.4022,33.6585],[134.4018,33.6584],[134.4019,33.6587],[134.4021,33.6587]],[[134.4353,33.6634],[134.4353,33.6633],[134.435,33.6632],[134.4348,33.6633],[134.4351,33.6635],[134.4353,33.6634]],[[134.4448,33.6659],[134.445,33.6662],[134.4454,33.6662],[134.4455,33.6661],[134.4451,33.6659],[134.4448,33.6659]],[[134.4455,33.6656],[134.4454,33.6657],[134.4456,33.6659],[134.4458,33.6658],[134.4455,33.6656]],[[134.4641,33.6767],[134.4643,33.6767],[134.4643,33.6766],[134.464,33.6765],[134.4639,33.6766],[134.4641,33.6767]]]},"properties":{"N03_001":"徳島県","N03_002":"","N03_003":"海部郡","N03_004":"牟岐町","N03_007":"36383"}},
{"type":"Feature","geometry":{"type":"MultiPolygon","coordinates":[]},"properties":{"N03_001":"徳島県","N03_002":"","N03_003":"海部郡","N03_004":"美波町","N03_007":"36387"}},
{"type":"Feature","geometry":{"type":"Polygon","coordinates":[[[134.1638,33.6881],[134.1664,33.687],[134.167,33.6866],[134.1678,33.6863],[134.1682,33.6862],[134.1687,33.6862],[134.1695,33.6861],[134.1701,33.6861],[134.1709,33.686],[134.1713,33.6858],[134.172,33.6855],[134.1744,33.6844],[134.1747,33.6843],[134.1748,33.684],[134.1747,33.6837],[134.1749,33.683],[134.1747,33.6818],[134.1748,33.6807],[134.1748,33.6802],[134.1748,33.6796],[134.1751,33.6789],[134.1755,33.6787],[134.1755,33.6784],[134.1755,33.6781],[134.1755,33.6777],[134.1755,33.6772],[134.1755,33.6769],[134.1758,33.6763],[134.1757,33.6761],[134.1755,33.6759],[134.1747,33.6756],[134.174,33.6753],[134.1737,33.6752],[134.1734,33.6753],[134.1729,33.6753],[134.1726,33.6751],[134.1724,33.6742],[134.1718,33.6733],[134.1712,33.6729],[134.1708,33.6725],[134.1701,33.6723],[134.1699,33.6721],[134.1696,33.6718],[134.1692,33.6711],[134.169,33.6708],[134.1689,33.6706],[134.1691,33.6704],[134.1694,33.6702],[134.1696,33.6697],[134.1701,33.6693],[134.1702,33.669],[134.1701,33.6684],[134.1702,33.668],[134.1708,33.6672],[134.1712,33.6665],[134.1716,33.6653],[134.1719,33.665],[134.1728,33.6641],[134.1731,33.6636],[134.1736,33.6629],[134.174,33.6623],[134.1753,33.6616],[134.1748,33.6606],[134.1744,33.6602],[134.174,33.66],[134.1735,33.6598],[134.1729,33.6592],[134.1725,33.6587],[134.1717,33.658],[134.1713,33.6577],[134.1713,33.6575],[134.1714,33.6574],[134.1725,33.6568],[134.1731,33.6565],[134.1735,33.6561],[134.1738,33.6557],[134.1745,33.6553],[134.1751,33.6548],[134.1756,33.6544],[134.1757,33.654],[134.1764,33.6535],[134.1766,33.6534],[134.1769,33.6535],[134.1774,33.6536],[134.1782,33.6536],[134.1788,33.6534],[134.1796,33.6529],[134.1804,33.6523],[134.1816,33.6512],[134.1821,33.651],[134.1827,33.6508],[134.1831,33.6506],[134.1834,33.6504],[134.1837,33.6498],[134.1841,33.6494],[134.1842,33.649],[134.1838,33.6487],[134.183,33.6482],[134.1824,33.6478],[134.1817,33.6474],[134.1812,33.647],[134.1805,33.6467],[134.1792,33.6457],[134.179,33.6454],[134.1788,33.6447],[134.1786,33.6446],[134.1779,33.6445],[134.1773,33.6445],[134.1768,33.6448],[134.1766,33.6448],[134.1754,33.6438],[134.1748,33.6433],[134.1745,33.6432],[134.1736,33.6432],[134.1731,33.6431],[134.1724,33.6429],[134.172,33.6428],[134.1711,33.6421],[134.1705,33.642],[134.1702,33.6416],[134.1697,33.6413],[134.1693,33.6408],[134.1689,33.6403],[134.1684,33.6399],[134.1676,33.6393],[134.1674,33.6391],[134.1672,33.6385],[134.167,33.6382],[134.1666,33.6378],[134.1661,33.6375],[134.1656,33.6373],[134.1653,33.6371],[134.1652,33.6368],[134.1651,33.6362],[134.1647,33.6361],[134.1643,33.6359],[134.164,33.6354],[134.1636,33.6353],[134.1631,33.6352],[134.1626,33.6352],[134.1621,33.6352],[134.1618,33.6352],[134.1615,33.635],[134.1601,33.6341],[134.1588,33.633],[134.1584,33.6326],[134.1567,33.6334],[134.1564,33.6335],[134.1562,33.6334],[134.1552,33.633],[134.1545,33.6326],[134.154,33.6324],[134.1527,33.632],[134.1522,33.6317],[134.1513,33.6312],[134.1502,33.6306],[134.1496,33.6289],[134.1493,33.6278],[134.1493,33.6271],[134.1495,33.627],[134.1503,33.627],[134.151,33.6268],[134.1517,33.6264],[134.1527,33.6258],[134.1532,33.6253],[134.1534,33.625],[134.1536,33.6245],[134.1539,33.624],[134.1543,33.6237],[134.1546,33.6235],[134.1549,33.6232],[134.1549,33.623],[134.1545,33.6225],[134.1543,33.6223],[134.1544,33.6217],[134.1543,33.6214],[134.1539,33.6212],[134.1537,33.6208],[134.1532,33.6197],[134.153,33.6194],[134.1525,33.6187],[134.1523,33.6185],[134.1521,33.6182],[134.1521,33.6172],[134.1524,33.6166],[134.1527,33.6162],[134.153,33.6159],[134.1534,33.615],[134.1537,33.6147],[134.154,33.6142],[134.1543,33.6139],[134.155,33.6132],[134.1553,33.6127],[134.156,33.6118],[134.1561,33.6117],[134.1574,33.6116],[134.1581,33.6116],[134.1589,33.6118],[134.1595,33.6119],[134.1597,33.6121],[134.1601,33.6127],[134.1603,33.6128],[134.1606,33.6128],[134.1611,33.6126],[134.1622,33.6121],[134.1626,33.6119],[134.163,33.6114],[134.1634,33.6111],[134.1641,33.6108],[134.1646,33.6105],[134.1648,33.6105],[134.1655,33.6107],[134.1659,33.6108],[134.1667,33.6108],[134.1676,33.6106],[134.1681,33.6105],[134.1685,33.6104],[134.1689,33.6102],[134.1693,33.6098],[134.1696,33.6097],[134.1708,33.6097],[134.1722,33.6096],[134.1725,33.6096],[134.1728,33.6095],[134.1732,33.6091],[134.1734,33.6087],[134.1736,33.6086],[134.1739,33.6085],[134.1742,33.6085],[134.1744,33.6085],[134.1747,33.6082],[134.1749,33.608],[134.175,33.6078],[134.1753,33.6076],[134.1757,33.6075],[134.1759,33.6073],[134.176,33.6071],[134.1758,33.6068],[134.1754,33.6065],[134.1737,33.6055],[134.1733,33.6052],[134.1732,33.6051],[134.1731,33.6047],[134.173,33.6045],[134.1726,33.6042],[134.1723,33.6039],[134.1712,33.6032],[134.1705,33.6024],[134.1702,33.6021],[134.1701,33.6017],[134.1701,33.6014],[134.1702,33.6009],[134.1703,33.6007],[134.1706,33.6005],[134.1711,33.6003],[134.1715,33.6002],[134.1716,33.6],[134.1717,33.5997],[134.1717,33.5988],[134.1715,33.5985],[134.1712,33.5982],[134.1708,33.5978],[134.1706,33.5974],[134.1705,33.5971],[134.1706,33.597],[134.1713,33.5966],[134.172,33.5961],[134.173,33.5956],[134.1735,33.5955],[134.1747,33.595],[134.176,33.5941],[134.1763,33.5939],[134.1765,33.594],[134.1774,33.5942],[134.1782,33.5941],[134.1785,33.5942],[134.1788,33.5941],[134.1792,33.5937],[134.1795,33.5935],[134.18,33.593],[134.1801,33.5927],[134.1806,33.5918],[134.1814,33.591],[134.1819,33.5907],[134.1823,33.5906],[134.183,33.59],[134.1835,33.5897],[134.1839,33.5894],[134.1841,33.5891],[134.1847,33.5887],[134.1848,33.5885],[134.1849,33.5882],[134.1848,33.5875],[134.1849,33.5872],[134.1852,33.587],[134.1853,33.5867],[134.1855,33.5858],[134.1857,33.5851],[134.1859,33.5849],[134.1863,33.5846],[134.1865,33.5842],[134.1867,33.5837],[134.1868,33.5835],[134.1871,33.5833],[134.1875,33.5829],[134.1876,33.5826],[134.1877,33.5823],[134.188,33.5821],[134.1885,33.5817],[134.1886,33.5815],[134.1885,33.5811],[134.1884,33.5809],[134.1881,33.5805],[134.1877,33.58],[134.1875,33.5798],[134.1872,33.5796],[134.1871,33.5795],[134.1869,33.579],[134.1872,33.5782],[134.1874,33.5773],[134.1874,33.577],[134.1877,33.576],[134.1878,33.5758],[134.1884,33.5756],[134.1885,33.5755],[134.1888,33.575],[134.189,33.5748],[134.1893,33.5746],[134.1895,33.5745],[134.1901,33.5745],[134.1911,33.5747],[134.1915,33.5746],[134.1925,33.574],[134.1926,33.5735],[134.1929,33.5725],[134.193,33.5723],[134.1934,33.5718],[134.1935,33.5716],[134.1938,33.5707],[134.1941,33.5702],[134.1944,33.5697],[134.195,33.5692],[134.1954,33.5687],[134.1954,33.5685],[134.1955,33.5682],[134.1954,33.5675],[134.1954,33.5672],[134.1955,33.5668],[134.1955,33.5663],[134.1953,33.5658],[134.1947,33.5653],[134.1941,33.5651],[134.1939,33.5648],[134.1938,33.5636],[134.1937,33.5634],[134.1934,33.5631],[134.1932,33.5628],[134.1932,33.5616],[134.1941,33.5615],[134.1951,33.5611],[134.1957,33.5608],[134.1959,33.5608],[134.1976,33.5612],[134.1982,33.5614],[134.199,33.5618],[134.1995,33.562],[134.1999,33.562],[134.2011,33.5621],[134.2023,33.5625],[134.2025,33.5626],[134.2027,33.563],[134.2033,33.5633],[134.204,33.5639],[134.2045,33.5642],[134.2052,33.5643],[134.2056,33.5645],[134.2058,33.5648],[134.2061,33.565],[134.2066,33.565],[134.2067,33.565],[134.2072,33.5655],[134.2074,33.5656],[134.2079,33.5655],[134.2084,33.5656],[134.209,33.5658],[134.2095,33.5657],[134.2099,33.5657],[134.2103,33.5658],[134.2107,33.5659],[134.211,33.5661],[134.2113,33.5663],[134.2117,33.567],[134.2128,33.5669],[134.2134,33.567],[134.214,33.5671],[134.2147,33.5672],[134.2161,33.5675],[134.2167,33.5675],[134.2171,33.5675],[134.2178,33.5676],[134.2185,33.5676],[134.2187,33.5675],[134.2194,33.567],[134.2197,33.5669],[134.2202,33.5669],[134.2208,33.5665],[134.2213,33.566],[134.2218,33.5656],[134.2221,33.5652],[134.2224,33.5646],[134.2231,33.5646],[134.2236,33.5645],[134.224,33.564],[134.2243,33.5634],[134.2247,33.5632],[134.2255,33.5631],[134.2266,33.563],[134.2268,33.5629],[134.2273,33.5625],[134.2281,33.5614],[134.2287,33.561],[134.2289,33.5604],[134.2289,33.56],[134.2289,33.5598],[134.2288,33.5596],[134.2288,33.5594],[134.2291,33.5588],[134.2293,33.5585],[134.2295,33.5579],[134.23,33.5577],[134.2301,33.5576],[134.2303,33.5573],[134.2306,33.5572],[134.2308,33.557],[134.231,33.5565],[134.2314,33.5563],[134.2317,33.5561],[134.2319,33.5558],[134.2322,33.5557],[134.2328,33.5555],[134.2332,33.5553],[134.2341,33.5551],[134.2345,33.5546],[134.235,33.5546],[134.2353,33.5546],[134.2356,33.5545],[134.2361,33.5542],[134.237,33.5539],[134.2375,33.5535],[134.2377,33.5532],[134.2377,33.5527],[134.2376,33.5522],[134.2378,33.552],[134.2379,33.5521],[134.2385,33.5529],[134.2388,33.5531],[134.2397,33.5535],[134.2404,33.5536],[134.2407,33.5541],[134.2409,33.5545],[134.2412,33.5558],[134.2415,33.5561],[134.2418,33.5561],[134.2422,33.556],[134.2426,33.5559],[134.2431,33.5559],[134.2434,33.5559],[134.2438,33.5557],[134.2444,33.5556],[134.2446,33.5554],[134.245,33.5549],[134.2453,33.555],[134.2456,33.5549],[134.2457,33.5546],[134.2459,33.5544],[134.2463,33.5543],[134.2467,33.5542],[134.2472,33.5541],[134.2473,33.5541],[134.2485,33.5539],[134.2488,33.5537],[134.2489,33.5536],[134.249,33.5531],[134.2492,33.5529],[134.2495,33.5529],[134.2502,33.5531],[134.2506,33.5531],[134.2517,33.5528],[134.252,33.5528],[134.2526,33.553],[134.2546,33.553],[134.2556,33.5533],[134.2567,33.5534],[134.2573,33.5534],[134.2576,33.5534],[134.258,33.5533],[134.2582,33.5533],[134.2596,33.5539],[134.2603,33.5543],[134.2609,33.5549],[134.2617,33.5557],[134.2623,33.5567],[134.2625,33.5566],[134.2629,33.5564],[134.2633,33.5564],[134.2644,33.5563],[134.2653,33.5562],[134.2672,33.556],[134.2678,33.5559],[134.2687,33.5554],[134.27,33.5549],[134.2704,33.5549],[134.2706,33.555],[134.2708,33.5553],[134.2708,33.5557],[134.2707,33.5565],[134.2707,33.5572],[134.2707,33.5574],[134.271,33.5578],[134.2714,33.5582],[134.272,33.5587],[134.2728,33.5592],[134.2731,33.5595],[134.2733,33.5598],[134.2736,33.5606],[134.2737,33.5606],[134.2749,33.5604],[134.2757,33.5603],[134.2775,33.5598],[134.2782,33.5595],[134.2785,33.5595],[134.2787,33.5595],[134.2789,33.5599],[134.279,33.5602],[134.2793,33.5604],[134.2796,33.5605],[134.2802,33.5604],[134.2805,33.5605],[134.2811,33.5609],[134.2814,33.561],[134.2817,33.561],[134.2822,33.5607],[134.2827,33.5606],[134.2829,33.5604],[134.2831,33.5598],[134.2837,33.5598],[134.2844,33.5596],[134.2849,33.5596],[134.2855,33.5597],[134.2858,33.5598],[134.2872,33.5598],[134.2876,33.5597],[134.2886,33.5594],[134.289,33.5592],[134.2891,33.5587],[134.2893,33.5583],[134.2896,33.5582],[134.2903,33.5581],[134.2915,33.5582],[134.2929,33.5578],[134.2934,33.5577],[134.2957,33.5577],[134.2959,33.5576],[134.2966,33.557],[134.2969,33.5565],[134.297,33.5557],[134.2967,33.5551],[134.2965,33.5545],[134.2963,33.5537],[134.2964,33.5531],[134.297,33.5534],[134.2984,33.5536],[134.299,33.5536],[134.2999,33.5537],[134.3001,33.5538],[134.3002,33.554],[134.2999,33.5542],[134.3,33.5545],[134.3002,33.5549],[134.3006,33.5552],[134.3008,33.5552],[134.3013,33.555],[134.3016,33.5549],[134.3027,33.5544],[134.3033,33.5541],[134.3037,33.5539],[134.3044,33.5539],[134.3049,33.5538],[134.3054,33.5538],[134.306,33.5539],[134.3065,33.5538],[134.3067,33.5536],[134.3068,33.5534],[134.3068,33.5532],[134.3066,33.553],[134.3063,33.5528],[134.306,33.5528],[134.3053,33.5527],[134.305,33.5527],[134.3048,33.5525],[134.3048,33.5524],[134.305,33.5518],[134.3051,33.5514],[134.3055,33.5502],[134.3055,33.55],[134.3052,33.5497],[134.3052,33.5491],[134.3059,33.5484],[134.3062,33.5486],[134.3058,33.5491],[134.3058,33.5492],[134.3061,33.5493],[134.3064,33.5495],[134.3062,33.5497],[134.3062,33.5499],[134.3066,33.5501],[134.307,33.5502],[134.3074,33.5503],[134.3079,33.5501],[134.308,33.5499],[134.3082,33.5498],[134.3084,33.5496],[134.3085,33.5494],[134.3084,33.5491],[134.3081,33.549],[134.3078,33.5485],[134.3077,33.5477],[134.3075,33.5472],[134.3075,33.5467],[134.3077,33.5466],[134.3079,33.5465],[134.3087,33.5464],[134.3094,33.5462],[134.3097,33.5461],[134.3105,33.5462],[134.3108,33.5462],[134.311,33.5461],[134.3113,33.5458],[134.3116,33.5456],[134.3118,33.5457],[134.3122,33.5456],[134.3125,33.5455],[134.3127,33.5455],[134.3133,33.5455],[134.3137,33.5455],[134.314,33.5456],[134.3143,33.5458],[134.3149,33.5462],[134.3149,33.5464],[134.315,33.5465],[134.3151,33.5469],[134.3154,33.5473],[134.3153,33.5477],[134.3155,33.548],[134.315,33.5485],[134.3146,33.5488],[134.3139,33.549],[134.3136,33.5492],[134.3136,33.5495],[134.3137,33.5498],[134.314,33.55],[134.3142,33.5504],[134.3148,33.5508],[134.3151,33.5507],[134.3153,33.5508],[134.3156,33.5509],[134.3159,33.5511],[134.3159,33.5512],[134.3161,33.5514],[134.3162,33.5517],[134.316,33.5519],[134.3158,33.5519],[134.3157,33.5523],[134.3156,33.5527],[134.3158,33.5529],[134.3159,33.5531],[134.3161,33.5533],[134.3161,33.5536],[134.3159,33.5539],[134.3163,33.554],[134.3172,33.5543],[134.3176,33.5543],[134.3178,33.5545],[134.3179,33.5546],[134.3184,33.5547],[134.3188,33.5549],[134.319,33.5548],[134.3192,33.555],[134.3194,33.5549],[134.3198,33.555],[134.3199,33.5551],[134.3199,33.5553],[134.3196,33.5557],[134.3193,33.5559],[134.3188,33.5558],[134.3185,33.5559],[134.318,33.5559],[134.3173,33.5558],[134.3172,33.5558],[134.3172,33.5561],[134.3174,33.5562],[134.3178,33.5566],[134.3179,33.5568],[134.3177,33.557],[134.3173,33.5571],[134.3172,33.5574],[134.317,33.5575],[134.3169,33.5577],[134.3163,33.5578],[134.3161,33.5579],[134.316,33.558],[134.3158,33.5582],[134.3154,33.5583],[134.3151,33.5584],[134.3148,33.5584],[134.3146,33.5583],[134.3146,33.558],[134.3148,33.5577],[134.3147,33.5574],[134.3143,33.5574],[134.314,33.5569],[134.3139,33.5567],[134.3138,33.5566],[134.3134,33.5567],[134.3132,33.5566],[134.313,33.5563],[134.3129,33.5562],[134.3126,33.5562],[134.3126,33.5564],[134.3129,33.5569],[134.3128,33.5571],[134.3129,33.5572],[134.3136,33.5572],[134.3133,33.5575],[134.3134,33.5578],[134.3135,33.5578],[134.3135,33.558],[134.3137,33.5582],[134.3142,33.5581],[134.3142,33.5582],[134.3133,33.5584],[134.3133,33.5588],[134.3129,33.5591],[134.3127,33.5595],[134.3126,33.5599],[134.3126,33.5603],[134.3129,33.5605],[134.3133,33.5606],[134.3134,33.5608],[134.3134,33.5611],[134.313,33.5614],[134.3129,33.5616],[134.3126,33.5616],[134.3125,33.5622],[134.3125,33.5616],[134.3122,33.5616],[134.3121,33.5615],[134.3119,33.561],[134.3118,33.5608],[134.3114,33.5608],[134.3113,33.5609],[134.3114,33.5614],[134.3113,33.5617],[134.3109,33.5617],[134.3106,33.5616],[134.3101,33.5613],[134.3099,33.5609],[134.3079,33.5613],[134.3069,33.5614],[134.3069,33.5617],[134.3067,33.5617],[134.3055,33.5624],[134.3049,33.5624],[134.3049,33.562],[134.3049,33.5615],[134.3046,33.5621],[134.3049,33.5628],[134.3059,33.5627],[134.3058,33.5624],[134.3081,33.562],[134.3087,33.562],[134.3086,33.5622],[134.309,33.5623],[134.3096,33.5625],[134.3099,33.5619],[134.3097,33.5625],[134.3107,33.5628],[134.3111,33.5629],[134.3114,33.5627],[134.3111,33.5623],[134.3106,33.5622],[134.3107,33.5622],[134.3112,33.5623],[134.3115,33.5627],[134.311,33.563],[134.3096,33.5627],[134.3091,33.5632],[134.3088,33.5634],[134.3087,33.5637],[134.3085,33.5647],[134.3084,33.5653],[134.3083,33.5659],[134.3083,33.5665],[134.3083,33.5681],[134.3083,33.5686],[134.3085,33.5691],[134.3088,33.5695],[134.3088,33.5697],[134.3089,33.5707],[134.3087,33.5711],[134.3087,33.5715],[134.3088,33.5719],[134.3092,33.5724],[134.3093,33.5727],[134.3097,33.5733],[134.3098,33.5737],[134.31,33.5741],[134.3104,33.5746],[134.3104,33.5748],[134.3106,33.575],[134.3109,33.5753],[134.311,33.5755],[134.311,33.576],[134.3112,33.5762],[134.3116,33.5761],[134.3118,33.5759],[134.3121,33.576],[134.3124,33.576],[134.3125,33.5763],[134.3124,33.5764],[134.312,33.5763],[134.3119,33.5762],[134.3117,33.5762],[134.3114,33.5764],[134.3114,33.5767],[134.3117,33.577],[134.3119,33.5772],[134.3125,33.5774],[134.313,33.5776],[134.3131,33.5775],[134.3133,33.5773],[134.3134,33.577],[134.3137,33.5769],[134.3138,33.5766],[134.314,33.5765],[134.3144,33.5765],[134.3148,33.5766],[134.3152,33.5765],[134.3154,33.5764],[134.316,33.5765],[134.3162,33.5766],[134.3162,33.5767],[134.3164,33.5768],[134.3171,33.5769],[134.3171,33.5766],[134.3174,33.5766],[134.3175,33.5768],[134.3175,33.577],[134.3178,33.5771],[134.3186,33.5774],[134.3189,33.5776],[134.3191,33.5775],[134.3193,33.5775],[134.3193,33.5778],[134.3196,33.5778],[134.3196,33.5779],[134.3195,33.578],[134.3198,33.5781],[134.3199,33.5783],[134.3196,33.5783],[134.3193,33.5782],[134.319,33.5782],[134.3188,33.5784],[134.3188,33.5787],[134.3189,33.5789],[134.3188,33.5791],[134.3183,33.5792],[134.3176,33.5792],[134.3172,33.5794],[134.317,33.5796],[134.317,33.5798],[134.3169,33.5805],[134.3171,33.581],[134.3174,33.5813],[134.3178,33.5818],[134.3182,33.582],[134.3187,33.5822],[134.3206,33.5825],[134.3214,33.5827],[134.3219,33.5827],[134.3224,33.5826],[134.3226,33.5822],[134.3228,33.5821],[134.3231,33.5817],[134.3231,33.5816],[134.3228,33.5814],[134.3229,33.5811],[134.3236,33.5807],[134.3237,33.5806],[134.3241,33.5808],[134.3248,33.5811],[134.3254,33.5813],[134.3259,33.5812],[134.3264,33.5813],[134.3268,33.5815],[134.3273,33.5817],[134.3281,33.582],[134.3289,33.5822],[134.3294,33.5821],[134.3296,33.582],[134.33,33.5817],[134.3311,33.581],[134.3326,33.5801],[134.3331,33.5797],[134.3332,33.5796],[134.3337,33.5793],[134.334,33.5792],[134.3345,33.5792],[134.335,33.579],[134.3353,33.579],[134.3362,33.5786],[134.3367,33.5787],[134.3368,33.5786],[134.3374,33.5784],[134.3379,33.5784],[134.3386,33.5783],[134.3388,33.5781],[134.3398,33.5781],[134.3402,33.578],[134.3407,33.5781],[134.3411,33.5782],[134.3414,33.5782],[134.3419,33.5782],[134.3423,33.5783],[134.3425,33.5783],[134.3426,33.5781],[134.3429,33.5781],[134.3434,33.5784],[134.344,33.5783],[134.3444,33.5783],[134.3447,33.5785],[134.3452,33.5785],[134.3455,33.5787],[134.346,33.5786],[134.3463,33.5786],[134.3466,33.5788],[134.3471,33.5788],[134.3472,33.5788],[134.3476,33.5788],[134.3483,33.579],[134.3485,33.5789],[134.3489,33.5787],[134.3492,33.5787],[134.3494,33.5788],[134.3498,33.5787],[134.3499,33.5787],[134.3508,33.5787],[134.3512,33.5787],[134.3515,33.5785],[134.3521,33.5785],[134.3522,33.5782],[134.3524,33.5782],[134.3525,33.5785],[134.3526,33.5786],[134.3532,33.5786],[134.354,33.5785],[134.3546,33.5785],[134.3549,33.5787],[134.3552,33.5785],[134.3554,33.5785],[134.3555,33.5787],[134.3558,33.5786],[134.3564,33.5788],[134.3567,33.5788],[134.3568,33.5787],[134.3571,33.5788],[134.3571,33.579],[134.3574,33.579],[134.3575,33.5791],[134.3579,33.5791],[134.3581,33.5793],[134.3585,33.5792],[134.3587,33.5793],[134.3589,33.5793],[134.3591,33.5793],[134.3597,33.5794],[134.3601,33.5793],[134.3603,33.5794],[134.3606,33.5794],[134.3609,33.5792],[134.3612,33.5792],[134.3612,33.5794],[134.361,33.5795],[134.3615,33.5796],[134.3619,33.5797],[134.3621,33.5797],[134.3624,33.5797],[134.3628,33.5799],[134.363,33.5803],[134.3632,33.5803],[134.3635,33.5801],[134.3637,33.5802],[134.3638,33.5805],[134.3635,33.5805],[134.3631,33.5804],[134.3627,33.5806],[134.3627,33.5808],[134.3624,33.5808],[134.3622,33.5807],[134.3618,33.5809],[134.3617,33.581],[134.3615,33.5812],[134.3612,33.5813],[134.3605,33.5813],[134.3603,33.5814],[134.3594,33.5816],[134.3591,33.5819],[134.3591,33.582],[134.3586,33.5822],[134.3583,33.5821],[134.3579,33.582],[134.3577,33.582],[134.3574,33.5823],[134.357,33.5824],[134.3569,33.5824],[134.356,33.5826],[134.3558,33.5827],[134.3553,33.5828],[134.355,33.5833],[134.3547,33.5834],[134.3542,33.5835],[134.3532,33.5834],[134.3531,33.5833],[134.3522,33.5836],[134.3518,33.5835],[134.3514,33.5834],[134.3512,33.5834],[134.3506,33.5836],[134.3503,33.5836],[134.3497,33.5837],[134.3495,33.5838],[134.349,33.5836],[134.3488,33.5838],[134.3484,33.5837],[134.3475,33.5838],[134.3472,33.5838],[134.347,33.5837],[134.3468,33.5836],[134.3466,33.5836],[134.3463,33.5837],[134.3453,33.5837],[134.345,33.5838],[134.3448,33.5836],[134.3444,33.5837],[134.3442,33.5836],[134.344,33.5836],[134.3437,33.5834],[134.3433,33.5834],[134.3432,33.5835],[134.3429,33.5835],[134.3427,33.5834],[134.3424,33.5834],[134.3419,33.5835],[134.3417,33.5835],[134.3416,33.5834],[134.3416,33.5832],[134.3412,33.5833],[134.3408,33.5833],[134.3406,33.583],[134.3404,33.583],[134.3402,33.5828],[134.3399,33.5829],[134.3395,33.583],[134.3391,33.5829],[134.3389,33.583],[134.3386,33.5829],[134.3384,33.5828],[134.338,33.5828],[134.3375,33.5828],[134.3372,33.5828],[134.337,33.5827],[134.3366,33.5828],[134.3364,33.5827],[134.3362,33.5824],[134.3357,33.5824],[134.3352,33.5821],[134.3349,33.582],[134.3346,33.5817],[134.3342,33.5816],[134.3338,33.5814],[134.3322,33.5823],[134.332,33.5826],[134.3321,33.5827],[134.3322,33.5839],[134.3322,33.5842],[134.3323,33.5844],[134.3325,33.5845],[134.3326,33.5847],[134.3332,33.5848],[134.3338,33.5851],[134.3341,33.5851],[134.3345,33.5849],[134.3347,33.5849],[134.3349,33.5852],[134.3351,33.5852],[134.3352,33.5851],[134.3353,33.5849],[134.3356,33.5848],[134.3357,33.5852],[134.336,33.5851],[134.3361,33.5849],[134.3364,33.585],[134.3367,33.585],[134.3368,33.5851],[134.3368,33.5853],[134.3369,33.5854],[134.3373,33.5855],[134.3374,33.585],[134.3374,33.5849],[134.3377,33.585],[134.3379,33.5857],[134.3387,33.5857],[134.3387,33.5855],[134.3385,33.5853],[134.3385,33.5851],[134.3387,33.585],[134.3389,33.5849],[134.3393,33.585],[134.3395,33.585],[134.3398,33.5852],[134.3398,33.5854],[134.3397,33.5856],[134.3398,33.5858],[134.3402,33.5857],[134.3404,33.5854],[134.34,33.5852],[134.3405,33.5853],[134.3406,33.5851],[134.3408,33.585],[134.3415,33.5851],[134.3417,33.5851],[134.3421,33.585],[134.3427,33.5852],[134.3431,33.5853],[134.3433,33.5852],[134.3436,33.5852],[134.3437,33.5853],[134.3444,33.5852],[134.3444,33.5851],[134.3459,33.585],[134.3463,33.585],[134.3464,33.5851],[134.3465,33.5854],[134.3468,33.5854],[134.3471,33.5853],[134.3475,33.5853],[134.3476,33.5855],[134.3486,33.5856],[134.3494,33.5857],[134.3501,33.5859],[134.3505,33.586],[134.3512,33.586],[134.3513,33.5859],[134.3519,33.586],[134.3523,33.5862],[134.3528,33.5862],[134.3529,33.5862],[134.3534,33.5864],[134.3535,33.5865],[134.3539,33.5868],[134.3541,33.5869],[134.3543,33.5871],[134.3545,33.5872],[134.3552,33.5872],[134.3556,33.5871],[134.3562,33.5872],[134.3566,33.5873],[134.357,33.5873],[134.3575,33.5872],[134.3579,33.5873],[134.3586,33.5873],[134.3594,33.5873],[134.3595,33.5873],[134.3597,33.5875],[134.3601,33.5876],[134.3609,33.5875],[134.3611,33.5876],[134.3616,33.5879],[134.3619,33.588],[134.3624,33.5879],[134.3627,33.588],[134.3627,33.5884],[134.3629,33.5886],[134.3631,33.5887],[134.3633,33.5887],[134.3636,33.5885],[134.3638,33.5886],[134.3639,33.5886],[134.3638,33.5889],[134.3641,33.5891],[134.364,33.5894],[134.3643,33.5895],[134.3648,33.5904],[134.3647,33.5905],[134.3645,33.59],[134.364,33.59],[134.3638,33.5902],[134.3637,33.5905],[134.3642,33.5909],[134.3645,33.5909],[134.3643,33.5911],[134.3643,33.5912],[134.3645,33.5914],[134.3643,33.5915],[134.3642,33.5914],[134.3638,33.5914],[134.3633,33.5918],[134.3631,33.5918],[134.3625,33.5918],[134.3623,33.5919],[134.3619,33.592],[134.3619,33.5919],[134.3612,33.5921],[134.3609,33.5921],[134.3604,33.5918],[134.3601,33.5922],[134.3605,33.5924],[134.3602,33.5926],[134.3599,33.5927],[134.3597,33.5927],[134.3598,33.593],[134.3601,33.593],[134.3604,33.5941],[134.3612,33.594],[134.3612,33.5927],[134.3618,33.5927],[134.362,33.5925],[134.3625,33.5925],[134.3629,33.5937],[134.3639,33.5936],[134.3638,33.5927],[134.3639,33.5921],[134.364,33.5921],[134.3639,33.5927],[134.3641,33.5937],[134.3628,33.5941],[134.3628,33.5943],[134.3626,33.5944],[134.3619,33.5954],[134.3617,33.5958],[134.3616,33.5961],[134.3617,33.5966],[134.362,33.5975],[134.3622,33.5981],[134.3624,33.5987],[134.3627,33.5994],[134.3631,33.6002],[134.3639,33.6014],[134.3643,33.602],[134.3657,33.6038],[134.3669,33.6051],[134.3682,33.6065],[134.3693,33.6076],[134.3701,33.6085],[134.3705,33.6088],[134.3715,33.6096],[134.372,33.6099],[134.3723,33.6101],[134.3726,33.6103],[134.3729,33.6105],[134.3742,33.6113],[134.3746,33.6115],[134.3759,33.6123],[134.3777,33.6134],[134.3777,33.6132],[134.3779,33.6132],[134.3782,33.6132],[134.3783,33.6131],[134.3788,33.6128],[134.3791,33.6128],[134.3794,33.6131],[134.3798,33.613],[134.3798,33.6132],[134.38,33.6133],[134.3801,33.6136],[134.3801,33.6139],[134.3804,33.614],[134.3807,33.6137],[134.381,33.6136],[134.3813,33.6139],[134.3814,33.6139],[134.3817,33.6142],[134.3822,33.6141],[134.3829,33.6143],[134.383,33.6145],[134.3831,33.6146],[134.3834,33.6147],[134.3836,33.6148],[134.3831,33.6151],[134.3827,33.6153],[134.3826,33.6153],[134.3823,33.6154],[134.3823,33.6156],[134.3823,33.6158],[134.3826,33.6159],[134.3829,33.616],[134.383,33.616],[134.3831,33.6162],[134.3834,33.6163],[134.3833,33.6166],[134.383,33.6167],[134.3828,33.6168],[134.3828,33.617],[134.383,33.6172],[134.383,33.6173],[134.3833,33.6175],[134.3833,33.6178],[134.3836,33.6179],[134.3839,33.618],[134.3839,33.6182],[134.3837,33.6185],[134.3832,33.6187],[134.3832,33.6188],[134.3838,33.619],[134.3841,33.6192],[134.3844,33.6192],[134.3849,33.6196],[134.385,33.6199],[134.3851,33.62],[134.3853,33.62],[134.3855,33.6198],[134.3857,33.6196],[134.3858,33.6196],[134.386,33.6194],[134.3863,33.6193],[134.3865,33.6194],[134.3866,33.6197],[134.3866,33.62],[134.3869,33.6202],[134.3871,33.6201],[134.387,33.6198],[134.3872,33.6195],[134.3874,33.6194],[134.388,33.6194],[134.3883,33.6196],[134.3885,33.6197],[134.3885,33.6199],[134.3882,33.6201],[134.3882,33.6202],[134.3886,33.6205],[134.3887,33.6208],[134.3888,33.6209],[134.389,33.6212],[134.389,33.6214],[134.3894,33.6214],[134.3895,33.6216],[134.3893,33.6218],[134.3893,33.622],[134.3897,33.6222],[134.3894,33.6225],[134.3894,33.6229],[134.3897,33.6232],[134.3899,33.6232],[134.3898,33.6235],[134.3891,33.6235],[134.3889,33.6237],[134.3887,33.6238],[134.3886,33.624],[134.3883,33.6242],[134.3881,33.6244],[134.388,33.6244],[134.3875,33.6247],[134.3873,33.6246],[134.3869,33.6247],[134.3865,33.6245],[134.3858,33.6245],[134.3852,33.6245],[134.3847,33.6246],[134.3845,33.6246],[134.3843,33.6249],[134.3835,33.625],[134.3833,33.6249],[134.383,33.6251],[134.3828,33.6252],[134.3825,33.625],[134.3823,33.6251],[134.3821,33.6249],[134.3817,33.625],[134.3809,33.6253],[134.3804,33.6253],[134.3797,33.6254],[134.3796,33.6253],[134.3785,33.6287],[134.3783,33.6286],[134.3795,33.6252],[134.3794,33.625],[134.3792,33.625],[134.379,33.6248],[134.3788,33.6247],[134.3784,33.6246],[134.3781,33.6248],[134.3778,33.6246],[134.3778,33.6245],[134.3775,33.6242],[134.3772,33.6241],[134.3762,33.6242],[134.3759,33.6239],[134.3753,33.624],[134.3741,33.6244],[134.3738,33.6245],[134.3736,33.6247],[134.3733,33.6247],[134.3732,33.6245],[134.3731,33.6243],[134.3726,33.6243],[134.3724,33.6243],[134.372,33.6242],[134.3716,33.624],[134.3714,33.624],[134.371,33.6242],[134.3703,33.6248],[134.37,33.6249],[134.3692,33.6251],[134.3688,33.625],[134.3686,33.625],[134.3682,33.625],[134.368,33.625],[134.3677,33.6262],[134.3676,33.6262],[134.368,33.625],[134.3673,33.6248],[134.3669,33.6248],[134.366,33.6247],[134.3658,33.6246],[134.3655,33.6242],[134.3652,33.6242],[134.3651,33.6242],[134.3646,33.6243],[134.3643,33.6253],[134.363,33.625],[134.3629,33.6251],[134.3626,33.625],[134.3624,33.6256],[134.3632,33.6258],[134.3634,33.626],[134.3633,33.6262],[134.3632,33.6269],[134.3635,33.6274],[134.3634,33.6275],[134.3631,33.6269],[134.3632,33.6261],[134.3632,33.6259],[134.3626,33.6257],[134.3624,33.6271],[134.3626,33.6271],[134.3625,33.6281],[134.3627,33.6283],[134.3628,33.6283],[134.3631,33.6288],[134.3637,33.6289],[134.3638,33.6287],[134.3637,33.6287],[134.3636,33.6286],[134.3635,33.628],[134.3636,33.6279],[134.3637,33.6287],[134.3668,33.6293],[134.3668,33.629],[134.3669,33.6287],[134.367,33.6287],[134.3674,33.6272],[134.3675,33.6271],[134.3669,33.6293],[134.3665,33.6298],[134.3661,33.6304],[134.3673,33.6313],[134.3674,33.6311],[134.3682,33.6311],[134.3684,33.6311],[134.3686,33.6308],[134.3688,33.6306],[134.3689,33.6304],[134.3691,33.6302],[134.3698,33.63],[134.37,33.63],[134.3703,33.6302],[134.3705,33.6305],[134.3702,33.6307],[134.3695,33.6309],[134.3693,33.631],[134.369,33.6311],[134.3688,33.6315],[134.3687,33.6321],[134.3685,33.6322],[134.3685,33.6327],[134.3687,33.6331],[134.369,33.6334],[134.3697,33.6339],[134.3701,33.6341],[134.37,33.6344],[134.3705,33.6347],[134.3707,33.6345],[134.3711,33.6344],[134.3712,33.6343],[134.3718,33.6344],[134.3722,33.6344],[134.3725,33.6342],[134.3725,33.634],[134.3728,33.6337],[134.3731,33.6337],[134.3735,33.6336],[134.3741,33.6336],[134.3744,33.6337],[134.3746,33.6337],[134.3747,33.6325],[134.3743,33.6323],[134.3742,33.632],[134.3737,33.6314],[134.3737,33.6313],[134.3743,33.632],[134.3747,33.632],[134.375,33.632],[134.3753,33.6321],[134.3753,33.6323],[134.3756,33.6325],[134.3758,33.6325],[134.3767,33.6328],[134.377,33.6327],[134.378,33.6298],[134.3782,33.6298],[134.3771,33.6327],[134.3772,33.6329],[134.3774,33.633],[134.3775,33.6333],[134.3772,33.6335],[134.3774,33.6337],[134.3775,33.6338],[134.3776,33.6342],[134.3774,33.6343],[134.3769,33.6345],[134.3766,33.6348],[134.3763,33.6347],[134.3759,33.6349],[134.376,33.6359],[134.3762,33.636],[134.3763,33.6364],[134.3764,33.6367],[134.3765,33.637],[134.3771,33.6374],[134.3775,33.6377],[134.3777,33.6378],[134.3777,33.638],[134.3778,33.6383],[134.3781,33.6387],[134.3786,33.6392],[134.3791,33.6394],[134.3794,33.6395],[134.38,33.6396],[134.381,33.6397],[134.3811,33.6387],[134.3812,33.6387],[134.3811,33.64],[134.3817,33.64],[134.3819,33.6401],[134.382,33.6402],[134.3823,33.6407],[134.3826,33.641],[134.383,33.6412],[134.3834,33.6414],[134.3837,33.6414],[134.384,33.6416],[134.3843,33.6416],[134.3848,33.6414],[134.3853,33.6416],[134.3853,33.6418],[134.3852,33.642],[134.3855,33.6425],[134.3855,33.6426],[134.3857,33.6431],[134.3859,33.6432],[134.386,33.6435],[134.3864,33.6435],[134.3865,33.6436],[134.3868,33.6436],[134.387,33.6439],[134.3872,33.6439],[134.3875,33.6441],[134.3875,33.6444],[134.3874,33.6446],[134.3874,33.6448],[134.3869,33.6447],[134.3866,33.6447],[134.3864,33.6451],[134.3864,33.6455],[134.3865,33.6458],[134.3866,33.6462],[134.3869,33.6465],[134.3873,33.6467],[134.3875,33.6469],[134.3877,33.6472],[134.3883,33.6477],[134.3891,33.648],[134.3895,33.648],[134.3897,33.648],[134.39,33.6478],[134.3906,33.6475],[134.391,33.6476],[134.3913,33.6479],[134.391,33.6479],[134.3909,33.6481],[134.3908,33.6483],[134.3907,33.6484],[134.3905,33.6488],[134.3903,33.6489],[134.39,33.6489],[134.3895,33.6489],[134.3893,33.649],[134.3889,33.6496],[134.3889,33.6499],[134.389,33.6502],[134.3893,33.6505],[134.3895,33.6506],[134.3899,33.6506],[134.3895,33.6513],[134.3889,33.6519],[134.3884,33.6522],[134.3882,33.6524],[134.388,33.653],[134.3878,33.6536],[134.3876,33.6538],[134.3872,33.6539],[134.3865,33.6541],[134.3859,33.6542],[134.3856,33.6542],[134.3847,33.6544],[134.3841,33.6548],[134.3838,33.6554],[134.3837,33.6556],[134.3836,33.6558],[134.383,33.6566],[134.3817,33.6571],[134.3814,33.6571],[134.3812,33.6572],[134.3806,33.6575],[134.3802,33.6576],[134.3799,33.6578],[134.3799,33.6579],[134.3797,33.6584],[134.3795,33.6586],[134.3789,33.6592],[134.3785,33.6597],[134.3785,33.6599],[134.3786,33.6604],[134.3785,33.6605],[134.3783,33.6606],[134.3779,33.6606],[134.3774,33.6606],[134.3773,33.6609],[134.3773,33.6613],[134.3773,33.6617],[134.3773,33.6618],[134.377,33.6622],[134.377,33.6626],[134.3766,33.6631],[134.376,33.6633],[134.3757,33.6635],[134.3757,33.6639],[134.3755,33.664],[134.3752,33.6641],[134.375,33.6643],[134.3747,33.6649],[134.3744,33.6656],[134.3741,33.6657],[134.3735,33.6655],[134.3727,33.6657],[134.3723,33.6655],[134.3722,33.6657],[134.3718,33.6659],[134.3714,33.666],[134.3709,33.6662],[134.3701,33.6668],[134.3698,33.6671],[134.3696,33.6674],[134.3696,33.6676],[134.3695,33.6686],[134.3695,33.6689],[134.3697,33.6691],[134.3701,33.6691],[134.3703,33.6692],[134.3708,33.6696],[134.3714,33.6699],[134.3715,33.6702],[134.3717,33.6704],[134.3717,33.6706],[134.3715,33.6712],[134.3715,33.6715],[134.3717,33.6716],[134.3723,33.6719],[134.3726,33.6719],[134.3731,33.6722],[134.3731,33.6723],[134.3724,33.6733],[134.3717,33.6743],[134.3715,33.6744],[134.3712,33.6745],[134.3702,33.6747],[134.37,33.6747],[134.3695,33.6747],[134.3691,33.6749],[134.3688,33.6749],[134.3676,33.675],[134.3668,33.6749],[134.3663,33.6747],[134.366,33.6747],[134.3656,33.6751],[134.3652,33.6759],[134.3646,33.6764],[134.3645,33.6765],[134.3637,33.6767],[134.3635,33.677],[134.363,33.6773],[134.3621,33.6775],[134.3621,33.6777],[134.3623,33.6782],[134.3626,33.6782],[134.3636,33.6788],[134.3639,33.6791],[134.364,33.6792],[134.3644,33.6795],[134.3647,33.6798],[134.3652,33.6806],[134.3652,33.6809],[134.3651,33.6812],[134.3654,33.6818],[134.3654,33.682],[134.3654,33.6822],[134.3657,33.6825],[134.3657,33.6826],[134.3654,33.6835],[134.3655,33.6841],[134.3656,33.6844],[134.3655,33.6846],[134.3652,33.6847],[134.3649,33.6849],[134.3647,33.6851],[134.3646,33.6853],[134.3647,33.6858],[134.3648,33.6863],[134.3646,33.6876],[134.364,33.688],[134.3634,33.6883],[134.3633,33.6885],[134.3631,33.689],[134.3627,33.6891],[134.3624,33.6892],[134.3622,33.6894],[134.3622,33.6899],[134.3621,33.6908],[134.3618,33.6914],[134.3618,33.6924],[134.3618,33.6927],[134.362,33.6932],[134.3618,33.6937],[134.3617,33.6939],[134.3612,33.6942],[134.361,33.6944],[134.3606,33.6957],[134.3606,33.696],[134.3612,33.6965],[134.3615,33.6967],[134.3635,33.6974],[134.364,33.6976],[134.3647,33.6981],[134.3652,33.6983],[134.3652,33.6985],[134.3649,33.6989],[134.3649,33.6993],[134.365,33.6996],[134.365,33.7004],[134.365,33.7009],[134.365,33.7026],[134.3653,33.703],[134.3655,33.7036],[134.3654,33.704],[134.3652,33.7043],[134.3654,33.7045],[134.3657,33.7047],[134.3665,33.7049],[134.367,33.7052],[134.3682,33.7054],[134.3688,33.7054],[134.3691,33.7055],[134.3697,33.7059],[134.3702,33.7059],[134.3707,33.7062],[134.3711,33.7067],[134.3714,33.7067],[134.3719,33.7069],[134.3723,33.7072],[134.3727,33.7072],[134.3729,33.7073],[134.3732,33.7075],[134.3739,33.7084],[134.3744,33.7087],[134.3749,33.7088],[134.375,33.7084],[134.3754,33.7081],[134.3766,33.7081],[134.3772,33.708],[134.3775,33.708],[134.3781,33.7081],[134.3785,33.7081],[134.3791,33.7078],[134.3796,33.7078],[134.3801,33.708],[134.3805,33.708],[134.3809,33.7082],[134.3811,33.7084],[134.381,33.7089],[134.3809,33.7094],[134.3811,33.7104],[134.3812,33.7106],[134.3818,33.7108],[134.3823,33.7109],[134.3829,33.711],[134.3838,33.7114],[134.3844,33.7116],[134.385,33.7117],[134.3853,33.7118],[134.3858,33.7121],[134.3861,33.7121],[134.3865,33.7121],[134.3869,33.7121],[134.3881,33.712],[134.3889,33.7116],[134.3893,33.7115],[134.3896,33.7115],[134.3902,33.7118],[134.3906,33.7119],[134.3912,33.7119],[134.3916,33.712],[134.3918,33.7121],[134.3921,33.7125],[134.3928,33.7131],[134.3937,33.7133],[134.3938,33.7135],[134.3938,33.7136],[134.3935,33.7142],[134.3934,33.7152],[134.3933,33.7156],[134.393,33.7158],[134.3929,33.7162],[134.3928,33.7166],[134.3932,33.7172],[134.3932,33.7175],[134.393,33.7181],[134.3927,33.7184],[134.3926,33.7185],[134.3924,33.7187],[134.3923,33.7189],[134.3922,33.7193],[134.3921,33.7195],[134.3919,33.7201],[134.3917,33.7207],[134.3917,33.7211],[134.3919,33.7217],[134.3922,33.722],[134.3927,33.7224],[134.3936,33.723],[134.3943,33.7233],[134.3947,33.7235],[134.3947,33.724],[134.3946,33.7244],[134.3938,33.7246],[134.3935,33.7248],[134.3916,33.725],[134.3907,33.7252],[134.3902,33.7253],[134.3897,33.7254],[134.3892,33.7254],[134.3886,33.7253],[134.3871,33.7255],[134.3861,33.7255],[134.3857,33.7256],[134.3851,33.7256],[134.3848,33.7257],[134.3844,33.7259],[134.3839,33.7258],[134.3827,33.7255],[134.3823,33.7254],[134.3819,33.7253],[134.3813,33.7254],[134.3803,33.7255],[134.3795,33.7257],[134.3789,33.7259],[134.3786,33.726],[134.3776,33.7259],[134.3772,33.7261],[134.377,33.7263],[134.3765,33.7267],[134.3761,33.7269],[134.3755,33.7271],[134.3749,33.7274],[134.3747,33.7276],[134.3743,33.7274],[134.3739,33.7273],[134.3735,33.7273],[134.373,33.7274],[134.3725,33.7273],[134.3719,33.727],[134.3715,33.727],[134.3706,33.7267],[134.3703,33.7267],[134.3697,33.7267],[134.3694,33.7267],[134.3687,33.7264],[134.3684,33.7264],[134.3681,33.7266],[134.3674,33.7268],[134.3669,33.7269],[134.3657,33.7273],[134.3653,33.7276],[134.365,33.7277],[134.3648,33.7278],[134.3647,33.7282],[134.3645,33.7286],[134.3643,33.7288],[134.3641,33.729],[134.3638,33.7291],[134.3629,33.73],[134.3625,33.7307],[134.3624,33.7309],[134.3618,33.7309],[134.3609,33.7309],[134.3605,33.7311],[134.3601,33.7313],[134.3593,33.7312],[134.3588,33.7312],[134.3583,33.7313],[134.3582,33.7312],[134.3577,33.7304],[134.3571,33.7299],[134.3568,33.7296],[134.3567,33.7294],[134.3566,33.729],[134.3565,33.7288],[134.356,33.7285],[134.3556,33.7284],[134.3548,33.7287],[134.3545,33.7288],[134.3541,33.729],[134.3537,33.7289],[134.3533,33.7286],[134.3531,33.7286],[134.3526,33.7287],[134.352,33.7287],[134.3517,33.7289],[134.3517,33.7295],[134.3516,33.7296],[134.3511,33.73],[134.3507,33.7301],[134.35,33.7301],[134.3495,33.7302],[134.3491,33.7302],[134.3486,33.7296],[134.3485,33.7295],[134.3481,33.7293],[134.3479,33.7291],[134.3477,33.7288],[134.3476,33.7286],[134.3473,33.7285],[134.3469,33.7285],[134.3464,33.7284],[134.3461,33.7283],[134.3456,33.7284],[134.3452,33.7284],[134.3447,33.7282],[134.344,33.7277],[134.3437,33.7275],[134.3432,33.7275],[134.3427,33.7274],[134.3416,33.7275],[134.3414,33.7275],[134.3411,33.7277],[134.3408,33.7281],[134.3405,33.7285],[134.3404,33.7286],[134.3402,33.7288],[134.3398,33.7293],[134.3393,33.7296],[134.3389,33.7298],[134.338,33.73],[134.3372,33.7303],[134.3365,33.7304],[134.3363,33.7302],[134.3362,33.7298],[134.336,33.7296],[134.3354,33.729],[134.3352,33.7285],[134.3351,33.7282],[134.3346,33.7277],[134.3343,33.7275],[134.3341,33.7274],[134.3322,33.727],[134.3319,33.727],[134.3316,33.727],[134.3312,33.7272],[134.3309,33.7272],[134.3302,33.7275],[134.3295,33.7277],[134.3292,33.7279],[134.3286,33.7285],[134.328,33.7291],[134.3278,33.7292],[134.3274,33.7296],[134.3268,33.7298],[134.3257,33.7298],[134.3249,33.7301],[134.3247,33.7301],[134.3239,33.7299],[134.3227,33.7302],[134.3225,33.7303],[134.3221,33.7307],[134.3216,33.7311],[134.3214,33.7316],[134.3211,33.732],[134.3206,33.7323],[134.3203,33.7325],[134.32,33.7325],[134.3186,33.7322],[134.318,33.7319],[134.3177,33.7316],[134.3175,33.7315],[134.3163,33.7313],[134.3153,33.7314],[134.3148,33.7315],[134.3141,33.7315],[134.3137,33.7317],[134.3133,33.7318],[134.313,33.732],[134.3126,33.7319],[134.3117,33.7314],[134.3111,33.7312],[134.3104,33.7308],[134.3103,33.7308],[134.3094,33.7309],[134.3091,33.731],[134.3085,33.7315],[134.3083,33.7317],[134.3081,33.7319],[134.3068,33.7321],[134.3062,33.7322],[134.3054,33.7322],[134.305,33.7321],[134.3045,33.7319],[134.3038,33.7316],[134.3036,33.7316],[134.3031,33.7316],[134.3025,33.7316],[134.3019,33.7315],[134.3013,33.7313],[134.3008,33.7313],[134.3005,33.7315],[134.3003,33.7315],[134.2996,33.7314],[134.2985,33.7312],[134.2962,33.7308],[134.2951,33.7306],[134.2946,33.7305],[134.2943,33.7301],[134.2935,33.7298],[134.2931,33.7296],[134.292,33.7293],[134.2912,33.7288],[134.2906,33.7287],[134.2904,33.7286],[134.29,33.7282],[134.2894,33.728],[134.2887,33.7276],[134.2884,33.7275],[134.2881,33.7275],[134.2873,33.7275],[134.2866,33.7276],[134.2861,33.7277],[134.2847,33.7284],[134.2843,33.7286],[134.2839,33.7288],[134.2836,33.7292],[134.2831,33.7304],[134.2829,33.7307],[134.2826,33.7309],[134.2823,33.731],[134.2819,33.731],[134.2815,33.7309],[134.2811,33.7305],[134.2807,33.7304],[134.2796,33.7299],[134.2791,33.7298],[134.2774,33.7292],[134.2773,33.7291],[134.2766,33.7285],[134.2763,33.7281],[134.276,33.7281],[134.2756,33.7284],[134.2752,33.7284],[134.2746,33.7282],[134.2742,33.7283],[134.2735,33.7281],[134.273,33.728],[134.2723,33.7278],[134.2715,33.7277],[134.2712,33.7276],[134.2709,33.7274],[134.2706,33.7272],[134.2704,33.7269],[134.2698,33.7266],[134.2695,33.7263],[134.2692,33.7259],[134.2688,33.7251],[134.2684,33.7246],[134.2681,33.7244],[134.2675,33.7242],[134.2665,33.7242],[134.2661,33.7239],[134.266,33.7237],[134.2659,33.7232],[134.2658,33.7229],[134.2654,33.7225],[134.2653,33.7223],[134.2651,33.7216],[134.2649,33.7214],[134.2641,33.721],[134.2639,33.7208],[134.2636,33.7207],[134.2624,33.7205],[134.2613,33.7204],[134.2603,33.7204],[134.2587,33.7205],[134.2584,33.7204],[134.2577,33.7197],[134.2571,33.719],[134.2569,33.7189],[134.2567,33.7188],[134.2563,33.7189],[134.256,33.719],[134.2558,33.719],[134.2544,33.7189],[134.2536,33.7189],[134.2531,33.719],[134.252,33.7193],[134.2512,33.7196],[134.2504,33.7198],[134.2502,33.72],[134.2496,33.7204],[134.2489,33.7209],[134.2487,33.7211],[134.2487,33.7216],[134.2484,33.722],[134.2484,33.7222],[134.2485,33.7226],[134.2485,33.7229],[134.2484,33.7231],[134.2482,33.7234],[134.2478,33.7236],[134.2473,33.7238],[134.2473,33.724],[134.2471,33.724],[134.2465,33.7237],[134.2459,33.7234],[134.2455,33.7231],[134.245,33.7229],[134.2445,33.7229],[134.2439,33.7227],[134.2433,33.7226],[134.2429,33.7225],[134.2427,33.7224],[134.2425,33.7222],[134.2421,33.7221],[134.2417,33.7218],[134.241,33.7215],[134.2407,33.7214],[134.2403,33.7214],[134.2398,33.7212],[134.2395,33.721],[134.2382,33.7205],[134.2377,33.7202],[134.2372,33.7199],[134.2367,33.7199],[134.2361,33.72],[134.2353,33.7202],[134.235,33.7196],[134.2347,33.7193],[134.2344,33.7192],[134.2341,33.7192],[134.2337,33.7192],[134.2335,33.7193],[134.2321,33.7202],[134.2316,33.7207],[134.2312,33.7208],[134.2309,33.721],[134.2305,33.7213],[134.2302,33.7214],[134.2293,33.7215],[134.2281,33.7217],[134.2278,33.7218],[134.227,33.7216],[134.2265,33.7215],[134.2248,33.7211],[134.2246,33.7211],[134.2242,33.7213],[134.2238,33.7216],[134.2235,33.7218],[134.223,33.7224],[134.2228,33.7224],[134.2224,33.7222],[134.2221,33.7222],[134.2213,33.722],[134.2202,33.7218],[134.2199,33.7218],[134.2191,33.722],[134.2183,33.7221],[134.2176,33.722],[134.217,33.7218],[134.2163,33.7216],[134.2161,33.7215],[134.2157,33.7216],[134.2152,33.7218],[134.2148,33.7219],[134.2144,33.7218],[134.2129,33.7215],[134.2124,33.7215],[134.2119,33.7217],[134.2113,33.7217],[134.2111,33.7217],[134.2107,33.7216],[134.2101,33.7211],[134.2098,33.7208],[134.2095,33.7201],[134.2095,33.7199],[134.2096,33.7195],[134.2096,33.7192],[134.2095,33.7189],[134.2089,33.7182],[134.2086,33.718],[134.2083,33.718],[134.2078,33.7176],[134.2075,33.7175],[134.2066,33.7173],[134.2063,33.7172],[134.2056,33.7166],[134.2053,33.7165],[134.2044,33.7167],[134.2041,33.7167],[134.2035,33.7165],[134.2032,33.7164],[134.2029,33.7163],[134.202,33.7163],[134.2017,33.7163],[134.2013,33.7161],[134.2004,33.7155],[134.2,33.715],[134.1995,33.7146],[134.1988,33.7138],[134.1984,33.7134],[134.1983,33.7131],[134.1978,33.7128],[134.1976,33.7126],[134.1972,33.7124],[134.1968,33.7123],[134.1962,33.7119],[134.1958,33.7117],[134.1955,33.7116],[134.1947,33.7113],[134.1936,33.7109],[134.1924,33.7109],[134.1918,33.7109],[134.1907,33.7109],[134.1903,33.7108],[134.1899,33.7106],[134.1895,33.7102],[134.1892,33.7098],[134.1889,33.7094],[134.1886,33.7092],[134.188,33.7089],[134.1876,33.7086],[134.1873,33.7085],[134.1868,33.7081],[134.1863,33.7078],[134.1857,33.7078],[134.185,33.7077],[134.1842,33.7074],[134.1837,33.7075],[134.1833,33.7074],[134.1823,33.7069],[134.1817,33.7064],[134.1807,33.706],[134.1804,33.7058],[134.1797,33.7058],[134.1795,33.7057],[134.179,33.7053],[134.1782,33.7049],[134.1777,33.7046],[134.1772,33.7042],[134.1766,33.7039],[134.1762,33.7037],[134.1754,33.7037],[134.175,33.7037],[134.1743,33.7036],[134.174,33.7036],[134.1738,33.7034],[134.1735,33.7028],[134.1731,33.7021],[134.1724,33.7013],[134.1721,33.7009],[134.1716,33.7006],[134.1712,33.7002],[134.1707,33.6993],[134.1704,33.6992],[134.17,33.6991],[134.1683,33.699],[134.168,33.6989],[134.1678,33.6987],[134.1674,33.6983],[134.1671,33.6981],[134.1665,33.6977],[134.1657,33.6974],[134.1647,33.697],[134.1644,33.697],[134.1638,33.697],[134.1636,33.697],[134.1632,33.6968],[134.1627,33.6966],[134.1626,33.6964],[134.1631,33.696],[134.1634,33.6955],[134.1637,33.6949],[134.1638,33.6942],[134.1638,33.6938],[134.1636,33.6934],[134.1636,33.6932],[134.1638,33.6929],[134.1639,33.6927],[134.1639,33.692],[134.1641,33.6917],[134.1644,33.6913],[134.1644,33.6909],[134.1636,33.6898],[134.1635,33.6894],[134.1635,33.6891],[134.1638,33.6885],[134.1638,33.6881]],[[134.3167,33.5608],[134.3165,33.5609],[134.3164,33.5611],[134.3166,33.5613],[134.317,33.5612],[134.3171,33.561],[134.3171,33.5608],[134.3169,33.5607],[134.3167,33.5608]],[[134.3167,33.5592],[134.3168,33.5593],[134.3172,33.5592],[134.3177,33.5593],[134.3185,33.5592],[134.3192,33.5593],[134.3195,33.5592],[134.3199,33.5591],[134.3201,33.5591],[134.3203,33.5592],[134.3206,33.5591],[134.3205,33.5589],[134.3204,33.5589],[134.3197,33.5587],[134.3196,33.5585],[134.3193,33.5585],[134.319,33.5585],[134.3188,33.5585],[134.3186,33.5584],[134.3183,33.5584],[134.3181,33.5585],[134.3176,33.5586],[134.3173,33.5588],[134.3169,33.559],[134.3167,33.5592]],[[134.3187,33.5567],[134.319,33.5567],[134.319,33.5564],[134.3187,33.5565],[134.3187,33.5567]],[[134.3192,33.5564],[134.3197,33.556],[134.3193,33.556],[134.3191,33.5562],[134.3192,33.5564]],[[134.3199,33.5571],[134.3198,33.5571],[134.3192,33.5569],[134.3191,33.5568],[134.3188,33.557],[134.3191,33.5573],[134.3191,33.5574],[134.3193,33.5575],[134.32,33.5573],[134.3201,33.5572],[134.3199,33.5571]],[[134.3209,33.5564],[134.3212,33.5564],[134.3211,33.5562],[134.3211,33.556],[134.3207,33.556],[134.3206,33.5563],[134.3209,33.5564]],[[134.3216,33.5566],[134.3217,33.5564],[134.3217,33.5563],[134.3215,33.5563],[134.3214,33.5564],[134.3216,33.5566]],[[134.3233,33.556],[134.3233,33.5558],[134.3229,33.5559],[134.3225,33.5559],[134.3223,33.556],[134.3223,33.5564],[134.3226,33.5567],[134.3228,33.5567],[134.323,33.5566],[134.3232,33.5564],[134.3233,33.5562],[134.3233,33.556]],[[134.325,33.5556],[134.3247,33.5556],[134.3245,33.5559],[134.3246,33.556],[134.3243,33.5562],[134.3242,33.5564],[134.3244,33.5566],[134.3248,33.5567],[134.325,33.5566],[134.3253,33.5566],[134.3258,33.5564],[134.3259,33.5564],[134.3261,33.5561],[134.3264,33.5558],[134.3267,33.5556],[134.3265,33.5554],[134.3261,33.5556],[134.326,33.5557],[134.3257,33.5557],[134.3253,33.5555],[134.325,33.5556]],[[134.325,33.5575],[134.3247,33.5575],[134.3245,33.5577],[134.3243,33.5577],[134.3243,33.5579],[134.3247,33.5581],[134.325,33.5581],[134.3255,33.558],[134.3256,33.5579],[134.3259,33.5579],[134.3263,33.5577],[134.3261,33.5575],[134.326,33.5576],[134.3256,33.5575],[134.325,33.5575]],[[134.3198,33.5608],[134.32,33.5608],[134.3205,33.5607],[134.3206,33.5605],[134.3205,33.5604],[134.3203,33.5604],[134.3197,33.5601],[134.3195,33.5602],[134.3191,33.5601],[134.318,33.5602],[134.3178,33.5608],[134.318,33.561],[134.3182,33.561],[134.3189,33.561],[134.3193,33.5608],[134.3198,33.5608]],[[134.3175,33.5757],[134.3178,33.5756],[134.3178,33.5755],[134.3175,33.5756],[134.3175,33.5757]],[[134.3199,33.5792],[134.3204,33.5792],[134.3205,33.5791],[134.3203,33.5789],[134.3201,33.5789],[134.3198,33.5791],[134.3199,33.5792]],[[134.3249,33.5776],[134.325,33.5774],[134.3248,33.5773],[134.3247,33.5772],[134.3248,33.5775],[134.3249,33.5776]],[[134.3283,33.5576],[134.3286,33.5575],[134.3287,33.5573],[134.3285,33.5572],[134.3283,33.5572],[134.3281,33.5573],[134.328,33.5575],[134.3283,33.5576]],[[134.3285,33.5569],[134.3289,33.5568],[134.329,33.5567],[134.3289,33.5565],[134.3285,33.5566],[134.3282,33.5568],[134.3282,33.5569],[134.3285,33.5569]],[[134.3342,33.5833],[134.3339,33.5832],[134.3334,33.5834],[134.3332,33.5835],[134.3333,33.5837],[134.3338,33.5838],[134.3342,33.5837],[134.3343,33.5835],[134.3342,33.5833]],[[134.337,33.5834],[134.3368,33.5834],[134.3365,33.5835],[134.3367,33.5837],[134.3371,33.5837],[134.3375,33.5838],[134.3377,33.5838],[134.3379,33.5836],[134.3372,33.5834],[134.337,33.5834]],[[134.3667,33.5883],[134.3662,33.5884],[134.3663,33.5888],[134.3663,33.5889],[134.3662,33.5892],[134.3662,33.5893],[134.3663,33.5895],[134.3666,33.5895],[134.367,33.5897],[134.3674,33.5897],[134.3677,33.5897],[134.3678,33.5896],[134.3679,33.589],[134.3682,33.5889],[134.3684,33.5889],[134.3687,33.589],[134.3689,33.5889],[134.3689,33.5887],[134.3686,33.5885],[134.3686,33.5882],[134.3683,33.5882],[134.3679,33.5884],[134.3678,33.5882],[134.3679,33.5882],[134.3678,33.588],[134.3674,33.588],[134.3673,33.5882],[134.3671,33.5883],[134.3668,33.5883],[134.3667,33.5883]],[[134.3688,33.5906],[134.3687,33.5904],[134.3679,33.5904],[134.3679,33.5906],[134.368,33.5907],[134.3688,33.5906]],[[134.3674,33.5902],[134.3679,33.5903],[134.3676,33.59],[134.3673,33.5899],[134.367,33.59],[134.367,33.5903],[134.3671,33.5903],[134.3674,33.5902]],[[134.3838,33.6176],[134.3836,33.6178],[134.3838,33.6179],[134.3842,33.6178],[134.3841,33.6176],[134.3838,33.6176]],[[134.3838,33.6171],[134.3841,33.6172],[134.3842,33.617],[134.3841,33.617],[134.3838,33.6171]],[[134.3881,33.619],[134.3885,33.619],[134.3887,33.6188],[134.3887,33.6186],[134.3885,33.6185],[134.388,33.6186],[134.3878,33.6188],[134.388,33.619],[134.3881,33.619]],[[134.3897,33.6211],[134.3898,33.6209],[134.3896,33.6208],[134.3894,33.6209],[134.3894,33.6212],[134.3895,33.6214],[134.3896,33.6214],[134.3897,33.6211]]]},"properties":{"N03_001":"徳島県","N03_002":"","N03_003":"海部郡","N03_004":"海陽町","N03_007":"36388"}},
{"type":"Feature","geometry":{"type":"Polygon","coordinates":[[[134.5597,34.1438],[134.5605,34.1434],[134.561,34.1432],[134.5609,34.1429],[134.5631,34.1421],[134.5635,34.1419],[134.5665,34.141],[134.5678,34.1405],[134.5687,34.1401],[134.5695,34.1399],[134.5695,34.1396],[134.5687,34.1398],[134.5687,34.1382],[134.5687,34.1372],[134.5677,34.1372],[134.567,34.1363],[134.566,34.1353],[134.5659,34.1351],[134.566,34.1348],[134.5655,34.1343],[134.5648,34.1338],[134.5648,34.1337],[134.565,34.133],[134.5653,34.133],[134.5654,34.1329],[134.5655,34.1324],[134.5656,34.1322],[134.566,34.132],[134.5666,34.1317],[134.5673,34.1314],[134.5678,34.1313],[134.5681,34.1312],[134.5685,34.1309],[134.5692,34.1309],[134.5718,34.131],[134.5737,34.131],[134.5745,34.131],[134.5747,34.1304],[134.5761,34.1303],[134.5793,34.1301],[134.5802,34.13],[134.5835,34.1285],[134.5845,34.1279],[134.5857,34.1272],[134.5871,34.1261],[134.5887,34.1248],[134.5895,34.124],[134.5904,34.123],[134.5917,34.1212],[134.5927,34.1197],[134.5932,34.1188],[134.594,34.1178],[134.5949,34.1167],[134.5957,34.1158],[134.5962,34.1149],[134.5966,34.1138],[134.5971,34.1124],[134.5988,34.1074],[134.5997,34.1055],[134.6006,34.104],[134.6015,34.1027],[134.6018,34.1024],[134.6025,34.1021],[134.6038,34.1017],[134.6074,34.1009],[134.608,34.1022],[134.6083,34.1028],[134.6096,34.1028],[134.6096,34.1029],[134.6081,34.1029],[134.6058,34.1025],[134.6014,34.1073],[134.6029,34.1062],[134.6038,34.1054],[134.6043,34.1052],[134.6057,34.1047],[134.6082,34.104],[134.6091,34.1039],[134.6091,34.104],[134.6082,34.104],[134.6058,34.1048],[134.6043,34.1052],[134.6039,34.1055],[134.6029,34.1063],[134.6015,34.1074],[134.6018,34.1075],[134.6019,34.1082],[134.6021,34.1084],[134.6022,34.1089],[134.6026,34.1098],[134.6026,34.11],[134.6027,34.1105],[134.6026,34.1109],[134.6027,34.1112],[134.6031,34.1117],[134.603,34.1123],[134.6031,34.1125],[134.6034,34.1128],[134.6034,34.1129],[134.6032,34.1131],[134.6031,34.1133],[134.6032,34.1135],[134.6035,34.1137],[134.6034,34.1139],[134.603,34.1141],[134.6031,34.1145],[134.6033,34.1163],[134.6036,34.1166],[134.6036,34.1169],[134.6056,34.1165],[134.6069,34.1163],[134.6069,34.1164],[134.6037,34.117],[134.6039,34.1172],[134.6039,34.1174],[134.6039,34.1177],[134.6043,34.1193],[134.6046,34.1197],[134.605,34.1203],[134.605,34.1207],[134.605,34.1209],[134.6053,34.1212],[134.6053,34.1217],[134.6055,34.1222],[134.6058,34.1224],[134.6058,34.1226],[134.6059,34.1228],[134.6062,34.1231],[134.6064,34.1236],[134.6066,34.1239],[134.607,34.1244],[134.6076,34.1255],[134.6112,34.1239],[134.6116,34.1238],[134.6122,34.1239],[134.6139,34.1242],[134.6139,34.1243],[134.6122,34.1239],[134.6121,34.1247],[134.6125,34.1262],[134.6127,34.1265],[134.6131,34.1267],[134.6141,34.1267],[134.6155,34.1266],[134.6152,34.1255],[134.6153,34.1255],[134.6162,34.1287],[134.6166,34.1287],[134.6215,34.1277],[134.6234,34.1282],[134.6247,34.1333],[134.625,34.1346],[134.6255,34.1365],[134.6251,34.1366],[134.623,34.137],[134.6206,34.1374],[134.6185,34.1378],[134.6184,34.1384],[134.6185,34.1392],[134.6188,34.14],[134.6195,34.1409],[134.6186,34.1413],[134.6148,34.1428],[134.614,34.1432],[134.6025,34.1478],[134.6008,34.1485],[134.6002,34.148],[134.5991,34.1471],[134.599,34.1472],[134.5983,34.1476],[134.5976,34.1469],[134.5974,34.1468],[134.5963,34.1467],[134.5941,34.1461],[134.593,34.1457],[134.5915,34.145],[134.5914,34.145],[134.5912,34.1458],[134.5911,34.1462],[134.591,34.1464],[134.5908,34.1465],[134.5888,34.147],[134.5876,34.1475],[134.5866,34.1478],[134.5862,34.1481],[134.5851,34.1489],[134.585,34.1491],[134.585,34.1496],[134.5849,34.1502],[134.5847,34.1507],[134.5844,34.1515],[134.5841,34.152],[134.5839,34.1522],[134.5837,34.1525],[134.583,34.153],[134.5824,34.1534],[134.5822,34.1535],[134.581,34.1537],[134.5807,34.1538],[134.5803,34.154],[134.5792,34.1545],[134.5778,34.1551],[134.5769,34.1554],[134.5767,34.1554],[134.5763,34.1551],[134.5751,34.1546],[134.5743,34.1543],[134.5738,34.1542],[134.5733,34.1542],[134.573,34.1542],[134.5716,34.1545],[134.571,34.1546],[134.5704,34.1549],[134.5699,34.1549],[134.5697,34.1549],[134.5695,34.1548],[134.5694,34.1546],[134.5693,34.1539],[134.5693,34.1535],[134.5694,34.1531],[134.5697,34.152],[134.57,34.1515],[134.5701,34.1512],[134.5701,34.1509],[134.5701,34.1501],[134.5699,34.1497],[134.5695,34.1495],[134.569,34.1493],[134.5687,34.1493],[134.5684,34.1493],[134.5672,34.1499],[134.5665,34.1501],[134.5643,34.1512],[134.564,34.151],[134.5638,34.1503],[134.5628,34.1493],[134.5625,34.1488],[134.5617,34.1477],[134.5614,34.1472],[134.561,34.1463],[134.5606,34.1457],[134.5602,34.145],[134.56,34.1446],[134.5597,34.1438]]]},"properties":{"N03_001":"徳島県","N03_002":"","N03_003":"板野郡","N03_004":"松茂町","N03_007":"36401"}},
{"type":"Feature","geometry":{"type":"Polygon","coordinates":[[[134.53,34.131],[134.5297,34.1305],[134.5292,34.13],[134.529,34.1298],[134.5294,34.1296],[134.5298,34.1293],[134.5299,34.1291],[134.5292,34.1283],[134.5285,34.1272],[134.5281,34.1267],[134.5276,34.1263],[134.528,34.1255],[134.5284,34.125],[134.5285,34.125],[134.5293,34.1251],[134.5294,34.1247],[134.5307,34.125],[134.5316,34.1252],[134.5324,34.1253],[134.5328,34.1254],[134.5336,34.1253],[134.5339,34.1251],[134.5342,34.1247],[134.5347,34.124],[134.5352,34.1232],[134.5356,34.1222],[134.5356,34.1217],[134.5356,34.1208],[134.5362,34.1206],[134.5359,34.1191],[134.5359,34.1185],[134.536,34.118],[134.5361,34.1177],[134.5363,34.1173],[134.5367,34.1168],[134.5369,34.1165],[134.5371,34.116],[134.5374,34.1157],[134.5385,34.1149],[134.5393,34.1144],[134.5396,34.1142],[134.5396,34.114],[134.5396,34.1137],[134.5393,34.1133],[134.5393,34.113],[134.5397,34.1128],[134.5403,34.1127],[134.5412,34.1126],[134.5418,34.1125],[134.5424,34.1123],[134.5432,34.112],[134.545,34.1115],[134.5458,34.1113],[134.546,34.1113],[134.5473,34.1111],[134.5486,34.1107],[134.5492,34.1108],[134.5496,34.1108],[134.5517,34.1104],[134.5524,34.1103],[134.5525,34.1097],[134.5524,34.1089],[134.5525,34.1087],[134.5534,34.1085],[134.5543,34.1083],[134.5554,34.1082],[134.5565,34.1083],[134.5565,34.1095],[134.5577,34.1104],[134.5581,34.1107],[134.5581,34.1111],[134.558,34.1117],[134.5581,34.1119],[134.5584,34.1121],[134.5585,34.1124],[134.5585,34.1132],[134.5585,34.1134],[134.5583,34.1135],[134.5574,34.1134],[134.5572,34.1135],[134.5565,34.1143],[134.5564,34.1145],[134.5558,34.1151],[134.5557,34.1161],[134.5551,34.1161],[134.5556,34.1168],[134.556,34.1176],[134.5559,34.118],[134.5562,34.1184],[134.5565,34.119],[134.5576,34.1217],[134.5577,34.122],[134.5585,34.1221],[134.5595,34.1213],[134.5598,34.1211],[134.5602,34.1209],[134.5614,34.1219],[134.5619,34.1224],[134.5619,34.1227],[134.5619,34.1233],[134.5618,34.1242],[134.5619,34.1242],[134.5632,34.1243],[134.565,34.1245],[134.5653,34.1246],[134.5655,34.1247],[134.5664,34.1255],[134.5669,34.1261],[134.568,34.1272],[134.5684,34.1275],[134.5694,34.1281],[134.57,34.1286],[134.571,34.129],[134.5723,34.1296],[134.5735,34.13],[134.5747,34.1304],[134.5745,34.131],[134.5737,34.131],[134.5718,34.131],[134.5692,34.1309],[134.5685,34.1309],[134.5681,34.1312],[134.5678,34.1313],[134.5673,34.1314],[134.5666,34.1317],[134.566,34.132],[134.5656,34.1322],[134.5655,34.1324],[134.5654,34.1329],[134.5653,34.133],[134.565,34.133],[134.5648,34.1337],[134.5648,34.1338],[134.5655,34.1343],[134.566,34.1348],[134.5659,34.1351],[134.566,34.1353],[134.567,34.1363],[134.5677,34.1372],[134.5687,34.1372],[134.5687,34.1382],[134.5687,34.1398],[134.5695,34.1396],[134.5695,34.1399],[134.5687,34.1401],[134.5678,34.1405],[134.5665,34.141],[134.5635,34.1419],[134.5631,34.1421],[134.5609,34.1429],[134.561,34.1432],[134.5605,34.1434],[134.5597,34.1438],[134.5594,34.1432],[134.559,34.1428],[134.5571,34.1412],[134.5567,34.1409],[134.5566,34.1406],[134.5563,34.1405],[134.5557,34.1404],[134.5556,34.1403],[134.555,34.1403],[134.5548,34.1401],[134.5543,34.1402],[134.5546,34.1406],[134.5545,34.1407],[134.5534,34.141],[134.5525,34.1413],[134.5521,34.1413],[134.552,34.1413],[134.552,34.1409],[134.5517,34.1409],[134.5512,34.1409],[134.5503,34.1409],[134.5502,34.1407],[134.5499,34.1407],[134.549,34.1408],[134.5483,34.1407],[134.5474,34.1406],[134.5472,34.1405],[134.5471,34.1403],[134.5471,34.1399],[134.5452,34.1398],[134.5436,34.1397],[134.5424,34.1397],[134.5416,34.1398],[134.5409,34.1399],[134.5407,34.1398],[134.5402,34.1391],[134.5392,34.1381],[134.539,34.1376],[134.5387,34.1369],[134.5385,34.1364],[134.5384,34.1361],[134.5381,34.1356],[134.5378,34.1353],[134.5375,34.135],[134.5371,34.1347],[134.5362,34.1343],[134.5349,34.134],[134.5344,34.1339],[134.5342,34.1337],[134.5332,34.1337],[134.5325,34.1338],[134.5315,34.1331],[134.5314,34.1326],[134.5313,34.1323],[134.5311,34.132],[134.5304,34.1314],[134.53,34.131]]]},"properties":{"N03_001":"徳島県","N03_002":"","N03_003":"板野郡","N03_004":"北島町","N03_007":"36402"}},
{"type":"Feature","geometry":{"type":"Polygon","coordinates":[[[134.4578,34.1165],[134.4581,34.1153],[134.4583,34.1141],[134.4583,34.1132],[134.4584,34.113],[134.4585,34.1124],[134.4586,34.1116],[134.4587,34.111],[134.4595,34.1112],[134.4604,34.1115],[134.4611,34.1117],[134.4621,34.112],[134.4627,34.1121],[134.4637,34.1124],[134.4651,34.1128],[134.4659,34.113],[134.4667,34.1131],[134.4677,34.1133],[134.4681,34.1134],[134.4686,34.1134],[134.4693,34.1135],[134.4699,34.1135],[134.4705,34.1134],[134.4713,34.1133],[134.4735,34.1129],[134.4747,34.1125],[134.4757,34.112],[134.4767,34.1114],[134.4775,34.1108],[134.4781,34.1104],[134.4793,34.1096],[134.4801,34.1091],[134.4813,34.1085],[134.4825,34.108],[134.4828,34.1079],[134.4845,34.1073],[134.4858,34.107],[134.488,34.1066],[134.4891,34.1065],[134.49,34.1065],[134.4914,34.1065],[134.4921,34.1066],[134.4927,34.1066],[134.4935,34.1068],[134.4939,34.1068],[134.4962,34.1072],[134.497,34.1074],[134.4973,34.1075],[134.4979,34.1076],[134.4993,34.1078],[134.5018,34.1084],[134.5023,34.1086],[134.5042,34.1089],[134.5051,34.109],[134.505,34.1096],[134.5051,34.11],[134.5048,34.1102],[134.5049,34.1106],[134.5055,34.1127],[134.5054,34.1129],[134.5052,34.1131],[134.5051,34.1134],[134.5051,34.1143],[134.5053,34.115],[134.5055,34.1157],[134.5058,34.1167],[134.5064,34.1184],[134.5066,34.1186],[134.5071,34.1188],[134.5073,34.1188],[134.5081,34.1186],[134.5088,34.1197],[134.5092,34.1207],[134.5102,34.1204],[134.5109,34.1202],[134.5116,34.1202],[134.5116,34.1211],[134.5119,34.1211],[134.5124,34.121],[134.5129,34.1208],[134.5135,34.1207],[134.5143,34.1217],[134.515,34.1226],[134.5152,34.1231],[134.5155,34.1239],[134.5157,34.1242],[134.5167,34.1238],[134.5173,34.1237],[134.5179,34.1234],[134.5181,34.1233],[134.5183,34.1233],[134.5189,34.1237],[134.5192,34.124],[134.5194,34.124],[134.5197,34.124],[134.5199,34.1238],[134.5201,34.1235],[134.5204,34.1235],[134.5213,34.124],[134.5216,34.1241],[134.5224,34.1243],[134.5234,34.1243],[134.5246,34.1243],[134.5255,34.1242],[134.5261,34.1241],[134.5274,34.1242],[134.5286,34.1244],[134.5294,34.1246],[134.5294,34.1247],[134.5293,34.1251],[134.5285,34.125],[134.5284,34.125],[134.528,34.1255],[134.5276,34.1263],[134.5281,34.1267],[134.5285,34.1272],[134.5292,34.1283],[134.5299,34.1291],[134.5298,34.1293],[134.5294,34.1296],[134.529,34.1298],[134.5292,34.13],[134.5297,34.1305],[134.53,34.131],[134.5291,34.1314],[134.5286,34.1316],[134.5276,34.1319],[134.527,34.1322],[134.5251,34.1331],[134.5213,34.1349],[134.5216,34.1356],[134.5187,34.1369],[134.5174,34.1374],[134.517,34.1377],[134.517,34.1379],[134.517,34.1383],[134.5171,34.1389],[134.5166,34.1392],[134.5137,34.14],[134.5137,34.1402],[134.5141,34.1413],[134.5141,34.1415],[134.5135,34.1417],[134.513,34.1419],[134.5123,34.1421],[134.5119,34.1421],[134.5113,34.1423],[134.5111,34.1424],[134.5107,34.1428],[134.5104,34.1429],[134.5096,34.1429],[134.5084,34.1431],[134.5068,34.1434],[134.5055,34.1437],[134.5031,34.1441],[134.5029,34.1441],[134.5028,34.144],[134.5025,34.1421],[134.5024,34.1419],[134.5022,34.1419],[134.501,34.1421],[134.5003,34.1423],[134.4996,34.1427],[134.4991,34.143],[134.4986,34.1434],[134.4981,34.1439],[134.4973,34.1445],[134.4969,34.1449],[134.4962,34.1455],[134.4955,34.146],[134.495,34.1463],[134.4937,34.1471],[134.4932,34.1474],[134.4927,34.1477],[134.4919,34.148],[134.4916,34.1481],[134.4904,34.1482],[134.4897,34.1482],[134.489,34.1483],[134.4883,34.1482],[134.4877,34.1482],[134.4871,34.148],[134.4868,34.1479],[134.4864,34.1478],[134.4861,34.1475],[134.4856,34.1472],[134.4849,34.1464],[134.4844,34.1459],[134.4831,34.1445],[134.4825,34.1439],[134.4821,34.1436],[134.4823,34.1431],[134.4811,34.1426],[134.4803,34.142],[134.4798,34.1416],[134.4782,34.1405],[134.4779,34.1402],[134.4775,34.1399],[134.4773,34.1393],[134.4771,34.1383],[134.4771,34.1375],[134.4778,34.1374],[134.4779,34.1373],[134.4777,34.1361],[134.4773,34.1331],[134.4773,34.1324],[134.4772,34.1315],[134.4771,34.1308],[134.477,34.1306],[134.4767,34.1305],[134.4761,34.1302],[134.4753,34.13],[134.4746,34.1298],[134.4741,34.1296],[134.4732,34.1295],[134.4703,34.1294],[134.4703,34.1289],[134.4703,34.1282],[134.4704,34.1276],[134.4704,34.1271],[134.4704,34.1268],[134.4705,34.1258],[134.4705,34.1254],[134.4706,34.124],[134.4708,34.1225],[134.471,34.1201],[134.471,34.1193],[134.471,34.1189],[134.4709,34.1188],[134.4702,34.1188],[134.4697,34.1186],[134.4685,34.1183],[134.4679,34.1183],[134.4662,34.1181],[134.4647,34.1179],[134.463,34.1176],[134.463,34.1173],[134.4616,34.1171],[134.4593,34.1167],[134.4578,34.1165]]]},"properties":{"N03_001":"徳島県","N03_002":"","N03_003":"板野郡","N03_004":"藍住町","N03_007":"36403"}},
{"type":"Feature","geometry":{"type":"Polygon","coordinates":[[[134.4129,34.1569],[134.4133,34.1566],[134.4137,34.1564],[134.4138,34.1563],[134.4142,34.1559],[134.4149,34.1555],[134.4156,34.155],[134.416,34.1546],[134.4162,34.1544],[134.4163,34.1541],[134.417,34.1532],[134.4172,34.1527],[134.4173,34.1524],[134.4177,34.1521],[134.418,34.1515],[134.4182,34.151],[134.4182,34.1506],[134.418,34.1499],[134.418,34.1495],[134.4184,34.1494],[134.4187,34.149],[134.4187,34.1488],[134.4192,34.1483],[134.4196,34.148],[134.4198,34.1476],[134.42,34.1472],[134.4204,34.1468],[134.4209,34.1465],[134.4213,34.1464],[134.422,34.1462],[134.4225,34.146],[134.4229,34.1458],[134.4237,34.1452],[134.424,34.1452],[134.4249,34.1452],[134.4251,34.1451],[134.4258,34.1448],[134.4261,34.1446],[134.4266,34.1442],[134.4267,34.144],[134.4269,34.1435],[134.4268,34.1429],[134.4267,34.1424],[134.427,34.1417],[134.427,34.1414],[134.4269,34.1409],[134.4267,34.1404],[134.4264,34.1399],[134.426,34.1391],[134.4258,34.1386],[134.4259,34.1383],[134.4264,34.1377],[134.4264,34.1375],[134.4262,34.137],[134.4261,34.1369],[134.4263,34.1365],[134.4266,34.1363],[134.4274,34.1364],[134.4275,34.1363],[134.4276,34.136],[134.4279,34.136],[134.428,34.1358],[134.428,34.1355],[134.428,34.1353],[134.4279,34.1348],[134.4279,34.1338],[134.428,34.1334],[134.4283,34.1332],[134.4286,34.1333],[134.4285,34.1329],[134.4284,34.1327],[134.4284,34.1322],[134.4284,34.1311],[134.4286,34.1308],[134.4287,34.1304],[134.4289,34.1297],[134.4291,34.1293],[134.4291,34.129],[134.4293,34.1283],[134.4297,34.1274],[134.4298,34.1269],[134.43,34.1267],[134.4311,34.126],[134.4315,34.1258],[134.4329,34.1253],[134.4329,34.1251],[134.4326,34.1242],[134.4327,34.1242],[134.4336,34.1241],[134.4335,34.1235],[134.4343,34.1235],[134.435,34.1234],[134.4352,34.1235],[134.436,34.1235],[134.4363,34.1235],[134.4363,34.1233],[134.4363,34.1229],[134.4364,34.1224],[134.4364,34.1223],[134.4368,34.1222],[134.437,34.122],[134.4371,34.1219],[134.4369,34.1214],[134.437,34.121],[134.4368,34.1205],[134.4369,34.1203],[134.4378,34.1201],[134.4382,34.1201],[134.4384,34.1201],[134.4387,34.1199],[134.4391,34.1198],[134.4395,34.1199],[134.44,34.1199],[134.4405,34.1198],[134.4407,34.1196],[134.4408,34.1189],[134.4409,34.1188],[134.441,34.1187],[134.4411,34.1183],[134.4409,34.1182],[134.441,34.1177],[134.4413,34.1163],[134.4414,34.1154],[134.4417,34.1143],[134.4436,34.1146],[134.4445,34.1147],[134.4477,34.1152],[134.449,34.1153],[134.4511,34.1157],[134.4526,34.1159],[134.4532,34.116],[134.4543,34.1161],[134.4551,34.1162],[134.4561,34.1163],[134.4564,34.1163],[134.4569,34.1164],[134.4574,34.1165],[134.4578,34.1165],[134.4593,34.1167],[134.4616,34.1171],[134.463,34.1173],[134.463,34.1176],[134.4647,34.1179],[134.4662,34.1181],[134.4679,34.1183],[134.4685,34.1183],[134.4697,34.1186],[134.4702,34.1188],[134.4709,34.1188],[134.471,34.1189],[134.471,34.1193],[134.471,34.1201],[134.4708,34.1225],[134.4706,34.124],[134.4705,34.1254],[134.4705,34.1258],[134.4704,34.1268],[134.4704,34.1271],[134.4704,34.1276],[134.4703,34.1282],[134.4703,34.1289],[134.4703,34.1294],[134.4732,34.1295],[134.4741,34.1296],[134.4746,34.1298],[134.4753,34.13],[134.4761,34.1302],[134.4767,34.1305],[134.477,34.1306],[134.4771,34.1308],[134.4772,34.1315],[134.4773,34.1324],[134.4773,34.1331],[134.4777,34.1361],[134.4779,34.1373],[134.4778,34.1374],[134.4771,34.1375],[134.4771,34.1383],[134.4773,34.1393],[134.4775,34.1399],[134.4779,34.1402],[134.4782,34.1405],[134.4798,34.1416],[134.4803,34.142],[134.4811,34.1426],[134.4823,34.1431],[134.4821,34.1436],[134.4825,34.1439],[134.4831,34.1445],[134.4844,34.1459],[134.4849,34.1464],[134.4856,34.1472],[134.4861,34.1475],[134.4864,34.1478],[134.4868,34.1479],[134.4864,34.1483],[134.4861,34.1484],[134.4859,34.1484],[134.4857,34.1485],[134.4858,34.1497],[134.4858,34.1503],[134.486,34.1505],[134.4863,34.1507],[134.4864,34.1509],[134.486,34.1513],[134.4858,34.1514],[134.4857,34.1516],[134.4857,34.1518],[134.4863,34.1523],[134.4866,34.1526],[134.4867,34.1528],[134.4867,34.1534],[134.4863,34.1535],[134.4863,34.1547],[134.4862,34.1548],[134.4851,34.1548],[134.4848,34.1549],[134.4844,34.1552],[134.4842,34.1557],[134.4841,34.1559],[134.4844,34.1572],[134.4844,34.1576],[134.4842,34.1581],[134.4839,34.1583],[134.4839,34.1585],[134.484,34.1589],[134.484,34.1591],[134.4838,34.16],[134.4841,34.1607],[134.4841,34.1612],[134.4844,34.1619],[134.4844,34.1629],[134.4845,34.1633],[134.4843,34.1636],[134.4837,34.1641],[134.4835,34.1643],[134.4834,34.1647],[134.4831,34.1654],[134.4831,34.1657],[134.4835,34.1663],[134.4834,34.1665],[134.4831,34.1669],[134.4828,34.1671],[134.4827,34.1673],[134.4827,34.1675],[134.4823,34.168],[134.482,34.1683],[134.4819,34.1692],[134.4817,34.1694],[134.4807,34.1697],[134.4806,34.1699],[134.4804,34.1703],[134.4805,34.1706],[134.4803,34.171],[134.4802,34.1712],[134.48,34.1713],[134.4799,34.1716],[134.4802,34.1719],[134.4805,34.1723],[134.4807,34.1724],[134.4808,34.1725],[134.4805,34.173],[134.4803,34.1734],[134.4803,34.1735],[134.4805,34.1739],[134.4805,34.1744],[134.4803,34.1748],[134.4803,34.1751],[134.4804,34.1755],[134.4803,34.1762],[134.4802,34.1764],[134.48,34.1766],[134.4796,34.1768],[134.4795,34.177],[134.4791,34.1774],[134.4788,34.1782],[134.4785,34.1786],[134.4781,34.1788],[134.4774,34.1789],[134.477,34.179],[134.4768,34.179],[134.4764,34.1788],[134.4756,34.1784],[134.4752,34.1782],[134.475,34.1781],[134.4749,34.178],[134.4747,34.1779],[134.4742,34.1777],[134.4739,34.1778],[134.4736,34.1779],[134.4733,34.1781],[134.4725,34.1784],[134.4723,34.1784],[134.4719,34.1781],[134.4716,34.178],[134.4709,34.1778],[134.4705,34.1775],[134.4702,34.1774],[134.4691,34.1773],[134.4687,34.1773],[134.4674,34.1772],[134.4671,34.1772],[134.4668,34.1771],[134.4665,34.1771],[134.4662,34.1772],[134.4661,34.1772],[134.4658,34.1765],[134.4655,34.1764],[134.465,34.1762],[134.4647,34.1763],[134.4643,34.1765],[134.4637,34.1768],[134.4632,34.1772],[134.4631,34.1772],[134.4627,34.1773],[134.4625,34.1774],[134.4624,34.1777],[134.4621,34.178],[134.4615,34.1785],[134.4611,34.179],[134.46,34.1798],[134.4596,34.1799],[134.4594,34.1801],[134.4593,34.1803],[134.4592,34.1804],[134.4593,34.1809],[134.4592,34.1812],[134.459,34.1814],[134.4588,34.1818],[134.4587,34.182],[134.4583,34.1826],[134.458,34.1832],[134.4572,34.1843],[134.457,34.1845],[134.4565,34.1846],[134.4564,34.1847],[134.4561,34.1853],[134.4557,34.1857],[134.4556,34.186],[134.4556,34.1863],[134.4555,34.1864],[134.4553,34.1867],[134.455,34.1869],[134.4548,34.1872],[134.4548,34.1873],[134.4548,34.1876],[134.455,34.1878],[134.4553,34.1881],[134.4554,34.1885],[134.4555,34.1892],[134.4557,34.1898],[134.456,34.1903],[134.4562,34.1909],[134.4561,34.1911],[134.456,34.1913],[134.4552,34.1918],[134.455,34.1922],[134.4548,34.1924],[134.4547,34.1925],[134.4543,34.1925],[134.4528,34.1924],[134.4525,34.1924],[134.4519,34.1925],[134.4512,34.1923],[134.4505,34.1924],[134.4499,34.1923],[134.4494,34.1923],[134.4488,34.1923],[134.4484,34.1924],[134.4481,34.1926],[134.4477,34.1923],[134.4473,34.1923],[134.447,34.1923],[134.4464,34.1924],[134.446,34.1924],[134.4453,34.1921],[134.4447,34.1921],[134.4444,34.192],[134.444,34.192],[134.4435,34.1922],[134.4431,34.1922],[134.4427,34.1924],[134.4425,34.1924],[134.4421,34.1921],[134.4414,34.192],[134.4411,34.1918],[134.4406,34.1917],[134.44,34.1915],[134.4397,34.1914],[134.4394,34.1913],[134.4389,34.1908],[134.4388,34.1905],[134.4386,34.1903],[134.4383,34.1898],[134.438,34.1894],[134.4372,34.1892],[134.4367,34.189],[134.4365,34.189],[134.4362,34.1886],[134.4359,34.1884],[134.4349,34.1878],[134.4345,34.1878],[134.4342,34.1876],[134.4335,34.1874],[134.4332,34.1872],[134.4328,34.1869],[134.4325,34.1867],[134.4319,34.1865],[134.4316,34.1862],[134.4311,34.1853],[134.4309,34.1851],[134.4305,34.185],[134.4302,34.1847],[134.43,34.184],[134.43,34.1837],[134.4297,34.1835],[134.4293,34.1833],[134.4292,34.1832],[134.4292,34.1828],[134.4293,34.1823],[134.4293,34.1816],[134.4299,34.1808],[134.43,34.1803],[134.4302,34.1798],[134.4303,34.1795],[134.4304,34.1792],[134.4306,34.179],[134.432,34.1788],[134.4327,34.1788],[134.4331,34.1788],[134.4334,34.1788],[134.4336,34.1788],[134.4339,34.1779],[134.4338,34.1775],[134.4337,34.1771],[134.4337,34.1766],[134.4339,34.1755],[134.4342,34.1748],[134.4341,34.1746],[134.434,34.1744],[134.4338,34.1743],[134.4335,34.1742],[134.4332,34.1736],[134.4329,34.1734],[134.4327,34.1729],[134.4328,34.1727],[134.4331,34.1725],[134.4334,34.1723],[134.4336,34.1714],[134.4338,34.17],[134.4339,34.1695],[134.4338,34.1694],[134.4335,34.1692],[134.4334,34.1691],[134.4333,34.1687],[134.4333,34.1684],[134.4332,34.1682],[134.4328,34.1681],[134.4321,34.1679],[134.4311,34.1679],[134.4309,34.1675],[134.4308,34.1673],[134.4303,34.1671],[134.4296,34.1672],[134.4291,34.1674],[134.4287,34.1674],[134.4285,34.1674],[134.428,34.1672],[134.4276,34.1669],[134.427,34.1664],[134.4266,34.1662],[134.4262,34.166],[134.4254,34.1659],[134.4252,34.1657],[134.425,34.1654],[134.4246,34.1646],[134.4242,34.1641],[134.4238,34.1639],[134.4227,34.1624],[134.4222,34.1619],[134.4221,34.1615],[134.4219,34.1607],[134.4216,34.1603],[134.421,34.1599],[134.4205,34.1594],[134.4201,34.1593],[134.42,34.1592],[134.4198,34.1583],[134.4196,34.1579],[134.4194,34.1578],[134.4191,34.1577],[134.4184,34.1577],[134.4175,34.1576],[134.4168,34.1574],[134.4163,34.1574],[134.4153,34.1571],[134.4143,34.1569],[134.4132,34.1569],[134.4129,34.1569]]]},"properties":{"N03_001":"徳島県","N03_002":"","N03_003":"板野郡","N03_004":"板野町","N03_007":"36404"}},
{"type":"Feature","geometry":{"type":"Polygon","coordinates":[[[134.3757,34.1718],[134.3752,34.1712],[134.3749,34.1706],[134.3748,34.1704],[134.3742,34.1701],[134.3739,34.17],[134.3738,34.1697],[134.3735,34.1693],[134.3729,34.1685],[134.3727,34.1683],[134.3727,34.168],[134.3727,34.1677],[134.3728,34.1673],[134.3727,34.1671],[134.3723,34.1668],[134.3719,34.1666],[134.3717,34.1664],[134.3715,34.1658],[134.371,34.1653],[134.3707,34.1649],[134.3705,34.1645],[134.3705,34.1642],[134.3709,34.1638],[134.3711,34.1633],[134.3711,34.163],[134.371,34.1626],[134.3705,34.1618],[134.3702,34.1608],[134.3699,34.1605],[134.3695,34.1602],[134.3694,34.1599],[134.3694,34.1595],[134.3693,34.1591],[134.3691,34.1586],[134.3688,34.1581],[134.3683,34.1574],[134.3683,34.1571],[134.3682,34.1567],[134.3681,34.1562],[134.368,34.1559],[134.3679,34.1556],[134.3679,34.1552],[134.3682,34.1547],[134.3682,34.1543],[134.3686,34.1536],[134.3688,34.1532],[134.3689,34.1529],[134.3689,34.1522],[134.3692,34.1515],[134.3693,34.1513],[134.3696,34.1512],[134.3702,34.1509],[134.371,34.151],[134.3714,34.151],[134.3715,34.1509],[134.3717,34.1507],[134.3721,34.1499],[134.3723,34.1498],[134.3727,34.1494],[134.374,34.1489],[134.3751,34.1483],[134.3753,34.1482],[134.3755,34.1479],[134.3758,34.1475],[134.3763,34.1467],[134.3766,34.146],[134.3769,34.1452],[134.3771,34.1448],[134.3776,34.1441],[134.378,34.1439],[134.3788,34.1438],[134.3791,34.1437],[134.3795,34.1434],[134.3798,34.143],[134.3802,34.1424],[134.3804,34.142],[134.381,34.1414],[134.3811,34.141],[134.3813,34.1409],[134.3817,34.1403],[134.3819,34.1396],[134.3822,34.1394],[134.3829,34.1391],[134.3831,34.1389],[134.3831,34.1385],[134.3829,34.1382],[134.3827,34.1373],[134.3826,34.1372],[134.3821,34.137],[134.382,34.1368],[134.3819,34.1361],[134.3814,34.1355],[134.3812,34.1351],[134.3804,34.1346],[134.38,34.1342],[134.3799,34.1337],[134.3799,34.1334],[134.3797,34.1327],[134.3795,34.1322],[134.3792,34.1318],[134.3785,34.1312],[134.3782,34.1307],[134.3779,34.1299],[134.3779,34.1298],[134.3784,34.1289],[134.3785,34.1284],[134.3785,34.1276],[134.3785,34.1273],[134.3786,34.127],[134.3789,34.1265],[134.379,34.126],[134.379,34.1256],[134.3791,34.1253],[134.3791,34.125],[134.3792,34.1245],[134.3794,34.1243],[134.3795,34.1236],[134.38,34.1233],[134.3803,34.123],[134.3806,34.1225],[134.3809,34.122],[134.381,34.1214],[134.3815,34.1208],[134.3817,34.1207],[134.3822,34.1206],[134.3824,34.1204],[134.3826,34.1198],[134.3827,34.1193],[134.3835,34.1187],[134.3836,34.1185],[134.384,34.1184],[134.3842,34.1183],[134.3846,34.1183],[134.3848,34.118],[134.3851,34.1171],[134.3854,34.117],[134.3857,34.1161],[134.3861,34.1149],[134.3862,34.1142],[134.3863,34.1138],[134.387,34.1138],[134.3874,34.1138],[134.3878,34.1139],[134.3894,34.1143],[134.3908,34.1147],[134.3918,34.115],[134.3927,34.1152],[134.3939,34.1154],[134.3952,34.1156],[134.3955,34.1159],[134.3957,34.1162],[134.396,34.1163],[134.3965,34.116],[134.3966,34.1165],[134.3984,34.1163],[134.3989,34.1163],[134.3989,34.1157],[134.399,34.1156],[134.3995,34.1156],[134.3997,34.1147],[134.3999,34.1143],[134.4003,34.1136],[134.4003,34.1133],[134.4002,34.1125],[134.4001,34.112],[134.4003,34.1117],[134.4005,34.1112],[134.4009,34.1103],[134.4011,34.1098],[134.4013,34.1097],[134.4015,34.1092],[134.4016,34.109],[134.4016,34.1079],[134.4016,34.1069],[134.4015,34.1066],[134.4015,34.106],[134.4012,34.1059],[134.4012,34.1055],[134.4015,34.1053],[134.4012,34.105],[134.4007,34.1052],[134.4002,34.1048],[134.3999,34.1046],[134.399,34.1041],[134.3989,34.1041],[134.3988,34.1044],[134.3985,34.1042],[134.3982,34.1041],[134.3981,34.1037],[134.3977,34.1037],[134.3973,34.1037],[134.3972,34.1042],[134.3971,34.1048],[134.3956,34.1045],[134.3941,34.1042],[134.3943,34.1024],[134.3943,34.102],[134.3943,34.1017],[134.3946,34.1014],[134.3947,34.1011],[134.3947,34.1002],[134.3946,34.0996],[134.3944,34.0983],[134.3944,34.0975],[134.3947,34.0959],[134.3954,34.0936],[134.3958,34.0925],[134.3962,34.0914],[134.3967,34.0895],[134.3969,34.0889],[134.3967,34.0888],[134.397,34.0876],[134.3971,34.0875],[134.3974,34.0872],[134.398,34.0875],[134.3988,34.088],[134.4001,34.0886],[134.4007,34.0889],[134.4013,34.0892],[134.403,34.09],[134.4035,34.0903],[134.4041,34.0906],[134.4047,34.091],[134.4061,34.0917],[134.4071,34.0922],[134.4077,34.0925],[134.4087,34.0931],[134.4097,34.0936],[134.4106,34.0942],[134.4113,34.0945],[134.4129,34.0955],[134.4143,34.0964],[134.4178,34.0985],[134.4197,34.0996],[134.4218,34.1009],[134.4236,34.102],[134.424,34.1023],[134.4255,34.1025],[134.4267,34.1027],[134.4275,34.1028],[134.4284,34.1029],[134.4296,34.1031],[134.4298,34.1031],[134.4313,34.1034],[134.4335,34.1038],[134.4359,34.1041],[134.4377,34.1043],[134.4385,34.1044],[134.441,34.1048],[134.4413,34.1048],[134.4422,34.1049],[134.4434,34.1051],[134.4448,34.1053],[134.4453,34.1054],[134.4466,34.1056],[134.4472,34.1057],[134.4477,34.106],[134.4478,34.106],[134.4487,34.1051],[134.449,34.1048],[134.4495,34.1042],[134.4497,34.1041],[134.4503,34.1047],[134.4517,34.1058],[134.4521,34.1059],[134.4529,34.1064],[134.453,34.1065],[134.4539,34.1072],[134.4547,34.108],[134.4551,34.1084],[134.4561,34.1095],[134.4567,34.1105],[134.4571,34.1114],[134.4573,34.1119],[134.4575,34.112],[134.4582,34.1124],[134.4585,34.1124],[134.4584,34.113],[134.4583,34.1132],[134.4583,34.1141],[134.4581,34.1153],[134.4578,34.1165],[134.4574,34.1165],[134.4569,34.1164],[134.4564,34.1163],[134.4561,34.1163],[134.4551,34.1162],[134.4543,34.1161],[134.4532,34.116],[134.4526,34.1159],[134.4511,34.1157],[134.449,34.1153],[134.4477,34.1152],[134.4445,34.1147],[134.4436,34.1146],[134.4417,34.1143],[134.4414,34.1154],[134.4413,34.1163],[134.441,34.1177],[134.4409,34.1182],[134.4411,34.1183],[134.441,34.1187],[134.4409,34.1188],[134.4408,34.1189],[134.4407,34.1196],[134.4405,34.1198],[134.44,34.1199],[134.4395,34.1199],[134.4391,34.1198],[134.4387,34.1199],[134.4384,34.1201],[134.4382,34.1201],[134.4378,34.1201],[134.4369,34.1203],[134.4368,34.1205],[134.437,34.121],[134.4369,34.1214],[134.4371,34.1219],[134.437,34.122],[134.4368,34.1222],[134.4364,34.1223],[134.4364,34.1224],[134.4363,34.1229],[134.4363,34.1233],[134.4363,34.1235],[134.436,34.1235],[134.4352,34.1235],[134.435,34.1234],[134.4343,34.1235],[134.4335,34.1235],[134.4336,34.1241],[134.4327,34.1242],[134.4326,34.1242],[134.4329,34.1251],[134.4329,34.1253],[134.4315,34.1258],[134.4311,34.126],[134.43,34.1267],[134.4298,34.1269],[134.4297,34.1274],[134.4293,34.1283],[134.4291,34.129],[134.4291,34.1293],[134.4289,34.1297],[134.4287,34.1304],[134.4286,34.1308],[134.4284,34.1311],[134.4284,34.1322],[134.4284,34.1327],[134.4285,34.1329],[134.4286,34.1333],[134.4283,34.1332],[134.428,34.1334],[134.4279,34.1338],[134.4279,34.1348],[134.428,34.1353],[134.428,34.1355],[134.428,34.1358],[134.4279,34.136],[134.4276,34.136],[134.4275,34.1363],[134.4274,34.1364],[134.4266,34.1363],[134.4263,34.1365],[134.4261,34.1369],[134.4262,34.137],[134.4264,34.1375],[134.4264,34.1377],[134.4259,34.1383],[134.4258,34.1386],[134.426,34.1391],[134.4264,34.1399],[134.4267,34.1404],[134.4269,34.1409],[134.427,34.1414],[134.427,34.1417],[134.4267,34.1424],[134.4268,34.1429],[134.4269,34.1435],[134.4267,34.144],[134.4266,34.1442],[134.4261,34.1446],[134.4258,34.1448],[134.4251,34.1451],[134.4249,34.1452],[134.424,34.1452],[134.4237,34.1452],[134.4229,34.1458],[134.4225,34.146],[134.422,34.1462],[134.4213,34.1464],[134.4209,34.1465],[134.4204,34.1468],[134.42,34.1472],[134.4198,34.1476],[134.4196,34.148],[134.4192,34.1483],[134.4187,34.1488],[134.4187,34.149],[134.4184,34.1494],[134.418,34.1495],[134.418,34.1499],[134.4182,34.1506],[134.4182,34.151],[134.418,34.1515],[134.4177,34.1521],[134.4173,34.1524],[134.4172,34.1527],[134.417,34.1532],[134.4163,34.1541],[134.4162,34.1544],[134.416,34.1546],[134.4156,34.155],[134.4149,34.1555],[134.4142,34.1559],[134.4138,34.1563],[134.4137,34.1564],[134.4133,34.1566],[134.4129,34.1569],[134.4128,34.1571],[134.4128,34.1575],[134.4127,34.1578],[134.4124,34.1585],[134.4121,34.1587],[134.4115,34.1591],[134.4115,34.1593],[134.4122,34.1601],[134.4122,34.1605],[134.412,34.1609],[134.4114,34.1615],[134.411,34.1618],[134.4104,34.162],[134.4096,34.1623],[134.4091,34.1624],[134.4087,34.1626],[134.408,34.1626],[134.4077,34.1626],[134.4074,34.1625],[134.4072,34.1627],[134.407,34.163],[134.4067,34.1633],[134.4064,34.1635],[134.4063,34.1638],[134.406,34.1647],[134.4056,34.1651],[134.405,34.1654],[134.4048,34.1657],[134.4044,34.1668],[134.4042,34.167],[134.4025,34.1679],[134.402,34.168],[134.4014,34.1679],[134.4008,34.1679],[134.4001,34.1678],[134.3999,34.1676],[134.3998,34.1671],[134.3987,34.1665],[134.3983,34.1664],[134.3982,34.1663],[134.398,34.1657],[134.3979,34.1656],[134.3974,34.1653],[134.3972,34.1651],[134.3971,34.1648],[134.3967,34.1646],[134.3958,34.1642],[134.3948,34.1639],[134.3943,34.1638],[134.3937,34.1635],[134.3926,34.1637],[134.3915,34.1638],[134.3907,34.1641],[134.3901,34.1643],[134.3895,34.1647],[134.3886,34.1652],[134.3881,34.1653],[134.3877,34.1653],[134.3874,34.1654],[134.387,34.1654],[134.3865,34.1652],[134.386,34.1652],[134.3855,34.1651],[134.3853,34.1652],[134.3849,34.1658],[134.3848,34.1662],[134.3848,34.1663],[134.3852,34.1666],[134.3852,34.1668],[134.385,34.1672],[134.385,34.1675],[134.3851,34.168],[134.385,34.1683],[134.3848,34.1687],[134.3846,34.1691],[134.3846,34.1695],[134.384,34.171],[134.3839,34.1712],[134.3835,34.1716],[134.3831,34.1721],[134.383,34.1722],[134.3828,34.1723],[134.382,34.1722],[134.3816,34.1723],[134.3813,34.1724],[134.3808,34.1724],[134.3797,34.1724],[134.3782,34.172],[134.377,34.172],[134.3764,34.172],[134.3757,34.1718]]]},"properties":{"N03_001":"徳島県","N03_002":"","N03_003":"板野郡","N03_004":"上板町","N03_007":"36405"}},
{"type":"Feature","geometry":{"type":"Polygon","coordinates":[[[133.9722,33.9602],[133.9724,33.9598],[133.9724,33.9592],[133.9725,33.9589],[133.973,33.9584],[133.973,33.9578],[133.9731,33.9574],[133.9731,33.9572],[133.973,33.9567],[133.973,33.9561],[133.9732,33.9556],[133.9731,33.9553],[133.9729,33.9545],[133.973,33.9539],[133.9729,33.9537],[133.9726,33.9533],[133.9725,33.9529],[133.9726,33.9524],[133.9735,33.9523],[133.9745,33.9521],[133.9754,33.9515],[133.9756,33.9512],[133.9757,33.9507],[133.9761,33.9502],[133.9765,33.9495],[133.9769,33.9492],[133.9769,33.9487],[133.9773,33.9482],[133.9774,33.948],[133.9773,33.9476],[133.9773,33.9471],[133.9773,33.9464],[133.9771,33.9459],[133.9766,33.9457],[133.9759,33.9455],[133.9755,33.9453],[133.975,33.9451],[133.9746,33.9448],[133.9738,33.9445],[133.9737,33.9444],[133.9729,33.9436],[133.9726,33.9435],[133.9715,33.943],[133.9711,33.9427],[133.9707,33.9424],[133.9702,33.942],[133.9697,33.9418],[133.9695,33.9416],[133.969,33.9411],[133.9683,33.9406],[133.968,33.9402],[133.9678,33.94],[133.9676,33.9398],[133.9669,33.9395],[133.9666,33.9393],[133.9664,33.939],[133.9663,33.9387],[133.9663,33.9382],[133.9663,33.938],[133.9666,33.9376],[133.9667,33.9374],[133.9669,33.9366],[133.9672,33.9358],[133.9674,33.9355],[133.9679,33.9352],[133.9679,33.9349],[133.9681,33.9346],[133.9689,33.9335],[133.9693,33.9329],[133.9694,33.9327],[133.9695,33.9321],[133.9696,33.9317],[133.9695,33.9313],[133.9696,33.9313],[133.9702,33.931],[133.9705,33.9307],[133.9712,33.9301],[133.9714,33.9297],[133.9714,33.9293],[133.9717,33.9291],[133.9729,33.9288],[133.9734,33.9287],[133.9739,33.9285],[133.9742,33.9282],[133.9743,33.928],[133.9744,33.9272],[133.9744,33.927],[133.9748,33.9267],[133.9749,33.9265],[133.9749,33.926],[133.975,33.9252],[133.9753,33.9249],[133.9758,33.9247],[133.9767,33.9248],[133.9771,33.9248],[133.9774,33.9248],[133.9778,33.9246],[133.979,33.9245],[133.9801,33.9243],[133.9804,33.9242],[133.9807,33.9241],[133.9813,33.9239],[133.9822,33.9235],[133.9826,33.9235],[133.983,33.9236],[133.984,33.9238],[133.9845,33.9238],[133.9853,33.9237],[133.9857,33.9238],[133.9863,33.9237],[133.9868,33.9238],[133.9875,33.9237],[133.9885,33.9234],[133.9894,33.9233],[133.9899,33.9232],[133.9903,33.9233],[133.9906,33.9233],[133.991,33.9233],[133.9915,33.9231],[133.9924,33.9232],[133.9927,33.9233],[133.9934,33.923],[133.9936,33.9228],[133.9939,33.9227],[133.9942,33.9226],[133.9945,33.9226],[133.9949,33.9224],[133.9953,33.9223],[133.9956,33.9221],[133.9958,33.9218],[133.996,33.9215],[133.9963,33.9213],[133.9969,33.9211],[133.9973,33.9209],[133.9981,33.9206],[133.9985,33.9205],[133.9987,33.9203],[133.9991,33.9203],[133.9997,33.9203],[134.0002,33.9201],[134.0009,33.9201],[134.0021,33.9197],[134.0028,33.9195],[134.003,33.9191],[134.0031,33.9186],[134.0034,33.9181],[134.0037,33.9177],[134.0038,33.9175],[134.0038,33.9172],[134.0029,33.9157],[134.0023,33.9153],[134.0019,33.9149],[134.0016,33.9145],[134.0015,33.9143],[134.0018,33.9135],[134.0018,33.9132],[134.0018,33.9123],[134.0017,33.9118],[134.0017,33.9116],[134.0014,33.9113],[134.0014,33.9111],[134.0014,33.9105],[134.0018,33.9097],[134.0019,33.9094],[134.0018,33.9084],[134.0017,33.9078],[134.0022,33.9074],[134.0024,33.907],[134.0028,33.9065],[134.0031,33.9064],[134.0042,33.9066],[134.0046,33.9066],[134.005,33.9064],[134.0055,33.9062],[134.0059,33.9062],[134.007,33.9063],[134.0077,33.9064],[134.0084,33.9061],[134.0088,33.9058],[134.0091,33.9057],[134.0098,33.9056],[134.0103,33.9054],[134.0111,33.9046],[134.0117,33.9041],[134.012,33.904],[134.013,33.903],[134.0134,33.9028],[134.0139,33.9028],[134.0143,33.9025],[134.0148,33.9022],[134.0157,33.901],[134.0159,33.9008],[134.016,33.9008],[134.0165,33.901],[134.0168,33.9011],[134.0179,33.9011],[134.0183,33.901],[134.0187,33.9008],[134.0195,33.9003],[134.0204,33.8996],[134.0206,33.8995],[134.0213,33.8995],[134.0217,33.8994],[134.0221,33.8993],[134.023,33.8992],[134.0238,33.8992],[134.0244,33.8993],[134.0246,33.8993],[134.0255,33.8989],[134.0269,33.8984],[134.0279,33.8989],[134.0285,33.899],[134.0291,33.8994],[134.0298,33.9002],[134.0303,33.9007],[134.0308,33.9009],[134.0314,33.9009],[134.0322,33.9006],[134.0328,33.9006],[134.0336,33.9007],[134.0342,33.9007],[134.0346,33.9006],[134.035,33.9005],[134.0359,33.9001],[134.0363,33.8999],[134.0368,33.8997],[134.0373,33.8996],[134.0375,33.8994],[134.0381,33.8989],[134.0382,33.8988],[134.0387,33.8987],[134.039,33.8985],[134.0395,33.8981],[134.0402,33.8976],[134.0404,33.8974],[134.0409,33.8973],[134.0412,33.8974],[134.042,33.8978],[134.0425,33.8979],[134.0427,33.8978],[134.044,33.8974],[134.0449,33.8971],[134.0452,33.8968],[134.0453,33.8965],[134.0455,33.8961],[134.047,33.8953],[134.0474,33.8953],[134.0475,33.8951],[134.0471,33.8944],[134.0466,33.8939],[134.0462,33.8935],[134.0459,33.8928],[134.0458,33.8925],[134.0453,33.892],[134.0448,33.8913],[134.0446,33.8911],[134.0441,33.8903],[134.0432,33.8895],[134.0431,33.8892],[134.043,33.8889],[134.0429,33.8888],[134.0424,33.8884],[134.0419,33.8879],[134.0416,33.8875],[134.0415,33.8873],[134.0416,33.8871],[134.0421,33.8864],[134.0424,33.8858],[134.0424,33.8855],[134.0433,33.8843],[134.0433,33.8841],[134.0433,33.8838],[134.0435,33.8834],[134.0433,33.8822],[134.0433,33.882],[134.0434,33.8818],[134.0438,33.881],[134.0441,33.8807],[134.0447,33.8799],[134.0448,33.8797],[134.045,33.8795],[134.0453,33.8789],[134.0456,33.8785],[134.0459,33.8782],[134.0459,33.8776],[134.046,33.8774],[134.0467,33.8772],[134.0469,33.8771],[134.0473,33.8766],[134.0476,33.8763],[134.048,33.8757],[134.0482,33.8755],[134.0482,33.8753],[134.0482,33.8746],[134.0482,33.8742],[134.0484,33.8732],[134.0486,33.8726],[134.0487,33.8722],[134.0487,33.8717],[134.0487,33.8709],[134.0492,33.8711],[134.0502,33.8713],[134.0515,33.8719],[134.0523,33.8721],[134.0528,33.8722],[134.0533,33.8722],[134.054,33.872],[134.0551,33.8717],[134.0559,33.8716],[134.0565,33.8715],[134.0569,33.8714],[134.0572,33.8712],[134.0578,33.8708],[134.058,33.8707],[134.0591,33.8705],[134.0595,33.8705],[134.0604,33.8706],[134.0609,33.8704],[134.0616,33.8701],[134.0619,33.8699],[134.0623,33.8699],[134.0626,33.8699],[134.0628,33.87],[134.0631,33.8702],[134.0636,33.8704],[134.0639,33.8707],[134.0645,33.8714],[134.0653,33.8719],[134.0657,33.872],[134.0661,33.872],[134.0667,33.872],[134.068,33.8717],[134.0685,33.8717],[134.0686,33.8718],[134.0691,33.8721],[134.0696,33.8722],[134.0708,33.8723],[134.0713,33.8723],[134.0718,33.8722],[134.0722,33.8721],[134.0728,33.8719],[134.0732,33.8718],[134.0742,33.8716],[134.0756,33.8715],[134.0762,33.8714],[134.0768,33.8712],[134.077,33.8712],[134.0774,33.8715],[134.0778,33.8715],[134.0784,33.8716],[134.0791,33.8716],[134.0798,33.8717],[134.0807,33.872],[134.0815,33.8722],[134.0825,33.8724],[134.0833,33.8725],[134.0839,33.8728],[134.0849,33.8731],[134.0855,33.8731],[134.0858,33.8732],[134.0862,33.8734],[134.0865,33.8735],[134.087,33.874],[134.0875,33.8741],[134.0881,33.8742],[134.0893,33.8743],[134.0899,33.8742],[134.0899,33.8746],[134.0896,33.8755],[134.0896,33.8764],[134.0894,33.8771],[134.0891,33.8778],[134.089,33.8783],[134.0893,33.8785],[134.0898,33.8786],[134.0901,33.8786],[134.0906,33.8785],[134.0914,33.8784],[134.0916,33.8784],[134.0918,33.8786],[134.0918,33.8791],[134.0921,33.8797],[134.0923,33.8799],[134.0926,33.88],[134.093,33.8801],[134.0934,33.8801],[134.0943,33.88],[134.0948,33.8798],[134.0956,33.8795],[134.0969,33.8791],[134.0978,33.8788],[134.0986,33.8785],[134.0991,33.8784],[134.0993,33.8785],[134.0997,33.879],[134.0999,33.8791],[134.1005,33.8792],[134.1009,33.8792],[134.1012,33.8794],[134.1016,33.8796],[134.1019,33.8798],[134.1023,33.8798],[134.1025,33.8799],[134.1026,33.8803],[134.103,33.8809],[134.1032,33.8817],[134.1036,33.8824],[134.1037,33.8827],[134.1038,33.8828],[134.1044,33.883],[134.1057,33.8837],[134.106,33.884],[134.1064,33.8843],[134.1069,33.8844],[134.1074,33.8846],[134.1079,33.885],[134.1081,33.8853],[134.1085,33.8856],[134.1089,33.8858],[134.1094,33.8861],[134.1097,33.8865],[134.1102,33.8867],[134.1107,33.8868],[134.1116,33.8868],[134.113,33.8868],[134.1135,33.887],[134.1145,33.8871],[134.1154,33.8869],[134.1163,33.8868],[134.1165,33.8872],[134.1168,33.8875],[134.1172,33.8877],[134.1176,33.8879],[134.1182,33.8879],[134.1187,33.8881],[134.1194,33.8882],[134.1198,33.8885],[134.1201,33.8886],[134.1207,33.8888],[134.1215,33.8893],[134.1217,33.8895],[134.1219,33.8898],[134.1221,33.8907],[134.1223,33.891],[134.1226,33.8912],[134.1228,33.8915],[134.1229,33.8919],[134.1229,33.8922],[134.1228,33.8925],[134.1228,33.8927],[134.123,33.893],[134.1233,33.8932],[134.1236,33.8935],[134.124,33.8943],[134.124,33.8948],[134.1241,33.8951],[134.124,33.8954],[134.1244,33.8958],[134.1245,33.896],[134.1243,33.8967],[134.1243,33.897],[134.1244,33.8972],[134.1246,33.8974],[134.1247,33.8978],[134.1248,33.8985],[134.1251,33.8989],[134.1251,33.8994],[134.1253,33.9],[134.1256,33.9004],[134.1257,33.9007],[134.1255,33.9011],[134.1255,33.9013],[134.1257,33.9016],[134.1256,33.9019],[134.1254,33.9023],[134.1254,33.9025],[134.1255,33.9027],[134.1255,33.9033],[134.1256,33.9037],[134.1256,33.9041],[134.1255,33.9049],[134.1253,33.9056],[134.1254,33.9062],[134.1254,33.9066],[134.1252,33.9079],[134.1248,33.9093],[134.1246,33.9097],[134.1244,33.9102],[134.1242,33.9107],[134.1241,33.9111],[134.1243,33.9113],[134.1247,33.9117],[134.1249,33.9121],[134.1251,33.9123],[134.1254,33.9125],[134.1258,33.9126],[134.1262,33.9128],[134.1264,33.913],[134.1271,33.9134],[134.1271,33.9135],[134.1272,33.914],[134.1273,33.9143],[134.1273,33.9145],[134.1272,33.9148],[134.1269,33.9152],[134.1266,33.916],[134.1266,33.9163],[134.1268,33.9171],[134.1268,33.9174],[134.1264,33.9179],[134.1261,33.9183],[134.1263,33.9187],[134.1264,33.9193],[134.1265,33.9197],[134.1266,33.92],[134.1265,33.9205],[134.1264,33.9207],[134.1262,33.9209],[134.1259,33.9208],[134.1256,33.9207],[134.1248,33.9207],[134.1243,33.9207],[134.1239,33.9207],[134.1235,33.9207],[134.1223,33.9205],[134.122,33.9206],[134.1217,33.9205],[134.1215,33.9206],[134.1211,33.921],[134.1208,33.9212],[134.1204,33.9213],[134.1197,33.9213],[134.1195,33.9213],[134.1187,33.921],[134.1175,33.9209],[134.1168,33.9208],[134.1165,33.9208],[134.1162,33.921],[134.1156,33.9212],[134.1148,33.9213],[134.1138,33.9214],[134.1134,33.9214],[134.1121,33.9214],[134.1116,33.9212],[134.1112,33.9213],[134.1109,33.9216],[134.1107,33.9216],[134.11,33.9212],[134.1097,33.9212],[134.1093,33.9212],[134.1084,33.9211],[134.1077,33.921],[134.1074,33.921],[134.1072,33.9213],[134.1064,33.9216],[134.1062,33.9218],[134.1059,33.9223],[134.1057,33.9225],[134.1054,33.9226],[134.1049,33.9227],[134.1045,33.9229],[134.1038,33.9231],[134.1031,33.9233],[134.1027,33.9235],[134.1024,33.9236],[134.1019,33.9236],[134.1011,33.9234],[134.1003,33.9233],[134.0999,33.9233],[134.1002,33.9238],[134.1001,33.9243],[134.1001,33.9248],[134.1,33.9251],[134.1,33.9259],[134.1001,33.9262],[134.1,33.9266],[134.1002,33.9272],[134.1004,33.9278],[134.1004,33.9281],[134.1006,33.9287],[134.1007,33.929],[134.101,33.9292],[134.1014,33.9294],[134.1017,33.9297],[134.1019,33.93],[134.1022,33.9302],[134.1024,33.9305],[134.1029,33.9309],[134.103,33.9311],[134.103,33.9314],[134.1029,33.9319],[134.1029,33.933],[134.1027,33.9333],[134.1027,33.9336],[134.1028,33.9338],[134.1033,33.9344],[134.1035,33.9348],[134.104,33.9355],[134.1046,33.936],[134.1048,33.9362],[134.1048,33.9365],[134.1048,33.937],[134.1048,33.9374],[134.1047,33.9377],[134.1049,33.938],[134.1051,33.9382],[134.1051,33.9385],[134.105,33.9389],[134.1049,33.9394],[134.1049,33.94],[134.1052,33.9403],[134.1053,33.9407],[134.1055,33.9417],[134.1054,33.9419],[134.1053,33.9422],[134.105,33.9424],[134.1046,33.9426],[134.1038,33.9429],[134.1031,33.9434],[134.1027,33.9435],[134.1025,33.9436],[134.1024,33.944],[134.1022,33.9445],[134.1021,33.9449],[134.1022,33.9455],[134.102,33.9458],[134.1018,33.946],[134.1017,33.9462],[134.1017,33.9466],[134.1015,33.9472],[134.1015,33.9477],[134.1014,33.948],[134.101,33.9486],[134.1007,33.9488],[134.1001,33.949],[134.099,33.9493],[134.0989,33.9494],[134.0989,33.9499],[134.0988,33.9504],[134.0986,33.9508],[134.0984,33.9511],[134.0983,33.9514],[134.0984,33.9516],[134.0986,33.9521],[134.0987,33.9525],[134.0985,33.9533],[134.0984,33.954],[134.0983,33.9545],[134.0982,33.9552],[134.0982,33.9556],[134.0982,33.9561],[134.0981,33.9563],[134.0981,33.9567],[134.0982,33.957],[134.0984,33.9574],[134.0986,33.9578],[134.0986,33.9583],[134.0988,33.9588],[134.0991,33.9592],[134.0998,33.9595],[134.1001,33.9597],[134.1003,33.9601],[134.101,33.9607],[134.1013,33.9609],[134.1015,33.9611],[134.1023,33.9612],[134.1026,33.9614],[134.1031,33.9614],[134.1035,33.9616],[134.1037,33.9618],[134.104,33.962],[134.1044,33.9623],[134.1051,33.9626],[134.1056,33.9632],[134.1059,33.9634],[134.1061,33.9639],[134.1064,33.9642],[134.1065,33.9648],[134.1066,33.965],[134.1071,33.9653],[134.1075,33.9657],[134.108,33.966],[134.1081,33.9662],[134.1083,33.9664],[134.1085,33.9667],[134.1086,33.9671],[134.1085,33.9674],[134.1086,33.9677],[134.1087,33.9681],[134.1086,33.9688],[134.1084,33.9693],[134.1084,33.9701],[134.1086,33.9704],[134.1086,33.9707],[134.1089,33.971],[134.1089,33.9712],[134.1087,33.9716],[134.1086,33.9724],[134.1087,33.9727],[134.1085,33.973],[134.1083,33.9734],[134.1081,33.9734],[134.1071,33.9733],[134.107,33.9734],[134.1072,33.9737],[134.1074,33.974],[134.1076,33.9742],[134.1078,33.9745],[134.108,33.9751],[134.1085,33.9762],[134.1086,33.9766],[134.1086,33.9767],[134.1085,33.9769],[134.1082,33.977],[134.1078,33.9777],[134.1074,33.9779],[134.1068,33.979],[134.1067,33.9793],[134.107,33.9794],[134.1075,33.9794],[134.1079,33.9797],[134.1081,33.9798],[134.1087,33.9809],[134.1089,33.9815],[134.1093,33.982],[134.1096,33.9826],[134.1099,33.9829],[134.1106,33.9841],[134.1107,33.9844],[134.1113,33.9848],[134.1118,33.9851],[134.1118,33.9853],[134.1118,33.9857],[134.1118,33.986],[134.1119,33.9866],[134.112,33.987],[134.1118,33.9873],[134.1116,33.9875],[134.1109,33.9879],[134.1103,33.9884],[134.11,33.9885],[134.1099,33.9886],[134.1099,33.9892],[134.1096,33.9899],[134.1093,33.9907],[134.1091,33.9913],[134.109,33.9916],[134.1089,33.9921],[134.1086,33.9925],[134.1086,33.9927],[134.1088,33.9934],[134.1087,33.9939],[134.1088,33.9941],[134.1089,33.9943],[134.109,33.9951],[134.1089,33.9956],[134.1089,33.9959],[134.1091,33.9962],[134.1092,33.9968],[134.1091,33.9971],[134.1093,33.9973],[134.1095,33.9975],[134.1099,33.9976],[134.1103,33.9977],[134.1106,33.9979],[134.111,33.9981],[134.1115,33.9984],[134.1117,33.9985],[134.1118,33.9987],[134.1119,33.9991],[134.1122,33.9995],[134.1127,33.9999],[134.1128,34],[134.1132,34.0003],[134.1134,34.0006],[134.1136,34.001],[134.1139,34.0012],[134.1144,34.0018],[134.1145,34.0022],[134.1148,34.0024],[134.1155,34.0029],[134.1157,34.0033],[134.116,34.0035],[134.1164,34.0036],[134.1166,34.005],[134.1165,34.0055],[134.1166,34.0061],[134.1171,34.0068],[134.1178,34.0076],[134.1179,34.0078],[134.1179,34.0082],[134.1179,34.0083],[134.1177,34.0085],[134.1175,34.0089],[134.1175,34.0095],[134.1175,34.0098],[134.1175,34.0105],[134.1173,34.0107],[134.1173,34.011],[134.1175,34.0112],[134.1177,34.0118],[134.1179,34.0123],[134.1181,34.0126],[134.1182,34.0133],[134.1183,34.0135],[134.1184,34.014],[134.1187,34.0151],[134.1188,34.016],[134.1189,34.0164],[134.1189,34.0169],[134.1187,34.0173],[134.1184,34.0176],[134.1177,34.0181],[134.1168,34.0185],[134.1165,34.0186],[134.1162,34.0187],[134.1157,34.0186],[134.1144,34.0186],[134.1142,34.0188],[134.1142,34.0194],[134.1141,34.0198],[134.1139,34.0204],[134.1137,34.021],[134.1139,34.0217],[134.1136,34.0227],[134.1136,34.0231],[134.1136,34.0233],[134.1134,34.0237],[134.1135,34.0239],[134.1135,34.0243],[134.1134,34.0248],[134.1132,34.0249],[134.1124,34.0255],[134.1119,34.026],[134.1119,34.0263],[134.112,34.0267],[134.1123,34.0272],[134.1124,34.0277],[134.1124,34.0282],[134.1123,34.0288],[134.1122,34.0291],[134.1124,34.0298],[134.1124,34.0301],[134.1123,34.0303],[134.112,34.0305],[134.1108,34.0309],[134.1094,34.0314],[134.1086,34.0315],[134.1084,34.0317],[134.108,34.0318],[134.1076,34.0318],[134.1071,34.032],[134.1069,34.0319],[134.1062,34.0314],[134.1059,34.0313],[134.1054,34.0313],[134.1051,34.0316],[134.1047,34.0322],[134.1045,34.0326],[134.1044,34.0328],[134.1043,34.0335],[134.1037,34.0346],[134.1034,34.035],[134.1026,34.0355],[134.102,34.0358],[134.1015,34.0361],[134.1011,34.0364],[134.1007,34.0366],[134.1002,34.0369],[134.1,34.0371],[134.0994,34.0373],[134.099,34.0377],[134.0988,34.0379],[134.0987,34.0382],[134.0987,34.0384],[134.0986,34.0388],[134.0984,34.039],[134.0977,34.0396],[134.0973,34.0401],[134.0969,34.0406],[134.0965,34.0412],[134.0959,34.0417],[134.0956,34.0421],[134.0954,34.0424],[134.0952,34.0426],[134.0946,34.0434],[134.0943,34.0437],[134.0935,34.0445],[134.0932,34.0447],[134.0931,34.0451],[134.0932,34.0452],[134.0941,34.0464],[134.0944,34.0469],[134.0945,34.0472],[134.0945,34.0479],[134.0944,34.0483],[134.0944,34.049],[134.0946,34.0495],[134.095,34.0501],[134.0954,34.0504],[134.0954,34.0508],[134.0953,34.0511],[134.0952,34.0513],[134.0945,34.0519],[134.094,34.0523],[134.0936,34.0529],[134.0932,34.0534],[134.093,34.0537],[134.0911,34.0537],[134.0906,34.0536],[134.09,34.0537],[134.0895,34.0536],[134.089,34.0536],[134.0863,34.0535],[134.0866,34.0547],[134.0872,34.056],[134.0875,34.0568],[134.0878,34.0573],[134.088,34.0578],[134.0881,34.058],[134.0869,34.0575],[134.084,34.0562],[134.0825,34.0555],[134.082,34.0551],[134.0812,34.0547],[134.0801,34.0543],[134.0795,34.054],[134.0789,34.0537],[134.0785,34.0539],[134.0779,34.0536],[134.0768,34.0532],[134.0766,34.053],[134.0759,34.0527],[134.0743,34.052],[134.0742,34.0516],[134.0742,34.0513],[134.0742,34.0509],[134.074,34.0503],[134.0738,34.0497],[134.0735,34.0492],[134.073,34.0487],[134.0723,34.0481],[134.0722,34.048],[134.0718,34.0477],[134.071,34.0473],[134.0704,34.0471],[134.0689,34.0469],[134.0678,34.0467],[134.0657,34.0465],[134.0637,34.0464],[134.0623,34.046],[134.0604,34.0457],[134.0601,34.0457],[134.0595,34.0456],[134.0585,34.0454],[134.0582,34.0454],[134.0577,34.0453],[134.0571,34.0452],[134.0563,34.0452],[134.056,34.0451],[134.0549,34.0449],[134.0548,34.0449],[134.0542,34.0448],[134.0533,34.0447],[134.053,34.0447],[134.0524,34.0446],[134.0498,34.0442],[134.0484,34.0439],[134.0478,34.0437],[134.046,34.0433],[134.0449,34.0431],[134.044,34.043],[134.0432,34.043],[134.0429,34.043],[134.0425,34.043],[134.0422,34.0431],[134.041,34.0432],[134.0388,34.0434],[134.0384,34.0435],[134.0382,34.0435],[134.0375,34.0436],[134.0369,34.0436],[134.0355,34.0438],[134.0353,34.0438],[134.0343,34.0439],[134.0334,34.044],[134.0332,34.0441],[134.0312,34.0445],[134.031,34.0445],[134.0304,34.0445],[134.0298,34.0446],[134.0288,34.0447],[134.0279,34.0446],[134.0274,34.0446],[134.0263,34.0446],[134.0257,34.0446],[134.0254,34.0446],[134.0244,34.0446],[134.0238,34.0447],[134.0231,34.0446],[134.0223,34.0445],[134.0213,34.0442],[134.0207,34.0438],[134.0198,34.0432],[134.0196,34.043],[134.0191,34.0426],[134.019,34.0424],[134.0185,34.042],[134.0183,34.0417],[134.0176,34.041],[134.0169,34.0404],[134.0167,34.0401],[134.0159,34.0395],[134.0155,34.0392],[134.0149,34.0389],[134.0142,34.0386],[134.0133,34.0383],[134.0128,34.0381],[134.0121,34.038],[134.0118,34.038],[134.0108,34.0378],[134.0094,34.0376],[134.0087,34.0375],[134.0077,34.0375],[134.0073,34.0376],[134.0069,34.0376],[134.0061,34.0377],[134.0055,34.0377],[134.0048,34.0376],[134.004,34.0377],[134.003,34.0377],[134.0019,34.0377],[134.0011,34.0376],[134.0001,34.0373],[133.9994,34.0372],[134.0001,34.0369],[134.0003,34.0368],[134.0005,34.0364],[133.9998,34.0363],[133.9993,34.0361],[133.999,34.036],[133.999,34.0352],[133.9992,34.0348],[133.9995,34.0345],[133.9998,34.0342],[134.0001,34.0339],[134.0006,34.0334],[134.0013,34.0329],[134.0014,34.0324],[134.0017,34.0313],[134.0018,34.0312],[134.0025,34.0309],[134.0026,34.0308],[134.0028,34.0305],[134.0029,34.03],[134.003,34.0298],[134.003,34.0287],[134.003,34.0282],[134.0035,34.0276],[134.0039,34.0273],[134.0039,34.0269],[134.0039,34.0261],[134.0033,34.0255],[134.0032,34.0247],[134.0028,34.0243],[134.0026,34.024],[134.0025,34.0228],[134.0024,34.0225],[134.0023,34.0221],[134.0025,34.0214],[134.0026,34.0211],[134.0025,34.0204],[134.0024,34.02],[134.0023,34.0196],[134.0023,34.0191],[134.0022,34.0187],[134.002,34.0182],[134.0016,34.0175],[134.0011,34.0169],[134.0011,34.0168],[134.0008,34.0166],[134.0007,34.0164],[134.0007,34.0159],[134.0008,34.0157],[134.0008,34.0153],[134.0006,34.0144],[134.0007,34.0141],[134.001,34.0138],[134.0012,34.0135],[134.001,34.0128],[134.0008,34.0117],[134.0007,34.0114],[134.0005,34.0112],[134,34.011],[133.9992,34.011],[133.9989,34.0108],[133.9987,34.0105],[133.9989,34.0096],[133.9989,34.009],[133.9989,34.0076],[133.9989,34.0071],[133.9988,34.0069],[133.9985,34.0065],[133.9981,34.0063],[133.998,34.0059],[133.998,34.0054],[133.9981,34.0046],[133.9982,34.0044],[133.9985,34.004],[133.9986,34.0039],[133.9989,34.0035],[133.9989,34.0031],[133.999,34.0029],[134,34.0025],[134.0004,34.0023],[134.0015,34.0016],[134.0019,34.0013],[134.0021,34.0011],[134.0022,34.0009],[134.0021,34.0006],[134.002,34.0003],[134.0017,34.0001],[134.0016,33.9994],[134.0015,33.9989],[134.0015,33.9988],[134.0018,33.9984],[134.0015,33.9981],[134.0012,33.998],[134.0011,33.9978],[134.001,33.9974],[134.0011,33.9972],[134.0014,33.9968],[134.0017,33.9965],[134.0017,33.9962],[134.0017,33.9956],[134.0016,33.9946],[134.0016,33.9943],[134.0018,33.9938],[134.0018,33.9932],[134.0017,33.9924],[134.0017,33.9921],[134.0018,33.9918],[134.002,33.9911],[134.0018,33.9908],[134.0017,33.9905],[134.0006,33.9906],[134.0004,33.9904],[134.0004,33.9902],[134.0007,33.9898],[134.0009,33.9895],[134.0009,33.989],[134.0008,33.9888],[134.0003,33.9886],[133.9996,33.9884],[133.9988,33.9881],[133.9987,33.9879],[133.9986,33.9872],[133.9984,33.9865],[133.9981,33.9859],[133.9979,33.9856],[133.9979,33.9851],[133.9979,33.9844],[133.9979,33.9839],[133.9979,33.9835],[133.9978,33.9832],[133.9976,33.9829],[133.9963,33.9825],[133.9961,33.9823],[133.9959,33.9814],[133.9958,33.981],[133.9957,33.9801],[133.9957,33.9792],[133.9956,33.979],[133.9956,33.9786],[133.9952,33.9782],[133.9947,33.9777],[133.9942,33.9767],[133.994,33.9767],[133.9933,33.9766],[133.9929,33.9765],[133.9924,33.976],[133.992,33.9758],[133.9915,33.9755],[133.9911,33.9752],[133.9906,33.9749],[133.99,33.9746],[133.9898,33.9745],[133.9891,33.9738],[133.9887,33.9736],[133.9883,33.9736],[133.988,33.9736],[133.9876,33.9735],[133.9872,33.9735],[133.9864,33.9735],[133.9859,33.9735],[133.9851,33.9734],[133.9845,33.9733],[133.9843,33.9731],[133.9841,33.9729],[133.9841,33.9726],[133.9838,33.9722],[133.9836,33.972],[133.9832,33.9719],[133.9829,33.9716],[133.9826,33.9711],[133.9824,33.9709],[133.9822,33.9706],[133.9821,33.9705],[133.982,33.9699],[133.9817,33.9693],[133.9816,33.9689],[133.9815,33.9686],[133.9808,33.9683],[133.9801,33.9679],[133.9796,33.9676],[133.9792,33.9675],[133.979,33.9673],[133.9788,33.9672],[133.9787,33.9669],[133.9786,33.9667],[133.9782,33.9664],[133.9781,33.9662],[133.9778,33.9655],[133.9777,33.9651],[133.9775,33.9647],[133.9773,33.9646],[133.9771,33.9643],[133.9766,33.9637],[133.9762,33.9631],[133.976,33.9627],[133.9747,33.9614],[133.9745,33.9612],[133.9744,33.9608],[133.9743,33.9607],[133.974,33.9606],[133.9729,33.9603],[133.9722,33.9602]]]},"properties":{"N03_001":"徳島県","N03_002":"","N03_003":"美馬郡","N03_004":"つるぎ町","N03_007":"36468"}},
{"type":"Feature","geometry":{"type":"Polygon","coordinates":[[[133.8202,34.074],[133.821,34.0741],[133.8219,34.0742],[133.8226,34.0742],[133.8228,34.0741],[133.8231,34.0739],[133.8231,34.0737],[133.8231,34.0732],[133.8235,34.0727],[133.8237,34.0724],[133.824,34.0722],[133.8244,34.072],[133.8248,34.072],[133.8251,34.0719],[133.8253,34.0718],[133.8258,34.0717],[133.8261,34.0715],[133.8263,34.0712],[133.8265,34.0709],[133.8268,34.0699],[133.827,34.0696],[133.8273,34.0693],[133.8277,34.0692],[133.8283,34.0689],[133.8288,34.0687],[133.8293,34.0684],[133.8294,34.0682],[133.8294,34.0678],[133.8297,34.0673],[133.83,34.0668],[133.8302,34.0664],[133.8303,34.0662],[133.8307,34.0659],[133.8311,34.0653],[133.8319,34.0648],[133.8321,34.0645],[133.8323,34.0642],[133.8325,34.0636],[133.8326,34.0629],[133.8328,34.0614],[133.8329,34.0609],[133.8334,34.0607],[133.8335,34.0606],[133.8335,34.0603],[133.8337,34.0601],[133.834,34.0602],[133.8343,34.0603],[133.8347,34.0603],[133.8352,34.0602],[133.8354,34.0599],[133.8354,34.0596],[133.8357,34.0594],[133.8363,34.0594],[133.8365,34.0593],[133.837,34.0586],[133.8374,34.0584],[133.8381,34.0583],[133.8382,34.0582],[133.8383,34.0579],[133.8383,34.0574],[133.8384,34.0568],[133.8388,34.0563],[133.8389,34.056],[133.8389,34.0555],[133.8386,34.055],[133.839,34.055],[133.8394,34.0553],[133.8396,34.0552],[133.8402,34.0554],[133.8406,34.0556],[133.841,34.0558],[133.8419,34.056],[133.8424,34.056],[133.8434,34.0559],[133.8436,34.0558],[133.8438,34.0552],[133.8438,34.0551],[133.8435,34.0551],[133.843,34.0551],[133.8428,34.055],[133.8428,34.0548],[133.8432,34.0548],[133.8434,34.0546],[133.8438,34.0545],[133.8441,34.0542],[133.8441,34.054],[133.844,34.0537],[133.8439,34.0535],[133.8434,34.0531],[133.8434,34.053],[133.8438,34.0531],[133.8445,34.0533],[133.8451,34.0535],[133.8455,34.0535],[133.8457,34.0533],[133.8457,34.0528],[133.8456,34.0527],[133.8453,34.0523],[133.8451,34.052],[133.845,34.0516],[133.8449,34.0513],[133.8448,34.0512],[133.845,34.051],[133.8452,34.0505],[133.8452,34.0499],[133.8452,34.0497],[133.845,34.0493],[133.8451,34.0492],[133.8464,34.0492],[133.8466,34.049],[133.848,34.049],[133.8484,34.0488],[133.8485,34.0488],[133.8489,34.049],[133.8492,34.0491],[133.85,34.0489],[133.8502,34.0487],[133.8508,34.0485],[133.8509,34.0484],[133.851,34.0481],[133.8508,34.0478],[133.8507,34.0475],[133.8508,34.0473],[133.8508,34.047],[133.851,34.0466],[133.8512,34.0467],[133.8521,34.0465],[133.8527,34.0462],[133.8527,34.0458],[133.8528,34.0456],[133.8537,34.0454],[133.8539,34.0452],[133.8538,34.0446],[133.8537,34.0443],[133.8538,34.0432],[133.8537,34.0426],[133.8536,34.042],[133.8534,34.0416],[133.8531,34.0409],[133.8531,34.0405],[133.8533,34.0397],[133.8536,34.0387],[133.8539,34.0373],[133.8539,34.0369],[133.8533,34.0359],[133.8523,34.035],[133.8522,34.0347],[133.8531,34.035],[133.8538,34.0352],[133.8544,34.0355],[133.855,34.0359],[133.8556,34.0362],[133.856,34.0363],[133.8568,34.0364],[133.8573,34.0363],[133.858,34.0362],[133.8596,34.0358],[133.8604,34.0357],[133.8621,34.0353],[133.8628,34.0351],[133.8639,34.0347],[133.8644,34.0346],[133.8653,34.0344],[133.8664,34.0342],[133.8672,34.0341],[133.869,34.034],[133.8708,34.0341],[133.8712,34.0342],[133.8719,34.0341],[133.8728,34.0342],[133.8738,34.0343],[133.8742,34.0342],[133.8754,34.0341],[133.8769,34.0337],[133.8778,34.0334],[133.878,34.0333],[133.8785,34.0325],[133.8789,34.0321],[133.8792,34.032],[133.8803,34.0316],[133.881,34.0315],[133.8814,34.0315],[133.882,34.0316],[133.8832,34.0318],[133.8841,34.0321],[133.8854,34.0325],[133.8862,34.0328],[133.8867,34.033],[133.8873,34.0333],[133.8885,34.0339],[133.8903,34.0349],[133.8913,34.0353],[133.8918,34.0354],[133.8921,34.0354],[133.8927,34.0353],[133.8939,34.035],[133.8936,34.0343],[133.8934,34.0331],[133.8932,34.0331],[133.8931,34.0328],[133.8936,34.0324],[133.8938,34.0318],[133.894,34.0317],[133.8945,34.0315],[133.8948,34.0313],[133.8951,34.031],[133.8952,34.0307],[133.8951,34.03],[133.8952,34.0295],[133.8952,34.0293],[133.8949,34.0289],[133.8948,34.0284],[133.8943,34.0277],[133.8943,34.0273],[133.8943,34.0267],[133.8945,34.0257],[133.8946,34.0254],[133.8948,34.025],[133.8951,34.0244],[133.8958,34.0234],[133.8963,34.0226],[133.8966,34.0222],[133.8969,34.022],[133.8978,34.0215],[133.898,34.0214],[133.8983,34.0209],[133.8986,34.0204],[133.8988,34.0201],[133.899,34.0199],[133.8994,34.0197],[133.8998,34.0196],[133.9001,34.0195],[133.9004,34.0193],[133.9006,34.0187],[133.9007,34.0184],[133.9012,34.0172],[133.9014,34.0168],[133.9017,34.0161],[133.9018,34.0157],[133.9017,34.0151],[133.9017,34.0146],[133.9019,34.0141],[133.9026,34.014],[133.9034,34.0137],[133.9038,34.0133],[133.9041,34.0129],[133.9043,34.0126],[133.905,34.0121],[133.9051,34.0118],[133.9054,34.0113],[133.9056,34.0108],[133.9061,34.0102],[133.9062,34.0096],[133.9062,34.009],[133.9063,34.0085],[133.9063,34.0077],[133.9062,34.0072],[133.906,34.0066],[133.906,34.0063],[133.9062,34.0058],[133.9061,34.0053],[133.9062,34.0051],[133.9067,34.0051],[133.9069,34.0051],[133.9076,34.005],[133.9079,34.0048],[133.908,34.0044],[133.9081,34.004],[133.9082,34.0038],[133.9088,34.0033],[133.909,34.0029],[133.9091,34.0027],[133.9093,34.0024],[133.9095,34.0023],[133.9109,34.0022],[133.9113,34.0023],[133.9117,34.0025],[133.912,34.0025],[133.9121,34.0023],[133.912,34.002],[133.9122,34.0016],[133.9122,34.0008],[133.9121,34.0003],[133.9124,33.9999],[133.9126,33.9995],[133.9127,33.9993],[133.9132,33.9988],[133.9132,33.9985],[133.9129,33.9979],[133.9135,33.9979],[133.9137,33.9978],[133.9139,33.9976],[133.914,33.9971],[133.9139,33.9967],[133.914,33.9959],[133.9142,33.9954],[133.9143,33.995],[133.9144,33.9949],[133.9162,33.9943],[133.9165,33.9942],[133.9166,33.994],[133.9166,33.9937],[133.9167,33.9935],[133.9174,33.9931],[133.9175,33.9929],[133.9176,33.9923],[133.9175,33.992],[133.9173,33.9915],[133.9174,33.9913],[133.9175,33.9909],[133.9175,33.9902],[133.9173,33.9891],[133.9169,33.9885],[133.9168,33.9883],[133.917,33.988],[133.9175,33.9876],[133.9177,33.9874],[133.9177,33.9871],[133.9177,33.9865],[133.9178,33.9859],[133.9179,33.9856],[133.9181,33.9853],[133.9182,33.9849],[133.9183,33.9845],[133.9184,33.9841],[133.9185,33.9838],[133.9183,33.9831],[133.9184,33.9826],[133.9185,33.9823],[133.9185,33.9816],[133.9184,33.9811],[133.9182,33.9803],[133.918,33.9795],[133.918,33.9788],[133.9181,33.9785],[133.9182,33.9777],[133.9182,33.9773],[133.9181,33.9769],[133.9188,33.9769],[133.9191,33.9767],[133.9196,33.9763],[133.9197,33.976],[133.9204,33.9754],[133.9207,33.9753],[133.9209,33.9751],[133.921,33.9748],[133.9212,33.9746],[133.9214,33.9746],[133.922,33.9748],[133.9223,33.9747],[133.9232,33.9748],[133.9237,33.9748],[133.9241,33.9748],[133.9246,33.9745],[133.9249,33.9745],[133.9252,33.9745],[133.9256,33.9746],[133.9262,33.9744],[133.927,33.9743],[133.9278,33.9744],[133.9282,33.9743],[133.9286,33.974],[133.9289,33.9737],[133.9295,33.974],[133.9301,33.9742],[133.9306,33.9743],[133.931,33.9746],[133.9317,33.9748],[133.932,33.9749],[133.9325,33.9749],[133.9327,33.9749],[133.9331,33.9751],[133.9333,33.9752],[133.9337,33.9752],[133.934,33.9751],[133.9345,33.9749],[133.9348,33.9746],[133.9353,33.9742],[133.9361,33.9739],[133.9365,33.9737],[133.9371,33.9735],[133.9371,33.9738],[133.9375,33.9742],[133.938,33.9746],[133.9382,33.9746],[133.9387,33.9746],[133.9395,33.9747],[133.9403,33.9744],[133.9404,33.9744],[133.9408,33.9747],[133.9412,33.9748],[133.9419,33.9747],[133.9422,33.9747],[133.9427,33.9747],[133.9429,33.9748],[133.9436,33.9752],[133.9444,33.9757],[133.9447,33.9758],[133.9451,33.9757],[133.946,33.9751],[133.9467,33.9748],[133.9472,33.9748],[133.9481,33.9746],[133.9486,33.9746],[133.9495,33.9745],[133.9503,33.9741],[133.9504,33.9739],[133.9503,33.9732],[133.9504,33.9729],[133.9511,33.9725],[133.9514,33.9722],[133.9517,33.9717],[133.9525,33.9714],[133.9528,33.9713],[133.9534,33.9713],[133.9541,33.9711],[133.9545,33.9711],[133.955,33.971],[133.9553,33.9709],[133.9553,33.9707],[133.9551,33.9702],[133.9551,33.9701],[133.9551,33.9693],[133.9551,33.969],[133.955,33.9688],[133.955,33.9685],[133.9548,33.968],[133.9546,33.9676],[133.9546,33.9667],[133.955,33.9663],[133.955,33.9662],[133.9547,33.9656],[133.9545,33.9651],[133.9544,33.9646],[133.9545,33.9639],[133.9555,33.964],[133.9561,33.9639],[133.9569,33.9637],[133.9575,33.9635],[133.9577,33.9633],[133.9578,33.9629],[133.9579,33.9626],[133.9579,33.9622],[133.958,33.9621],[133.9584,33.9619],[133.9589,33.9617],[133.959,33.9615],[133.9591,33.9613],[133.9591,33.961],[133.9594,33.9609],[133.9598,33.9608],[133.9604,33.9609],[133.9611,33.961],[133.9615,33.9612],[133.9618,33.9613],[133.9622,33.9616],[133.9625,33.9617],[133.9629,33.9617],[133.964,33.9615],[133.9645,33.9615],[133.9651,33.9617],[133.9655,33.9618],[133.9659,33.9618],[133.9664,33.9617],[133.9671,33.9613],[133.9679,33.9607],[133.9681,33.9607],[133.9701,33.9605],[133.9705,33.9606],[133.9709,33.9605],[133.9722,33.9602],[133.9729,33.9603],[133.974,33.9606],[133.9743,33.9607],[133.9744,33.9608],[133.9745,33.9612],[133.9747,33.9614],[133.976,33.9627],[133.9762,33.9631],[133.9766,33.9637],[133.9771,33.9643],[133.9773,33.9646],[133.9775,33.9647],[133.9777,33.9651],[133.9778,33.9655],[133.9781,33.9662],[133.9782,33.9664],[133.9786,33.9667],[133.9787,33.9669],[133.9788,33.9672],[133.979,33.9673],[133.9792,33.9675],[133.9796,33.9676],[133.9801,33.9679],[133.9808,33.9683],[133.9815,33.9686],[133.9816,33.9689],[133.9817,33.9693],[133.982,33.9699],[133.9821,33.9705],[133.9822,33.9706],[133.9824,33.9709],[133.9826,33.9711],[133.9829,33.9716],[133.9832,33.9719],[133.9836,33.972],[133.9838,33.9722],[133.9841,33.9726],[133.9841,33.9729],[133.9843,33.9731],[133.9845,33.9733],[133.9851,33.9734],[133.9859,33.9735],[133.9864,33.9735],[133.9872,33.9735],[133.9876,33.9735],[133.988,33.9736],[133.9883,33.9736],[133.9887,33.9736],[133.9891,33.9738],[133.9898,33.9745],[133.99,33.9746],[133.9906,33.9749],[133.9911,33.9752],[133.9915,33.9755],[133.992,33.9758],[133.9924,33.976],[133.9929,33.9765],[133.9933,33.9766],[133.994,33.9767],[133.9942,33.9767],[133.9947,33.9777],[133.9952,33.9782],[133.9956,33.9786],[133.9956,33.979],[133.9957,33.9792],[133.9957,33.9801],[133.9958,33.981],[133.9959,33.9814],[133.9961,33.9823],[133.9963,33.9825],[133.9976,33.9829],[133.9978,33.9832],[133.9979,33.9835],[133.9979,33.9839],[133.9979,33.9844],[133.9979,33.9851],[133.9979,33.9856],[133.9981,33.9859],[133.9984,33.9865],[133.9986,33.9872],[133.9987,33.9879],[133.9988,33.9881],[133.9996,33.9884],[134.0003,33.9886],[134.0008,33.9888],[134.0009,33.989],[134.0009,33.9895],[134.0007,33.9898],[134.0004,33.9902],[134.0004,33.9904],[134.0006,33.9906],[134.0017,33.9905],[134.0018,33.9908],[134.002,33.9911],[134.0018,33.9918],[134.0017,33.9921],[134.0017,33.9924],[134.0018,33.9932],[134.0018,33.9938],[134.0016,33.9943],[134.0016,33.9946],[134.0017,33.9956],[134.0017,33.9962],[134.0017,33.9965],[134.0014,33.9968],[134.0011,33.9972],[134.001,33.9974],[134.0011,33.9978],[134.0012,33.998],[134.0015,33.9981],[134.0018,33.9984],[134.0015,33.9988],[134.0015,33.9989],[134.0016,33.9994],[134.0017,34.0001],[134.002,34.0003],[134.0021,34.0006],[134.0022,34.0009],[134.0021,34.0011],[134.0019,34.0013],[134.0015,34.0016],[134.0004,34.0023],[134,34.0025],[133.999,34.0029],[133.9989,34.0031],[133.9989,34.0035],[133.9986,34.0039],[133.9985,34.004],[133.9982,34.0044],[133.9981,34.0046],[133.998,34.0054],[133.998,34.0059],[133.9981,34.0063],[133.9985,34.0065],[133.9988,34.0069],[133.9989,34.0071],[133.9989,34.0076],[133.9989,34.009],[133.9989,34.0096],[133.9987,34.0105],[133.9989,34.0108],[133.9992,34.011],[134,34.011],[134.0005,34.0112],[134.0007,34.0114],[134.0008,34.0117],[134.001,34.0128],[134.0012,34.0135],[134.001,34.0138],[134.0007,34.0141],[134.0006,34.0144],[134.0008,34.0153],[134.0008,34.0157],[134.0007,34.0159],[134.0007,34.0164],[134.0008,34.0166],[134.0011,34.0168],[134.0011,34.0169],[134.0016,34.0175],[134.002,34.0182],[134.0022,34.0187],[134.0023,34.0191],[134.0023,34.0196],[134.0024,34.02],[134.0025,34.0204],[134.0026,34.0211],[134.0025,34.0214],[134.0023,34.0221],[134.0024,34.0225],[134.0025,34.0228],[134.0026,34.024],[134.0028,34.0243],[134.0032,34.0247],[134.0033,34.0255],[134.0039,34.0261],[134.0039,34.0269],[134.0039,34.0273],[134.0035,34.0276],[134.003,34.0282],[134.003,34.0287],[134.003,34.0298],[134.0029,34.03],[134.0028,34.0305],[134.0026,34.0308],[134.0025,34.0309],[134.0018,34.0312],[134.0017,34.0313],[134.0014,34.0324],[134.0013,34.0329],[134.0006,34.0334],[134.0001,34.0339],[133.9998,34.0342],[133.9995,34.0345],[133.9992,34.0348],[133.999,34.0352],[133.999,34.036],[133.9993,34.0361],[133.9998,34.0363],[134.0005,34.0364],[134.0003,34.0368],[134.0001,34.0369],[133.9994,34.0372],[133.9988,34.037],[133.9973,34.0365],[133.996,34.0364],[133.9957,34.0365],[133.9948,34.0366],[133.994,34.037],[133.9931,34.0374],[133.992,34.038],[133.9907,34.0388],[133.9901,34.0391],[133.9887,34.0397],[133.988,34.04],[133.987,34.0403],[133.9858,34.0406],[133.9842,34.041],[133.9828,34.0412],[133.9823,34.0413],[133.9815,34.0413],[133.9806,34.0413],[133.98,34.0413],[133.9794,34.0412],[133.9784,34.0408],[133.9774,34.0405],[133.9763,34.0401],[133.975,34.0395],[133.9732,34.0387],[133.9721,34.0383],[133.9711,34.0379],[133.9705,34.0376],[133.9698,34.0374],[133.9693,34.0373],[133.9691,34.0374],[133.9683,34.0375],[133.9671,34.038],[133.9632,34.0393],[133.9627,34.0395],[133.9623,34.0397],[133.9611,34.0404],[133.9604,34.0408],[133.9595,34.0411],[133.9584,34.0413],[133.957,34.0415],[133.9557,34.0416],[133.9542,34.0419],[133.9524,34.0422],[133.9517,34.0424],[133.9507,34.0425],[133.9498,34.0427],[133.9485,34.0431],[133.9477,34.0434],[133.946,34.0441],[133.9429,34.0456],[133.9409,34.0465],[133.9382,34.0476],[133.9369,34.0481],[133.9361,34.0484],[133.9355,34.0486],[133.9351,34.0487],[133.9345,34.0489],[133.9338,34.049],[133.9326,34.0493],[133.9314,34.0496],[133.9296,34.0499],[133.929,34.05],[133.9272,34.05],[133.9265,34.05],[133.9252,34.05],[133.9236,34.05],[133.9235,34.0511],[133.9236,34.0515],[133.9239,34.0517],[133.9246,34.0523],[133.9246,34.0526],[133.925,34.0531],[133.925,34.0534],[133.9241,34.055],[133.924,34.0554],[133.924,34.0556],[133.9238,34.0567],[133.9237,34.0573],[133.9236,34.0582],[133.9235,34.0591],[133.9235,34.0594],[133.9237,34.0601],[133.9237,34.0603],[133.9237,34.0615],[133.9238,34.0619],[133.9239,34.0624],[133.924,34.0629],[133.9237,34.0639],[133.9234,34.0646],[133.923,34.0651],[133.922,34.0661],[133.9219,34.0663],[133.9219,34.067],[133.9218,34.0675],[133.9213,34.0683],[133.9208,34.0688],[133.9204,34.0691],[133.9197,34.0699],[133.9193,34.0704],[133.919,34.071],[133.9187,34.0713],[133.9181,34.0719],[133.9175,34.0725],[133.9173,34.0728],[133.9172,34.0732],[133.9169,34.0735],[133.9166,34.0737],[133.9148,34.0745],[133.9146,34.0746],[133.914,34.0752],[133.9135,34.0755],[133.9133,34.0756],[133.913,34.0762],[133.9127,34.0767],[133.9125,34.0778],[133.9124,34.0782],[133.9124,34.0784],[133.9125,34.0791],[133.9122,34.0795],[133.9116,34.08],[133.9109,34.0805],[133.9104,34.0807],[133.9102,34.081],[133.9098,34.0813],[133.9093,34.0814],[133.9089,34.0816],[133.9086,34.0818],[133.9083,34.0822],[133.9078,34.0826],[133.9078,34.0827],[133.9079,34.083],[133.9078,34.0835],[133.9073,34.084],[133.9063,34.0846],[133.9061,34.0849],[133.9048,34.0853],[133.9044,34.0855],[133.9039,34.086],[133.9034,34.0866],[133.9032,34.0871],[133.9033,34.0873],[133.9036,34.0877],[133.9035,34.0881],[133.9033,34.0883],[133.9031,34.0885],[133.9023,34.0891],[133.9018,34.0895],[133.9015,34.09],[133.9014,34.0909],[133.9014,34.091],[133.9011,34.0912],[133.9009,34.0914],[133.9005,34.0921],[133.9003,34.0928],[133.9003,34.0935],[133.9001,34.0941],[133.8998,34.0948],[133.8994,34.0954],[133.8993,34.0956],[133.8992,34.0962],[133.8989,34.0967],[133.8989,34.0969],[133.8992,34.0974],[133.8997,34.0979],[133.9002,34.0982],[133.9014,34.0993],[133.9016,34.0994],[133.9021,34.0996],[133.9026,34.0997],[133.9031,34.1001],[133.9028,34.1002],[133.9024,34.1002],[133.902,34.1002],[133.9013,34.1001],[133.901,34.1005],[133.9002,34.1011],[133.9,34.1014],[133.8999,34.1018],[133.8995,34.1022],[133.899,34.1026],[133.898,34.1033],[133.897,34.104],[133.8963,34.1049],[133.8959,34.1055],[133.8954,34.1059],[133.8948,34.1067],[133.8944,34.1073],[133.8943,34.1075],[133.8934,34.1079],[133.8931,34.1081],[133.8929,34.1082],[133.8926,34.108],[133.8924,34.1077],[133.8922,34.1074],[133.8919,34.1072],[133.8914,34.1071],[133.8909,34.1069],[133.8903,34.1069],[133.8899,34.1071],[133.8896,34.107],[133.8889,34.1068],[133.8888,34.1066],[133.8884,34.106],[133.8882,34.1058],[133.8879,34.1057],[133.8874,34.1057],[133.8867,34.1057],[133.886,34.1056],[133.8858,34.1055],[133.8855,34.1051],[133.8853,34.1049],[133.8849,34.1046],[133.8841,34.1044],[133.8836,34.1044],[133.8831,34.1045],[133.8828,34.1045],[133.8821,34.1042],[133.8816,34.1041],[133.8806,34.1041],[133.8801,34.1041],[133.8793,34.1039],[133.8781,34.1035],[133.877,34.1029],[133.8768,34.1027],[133.8767,34.1023],[133.8766,34.1021],[133.8764,34.102],[133.8758,34.1019],[133.8751,34.1018],[133.8747,34.1016],[133.8742,34.1014],[133.8739,34.1011],[133.8733,34.101],[133.8724,34.1011],[133.8716,34.1014],[133.8712,34.1014],[133.8706,34.1014],[133.8698,34.1012],[133.8686,34.1006],[133.8678,34.1003],[133.8671,34.1002],[133.8668,34.1002],[133.8666,34.1005],[133.8663,34.101],[133.8662,34.1013],[133.8656,34.1019],[133.8654,34.1024],[133.8653,34.1028],[133.8654,34.1032],[133.8654,34.1036],[133.8652,34.1039],[133.8648,34.1041],[133.8643,34.1046],[133.8636,34.1049],[133.863,34.1053],[133.8627,34.1054],[133.8623,34.1053],[133.8616,34.1052],[133.8609,34.1049],[133.8605,34.1046],[133.8602,34.1046],[133.8597,34.1047],[133.8591,34.105],[133.8587,34.1053],[133.8585,34.1053],[133.8582,34.1052],[133.8576,34.1048],[133.8571,34.1046],[133.8552,34.1043],[133.8548,34.1042],[133.8544,34.1039],[133.854,34.1035],[133.8534,34.1029],[133.853,34.1025],[133.8522,34.102],[133.8516,34.1015],[133.8511,34.101],[133.8506,34.1002],[133.8503,34.0993],[133.8502,34.0992],[133.8495,34.0992],[133.8488,34.0988],[133.8477,34.0981],[133.847,34.0978],[133.8464,34.0975],[133.8461,34.0973],[133.8453,34.0964],[133.8449,34.0962],[133.8441,34.0961],[133.8436,34.096],[133.8431,34.0957],[133.8424,34.0951],[133.8422,34.095],[133.8417,34.0949],[133.8412,34.0949],[133.8404,34.0951],[133.8399,34.0953],[133.8394,34.0953],[133.8388,34.0952],[133.8383,34.0952],[133.838,34.0954],[133.8376,34.0957],[133.8371,34.0962],[133.8367,34.0968],[133.8361,34.0968],[133.8358,34.0969],[133.8349,34.0975],[133.8345,34.0977],[133.8341,34.0977],[133.8337,34.0977],[133.8332,34.0974],[133.8324,34.0968],[133.8315,34.096],[133.831,34.0957],[133.8306,34.0956],[133.8294,34.0953],[133.8285,34.0951],[133.8278,34.0946],[133.8275,34.0945],[133.8264,34.0945],[133.826,34.0944],[133.8249,34.0939],[133.8243,34.0936],[133.8232,34.0932],[133.8229,34.093],[133.8228,34.0928],[133.8225,34.0923],[133.822,34.092],[133.8218,34.0917],[133.8218,34.0908],[133.822,34.0903],[133.8222,34.0897],[133.8227,34.0892],[133.8229,34.0889],[133.8229,34.0886],[133.8227,34.0881],[133.8227,34.0877],[133.8228,34.0872],[133.8232,34.0866],[133.8236,34.0862],[133.8236,34.0861],[133.8232,34.0856],[133.8232,34.0852],[133.823,34.0848],[133.8227,34.0845],[133.8222,34.0842],[133.822,34.084],[133.8218,34.0837],[133.8217,34.0834],[133.8215,34.0832],[133.8207,34.0828],[133.8201,34.0822],[133.82,34.082],[133.82,34.0818],[133.8202,34.0812],[133.8202,34.0809],[133.8201,34.0807],[133.8198,34.0804],[133.8194,34.0801],[133.8185,34.0797],[133.8185,34.0795],[133.8185,34.0793],[133.8187,34.0789],[133.8188,34.0783],[133.819,34.0779],[133.8191,34.0775],[133.8191,34.0765],[133.8193,34.0758],[133.8192,34.0756],[133.8191,34.0752],[133.8191,34.075],[133.8192,34.0748],[133.8196,34.0743],[133.8202,34.074]]]},"properties":{"N03_001":"徳島県","N03_002":"","N03_003":"三好郡","N03_004":"東みよし町","N03_007":"36489"}}
]}