{"type":"FeatureCollection", "features": [
{"type":"Feature","geometry":{"type":"Polygon","coordinates":[[[133.944,34.2785],[133.9438,34.2773],[133.9443,34.2763],[133.9443,34.2748],[133.9441,34.2735],[133.9439,34.2729],[133.9439,34.272],[133.9447,34.2712],[133.9452,34.2703],[133.9464,34.2706],[133.9482,34.2708],[133.9489,34.27],[133.9493,34.2703],[133.9493,34.271],[133.9501,34.2712],[133.9509,34.2706],[133.9515,34.2698],[133.9526,34.2692],[133.9534,34.269],[133.9554,34.269],[133.9563,34.2693],[133.9567,34.269],[133.957,34.2681],[133.9608,34.2669],[133.9623,34.2662],[133.9635,34.2661],[133.9647,34.2656],[133.9658,34.2657],[133.9663,34.2652],[133.9666,34.2646],[133.9671,34.2644],[133.9679,34.2646],[133.9702,34.2636],[133.9705,34.2632],[133.9701,34.2624],[133.9696,34.262],[133.9697,34.261],[133.9691,34.2602],[133.9708,34.2602],[133.9708,34.2611],[133.9723,34.2606],[133.9725,34.2611],[133.9712,34.2615],[133.9709,34.2622],[133.9714,34.2623],[133.9711,34.264],[133.9719,34.2652],[133.9729,34.2643],[133.9738,34.264],[133.9764,34.2636],[133.9773,34.2641],[133.9789,34.264],[133.98,34.2647],[133.9803,34.2648],[133.9819,34.2655],[133.9822,34.2659],[133.9839,34.2661],[133.9849,34.2656],[133.9851,34.2646],[133.9861,34.2639],[133.986,34.2625],[133.9864,34.2621],[133.9877,34.262],[133.9883,34.2624],[133.9879,34.2627],[133.988,34.2638],[133.9876,34.2642],[133.9876,34.2649],[133.9882,34.2648],[133.9886,34.2653],[133.9882,34.2658],[133.9886,34.2661],[133.9887,34.2668],[133.9892,34.2668],[133.9901,34.2663],[133.9914,34.2648],[133.9927,34.2645],[133.9923,34.2633],[133.9931,34.2631],[133.9937,34.2628],[133.9953,34.263],[133.9951,34.2618],[133.9944,34.2614],[133.9934,34.2602],[133.9935,34.2596],[133.993,34.2593],[133.9935,34.2588],[133.9931,34.2582],[133.992,34.2584],[133.9921,34.2578],[133.9919,34.2565],[133.9916,34.2561],[133.9904,34.2555],[133.9901,34.254],[133.9884,34.253],[133.9882,34.2517],[133.9879,34.2509],[133.9869,34.2496],[133.987,34.2478],[133.9863,34.2477],[133.9863,34.2455],[133.9859,34.2443],[133.9854,34.2431],[133.9845,34.2422],[133.9852,34.242],[133.987,34.2407],[133.9873,34.24],[133.9877,34.2384],[133.9885,34.2384],[133.9888,34.2371],[133.9893,34.2368],[133.9891,34.2358],[133.9898,34.2353],[133.9909,34.2351],[133.9917,34.2358],[133.993,34.2355],[133.9931,34.235],[133.993,34.2334],[133.9932,34.2326],[133.9942,34.2317],[133.9944,34.2309],[133.994,34.2302],[133.995,34.2297],[133.9951,34.2286],[133.9962,34.2281],[133.9969,34.2274],[133.9971,34.2266],[133.9983,34.2261],[133.9984,34.2255],[133.9994,34.2244],[134.0002,34.2243],[134.0002,34.2237],[134.0015,34.221],[134.0029,34.22],[134.0036,34.2191],[134.0044,34.2186],[134.0059,34.2181],[134.0065,34.2175],[134.0073,34.2175],[134.0086,34.2172],[134.0089,34.2169],[134.0091,34.2155],[134.01,34.2147],[134.0101,34.2138],[134.0102,34.2128],[134.0109,34.2122],[134.0126,34.2118],[134.0129,34.2116],[134.0127,34.2107],[134.0127,34.2099],[134.0131,34.2082],[134.0134,34.2077],[134.0134,34.2066],[134.0143,34.2058],[134.0154,34.2047],[134.0158,34.203],[134.0152,34.2015],[134.0156,34.2002],[134.0156,34.1991],[134.0159,34.1985],[134.0159,34.1974],[134.0164,34.1966],[134.0159,34.1953],[134.0163,34.1947],[134.0163,34.1936],[134.0171,34.1899],[134.0174,34.1896],[134.0191,34.1892],[134.0203,34.1897],[134.0222,34.1897],[134.0234,34.1899],[134.0242,34.1887],[134.0254,34.1878],[134.0256,34.1873],[134.0256,34.1862],[134.0247,34.1853],[134.0244,34.1844],[134.0248,34.184],[134.025,34.183],[134.0246,34.1822],[134.0238,34.1814],[134.0238,34.1809],[134.0233,34.1803],[134.0235,34.1792],[134.0227,34.1785],[134.0236,34.1777],[134.0245,34.1756],[134.0242,34.1744],[134.0262,34.1731],[134.027,34.1722],[134.0277,34.1719],[134.0285,34.1707],[134.0288,34.1696],[134.0282,34.1679],[134.027,34.1669],[134.0267,34.1665],[134.0256,34.1657],[134.0254,34.165],[134.0257,34.164],[134.0258,34.1622],[134.0256,34.1611],[134.0244,34.1605],[134.0219,34.16],[134.0204,34.1602],[134.0186,34.16],[134.0182,34.1591],[134.0185,34.1587],[134.0209,34.1581],[134.0214,34.1576],[134.022,34.1565],[134.023,34.1557],[134.0233,34.1552],[134.0227,34.1535],[134.0224,34.1522],[134.0226,34.1513],[134.0233,34.15],[134.0232,34.1482],[134.0237,34.1469],[134.0239,34.1447],[134.0243,34.1435],[134.0242,34.142],[134.0245,34.1408],[134.0246,34.1397],[134.0266,34.1395],[134.0288,34.1399],[134.0296,34.1398],[134.0309,34.1383],[134.0325,34.1375],[134.0327,34.1369],[134.033,34.1355],[134.0343,34.1347],[134.0346,34.1336],[134.0344,34.1327],[134.035,34.1308],[134.0358,34.1298],[134.0361,34.1289],[134.0359,34.1273],[134.0364,34.1269],[134.0376,34.1268],[134.0383,34.127],[134.039,34.1266],[134.0397,34.1258],[134.0406,34.1253],[134.0415,34.1245],[134.0419,34.1238],[134.0429,34.1233],[134.0444,34.1218],[134.0452,34.1218],[134.0466,34.1204],[134.0469,34.1197],[134.0481,34.119],[134.0499,34.1174],[134.0515,34.118],[134.0527,34.1181],[134.0534,34.118],[134.0539,34.117],[134.0557,34.1167],[134.0574,34.116],[134.0583,34.1152],[134.059,34.1137],[134.0598,34.1125],[134.06,34.112],[134.0614,34.111],[134.062,34.1112],[134.0633,34.1118],[134.0658,34.1124],[134.0669,34.1128],[134.0677,34.1128],[134.0694,34.1121],[134.0709,34.1127],[134.0719,34.1155],[134.0726,34.1163],[134.0739,34.1165],[134.0754,34.1175],[134.0769,34.1192],[134.078,34.1197],[134.0791,34.1209],[134.0796,34.1211],[134.0816,34.1213],[134.0825,34.1203],[134.0835,34.1201],[134.0845,34.1192],[134.0859,34.1192],[134.0865,34.119],[134.0879,34.1179],[134.0886,34.1172],[134.0905,34.1166],[134.0913,34.116],[134.092,34.1149],[134.0923,34.1148],[134.0945,34.1146],[134.0964,34.1146],[134.097,34.1149],[134.0978,34.1147],[134.1007,34.1148],[134.1014,34.1152],[134.1023,34.115],[134.103,34.115],[134.106,34.1171],[134.1083,34.1174],[134.1093,34.1173],[134.1105,34.1178],[134.1125,34.118],[134.1137,34.1179],[134.1151,34.1183],[134.1161,34.1181],[134.1175,34.1192],[134.1193,34.1203],[134.1206,34.1201],[134.1223,34.1188],[134.123,34.1193],[134.1243,34.1205],[134.1253,34.1217],[134.1271,34.1232],[134.1287,34.1234],[134.1297,34.1237],[134.13,34.124],[134.1304,34.125],[134.1312,34.1254],[134.1316,34.1265],[134.132,34.1269],[134.1324,34.1278],[134.1327,34.1296],[134.1337,34.1305],[134.1345,34.1306],[134.136,34.1312],[134.1364,34.1317],[134.138,34.1324],[134.1384,34.1328],[134.1386,34.1334],[134.1393,34.1341],[134.1389,34.1352],[134.1381,34.1365],[134.1377,34.138],[134.138,34.14],[134.1385,34.1415],[134.1381,34.1418],[134.1378,34.1426],[134.1376,34.1442],[134.1375,34.1473],[134.1373,34.1483],[134.1368,34.1494],[134.136,34.1508],[134.1353,34.1515],[134.1339,34.1515],[134.1321,34.1512],[134.131,34.1509],[134.1302,34.1518],[134.1294,34.1523],[134.1282,34.1527],[134.1283,34.1542],[134.1278,34.1551],[134.1268,34.156],[134.1266,34.1565],[134.1263,34.1583],[134.1258,34.159],[134.1254,34.1603],[134.1249,34.1606],[134.1243,34.1617],[134.1237,34.1619],[134.1235,34.1638],[134.1233,34.1643],[134.1225,34.1656],[134.1223,34.1675],[134.1214,34.1686],[134.1206,34.1701],[134.1198,34.1705],[134.1187,34.1718],[134.1181,34.1732],[134.117,34.1742],[134.1162,34.1747],[134.1154,34.1762],[134.1146,34.1764],[134.1145,34.1768],[134.1128,34.1771],[134.1123,34.1781],[134.113,34.1792],[134.1136,34.1795],[134.1143,34.1802],[134.1143,34.1808],[134.1133,34.1814],[134.111,34.1832],[134.1097,34.1834],[134.1099,34.1846],[134.1094,34.1856],[134.1094,34.1861],[134.1083,34.1867],[134.1079,34.1873],[134.1097,34.189],[134.11,34.1895],[134.1098,34.1903],[134.1103,34.1911],[134.1098,34.1921],[134.1104,34.193],[134.1101,34.1938],[134.1097,34.1942],[134.11,34.1952],[134.1098,34.196],[134.1091,34.1968],[134.1094,34.1974],[134.1093,34.1983],[134.1089,34.1989],[134.1079,34.1991],[134.107,34.1996],[134.1067,34.2004],[134.1062,34.2006],[134.1052,34.2016],[134.1053,34.2025],[134.1051,34.2034],[134.1053,34.2037],[134.1058,34.2047],[134.1053,34.2054],[134.1051,34.2066],[134.1054,34.2087],[134.1054,34.2095],[134.106,34.2104],[134.1069,34.2105],[134.1066,34.2114],[134.1067,34.2125],[134.1058,34.2133],[134.1056,34.214],[134.1056,34.2146],[134.106,34.215],[134.106,34.2157],[134.1065,34.2166],[134.1072,34.217],[134.1082,34.2179],[134.1087,34.2197],[134.1097,34.2199],[134.11,34.2206],[134.1112,34.2215],[134.1121,34.2218],[134.1127,34.223],[134.1127,34.2236],[134.1124,34.2241],[134.1121,34.2251],[134.114,34.226],[134.1144,34.2265],[134.1141,34.2274],[134.1136,34.2285],[134.1131,34.2301],[134.1111,34.2318],[134.1114,34.2325],[134.1114,34.234],[134.1108,34.2342],[134.1112,34.2348],[134.1122,34.2348],[134.1124,34.2353],[134.1134,34.2354],[134.1137,34.2363],[134.1144,34.2368],[134.1146,34.2383],[134.1131,34.2392],[134.1122,34.24],[134.1127,34.2411],[134.1126,34.2414],[134.1118,34.2415],[134.1109,34.2424],[134.1107,34.2438],[134.1103,34.2441],[134.1104,34.2447],[134.1117,34.2458],[134.1112,34.2474],[134.1115,34.249],[134.1107,34.2502],[134.1099,34.2505],[134.1094,34.2514],[134.1095,34.2522],[134.1104,34.2528],[134.1108,34.2535],[134.1114,34.2539],[134.1116,34.2544],[134.1114,34.256],[134.1118,34.2586],[134.1122,34.2597],[134.1125,34.2623],[134.1129,34.2637],[134.1135,34.2652],[134.1138,34.2665],[134.1145,34.2685],[134.1162,34.2756],[134.117,34.2785],[134.1175,34.2815],[134.1176,34.2817],[134.1184,34.2853],[134.1187,34.2867],[134.1192,34.2876],[134.1191,34.2887],[134.1191,34.2903],[134.1193,34.2906],[134.1205,34.2912],[134.1214,34.2913],[134.1222,34.2918],[134.1216,34.2923],[134.1211,34.2941],[134.121,34.2951],[134.1213,34.2961],[134.122,34.2974],[134.1226,34.2977],[134.123,34.2974],[134.1237,34.2976],[134.1255,34.2986],[134.1243,34.299],[134.1243,34.2994],[134.1255,34.3001],[134.1264,34.3013],[134.1265,34.304],[134.1263,34.3048],[134.1257,34.3058],[134.1255,34.3069],[134.1254,34.3079],[134.1249,34.3092],[134.125,34.31],[134.1243,34.311],[134.1247,34.3114],[134.1261,34.3118],[134.1266,34.3122],[134.1269,34.3129],[134.1268,34.3134],[134.1274,34.3138],[134.128,34.3144],[134.1289,34.3146],[134.1292,34.3162],[134.1296,34.3171],[134.1302,34.3173],[134.1309,34.3168],[134.1316,34.3159],[134.1325,34.3155],[134.1332,34.315],[134.1335,34.3143],[134.1346,34.3143],[134.1353,34.3141],[134.1359,34.3141],[134.1371,34.3131],[134.1382,34.3132],[134.1389,34.3134],[134.1398,34.3142],[134.1418,34.3147],[134.1422,34.3143],[134.1431,34.3144],[134.1437,34.3141],[134.1463,34.314],[134.1467,34.3136],[134.1477,34.3137],[134.1493,34.3135],[134.1505,34.3124],[134.1533,34.3114],[134.1536,34.3107],[134.1554,34.3106],[134.1563,34.3111],[134.1568,34.3121],[134.1588,34.3138],[134.1591,34.3141],[134.1592,34.3149],[134.1598,34.3154],[134.1598,34.3159],[134.1606,34.3175],[134.1613,34.3181],[134.1618,34.3189],[134.1628,34.3197],[134.1629,34.3205],[134.1642,34.3213],[134.1648,34.3223],[134.1646,34.3226],[134.1649,34.3232],[134.1648,34.3249],[134.1657,34.3261],[134.1643,34.3268],[134.1648,34.3275],[134.1636,34.3283],[134.1631,34.3281],[134.1619,34.3288],[134.1601,34.3307],[134.1596,34.3319],[134.1596,34.3326],[134.1591,34.3334],[134.1594,34.3341],[134.1589,34.3348],[134.1576,34.336],[134.1562,34.3371],[134.1549,34.3384],[134.1547,34.3389],[134.1559,34.3395],[134.1552,34.3407],[134.156,34.341],[134.1555,34.3417],[134.1558,34.3419],[134.1557,34.3427],[134.1539,34.3426],[134.1538,34.3434],[134.1533,34.3435],[134.1536,34.3444],[134.1548,34.3452],[134.156,34.3455],[134.1564,34.3443],[134.1571,34.3444],[134.1566,34.3456],[134.1574,34.3467],[134.1578,34.3476],[134.1572,34.3488],[134.1579,34.3493],[134.1576,34.3502],[134.1578,34.3507],[134.1592,34.3512],[134.1593,34.3516],[134.1587,34.3529],[134.1589,34.3538],[134.1596,34.3539],[134.1599,34.3544],[134.1597,34.3549],[134.1589,34.3559],[134.1581,34.3572],[134.1583,34.358],[134.1587,34.3581],[134.1588,34.3593],[134.1584,34.3611],[134.1572,34.3637],[134.1571,34.3643],[134.1572,34.3657],[134.1577,34.366],[134.158,34.3666],[134.1579,34.367],[134.1582,34.3679],[134.1608,34.3694],[134.1605,34.3713],[134.1605,34.3729],[134.1609,34.3738],[134.1615,34.374],[134.1625,34.3753],[134.1641,34.3757],[134.1637,34.3766],[134.1634,34.3778],[134.1636,34.3782],[134.1634,34.3805],[134.1639,34.3818],[134.1637,34.3826],[134.162,34.3848],[134.1608,34.3875],[134.1603,34.3883],[134.1595,34.3891],[134.157,34.3904],[134.156,34.3906],[134.1541,34.3912],[134.1533,34.3918],[134.1523,34.3922],[134.1518,34.3919],[134.1511,34.3925],[134.1493,34.3936],[134.1482,34.3941],[134.1478,34.3945],[134.1472,34.3945],[134.1459,34.3951],[134.1444,34.3961],[134.1429,34.3976],[134.1418,34.3979],[134.1405,34.3988],[134.14,34.3989],[134.1388,34.3986],[134.138,34.3989],[134.1363,34.4003],[134.1352,34.4],[134.1353,34.3996],[134.1345,34.3993],[134.1338,34.3997],[134.1327,34.3999],[134.132,34.3995],[134.1321,34.3986],[134.1313,34.3979],[134.1292,34.3967],[134.1279,34.3962],[134.1266,34.396],[134.1245,34.3963],[134.1239,34.3969],[134.1242,34.3977],[134.1229,34.3977],[134.1211,34.3984],[134.1203,34.3973],[134.1196,34.3972],[134.1199,34.3963],[134.1197,34.3948],[134.1199,34.3941],[134.1206,34.3931],[134.1218,34.3927],[134.1221,34.3914],[134.1221,34.3908],[134.1224,34.3895],[134.1242,34.3896],[134.1246,34.3908],[134.1255,34.3904],[134.1254,34.3912],[134.1261,34.3918],[134.1264,34.3914],[134.1272,34.3915],[134.1271,34.3909],[134.1278,34.3892],[134.1283,34.3891],[134.1287,34.3871],[134.129,34.3871],[134.1288,34.3861],[134.128,34.3861],[134.1281,34.387],[134.1277,34.3871],[134.1274,34.3858],[134.1262,34.386],[134.1263,34.3874],[134.125,34.3874],[134.1249,34.385],[134.1229,34.3791],[134.1215,34.3774],[134.1206,34.3768],[134.1196,34.3766],[134.1195,34.3769],[134.1185,34.3772],[134.1178,34.3772],[134.1172,34.3776],[134.1168,34.3772],[134.1169,34.3767],[134.1164,34.3763],[134.1167,34.3753],[134.1162,34.3737],[134.1162,34.3728],[134.1164,34.3723],[134.1173,34.3717],[134.1168,34.3712],[134.1192,34.3629],[134.1198,34.3618],[134.1216,34.3618],[134.1223,34.3607],[134.1208,34.3607],[134.1206,34.3595],[134.1192,34.3595],[134.1153,34.3589],[134.1154,34.36],[134.1161,34.3603],[134.118,34.3605],[134.1178,34.3616],[134.1168,34.3617],[134.1153,34.3616],[134.1148,34.3611],[134.1141,34.361],[134.1135,34.362],[134.1128,34.3628],[134.1125,34.364],[134.113,34.3643],[134.1122,34.3655],[134.1118,34.3653],[134.1113,34.3657],[134.1118,34.3661],[134.1112,34.3666],[134.1108,34.3675],[134.1099,34.3688],[134.1095,34.3689],[134.1088,34.3707],[134.1081,34.3711],[134.1078,34.372],[134.1069,34.3726],[134.1063,34.3735],[134.1055,34.3739],[134.105,34.3749],[134.1032,34.3768],[134.1025,34.3772],[134.1007,34.379],[134.0999,34.3795],[134.0992,34.3801],[134.0979,34.3807],[134.0965,34.3815],[134.0956,34.3817],[134.0952,34.3823],[134.095,34.3834],[134.0945,34.3839],[134.0942,34.3847],[134.0935,34.3849],[134.0923,34.3846],[134.0923,34.3825],[134.092,34.3793],[134.0919,34.3782],[134.0912,34.3766],[134.0914,34.3755],[134.0912,34.3741],[134.0911,34.3722],[134.0914,34.372],[134.0915,34.3705],[134.092,34.3699],[134.0921,34.369],[134.0919,34.3679],[134.092,34.3675],[134.0916,34.3656],[134.0907,34.3627],[134.0901,34.3629],[134.0899,34.3619],[134.0903,34.3617],[134.089,34.3596],[134.0897,34.3593],[134.0895,34.3588],[134.0884,34.3589],[134.0858,34.3542],[134.0853,34.3531],[134.0857,34.3517],[134.0834,34.3509],[134.0804,34.3503],[134.0787,34.35],[134.0796,34.3592],[134.0774,34.3594],[134.0776,34.3616],[134.075,34.3618],[134.0744,34.3564],[134.0744,34.3551],[134.0739,34.3551],[134.0741,34.3542],[134.0738,34.3541],[134.0737,34.3533],[134.0749,34.3532],[134.0747,34.3513],[134.0698,34.3516],[134.0695,34.352],[134.0704,34.3607],[134.0707,34.3645],[134.0695,34.3646],[134.0693,34.3622],[134.065,34.3625],[134.0651,34.3635],[134.0644,34.3636],[134.0643,34.3625],[134.0633,34.3626],[134.063,34.3588],[134.0643,34.3587],[134.0642,34.3576],[134.0629,34.3577],[134.0628,34.357],[134.0611,34.3571],[134.0568,34.3565],[134.0552,34.3562],[134.0559,34.3546],[134.0602,34.3541],[134.0607,34.3545],[134.0609,34.3553],[134.0628,34.3551],[134.0625,34.3543],[134.0616,34.3544],[134.0615,34.3537],[134.064,34.3536],[134.0638,34.352],[134.063,34.3521],[134.0628,34.353],[134.0615,34.3531],[134.0611,34.3522],[134.0613,34.3518],[134.0609,34.3485],[134.0608,34.3482],[134.0598,34.3477],[134.0589,34.3478],[134.0603,34.3509],[134.0597,34.3513],[134.0587,34.3515],[134.0576,34.3501],[134.0571,34.348],[134.0562,34.3484],[134.0565,34.3496],[134.0574,34.3513],[134.0549,34.3516],[134.0552,34.352],[134.0545,34.3529],[134.0534,34.353],[134.0537,34.3518],[134.0533,34.3518],[134.0505,34.3522],[134.0498,34.3525],[134.0488,34.3537],[134.0489,34.3541],[134.0498,34.3549],[134.0494,34.3553],[134.0484,34.3543],[134.0473,34.3555],[134.0489,34.357],[134.0481,34.3571],[134.0465,34.3557],[134.0462,34.3553],[134.045,34.3546],[134.0424,34.3538],[134.0429,34.3525],[134.0422,34.3528],[134.0408,34.3522],[134.0401,34.3525],[134.0379,34.3523],[134.0374,34.353],[134.0339,34.3528],[134.0335,34.3512],[134.0341,34.3504],[134.0373,34.3507],[134.0378,34.3494],[134.0341,34.3488],[134.0337,34.3494],[134.0329,34.3487],[134.0309,34.3486],[134.0309,34.3492],[134.0302,34.3492],[134.0302,34.3485],[134.0293,34.3485],[134.0293,34.3499],[134.0313,34.3499],[134.032,34.3494],[134.0326,34.3499],[134.0318,34.3505],[134.0325,34.3531],[134.0282,34.3538],[134.0266,34.3545],[134.025,34.355],[134.0235,34.3551],[134.0234,34.3544],[134.0194,34.3547],[134.0192,34.3529],[134.0152,34.3533],[134.0145,34.3517],[134.0141,34.3518],[134.0151,34.3538],[134.0092,34.3546],[134.0096,34.3561],[134.0144,34.3554],[134.0156,34.3551],[134.0162,34.3563],[134.0095,34.3573],[134.0073,34.3578],[134.0074,34.3586],[134.0055,34.3589],[134.0032,34.3592],[134.0023,34.3552],[134.0012,34.3552],[134.0014,34.3539],[134.0013,34.3533],[134.0023,34.3531],[134.0019,34.3515],[134.0013,34.3512],[134.0004,34.3514],[134.0007,34.353],[133.9991,34.3533],[133.9988,34.3546],[133.9997,34.3549],[133.9994,34.3554],[133.9978,34.3549],[133.9963,34.3549],[133.9928,34.3566],[133.9928,34.357],[133.9917,34.3575],[133.9907,34.3587],[133.9896,34.3596],[133.9909,34.3607],[133.9899,34.3614],[133.9896,34.3608],[133.989,34.3603],[133.9883,34.3608],[133.9888,34.3619],[133.9875,34.3623],[133.985,34.3636],[133.9825,34.3652],[133.9805,34.3669],[133.9805,34.3682],[133.9801,34.3689],[133.9791,34.3699],[133.9781,34.3725],[133.9768,34.373],[133.9757,34.3731],[133.9739,34.372],[133.9734,34.372],[133.9703,34.3694],[133.9714,34.3684],[133.9713,34.3681],[133.9696,34.3667],[133.969,34.3672],[133.9657,34.3653],[133.9657,34.3648],[133.9662,34.3641],[133.9664,34.3633],[133.9655,34.3624],[133.9649,34.3634],[133.9652,34.3636],[133.964,34.3651],[133.9636,34.365],[133.9605,34.3688],[133.9603,34.3691],[133.9616,34.3695],[133.9632,34.3703],[133.9621,34.3713],[133.9615,34.372],[133.9616,34.3727],[133.9612,34.3746],[133.9604,34.3762],[133.9592,34.3776],[133.9571,34.3783],[133.9555,34.3789],[133.9535,34.3794],[133.9523,34.3796],[133.9514,34.3799],[133.9499,34.381],[133.9485,34.3811],[133.9474,34.3809],[133.946,34.3797],[133.9459,34.3793],[133.9452,34.3789],[133.9449,34.3779],[133.9439,34.3779],[133.9449,34.3772],[133.9431,34.3767],[133.9438,34.3755],[133.9432,34.3755],[133.941,34.375],[133.9395,34.3752],[133.9385,34.3757],[133.9376,34.3769],[133.9376,34.3773],[133.9386,34.3786],[133.9388,34.3807],[133.9372,34.3824],[133.9361,34.3828],[133.9351,34.3834],[133.9338,34.3845],[133.9325,34.3874],[133.9318,34.3883],[133.9302,34.3893],[133.9288,34.3897],[133.9276,34.3897],[133.9287,34.3884],[133.9292,34.3874],[133.9297,34.3859],[133.9298,34.3851],[133.9296,34.3835],[133.9297,34.3824],[133.9292,34.3798],[133.9293,34.3789],[133.9288,34.3774],[133.9295,34.3774],[133.9324,34.3767],[133.9329,34.3754],[133.9327,34.3752],[133.9335,34.3742],[133.9334,34.3732],[133.9336,34.3725],[133.9343,34.3717],[133.9355,34.3705],[133.9354,34.368],[133.9361,34.3665],[133.9361,34.3658],[133.9357,34.365],[133.9357,34.3638],[133.9364,34.362],[133.9367,34.3609],[133.9365,34.3604],[133.9359,34.3596],[133.9357,34.359],[133.936,34.3578],[133.9353,34.3567],[133.9349,34.3553],[133.9352,34.3546],[133.9359,34.354],[133.9369,34.3537],[133.9373,34.3539],[133.9378,34.3532],[133.9379,34.3522],[133.9381,34.3512],[133.9378,34.3501],[133.9373,34.3493],[133.9372,34.3485],[133.9375,34.3482],[133.9391,34.3472],[133.9403,34.3473],[133.9418,34.347],[133.9425,34.3466],[133.9434,34.3464],[133.9438,34.3459],[133.9441,34.3451],[133.9449,34.3446],[133.9454,34.3438],[133.946,34.3423],[133.946,34.3403],[133.9465,34.3393],[133.9464,34.3384],[133.9469,34.3371],[133.9475,34.3367],[133.9485,34.3367],[133.9493,34.3371],[133.9498,34.3369],[133.9523,34.3352],[133.9523,34.3349],[133.9531,34.3341],[133.953,34.3335],[133.9536,34.332],[133.9526,34.3304],[133.9523,34.3295],[133.9513,34.3272],[133.9514,34.3265],[133.9532,34.326],[133.9538,34.3253],[133.9539,34.3242],[133.9536,34.3238],[133.9514,34.3233],[133.9506,34.3237],[133.9493,34.3247],[133.9483,34.3234],[133.9474,34.3229],[133.9468,34.3232],[133.9462,34.3239],[133.9457,34.3249],[133.9446,34.3254],[133.9434,34.3255],[133.9426,34.3254],[133.9422,34.3251],[133.9415,34.3222],[133.9407,34.3219],[133.94,34.3222],[133.9392,34.3221],[133.9384,34.3218],[133.9365,34.3216],[133.9334,34.3211],[133.9321,34.321],[133.9305,34.3207],[133.93,34.3196],[133.9299,34.3188],[133.9296,34.3184],[133.9282,34.3181],[133.9273,34.3174],[133.9262,34.3164],[133.9254,34.3158],[133.9253,34.3147],[133.9265,34.3135],[133.9266,34.3122],[133.9278,34.3128],[133.9289,34.3125],[133.9299,34.3111],[133.9297,34.3101],[133.9303,34.3092],[133.9311,34.3087],[133.9318,34.308],[133.9321,34.3072],[133.932,34.3064],[133.9334,34.3057],[133.935,34.3052],[133.9364,34.3036],[133.9373,34.3025],[133.9386,34.3007],[133.9394,34.3004],[133.9395,34.3],[133.9392,34.2991],[133.9395,34.2974],[133.9391,34.2957],[133.9386,34.2947],[133.9389,34.2941],[133.9401,34.2943],[133.9405,34.2939],[133.9394,34.2933],[133.9396,34.2927],[133.9406,34.2926],[133.9418,34.2922],[133.942,34.2917],[133.9428,34.288],[133.942,34.2867],[133.9415,34.2861],[133.9412,34.2854],[133.9409,34.2827],[133.9414,34.2821],[133.9424,34.2817],[133.9436,34.2797],[133.944,34.2785]],[[134,34.3587],[133.9997,34.3574],[133.9982,34.3575],[133.998,34.3561],[133.9961,34.3562],[133.993,34.3581],[133.9927,34.3588],[133.9931,34.3628],[133.9939,34.3634],[133.9945,34.3632],[134,34.36],[134.0002,34.3598],[134,34.3587]]]},"properties":{"N03_001":"香川県","N03_002":"","N03_003":"","N03_004":"高松市","N03_007":"37201"}},
{"type":"Feature","geometry":{"type":"Polygon","coordinates":[[[133.8218,34.2257],[133.8229,34.224],[133.8248,34.2213],[133.8253,34.2206],[133.8257,34.2205],[133.8268,34.2208],[133.8282,34.2215],[133.829,34.2212],[133.8303,34.2191],[133.832,34.2203],[133.8325,34.2205],[133.8353,34.2192],[133.8363,34.2186],[133.8384,34.2184],[133.8394,34.219],[133.8393,34.2171],[133.8406,34.2168],[133.8421,34.2158],[133.844,34.216],[133.8444,34.2162],[133.8458,34.2152],[133.8459,34.215],[133.8455,34.2125],[133.8463,34.2118],[133.8465,34.211],[133.8475,34.2104],[133.8489,34.21],[133.8494,34.2095],[133.8498,34.2085],[133.8509,34.2079],[133.851,34.2072],[133.8503,34.2047],[133.8515,34.2035],[133.8523,34.2028],[133.8525,34.2021],[133.8538,34.2009],[133.8541,34.2016],[133.855,34.2027],[133.8551,34.2044],[133.8559,34.2044],[133.8561,34.2037],[133.8568,34.2039],[133.8577,34.2039],[133.8593,34.2033],[133.8595,34.2037],[133.8601,34.2038],[133.8616,34.2032],[133.8631,34.2031],[133.8645,34.2029],[133.8655,34.2036],[133.8671,34.2038],[133.8676,34.2035],[133.8683,34.2027],[133.8687,34.2026],[133.8699,34.2029],[133.8734,34.2031],[133.8747,34.2034],[133.8767,34.204],[133.8776,34.2037],[133.8783,34.2038],[133.8791,34.2043],[133.8807,34.2045],[133.8814,34.2043],[133.8828,34.2045],[133.884,34.2041],[133.8855,34.2048],[133.8861,34.2053],[133.8871,34.2057],[133.8885,34.2059],[133.8901,34.2063],[133.8923,34.2074],[133.8932,34.2082],[133.8945,34.2079],[133.8958,34.2071],[133.8972,34.2068],[133.8979,34.2065],[133.8991,34.2075],[133.9003,34.2079],[133.9007,34.209],[133.899,34.2093],[133.8983,34.21],[133.8975,34.2112],[133.8975,34.2124],[133.8959,34.213],[133.8955,34.2135],[133.8957,34.2142],[133.8963,34.2147],[133.8965,34.2152],[133.8974,34.2171],[133.8978,34.2182],[133.8981,34.2196],[133.8987,34.2216],[133.8989,34.2237],[133.8989,34.2256],[133.8985,34.2314],[133.8989,34.2338],[133.899,34.2345],[133.8984,34.2356],[133.8975,34.2371],[133.898,34.2379],[133.8989,34.2387],[133.8995,34.2389],[133.9006,34.2405],[133.9005,34.241],[133.8995,34.2419],[133.8983,34.2425],[133.8987,34.2429],[133.8986,34.2436],[133.8974,34.245],[133.897,34.245],[133.8963,34.2443],[133.8951,34.2452],[133.8945,34.245],[133.8937,34.2437],[133.8933,34.2446],[133.8933,34.2457],[133.8937,34.2471],[133.8949,34.248],[133.8944,34.2486],[133.8957,34.249],[133.8969,34.2492],[133.8978,34.2496],[133.8983,34.2508],[133.899,34.2513],[133.8994,34.2523],[133.9,34.2526],[133.9002,34.2536],[133.9007,34.2546],[133.9007,34.256],[133.9015,34.2561],[133.9024,34.2567],[133.9029,34.2573],[133.9028,34.2584],[133.903,34.2594],[133.9022,34.2612],[133.9023,34.2623],[133.9034,34.2631],[133.9037,34.2641],[133.9044,34.2668],[133.9049,34.2675],[133.9051,34.2688],[133.9046,34.2703],[133.9042,34.2712],[133.9038,34.2716],[133.9027,34.2722],[133.9019,34.2723],[133.9,34.2723],[133.8987,34.2731],[133.8973,34.2737],[133.8961,34.2737],[133.8949,34.2739],[133.8945,34.2741],[133.8944,34.2751],[133.895,34.2765],[133.8948,34.278],[133.8932,34.2804],[133.8924,34.2824],[133.8919,34.2842],[133.8916,34.2849],[133.8916,34.2862],[133.8899,34.2898],[133.8887,34.2899],[133.8868,34.2883],[133.8852,34.2883],[133.8829,34.2876],[133.882,34.2876],[133.881,34.2879],[133.8798,34.287],[133.8778,34.2862],[133.8754,34.2849],[133.8742,34.2846],[133.8731,34.284],[133.8724,34.284],[133.8706,34.2828],[133.8697,34.2827],[133.8682,34.2829],[133.8672,34.2831],[133.8659,34.2831],[133.8643,34.2835],[133.8646,34.2829],[133.8615,34.2819],[133.8605,34.2814],[133.8571,34.2802],[133.8545,34.2804],[133.8543,34.2812],[133.8531,34.2812],[133.8529,34.2798],[133.8525,34.2794],[133.8487,34.2769],[133.8479,34.2764],[133.8458,34.2743],[133.8445,34.2749],[133.8442,34.2761],[133.8436,34.2777],[133.8424,34.2806],[133.8416,34.2825],[133.8414,34.2836],[133.8408,34.2843],[133.8396,34.2842],[133.8389,34.2839],[133.8383,34.284],[133.8379,34.2847],[133.8379,34.2854],[133.8393,34.2862],[133.8388,34.2867],[133.8378,34.2869],[133.8372,34.2869],[133.8364,34.2879],[133.836,34.2873],[133.8351,34.2866],[133.8348,34.2874],[133.8361,34.2887],[133.8354,34.2888],[133.8347,34.2876],[133.833,34.2871],[133.8324,34.2883],[133.8318,34.2884],[133.831,34.2893],[133.831,34.2898],[133.8316,34.2907],[133.8309,34.2911],[133.8305,34.2907],[133.8297,34.2908],[133.8301,34.2915],[133.8292,34.2923],[133.8286,34.2923],[133.8286,34.2928],[133.8279,34.2927],[133.8279,34.2919],[133.8271,34.2921],[133.8259,34.292],[133.8256,34.2924],[133.8261,34.2938],[133.8261,34.2943],[133.8265,34.2953],[133.8248,34.296],[133.8235,34.2969],[133.8226,34.2989],[133.8222,34.3009],[133.8197,34.3025],[133.8157,34.3047],[133.8151,34.3041],[133.8129,34.3022],[133.8115,34.3016],[133.8105,34.3009],[133.8074,34.3039],[133.8073,34.3046],[133.8071,34.3089],[133.8063,34.3106],[133.8056,34.3103],[133.7993,34.3072],[133.797,34.306],[133.7925,34.31],[133.7889,34.3081],[133.7899,34.3068],[133.7905,34.3071],[133.7898,34.3079],[133.7913,34.3087],[133.7926,34.3071],[133.791,34.3062],[133.7937,34.3027],[133.7938,34.3028],[133.7913,34.3059],[133.7927,34.3067],[133.7932,34.3064],[133.7938,34.3055],[133.7967,34.3017],[133.792,34.2994],[133.7924,34.2982],[133.7934,34.2964],[133.7927,34.2959],[133.7931,34.2955],[133.7944,34.2963],[133.7948,34.2958],[133.7937,34.295],[133.7936,34.2944],[133.7929,34.294],[133.7926,34.2947],[133.792,34.2956],[133.7907,34.2952],[133.7884,34.2941],[133.7879,34.2946],[133.7888,34.295],[133.7874,34.2972],[133.7897,34.2987],[133.7898,34.299],[133.789,34.3005],[133.7881,34.3011],[133.7876,34.3024],[133.7841,34.3085],[133.7827,34.3107],[133.7721,34.306],[133.7729,34.3048],[133.7764,34.3039],[133.7787,34.3003],[133.7819,34.3017],[133.7833,34.3],[133.7753,34.2965],[133.7753,34.2964],[133.7781,34.2921],[133.7763,34.2913],[133.7762,34.2915],[133.7684,34.3038],[133.7654,34.3025],[133.7659,34.3017],[133.7619,34.2999],[133.7671,34.2921],[133.7709,34.2883],[133.7724,34.2889],[133.7726,34.2884],[133.7714,34.2879],[133.77,34.2871],[133.7689,34.2877],[133.7681,34.2878],[133.7671,34.2866],[133.7665,34.2857],[133.7655,34.2852],[133.7642,34.2844],[133.7652,34.2836],[133.766,34.2825],[133.7665,34.2822],[133.7661,34.2818],[133.7669,34.2791],[133.7677,34.2793],[133.7706,34.2751],[133.7726,34.2722],[133.7713,34.2716],[133.7738,34.2681],[133.7725,34.2674],[133.7717,34.2666],[133.7727,34.2666],[133.7739,34.2658],[133.7747,34.2646],[133.7752,34.2641],[133.7759,34.2631],[133.7759,34.2619],[133.7741,34.2604],[133.7742,34.2595],[133.7752,34.2592],[133.7753,34.2588],[133.7748,34.258],[133.7754,34.2577],[133.7758,34.2567],[133.777,34.257],[133.7787,34.2579],[133.779,34.2583],[133.7797,34.2587],[133.7813,34.2591],[133.7818,34.2577],[133.782,34.2567],[133.7824,34.2559],[133.7826,34.255],[133.785,34.2559],[133.7862,34.2544],[133.7923,34.2574],[133.7955,34.2589],[133.7967,34.2571],[133.7989,34.2535],[133.7995,34.2522],[133.8015,34.2493],[133.8024,34.2494],[133.8027,34.2486],[133.8041,34.2473],[133.8046,34.2464],[133.8041,34.2461],[133.8052,34.2442],[133.8068,34.2419],[133.8082,34.2397],[133.8078,34.239],[133.8084,34.2377],[133.8089,34.2374],[133.8093,34.238],[133.8104,34.2388],[133.8145,34.2406],[133.8166,34.2413],[133.8176,34.2399],[133.8192,34.2372],[133.8186,34.2366],[133.8191,34.2359],[133.8186,34.2355],[133.819,34.2342],[133.8183,34.2337],[133.8181,34.2332],[133.819,34.2316],[133.8228,34.2264],[133.8218,34.2257]],[[133.7652,34.3023],[133.765,34.3017],[133.7642,34.3021],[133.7646,34.3027],[133.7652,34.3023]]]},"properties":{"N03_001":"香川県","N03_002":"","N03_003":"","N03_004":"丸亀市","N03_007":"37202"}},
{"type":"Feature","geometry":{"type":"Polygon","coordinates":[[[133.8293,34.3235],[133.8288,34.3229],[133.83,34.322],[133.8309,34.3212],[133.8314,34.3203],[133.8315,34.3196],[133.8327,34.319],[133.8335,34.3181],[133.8347,34.3172],[133.8363,34.3164],[133.8371,34.3157],[133.8374,34.3144],[133.8385,34.3123],[133.8392,34.3111],[133.8407,34.309],[133.8434,34.3066],[133.8437,34.3064],[133.8434,34.3054],[133.8425,34.3042],[133.8414,34.3032],[133.8401,34.3029],[133.84,34.3021],[133.8394,34.301],[133.8393,34.2998],[133.8405,34.2958],[133.8418,34.2955],[133.8418,34.2946],[133.841,34.2944],[133.8413,34.2934],[133.8396,34.2924],[133.8401,34.2919],[133.8402,34.2914],[133.8387,34.2908],[133.8375,34.2906],[133.8372,34.2904],[133.8376,34.2895],[133.8369,34.2893],[133.837,34.2889],[133.8362,34.2884],[133.8364,34.2879],[133.8372,34.2869],[133.8378,34.2869],[133.8388,34.2867],[133.8393,34.2862],[133.8379,34.2854],[133.8379,34.2847],[133.8383,34.284],[133.8389,34.2839],[133.8396,34.2842],[133.8408,34.2843],[133.8414,34.2836],[133.8416,34.2825],[133.8424,34.2806],[133.8436,34.2777],[133.8442,34.2761],[133.8445,34.2749],[133.8458,34.2743],[133.8479,34.2764],[133.8487,34.2769],[133.8525,34.2794],[133.8529,34.2798],[133.8531,34.2812],[133.8543,34.2812],[133.8545,34.2804],[133.8571,34.2802],[133.8605,34.2814],[133.8615,34.2819],[133.8646,34.2829],[133.8643,34.2835],[133.8659,34.2831],[133.8672,34.2831],[133.8682,34.2829],[133.8697,34.2827],[133.8706,34.2828],[133.8724,34.284],[133.8731,34.284],[133.8742,34.2846],[133.8754,34.2849],[133.8778,34.2862],[133.8798,34.287],[133.881,34.2879],[133.882,34.2876],[133.8829,34.2876],[133.8852,34.2883],[133.8868,34.2883],[133.8887,34.2899],[133.8899,34.2898],[133.8916,34.2862],[133.8916,34.2849],[133.8919,34.2842],[133.8924,34.2824],[133.8932,34.2804],[133.8948,34.278],[133.895,34.2765],[133.8944,34.2751],[133.8945,34.2741],[133.8949,34.2739],[133.8961,34.2737],[133.8973,34.2737],[133.8987,34.2731],[133.9,34.2723],[133.9019,34.2723],[133.9027,34.2722],[133.9038,34.2716],[133.9042,34.2712],[133.9046,34.2703],[133.9051,34.2688],[133.9049,34.2675],[133.9044,34.2668],[133.9037,34.2641],[133.9054,34.2633],[133.9061,34.2634],[133.9069,34.2639],[133.909,34.2644],[133.9099,34.2648],[133.9106,34.2654],[133.9112,34.2657],[133.912,34.2654],[133.9135,34.2656],[133.914,34.265],[133.9149,34.2645],[133.9158,34.2643],[133.9175,34.2646],[133.9186,34.2654],[133.9191,34.2657],[133.9206,34.2654],[133.9219,34.2653],[133.9225,34.2656],[133.9233,34.2655],[133.9234,34.2659],[133.9234,34.2672],[133.9247,34.2673],[133.927,34.267],[133.9273,34.2672],[133.927,34.2679],[133.9277,34.2686],[133.9286,34.2687],[133.93,34.2698],[133.9305,34.2699],[133.931,34.2682],[133.9318,34.2679],[133.9322,34.2671],[133.9328,34.2665],[133.9335,34.2664],[133.9342,34.2667],[133.9344,34.2676],[133.9353,34.268],[133.9368,34.2682],[133.9378,34.2689],[133.9382,34.2699],[133.9382,34.2704],[133.9388,34.2715],[133.9397,34.2722],[133.941,34.2728],[133.9419,34.2743],[133.9421,34.275],[133.9423,34.2769],[133.9422,34.2774],[133.9426,34.2779],[133.944,34.2785],[133.9436,34.2797],[133.9424,34.2817],[133.9414,34.2821],[133.9409,34.2827],[133.9412,34.2854],[133.9415,34.2861],[133.942,34.2867],[133.9428,34.288],[133.942,34.2917],[133.9418,34.2922],[133.9406,34.2926],[133.9396,34.2927],[133.9394,34.2933],[133.9405,34.2939],[133.9401,34.2943],[133.9389,34.2941],[133.9386,34.2947],[133.9391,34.2957],[133.9395,34.2974],[133.9392,34.2991],[133.9395,34.3],[133.9394,34.3004],[133.9386,34.3007],[133.9373,34.3025],[133.9364,34.3036],[133.935,34.3052],[133.9334,34.3057],[133.932,34.3064],[133.9321,34.3072],[133.9318,34.308],[133.9311,34.3087],[133.9303,34.3092],[133.9297,34.3101],[133.9299,34.3111],[133.9289,34.3125],[133.9278,34.3128],[133.9266,34.3122],[133.9265,34.3135],[133.9253,34.3147],[133.9254,34.3158],[133.9262,34.3164],[133.9273,34.3174],[133.9282,34.3181],[133.9296,34.3184],[133.9299,34.3188],[133.93,34.3196],[133.9305,34.3207],[133.9321,34.321],[133.9334,34.3211],[133.9365,34.3216],[133.9384,34.3218],[133.9392,34.3221],[133.94,34.3222],[133.9407,34.3219],[133.9415,34.3222],[133.9422,34.3251],[133.9426,34.3254],[133.9434,34.3255],[133.9446,34.3254],[133.9457,34.3249],[133.9462,34.3239],[133.9468,34.3232],[133.9474,34.3229],[133.9483,34.3234],[133.9493,34.3247],[133.9506,34.3237],[133.9514,34.3233],[133.9536,34.3238],[133.9539,34.3242],[133.9538,34.3253],[133.9532,34.326],[133.9514,34.3265],[133.9513,34.3272],[133.9523,34.3295],[133.9526,34.3304],[133.9536,34.332],[133.953,34.3335],[133.9531,34.3341],[133.9523,34.3349],[133.9523,34.3352],[133.9498,34.3369],[133.9493,34.3371],[133.9485,34.3367],[133.9475,34.3367],[133.9469,34.3371],[133.9464,34.3384],[133.9465,34.3393],[133.946,34.3403],[133.946,34.3423],[133.9454,34.3438],[133.9449,34.3446],[133.9441,34.3451],[133.9438,34.3459],[133.9434,34.3464],[133.9425,34.3466],[133.9418,34.347],[133.9403,34.3473],[133.9391,34.3472],[133.9375,34.3482],[133.9372,34.3485],[133.9373,34.3493],[133.9378,34.3501],[133.9381,34.3512],[133.9379,34.3522],[133.9378,34.3532],[133.9373,34.3539],[133.9369,34.3537],[133.9359,34.354],[133.9352,34.3546],[133.9349,34.3553],[133.9353,34.3567],[133.936,34.3578],[133.9357,34.359],[133.9359,34.3596],[133.9365,34.3604],[133.9367,34.3609],[133.9364,34.362],[133.9357,34.3638],[133.9357,34.365],[133.9361,34.3658],[133.9361,34.3665],[133.9354,34.368],[133.9355,34.3705],[133.9343,34.3717],[133.9336,34.3725],[133.9334,34.3732],[133.9335,34.3742],[133.9327,34.3752],[133.9329,34.3754],[133.9324,34.3767],[133.9295,34.3774],[133.9288,34.3774],[133.9293,34.3789],[133.9292,34.3798],[133.9297,34.3824],[133.9296,34.3835],[133.9298,34.3851],[133.9297,34.3859],[133.9292,34.3874],[133.9287,34.3884],[133.9276,34.3897],[133.9264,34.3884],[133.9265,34.3879],[133.926,34.3854],[133.9253,34.3844],[133.9253,34.384],[133.9244,34.3828],[133.9236,34.3821],[133.9237,34.3818],[133.9226,34.3805],[133.9218,34.3799],[133.9208,34.3794],[133.9209,34.3777],[133.9176,34.3769],[133.9164,34.377],[133.9159,34.3776],[133.9146,34.3786],[133.914,34.38],[133.9125,34.3798],[133.9117,34.3809],[133.911,34.3815],[133.9102,34.3815],[133.9097,34.382],[133.9087,34.3814],[133.908,34.3805],[133.908,34.3794],[133.9074,34.3792],[133.9074,34.3783],[133.9005,34.3777],[133.9004,34.3783],[133.8999,34.3786],[133.8994,34.3804],[133.8987,34.3814],[133.8981,34.3819],[133.8968,34.3826],[133.896,34.3828],[133.8947,34.3827],[133.894,34.3824],[133.8916,34.3804],[133.8908,34.3798],[133.8891,34.3777],[133.8883,34.3762],[133.888,34.3752],[133.889,34.374],[133.8898,34.3719],[133.8898,34.3708],[133.8901,34.369],[133.8904,34.3681],[133.8912,34.3672],[133.8916,34.3665],[133.8927,34.3645],[133.8927,34.3636],[133.8925,34.3616],[133.8922,34.361],[133.8929,34.3598],[133.891,34.3589],[133.893,34.3556],[133.8944,34.3551],[133.8949,34.3546],[133.8927,34.3528],[133.8914,34.3539],[133.8898,34.3526],[133.8905,34.3517],[133.8889,34.3503],[133.8821,34.3441],[133.8821,34.3439],[133.8836,34.3424],[133.8842,34.3429],[133.8847,34.3424],[133.8839,34.3415],[133.8835,34.3419],[133.8822,34.341],[133.8784,34.3448],[133.8728,34.3405],[133.8738,34.3387],[133.8723,34.3381],[133.8714,34.3397],[133.8679,34.3374],[133.8681,34.3371],[133.866,34.3354],[133.862,34.3319],[133.8659,34.3277],[133.8655,34.3273],[133.8642,34.3269],[133.8632,34.3268],[133.863,34.3279],[133.8596,34.3315],[133.8574,34.3312],[133.857,34.3307],[133.8578,34.3267],[133.8578,34.3262],[133.857,34.3262],[133.8566,34.3266],[133.8554,34.3263],[133.855,34.3282],[133.8531,34.3276],[133.8534,34.3261],[133.8519,34.3259],[133.8516,34.3253],[133.8481,34.3249],[133.848,34.3259],[133.8482,34.3261],[133.8496,34.3263],[133.85,34.3261],[133.8508,34.3264],[133.8507,34.3287],[133.8501,34.3288],[133.8504,34.3301],[133.8464,34.3297],[133.8463,34.329],[133.8464,34.328],[133.8444,34.3275],[133.8443,34.3271],[133.8416,34.3268],[133.8373,34.3252],[133.8374,34.3238],[133.8367,34.3245],[133.8356,34.3251],[133.8343,34.3249],[133.8332,34.3296],[133.8345,34.33],[133.8341,34.3318],[133.831,34.3314],[133.8308,34.3315],[133.8304,34.3333],[133.8391,34.3346],[133.8393,34.3348],[133.8384,34.3386],[133.8439,34.3395],[133.8446,34.3395],[133.8478,34.3389],[133.8487,34.3392],[133.8493,34.34],[133.8576,34.3458],[133.859,34.3531],[133.8577,34.3541],[133.858,34.3543],[133.8573,34.3552],[133.8579,34.3559],[133.8575,34.3565],[133.8579,34.3574],[133.856,34.3578],[133.8544,34.3583],[133.8536,34.3588],[133.8539,34.3601],[133.8536,34.3605],[133.8528,34.3605],[133.8523,34.3601],[133.8507,34.3599],[133.8496,34.36],[133.849,34.3588],[133.8481,34.3579],[133.8482,34.3573],[133.8487,34.3569],[133.8486,34.3562],[133.848,34.3548],[133.8476,34.3544],[133.8478,34.3536],[133.8478,34.3517],[133.847,34.3517],[133.8469,34.354],[133.8464,34.3544],[133.8413,34.3501],[133.8362,34.3458],[133.8289,34.3421],[133.8286,34.3425],[133.8294,34.3476],[133.8328,34.3493],[133.8407,34.356],[133.8407,34.3606],[133.8405,34.3607],[133.8243,34.3526],[133.825,34.35],[133.8231,34.3492],[133.8233,34.3497],[133.8231,34.3508],[133.8207,34.3513],[133.8206,34.3518],[133.82,34.3519],[133.8197,34.353],[133.8192,34.3531],[133.8189,34.3522],[133.8192,34.3505],[133.8197,34.3505],[133.8201,34.3495],[133.8202,34.349],[133.8209,34.3491],[133.8217,34.3483],[133.8221,34.3474],[133.8222,34.346],[133.8209,34.3379],[133.8258,34.3375],[133.8262,34.3352],[133.8273,34.3291],[133.8277,34.3276],[133.8282,34.3264],[133.8277,34.3261],[133.8294,34.3235],[133.8293,34.3235]],[[133.8274,34.3574],[133.8278,34.3575],[133.8281,34.3567],[133.8275,34.3566],[133.8274,34.3574]],[[133.85,34.3729],[133.8518,34.3739],[133.8529,34.3738],[133.8542,34.3733],[133.8545,34.3725],[133.8549,34.3723],[133.8549,34.3711],[133.8548,34.3707],[133.8539,34.371],[133.8533,34.3722],[133.8522,34.3727],[133.8516,34.3725],[133.85,34.3729]]]},"properties":{"N03_001":"香川県","N03_002":"","N03_003":"","N03_004":"坂出市","N03_007":"37203"}},
{"type":"Feature","geometry":{"type":"Polygon","coordinates":[[[133.7286,34.2328],[133.7288,34.231],[133.7284,34.2304],[133.7266,34.2289],[133.7263,34.228],[133.7271,34.2265],[133.7282,34.2252],[133.7294,34.2245],[133.7296,34.2231],[133.7301,34.2229],[133.7303,34.2224],[133.7316,34.2215],[133.7317,34.2209],[133.7323,34.2206],[133.7325,34.2201],[133.7335,34.2193],[133.7342,34.2176],[133.7352,34.2164],[133.7361,34.2158],[133.7375,34.2139],[133.7384,34.2134],[133.7403,34.2127],[133.7408,34.2126],[133.7416,34.2131],[133.7441,34.2131],[133.7465,34.2124],[133.748,34.2122],[133.75,34.2114],[133.7497,34.2104],[133.7496,34.2094],[133.7502,34.2085],[133.7514,34.2079],[133.7518,34.2073],[133.7519,34.2066],[133.7527,34.205],[133.7535,34.2041],[133.7542,34.2037],[133.7554,34.2038],[133.756,34.203],[133.7561,34.2022],[133.7556,34.2016],[133.7554,34.201],[133.756,34.1994],[133.7559,34.1981],[133.7562,34.1978],[133.757,34.198],[133.7581,34.198],[133.7596,34.1984],[133.7604,34.198],[133.7609,34.1981],[133.7624,34.1985],[133.7628,34.1996],[133.7641,34.1997],[133.7649,34.1988],[133.766,34.1989],[133.7677,34.1986],[133.7695,34.1987],[133.7704,34.199],[133.7722,34.1988],[133.773,34.1991],[133.7745,34.1983],[133.7762,34.1975],[133.7768,34.1964],[133.7779,34.1962],[133.7787,34.1963],[133.7805,34.1968],[133.7819,34.1974],[133.7825,34.1977],[133.7841,34.198],[133.7849,34.1985],[133.7856,34.1985],[133.7863,34.1982],[133.7875,34.1971],[133.7887,34.1964],[133.7894,34.1956],[133.7901,34.1942],[133.7917,34.1924],[133.7929,34.1912],[133.7948,34.191],[133.7959,34.1896],[133.796,34.1889],[133.7969,34.1885],[133.7977,34.188],[133.7993,34.1877],[133.8001,34.188],[133.8028,34.1899],[133.8043,34.1912],[133.8059,34.1918],[133.8071,34.1928],[133.8086,34.1936],[133.8103,34.1943],[133.8123,34.1948],[133.813,34.1946],[133.8138,34.1931],[133.8142,34.1933],[133.8146,34.1942],[133.8145,34.1952],[133.815,34.196],[133.8147,34.1975],[133.8142,34.1984],[133.8131,34.1996],[133.8119,34.2022],[133.8111,34.205],[133.8106,34.206],[133.81,34.2067],[133.8098,34.208],[133.809,34.2089],[133.809,34.2096],[133.8084,34.2105],[133.8072,34.2111],[133.8076,34.2116],[133.8075,34.213],[133.8076,34.2136],[133.8068,34.2147],[133.8063,34.2155],[133.8055,34.2158],[133.804,34.217],[133.8048,34.2177],[133.8055,34.218],[133.8058,34.2187],[133.8052,34.2199],[133.8058,34.2207],[133.8069,34.2202],[133.8086,34.2206],[133.8096,34.2217],[133.8104,34.2218],[133.8118,34.2217],[133.8141,34.2227],[133.814,34.2242],[133.815,34.225],[133.8163,34.2253],[133.8168,34.2261],[133.8176,34.2262],[133.819,34.2258],[133.8207,34.2252],[133.8218,34.2257],[133.8228,34.2264],[133.819,34.2316],[133.8181,34.2332],[133.8183,34.2337],[133.819,34.2342],[133.8186,34.2355],[133.8191,34.2359],[133.8186,34.2366],[133.8192,34.2372],[133.8176,34.2399],[133.8166,34.2413],[133.8145,34.2406],[133.8104,34.2388],[133.8093,34.238],[133.8089,34.2374],[133.8084,34.2377],[133.8078,34.239],[133.8082,34.2397],[133.8068,34.2419],[133.8052,34.2442],[133.8041,34.2461],[133.8046,34.2464],[133.8041,34.2473],[133.8027,34.2486],[133.8024,34.2494],[133.8015,34.2493],[133.7995,34.2522],[133.7989,34.2535],[133.7967,34.2571],[133.7955,34.2589],[133.7923,34.2574],[133.7862,34.2544],[133.785,34.2559],[133.7826,34.255],[133.7824,34.2559],[133.782,34.2567],[133.7818,34.2577],[133.7813,34.2591],[133.7797,34.2587],[133.779,34.2583],[133.7787,34.2579],[133.777,34.257],[133.7758,34.2567],[133.7742,34.256],[133.7739,34.2556],[133.7744,34.2549],[133.7747,34.2539],[133.7755,34.2529],[133.7754,34.2524],[133.7759,34.2502],[133.7765,34.2492],[133.7753,34.2486],[133.7741,34.2497],[133.7738,34.2496],[133.773,34.2508],[133.7715,34.2501],[133.7724,34.2487],[133.7703,34.2474],[133.7692,34.2469],[133.7689,34.2469],[133.7674,34.2494],[133.7673,34.249],[133.7661,34.2484],[133.7645,34.2507],[133.7638,34.2503],[133.7629,34.2504],[133.7622,34.2499],[133.7625,34.2495],[133.7617,34.2492],[133.7611,34.2488],[133.7605,34.2494],[133.7582,34.2482],[133.7585,34.2477],[133.7574,34.2471],[133.7571,34.2478],[133.7559,34.2473],[133.7563,34.2466],[133.7557,34.2464],[133.7552,34.247],[133.7535,34.2461],[133.7536,34.2457],[133.7556,34.2428],[133.7567,34.2403],[133.7566,34.2398],[133.7559,34.2396],[133.7553,34.2405],[133.7519,34.2388],[133.752,34.2383],[133.7504,34.2375],[133.7482,34.2406],[133.747,34.2425],[133.7459,34.243],[133.7448,34.2424],[133.7442,34.243],[133.743,34.2447],[133.7409,34.2436],[133.7397,34.2424],[133.739,34.241],[133.738,34.2402],[133.7368,34.2395],[133.7369,34.2381],[133.7371,34.2373],[133.7354,34.2357],[133.7354,34.2351],[133.7344,34.2345],[133.7328,34.2339],[133.7318,34.2339],[133.7304,34.2328],[133.7286,34.2328]]]},"properties":{"N03_001":"香川県","N03_002":"","N03_003":"","N03_004":"善通寺市","N03_007":"37204"}},
{"type":"Feature","geometry":{"type":"Polygon","coordinates":[[[133.646,34.1644],[133.6459,34.1629],[133.6456,34.162],[133.6458,34.1602],[133.6457,34.159],[133.6454,34.1589],[133.6442,34.1572],[133.642,34.156],[133.6421,34.1559],[133.6436,34.1567],[133.6443,34.1558],[133.6455,34.1556],[133.6451,34.1548],[133.644,34.1548],[133.6431,34.1555],[133.6418,34.1546],[133.64,34.1541],[133.6403,34.1533],[133.6423,34.154],[133.6403,34.1522],[133.64,34.1517],[133.6403,34.1505],[133.6422,34.1495],[133.6427,34.1489],[133.6425,34.1465],[133.6421,34.1441],[133.6412,34.1396],[133.6407,34.1378],[133.6404,34.1358],[133.6403,34.1338],[133.6398,34.1322],[133.6397,34.1308],[133.6381,34.1304],[133.6381,34.1286],[133.6386,34.1273],[133.6338,34.1261],[133.6338,34.1256],[133.6349,34.1256],[133.6353,34.1246],[133.6366,34.125],[133.6363,34.1258],[133.6385,34.1265],[133.6392,34.1248],[133.6376,34.1244],[133.6369,34.124],[133.6372,34.1232],[133.6352,34.1227],[133.6346,34.1232],[133.6325,34.1231],[133.6329,34.1193],[133.628,34.119],[133.6282,34.1173],[133.6284,34.1166],[133.629,34.1158],[133.6299,34.1152],[133.6336,34.1138],[133.6345,34.1133],[133.6369,34.1139],[133.6373,34.1129],[133.6369,34.1125],[133.6368,34.1119],[133.6366,34.1078],[133.6365,34.1076],[133.6363,34.1035],[133.6362,34.1031],[133.6359,34.0976],[133.6358,34.095],[133.6361,34.0937],[133.638,34.0933],[133.6386,34.093],[133.6389,34.092],[133.6381,34.0923],[133.6358,34.0928],[133.6334,34.0945],[133.6333,34.0944],[133.6358,34.0926],[133.638,34.0922],[133.6379,34.0912],[133.6382,34.0905],[133.6376,34.0903],[133.6374,34.0891],[133.637,34.0887],[133.6366,34.0869],[133.636,34.0865],[133.6359,34.0852],[133.6352,34.0841],[133.6343,34.0841],[133.6333,34.0837],[133.6332,34.0804],[133.6337,34.0802],[133.6353,34.0802],[133.6353,34.0789],[133.6361,34.0789],[133.6368,34.078],[133.636,34.078],[133.6356,34.0775],[133.6347,34.0776],[133.6343,34.0788],[133.6316,34.0802],[133.6315,34.0768],[133.6316,34.0764],[133.6325,34.0764],[133.6315,34.0725],[133.6315,34.0723],[133.6337,34.0719],[133.6338,34.0702],[133.6331,34.0668],[133.6327,34.0665],[133.6326,34.0653],[133.6318,34.0622],[133.6312,34.0601],[133.6306,34.0592],[133.6302,34.0593],[133.6295,34.0586],[133.6296,34.0578],[133.6291,34.0572],[133.6293,34.0566],[133.6288,34.0555],[133.6283,34.0549],[133.6277,34.0532],[133.6264,34.0528],[133.6247,34.051],[133.6228,34.0494],[133.6217,34.049],[133.6201,34.0487],[133.6174,34.0477],[133.616,34.0474],[133.6152,34.047],[133.6147,34.0472],[133.6136,34.0463],[133.6128,34.0464],[133.6117,34.0449],[133.6113,34.0447],[133.6013,34.0432],[133.6003,34.0428],[133.5997,34.0429],[133.5989,34.0436],[133.5989,34.0427],[133.5999,34.0416],[133.6008,34.0411],[133.6012,34.0403],[133.6017,34.0399],[133.6028,34.0385],[133.6036,34.0367],[133.6042,34.0359],[133.6063,34.0365],[133.607,34.0368],[133.6075,34.0368],[133.6087,34.0343],[133.6104,34.034],[133.6111,34.0334],[133.6122,34.0333],[133.6133,34.0323],[133.6149,34.0324],[133.6155,34.0328],[133.6163,34.0328],[133.6171,34.0337],[133.6181,34.0342],[133.6189,34.0351],[133.6196,34.035],[133.6204,34.0347],[133.6211,34.0346],[133.6224,34.0352],[133.623,34.0359],[133.6238,34.0362],[133.6257,34.0375],[133.6269,34.0378],[133.6286,34.0363],[133.6296,34.0359],[133.6297,34.0349],[133.63,34.0345],[133.6309,34.0338],[133.6316,34.0328],[133.6321,34.0324],[133.6329,34.0312],[133.6329,34.0302],[133.6345,34.0297],[133.6362,34.0295],[133.6368,34.0279],[133.6374,34.0271],[133.6389,34.0266],[133.6395,34.0259],[133.6406,34.0262],[133.6413,34.026],[133.6425,34.0267],[133.6432,34.0266],[133.6444,34.0277],[133.6462,34.0274],[133.6482,34.0274],[133.6492,34.0271],[133.6515,34.0274],[133.6523,34.0277],[133.6533,34.0277],[133.6539,34.0282],[133.6546,34.0284],[133.656,34.0291],[133.6568,34.03],[133.6575,34.0293],[133.6575,34.0284],[133.6586,34.0277],[133.6603,34.0277],[133.6614,34.0275],[133.6618,34.0271],[133.6632,34.0271],[133.6638,34.0275],[133.6644,34.0275],[133.6654,34.0271],[133.6665,34.0263],[133.6671,34.0255],[133.6678,34.026],[133.6684,34.0253],[133.6704,34.0241],[133.6712,34.0228],[133.6713,34.0217],[133.6719,34.0207],[133.6734,34.0203],[133.6741,34.0198],[133.6753,34.0196],[133.6764,34.0186],[133.6782,34.0182],[133.6783,34.0175],[133.6776,34.0163],[133.6775,34.0158],[133.678,34.0153],[133.679,34.0136],[133.6795,34.0125],[133.6803,34.0125],[133.6816,34.0129],[133.6827,34.0128],[133.6841,34.0128],[133.6849,34.0132],[133.6855,34.0132],[133.6863,34.0125],[133.6868,34.0123],[133.6885,34.0124],[133.69,34.0135],[133.6912,34.0133],[133.6917,34.0128],[133.6919,34.0135],[133.6933,34.0146],[133.6936,34.015],[133.6955,34.0154],[133.6974,34.0157],[133.6984,34.0162],[133.7003,34.0178],[133.7008,34.0179],[133.7019,34.0177],[133.7031,34.017],[133.7037,34.0163],[133.7051,34.0161],[133.7072,34.0159],[133.7088,34.0154],[133.7094,34.0155],[133.7097,34.0161],[133.7107,34.017],[133.7123,34.0174],[133.7137,34.0174],[133.7144,34.0181],[133.7147,34.019],[133.7163,34.0201],[133.7177,34.0206],[133.7187,34.0215],[133.7213,34.0223],[133.7223,34.0233],[133.7227,34.0243],[133.723,34.0254],[133.7223,34.0258],[133.7221,34.0264],[133.7223,34.0289],[133.7218,34.0298],[133.7218,34.0306],[133.7222,34.0328],[133.7225,34.0335],[133.7224,34.0342],[133.7231,34.0361],[133.7231,34.0365],[133.7252,34.0378],[133.7257,34.0387],[133.7264,34.039],[133.7278,34.0411],[133.7281,34.0419],[133.7282,34.0427],[133.729,34.0442],[133.731,34.0441],[133.733,34.0449],[133.7347,34.0458],[133.7353,34.0464],[133.7385,34.0483],[133.7389,34.0488],[133.7399,34.0494],[133.7405,34.0502],[133.7402,34.0508],[133.7394,34.052],[133.7396,34.0533],[133.7394,34.0545],[133.7386,34.0562],[133.7384,34.0576],[133.7368,34.059],[133.7365,34.0602],[133.7361,34.0605],[133.7349,34.061],[133.7343,34.0616],[133.7338,34.0632],[133.7338,34.0639],[133.7335,34.0658],[133.7338,34.0671],[133.7335,34.0677],[133.7334,34.0695],[133.7343,34.0703],[133.7344,34.0708],[133.7333,34.0711],[133.7337,34.0719],[133.7334,34.0733],[133.7337,34.0749],[133.7335,34.0757],[133.7328,34.076],[133.7327,34.077],[133.7321,34.0785],[133.7311,34.0791],[133.731,34.0796],[133.7312,34.0807],[133.7322,34.0822],[133.7324,34.0831],[133.7324,34.0837],[133.732,34.0842],[133.7305,34.0838],[133.73,34.0839],[133.7291,34.0844],[133.729,34.085],[133.7282,34.0861],[133.7278,34.0872],[133.7268,34.0881],[133.7264,34.0883],[133.7255,34.0879],[133.7245,34.0887],[133.7236,34.0886],[133.7233,34.0889],[133.7218,34.0894],[133.7209,34.0888],[133.72,34.0887],[133.7191,34.0882],[133.7172,34.0877],[133.7169,34.0881],[133.717,34.089],[133.7174,34.09],[133.7176,34.0914],[133.717,34.0919],[133.7158,34.0932],[133.7152,34.0946],[133.7149,34.0961],[133.7154,34.0967],[133.7152,34.0981],[133.7152,34.0991],[133.7158,34.0992],[133.7158,34.1002],[133.7167,34.1018],[133.7165,34.1024],[133.7159,34.1026],[133.7145,34.1023],[133.7132,34.1033],[133.713,34.1037],[133.7119,34.1035],[133.7121,34.1028],[133.7111,34.1027],[133.7101,34.1035],[133.7097,34.1031],[133.7093,34.1042],[133.7089,34.1041],[133.7085,34.1049],[133.7089,34.1055],[133.7098,34.1057],[133.7099,34.1054],[133.7111,34.1055],[133.711,34.1066],[133.7118,34.1067],[133.7121,34.1081],[133.7117,34.1093],[133.7117,34.1098],[133.7126,34.1102],[133.7122,34.1106],[133.7129,34.1111],[133.7124,34.1117],[133.713,34.1122],[133.7124,34.1128],[133.7123,34.1133],[133.7117,34.1136],[133.7108,34.1149],[133.7098,34.1162],[133.7105,34.1166],[133.7115,34.1157],[133.7125,34.1144],[133.713,34.1148],[133.7126,34.116],[133.7115,34.1175],[133.711,34.1177],[133.7107,34.1182],[133.7111,34.1187],[133.7117,34.1189],[133.7116,34.1194],[133.7126,34.1211],[133.7123,34.1215],[133.7123,34.1223],[133.7127,34.1228],[133.7122,34.1231],[133.7125,34.1238],[133.7125,34.1242],[133.7102,34.1252],[133.7103,34.1258],[133.7122,34.1288],[133.7097,34.1291],[133.7087,34.1295],[133.7028,34.1335],[133.7012,34.1346],[133.6988,34.1357],[133.6945,34.1371],[133.6924,34.1376],[133.6899,34.1367],[133.6895,34.1361],[133.6877,34.1358],[133.6872,34.1362],[133.6852,34.137],[133.6843,34.1376],[133.6825,34.1381],[133.6802,34.1391],[133.6761,34.1412],[133.6731,34.142],[133.6704,34.1429],[133.6699,34.1434],[133.6691,34.1434],[133.6684,34.1444],[133.6681,34.1454],[133.6673,34.1461],[133.6674,34.1472],[133.6673,34.1483],[133.6674,34.1495],[133.6673,34.1508],[133.6665,34.1521],[133.6664,34.1529],[133.6657,34.1552],[133.6661,34.156],[133.6665,34.1566],[133.6677,34.1573],[133.6682,34.1578],[133.6682,34.1587],[133.6673,34.1604],[133.6659,34.1615],[133.6649,34.163],[133.6641,34.1634],[133.663,34.1645],[133.6618,34.1655],[133.6607,34.1655],[133.66,34.1652],[133.6596,34.1647],[133.6586,34.164],[133.6578,34.1632],[133.6567,34.1627],[133.656,34.1619],[133.6542,34.162],[133.6534,34.1623],[133.6525,34.1631],[133.6513,34.1638],[133.6496,34.164],[133.649,34.1644],[133.6471,34.1642],[133.646,34.1644]]]},"properties":{"N03_001":"香川県","N03_002":"","N03_003":"","N03_004":"観音寺市","N03_007":"37205"}},
{"type":"Feature","geometry":{"type":"Polygon","coordinates":[[[134.1554,34.1667],[134.1581,34.1676],[134.1585,34.1683],[134.1589,34.1686],[134.1593,34.1697],[134.1603,34.1698],[134.1619,34.1699],[134.1632,34.1698],[134.1637,34.17],[134.1649,34.1709],[134.1664,34.1718],[134.1673,34.1731],[134.168,34.1736],[134.1685,34.1745],[134.1699,34.175],[134.1712,34.175],[134.1713,34.1756],[134.1731,34.1758],[134.1735,34.1768],[134.1739,34.1769],[134.1736,34.1755],[134.1738,34.1753],[134.1746,34.1754],[134.1751,34.175],[134.1756,34.1749],[134.1764,34.1754],[134.1767,34.1762],[134.1774,34.1762],[134.178,34.1748],[134.1786,34.1747],[134.1792,34.1758],[134.1796,34.1756],[134.1795,34.1748],[134.1803,34.1743],[134.1816,34.1747],[134.1822,34.1741],[134.1827,34.174],[134.184,34.1744],[134.1853,34.1743],[134.1859,34.1737],[134.1862,34.1725],[134.1874,34.1729],[134.1878,34.1726],[134.1886,34.1731],[134.1905,34.1729],[134.1913,34.1724],[134.1936,34.1726],[134.1947,34.1719],[134.1951,34.1719],[134.1967,34.1727],[134.1972,34.1737],[134.1978,34.1739],[134.1983,34.1754],[134.1991,34.1753],[134.2007,34.1748],[134.2014,34.1738],[134.2035,34.1733],[134.2043,34.1727],[134.205,34.1727],[134.2053,34.1733],[134.2063,34.1738],[134.2074,34.174],[134.2079,34.1744],[134.2087,34.1747],[134.2089,34.1752],[134.21,34.1762],[134.2119,34.177],[134.2131,34.178],[134.2134,34.1785],[134.2134,34.1797],[134.2145,34.1807],[134.2141,34.1812],[134.2144,34.1821],[134.2133,34.1832],[134.2131,34.1842],[134.2124,34.1849],[134.2127,34.1859],[134.2125,34.1865],[134.213,34.1871],[134.214,34.1876],[134.2139,34.1883],[134.2143,34.1888],[134.2149,34.1892],[134.2152,34.19],[134.216,34.1908],[134.2151,34.1911],[134.2136,34.1911],[134.2131,34.1915],[134.2124,34.193],[134.2117,34.1937],[134.2106,34.194],[134.2099,34.1947],[134.21,34.1953],[134.2093,34.1964],[134.209,34.1977],[134.2078,34.1993],[134.2069,34.1999],[134.2071,34.2007],[134.2076,34.2013],[134.2076,34.2019],[134.2082,34.2023],[134.2087,34.203],[134.2095,34.2028],[134.21,34.2029],[134.2129,34.2029],[134.2143,34.2034],[134.2151,34.2036],[134.217,34.2036],[134.2172,34.2045],[134.2171,34.2063],[134.2173,34.2068],[134.2168,34.2081],[134.2168,34.2089],[134.2172,34.2093],[134.2184,34.2095],[134.2188,34.2098],[134.2199,34.2099],[134.2205,34.2091],[134.2217,34.2088],[134.2226,34.2093],[134.2236,34.209],[134.2258,34.2093],[134.2264,34.2088],[134.2271,34.2085],[134.2278,34.2086],[134.2289,34.2081],[134.2291,34.2086],[134.2302,34.2095],[134.2312,34.2097],[134.2333,34.2107],[134.2336,34.2114],[134.2353,34.2123],[134.2376,34.2129],[134.238,34.2131],[134.2397,34.2149],[134.2402,34.2152],[134.2407,34.2159],[134.2425,34.2168],[134.2431,34.2165],[134.2438,34.2167],[134.2449,34.2167],[134.2455,34.217],[134.2464,34.2168],[134.2481,34.2178],[134.2488,34.218],[134.2492,34.2191],[134.2504,34.2196],[134.2511,34.2203],[134.2522,34.2211],[134.2531,34.2214],[134.2541,34.2208],[134.2544,34.2204],[134.2552,34.2199],[134.2558,34.2197],[134.2567,34.2197],[134.2573,34.2201],[134.2584,34.2195],[134.2594,34.2195],[134.2614,34.2204],[134.2632,34.2206],[134.2641,34.2206],[134.2664,34.2196],[134.2674,34.2189],[134.268,34.2187],[134.2691,34.2181],[134.2696,34.2175],[134.2708,34.2167],[134.272,34.2156],[134.2736,34.2152],[134.2747,34.2152],[134.2752,34.2149],[134.276,34.215],[134.276,34.2157],[134.2754,34.2183],[134.2746,34.2199],[134.2748,34.2207],[134.2746,34.221],[134.2747,34.2221],[134.2744,34.2228],[134.2748,34.2234],[134.275,34.2242],[134.2742,34.225],[134.2743,34.2258],[134.2742,34.227],[134.2751,34.2285],[134.2747,34.2301],[134.2742,34.2321],[134.2738,34.2337],[134.2728,34.2346],[134.2728,34.2352],[134.2735,34.2359],[134.2736,34.2373],[134.2735,34.238],[134.2749,34.2381],[134.2761,34.2383],[134.2772,34.2394],[134.2768,34.2402],[134.2776,34.2413],[134.2778,34.2422],[134.279,34.2429],[134.2796,34.2427],[134.2802,34.2431],[134.281,34.2432],[134.2819,34.2441],[134.2807,34.2443],[134.2799,34.2448],[134.279,34.2463],[134.2785,34.2468],[134.2781,34.2478],[134.2794,34.2482],[134.2793,34.2488],[134.278,34.2501],[134.2776,34.2502],[134.2765,34.2509],[134.276,34.2514],[134.2749,34.252],[134.2749,34.2528],[134.2754,34.2535],[134.2753,34.2549],[134.2748,34.2553],[134.2743,34.2561],[134.2744,34.2566],[134.276,34.2582],[134.2762,34.2586],[134.276,34.2598],[134.2762,34.2604],[134.2771,34.2611],[134.2768,34.2624],[134.2763,34.2631],[134.2767,34.2639],[134.2779,34.2638],[134.2793,34.2631],[134.2806,34.2632],[134.2817,34.2644],[134.283,34.265],[134.2832,34.266],[134.2831,34.2664],[134.2847,34.2687],[134.2854,34.2691],[134.2867,34.2703],[134.2877,34.2725],[134.2875,34.2728],[134.2881,34.2753],[134.2874,34.2756],[134.2857,34.2766],[134.2845,34.2775],[134.2833,34.2782],[134.2823,34.2791],[134.2814,34.2788],[134.2805,34.279],[134.2798,34.2794],[134.2791,34.2801],[134.2783,34.2807],[134.2763,34.2825],[134.2758,34.2832],[134.2761,34.2835],[134.2748,34.2849],[134.2747,34.286],[134.2755,34.2859],[134.2761,34.2867],[134.2756,34.2878],[134.2747,34.2877],[134.2736,34.2884],[134.2717,34.2891],[134.271,34.2902],[134.2703,34.2899],[134.2702,34.2893],[134.2692,34.289],[134.2687,34.2883],[134.2682,34.2879],[134.2691,34.2871],[134.2695,34.286],[134.2692,34.2847],[134.2687,34.2841],[134.2682,34.284],[134.2665,34.2848],[134.2659,34.2843],[134.2649,34.2848],[134.2639,34.2834],[134.264,34.283],[134.2657,34.2829],[134.2653,34.2824],[134.264,34.2825],[134.2624,34.2828],[134.2601,34.2838],[134.2584,34.2849],[134.2567,34.2861],[134.2557,34.2871],[134.2557,34.2876],[134.2548,34.2885],[134.2546,34.2891],[134.2538,34.2898],[134.2525,34.2919],[134.2517,34.293],[134.2515,34.2937],[134.2511,34.2941],[134.2505,34.2952],[134.2502,34.2976],[134.2501,34.2978],[134.2491,34.2976],[134.2481,34.2965],[134.2474,34.2969],[134.2484,34.298],[134.2481,34.2983],[134.2489,34.2996],[134.2482,34.3],[134.2482,34.3008],[134.2472,34.3025],[134.2467,34.3039],[134.2463,34.3057],[134.2464,34.3071],[134.2467,34.3077],[134.2483,34.3078],[134.2489,34.3091],[134.2496,34.3097],[134.2502,34.3096],[134.2507,34.3102],[134.2513,34.3114],[134.252,34.3116],[134.2545,34.3131],[134.2557,34.3134],[134.2579,34.3133],[134.2584,34.3142],[134.2591,34.3143],[134.2592,34.3153],[134.26,34.318],[134.2606,34.3185],[134.2619,34.3191],[134.2638,34.3189],[134.2648,34.3191],[134.2655,34.319],[134.2655,34.3199],[134.2651,34.3204],[134.2644,34.3205],[134.2639,34.3212],[134.2636,34.3227],[134.2636,34.3235],[134.263,34.3242],[134.2626,34.3253],[134.2631,34.3261],[134.2623,34.3267],[134.2626,34.3274],[134.2621,34.3281],[134.2618,34.3294],[134.2622,34.3309],[134.2627,34.3316],[134.2638,34.332],[134.2642,34.3319],[134.2651,34.3326],[134.2664,34.3328],[134.2667,34.3339],[134.266,34.3348],[134.2659,34.3356],[134.2663,34.3358],[134.2658,34.3366],[134.2641,34.3368],[134.2628,34.3365],[134.2622,34.3365],[134.2609,34.3361],[134.26,34.3365],[134.2585,34.3366],[134.2578,34.3373],[134.2569,34.3385],[134.2565,34.3396],[134.2571,34.3416],[134.2566,34.3426],[134.2565,34.3432],[134.257,34.3435],[134.2569,34.3442],[134.2574,34.3448],[134.2574,34.3453],[134.2561,34.3472],[134.2545,34.3473],[134.2535,34.3481],[134.253,34.3489],[134.2529,34.3497],[134.2519,34.3502],[134.2511,34.3512],[134.2501,34.3516],[134.2478,34.3501],[134.2466,34.3492],[134.2464,34.3483],[134.2459,34.3476],[134.2456,34.347],[134.2446,34.346],[134.2446,34.3456],[134.2424,34.3443],[134.2422,34.3434],[134.2414,34.3428],[134.2413,34.3424],[134.2407,34.3421],[134.2413,34.3417],[134.2416,34.3411],[134.2408,34.341],[134.2408,34.3404],[134.2394,34.3396],[134.2387,34.34],[134.2363,34.3395],[134.2365,34.3387],[134.2379,34.3384],[134.2385,34.3379],[134.2368,34.3376],[134.2363,34.338],[134.2353,34.3377],[134.2351,34.3369],[134.2338,34.3372],[134.2333,34.3383],[134.2325,34.3392],[134.232,34.3392],[134.2309,34.3397],[134.2296,34.3404],[134.2288,34.3405],[134.2277,34.341],[134.2262,34.342],[134.2253,34.3429],[134.225,34.3441],[134.2262,34.3454],[134.2255,34.3461],[134.2243,34.3467],[134.2232,34.3476],[134.2233,34.3469],[134.2222,34.3471],[134.2215,34.347],[134.2205,34.3474],[134.2192,34.3484],[134.2183,34.3497],[134.2183,34.3507],[134.219,34.3515],[134.2186,34.3518],[134.2186,34.3534],[134.2182,34.3538],[134.2174,34.3557],[134.2178,34.3562],[134.2177,34.3571],[134.2168,34.3589],[134.2165,34.3597],[134.2167,34.3613],[134.2166,34.362],[134.2155,34.3632],[134.2153,34.364],[134.2153,34.3648],[134.2148,34.3655],[134.2143,34.3653],[134.2126,34.3653],[134.2117,34.3656],[134.2111,34.3672],[134.2114,34.3676],[134.2112,34.3685],[134.2113,34.3691],[134.2108,34.3694],[134.2103,34.3693],[134.2085,34.3696],[134.2081,34.3692],[134.207,34.3696],[134.2063,34.3687],[134.2055,34.3684],[134.2052,34.3674],[134.2043,34.3668],[134.2048,34.3656],[134.205,34.3646],[134.2056,34.3641],[134.2059,34.3629],[134.2058,34.3625],[134.2063,34.3613],[134.2063,34.3604],[134.2071,34.3598],[134.2073,34.3592],[134.2084,34.3588],[134.2098,34.358],[134.21,34.3571],[134.2098,34.3568],[134.2103,34.356],[134.2103,34.3551],[134.2101,34.3548],[134.2106,34.3542],[134.2108,34.3533],[134.212,34.3526],[134.2123,34.3517],[134.213,34.3507],[134.2136,34.3506],[134.2134,34.3499],[134.2126,34.3488],[134.2118,34.3478],[134.2106,34.3467],[134.2088,34.3452],[134.2082,34.345],[134.207,34.3441],[134.2047,34.3432],[134.2042,34.3433],[134.2031,34.343],[134.2028,34.3434],[134.2036,34.344],[134.2031,34.3446],[134.2018,34.3438],[134.2016,34.3441],[134.2006,34.3441],[134.2,34.3443],[134.1997,34.3447],[134.1994,34.3457],[134.1989,34.3468],[134.1977,34.3464],[134.1975,34.3455],[134.1942,34.3445],[134.1923,34.3439],[134.192,34.3441],[134.1909,34.3442],[134.1912,34.345],[134.1917,34.3458],[134.1908,34.3482],[134.1908,34.3488],[134.1901,34.3497],[134.189,34.3504],[134.1881,34.3513],[134.1873,34.3515],[134.1861,34.3514],[134.1854,34.3516],[134.185,34.3513],[134.184,34.3513],[134.1831,34.3517],[134.183,34.3527],[134.1823,34.3524],[134.1827,34.3501],[134.1836,34.3493],[134.1837,34.3484],[134.1835,34.3476],[134.1831,34.3472],[134.1837,34.3465],[134.1848,34.3462],[134.1857,34.346],[134.1862,34.3462],[134.1869,34.346],[134.1873,34.3453],[134.1874,34.3442],[134.1873,34.3432],[134.1865,34.342],[134.1869,34.3407],[134.187,34.3395],[134.1867,34.3387],[134.186,34.3378],[134.1846,34.3374],[134.1854,34.3371],[134.1857,34.3364],[134.1855,34.3351],[134.1849,34.3346],[134.185,34.3336],[134.1862,34.3333],[134.1863,34.3339],[134.1867,34.3347],[134.1879,34.3344],[134.1881,34.3338],[134.1886,34.3333],[134.1894,34.3333],[134.1903,34.3328],[134.1905,34.3318],[134.1905,34.3312],[134.1898,34.3315],[134.1897,34.3323],[134.189,34.3326],[134.1793,34.3331],[134.1782,34.3322],[134.1786,34.3267],[134.18,34.3267],[134.1802,34.3264],[134.1811,34.3265],[134.1812,34.326],[134.1798,34.3252],[134.1767,34.3245],[134.174,34.3243],[134.174,34.3255],[134.1728,34.3255],[134.1707,34.3261],[134.1701,34.3252],[134.1677,34.3256],[134.1676,34.3262],[134.1669,34.3263],[134.1663,34.3259],[134.1657,34.3261],[134.1648,34.3249],[134.1649,34.3232],[134.1646,34.3226],[134.1648,34.3223],[134.1642,34.3213],[134.1629,34.3205],[134.1628,34.3197],[134.1618,34.3189],[134.1613,34.3181],[134.1606,34.3175],[134.1598,34.3159],[134.1598,34.3154],[134.1592,34.3149],[134.1591,34.3141],[134.1588,34.3138],[134.1568,34.3121],[134.1563,34.3111],[134.1554,34.3106],[134.1559,34.3098],[134.1558,34.3094],[134.1567,34.3086],[134.1583,34.3083],[134.1589,34.308],[134.1589,34.3075],[134.1593,34.3066],[134.159,34.3059],[134.159,34.3047],[134.1598,34.3042],[134.1607,34.3032],[134.1616,34.3029],[134.1613,34.302],[134.1602,34.302],[134.1592,34.3008],[134.1589,34.2992],[134.1587,34.2983],[134.1578,34.2975],[134.1577,34.2967],[134.1574,34.2963],[134.156,34.2961],[134.155,34.2952],[134.1547,34.2939],[134.1555,34.293],[134.1558,34.2919],[134.1558,34.2903],[134.1565,34.2898],[134.1567,34.2894],[134.1564,34.2883],[134.1559,34.287],[134.1562,34.2865],[134.1563,34.2851],[134.1566,34.2838],[134.1554,34.2815],[134.1559,34.2808],[134.1572,34.2811],[134.1589,34.2812],[134.1598,34.2808],[134.1604,34.2799],[134.1622,34.2786],[134.1632,34.2788],[134.1638,34.2795],[134.1645,34.2794],[134.1653,34.279],[134.1656,34.2794],[134.1663,34.2793],[134.1673,34.2789],[134.1688,34.2789],[134.1689,34.2787],[134.1688,34.2758],[134.1675,34.2751],[134.1669,34.2745],[134.1665,34.2731],[134.1664,34.2719],[134.1655,34.2693],[134.1653,34.2685],[134.1649,34.2678],[134.1641,34.2659],[134.1634,34.2659],[134.1631,34.2646],[134.1621,34.2646],[134.1627,34.2638],[134.1636,34.2637],[134.1637,34.2623],[134.1649,34.2595],[134.166,34.2576],[134.1667,34.2558],[134.167,34.2553],[134.1663,34.2548],[134.1667,34.254],[134.1662,34.2538],[134.1656,34.2541],[134.165,34.2536],[134.1638,34.253],[134.1638,34.2512],[134.1636,34.2497],[134.1631,34.2494],[134.1631,34.2486],[134.1627,34.248],[134.1635,34.248],[134.1639,34.2475],[134.1638,34.247],[134.1644,34.246],[134.1654,34.2453],[134.1658,34.2462],[134.1665,34.2455],[134.1679,34.2447],[134.1685,34.2431],[134.1693,34.2423],[134.1691,34.2416],[134.1683,34.2415],[134.1679,34.2404],[134.1691,34.239],[134.1696,34.2377],[134.1682,34.2374],[134.1675,34.2361],[134.1656,34.2359],[134.1659,34.2341],[134.1651,34.2328],[134.1651,34.2323],[134.1658,34.2318],[134.1663,34.231],[134.1667,34.23],[134.1676,34.2293],[134.1682,34.2288],[134.1686,34.2288],[134.169,34.2278],[134.1678,34.2266],[134.1679,34.2248],[134.1687,34.2244],[134.1686,34.2237],[134.1678,34.2226],[134.1678,34.222],[134.1672,34.2207],[134.1671,34.2196],[134.1664,34.2194],[134.1659,34.2189],[134.1648,34.2176],[134.1647,34.2166],[134.1638,34.2161],[134.1636,34.2156],[134.1636,34.2147],[134.164,34.2145],[134.1644,34.2137],[134.1644,34.2131],[134.1647,34.2116],[134.1652,34.211],[134.1645,34.2109],[134.1635,34.2114],[134.1632,34.2108],[134.1635,34.2083],[134.163,34.2075],[134.1632,34.2061],[134.1629,34.2055],[134.163,34.2044],[134.1628,34.2037],[134.1639,34.2035],[134.1648,34.2027],[134.1644,34.2021],[134.1648,34.2006],[134.1652,34.2001],[134.166,34.1983],[134.1658,34.1968],[134.166,34.1959],[134.1658,34.1956],[134.1641,34.1948],[134.1636,34.1933],[134.1641,34.1927],[134.1643,34.1918],[134.1641,34.1908],[134.1637,34.1903],[134.1642,34.1895],[134.165,34.1886],[134.165,34.1875],[134.1647,34.1855],[134.164,34.1844],[134.1644,34.1837],[134.1644,34.1833],[134.1638,34.1825],[134.1631,34.1829],[134.1617,34.183],[134.1609,34.1827],[134.1607,34.1819],[134.1609,34.1813],[134.1607,34.1804],[134.1615,34.1794],[134.1603,34.178],[134.1586,34.1765],[134.1587,34.1761],[134.158,34.174],[134.1582,34.1736],[134.1581,34.172],[134.1577,34.1717],[134.1561,34.1719],[134.156,34.17],[134.1556,34.1683],[134.1554,34.1667]],[[134.2737,34.2933],[134.2742,34.2924],[134.2739,34.2921],[134.2732,34.2925],[134.2737,34.2933]],[[134.2742,34.3215],[134.2724,34.3217],[134.2729,34.3223],[134.2728,34.323],[134.2733,34.3234],[134.274,34.3225],[134.2752,34.3218],[134.2748,34.3214],[134.2742,34.3215]]]},"properties":{"N03_001":"香川県","N03_002":"","N03_003":"","N03_004":"さぬき市","N03_007":"37206"}},
{"type":"Feature","geometry":{"type":"Polygon","coordinates":[[[134.2087,34.1747],[134.2111,34.1751],[134.2149,34.1764],[134.216,34.1764],[134.2176,34.1778],[134.22,34.179],[134.2206,34.1799],[134.2212,34.1799],[134.2225,34.1794],[134.2232,34.1798],[134.2237,34.1798],[134.2252,34.1791],[134.2262,34.1782],[134.2271,34.1778],[134.228,34.1786],[134.228,34.1805],[134.2283,34.1808],[134.2295,34.1806],[134.2305,34.1799],[134.2316,34.18],[134.2324,34.1806],[134.2338,34.1803],[134.235,34.1797],[134.236,34.1802],[134.237,34.1805],[134.2376,34.1802],[134.2387,34.1801],[134.2398,34.1796],[134.2405,34.1802],[134.2427,34.1798],[134.2437,34.1807],[134.2445,34.1797],[134.2452,34.1796],[134.2467,34.1789],[134.2474,34.1787],[134.248,34.1791],[134.2493,34.1795],[134.25,34.1802],[134.2508,34.1805],[134.2538,34.1807],[134.2547,34.1802],[134.2566,34.181],[134.2567,34.1819],[134.2593,34.1829],[134.2603,34.1836],[134.2616,34.1834],[134.2621,34.1831],[134.2638,34.1829],[134.2643,34.1832],[134.2653,34.183],[134.2661,34.1832],[134.2668,34.1826],[134.2675,34.1821],[134.2686,34.182],[134.2704,34.1815],[134.2722,34.1815],[134.2734,34.1811],[134.2739,34.1804],[134.2736,34.1798],[134.274,34.1796],[134.2744,34.1788],[134.2764,34.177],[134.2772,34.1765],[134.2784,34.1771],[134.2798,34.1774],[134.2816,34.1774],[134.2819,34.1783],[134.2825,34.1787],[134.2837,34.1788],[134.2846,34.1794],[134.2855,34.1798],[134.2872,34.1801],[134.2877,34.1793],[134.2886,34.179],[134.2897,34.1792],[134.2908,34.1791],[134.2922,34.1791],[134.2931,34.1782],[134.2938,34.1775],[134.294,34.1759],[134.2946,34.175],[134.295,34.174],[134.2961,34.1728],[134.2964,34.1721],[134.2968,34.1702],[134.2968,34.1694],[134.2976,34.1687],[134.2984,34.1688],[134.2989,34.1696],[134.3002,34.1703],[134.3014,34.1703],[134.3027,34.1706],[134.3052,34.1702],[134.3062,34.1709],[134.3072,34.1709],[134.3081,34.1708],[134.3087,34.171],[134.309,34.1715],[134.3093,34.1725],[134.3106,34.1747],[134.3119,34.1752],[134.3144,34.1772],[134.3165,34.1766],[134.317,34.1762],[134.3188,34.1753],[134.3216,34.1752],[134.3243,34.1743],[134.3253,34.1743],[134.3283,34.1732],[134.3293,34.1742],[134.3307,34.1747],[134.3328,34.1746],[134.3331,34.175],[134.3341,34.1755],[134.3363,34.1745],[134.3387,34.1738],[134.3402,34.1736],[134.341,34.1731],[134.3426,34.1725],[134.3442,34.1724],[134.3449,34.173],[134.3452,34.1737],[134.3459,34.1747],[134.3464,34.1757],[134.3464,34.1773],[134.3466,34.1778],[134.3465,34.1785],[134.3474,34.1799],[134.3475,34.1805],[134.3472,34.1815],[134.348,34.1831],[134.3481,34.1839],[134.3488,34.1846],[134.3498,34.1853],[134.3507,34.1853],[134.3512,34.1855],[134.3519,34.1852],[134.3535,34.1852],[134.3555,34.1853],[134.358,34.1847],[134.3591,34.1838],[134.3589,34.1831],[134.3603,34.1821],[134.3616,34.1817],[134.3624,34.182],[134.3632,34.1818],[134.3636,34.1812],[134.365,34.1804],[134.3667,34.1796],[134.368,34.1786],[134.3687,34.1783],[134.37,34.177],[134.3701,34.176],[134.3709,34.1756],[134.3717,34.1756],[134.3723,34.1751],[134.3738,34.1743],[134.375,34.1733],[134.3757,34.1718],[134.377,34.172],[134.3782,34.172],[134.3797,34.1724],[134.3813,34.1724],[134.3831,34.1721],[134.384,34.171],[134.3851,34.168],[134.3852,34.1666],[134.3849,34.1658],[134.3855,34.1651],[134.3874,34.1654],[134.3886,34.1652],[134.3901,34.1643],[134.3915,34.1638],[134.3937,34.1635],[134.3958,34.1642],[134.3971,34.1648],[134.3974,34.1653],[134.398,34.1657],[134.3983,34.1664],[134.3998,34.1671],[134.4001,34.1678],[134.402,34.168],[134.4025,34.1679],[134.4042,34.167],[134.405,34.1654],[134.406,34.1647],[134.4063,34.1638],[134.4074,34.1625],[134.408,34.1626],[134.4096,34.1623],[134.4114,34.1615],[134.4122,34.1605],[134.4122,34.1601],[134.4115,34.1593],[134.4124,34.1585],[134.4127,34.1578],[134.4128,34.1571],[134.4132,34.1569],[134.4153,34.1571],[134.4163,34.1574],[134.4196,34.1579],[134.42,34.1592],[134.4205,34.1594],[134.4219,34.1607],[134.4222,34.1619],[134.4238,34.1639],[134.4246,34.1646],[134.4252,34.1657],[134.427,34.1664],[134.4285,34.1674],[134.4303,34.1671],[134.4308,34.1673],[134.4311,34.1679],[134.4328,34.1681],[134.4333,34.1684],[134.4334,34.1691],[134.4339,34.1695],[134.4334,34.1723],[134.4328,34.1727],[134.4329,34.1734],[134.4342,34.1748],[134.4339,34.1755],[134.4337,34.1766],[134.4339,34.1779],[134.4336,34.1788],[134.4327,34.1788],[134.4306,34.179],[134.4304,34.1792],[134.4299,34.1808],[134.4293,34.1816],[134.4293,34.1833],[134.43,34.1837],[134.4302,34.1847],[134.4311,34.1853],[134.4316,34.1862],[134.4335,34.1874],[134.4349,34.1878],[134.4362,34.1886],[134.4365,34.189],[134.438,34.1894],[134.4388,34.1905],[134.4391,34.1913],[134.4388,34.1923],[134.4379,34.1939],[134.4382,34.1951],[134.4394,34.1956],[134.4389,34.1978],[134.4396,34.1984],[134.4398,34.199],[134.4407,34.1998],[134.4401,34.2009],[134.4398,34.2026],[134.4405,34.2033],[134.4401,34.2051],[134.4402,34.2073],[134.4394,34.2071],[134.4384,34.2074],[134.4378,34.207],[134.4365,34.2074],[134.4352,34.208],[134.434,34.2083],[134.4335,34.2087],[134.4324,34.209],[134.4312,34.2098],[134.4303,34.21],[134.4297,34.2106],[134.4283,34.2112],[134.4254,34.2129],[134.4257,34.2133],[134.4241,34.2142],[134.4233,34.2142],[134.4211,34.2154],[134.4164,34.2186],[134.4159,34.2192],[134.4152,34.2194],[134.415,34.2206],[134.4155,34.221],[134.4145,34.2216],[134.413,34.2221],[134.4126,34.2225],[134.412,34.2224],[134.4099,34.223],[134.4101,34.2235],[134.408,34.2246],[134.4064,34.2264],[134.4061,34.2285],[134.4064,34.2289],[134.4062,34.2302],[134.4049,34.2296],[134.4045,34.2303],[134.4049,34.2313],[134.4056,34.2319],[134.4068,34.2311],[134.4079,34.231],[134.4085,34.2315],[134.4105,34.232],[134.4111,34.2325],[134.4119,34.2325],[134.412,34.234],[134.4123,34.2342],[134.4121,34.235],[134.4115,34.2358],[134.4098,34.2364],[134.4093,34.2372],[134.4082,34.2374],[134.4071,34.238],[134.4062,34.2382],[134.4056,34.2378],[134.4044,34.2377],[134.4029,34.2381],[134.402,34.2384],[134.401,34.2381],[134.3998,34.2372],[134.3992,34.2365],[134.397,34.2377],[134.3964,34.2388],[134.3986,34.2415],[134.3987,34.2423],[134.3979,34.2432],[134.3975,34.2447],[134.3969,34.2456],[134.3958,34.2467],[134.3951,34.2479],[134.3946,34.2491],[134.3945,34.2497],[134.3937,34.2511],[134.3915,34.2536],[134.3902,34.2545],[134.3901,34.2548],[134.3875,34.2558],[134.3857,34.2568],[134.3844,34.257],[134.3831,34.2574],[134.3813,34.2584],[134.38,34.2596],[134.3789,34.2607],[134.3781,34.2617],[134.3775,34.2606],[134.3764,34.2598],[134.3754,34.2595],[134.3755,34.2587],[134.3764,34.2575],[134.3763,34.2566],[134.3771,34.2568],[134.378,34.2568],[134.3783,34.2562],[134.378,34.2558],[134.3778,34.255],[134.3766,34.2554],[134.3764,34.2548],[134.3773,34.2545],[134.3769,34.2537],[134.376,34.253],[134.3748,34.2522],[134.374,34.2519],[134.3732,34.252],[134.3725,34.2515],[134.3724,34.251],[134.3699,34.25],[134.3683,34.2496],[134.3667,34.2494],[134.3648,34.2492],[134.363,34.2499],[134.3622,34.2499],[134.3616,34.2504],[134.361,34.2505],[134.3597,34.2514],[134.3596,34.2517],[134.3587,34.2525],[134.3586,34.2528],[134.3568,34.2535],[134.3559,34.2536],[134.3541,34.2531],[134.3519,34.2521],[134.3498,34.252],[134.3477,34.2522],[134.3468,34.2525],[134.3447,34.2534],[134.3439,34.2532],[134.3432,34.2523],[134.3423,34.2528],[134.3425,34.2535],[134.3433,34.2532],[134.3433,34.2538],[134.3413,34.2546],[134.3405,34.255],[134.3413,34.256],[134.3413,34.2563],[134.3399,34.2559],[134.3386,34.2567],[134.3394,34.2577],[134.3393,34.2581],[134.3385,34.2588],[134.3358,34.2605],[134.3342,34.2586],[134.3335,34.2587],[134.3331,34.2594],[134.3322,34.2596],[134.3305,34.2606],[134.3283,34.262],[134.326,34.2636],[134.3235,34.2656],[134.3226,34.2669],[134.3218,34.2672],[134.3192,34.2695],[134.3188,34.2704],[134.3189,34.2711],[134.3178,34.2711],[134.3171,34.2715],[134.3161,34.2725],[134.3146,34.2734],[134.313,34.2747],[134.3125,34.2749],[134.3119,34.2745],[134.3112,34.2747],[134.31,34.2754],[134.3096,34.2759],[134.3089,34.2755],[134.3079,34.2762],[134.3068,34.2777],[134.3059,34.2785],[134.3053,34.278],[134.3041,34.2773],[134.3039,34.2768],[134.3029,34.2764],[134.3027,34.276],[134.302,34.2758],[134.3003,34.2757],[134.2996,34.2759],[134.2985,34.2755],[134.2976,34.2756],[134.2969,34.2745],[134.2961,34.274],[134.2949,34.2741],[134.2946,34.2745],[134.2939,34.2739],[134.2927,34.2744],[134.2915,34.2742],[134.2892,34.2749],[134.2881,34.2753],[134.2875,34.2728],[134.2877,34.2725],[134.2867,34.2703],[134.2854,34.2691],[134.2847,34.2687],[134.2831,34.2664],[134.2832,34.266],[134.283,34.265],[134.2817,34.2644],[134.2806,34.2632],[134.2793,34.2631],[134.2779,34.2638],[134.2767,34.2639],[134.2763,34.2631],[134.2768,34.2624],[134.2771,34.2611],[134.2762,34.2604],[134.276,34.2598],[134.2762,34.2586],[134.276,34.2582],[134.2744,34.2566],[134.2743,34.2561],[134.2748,34.2553],[134.2753,34.2549],[134.2754,34.2535],[134.2749,34.2528],[134.2749,34.252],[134.276,34.2514],[134.2765,34.2509],[134.2776,34.2502],[134.278,34.2501],[134.2793,34.2488],[134.2794,34.2482],[134.2781,34.2478],[134.2785,34.2468],[134.279,34.2463],[134.2799,34.2448],[134.2807,34.2443],[134.2819,34.2441],[134.281,34.2432],[134.2802,34.2431],[134.2796,34.2427],[134.279,34.2429],[134.2778,34.2422],[134.2776,34.2413],[134.2768,34.2402],[134.2772,34.2394],[134.2761,34.2383],[134.2749,34.2381],[134.2735,34.238],[134.2736,34.2373],[134.2735,34.2359],[134.2728,34.2352],[134.2728,34.2346],[134.2738,34.2337],[134.2742,34.2321],[134.2747,34.2301],[134.2751,34.2285],[134.2742,34.227],[134.2743,34.2258],[134.2742,34.225],[134.275,34.2242],[134.2748,34.2234],[134.2744,34.2228],[134.2747,34.2221],[134.2746,34.221],[134.2748,34.2207],[134.2746,34.2199],[134.2754,34.2183],[134.276,34.2157],[134.276,34.215],[134.2752,34.2149],[134.2747,34.2152],[134.2736,34.2152],[134.272,34.2156],[134.2708,34.2167],[134.2696,34.2175],[134.2691,34.2181],[134.268,34.2187],[134.2674,34.2189],[134.2664,34.2196],[134.2641,34.2206],[134.2632,34.2206],[134.2614,34.2204],[134.2594,34.2195],[134.2584,34.2195],[134.2573,34.2201],[134.2567,34.2197],[134.2558,34.2197],[134.2552,34.2199],[134.2544,34.2204],[134.2541,34.2208],[134.2531,34.2214],[134.2522,34.2211],[134.2511,34.2203],[134.2504,34.2196],[134.2492,34.2191],[134.2488,34.218],[134.2481,34.2178],[134.2464,34.2168],[134.2455,34.217],[134.2449,34.2167],[134.2438,34.2167],[134.2431,34.2165],[134.2425,34.2168],[134.2407,34.2159],[134.2402,34.2152],[134.2397,34.2149],[134.238,34.2131],[134.2376,34.2129],[134.2353,34.2123],[134.2336,34.2114],[134.2333,34.2107],[134.2312,34.2097],[134.2302,34.2095],[134.2291,34.2086],[134.2289,34.2081],[134.2278,34.2086],[134.2271,34.2085],[134.2264,34.2088],[134.2258,34.2093],[134.2236,34.209],[134.2226,34.2093],[134.2217,34.2088],[134.2205,34.2091],[134.2199,34.2099],[134.2188,34.2098],[134.2184,34.2095],[134.2172,34.2093],[134.2168,34.2089],[134.2168,34.2081],[134.2173,34.2068],[134.2171,34.2063],[134.2172,34.2045],[134.217,34.2036],[134.2151,34.2036],[134.2143,34.2034],[134.2129,34.2029],[134.21,34.2029],[134.2095,34.2028],[134.2087,34.203],[134.2082,34.2023],[134.2076,34.2019],[134.2076,34.2013],[134.2071,34.2007],[134.2069,34.1999],[134.2078,34.1993],[134.209,34.1977],[134.2093,34.1964],[134.21,34.1953],[134.2099,34.1947],[134.2106,34.194],[134.2117,34.1937],[134.2124,34.193],[134.2131,34.1915],[134.2136,34.1911],[134.2151,34.1911],[134.216,34.1908],[134.2152,34.19],[134.2149,34.1892],[134.2143,34.1888],[134.2139,34.1883],[134.214,34.1876],[134.213,34.1871],[134.2125,34.1865],[134.2127,34.1859],[134.2124,34.1849],[134.2131,34.1842],[134.2133,34.1832],[134.2144,34.1821],[134.2141,34.1812],[134.2145,34.1807],[134.2134,34.1797],[134.2134,34.1785],[134.2131,34.178],[134.2119,34.177],[134.21,34.1762],[134.2089,34.1752],[134.2087,34.1747]]]},"properties":{"N03_001":"香川県","N03_002":"","N03_003":"","N03_004":"東かがわ市","N03_007":"37207"}},
{"type":"Feature","geometry":{"type":"Polygon","coordinates":[[[133.7405,34.0502],[133.7418,34.0505],[133.743,34.0514],[133.7439,34.0519],[133.7444,34.0523],[133.7459,34.0524],[133.7468,34.053],[133.7483,34.0534],[133.7495,34.0543],[133.7499,34.0553],[133.751,34.0566],[133.7523,34.0566],[133.7527,34.0569],[133.7543,34.0587],[133.7565,34.0593],[133.757,34.0596],[133.7577,34.0605],[133.7588,34.0613],[133.7587,34.0624],[133.7601,34.0635],[133.7603,34.0646],[133.7612,34.065],[133.7619,34.0661],[133.7634,34.0668],[133.7634,34.0677],[133.7636,34.0688],[133.7634,34.0698],[133.7643,34.0707],[133.7657,34.0712],[133.767,34.0721],[133.7678,34.0723],[133.7682,34.073],[133.7691,34.0725],[133.7702,34.0726],[133.7714,34.073],[133.7727,34.0727],[133.7733,34.0736],[133.775,34.0743],[133.7763,34.0753],[133.777,34.0757],[133.778,34.0773],[133.7779,34.078],[133.778,34.0789],[133.7785,34.0795],[133.7794,34.0792],[133.7807,34.0795],[133.782,34.0801],[133.7828,34.0802],[133.7836,34.0799],[133.7853,34.0798],[133.7857,34.0792],[133.7858,34.0787],[133.7869,34.0781],[133.7888,34.0778],[133.7901,34.0781],[133.7916,34.0782],[133.7919,34.0777],[133.7901,34.0764],[133.79,34.0759],[133.7904,34.0753],[133.7915,34.0746],[133.7921,34.0738],[133.7931,34.0732],[133.7943,34.0718],[133.7958,34.0704],[133.7978,34.0698],[133.8001,34.0695],[133.8014,34.07],[133.8026,34.0701],[133.805,34.0707],[133.8063,34.0713],[133.8077,34.0718],[133.809,34.0719],[133.8103,34.0726],[133.8113,34.0726],[133.8124,34.0728],[133.8135,34.0732],[133.815,34.0733],[133.8158,34.073],[133.8171,34.0722],[133.8177,34.0722],[133.82,34.0737],[133.8191,34.0752],[133.8193,34.0758],[133.8191,34.0775],[133.8185,34.0797],[133.8194,34.0801],[133.8201,34.0807],[133.8202,34.0812],[133.82,34.0818],[133.8207,34.0828],[133.8215,34.0832],[133.8222,34.0842],[133.823,34.0848],[133.8236,34.0861],[133.8227,34.0877],[133.8229,34.0886],[133.8227,34.0892],[133.8222,34.0897],[133.8218,34.0908],[133.8218,34.0917],[133.8222,34.0922],[133.8223,34.0938],[133.8211,34.0945],[133.8206,34.0952],[133.8208,34.0961],[133.8212,34.0968],[133.8202,34.0986],[133.8193,34.0996],[133.8187,34.1005],[133.8184,34.1028],[133.8189,34.1039],[133.819,34.1052],[133.8198,34.1064],[133.8195,34.108],[133.8201,34.109],[133.8201,34.1096],[133.8195,34.1098],[133.8187,34.1115],[133.8187,34.1125],[133.8184,34.1131],[133.818,34.1134],[133.8172,34.1146],[133.8173,34.1169],[133.8176,34.1179],[133.8175,34.1185],[133.8159,34.1202],[133.8157,34.1209],[133.8161,34.1213],[133.8157,34.1222],[133.8165,34.1228],[133.8165,34.1231],[133.8173,34.1242],[133.8176,34.1251],[133.8178,34.1262],[133.8177,34.1272],[133.8183,34.1283],[133.8184,34.1292],[133.8182,34.1306],[133.8175,34.131],[133.8168,34.1317],[133.8173,34.1328],[133.8173,34.1338],[133.8169,34.1347],[133.8169,34.1353],[133.8175,34.1364],[133.8174,34.1379],[133.8163,34.1388],[133.8165,34.1407],[133.8164,34.1415],[133.8158,34.1426],[133.8162,34.1439],[133.816,34.1445],[133.8171,34.1454],[133.8171,34.1468],[133.8158,34.147],[133.8146,34.1484],[133.8133,34.1488],[133.8132,34.1492],[133.8124,34.15],[133.8118,34.1517],[133.8113,34.1521],[133.811,34.1531],[133.8114,34.1535],[133.8112,34.1552],[133.8113,34.1556],[133.8122,34.1571],[133.8122,34.1576],[133.8097,34.1572],[133.8085,34.1572],[133.8068,34.1559],[133.8059,34.1541],[133.8057,34.154],[133.8034,34.1531],[133.8025,34.1529],[133.8021,34.1545],[133.8015,34.1554],[133.8007,34.1562],[133.8007,34.1568],[133.8018,34.1596],[133.8025,34.1605],[133.8031,34.1621],[133.8039,34.1633],[133.8035,34.1646],[133.8036,34.1653],[133.8031,34.167],[133.8031,34.1685],[133.8029,34.1688],[133.8028,34.17],[133.803,34.1708],[133.8031,34.1719],[133.8035,34.1733],[133.8045,34.1747],[133.805,34.175],[133.8062,34.1752],[133.8069,34.1769],[133.8065,34.178],[133.8065,34.1787],[133.8068,34.1797],[133.8071,34.1818],[133.807,34.1822],[133.8058,34.1835],[133.8036,34.185],[133.8019,34.1865],[133.8005,34.188],[133.8001,34.188],[133.7993,34.1877],[133.7977,34.188],[133.7969,34.1885],[133.796,34.1889],[133.7959,34.1896],[133.7948,34.191],[133.7929,34.1912],[133.7917,34.1924],[133.7901,34.1942],[133.7894,34.1956],[133.7887,34.1964],[133.7875,34.1971],[133.7863,34.1982],[133.7856,34.1985],[133.7849,34.1985],[133.7841,34.198],[133.7825,34.1977],[133.7819,34.1974],[133.7805,34.1968],[133.7787,34.1963],[133.7779,34.1962],[133.7768,34.1964],[133.7762,34.1975],[133.7745,34.1983],[133.773,34.1991],[133.7722,34.1988],[133.7704,34.199],[133.7695,34.1987],[133.7677,34.1986],[133.766,34.1989],[133.7649,34.1988],[133.7641,34.1997],[133.7628,34.1996],[133.7624,34.1985],[133.7609,34.1981],[133.7604,34.198],[133.7596,34.1984],[133.7581,34.198],[133.757,34.198],[133.7562,34.1978],[133.7559,34.1981],[133.756,34.1994],[133.7554,34.201],[133.7556,34.2016],[133.7561,34.2022],[133.756,34.203],[133.7554,34.2038],[133.7542,34.2037],[133.7535,34.2041],[133.7527,34.205],[133.7519,34.2066],[133.7518,34.2073],[133.7514,34.2079],[133.7502,34.2085],[133.7496,34.2094],[133.7497,34.2104],[133.75,34.2114],[133.748,34.2122],[133.7465,34.2124],[133.7441,34.2131],[133.7416,34.2131],[133.7408,34.2126],[133.7403,34.2127],[133.7384,34.2134],[133.7375,34.2139],[133.7361,34.2158],[133.7352,34.2164],[133.7342,34.2176],[133.7335,34.2193],[133.7325,34.2201],[133.7323,34.2206],[133.7317,34.2209],[133.7316,34.2215],[133.7303,34.2224],[133.7301,34.2229],[133.7296,34.2231],[133.7294,34.2245],[133.7282,34.2252],[133.7271,34.2265],[133.7263,34.228],[133.7266,34.2289],[133.7284,34.2304],[133.7288,34.231],[133.7286,34.2328],[133.7269,34.2338],[133.7251,34.2332],[133.724,34.2319],[133.7236,34.231],[133.7215,34.2302],[133.7198,34.23],[133.7188,34.2306],[133.7186,34.2319],[133.7184,34.2322],[133.7164,34.2331],[133.7161,34.2334],[133.7153,34.2347],[133.7153,34.2355],[133.7142,34.2357],[133.7128,34.2356],[133.7116,34.2372],[133.7105,34.238],[133.7089,34.2409],[133.7075,34.2397],[133.7067,34.2399],[133.7056,34.2395],[133.7053,34.2396],[133.7042,34.2392],[133.7032,34.2376],[133.7025,34.2366],[133.7019,34.236],[133.7009,34.2357],[133.6984,34.2343],[133.6982,34.2343],[133.6946,34.2361],[133.6947,34.237],[133.6881,34.2371],[133.6879,34.2364],[133.6881,34.2352],[133.688,34.2333],[133.6859,34.2331],[133.6816,34.234],[133.6811,34.2323],[133.6796,34.2326],[133.679,34.2304],[133.6773,34.2246],[133.6777,34.2244],[133.6765,34.2232],[133.6752,34.2229],[133.674,34.222],[133.6732,34.2226],[133.6727,34.2221],[133.6722,34.2223],[133.6725,34.2229],[133.6716,34.2238],[133.6727,34.2249],[133.6741,34.2245],[133.674,34.225],[133.6746,34.2257],[133.6749,34.2256],[133.6756,34.2271],[133.6758,34.2272],[133.6785,34.2363],[133.6754,34.237],[133.6752,34.2369],[133.6724,34.2269],[133.6718,34.2266],[133.6714,34.227],[133.6681,34.233],[133.667,34.2344],[133.6682,34.234],[133.6698,34.2392],[133.6705,34.24],[133.6703,34.2406],[133.6743,34.2427],[133.6746,34.2432],[133.6742,34.2441],[133.6743,34.2451],[133.6735,34.246],[133.6735,34.2465],[133.6729,34.247],[133.6723,34.2467],[133.671,34.2473],[133.6709,34.2469],[133.6716,34.2465],[133.6711,34.2458],[133.6715,34.2456],[133.671,34.2445],[133.6702,34.2441],[133.6696,34.2432],[133.6687,34.2426],[133.6674,34.241],[133.6666,34.2405],[133.6654,34.2404],[133.6647,34.2401],[133.662,34.2395],[133.6609,34.2394],[133.6595,34.2398],[133.6589,34.2392],[133.6578,34.2388],[133.658,34.2381],[133.6576,34.2374],[133.6557,34.2353],[133.6544,34.2351],[133.6545,34.2343],[133.654,34.2341],[133.6532,34.2342],[133.652,34.2332],[133.6506,34.2329],[133.6491,34.2328],[133.6476,34.2329],[133.645,34.2337],[133.6447,34.2344],[133.6432,34.2351],[133.6431,34.2349],[133.6361,34.238],[133.6339,34.2389],[133.6327,34.2385],[133.632,34.2386],[133.6313,34.2382],[133.63,34.2378],[133.6286,34.2376],[133.6272,34.2377],[133.6264,34.2382],[133.6257,34.2375],[133.6254,34.2367],[133.625,34.2363],[133.6234,34.2361],[133.6229,34.2356],[133.6213,34.2358],[133.6202,34.2363],[133.6192,34.2369],[133.6193,34.2373],[133.6186,34.2375],[133.6173,34.2388],[133.6163,34.24],[133.6163,34.2407],[133.6166,34.2412],[133.6163,34.2418],[133.6165,34.2434],[133.6172,34.2442],[133.6183,34.2445],[133.6165,34.2451],[133.6146,34.2463],[133.6135,34.2475],[133.6129,34.2484],[133.6127,34.2496],[133.6121,34.2499],[133.6123,34.2506],[133.6104,34.251],[133.6093,34.2516],[133.6095,34.2521],[133.609,34.2524],[133.6075,34.252],[133.606,34.252],[133.6049,34.2527],[133.6044,34.2527],[133.6029,34.2533],[133.6014,34.2531],[133.6005,34.2532],[133.5997,34.2535],[133.5987,34.2537],[133.5982,34.2541],[133.5963,34.2542],[133.5957,34.2545],[133.5952,34.2544],[133.5932,34.2547],[133.5914,34.2553],[133.5902,34.256],[133.5893,34.257],[133.5889,34.2578],[133.5893,34.2581],[133.5889,34.259],[133.5895,34.2596],[133.5908,34.2598],[133.5907,34.2602],[133.5896,34.2601],[133.5882,34.2605],[133.5878,34.2609],[133.5862,34.2614],[133.5855,34.2609],[133.585,34.2609],[133.5831,34.2604],[133.5814,34.2605],[133.5806,34.2607],[133.58,34.2614],[133.5794,34.2616],[133.5782,34.2618],[133.5775,34.2625],[133.5767,34.2623],[133.5751,34.2627],[133.5743,34.2631],[133.5738,34.2636],[133.574,34.2651],[133.573,34.2651],[133.5726,34.2654],[133.5718,34.2655],[133.5709,34.2647],[133.5689,34.2647],[133.5684,34.265],[133.5666,34.2644],[133.5653,34.2636],[133.564,34.2636],[133.5631,34.2641],[133.5627,34.2634],[133.5616,34.2635],[133.5602,34.2645],[133.5594,34.2634],[133.5578,34.2625],[133.5571,34.2614],[133.5591,34.2611],[133.5598,34.2608],[133.5604,34.2602],[133.5611,34.2602],[133.5622,34.2606],[133.5631,34.26],[133.5636,34.2603],[133.5644,34.2601],[133.5659,34.2605],[133.5674,34.2602],[133.568,34.2594],[133.5688,34.2599],[133.5694,34.26],[133.5707,34.259],[133.5708,34.2585],[133.5718,34.258],[133.5723,34.2582],[133.5731,34.2584],[133.5745,34.2581],[133.5753,34.2572],[133.5757,34.2565],[133.5757,34.2557],[133.5755,34.2549],[133.5745,34.2551],[133.5739,34.2542],[133.5738,34.2534],[133.5733,34.2529],[133.5736,34.252],[133.5748,34.252],[133.5754,34.2517],[133.5765,34.2524],[133.5772,34.2519],[133.5775,34.2513],[133.5791,34.2509],[133.5793,34.2507],[133.5796,34.2491],[133.5792,34.2478],[133.5783,34.2471],[133.5769,34.2471],[133.5764,34.2469],[133.576,34.2457],[133.5746,34.2454],[133.5744,34.2458],[133.5733,34.2456],[133.573,34.2451],[133.572,34.2444],[133.5722,34.2438],[133.5727,34.2436],[133.5734,34.243],[133.5741,34.2432],[133.5747,34.2441],[133.5751,34.2443],[133.576,34.2443],[133.5779,34.243],[133.5787,34.2429],[133.5792,34.2435],[133.5796,34.2443],[133.5802,34.2444],[133.5815,34.2439],[133.582,34.2431],[133.5827,34.2436],[133.5835,34.2435],[133.5845,34.2425],[133.5842,34.2421],[133.5852,34.2419],[133.5862,34.2415],[133.587,34.2415],[133.5878,34.2408],[133.5888,34.2405],[133.5895,34.2393],[133.5904,34.2386],[133.5907,34.2381],[133.5922,34.2377],[133.5932,34.2368],[133.594,34.2365],[133.5951,34.236],[133.5968,34.2359],[133.5988,34.2346],[133.6002,34.2338],[133.6008,34.2338],[133.602,34.2341],[133.6027,34.234],[133.6038,34.2344],[133.6043,34.234],[133.6057,34.2335],[133.6053,34.2329],[133.6072,34.2307],[133.6084,34.2306],[133.6095,34.2283],[133.6094,34.228],[133.61,34.2268],[133.6103,34.2257],[133.6099,34.2255],[133.6099,34.2248],[133.6095,34.2241],[133.6094,34.2234],[133.6099,34.2226],[133.6103,34.223],[133.6111,34.2231],[133.6122,34.2222],[133.6125,34.2207],[133.6139,34.2203],[133.6142,34.22],[133.6151,34.2204],[133.6159,34.2205],[133.6163,34.2209],[133.6165,34.2216],[133.6171,34.221],[133.6191,34.2198],[133.6208,34.218],[133.621,34.2174],[133.6221,34.2156],[133.6223,34.2148],[133.6211,34.2143],[133.6206,34.2134],[133.6214,34.2128],[133.6228,34.2126],[133.6232,34.2119],[133.6237,34.2118],[133.6242,34.2122],[133.6249,34.2138],[133.6263,34.2138],[133.6277,34.2133],[133.6288,34.2128],[133.6301,34.2116],[133.6309,34.2115],[133.6321,34.2118],[133.6334,34.2108],[133.6346,34.2103],[133.6349,34.2099],[133.6352,34.2089],[133.6351,34.2075],[133.6357,34.2069],[133.635,34.2062],[133.6358,34.2051],[133.6362,34.2048],[133.6337,34.2036],[133.6346,34.2024],[133.6351,34.2029],[133.6347,34.2034],[133.6362,34.2041],[133.6367,34.2039],[133.6377,34.2043],[133.6376,34.205],[133.6384,34.2053],[133.6389,34.2043],[133.6373,34.2036],[133.6372,34.2034],[133.6374,34.2007],[133.6354,34.1998],[133.636,34.199],[133.6379,34.1999],[133.6405,34.1959],[133.6435,34.1915],[133.6444,34.1917],[133.6484,34.1935],[133.6487,34.1925],[133.6482,34.1917],[133.6493,34.1872],[133.6493,34.1862],[133.649,34.1856],[133.6476,34.185],[133.6465,34.1841],[133.646,34.1835],[133.6452,34.1817],[133.6451,34.1806],[133.6459,34.1795],[133.6469,34.1792],[133.6472,34.1784],[133.6473,34.1752],[133.6475,34.1747],[133.6476,34.171],[133.6468,34.1702],[133.6466,34.1689],[133.6462,34.1679],[133.6461,34.1659],[133.646,34.1644],[133.6471,34.1642],[133.649,34.1644],[133.6496,34.164],[133.6513,34.1638],[133.6525,34.1631],[133.6534,34.1623],[133.6542,34.162],[133.656,34.1619],[133.6567,34.1627],[133.6578,34.1632],[133.6586,34.164],[133.6596,34.1647],[133.66,34.1652],[133.6607,34.1655],[133.6618,34.1655],[133.663,34.1645],[133.6641,34.1634],[133.6649,34.163],[133.6659,34.1615],[133.6673,34.1604],[133.6682,34.1587],[133.6682,34.1578],[133.6677,34.1573],[133.6665,34.1566],[133.6661,34.156],[133.6657,34.1552],[133.6664,34.1529],[133.6665,34.1521],[133.6673,34.1508],[133.6674,34.1495],[133.6673,34.1483],[133.6674,34.1472],[133.6673,34.1461],[133.6681,34.1454],[133.6684,34.1444],[133.6691,34.1434],[133.6699,34.1434],[133.6704,34.1429],[133.6731,34.142],[133.6761,34.1412],[133.6802,34.1391],[133.6825,34.1381],[133.6843,34.1376],[133.6852,34.137],[133.6872,34.1362],[133.6877,34.1358],[133.6895,34.1361],[133.6899,34.1367],[133.6924,34.1376],[133.6945,34.1371],[133.6988,34.1357],[133.7012,34.1346],[133.7028,34.1335],[133.7087,34.1295],[133.7097,34.1291],[133.7122,34.1288],[133.7103,34.1258],[133.7102,34.1252],[133.7125,34.1242],[133.7125,34.1238],[133.7122,34.1231],[133.7127,34.1228],[133.7123,34.1223],[133.7123,34.1215],[133.7126,34.1211],[133.7116,34.1194],[133.7117,34.1189],[133.7111,34.1187],[133.7107,34.1182],[133.711,34.1177],[133.7115,34.1175],[133.7126,34.116],[133.713,34.1148],[133.7125,34.1144],[133.7115,34.1157],[133.7105,34.1166],[133.7098,34.1162],[133.7108,34.1149],[133.7117,34.1136],[133.7123,34.1133],[133.7124,34.1128],[133.713,34.1122],[133.7124,34.1117],[133.7129,34.1111],[133.7122,34.1106],[133.7126,34.1102],[133.7117,34.1098],[133.7117,34.1093],[133.7121,34.1081],[133.7118,34.1067],[133.711,34.1066],[133.7111,34.1055],[133.7099,34.1054],[133.7098,34.1057],[133.7089,34.1055],[133.7085,34.1049],[133.7089,34.1041],[133.7093,34.1042],[133.7097,34.1031],[133.7101,34.1035],[133.7111,34.1027],[133.7121,34.1028],[133.7119,34.1035],[133.713,34.1037],[133.7132,34.1033],[133.7145,34.1023],[133.7159,34.1026],[133.7165,34.1024],[133.7167,34.1018],[133.7158,34.1002],[133.7158,34.0992],[133.7152,34.0991],[133.7152,34.0981],[133.7154,34.0967],[133.7149,34.0961],[133.7152,34.0946],[133.7158,34.0932],[133.717,34.0919],[133.7176,34.0914],[133.7174,34.09],[133.717,34.089],[133.7169,34.0881],[133.7172,34.0877],[133.7191,34.0882],[133.72,34.0887],[133.7209,34.0888],[133.7218,34.0894],[133.7233,34.0889],[133.7236,34.0886],[133.7245,34.0887],[133.7255,34.0879],[133.7264,34.0883],[133.7268,34.0881],[133.7278,34.0872],[133.7282,34.0861],[133.729,34.085],[133.7291,34.0844],[133.73,34.0839],[133.7305,34.0838],[133.732,34.0842],[133.7324,34.0837],[133.7324,34.0831],[133.7322,34.0822],[133.7312,34.0807],[133.731,34.0796],[133.7311,34.0791],[133.7321,34.0785],[133.7327,34.077],[133.7328,34.076],[133.7335,34.0757],[133.7337,34.0749],[133.7334,34.0733],[133.7337,34.0719],[133.7333,34.0711],[133.7344,34.0708],[133.7343,34.0703],[133.7334,34.0695],[133.7335,34.0677],[133.7338,34.0671],[133.7335,34.0658],[133.7338,34.0639],[133.7338,34.0632],[133.7343,34.0616],[133.7349,34.061],[133.7361,34.0605],[133.7365,34.0602],[133.7368,34.059],[133.7384,34.0576],[133.7386,34.0562],[133.7394,34.0545],[133.7396,34.0533],[133.7394,34.052],[133.7402,34.0508],[133.7405,34.0502]],[[133.6083,34.2167],[133.6079,34.2169],[133.6078,34.2179],[133.6079,34.2186],[133.6075,34.2198],[133.6095,34.221],[133.6102,34.2205],[133.6104,34.2192],[133.6104,34.2182],[133.61,34.2169],[133.6095,34.2163],[133.6091,34.2162],[133.6083,34.2167]],[[133.625,34.1998],[133.624,34.1996],[133.6234,34.1999],[133.6225,34.1999],[133.623,34.2009],[133.6221,34.2011],[133.6223,34.202],[133.623,34.2022],[133.6233,34.2027],[133.624,34.2027],[133.6248,34.2035],[133.6253,34.2035],[133.6258,34.2027],[133.6266,34.2028],[133.6275,34.2035],[133.628,34.2032],[133.6273,34.2025],[133.6274,34.202],[133.628,34.2013],[133.6281,34.2007],[133.6301,34.1997],[133.6312,34.1988],[133.6309,34.1982],[133.6311,34.1974],[133.6303,34.1965],[133.6297,34.197],[133.6299,34.1977],[133.6295,34.1981],[133.6284,34.1984],[133.6277,34.1981],[133.6271,34.1983],[133.627,34.1988],[133.6265,34.1991],[133.6256,34.1991],[133.6255,34.1985],[133.6248,34.1979],[133.6238,34.1981],[133.6239,34.1987],[133.6245,34.1989],[133.6252,34.1995],[133.625,34.1998]],[[133.6333,34.1949],[133.633,34.1941],[133.6335,34.1936],[133.6345,34.1934],[133.6358,34.1936],[133.636,34.193],[133.6353,34.1925],[133.6339,34.1923],[133.6331,34.1917],[133.6309,34.1926],[133.6308,34.1935],[133.631,34.1943],[133.6317,34.1942],[133.6325,34.1948],[133.6333,34.1949]]]},"properties":{"N03_001":"香川県","N03_002":"","N03_003":"","N03_004":"三豊市","N03_007":"37208"}},
{"type":"Feature","geometry":{"type":"MultiPolygon","coordinates":[]},"properties":{"N03_001":"香川県","N03_002":"","N03_003":"小豆郡","N03_004":"土庄町","N03_007":"37322"}},
{"type":"Feature","geometry":{"type":"Polygon","coordinates":[[[134.1998,34.4827],[134.2015,34.4823],[134.2023,34.4817],[134.2025,34.481],[134.2024,34.4802],[134.2032,34.4802],[134.2042,34.4809],[134.2049,34.482],[134.2066,34.4824],[134.2065,34.4827],[134.2073,34.4832],[134.2088,34.4831],[134.2106,34.4823],[134.2114,34.4817],[134.2121,34.4815],[134.2135,34.4805],[134.2144,34.4796],[134.2154,34.4783],[134.2151,34.4771],[134.2142,34.4769],[134.2152,34.4756],[134.2152,34.4748],[134.2165,34.4736],[134.2169,34.4742],[134.2181,34.4743],[134.2188,34.475],[134.2189,34.4757],[134.2195,34.4763],[134.2211,34.4769],[134.2213,34.4779],[134.2218,34.4786],[134.2244,34.4792],[134.2244,34.4789],[134.2253,34.4786],[134.2258,34.4793],[134.2264,34.4797],[134.2259,34.4804],[134.2268,34.481],[134.2284,34.4806],[134.2281,34.4802],[134.2272,34.4797],[134.2276,34.4793],[134.2285,34.4798],[134.2296,34.4787],[134.2304,34.4792],[134.2307,34.4788],[134.2315,34.4785],[134.2335,34.4765],[134.233,34.4756],[134.2325,34.4743],[134.2321,34.4738],[134.2308,34.4737],[134.2295,34.4724],[134.2296,34.4716],[134.2293,34.4712],[134.2297,34.47],[134.2296,34.4689],[134.2306,34.4689],[134.2316,34.4695],[134.2324,34.4696],[134.2329,34.4694],[134.2349,34.47],[134.2357,34.4707],[134.2361,34.4705],[134.2376,34.4689],[134.2384,34.4671],[134.2385,34.4663],[134.2382,34.4654],[134.2377,34.4652],[134.2364,34.4651],[134.2365,34.4643],[134.2363,34.4632],[134.237,34.4629],[134.2375,34.4636],[134.2384,34.4637],[134.2399,34.4632],[134.2408,34.4633],[134.2414,34.4626],[134.2419,34.4613],[134.2423,34.4591],[134.243,34.4586],[134.242,34.4584],[134.2416,34.4579],[134.241,34.4577],[134.2393,34.4566],[134.2381,34.4561],[134.2377,34.4555],[134.2378,34.4546],[134.2384,34.454],[134.2388,34.4525],[134.2387,34.4521],[134.2389,34.4506],[134.2384,34.4501],[134.238,34.4494],[134.2364,34.4481],[134.2358,34.4474],[134.2355,34.4453],[134.2352,34.4446],[134.2345,34.444],[134.2333,34.4435],[134.2329,34.4432],[134.2304,34.4427],[134.2297,34.4429],[134.2284,34.4425],[134.2277,34.4426],[134.2263,34.4418],[134.2246,34.4404],[134.2238,34.4393],[134.2235,34.4384],[134.2243,34.4374],[134.2251,34.4371],[134.2257,34.4371],[134.2269,34.4366],[134.2285,34.4366],[134.2312,34.437],[134.2337,34.4378],[134.2342,34.4377],[134.2352,34.438],[134.2353,34.4383],[134.2362,34.4384],[134.2371,34.4376],[134.2379,34.436],[134.2382,34.4348],[134.2383,34.434],[134.2387,34.4325],[134.2385,34.4319],[134.2378,34.4307],[134.2369,34.4299],[134.2354,34.4294],[134.2347,34.4296],[134.2338,34.4305],[134.2342,34.4312],[134.2341,34.4318],[134.2334,34.4323],[134.2325,34.4322],[134.2324,34.4317],[134.2332,34.4311],[134.2332,34.4305],[134.2329,34.4283],[134.2308,34.4276],[134.2297,34.4277],[134.2283,34.4273],[134.2263,34.4269],[134.2254,34.4266],[134.2249,34.4262],[134.2246,34.425],[134.2252,34.4241],[134.2256,34.4239],[134.2267,34.4226],[134.2278,34.4221],[134.229,34.4211],[134.2293,34.4205],[134.2295,34.4194],[134.2299,34.4191],[134.2302,34.4181],[134.2307,34.4173],[134.2311,34.4156],[134.2322,34.4148],[134.2329,34.4147],[134.235,34.4149],[134.2355,34.4148],[134.2371,34.4152],[134.2393,34.4154],[134.2406,34.4163],[134.2411,34.4163],[134.242,34.417],[134.2432,34.4174],[134.2446,34.4184],[134.2457,34.4188],[134.2467,34.4199],[134.2467,34.4204],[134.2471,34.4212],[134.248,34.4219],[134.2488,34.4221],[134.2491,34.4227],[134.2505,34.4235],[134.2513,34.4244],[134.2506,34.425],[134.2497,34.425],[134.2483,34.4254],[134.2483,34.4258],[134.2467,34.4273],[134.2469,34.4284],[134.2475,34.4295],[134.2469,34.4302],[134.2479,34.4321],[134.2486,34.4335],[134.2494,34.4341],[134.2503,34.4344],[134.2507,34.4353],[134.2517,34.4363],[134.2518,34.4374],[134.2513,34.439],[134.2517,34.4397],[134.2534,34.4415],[134.2541,34.4418],[134.2555,34.4417],[134.2566,34.4424],[134.2572,34.443],[134.2575,34.4437],[134.2569,34.4443],[134.2571,34.4449],[134.2578,34.4458],[134.2601,34.448],[134.2612,34.4488],[134.2623,34.4489],[134.2626,34.4497],[134.2623,34.45],[134.262,34.451],[134.2611,34.4515],[134.2604,34.4527],[134.2599,34.4528],[134.26,34.4537],[134.2596,34.4544],[134.2598,34.4551],[134.261,34.4567],[134.2623,34.4579],[134.2637,34.4591],[134.2641,34.4598],[134.265,34.4604],[134.265,34.4609],[134.2646,34.4616],[134.2654,34.4622],[134.2656,34.4631],[134.2669,34.4636],[134.2669,34.4659],[134.2672,34.467],[134.2676,34.4679],[134.2695,34.4687],[134.2726,34.469],[134.2744,34.469],[134.2751,34.4689],[134.276,34.469],[134.277,34.4695],[134.2781,34.4698],[134.2788,34.4709],[134.28,34.4711],[134.2802,34.4714],[134.2821,34.471],[134.2829,34.471],[134.2831,34.4714],[134.2842,34.4725],[134.2853,34.4732],[134.2871,34.4735],[134.2889,34.4736],[134.2892,34.474],[134.2914,34.4753],[134.2927,34.4758],[134.293,34.4768],[134.294,34.4785],[134.2963,34.4797],[134.2981,34.4796],[134.2989,34.4791],[134.299,34.4787],[134.2985,34.4784],[134.301,34.4766],[134.3017,34.4772],[134.3016,34.4779],[134.302,34.4783],[134.3039,34.4769],[134.3053,34.477],[134.3102,34.4775],[134.3119,34.4768],[134.312,34.4756],[134.3129,34.4747],[134.3138,34.4755],[134.3146,34.4744],[134.3128,34.474],[134.313,34.473],[134.316,34.471],[134.3164,34.4716],[134.3177,34.4714],[134.3178,34.471],[134.3173,34.4706],[134.3157,34.4704],[134.3159,34.4692],[134.3162,34.469],[134.3164,34.4678],[134.3176,34.468],[134.3177,34.4661],[134.3175,34.4648],[134.3156,34.4649],[134.3155,34.4637],[134.3169,34.4634],[134.3172,34.4624],[134.3162,34.462],[134.3151,34.4628],[134.3152,34.4622],[134.3162,34.4614],[134.3162,34.4605],[134.3169,34.4601],[134.3167,34.4596],[134.3156,34.4589],[134.3149,34.4591],[134.315,34.46],[134.3144,34.4604],[134.3137,34.4599],[134.3122,34.4602],[134.3106,34.4613],[134.3094,34.4627],[134.3084,34.463],[134.3074,34.463],[134.3057,34.4617],[134.3053,34.4615],[134.3045,34.4606],[134.3027,34.4598],[134.3013,34.4596],[134.3008,34.4598],[134.2999,34.4605],[134.2972,34.4624],[134.2969,34.4631],[134.2962,34.4633],[134.2959,34.4627],[134.296,34.462],[134.2957,34.4615],[134.295,34.4609],[134.2929,34.4611],[134.2915,34.4615],[134.2905,34.4621],[134.2899,34.4624],[134.2891,34.4622],[134.2884,34.4614],[134.2877,34.4612],[134.2867,34.4613],[134.286,34.4609],[134.2851,34.461],[134.2842,34.4608],[134.2837,34.4603],[134.283,34.4591],[134.2832,34.4571],[134.2838,34.4555],[134.2839,34.4544],[134.2846,34.4524],[134.2856,34.4523],[134.2862,34.4507],[134.2869,34.4504],[134.2872,34.4498],[134.2867,34.4476],[134.2854,34.4463],[134.2844,34.4456],[134.2839,34.4457],[134.2833,34.4465],[134.2811,34.4482],[134.2808,34.4483],[134.2798,34.4481],[134.2791,34.4483],[134.2782,34.4481],[134.2781,34.4474],[134.2783,34.4469],[134.2793,34.4462],[134.28,34.4452],[134.2806,34.4439],[134.2825,34.4434],[134.2834,34.4428],[134.2838,34.4418],[134.2844,34.4422],[134.2849,34.4439],[134.2867,34.4458],[134.2881,34.4465],[134.2896,34.4466],[134.2903,34.4471],[134.2923,34.4468],[134.2927,34.447],[134.293,34.4476],[134.2946,34.4488],[134.2955,34.4491],[134.2959,34.4498],[134.2983,34.4503],[134.2984,34.451],[134.2991,34.4513],[134.2993,34.4523],[134.2998,34.4527],[134.2996,34.4538],[134.3,34.4544],[134.2997,34.455],[134.3002,34.4563],[134.3018,34.4573],[134.3031,34.4578],[134.3039,34.4579],[134.3044,34.4578],[134.305,34.457],[134.3059,34.4563],[134.3065,34.456],[134.307,34.4553],[134.3079,34.4559],[134.3086,34.4558],[134.3092,34.4551],[134.3097,34.4556],[134.3106,34.4559],[134.312,34.4556],[134.3124,34.4548],[134.314,34.4545],[134.3145,34.4549],[134.3153,34.4564],[134.3168,34.457],[134.3185,34.4575],[134.3187,34.4579],[134.3196,34.458],[134.3212,34.4567],[134.32,34.4562],[134.3203,34.4558],[134.3214,34.4558],[134.3222,34.4555],[134.3231,34.4544],[134.3235,34.4536],[134.3235,34.4521],[134.3243,34.4513],[134.3246,34.4514],[134.3253,34.4509],[134.3248,34.4499],[134.3248,34.4495],[134.3258,34.449],[134.3264,34.4488],[134.3284,34.4477],[134.3284,34.4474],[134.3292,34.4468],[134.33,34.4458],[134.3301,34.4453],[134.3299,34.4445],[134.3291,34.4431],[134.3292,34.4425],[134.3296,34.4416],[134.3298,34.4407],[134.3305,34.4397],[134.332,34.4373],[134.3325,34.4362],[134.3333,34.4351],[134.3349,34.4341],[134.3358,34.4334],[134.3368,34.4329],[134.3378,34.4329],[134.3383,34.4333],[134.3384,34.4339],[134.3391,34.435],[134.3398,34.4366],[134.34,34.4375],[134.3404,34.4378],[134.3399,34.4387],[134.3393,34.4402],[134.3388,34.4405],[134.3378,34.4416],[134.3367,34.4434],[134.3361,34.4447],[134.3358,34.4457],[134.3359,34.4467],[134.3354,34.4473],[134.3355,34.4481],[134.3361,34.4486],[134.3361,34.4494],[134.3367,34.4505],[134.3372,34.4509],[134.3382,34.4513],[134.3392,34.451],[134.3401,34.451],[134.3409,34.4522],[134.3423,34.4533],[134.3432,34.4532],[134.3436,34.4539],[134.3436,34.4547],[134.3442,34.4554],[134.3446,34.4561],[134.3455,34.4574],[134.3469,34.4583],[134.3477,34.4592],[134.3487,34.4602],[134.3489,34.4609],[134.3494,34.4612],[134.3492,34.462],[134.3493,34.4642],[134.3501,34.4653],[134.351,34.4669],[134.3506,34.4672],[134.3511,34.4685],[134.3522,34.4694],[134.3527,34.4701],[134.3526,34.4707],[134.3516,34.4711],[134.3511,34.4721],[134.3512,34.4728],[134.3532,34.4754],[134.3536,34.4762],[134.3536,34.4777],[134.3524,34.4786],[134.3514,34.4786],[134.3504,34.4792],[134.3491,34.4787],[134.3485,34.4788],[134.3479,34.4791],[134.3474,34.4798],[134.3474,34.4807],[134.3466,34.482],[134.3462,34.4821],[134.3456,34.4816],[134.3451,34.4817],[134.3438,34.4827],[134.3436,34.4835],[134.343,34.4845],[134.343,34.4857],[134.3435,34.4861],[134.3437,34.4873],[134.3431,34.4873],[134.3428,34.4879],[134.3433,34.4897],[134.3443,34.4909],[134.3454,34.4912],[134.3453,34.4906],[134.3461,34.4901],[134.3471,34.4907],[134.3477,34.4907],[134.3499,34.4913],[134.3503,34.4917],[134.351,34.4919],[134.3519,34.4917],[134.3518,34.4924],[134.3513,34.4927],[134.3508,34.4943],[134.351,34.4955],[134.3506,34.4963],[134.3506,34.4982],[134.3495,34.4992],[134.3491,34.4991],[134.3478,34.4996],[134.3473,34.5004],[134.3476,34.5022],[134.3481,34.5028],[134.3481,34.5033],[134.3486,34.5043],[134.35,34.5061],[134.351,34.5063],[134.3521,34.5071],[134.3522,34.5074],[134.3535,34.5075],[134.3542,34.5078],[134.3539,34.509],[134.3553,34.5098],[134.3558,34.5104],[134.3558,34.5109],[134.3564,34.5111],[134.3564,34.5117],[134.356,34.5126],[134.3561,34.513],[134.3557,34.5136],[134.356,34.5149],[134.356,34.5158],[134.3565,34.5166],[134.3555,34.5172],[134.3554,34.5176],[134.3562,34.5199],[134.3556,34.5208],[134.3549,34.5222],[134.3551,34.5235],[134.3554,34.5241],[134.3565,34.5254],[134.357,34.5258],[134.3573,34.5266],[134.3583,34.5274],[134.3593,34.5278],[134.3601,34.529],[134.3601,34.5296],[134.3599,34.5306],[134.3594,34.531],[134.3595,34.5317],[134.3599,34.5325],[134.3601,34.5336],[134.3584,34.5337],[134.3579,34.534],[134.3574,34.5349],[134.357,34.535],[134.3562,34.5358],[134.3559,34.537],[134.3556,34.5373],[134.3553,34.5381],[134.3555,34.539],[134.3554,34.5393],[134.3562,34.5402],[134.3565,34.5403],[134.3583,34.5411],[134.3594,34.5409],[134.3601,34.5412],[134.3606,34.5408],[134.3617,34.541],[134.3621,34.5413],[134.362,34.5419],[134.361,34.5419],[134.3602,34.5418],[134.3591,34.5423],[134.3583,34.5421],[134.3577,34.5416],[134.3566,34.5418],[134.3555,34.5414],[134.3562,34.5405],[134.355,34.5388],[134.3541,34.5386],[134.3532,34.5386],[134.3516,34.5383],[134.3508,34.5386],[134.3497,34.5393],[134.349,34.539],[134.3479,34.5392],[134.3472,34.5398],[134.3467,34.5406],[134.3458,34.5403],[134.3452,34.5408],[134.3448,34.5408],[134.3448,34.5416],[134.3444,34.5427],[134.3443,34.544],[134.3437,34.5441],[134.3436,34.545],[134.3443,34.5457],[134.3452,34.5458],[134.3453,34.5452],[134.3476,34.5465],[134.3478,34.5481],[134.3477,34.5492],[134.3475,34.5496],[134.3479,34.5511],[134.3486,34.5515],[134.3494,34.5517],[134.3501,34.5516],[134.3501,34.5525],[134.3508,34.5538],[134.3511,34.554],[134.3523,34.5556],[134.353,34.5561],[134.3544,34.5568],[134.3544,34.5573],[134.3552,34.5578],[134.3565,34.5574],[134.3573,34.5569],[134.3589,34.5573],[134.361,34.5571],[134.3617,34.5575],[134.3631,34.5577],[134.3639,34.5592],[134.3646,34.5598],[134.3653,34.5599],[134.3668,34.561],[134.3664,34.5615],[134.3652,34.5612],[134.3649,34.5613],[134.3635,34.5605],[134.3624,34.5603],[134.3611,34.5605],[134.3605,34.5603],[134.3597,34.5606],[134.3589,34.5606],[134.358,34.5602],[134.3574,34.5602],[134.3564,34.5608],[134.3553,34.5595],[134.3551,34.5588],[134.354,34.5575],[134.3523,34.557],[134.3502,34.5574],[134.3499,34.557],[134.3491,34.557],[134.3487,34.5567],[134.3484,34.5559],[134.3474,34.5558],[134.3467,34.5561],[134.3461,34.557],[134.3461,34.5578],[134.3469,34.5599],[134.346,34.5602],[134.3466,34.5608],[134.3474,34.561],[134.3492,34.5604],[134.35,34.5607],[134.3507,34.5615],[134.3509,34.5621],[134.3515,34.5627],[134.3511,34.5639],[134.3503,34.5641],[134.3485,34.5646],[134.3466,34.5648],[134.3448,34.5646],[134.3424,34.5636],[134.3419,34.5635],[134.3403,34.5638],[134.3394,34.5633],[134.3384,34.5633],[134.3375,34.5625],[134.3368,34.5624],[134.3354,34.5626],[134.3348,34.5631],[134.3336,34.5633],[134.3325,34.5632],[134.3321,34.5627],[134.3318,34.5621],[134.3316,34.5616],[134.3316,34.5614],[134.3314,34.5609],[134.3314,34.5603],[134.3312,34.5597],[134.3311,34.5595],[134.3307,34.559],[134.3304,34.5583],[134.3304,34.5582],[134.3295,34.5568],[134.3289,34.556],[134.3283,34.5555],[134.327,34.5547],[134.3261,34.5542],[134.3257,34.554],[134.3252,34.5538],[134.325,34.5537],[134.3247,34.5537],[134.324,34.5536],[134.3234,34.5534],[134.323,34.5533],[134.3229,34.5532],[134.3228,34.5529],[134.3227,34.5526],[134.3228,34.5523],[134.3228,34.5517],[134.3228,34.5512],[134.3228,34.5509],[134.3227,34.5506],[134.3223,34.5501],[134.3223,34.55],[134.3219,34.5495],[134.3213,34.5491],[134.321,34.5489],[134.3205,34.5486],[134.3202,34.5484],[134.3197,34.548],[134.3196,34.548],[134.3193,34.5478],[134.3192,34.5475],[134.3192,34.5472],[134.3192,34.5468],[134.3193,34.5465],[134.3195,34.5461],[134.3197,34.5458],[134.32,34.5455],[134.3203,34.5452],[134.3203,34.545],[134.3204,34.5447],[134.3204,34.5444],[134.3201,34.5435],[134.3199,34.5429],[134.3193,34.5418],[134.3192,34.5417],[134.3184,34.5403],[134.3181,34.5398],[134.3178,34.5393],[134.3175,34.5387],[134.3172,34.538],[134.317,34.5371],[134.3168,34.5363],[134.3167,34.5361],[134.3163,34.5354],[134.3159,34.5346],[134.3157,34.5341],[134.3156,34.5333],[134.3155,34.5328],[134.3154,34.5323],[134.3153,34.532],[134.3151,34.5317],[134.315,34.5312],[134.3147,34.5303],[134.3142,34.5287],[134.3137,34.5274],[134.313,34.5254],[134.3128,34.525],[134.3122,34.5238],[134.3119,34.5228],[134.3116,34.5229],[134.309,34.523],[134.3083,34.523],[134.3068,34.523],[134.3057,34.523],[134.3054,34.523],[134.3052,34.5229],[134.3045,34.5222],[134.304,34.5214],[134.3036,34.5203],[134.3032,34.5195],[134.3029,34.5189],[134.3025,34.5181],[134.3024,34.5181],[134.3022,34.518],[134.302,34.5179],[134.3015,34.5179],[134.3014,34.5179],[134.3,34.5177],[134.2999,34.5177],[134.2991,34.5177],[134.2965,34.5177],[134.2959,34.5177],[134.2956,34.5177],[134.294,34.5177],[134.2933,34.5177],[134.2921,34.5177],[134.2917,34.5177],[134.2905,34.5177],[134.2892,34.5177],[134.289,34.5177],[134.2873,34.5177],[134.2869,34.5178],[134.2833,34.5186],[134.2825,34.5188],[134.2824,34.5188],[134.2793,34.5194],[134.2792,34.5184],[134.279,34.5168],[134.279,34.5167],[134.2789,34.5151],[134.2789,34.5144],[134.2788,34.5141],[134.2786,34.5139],[134.2783,34.5134],[134.2781,34.5132],[134.2778,34.5133],[134.2774,34.5134],[134.2771,34.5135],[134.2765,34.5138],[134.2764,34.5138],[134.2761,34.5141],[134.2757,34.5147],[134.2756,34.5148],[134.2753,34.515],[134.275,34.5153],[134.2749,34.5154],[134.2747,34.5155],[134.2745,34.5154],[134.2733,34.5149],[134.2725,34.5146],[134.2722,34.5145],[134.2715,34.5143],[134.2706,34.514],[134.2693,34.5135],[134.2685,34.5131],[134.2683,34.513],[134.2677,34.5126],[134.2674,34.5125],[134.2674,34.5124],[134.2667,34.5121],[134.2661,34.5119],[134.2655,34.5118],[134.2652,34.5117],[134.2649,34.5118],[134.2642,34.512],[134.2612,34.5123],[134.2596,34.5126],[134.2592,34.5126],[134.2589,34.5128],[134.2587,34.513],[134.2587,34.5132],[134.2587,34.5133],[134.2587,34.5134],[134.2587,34.5135],[134.2589,34.5137],[134.2596,34.5144],[134.2601,34.5148],[134.2608,34.5154],[134.2611,34.5157],[134.2612,34.5158],[134.2612,34.516],[134.2612,34.5163],[134.2611,34.5167],[134.2611,34.5169],[134.2609,34.5172],[134.2608,34.5176],[134.2608,34.5178],[134.2607,34.5179],[134.2605,34.5179],[134.2599,34.5179],[134.2592,34.5179],[134.259,34.5179],[134.2589,34.518],[134.2585,34.5181],[134.2583,34.5181],[134.258,34.5182],[134.2575,34.5182],[134.2572,34.5182],[134.2571,34.5181],[134.2568,34.5177],[134.2567,34.5175],[134.2562,34.5167],[134.2561,34.5164],[134.2557,34.5156],[134.2553,34.515],[134.2549,34.5141],[134.2548,34.5138],[134.2547,34.5137],[134.2542,34.5133],[134.2538,34.513],[134.2531,34.5126],[134.2525,34.5122],[134.2523,34.5121],[134.2523,34.512],[134.2523,34.5119],[134.2526,34.5117],[134.2529,34.5116],[134.2531,34.5115],[134.2534,34.5112],[134.2539,34.5111],[134.2541,34.511],[134.2546,34.511],[134.2547,34.5109],[134.2555,34.5108],[134.2565,34.5106],[134.2578,34.5103],[134.2584,34.5101],[134.2588,34.5099],[134.2593,34.5096],[134.2594,34.5094],[134.2596,34.5091],[134.2597,34.5087],[134.2598,34.5085],[134.2597,34.5084],[134.2597,34.5083],[134.2596,34.5081],[134.2594,34.508],[134.2589,34.5079],[134.2586,34.5078],[134.2585,34.5077],[134.2584,34.5076],[134.2583,34.5076],[134.2582,34.5075],[134.2577,34.5071],[134.2575,34.5069],[134.2573,34.5068],[134.2571,34.5068],[134.2565,34.5069],[134.2563,34.5069],[134.2561,34.5069],[134.2558,34.5069],[134.255,34.5068],[134.2546,34.5068],[134.2544,34.5068],[134.2539,34.5066],[134.2535,34.5066],[134.2532,34.5066],[134.2529,34.5066],[134.2528,34.5068],[134.2526,34.507],[134.2524,34.5071],[134.252,34.5073],[134.2518,34.5075],[134.2517,34.5078],[134.2516,34.5083],[134.2515,34.5088],[134.2514,34.509],[134.2512,34.5091],[134.2508,34.5093],[134.2505,34.5093],[134.2503,34.5092],[134.25,34.509],[134.2499,34.509],[134.2495,34.5088],[134.2491,34.5087],[134.2485,34.5086],[134.2478,34.5085],[134.2473,34.5086],[134.2469,34.5086],[134.2464,34.5086],[134.246,34.5086],[134.2459,34.5086],[134.2456,34.5087],[134.2453,34.5089],[134.2448,34.5092],[134.2445,34.5095],[134.2444,34.5097],[134.2439,34.5102],[134.2438,34.5104],[134.2435,34.5105],[134.2428,34.5107],[134.2423,34.5108],[134.2421,34.5109],[134.2418,34.5111],[134.2417,34.5112],[134.2412,34.5114],[134.2407,34.5117],[134.2405,34.5117],[134.24,34.5115],[134.2393,34.5112],[134.2389,34.5111],[134.2383,34.511],[134.2377,34.5108],[134.2371,34.5107],[134.2367,34.5106],[134.2366,34.5106],[134.2364,34.5104],[134.2356,34.51],[134.2351,34.5098],[134.2342,34.5091],[134.2333,34.5085],[134.233,34.5083],[134.2329,34.5082],[134.2328,34.5081],[134.2327,34.5079],[134.2324,34.5069],[134.232,34.5057],[134.2316,34.5046],[134.2315,34.5042],[134.2313,34.5036],[134.2312,34.5034],[134.2313,34.5033],[134.2313,34.5031],[134.2309,34.5029],[134.2306,34.5028],[134.2302,34.5028],[134.2299,34.5028],[134.2299,34.5027],[134.2298,34.5026],[134.2296,34.5026],[134.2293,34.5026],[134.2289,34.5026],[134.2284,34.5027],[134.2278,34.5027],[134.2277,34.5027],[134.2273,34.5028],[134.2271,34.5027],[134.2271,34.5026],[134.2272,34.5022],[134.2275,34.5014],[134.2276,34.5009],[134.2276,34.5006],[134.2275,34.5004],[134.2274,34.5001],[134.2273,34.5],[134.2271,34.4998],[134.2268,34.4996],[134.2264,34.4994],[134.2262,34.4993],[134.226,34.4989],[134.2255,34.4983],[134.2254,34.4977],[134.2253,34.4975],[134.2254,34.4971],[134.2253,34.4967],[134.2252,34.4964],[134.225,34.4963],[134.2246,34.4961],[134.2242,34.496],[134.2241,34.4959],[134.224,34.4956],[134.2239,34.4955],[134.2238,34.4951],[134.2236,34.495],[134.2235,34.4949],[134.2232,34.4949],[134.2229,34.4949],[134.2226,34.4949],[134.2223,34.4948],[134.222,34.4947],[134.2218,34.4946],[134.2215,34.4947],[134.2211,34.4946],[134.221,34.4946],[134.2209,34.4943],[134.2207,34.4942],[134.2206,34.4941],[134.2203,34.4941],[134.2201,34.4941],[134.2199,34.4941],[134.2198,34.4941],[134.2197,34.4941],[134.2195,34.4939],[134.2193,34.4939],[134.2191,34.4939],[134.2185,34.4937],[134.2179,34.4935],[134.2172,34.4931],[134.2168,34.4929],[134.2167,34.4927],[134.2166,34.4926],[134.2163,34.4924],[134.2161,34.4923],[134.2157,34.4922],[134.215,34.4921],[134.2147,34.492],[134.2145,34.4919],[134.2143,34.4919],[134.2139,34.4917],[134.2134,34.4914],[134.2131,34.4913],[134.2127,34.4912],[134.2123,34.491],[134.2119,34.4909],[134.2115,34.4908],[134.2109,34.4908],[134.2105,34.4907],[134.2102,34.4905],[134.2098,34.4903],[134.2095,34.49],[134.2091,34.4897],[134.2089,34.4895],[134.2086,34.4893],[134.2084,34.4892],[134.2083,34.4892],[134.2082,34.4892],[134.2078,34.4892],[134.2076,34.4891],[134.2069,34.4888],[134.2067,34.4888],[134.2065,34.4888],[134.2064,34.4888],[134.2062,34.4888],[134.206,34.4887],[134.2058,34.4887],[134.2057,34.4887],[134.2053,34.4889],[134.205,34.489],[134.2047,34.4891],[134.2044,34.4891],[134.2039,34.489],[134.2032,34.4888],[134.2029,34.4887],[134.2026,34.4886],[134.202,34.4886],[134.2018,34.4885],[134.2017,34.4884],[134.2016,34.4881],[134.2016,34.4879],[134.2016,34.4872],[134.2015,34.4869],[134.2013,34.4867],[134.201,34.4864],[134.2009,34.4863],[134.2008,34.4861],[134.2008,34.4858],[134.2008,34.4855],[134.2008,34.4853],[134.2008,34.4852],[134.2006,34.485],[134.2002,34.4847],[134.2001,34.4845],[134.2001,34.4844],[134.2001,34.4842],[134.2003,34.484],[134.2003,34.4838],[134.2003,34.4836],[134.2,34.4835],[134.2,34.4833],[134.1999,34.4831],[134.1999,34.483],[134.1998,34.4827]],[[134.2872,34.4261],[134.2877,34.4263],[134.2896,34.4263],[134.2902,34.4256],[134.2891,34.4253],[134.2874,34.4253],[134.2872,34.4261]],[[134.3,34.4744],[134.2976,34.4754],[134.299,34.4779],[134.3009,34.4765],[134.3026,34.4759],[134.3019,34.4746],[134.3011,34.4742],[134.3,34.4744]],[[134.325,34.4464],[134.3241,34.4467],[134.3238,34.4457],[134.3234,34.446],[134.3227,34.4459],[134.3221,34.4454],[134.3217,34.4454],[134.3202,34.4461],[134.322,34.4465],[134.3218,34.4477],[134.3229,34.4476],[134.3239,34.447],[134.3243,34.447],[134.325,34.4479],[134.3254,34.447],[134.325,34.4464]],[[134.3453,34.4401],[134.3463,34.4402],[134.3471,34.4405],[134.3478,34.4402],[134.3498,34.4389],[134.3502,34.4375],[134.3494,34.4369],[134.3476,34.4374],[134.3469,34.4379],[134.3457,34.4394],[134.3453,34.4401]],[[134.3548,34.4917],[134.354,34.4912],[134.3529,34.4902],[134.3525,34.4915],[134.3534,34.4919],[134.3545,34.4919],[134.3548,34.4917]]]},"properties":{"N03_001":"香川県","N03_002":"","N03_003":"小豆郡","N03_004":"小豆島町","N03_007":"37324"}},
{"type":"Feature","geometry":{"type":"Polygon","coordinates":[[[134.1554,34.3106],[134.1536,34.3107],[134.1533,34.3114],[134.1505,34.3124],[134.1493,34.3135],[134.1477,34.3137],[134.1467,34.3136],[134.1463,34.314],[134.1437,34.3141],[134.1431,34.3144],[134.1422,34.3143],[134.1418,34.3147],[134.1398,34.3142],[134.1389,34.3134],[134.1382,34.3132],[134.1371,34.3131],[134.1359,34.3141],[134.1353,34.3141],[134.1346,34.3143],[134.1335,34.3143],[134.1332,34.315],[134.1325,34.3155],[134.1316,34.3159],[134.1309,34.3168],[134.1302,34.3173],[134.1296,34.3171],[134.1292,34.3162],[134.1289,34.3146],[134.128,34.3144],[134.1274,34.3138],[134.1268,34.3134],[134.1269,34.3129],[134.1266,34.3122],[134.1261,34.3118],[134.1247,34.3114],[134.1243,34.311],[134.125,34.31],[134.1249,34.3092],[134.1254,34.3079],[134.1255,34.3069],[134.1257,34.3058],[134.1263,34.3048],[134.1265,34.304],[134.1264,34.3013],[134.1255,34.3001],[134.1243,34.2994],[134.1243,34.299],[134.1255,34.2986],[134.1237,34.2976],[134.123,34.2974],[134.1226,34.2977],[134.122,34.2974],[134.1213,34.2961],[134.121,34.2951],[134.1211,34.2941],[134.1216,34.2923],[134.1222,34.2918],[134.1214,34.2913],[134.1205,34.2912],[134.1193,34.2906],[134.1191,34.2903],[134.1191,34.2887],[134.1192,34.2876],[134.1187,34.2867],[134.1184,34.2853],[134.1176,34.2817],[134.1175,34.2815],[134.117,34.2785],[134.1162,34.2756],[134.1145,34.2685],[134.1138,34.2665],[134.1135,34.2652],[134.1129,34.2637],[134.1125,34.2623],[134.1122,34.2597],[134.1118,34.2586],[134.1114,34.256],[134.1116,34.2544],[134.1114,34.2539],[134.1108,34.2535],[134.1104,34.2528],[134.1095,34.2522],[134.1094,34.2514],[134.1099,34.2505],[134.1107,34.2502],[134.1115,34.249],[134.1112,34.2474],[134.1117,34.2458],[134.1104,34.2447],[134.1103,34.2441],[134.1107,34.2438],[134.1109,34.2424],[134.1118,34.2415],[134.1126,34.2414],[134.1127,34.2411],[134.1122,34.24],[134.1131,34.2392],[134.1146,34.2383],[134.1144,34.2368],[134.1137,34.2363],[134.1134,34.2354],[134.1124,34.2353],[134.1122,34.2348],[134.1112,34.2348],[134.1108,34.2342],[134.1114,34.234],[134.1114,34.2325],[134.1111,34.2318],[134.1131,34.2301],[134.1136,34.2285],[134.1141,34.2274],[134.1144,34.2265],[134.114,34.226],[134.1121,34.2251],[134.1124,34.2241],[134.1127,34.2236],[134.1127,34.223],[134.1121,34.2218],[134.1112,34.2215],[134.11,34.2206],[134.1097,34.2199],[134.1087,34.2197],[134.1082,34.2179],[134.1072,34.217],[134.1065,34.2166],[134.106,34.2157],[134.106,34.215],[134.1056,34.2146],[134.1056,34.214],[134.1058,34.2133],[134.1067,34.2125],[134.1066,34.2114],[134.1069,34.2105],[134.106,34.2104],[134.1054,34.2095],[134.1054,34.2087],[134.1051,34.2066],[134.1053,34.2054],[134.1058,34.2047],[134.1053,34.2037],[134.1051,34.2034],[134.1053,34.2025],[134.1052,34.2016],[134.1062,34.2006],[134.1067,34.2004],[134.107,34.1996],[134.1079,34.1991],[134.1089,34.1989],[134.1093,34.1983],[134.1094,34.1974],[134.1091,34.1968],[134.1098,34.196],[134.11,34.1952],[134.1097,34.1942],[134.1101,34.1938],[134.1104,34.193],[134.1098,34.1921],[134.1103,34.1911],[134.1098,34.1903],[134.11,34.1895],[134.1097,34.189],[134.1079,34.1873],[134.1083,34.1867],[134.1094,34.1861],[134.1094,34.1856],[134.1099,34.1846],[134.1097,34.1834],[134.111,34.1832],[134.1133,34.1814],[134.1143,34.1808],[134.1143,34.1802],[134.1136,34.1795],[134.113,34.1792],[134.1123,34.1781],[134.1128,34.1771],[134.1145,34.1768],[134.1146,34.1764],[134.1154,34.1762],[134.1162,34.1747],[134.117,34.1742],[134.1181,34.1732],[134.1187,34.1718],[134.1198,34.1705],[134.1206,34.1701],[134.1214,34.1686],[134.1223,34.1675],[134.1225,34.1656],[134.1233,34.1643],[134.1235,34.1638],[134.1237,34.1619],[134.1243,34.1617],[134.1249,34.1606],[134.1254,34.1603],[134.1258,34.159],[134.1263,34.1583],[134.1266,34.1565],[134.1268,34.156],[134.1278,34.1551],[134.1283,34.1542],[134.1282,34.1527],[134.1294,34.1523],[134.1302,34.1518],[134.131,34.1509],[134.1321,34.1512],[134.1339,34.1515],[134.1353,34.1515],[134.1359,34.1526],[134.1364,34.1537],[134.1372,34.1547],[134.1377,34.1546],[134.1388,34.155],[134.1407,34.1552],[134.1418,34.1564],[134.1425,34.1575],[134.1433,34.1581],[134.1438,34.1587],[134.1446,34.1613],[134.1454,34.163],[134.1457,34.1645],[134.1463,34.1653],[134.1472,34.1657],[134.1487,34.1659],[134.1506,34.1663],[134.1515,34.1662],[134.1526,34.1657],[134.1533,34.1662],[134.1554,34.1667],[134.1556,34.1683],[134.156,34.17],[134.1561,34.1719],[134.1577,34.1717],[134.1581,34.172],[134.1582,34.1736],[134.158,34.174],[134.1587,34.1761],[134.1586,34.1765],[134.1603,34.178],[134.1615,34.1794],[134.1607,34.1804],[134.1609,34.1813],[134.1607,34.1819],[134.1609,34.1827],[134.1617,34.183],[134.1631,34.1829],[134.1638,34.1825],[134.1644,34.1833],[134.1644,34.1837],[134.164,34.1844],[134.1647,34.1855],[134.165,34.1875],[134.165,34.1886],[134.1642,34.1895],[134.1637,34.1903],[134.1641,34.1908],[134.1643,34.1918],[134.1641,34.1927],[134.1636,34.1933],[134.1641,34.1948],[134.1658,34.1956],[134.166,34.1959],[134.1658,34.1968],[134.166,34.1983],[134.1652,34.2001],[134.1648,34.2006],[134.1644,34.2021],[134.1648,34.2027],[134.1639,34.2035],[134.1628,34.2037],[134.163,34.2044],[134.1629,34.2055],[134.1632,34.2061],[134.163,34.2075],[134.1635,34.2083],[134.1632,34.2108],[134.1635,34.2114],[134.1645,34.2109],[134.1652,34.211],[134.1647,34.2116],[134.1644,34.2131],[134.1644,34.2137],[134.164,34.2145],[134.1636,34.2147],[134.1636,34.2156],[134.1638,34.2161],[134.1647,34.2166],[134.1648,34.2176],[134.1659,34.2189],[134.1664,34.2194],[134.1671,34.2196],[134.1672,34.2207],[134.1678,34.222],[134.1678,34.2226],[134.1686,34.2237],[134.1687,34.2244],[134.1679,34.2248],[134.1678,34.2266],[134.169,34.2278],[134.1686,34.2288],[134.1682,34.2288],[134.1676,34.2293],[134.1667,34.23],[134.1663,34.231],[134.1658,34.2318],[134.1651,34.2323],[134.1651,34.2328],[134.1659,34.2341],[134.1656,34.2359],[134.1675,34.2361],[134.1682,34.2374],[134.1696,34.2377],[134.1691,34.239],[134.1679,34.2404],[134.1683,34.2415],[134.1691,34.2416],[134.1693,34.2423],[134.1685,34.2431],[134.1679,34.2447],[134.1665,34.2455],[134.1658,34.2462],[134.1654,34.2453],[134.1644,34.246],[134.1638,34.247],[134.1639,34.2475],[134.1635,34.248],[134.1627,34.248],[134.1631,34.2486],[134.1631,34.2494],[134.1636,34.2497],[134.1638,34.2512],[134.1638,34.253],[134.165,34.2536],[134.1656,34.2541],[134.1662,34.2538],[134.1667,34.254],[134.1663,34.2548],[134.167,34.2553],[134.1667,34.2558],[134.166,34.2576],[134.1649,34.2595],[134.1637,34.2623],[134.1636,34.2637],[134.1627,34.2638],[134.1621,34.2646],[134.1631,34.2646],[134.1634,34.2659],[134.1641,34.2659],[134.1649,34.2678],[134.1653,34.2685],[134.1655,34.2693],[134.1664,34.2719],[134.1665,34.2731],[134.1669,34.2745],[134.1675,34.2751],[134.1688,34.2758],[134.1689,34.2787],[134.1688,34.2789],[134.1673,34.2789],[134.1663,34.2793],[134.1656,34.2794],[134.1653,34.279],[134.1645,34.2794],[134.1638,34.2795],[134.1632,34.2788],[134.1622,34.2786],[134.1604,34.2799],[134.1598,34.2808],[134.1589,34.2812],[134.1572,34.2811],[134.1559,34.2808],[134.1554,34.2815],[134.1566,34.2838],[134.1563,34.2851],[134.1562,34.2865],[134.1559,34.287],[134.1564,34.2883],[134.1567,34.2894],[134.1565,34.2898],[134.1558,34.2903],[134.1558,34.2919],[134.1555,34.293],[134.1547,34.2939],[134.155,34.2952],[134.156,34.2961],[134.1574,34.2963],[134.1577,34.2967],[134.1578,34.2975],[134.1587,34.2983],[134.1589,34.2992],[134.1592,34.3008],[134.1602,34.302],[134.1613,34.302],[134.1616,34.3029],[134.1607,34.3032],[134.1598,34.3042],[134.159,34.3047],[134.159,34.3059],[134.1593,34.3066],[134.1589,34.3075],[134.1589,34.308],[134.1583,34.3083],[134.1567,34.3086],[134.1558,34.3094],[134.1559,34.3098],[134.1554,34.3106]]]},"properties":{"N03_001":"香川県","N03_002":"","N03_003":"木田郡","N03_004":"三木町","N03_007":"37341"}},
{"type":"Feature","geometry":{"type":"MultiPolygon","coordinates":[]},"properties":{"N03_001":"香川県","N03_002":"","N03_003":"香川郡","N03_004":"直島町","N03_007":"37364"}},
{"type":"Feature","geometry":{"type":"Polygon","coordinates":[[[133.8293,34.3235],[133.8278,34.3223],[133.827,34.3215],[133.8268,34.3208],[133.8276,34.3207],[133.8272,34.3201],[133.8265,34.3198],[133.826,34.3203],[133.8263,34.3211],[133.8257,34.3216],[133.8259,34.3222],[133.8266,34.3228],[133.8261,34.3236],[133.8247,34.3234],[133.8193,34.321],[133.8207,34.3188],[133.8197,34.3184],[133.8165,34.3169],[133.816,34.3175],[133.8153,34.3173],[133.8113,34.3153],[133.8073,34.3134],[133.8071,34.3132],[133.8072,34.3111],[133.8063,34.3106],[133.8071,34.3089],[133.8073,34.3046],[133.8074,34.3039],[133.8105,34.3009],[133.8115,34.3016],[133.8129,34.3022],[133.8151,34.3041],[133.8157,34.3047],[133.8197,34.3025],[133.8222,34.3009],[133.8226,34.2989],[133.8235,34.2969],[133.8248,34.296],[133.8265,34.2953],[133.8261,34.2943],[133.8261,34.2938],[133.8256,34.2924],[133.8259,34.292],[133.8271,34.2921],[133.8279,34.2919],[133.8279,34.2927],[133.8286,34.2928],[133.8286,34.2923],[133.8292,34.2923],[133.8301,34.2915],[133.8297,34.2908],[133.8305,34.2907],[133.8309,34.2911],[133.8316,34.2907],[133.831,34.2898],[133.831,34.2893],[133.8318,34.2884],[133.8324,34.2883],[133.833,34.2871],[133.8347,34.2876],[133.8354,34.2888],[133.8361,34.2887],[133.8348,34.2874],[133.8351,34.2866],[133.836,34.2873],[133.8364,34.2879],[133.8362,34.2884],[133.837,34.2889],[133.8369,34.2893],[133.8376,34.2895],[133.8372,34.2904],[133.8375,34.2906],[133.8387,34.2908],[133.8402,34.2914],[133.8401,34.2919],[133.8396,34.2924],[133.8413,34.2934],[133.841,34.2944],[133.8418,34.2946],[133.8418,34.2955],[133.8405,34.2958],[133.8393,34.2998],[133.8394,34.301],[133.84,34.3021],[133.8401,34.3029],[133.8414,34.3032],[133.8425,34.3042],[133.8434,34.3054],[133.8437,34.3064],[133.8434,34.3066],[133.8407,34.309],[133.8392,34.3111],[133.8385,34.3123],[133.8374,34.3144],[133.8371,34.3157],[133.8363,34.3164],[133.8347,34.3172],[133.8335,34.3181],[133.8327,34.319],[133.8315,34.3196],[133.8314,34.3203],[133.8309,34.3212],[133.83,34.322],[133.8288,34.3229],[133.8293,34.3235]]]},"properties":{"N03_001":"香川県","N03_002":"","N03_003":"綾歌郡","N03_004":"宇多津町","N03_007":"37386"}},
{"type":"Feature","geometry":{"type":"Polygon","coordinates":[[[133.9007,34.209],[133.9014,34.2094],[133.9012,34.2083],[133.9014,34.2076],[133.9014,34.2063],[133.9023,34.2045],[133.9036,34.204],[133.904,34.2036],[133.9048,34.2035],[133.9058,34.2029],[133.9059,34.2024],[133.9068,34.202],[133.9073,34.202],[133.9082,34.2024],[133.9096,34.2025],[133.9101,34.202],[133.9108,34.2017],[133.9112,34.2008],[133.9121,34.2004],[133.9141,34.2006],[133.9146,34.2002],[133.9169,34.1999],[133.9174,34.1992],[133.9173,34.1984],[133.918,34.1968],[133.9199,34.1963],[133.9215,34.1962],[133.9227,34.1959],[133.9236,34.1947],[133.9244,34.1941],[133.9254,34.1938],[133.9263,34.1933],[133.9273,34.1929],[133.9286,34.1927],[133.9284,34.1919],[133.9285,34.1914],[133.9273,34.191],[133.9271,34.1902],[133.9304,34.1883],[133.9318,34.1872],[133.9323,34.1866],[133.9333,34.1863],[133.9337,34.1848],[133.934,34.1844],[133.9338,34.1834],[133.9342,34.1824],[133.9337,34.1819],[133.934,34.1812],[133.9357,34.1809],[133.9373,34.1805],[133.939,34.1797],[133.9397,34.1787],[133.9402,34.1786],[133.941,34.1775],[133.9415,34.1761],[133.9423,34.1746],[133.9432,34.1738],[133.9442,34.1735],[133.9452,34.1723],[133.9453,34.1716],[133.9469,34.1706],[133.9473,34.1701],[133.9474,34.1693],[133.9469,34.168],[133.9471,34.166],[133.9474,34.1646],[133.9478,34.1641],[133.9475,34.163],[133.9468,34.1622],[133.9467,34.1616],[133.9475,34.1618],[133.9479,34.161],[133.9484,34.1607],[133.9484,34.1601],[133.9493,34.1592],[133.9498,34.1577],[133.9505,34.1573],[133.9517,34.1576],[133.9525,34.1582],[133.9532,34.1585],[133.9559,34.1587],[133.9569,34.159],[133.9591,34.1588],[133.9599,34.159],[133.9617,34.1588],[133.9627,34.158],[133.9643,34.1573],[133.9663,34.1574],[133.967,34.157],[133.968,34.157],[133.9703,34.1574],[133.9708,34.1582],[133.9716,34.1577],[133.9724,34.1579],[133.9743,34.1572],[133.9756,34.1569],[133.9764,34.1562],[133.9766,34.1552],[133.9779,34.1537],[133.9782,34.1537],[133.9806,34.1549],[133.9817,34.155],[133.9823,34.1549],[133.9831,34.1541],[133.9834,34.1534],[133.9846,34.1517],[133.9852,34.151],[133.9861,34.1505],[133.9873,34.1487],[133.9883,34.1479],[133.9886,34.1467],[133.9891,34.1454],[133.9902,34.1444],[133.9918,34.1451],[133.9924,34.145],[133.9929,34.1445],[133.9938,34.1445],[133.9959,34.1455],[133.9963,34.146],[133.9973,34.1462],[133.9983,34.1465],[133.9992,34.1464],[134,34.1454],[134.001,34.1455],[134.0016,34.1451],[134.0037,34.1443],[134.0045,34.1448],[134.0061,34.1452],[134.0068,34.1448],[134.0087,34.1444],[134.0101,34.1438],[134.0103,34.1435],[134.0103,34.1425],[134.0109,34.1416],[134.0111,34.1406],[134.0125,34.1399],[134.0141,34.1398],[134.0153,34.1393],[134.0166,34.1382],[134.0178,34.1387],[134.0188,34.1394],[134.0201,34.1396],[134.0222,34.1391],[134.0246,34.1397],[134.0245,34.1408],[134.0242,34.142],[134.0243,34.1435],[134.0239,34.1447],[134.0237,34.1469],[134.0232,34.1482],[134.0233,34.15],[134.0226,34.1513],[134.0224,34.1522],[134.0227,34.1535],[134.0233,34.1552],[134.023,34.1557],[134.022,34.1565],[134.0214,34.1576],[134.0209,34.1581],[134.0185,34.1587],[134.0182,34.1591],[134.0186,34.16],[134.0204,34.1602],[134.0219,34.16],[134.0244,34.1605],[134.0256,34.1611],[134.0258,34.1622],[134.0257,34.164],[134.0254,34.165],[134.0256,34.1657],[134.0267,34.1665],[134.027,34.1669],[134.0282,34.1679],[134.0288,34.1696],[134.0285,34.1707],[134.0277,34.1719],[134.027,34.1722],[134.0262,34.1731],[134.0242,34.1744],[134.0245,34.1756],[134.0236,34.1777],[134.0227,34.1785],[134.0235,34.1792],[134.0233,34.1803],[134.0238,34.1809],[134.0238,34.1814],[134.0246,34.1822],[134.025,34.183],[134.0248,34.184],[134.0244,34.1844],[134.0247,34.1853],[134.0256,34.1862],[134.0256,34.1873],[134.0254,34.1878],[134.0242,34.1887],[134.0234,34.1899],[134.0222,34.1897],[134.0203,34.1897],[134.0191,34.1892],[134.0174,34.1896],[134.0171,34.1899],[134.0163,34.1936],[134.0163,34.1947],[134.0159,34.1953],[134.0164,34.1966],[134.0159,34.1974],[134.0159,34.1985],[134.0156,34.1991],[134.0156,34.2002],[134.0152,34.2015],[134.0158,34.203],[134.0154,34.2047],[134.0143,34.2058],[134.0134,34.2066],[134.0134,34.2077],[134.0131,34.2082],[134.0127,34.2099],[134.0127,34.2107],[134.0129,34.2116],[134.0126,34.2118],[134.0109,34.2122],[134.0102,34.2128],[134.0101,34.2138],[134.01,34.2147],[134.0091,34.2155],[134.0089,34.2169],[134.0086,34.2172],[134.0073,34.2175],[134.0065,34.2175],[134.0059,34.2181],[134.0044,34.2186],[134.0036,34.2191],[134.0029,34.22],[134.0015,34.221],[134.0002,34.2237],[134.0002,34.2243],[133.9994,34.2244],[133.9984,34.2255],[133.9983,34.2261],[133.9971,34.2266],[133.9969,34.2274],[133.9962,34.2281],[133.9951,34.2286],[133.995,34.2297],[133.994,34.2302],[133.9944,34.2309],[133.9942,34.2317],[133.9932,34.2326],[133.993,34.2334],[133.9931,34.235],[133.993,34.2355],[133.9917,34.2358],[133.9909,34.2351],[133.9898,34.2353],[133.9891,34.2358],[133.9893,34.2368],[133.9888,34.2371],[133.9885,34.2384],[133.9877,34.2384],[133.9873,34.24],[133.987,34.2407],[133.9852,34.242],[133.9845,34.2422],[133.9854,34.2431],[133.9859,34.2443],[133.9863,34.2455],[133.9863,34.2477],[133.987,34.2478],[133.9869,34.2496],[133.9879,34.2509],[133.9882,34.2517],[133.9884,34.253],[133.9901,34.254],[133.9904,34.2555],[133.9916,34.2561],[133.9919,34.2565],[133.9921,34.2578],[133.992,34.2584],[133.9931,34.2582],[133.9935,34.2588],[133.993,34.2593],[133.9935,34.2596],[133.9934,34.2602],[133.9944,34.2614],[133.9951,34.2618],[133.9953,34.263],[133.9937,34.2628],[133.9931,34.2631],[133.9923,34.2633],[133.9927,34.2645],[133.9914,34.2648],[133.9901,34.2663],[133.9892,34.2668],[133.9887,34.2668],[133.9886,34.2661],[133.9882,34.2658],[133.9886,34.2653],[133.9882,34.2648],[133.9876,34.2649],[133.9876,34.2642],[133.988,34.2638],[133.9879,34.2627],[133.9883,34.2624],[133.9877,34.262],[133.9864,34.2621],[133.986,34.2625],[133.9861,34.2639],[133.9851,34.2646],[133.9849,34.2656],[133.9839,34.2661],[133.9822,34.2659],[133.9819,34.2655],[133.9803,34.2648],[133.98,34.2647],[133.9789,34.264],[133.9773,34.2641],[133.9764,34.2636],[133.9738,34.264],[133.9729,34.2643],[133.9719,34.2652],[133.9711,34.264],[133.9714,34.2623],[133.9709,34.2622],[133.9712,34.2615],[133.9725,34.2611],[133.9723,34.2606],[133.9708,34.2611],[133.9708,34.2602],[133.9691,34.2602],[133.9697,34.261],[133.9696,34.262],[133.9701,34.2624],[133.9705,34.2632],[133.9702,34.2636],[133.9679,34.2646],[133.9671,34.2644],[133.9666,34.2646],[133.9663,34.2652],[133.9658,34.2657],[133.9647,34.2656],[133.9635,34.2661],[133.9623,34.2662],[133.9608,34.2669],[133.957,34.2681],[133.9567,34.269],[133.9563,34.2693],[133.9554,34.269],[133.9534,34.269],[133.9526,34.2692],[133.9515,34.2698],[133.9509,34.2706],[133.9501,34.2712],[133.9493,34.271],[133.9493,34.2703],[133.9489,34.27],[133.9482,34.2708],[133.9464,34.2706],[133.9452,34.2703],[133.9447,34.2712],[133.9439,34.272],[133.9439,34.2729],[133.9441,34.2735],[133.9443,34.2748],[133.9443,34.2763],[133.9438,34.2773],[133.944,34.2785],[133.9426,34.2779],[133.9422,34.2774],[133.9423,34.2769],[133.9421,34.275],[133.9419,34.2743],[133.941,34.2728],[133.9397,34.2722],[133.9388,34.2715],[133.9382,34.2704],[133.9382,34.2699],[133.9378,34.2689],[133.9368,34.2682],[133.9353,34.268],[133.9344,34.2676],[133.9342,34.2667],[133.9335,34.2664],[133.9328,34.2665],[133.9322,34.2671],[133.9318,34.2679],[133.931,34.2682],[133.9305,34.2699],[133.93,34.2698],[133.9286,34.2687],[133.9277,34.2686],[133.927,34.2679],[133.9273,34.2672],[133.927,34.267],[133.9247,34.2673],[133.9234,34.2672],[133.9234,34.2659],[133.9233,34.2655],[133.9225,34.2656],[133.9219,34.2653],[133.9206,34.2654],[133.9191,34.2657],[133.9186,34.2654],[133.9175,34.2646],[133.9158,34.2643],[133.9149,34.2645],[133.914,34.265],[133.9135,34.2656],[133.912,34.2654],[133.9112,34.2657],[133.9106,34.2654],[133.9099,34.2648],[133.909,34.2644],[133.9069,34.2639],[133.9061,34.2634],[133.9054,34.2633],[133.9037,34.2641],[133.9034,34.2631],[133.9023,34.2623],[133.9022,34.2612],[133.903,34.2594],[133.9028,34.2584],[133.9029,34.2573],[133.9024,34.2567],[133.9015,34.2561],[133.9007,34.256],[133.9007,34.2546],[133.9002,34.2536],[133.9,34.2526],[133.8994,34.2523],[133.899,34.2513],[133.8983,34.2508],[133.8978,34.2496],[133.8969,34.2492],[133.8957,34.249],[133.8944,34.2486],[133.8949,34.248],[133.8937,34.2471],[133.8933,34.2457],[133.8933,34.2446],[133.8937,34.2437],[133.8945,34.245],[133.8951,34.2452],[133.8963,34.2443],[133.897,34.245],[133.8974,34.245],[133.8986,34.2436],[133.8987,34.2429],[133.8983,34.2425],[133.8995,34.2419],[133.9005,34.241],[133.9006,34.2405],[133.8995,34.2389],[133.8989,34.2387],[133.898,34.2379],[133.8975,34.2371],[133.8984,34.2356],[133.899,34.2345],[133.8989,34.2338],[133.8985,34.2314],[133.8989,34.2256],[133.8989,34.2237],[133.8987,34.2216],[133.8981,34.2196],[133.8978,34.2182],[133.8974,34.2171],[133.8965,34.2152],[133.8963,34.2147],[133.8957,34.2142],[133.8955,34.2135],[133.8959,34.213],[133.8975,34.2124],[133.8975,34.2112],[133.8983,34.21],[133.899,34.2093],[133.9007,34.209]]]},"properties":{"N03_001":"香川県","N03_002":"","N03_003":"綾歌郡","N03_004":"綾川町","N03_007":"37387"}},
{"type":"Feature","geometry":{"type":"Polygon","coordinates":[[[133.8001,34.188],[133.8005,34.188],[133.8019,34.1865],[133.8036,34.185],[133.8058,34.1835],[133.807,34.1822],[133.8084,34.1813],[133.8091,34.18],[133.8094,34.1791],[133.8094,34.1785],[133.8098,34.1782],[133.811,34.178],[133.8118,34.1776],[133.8126,34.1776],[133.8132,34.1773],[133.8136,34.1768],[133.8153,34.1753],[133.8161,34.1751],[133.8171,34.1752],[133.8183,34.175],[133.8206,34.1752],[133.8217,34.175],[133.8223,34.1752],[133.8234,34.1772],[133.8238,34.1776],[133.8245,34.1789],[133.8242,34.1796],[133.8243,34.1805],[133.8251,34.181],[133.8272,34.1821],[133.8278,34.1817],[133.829,34.1817],[133.8299,34.1812],[133.8308,34.1813],[133.8322,34.1822],[133.8333,34.1833],[133.8329,34.1839],[133.8336,34.1845],[133.8343,34.1848],[133.8358,34.1847],[133.836,34.1856],[133.8347,34.1873],[133.8344,34.1881],[133.8351,34.1886],[133.8345,34.1893],[133.8332,34.1898],[133.8328,34.1908],[133.8322,34.1914],[133.8329,34.192],[133.8305,34.1957],[133.8308,34.1967],[133.8302,34.1976],[133.8305,34.1981],[133.8286,34.2003],[133.8289,34.2005],[133.8285,34.2012],[133.8293,34.2016],[133.8298,34.2011],[133.8313,34.2026],[133.8307,34.2033],[133.8312,34.2039],[133.831,34.2042],[133.8295,34.2048],[133.8292,34.2052],[133.8275,34.206],[133.8264,34.206],[133.8245,34.2065],[133.8227,34.2056],[133.8216,34.2054],[133.8215,34.2061],[133.8201,34.2077],[133.8181,34.207],[133.8177,34.208],[133.8199,34.2096],[133.8201,34.2099],[133.8187,34.2118],[133.8197,34.2122],[133.8193,34.2131],[133.8201,34.2136],[133.8196,34.2144],[133.8196,34.2148],[133.8188,34.2161],[133.8181,34.2167],[133.8182,34.2172],[133.8171,34.218],[133.8166,34.2187],[133.8164,34.2195],[133.8158,34.2205],[133.8149,34.2209],[133.8143,34.2218],[133.8141,34.2227],[133.8118,34.2217],[133.8104,34.2218],[133.8096,34.2217],[133.8086,34.2206],[133.8069,34.2202],[133.8058,34.2207],[133.8052,34.2199],[133.8058,34.2187],[133.8055,34.218],[133.8048,34.2177],[133.804,34.217],[133.8055,34.2158],[133.8063,34.2155],[133.8068,34.2147],[133.8076,34.2136],[133.8075,34.213],[133.8076,34.2116],[133.8072,34.2111],[133.8084,34.2105],[133.809,34.2096],[133.809,34.2089],[133.8098,34.208],[133.81,34.2067],[133.8106,34.206],[133.8111,34.205],[133.8119,34.2022],[133.8131,34.1996],[133.8142,34.1984],[133.8147,34.1975],[133.815,34.196],[133.8145,34.1952],[133.8146,34.1942],[133.8142,34.1933],[133.8138,34.1931],[133.813,34.1946],[133.8123,34.1948],[133.8103,34.1943],[133.8086,34.1936],[133.8071,34.1928],[133.8059,34.1918],[133.8043,34.1912],[133.8028,34.1899],[133.8001,34.188]]]},"properties":{"N03_001":"香川県","N03_002":"","N03_003":"仲多度郡","N03_004":"琴平町","N03_007":"37403"}},
{"type":"Feature","geometry":{"type":"Polygon","coordinates":[[[133.7089,34.2409],[133.7105,34.238],[133.7116,34.2372],[133.7128,34.2356],[133.7142,34.2357],[133.7153,34.2355],[133.7153,34.2347],[133.7161,34.2334],[133.7164,34.2331],[133.7184,34.2322],[133.7186,34.2319],[133.7188,34.2306],[133.7198,34.23],[133.7215,34.2302],[133.7236,34.231],[133.724,34.2319],[133.7251,34.2332],[133.7269,34.2338],[133.7286,34.2328],[133.7304,34.2328],[133.7318,34.2339],[133.7328,34.2339],[133.7344,34.2345],[133.7354,34.2351],[133.7354,34.2357],[133.7371,34.2373],[133.7369,34.2381],[133.7368,34.2395],[133.738,34.2402],[133.739,34.241],[133.7397,34.2424],[133.7409,34.2436],[133.743,34.2447],[133.7442,34.243],[133.7448,34.2424],[133.7459,34.243],[133.747,34.2425],[133.7482,34.2406],[133.7504,34.2375],[133.752,34.2383],[133.7519,34.2388],[133.7553,34.2405],[133.7559,34.2396],[133.7566,34.2398],[133.7567,34.2403],[133.7556,34.2428],[133.7536,34.2457],[133.7535,34.2461],[133.7552,34.247],[133.7557,34.2464],[133.7563,34.2466],[133.7559,34.2473],[133.7571,34.2478],[133.7574,34.2471],[133.7585,34.2477],[133.7582,34.2482],[133.7605,34.2494],[133.7611,34.2488],[133.7617,34.2492],[133.7625,34.2495],[133.7622,34.2499],[133.7629,34.2504],[133.7638,34.2503],[133.7645,34.2507],[133.7661,34.2484],[133.7673,34.249],[133.7674,34.2494],[133.7689,34.2469],[133.7692,34.2469],[133.7703,34.2474],[133.7724,34.2487],[133.7715,34.2501],[133.773,34.2508],[133.7738,34.2496],[133.7741,34.2497],[133.7753,34.2486],[133.7765,34.2492],[133.7759,34.2502],[133.7754,34.2524],[133.7755,34.2529],[133.7747,34.2539],[133.7744,34.2549],[133.7739,34.2556],[133.7742,34.256],[133.7758,34.2567],[133.7754,34.2577],[133.7748,34.258],[133.7753,34.2588],[133.7752,34.2592],[133.7742,34.2595],[133.7741,34.2604],[133.7759,34.2619],[133.7759,34.2631],[133.7752,34.2641],[133.7747,34.2646],[133.7739,34.2658],[133.7727,34.2666],[133.7717,34.2666],[133.7725,34.2674],[133.7738,34.2681],[133.7713,34.2716],[133.7726,34.2722],[133.7706,34.2751],[133.7677,34.2793],[133.7669,34.2791],[133.7661,34.2818],[133.7665,34.2822],[133.766,34.2825],[133.7652,34.2836],[133.7642,34.2844],[133.7633,34.2837],[133.7608,34.2871],[133.757,34.2851],[133.7585,34.283],[133.758,34.2828],[133.7583,34.2821],[133.7574,34.2818],[133.7558,34.281],[133.755,34.2808],[133.7533,34.2799],[133.7531,34.2793],[133.7517,34.2787],[133.7509,34.2798],[133.7512,34.2801],[133.7509,34.2806],[133.7504,34.2804],[133.7468,34.2854],[133.7404,34.2819],[133.7438,34.2774],[133.7447,34.2773],[133.7471,34.2773],[133.7479,34.2762],[133.7456,34.2747],[133.7451,34.2752],[133.744,34.2755],[133.7432,34.2749],[133.7438,34.2745],[133.744,34.2738],[133.7428,34.273],[133.7434,34.2726],[133.7446,34.2736],[133.7453,34.2729],[133.7439,34.2718],[133.7435,34.2717],[133.7412,34.2717],[133.7404,34.2725],[133.7397,34.2738],[133.7392,34.2742],[133.7401,34.2746],[133.7401,34.2756],[133.7386,34.2775],[133.7388,34.2777],[133.7359,34.2816],[133.7359,34.2811],[133.7313,34.2787],[133.7302,34.2747],[133.7315,34.2733],[133.7321,34.2724],[133.7309,34.2716],[133.7311,34.2713],[133.737,34.2652],[133.7375,34.264],[133.7373,34.2633],[133.7356,34.2614],[133.7338,34.2605],[133.7323,34.2601],[133.7321,34.2607],[133.7312,34.2606],[133.7313,34.26],[133.7282,34.2582],[133.727,34.2573],[133.7263,34.2562],[133.7247,34.2546],[133.7232,34.2543],[133.7228,34.2538],[133.7218,34.2534],[133.7201,34.2532],[133.7196,34.2526],[133.7185,34.2521],[133.7178,34.2514],[133.7159,34.2489],[133.7153,34.2484],[133.7141,34.2479],[133.7132,34.2472],[133.712,34.2454],[133.7107,34.244],[133.7089,34.2433],[133.709,34.2428],[133.7096,34.242],[133.7089,34.2409]]]},"properties":{"N03_001":"香川県","N03_002":"","N03_003":"仲多度郡","N03_004":"多度津町","N03_007":"37404"}},
{"type":"Feature","geometry":{"type":"Polygon","coordinates":[[[133.8222,34.0922],[133.8229,34.093],[133.8243,34.0936],[133.826,34.0944],[133.8278,34.0946],[133.8285,34.0951],[133.8306,34.0956],[133.8315,34.096],[133.8332,34.0974],[133.8341,34.0977],[133.8349,34.0975],[133.8358,34.0969],[133.8367,34.0968],[133.8371,34.0962],[133.8383,34.0952],[133.8399,34.0953],[133.8412,34.0949],[133.8422,34.095],[133.8436,34.096],[133.8453,34.0964],[133.8461,34.0973],[133.8477,34.0981],[133.8495,34.0992],[133.8502,34.0992],[133.8511,34.101],[133.8516,34.1015],[133.853,34.1025],[133.8548,34.1042],[133.8571,34.1046],[133.8587,34.1053],[133.8597,34.1047],[133.8605,34.1046],[133.8616,34.1052],[133.863,34.1053],[133.8636,34.1049],[133.8643,34.1046],[133.8652,34.1039],[133.8653,34.1028],[133.8656,34.1019],[133.8662,34.1013],[133.8666,34.1005],[133.8671,34.1002],[133.8686,34.1006],[133.8698,34.1012],[133.8706,34.1014],[133.8716,34.1014],[133.8724,34.1011],[133.8739,34.1011],[133.8747,34.1016],[133.8766,34.1021],[133.877,34.1029],[133.8781,34.1035],[133.8801,34.1041],[133.8816,34.1041],[133.8828,34.1045],[133.8841,34.1044],[133.8849,34.1046],[133.886,34.1056],[133.8882,34.1058],[133.8889,34.1068],[133.8899,34.1071],[133.8909,34.1069],[133.8922,34.1074],[133.8929,34.1082],[133.8943,34.1075],[133.8948,34.1067],[133.897,34.104],[133.899,34.1026],[133.8999,34.1018],[133.9002,34.1011],[133.9013,34.1001],[133.9024,34.1002],[133.9031,34.1001],[133.9039,34.1009],[133.9046,34.1012],[133.9056,34.1015],[133.9078,34.1023],[133.9089,34.1033],[133.9099,34.104],[133.9116,34.1044],[133.9129,34.106],[133.9136,34.1064],[133.9147,34.1074],[133.9155,34.1079],[133.9156,34.1089],[133.9166,34.1093],[133.9176,34.1102],[133.9194,34.1123],[133.9199,34.1126],[133.921,34.1136],[133.9223,34.1144],[133.9239,34.1148],[133.9262,34.1148],[133.9278,34.1152],[133.93,34.1152],[133.9314,34.1157],[133.932,34.116],[133.9359,34.1152],[133.9382,34.1154],[133.9393,34.1153],[133.9398,34.1149],[133.939,34.1122],[133.9392,34.1113],[133.9389,34.1105],[133.9381,34.1098],[133.9376,34.1082],[133.9382,34.1067],[133.9396,34.1047],[133.9402,34.1043],[133.9419,34.1041],[133.9426,34.1037],[133.943,34.1028],[133.9444,34.1018],[133.9443,34.1004],[133.9434,34.1],[133.9435,34.0993],[133.9439,34.0984],[133.9441,34.097],[133.9443,34.0961],[133.9439,34.0945],[133.9445,34.093],[133.9461,34.0919],[133.9473,34.0922],[133.9486,34.092],[133.9495,34.0912],[133.9504,34.0907],[133.9516,34.0904],[133.9524,34.0896],[133.9533,34.0893],[133.9544,34.0887],[133.9552,34.0888],[133.9565,34.0881],[133.9571,34.0872],[133.9582,34.0864],[133.9592,34.0859],[133.9593,34.0847],[133.9586,34.0831],[133.9591,34.0825],[133.9601,34.082],[133.9614,34.0817],[133.9628,34.0812],[133.9645,34.0813],[133.966,34.0816],[133.9668,34.082],[133.9684,34.0817],[133.969,34.0813],[133.9691,34.0808],[133.9698,34.0797],[133.9709,34.0786],[133.9715,34.0778],[133.9717,34.0765],[133.9722,34.0757],[133.9728,34.0734],[133.973,34.073],[133.9745,34.0735],[133.9748,34.0737],[133.9752,34.0747],[133.9757,34.0752],[133.9765,34.0754],[133.9769,34.0758],[133.9781,34.0758],[133.9799,34.075],[133.9813,34.075],[133.9828,34.0742],[133.984,34.0744],[133.985,34.0737],[133.9857,34.0735],[133.9869,34.0737],[133.9887,34.0749],[133.9897,34.0745],[133.9903,34.0736],[133.9911,34.0732],[133.9939,34.0726],[133.9953,34.0731],[133.9963,34.0738],[133.9977,34.0741],[134.0008,34.0751],[134.0015,34.0752],[134.0025,34.0765],[134.0025,34.0777],[134.0027,34.0785],[134.0022,34.0803],[134.0022,34.0809],[134.0029,34.0817],[134.0053,34.0835],[134.0056,34.0843],[134.0071,34.0848],[134.0087,34.0857],[134.0093,34.0863],[134.0104,34.0868],[134.0118,34.0864],[134.0127,34.0864],[134.0139,34.0866],[134.0161,34.0864],[134.018,34.0857],[134.0196,34.0848],[134.0205,34.0845],[134.0218,34.0845],[134.0236,34.0848],[134.0245,34.0848],[134.0263,34.0851],[134.0269,34.0863],[134.0276,34.0869],[134.0278,34.0874],[134.027,34.0879],[134.0258,34.0899],[134.0256,34.0904],[134.0256,34.0919],[134.0267,34.0921],[134.0282,34.0931],[134.029,34.094],[134.0291,34.0947],[134.0297,34.095],[134.03,34.096],[134.0313,34.0974],[134.032,34.0974],[134.0329,34.0978],[134.0341,34.098],[134.0348,34.0984],[134.0357,34.0983],[134.0371,34.0988],[134.0377,34.0994],[134.0387,34.0998],[134.0391,34.1003],[134.04,34.1009],[134.0406,34.1019],[134.0409,34.1039],[134.0418,34.1056],[134.0418,34.1063],[134.0421,34.1074],[134.0422,34.109],[134.0422,34.1103],[134.0427,34.1106],[134.0437,34.1116],[134.0439,34.1123],[134.0445,34.1132],[134.0446,34.1138],[134.0458,34.1139],[134.047,34.1148],[134.048,34.1151],[134.0492,34.1167],[134.0499,34.1174],[134.0481,34.119],[134.0469,34.1197],[134.0466,34.1204],[134.0452,34.1218],[134.0444,34.1218],[134.0429,34.1233],[134.0419,34.1238],[134.0415,34.1245],[134.0406,34.1253],[134.0397,34.1258],[134.039,34.1266],[134.0383,34.127],[134.0376,34.1268],[134.0364,34.1269],[134.0359,34.1273],[134.0361,34.1289],[134.0358,34.1298],[134.035,34.1308],[134.0344,34.1327],[134.0346,34.1336],[134.0343,34.1347],[134.033,34.1355],[134.0327,34.1369],[134.0325,34.1375],[134.0309,34.1383],[134.0296,34.1398],[134.0288,34.1399],[134.0266,34.1395],[134.0246,34.1397],[134.0222,34.1391],[134.0201,34.1396],[134.0188,34.1394],[134.0178,34.1387],[134.0166,34.1382],[134.0153,34.1393],[134.0141,34.1398],[134.0125,34.1399],[134.0111,34.1406],[134.0109,34.1416],[134.0103,34.1425],[134.0103,34.1435],[134.0101,34.1438],[134.0087,34.1444],[134.0068,34.1448],[134.0061,34.1452],[134.0045,34.1448],[134.0037,34.1443],[134.0016,34.1451],[134.001,34.1455],[134,34.1454],[133.9992,34.1464],[133.9983,34.1465],[133.9973,34.1462],[133.9963,34.146],[133.9959,34.1455],[133.9938,34.1445],[133.9929,34.1445],[133.9924,34.145],[133.9918,34.1451],[133.9902,34.1444],[133.9891,34.1454],[133.9886,34.1467],[133.9883,34.1479],[133.9873,34.1487],[133.9861,34.1505],[133.9852,34.151],[133.9846,34.1517],[133.9834,34.1534],[133.9831,34.1541],[133.9823,34.1549],[133.9817,34.155],[133.9806,34.1549],[133.9782,34.1537],[133.9779,34.1537],[133.9766,34.1552],[133.9764,34.1562],[133.9756,34.1569],[133.9743,34.1572],[133.9724,34.1579],[133.9716,34.1577],[133.9708,34.1582],[133.9703,34.1574],[133.968,34.157],[133.967,34.157],[133.9663,34.1574],[133.9643,34.1573],[133.9627,34.158],[133.9617,34.1588],[133.9599,34.159],[133.9591,34.1588],[133.9569,34.159],[133.9559,34.1587],[133.9532,34.1585],[133.9525,34.1582],[133.9517,34.1576],[133.9505,34.1573],[133.9498,34.1577],[133.9493,34.1592],[133.9484,34.1601],[133.9484,34.1607],[133.9479,34.161],[133.9475,34.1618],[133.9467,34.1616],[133.9468,34.1622],[133.9475,34.163],[133.9478,34.1641],[133.9474,34.1646],[133.9471,34.166],[133.9469,34.168],[133.9474,34.1693],[133.9473,34.1701],[133.9469,34.1706],[133.9453,34.1716],[133.9452,34.1723],[133.9442,34.1735],[133.9432,34.1738],[133.9423,34.1746],[133.9415,34.1761],[133.941,34.1775],[133.9402,34.1786],[133.9397,34.1787],[133.939,34.1797],[133.9373,34.1805],[133.9357,34.1809],[133.934,34.1812],[133.9337,34.1819],[133.9342,34.1824],[133.9338,34.1834],[133.934,34.1844],[133.9337,34.1848],[133.9333,34.1863],[133.9323,34.1866],[133.9318,34.1872],[133.9304,34.1883],[133.9271,34.1902],[133.9273,34.191],[133.9285,34.1914],[133.9284,34.1919],[133.9286,34.1927],[133.9273,34.1929],[133.9263,34.1933],[133.9254,34.1938],[133.9244,34.1941],[133.9236,34.1947],[133.9227,34.1959],[133.9215,34.1962],[133.9199,34.1963],[133.918,34.1968],[133.9173,34.1984],[133.9174,34.1992],[133.9169,34.1999],[133.9146,34.2002],[133.9141,34.2006],[133.9121,34.2004],[133.9112,34.2008],[133.9108,34.2017],[133.9101,34.202],[133.9096,34.2025],[133.9082,34.2024],[133.9073,34.202],[133.9068,34.202],[133.9059,34.2024],[133.9058,34.2029],[133.9048,34.2035],[133.904,34.2036],[133.9036,34.204],[133.9023,34.2045],[133.9014,34.2063],[133.9014,34.2076],[133.9012,34.2083],[133.9014,34.2094],[133.9007,34.209],[133.9003,34.2079],[133.8991,34.2075],[133.8979,34.2065],[133.8972,34.2068],[133.8958,34.2071],[133.8945,34.2079],[133.8932,34.2082],[133.8923,34.2074],[133.8901,34.2063],[133.8885,34.2059],[133.8871,34.2057],[133.8861,34.2053],[133.8855,34.2048],[133.884,34.2041],[133.8828,34.2045],[133.8814,34.2043],[133.8807,34.2045],[133.8791,34.2043],[133.8783,34.2038],[133.8776,34.2037],[133.8767,34.204],[133.8747,34.2034],[133.8734,34.2031],[133.8699,34.2029],[133.8687,34.2026],[133.8683,34.2027],[133.8676,34.2035],[133.8671,34.2038],[133.8655,34.2036],[133.8645,34.2029],[133.8631,34.2031],[133.8616,34.2032],[133.8601,34.2038],[133.8595,34.2037],[133.8593,34.2033],[133.8577,34.2039],[133.8568,34.2039],[133.8561,34.2037],[133.8559,34.2044],[133.8551,34.2044],[133.855,34.2027],[133.8541,34.2016],[133.8538,34.2009],[133.8525,34.2021],[133.8523,34.2028],[133.8515,34.2035],[133.8503,34.2047],[133.851,34.2072],[133.8509,34.2079],[133.8498,34.2085],[133.8494,34.2095],[133.8489,34.21],[133.8475,34.2104],[133.8465,34.211],[133.8463,34.2118],[133.8455,34.2125],[133.8459,34.215],[133.8458,34.2152],[133.8444,34.2162],[133.844,34.216],[133.8421,34.2158],[133.8406,34.2168],[133.8393,34.2171],[133.8394,34.219],[133.8384,34.2184],[133.8363,34.2186],[133.8353,34.2192],[133.8325,34.2205],[133.832,34.2203],[133.8303,34.2191],[133.829,34.2212],[133.8282,34.2215],[133.8268,34.2208],[133.8257,34.2205],[133.8253,34.2206],[133.8248,34.2213],[133.8229,34.224],[133.8218,34.2257],[133.8207,34.2252],[133.819,34.2258],[133.8176,34.2262],[133.8168,34.2261],[133.8163,34.2253],[133.815,34.225],[133.814,34.2242],[133.8141,34.2227],[133.8143,34.2218],[133.8149,34.2209],[133.8158,34.2205],[133.8164,34.2195],[133.8166,34.2187],[133.8171,34.218],[133.8182,34.2172],[133.8181,34.2167],[133.8188,34.2161],[133.8196,34.2148],[133.8196,34.2144],[133.8201,34.2136],[133.8193,34.2131],[133.8197,34.2122],[133.8187,34.2118],[133.8201,34.2099],[133.8199,34.2096],[133.8177,34.208],[133.8181,34.207],[133.8201,34.2077],[133.8215,34.2061],[133.8216,34.2054],[133.8227,34.2056],[133.8245,34.2065],[133.8264,34.206],[133.8275,34.206],[133.8292,34.2052],[133.8295,34.2048],[133.831,34.2042],[133.8312,34.2039],[133.8307,34.2033],[133.8313,34.2026],[133.8298,34.2011],[133.8293,34.2016],[133.8285,34.2012],[133.8289,34.2005],[133.8286,34.2003],[133.8305,34.1981],[133.8302,34.1976],[133.8308,34.1967],[133.8305,34.1957],[133.8329,34.192],[133.8322,34.1914],[133.8328,34.1908],[133.8332,34.1898],[133.8345,34.1893],[133.8351,34.1886],[133.8344,34.1881],[133.8347,34.1873],[133.836,34.1856],[133.8358,34.1847],[133.8343,34.1848],[133.8336,34.1845],[133.8329,34.1839],[133.8333,34.1833],[133.8322,34.1822],[133.8308,34.1813],[133.8299,34.1812],[133.829,34.1817],[133.8278,34.1817],[133.8272,34.1821],[133.8251,34.181],[133.8243,34.1805],[133.8242,34.1796],[133.8245,34.1789],[133.8238,34.1776],[133.8234,34.1772],[133.8223,34.1752],[133.8217,34.175],[133.8206,34.1752],[133.8183,34.175],[133.8171,34.1752],[133.8161,34.1751],[133.8153,34.1753],[133.8136,34.1768],[133.8132,34.1773],[133.8126,34.1776],[133.8118,34.1776],[133.811,34.178],[133.8098,34.1782],[133.8094,34.1785],[133.8094,34.1791],[133.8091,34.18],[133.8084,34.1813],[133.807,34.1822],[133.8071,34.1818],[133.8068,34.1797],[133.8065,34.1787],[133.8065,34.178],[133.8069,34.1769],[133.8062,34.1752],[133.805,34.175],[133.8045,34.1747],[133.8035,34.1733],[133.8031,34.1719],[133.803,34.1708],[133.8028,34.17],[133.8029,34.1688],[133.8031,34.1685],[133.8031,34.167],[133.8036,34.1653],[133.8035,34.1646],[133.8039,34.1633],[133.8031,34.1621],[133.8025,34.1605],[133.8018,34.1596],[133.8007,34.1568],[133.8007,34.1562],[133.8015,34.1554],[133.8021,34.1545],[133.8025,34.1529],[133.8034,34.1531],[133.8057,34.154],[133.8059,34.1541],[133.8068,34.1559],[133.8085,34.1572],[133.8097,34.1572],[133.8122,34.1576],[133.8122,34.1571],[133.8113,34.1556],[133.8112,34.1552],[133.8114,34.1535],[133.811,34.1531],[133.8113,34.1521],[133.8118,34.1517],[133.8124,34.15],[133.8132,34.1492],[133.8133,34.1488],[133.8146,34.1484],[133.8158,34.147],[133.8171,34.1468],[133.8171,34.1454],[133.816,34.1445],[133.8162,34.1439],[133.8158,34.1426],[133.8164,34.1415],[133.8165,34.1407],[133.8163,34.1388],[133.8174,34.1379],[133.8175,34.1364],[133.8169,34.1353],[133.8169,34.1347],[133.8173,34.1338],[133.8173,34.1328],[133.8168,34.1317],[133.8175,34.131],[133.8182,34.1306],[133.8184,34.1292],[133.8183,34.1283],[133.8177,34.1272],[133.8178,34.1262],[133.8176,34.1251],[133.8173,34.1242],[133.8165,34.1231],[133.8165,34.1228],[133.8157,34.1222],[133.8161,34.1213],[133.8157,34.1209],[133.8159,34.1202],[133.8175,34.1185],[133.8176,34.1179],[133.8173,34.1169],[133.8172,34.1146],[133.818,34.1134],[133.8184,34.1131],[133.8187,34.1125],[133.8187,34.1115],[133.8195,34.1098],[133.8201,34.1096],[133.8201,34.109],[133.8195,34.108],[133.8198,34.1064],[133.819,34.1052],[133.8189,34.1039],[133.8184,34.1028],[133.8187,34.1005],[133.8193,34.0996],[133.8202,34.0986],[133.8212,34.0968],[133.8208,34.0961],[133.8206,34.0952],[133.8211,34.0945],[133.8223,34.0938],[133.8222,34.0922]]]},"properties":{"N03_001":"香川県","N03_002":"","N03_003":"仲多度郡","N03_004":"まんのう町","N03_007":"37406"}}
]}