{"type":"FeatureCollection", "features": [
{"type":"Feature","geometry":{"type":"Polygon","coordinates":[[[132.7707,33.7957],[132.7714,33.7954],[132.7742,33.7941],[132.7755,33.7934],[132.7767,33.7928],[132.7788,33.7918],[132.7823,33.79],[132.7834,33.7893],[132.7848,33.7883],[132.7859,33.7876],[132.7865,33.7874],[132.7873,33.7871],[132.788,33.7869],[132.7901,33.7865],[132.791,33.7864],[132.7921,33.7863],[132.7936,33.7863],[132.7958,33.7861],[132.7991,33.786],[132.799,33.7847],[132.799,33.7845],[132.8014,33.7831],[132.8016,33.783],[132.8024,33.783],[132.8029,33.7828],[132.8033,33.7825],[132.8036,33.7824],[132.8039,33.7823],[132.8042,33.7824],[132.8048,33.7823],[132.8064,33.7821],[132.8068,33.7819],[132.8069,33.7817],[132.8069,33.7815],[132.8068,33.7815],[132.8063,33.7816],[132.8059,33.7815],[132.8057,33.7812],[132.8057,33.7811],[132.806,33.7807],[132.8058,33.7806],[132.8061,33.7803],[132.8059,33.7802],[132.8054,33.7805],[132.8051,33.7805],[132.8049,33.7806],[132.8041,33.7813],[132.8039,33.7814],[132.8036,33.7813],[132.8034,33.7814],[132.8029,33.782],[132.8027,33.7821],[132.8024,33.782],[132.8019,33.782],[132.8016,33.782],[132.8012,33.7819],[132.8008,33.7821],[132.8006,33.7819],[132.8004,33.7817],[132.8002,33.7815],[132.8001,33.7814],[132.8001,33.781],[132.7997,33.7805],[132.7996,33.7803],[132.7995,33.7796],[132.799,33.7798],[132.7987,33.7795],[132.7985,33.7796],[132.798,33.7794],[132.7976,33.7795],[132.7974,33.779],[132.797,33.7788],[132.7967,33.7785],[132.7966,33.7782],[132.7965,33.7776],[132.7964,33.7767],[132.7964,33.7765],[132.7966,33.7764],[132.7968,33.7763],[132.7969,33.7761],[132.7969,33.7754],[132.7968,33.7752],[132.7969,33.7748],[132.7969,33.7738],[132.7968,33.7732],[132.7968,33.7729],[132.7968,33.7722],[132.7968,33.7717],[132.7972,33.7711],[132.7974,33.7708],[132.7973,33.7702],[132.797,33.7697],[132.7968,33.7696],[132.7958,33.7689],[132.7949,33.7683],[132.7945,33.768],[132.7942,33.7677],[132.7942,33.7674],[132.7943,33.7673],[132.7947,33.767],[132.7949,33.7668],[132.7949,33.7666],[132.7947,33.7663],[132.7945,33.766],[132.7944,33.7655],[132.7944,33.7652],[132.7946,33.7649],[132.795,33.7645],[132.7953,33.7644],[132.7962,33.764],[132.7963,33.7639],[132.7964,33.7637],[132.7968,33.7632],[132.7974,33.7624],[132.7975,33.762],[132.7977,33.7607],[132.7977,33.7602],[132.7975,33.76],[132.7971,33.7593],[132.797,33.759],[132.797,33.7588],[132.7971,33.7587],[132.7976,33.7584],[132.7978,33.7582],[132.7978,33.758],[132.7978,33.7575],[132.7979,33.7573],[132.7984,33.7568],[132.7986,33.756],[132.7988,33.7557],[132.8001,33.7549],[132.8004,33.7548],[132.8011,33.7548],[132.8015,33.7548],[132.8025,33.7545],[132.8029,33.7545],[132.8034,33.7545],[132.8037,33.7544],[132.8039,33.7541],[132.8047,33.7536],[132.805,33.7533],[132.8051,33.7529],[132.8055,33.7522],[132.8056,33.7517],[132.8057,33.7513],[132.806,33.751],[132.8065,33.7504],[132.8067,33.7501],[132.807,33.7495],[132.8071,33.7492],[132.8071,33.749],[132.8072,33.7487],[132.807,33.748],[132.8066,33.7474],[132.8065,33.747],[132.8065,33.7467],[132.807,33.7456],[132.8072,33.7449],[132.8073,33.7445],[132.8072,33.7443],[132.8069,33.7439],[132.8069,33.7436],[132.807,33.7429],[132.8068,33.7425],[132.8067,33.7421],[132.8068,33.7418],[132.8069,33.7416],[132.8077,33.7414],[132.8083,33.7409],[132.8085,33.7405],[132.8091,33.7397],[132.8092,33.7393],[132.809,33.7391],[132.8093,33.7391],[132.8098,33.7392],[132.8101,33.7391],[132.8105,33.739],[132.811,33.7388],[132.8111,33.7386],[132.8115,33.7384],[132.8116,33.7382],[132.8119,33.7379],[132.812,33.7373],[132.812,33.7369],[132.8122,33.7366],[132.8126,33.7364],[132.813,33.736],[132.8133,33.7356],[132.8136,33.7353],[132.8138,33.7351],[132.8146,33.7348],[132.8154,33.7342],[132.8159,33.7339],[132.8166,33.7333],[132.8167,33.7331],[132.8173,33.7327],[132.8174,33.7326],[132.8176,33.7321],[132.8176,33.7318],[132.8178,33.7311],[132.818,33.7308],[132.8181,33.7306],[132.8179,33.7299],[132.8178,33.7296],[132.8177,33.729],[132.8177,33.7287],[132.8178,33.7282],[132.8179,33.7277],[132.8184,33.7272],[132.8183,33.727],[132.8179,33.7269],[132.818,33.7263],[132.8181,33.7261],[132.8181,33.7258],[132.8183,33.7251],[132.8186,33.7249],[132.8189,33.7248],[132.8194,33.7245],[132.8197,33.7243],[132.8201,33.7237],[132.8203,33.7234],[132.8207,33.7232],[132.8216,33.7231],[132.822,33.723],[132.8223,33.7229],[132.8231,33.7224],[132.8234,33.7221],[132.8235,33.7218],[132.8235,33.7213],[132.8236,33.7202],[132.8236,33.72],[132.824,33.7195],[132.8241,33.7193],[132.8242,33.7189],[132.8242,33.7185],[132.8242,33.7182],[132.8243,33.718],[132.8249,33.7175],[132.8252,33.717],[132.8254,33.7166],[132.8256,33.716],[132.8256,33.7155],[132.8252,33.7148],[132.8249,33.7142],[132.8245,33.7134],[132.8235,33.7132],[132.8232,33.713],[132.8227,33.7128],[132.8223,33.7124],[132.8222,33.7118],[132.822,33.7111],[132.8216,33.7105],[132.8213,33.7094],[132.8213,33.709],[132.8213,33.7085],[132.8214,33.7078],[132.8216,33.7076],[132.822,33.7073],[132.8222,33.7071],[132.8222,33.7067],[132.8225,33.7064],[132.8229,33.706],[132.8232,33.7057],[132.8235,33.7052],[132.8237,33.7049],[132.824,33.7048],[132.8238,33.7044],[132.8241,33.7044],[132.8246,33.7042],[132.8246,33.7041],[132.8243,33.704],[132.8243,33.7039],[132.8245,33.7037],[132.8245,33.7036],[132.8239,33.7037],[132.8234,33.7037],[132.8236,33.7034],[132.8237,33.703],[132.8236,33.7022],[132.8235,33.7017],[132.8235,33.7011],[132.8236,33.7006],[132.8239,33.6998],[132.8242,33.6995],[132.8244,33.6992],[132.8246,33.6985],[132.8247,33.6983],[132.8246,33.698],[132.8243,33.6975],[132.8241,33.6968],[132.824,33.6961],[132.824,33.6958],[132.8239,33.6947],[132.8241,33.6942],[132.8244,33.694],[132.825,33.6938],[132.8255,33.6936],[132.8257,33.6936],[132.8265,33.6935],[132.8267,33.6934],[132.8274,33.6927],[132.8277,33.6923],[132.828,33.6915],[132.8285,33.6911],[132.829,33.6908],[132.8291,33.6907],[132.8293,33.6902],[132.8295,33.6899],[132.8299,33.6895],[132.8306,33.6883],[132.8307,33.688],[132.8314,33.6876],[132.8319,33.6874],[132.8325,33.6877],[132.8327,33.6879],[132.833,33.6882],[132.8331,33.6883],[132.8335,33.6883],[132.834,33.6881],[132.8344,33.6879],[132.8346,33.6879],[132.8348,33.6881],[132.835,33.6881],[132.8353,33.688],[132.8357,33.6883],[132.8364,33.6888],[132.8366,33.6888],[132.8372,33.6886],[132.8373,33.6886],[132.8376,33.689],[132.8377,33.6891],[132.8379,33.6891],[132.8382,33.6889],[132.8385,33.689],[132.8389,33.6892],[132.8393,33.6891],[132.8398,33.689],[132.8404,33.6889],[132.8406,33.6889],[132.841,33.6891],[132.8416,33.6893],[132.8419,33.6895],[132.8422,33.6896],[132.8429,33.6894],[132.8431,33.6893],[132.8435,33.6889],[132.8437,33.6889],[132.8442,33.6888],[132.8444,33.6888],[132.8446,33.6889],[132.8449,33.6889],[132.8453,33.6888],[132.8462,33.6888],[132.8468,33.6887],[132.8472,33.6887],[132.8477,33.6888],[132.8479,33.6887],[132.8483,33.6887],[132.8487,33.6888],[132.8491,33.689],[132.8491,33.6891],[132.8491,33.6895],[132.8494,33.6898],[132.8496,33.69],[132.8499,33.6902],[132.8506,33.6902],[132.8507,33.6903],[132.851,33.6906],[132.8512,33.6907],[132.8516,33.6908],[132.8526,33.6913],[132.8528,33.6915],[132.8532,33.6916],[132.8533,33.6917],[132.8533,33.6923],[132.8531,33.6928],[132.8532,33.6931],[132.8535,33.6935],[132.8533,33.6939],[132.8533,33.694],[132.8535,33.6943],[132.8537,33.6947],[132.8537,33.695],[132.8536,33.6953],[132.8534,33.6955],[132.8531,33.6958],[132.853,33.6959],[132.8529,33.6968],[132.8526,33.6975],[132.8525,33.6982],[132.8525,33.6986],[132.8526,33.6989],[132.853,33.6994],[132.8535,33.6998],[132.8537,33.6999],[132.8541,33.7008],[132.8544,33.7014],[132.8546,33.7015],[132.855,33.7017],[132.8551,33.7019],[132.8555,33.7027],[132.8557,33.7029],[132.856,33.7033],[132.8564,33.7041],[132.8567,33.7043],[132.8571,33.7045],[132.858,33.705],[132.8589,33.7054],[132.8592,33.7055],[132.8602,33.7055],[132.8605,33.7057],[132.8608,33.7061],[132.8611,33.7064],[132.8615,33.7066],[132.8615,33.7069],[132.8615,33.7071],[132.8615,33.7083],[132.8616,33.7088],[132.8625,33.7093],[132.863,33.7094],[132.8635,33.7096],[132.8637,33.7098],[132.8641,33.7102],[132.8645,33.7104],[132.8646,33.7106],[132.8649,33.7111],[132.8651,33.7112],[132.8655,33.7113],[132.8662,33.7114],[132.8668,33.7113],[132.8671,33.7115],[132.8673,33.7116],[132.8677,33.7119],[132.868,33.7121],[132.8682,33.7125],[132.8684,33.7126],[132.8686,33.7126],[132.8691,33.7126],[132.8694,33.7127],[132.8699,33.7127],[132.8704,33.7129],[132.871,33.713],[132.8712,33.713],[132.8715,33.7131],[132.8721,33.7139],[132.8722,33.7142],[132.8724,33.715],[132.8723,33.7154],[132.8722,33.7155],[132.8716,33.7156],[132.8714,33.7157],[132.8713,33.7159],[132.8714,33.7164],[132.8716,33.7167],[132.8715,33.7168],[132.8709,33.7173],[132.8709,33.7176],[132.871,33.7176],[132.8713,33.718],[132.8713,33.7183],[132.8711,33.7187],[132.8713,33.7191],[132.8714,33.7195],[132.8714,33.7198],[132.8716,33.7201],[132.8716,33.7203],[132.8714,33.7207],[132.8715,33.7212],[132.8714,33.7217],[132.8721,33.7227],[132.8723,33.7237],[132.8723,33.724],[132.8722,33.7245],[132.8722,33.7247],[132.8725,33.7249],[132.8729,33.7261],[132.8731,33.7263],[132.8734,33.7267],[132.8742,33.7274],[132.8744,33.7276],[132.8749,33.7278],[132.8751,33.7279],[132.8756,33.7286],[132.8758,33.7291],[132.8757,33.7294],[132.8751,33.73],[132.875,33.7303],[132.8749,33.7307],[132.8749,33.7309],[132.8747,33.7312],[132.8742,33.7316],[132.8739,33.732],[132.8736,33.7326],[132.8734,33.7327],[132.8725,33.7327],[132.8722,33.7331],[132.8721,33.7332],[132.8715,33.7333],[132.8712,33.7335],[132.871,33.7337],[132.8704,33.7345],[132.8701,33.7348],[132.8695,33.7352],[132.869,33.7356],[132.8684,33.7363],[132.8681,33.7367],[132.8678,33.7371],[132.8675,33.7373],[132.8673,33.7375],[132.8668,33.7376],[132.8665,33.7379],[132.8663,33.7383],[132.8661,33.7387],[132.8659,33.7389],[132.8654,33.7393],[132.8654,33.7394],[132.8654,33.7396],[132.8657,33.7399],[132.8658,33.7402],[132.8658,33.7404],[132.8656,33.7408],[132.8656,33.741],[132.8658,33.7415],[132.8658,33.7416],[132.8655,33.742],[132.8652,33.7424],[132.8644,33.7428],[132.8641,33.743],[132.8635,33.7438],[132.8632,33.7442],[132.8629,33.7445],[132.8628,33.7447],[132.8624,33.7453],[132.8622,33.7457],[132.8621,33.7459],[132.8621,33.7462],[132.8628,33.7466],[132.8629,33.7468],[132.8629,33.7473],[132.8628,33.7474],[132.8624,33.7476],[132.8621,33.7478],[132.8615,33.7484],[132.8613,33.7486],[132.8613,33.7488],[132.8611,33.749],[132.8608,33.7491],[132.8603,33.7492],[132.86,33.7495],[132.8597,33.7496],[132.8593,33.7496],[132.8585,33.7497],[132.8576,33.7499],[132.857,33.7501],[132.8565,33.7502],[132.8558,33.7504],[132.8555,33.7505],[132.8553,33.7506],[132.8551,33.7508],[132.855,33.7511],[132.8548,33.7517],[132.8547,33.752],[132.8545,33.7522],[132.8541,33.7525],[132.8538,33.7531],[132.8536,33.7533],[132.8535,33.7538],[132.8535,33.7544],[132.8534,33.7546],[132.8533,33.7548],[132.8532,33.7551],[132.8531,33.7555],[132.853,33.7564],[132.8529,33.7565],[132.8522,33.7569],[132.8519,33.7571],[132.8516,33.7572],[132.8513,33.7572],[132.851,33.7572],[132.8507,33.7571],[132.8503,33.7569],[132.8498,33.7569],[132.8495,33.757],[132.8493,33.7571],[132.8489,33.7576],[132.8488,33.7577],[132.8482,33.7577],[132.8477,33.7579],[132.8474,33.7579],[132.8472,33.758],[132.847,33.7583],[132.8469,33.7584],[132.847,33.7591],[132.8469,33.7594],[132.8469,33.7596],[132.8472,33.7606],[132.8474,33.7613],[132.8475,33.7617],[132.8476,33.7622],[132.8478,33.7623],[132.8481,33.7626],[132.8483,33.7629],[132.8484,33.7632],[132.8483,33.7635],[132.8482,33.7638],[132.8478,33.7642],[132.8474,33.7649],[132.8468,33.7658],[132.8465,33.7665],[132.8463,33.7667],[132.846,33.7669],[132.8458,33.7672],[132.8453,33.7684],[132.8441,33.7695],[132.8439,33.7698],[132.8437,33.7703],[132.843,33.7714],[132.8429,33.7715],[132.8425,33.7713],[132.8424,33.7715],[132.842,33.7715],[132.8418,33.7716],[132.8418,33.7717],[132.8418,33.7724],[132.8418,33.7726],[132.841,33.7733],[132.8395,33.7746],[132.8388,33.7743],[132.8386,33.7743],[132.8373,33.7752],[132.8372,33.7757],[132.8371,33.7766],[132.8371,33.7769],[132.8371,33.7771],[132.8367,33.778],[132.8364,33.7785],[132.8377,33.7786],[132.8376,33.779],[132.8378,33.779],[132.8384,33.7791],[132.8396,33.7792],[132.84,33.7792],[132.8406,33.7793],[132.841,33.7794],[132.8421,33.7794],[132.842,33.7796],[132.8409,33.7802],[132.8404,33.7805],[132.8404,33.7826],[132.838,33.783],[132.8364,33.7833],[132.8345,33.7837],[132.8328,33.784],[132.8317,33.7843],[132.8307,33.7846],[132.8295,33.7848],[132.8284,33.785],[132.8278,33.7851],[132.8269,33.7851],[132.8258,33.7851],[132.8248,33.7852],[132.8247,33.7856],[132.8248,33.7866],[132.8248,33.789],[132.8248,33.7896],[132.8252,33.7896],[132.8253,33.7902],[132.8255,33.7902],[132.8267,33.7903],[132.8274,33.7903],[132.8275,33.7908],[132.8274,33.7915],[132.8274,33.7916],[132.8275,33.7917],[132.8284,33.7917],[132.8286,33.7919],[132.8288,33.7919],[132.8296,33.7919],[132.83,33.7918],[132.83,33.7935],[132.8301,33.7949],[132.8301,33.7952],[132.8299,33.7955],[132.8297,33.7956],[132.8288,33.7956],[132.8282,33.7956],[132.8278,33.7956],[132.8275,33.7954],[132.827,33.7952],[132.827,33.7954],[132.8261,33.7953],[132.8259,33.7953],[132.826,33.7964],[132.826,33.7965],[132.8255,33.7965],[132.8245,33.7965],[132.8231,33.7966],[132.8224,33.7967],[132.8225,33.7984],[132.8225,33.7988],[132.8226,33.799],[132.8235,33.7992],[132.8238,33.7992],[132.8244,33.7992],[132.825,33.7991],[132.8257,33.799],[132.8271,33.799],[132.8283,33.7989],[132.8288,33.7989],[132.8301,33.7988],[132.8308,33.7988],[132.8312,33.7988],[132.8313,33.7988],[132.8313,33.7982],[132.8312,33.7979],[132.8309,33.7973],[132.8307,33.7965],[132.8315,33.7963],[132.8325,33.7962],[132.833,33.7962],[132.8337,33.7963],[132.8351,33.7965],[132.8359,33.7965],[132.8367,33.7966],[132.8371,33.7965],[132.8378,33.7966],[132.8388,33.7966],[132.8397,33.7966],[132.8412,33.7967],[132.8418,33.7968],[132.8422,33.7969],[132.8429,33.797],[132.8432,33.7971],[132.8438,33.7973],[132.8445,33.7978],[132.8448,33.7976],[132.8455,33.7981],[132.8457,33.7982],[132.8475,33.7985],[132.8473,33.799],[132.8473,33.8001],[132.8475,33.8004],[132.8489,33.8009],[132.8497,33.8013],[132.8506,33.8018],[132.8512,33.8017],[132.8523,33.802],[132.8528,33.8023],[132.8538,33.8027],[132.8548,33.8031],[132.8551,33.8032],[132.8555,33.8033],[132.8557,33.8034],[132.8561,33.8039],[132.8562,33.8039],[132.8568,33.8039],[132.8572,33.804],[132.8583,33.8046],[132.8587,33.8049],[132.859,33.8051],[132.8601,33.8055],[132.8628,33.806],[132.8632,33.806],[132.8643,33.8062],[132.8646,33.8064],[132.8651,33.8065],[132.865,33.8076],[132.8651,33.8082],[132.8653,33.8085],[132.8653,33.8087],[132.8652,33.809],[132.8654,33.8098],[132.8661,33.8123],[132.8663,33.8134],[132.8666,33.8141],[132.8669,33.8143],[132.8672,33.8145],[132.8677,33.8147],[132.8683,33.815],[132.8685,33.8151],[132.8691,33.8151],[132.8693,33.8154],[132.8693,33.8156],[132.8694,33.8159],[132.8696,33.8164],[132.8697,33.8169],[132.8696,33.8177],[132.8697,33.8181],[132.8698,33.8187],[132.8698,33.819],[132.8698,33.8195],[132.8694,33.8199],[132.8692,33.8203],[132.8692,33.8207],[132.8691,33.821],[132.8692,33.8214],[132.869,33.8226],[132.8688,33.8228],[132.8686,33.8236],[132.8685,33.8239],[132.869,33.8243],[132.8694,33.8244],[132.87,33.8246],[132.8705,33.8246],[132.8709,33.8247],[132.8712,33.8251],[132.872,33.8254],[132.8728,33.8259],[132.8731,33.8264],[132.8733,33.8266],[132.8736,33.8269],[132.8741,33.8277],[132.8743,33.828],[132.8742,33.8285],[132.874,33.8288],[132.874,33.829],[132.8739,33.8293],[132.874,33.8295],[132.8747,33.8305],[132.8748,33.8309],[132.8748,33.8311],[132.8744,33.8321],[132.8744,33.8323],[132.8747,33.8328],[132.8748,33.833],[132.875,33.8335],[132.8751,33.834],[132.8754,33.8342],[132.876,33.835],[132.8762,33.8351],[132.8765,33.8352],[132.8768,33.8353],[132.8769,33.8355],[132.877,33.8358],[132.877,33.8362],[132.877,33.8366],[132.8772,33.8368],[132.8775,33.837],[132.8776,33.8371],[132.8779,33.838],[132.8781,33.8383],[132.8785,33.8384],[132.8788,33.839],[132.879,33.8393],[132.8793,33.8394],[132.8795,33.8398],[132.8799,33.8404],[132.8801,33.8406],[132.8803,33.8408],[132.8809,33.8411],[132.8811,33.8412],[132.8813,33.8415],[132.8813,33.8418],[132.8813,33.8423],[132.8816,33.8425],[132.8816,33.8428],[132.8817,33.843],[132.8817,33.8432],[132.882,33.8434],[132.8822,33.8437],[132.8822,33.8441],[132.8823,33.8449],[132.8824,33.845],[132.8827,33.8452],[132.8828,33.8455],[132.8829,33.8461],[132.883,33.8461],[132.8835,33.8462],[132.8837,33.8464],[132.8839,33.8467],[132.8845,33.8473],[132.8845,33.8475],[132.8845,33.8477],[132.8843,33.848],[132.8835,33.849],[132.8834,33.8493],[132.8834,33.8497],[132.8832,33.8502],[132.8829,33.8507],[132.8831,33.8511],[132.8831,33.8515],[132.8831,33.852],[132.8831,33.8526],[132.8828,33.853],[132.8827,33.8532],[132.8825,33.8535],[132.8822,33.8539],[132.882,33.8544],[132.8818,33.8545],[132.8811,33.8544],[132.881,33.8545],[132.8808,33.8548],[132.8806,33.8551],[132.8798,33.8558],[132.8795,33.8562],[132.8793,33.8566],[132.8791,33.857],[132.8791,33.8574],[132.8787,33.8579],[132.8786,33.8585],[132.8785,33.8587],[132.8782,33.8589],[132.8781,33.8593],[132.8778,33.8603],[132.8777,33.8606],[132.877,33.8616],[132.8767,33.8619],[132.8763,33.8626],[132.8763,33.863],[132.8759,33.8635],[132.8759,33.8637],[132.8762,33.8642],[132.8764,33.8644],[132.8766,33.8645],[132.8772,33.8647],[132.8774,33.8653],[132.8775,33.8656],[132.8778,33.8662],[132.8779,33.8666],[132.878,33.8675],[132.8781,33.868],[132.8783,33.8686],[132.8785,33.869],[132.8785,33.8693],[132.8789,33.87],[132.8791,33.8701],[132.8795,33.8701],[132.8802,33.8704],[132.8805,33.8706],[132.8809,33.8711],[132.8812,33.8714],[132.8816,33.8717],[132.8817,33.8719],[132.8817,33.8723],[132.8816,33.8727],[132.8815,33.8731],[132.8812,33.8736],[132.8811,33.874],[132.881,33.8743],[132.8807,33.8745],[132.8803,33.8749],[132.8803,33.8751],[132.8804,33.8754],[132.8807,33.8757],[132.8809,33.8759],[132.8816,33.8763],[132.8819,33.8766],[132.8822,33.8768],[132.8824,33.8769],[132.8825,33.8771],[132.8826,33.8778],[132.8828,33.8782],[132.8829,33.8783],[132.8834,33.8784],[132.8837,33.8786],[132.8838,33.8788],[132.8837,33.8795],[132.8836,33.8797],[132.8837,33.8799],[132.884,33.88],[132.8844,33.8802],[132.8846,33.8805],[132.8846,33.8808],[132.8847,33.881],[132.885,33.8812],[132.8851,33.8813],[132.8859,33.8813],[132.8866,33.8815],[132.8871,33.8815],[132.8873,33.8817],[132.8875,33.8818],[132.8876,33.8821],[132.8877,33.8823],[132.8881,33.8825],[132.8884,33.8827],[132.8887,33.8831],[132.8888,33.8833],[132.8893,33.8835],[132.8898,33.8836],[132.89,33.8838],[132.8901,33.884],[132.8908,33.8846],[132.8909,33.8848],[132.8913,33.8849],[132.8917,33.8849],[132.8921,33.8849],[132.8926,33.885],[132.8933,33.8849],[132.8937,33.8849],[132.8939,33.885],[132.894,33.8852],[132.8941,33.8856],[132.8942,33.8858],[132.8943,33.886],[132.8948,33.8863],[132.8951,33.8867],[132.8953,33.887],[132.8959,33.8875],[132.8964,33.8877],[132.8968,33.888],[132.8974,33.8885],[132.8977,33.8886],[132.8982,33.8886],[132.8989,33.8888],[132.8991,33.8889],[132.8996,33.889],[132.8999,33.8892],[132.9002,33.8894],[132.9005,33.8896],[132.9007,33.8898],[132.901,33.89],[132.9012,33.89],[132.9014,33.8898],[132.9016,33.8896],[132.9017,33.8895],[132.9024,33.8893],[132.9027,33.8891],[132.9032,33.889],[132.9037,33.8891],[132.9042,33.8892],[132.905,33.8892],[132.9053,33.8892],[132.9058,33.8892],[132.9063,33.8892],[132.9068,33.8895],[132.907,33.8898],[132.9071,33.8899],[132.9071,33.8902],[132.9074,33.8904],[132.9075,33.8906],[132.9076,33.8908],[132.9077,33.8909],[132.9081,33.8911],[132.9085,33.8912],[132.9087,33.8912],[132.9091,33.8911],[132.9096,33.891],[132.9099,33.891],[132.9104,33.8908],[132.9107,33.8908],[132.9108,33.8909],[132.911,33.8912],[132.9115,33.8914],[132.912,33.8914],[132.9123,33.8915],[132.9126,33.8916],[132.913,33.892],[132.9133,33.8921],[132.9135,33.8923],[132.9137,33.8926],[132.9137,33.8929],[132.9138,33.8932],[132.9141,33.8936],[132.9144,33.8938],[132.9146,33.8938],[132.915,33.8938],[132.9154,33.8939],[132.9158,33.8941],[132.9164,33.8942],[132.9168,33.8944],[132.9172,33.8943],[132.9174,33.8943],[132.9177,33.894],[132.9178,33.894],[132.9179,33.8943],[132.9182,33.8947],[132.9186,33.8952],[132.9195,33.8959],[132.9198,33.896],[132.92,33.8962],[132.9202,33.8965],[132.9203,33.8967],[132.9206,33.897],[132.9209,33.8974],[132.9209,33.8976],[132.9208,33.8979],[132.9203,33.8985],[132.9202,33.8986],[132.9202,33.8992],[132.92,33.9001],[132.92,33.9002],[132.9204,33.9003],[132.9206,33.9004],[132.9209,33.9006],[132.9211,33.901],[132.921,33.9014],[132.9211,33.9017],[132.9212,33.902],[132.9217,33.9025],[132.922,33.9027],[132.9228,33.903],[132.9231,33.9032],[132.9233,33.9033],[132.9236,33.9037],[132.9238,33.9039],[132.924,33.9043],[132.9246,33.9045],[132.9248,33.9047],[132.9253,33.9052],[132.9256,33.9055],[132.9251,33.9059],[132.925,33.9061],[132.9247,33.9066],[132.9246,33.907],[132.9244,33.9071],[132.9242,33.9073],[132.9241,33.9075],[132.9239,33.908],[132.9239,33.9082],[132.9242,33.9086],[132.9243,33.9088],[132.9243,33.9091],[132.9247,33.9097],[132.9249,33.9101],[132.925,33.9106],[132.9251,33.9108],[132.9254,33.9109],[132.9257,33.9111],[132.9259,33.9116],[132.926,33.9122],[132.9261,33.9124],[132.9263,33.9127],[132.9264,33.9132],[132.9267,33.9134],[132.9268,33.914],[132.9268,33.9144],[132.9266,33.9146],[132.9266,33.9148],[132.9267,33.9155],[132.9266,33.9159],[132.9263,33.9164],[132.9262,33.9167],[132.9264,33.9171],[132.9264,33.9172],[132.9262,33.9176],[132.9261,33.9183],[132.926,33.9187],[132.9257,33.9192],[132.9255,33.9195],[132.9253,33.9197],[132.925,33.92],[132.9252,33.9204],[132.9254,33.921],[132.9254,33.9215],[132.9254,33.9222],[132.9252,33.9225],[132.9249,33.9227],[132.9248,33.9231],[132.9247,33.9234],[132.9247,33.9238],[132.9247,33.9242],[132.9252,33.9249],[132.9252,33.9251],[132.925,33.9254],[132.9245,33.9265],[132.9242,33.9268],[132.9242,33.9269],[132.9246,33.9275],[132.9249,33.9278],[132.9251,33.928],[132.925,33.9283],[132.9246,33.9292],[132.9245,33.9296],[132.9244,33.93],[132.9241,33.9303],[132.9238,33.9305],[132.9236,33.9308],[132.9234,33.9311],[132.923,33.9315],[132.9224,33.9322],[132.9218,33.9327],[132.9214,33.9329],[132.921,33.933],[132.9207,33.9332],[132.9204,33.9335],[132.9201,33.9339],[132.92,33.9342],[132.92,33.9345],[132.9201,33.9349],[132.9201,33.9354],[132.9202,33.9356],[132.9205,33.9359],[132.9205,33.9362],[132.9204,33.9365],[132.9202,33.9368],[132.9196,33.9372],[132.9194,33.9375],[132.919,33.9376],[132.9183,33.9376],[132.917,33.9372],[132.9166,33.937],[132.9163,33.937],[132.9161,33.9373],[132.9158,33.9375],[132.9152,33.9377],[132.9149,33.9379],[132.9144,33.9381],[132.9143,33.9383],[132.9142,33.9385],[132.9142,33.9389],[132.9143,33.9391],[132.9141,33.9392],[132.9138,33.9391],[132.9135,33.9389],[132.9129,33.9388],[132.9127,33.9386],[132.9122,33.9381],[132.9113,33.9379],[132.9111,33.9378],[132.9106,33.9379],[132.9104,33.9391],[132.9103,33.9395],[132.9102,33.9396],[132.9095,33.94],[132.9087,33.9404],[132.9083,33.9407],[132.9081,33.9408],[132.9077,33.941],[132.9072,33.9409],[132.9069,33.9409],[132.9067,33.9413],[132.9065,33.9416],[132.9063,33.9418],[132.9059,33.942],[132.9056,33.9422],[132.905,33.9423],[132.9048,33.9425],[132.9043,33.9426],[132.904,33.9429],[132.9036,33.9431],[132.9034,33.9434],[132.9028,33.9439],[132.9026,33.9443],[132.9023,33.9448],[132.9021,33.945],[132.9017,33.9453],[132.9009,33.9457],[132.9006,33.9457],[132.9,33.9458],[132.8998,33.9458],[132.8994,33.9461],[132.8989,33.9464],[132.8984,33.9463],[132.8979,33.9464],[132.8972,33.9464],[132.8967,33.9465],[132.8959,33.9466],[132.8957,33.9467],[132.8954,33.9471],[132.8951,33.9475],[132.8948,33.9479],[132.8947,33.9479],[132.8941,33.9477],[132.8939,33.9477],[132.8934,33.9482],[132.893,33.9484],[132.8924,33.9489],[132.8919,33.9491],[132.8917,33.9493],[132.8915,33.9497],[132.8909,33.95],[132.8901,33.9503],[132.8895,33.9503],[132.8892,33.9503],[132.8886,33.9503],[132.8883,33.9504],[132.8879,33.9506],[132.8875,33.9508],[132.8873,33.9509],[132.8871,33.9511],[132.887,33.9513],[132.8871,33.9517],[132.887,33.9522],[132.8868,33.9525],[132.8865,33.9528],[132.8863,33.9532],[132.8861,33.9538],[132.8859,33.9543],[132.8858,33.9546],[132.8858,33.9548],[132.886,33.9554],[132.8862,33.9557],[132.8864,33.956],[132.8866,33.9564],[132.8866,33.9567],[132.8866,33.957],[132.8868,33.9578],[132.8867,33.9581],[132.8864,33.9584],[132.8862,33.9588],[132.8859,33.959],[132.8856,33.9592],[132.8853,33.9595],[132.8852,33.9598],[132.885,33.9608],[132.885,33.9611],[132.8852,33.9614],[132.8855,33.9615],[132.8856,33.9617],[132.8857,33.9619],[132.8859,33.9624],[132.8865,33.9631],[132.8866,33.9633],[132.8867,33.9638],[132.887,33.9645],[132.8869,33.9649],[132.8866,33.9652],[132.8864,33.9656],[132.8861,33.966],[132.8862,33.9668],[132.8864,33.9674],[132.8862,33.968],[132.8862,33.9682],[132.8863,33.9685],[132.8863,33.9687],[132.8861,33.9691],[132.8858,33.9694],[132.8857,33.9696],[132.8861,33.9697],[132.8865,33.9699],[132.8867,33.9701],[132.8869,33.9704],[132.887,33.9707],[132.8869,33.9716],[132.887,33.9718],[132.8872,33.972],[132.8875,33.9721],[132.8881,33.9723],[132.8885,33.9726],[132.8893,33.973],[132.8896,33.973],[132.8899,33.973],[132.8894,33.9733],[132.889,33.9735],[132.8886,33.9736],[132.8882,33.9738],[132.888,33.974],[132.8878,33.9743],[132.888,33.9751],[132.8881,33.9755],[132.888,33.9759],[132.888,33.9762],[132.8881,33.9764],[132.8883,33.9766],[132.8882,33.9769],[132.8882,33.9774],[132.8882,33.9779],[132.888,33.9785],[132.8879,33.9788],[132.8878,33.979],[132.8878,33.9796],[132.8877,33.9799],[132.8874,33.9802],[132.8874,33.9804],[132.8875,33.9808],[132.8875,33.981],[132.8874,33.9815],[132.8874,33.9818],[132.8875,33.982],[132.8879,33.9823],[132.8878,33.983],[132.8878,33.9832],[132.8879,33.9836],[132.8883,33.9842],[132.8886,33.9848],[132.8889,33.985],[132.889,33.9852],[132.8889,33.9856],[132.8889,33.9859],[132.8891,33.9862],[132.8895,33.9865],[132.8895,33.9867],[132.8895,33.9877],[132.8896,33.988],[132.8898,33.9884],[132.8892,33.989],[132.8883,33.9898],[132.888,33.99],[132.8877,33.9902],[132.8874,33.9911],[132.8871,33.9914],[132.8868,33.9916],[132.8864,33.9921],[132.8857,33.9927],[132.8854,33.993],[132.8852,33.9931],[132.8847,33.9929],[132.8843,33.9925],[132.884,33.9925],[132.8838,33.9927],[132.8834,33.993],[132.8833,33.9933],[132.8833,33.9937],[132.883,33.9942],[132.8827,33.9944],[132.8822,33.9947],[132.8821,33.995],[132.8821,33.9952],[132.8818,33.9953],[132.8815,33.9956],[132.8812,33.9958],[132.8807,33.9961],[132.8803,33.996],[132.8798,33.996],[132.8794,33.996],[132.8788,33.9962],[132.8777,33.9963],[132.8772,33.9964],[132.8769,33.9964],[132.8766,33.9961],[132.8765,33.9959],[132.8763,33.9957],[132.876,33.9957],[132.8755,33.9959],[132.8753,33.9958],[132.875,33.9955],[132.8745,33.9955],[132.8743,33.9956],[132.8741,33.9957],[132.8737,33.9959],[132.8732,33.996],[132.8729,33.9959],[132.8725,33.9958],[132.8721,33.9958],[132.8716,33.9957],[132.8712,33.9956],[132.8709,33.9954],[132.8707,33.9954],[132.8705,33.9954],[132.87,33.9956],[132.8695,33.9956],[132.8691,33.9956],[132.8685,33.9953],[132.8677,33.995],[132.867,33.9948],[132.8665,33.9948],[132.8653,33.9945],[132.8651,33.9944],[132.8648,33.9945],[132.8646,33.9946],[132.8643,33.9947],[132.8637,33.9947],[132.8633,33.9947],[132.863,33.9949],[132.8627,33.9952],[132.8622,33.9952],[132.8619,33.9953],[132.8617,33.9954],[132.8614,33.9956],[132.8611,33.996],[132.8608,33.9962],[132.8606,33.9963],[132.8603,33.9963],[132.8599,33.9963],[132.8585,33.996],[132.8581,33.9957],[132.858,33.9957],[132.8578,33.9959],[132.8575,33.9961],[132.8573,33.9963],[132.857,33.9964],[132.8565,33.9964],[132.856,33.9967],[132.8558,33.9968],[132.8552,33.9971],[132.8551,33.9972],[132.855,33.9975],[132.8548,33.9979],[132.8544,33.998],[132.8542,33.998],[132.8538,33.998],[132.8534,33.9979],[132.8532,33.998],[132.8532,33.9982],[132.8529,33.9988],[132.8528,33.9991],[132.8525,33.9993],[132.8522,33.9993],[132.8518,33.9992],[132.8508,33.999],[132.8507,33.9994],[132.8507,33.9998],[132.8508,33.9999],[132.851,34],[132.8511,34.0005],[132.851,34.0007],[132.8507,34.0007],[132.8504,34.0006],[132.8501,34.0006],[132.8496,34.0009],[132.8491,34.0013],[132.8485,34.0015],[132.8472,34.0025],[132.8461,34.0032],[132.8461,34.0033],[132.8455,34.0037],[132.845,34.0042],[132.8447,34.0044],[132.8444,34.0048],[132.8439,34.0041],[132.8429,34.0045],[132.843,34.005],[132.8429,34.0053],[132.8424,34.0054],[132.8422,34.0052],[132.8418,34.0049],[132.8419,34.0047],[132.8419,34.0046],[132.8416,34.0041],[132.8415,34.0035],[132.8415,34.0033],[132.8417,34.0031],[132.8416,34.003],[132.8412,34.003],[132.8405,34.0029],[132.84,34.0029],[132.8393,34.0029],[132.839,34.0029],[132.8387,34.0027],[132.8386,34.0025],[132.8379,34.002],[132.8375,34.002],[132.8371,34.0016],[132.8368,34.0012],[132.8366,34.0011],[132.8362,34.0008],[132.8358,34.0004],[132.8356,34.0001],[132.8355,33.9994],[132.8354,33.9992],[132.835,33.9988],[132.8346,33.9987],[132.8341,33.9986],[132.8338,33.9987],[132.8335,33.9988],[132.833,33.9991],[132.8329,33.9992],[132.8325,33.9991],[132.8323,33.9992],[132.8318,33.9995],[132.8313,33.9998],[132.8306,34.0001],[132.8301,34.0005],[132.8296,34.001],[132.8293,34.0013],[132.8289,34.0013],[132.8285,34.0015],[132.8282,34.0017],[132.8278,34.002],[132.8271,34.0022],[132.8262,34.0022],[132.8258,34.0023],[132.8249,34.0026],[132.8244,34.0029],[132.8242,34.003],[132.8232,34.003],[132.8224,34.0032],[132.822,34.0037],[132.8218,34.0042],[132.8217,34.0047],[132.8216,34.005],[132.8214,34.0051],[132.821,34.0052],[132.8206,34.0053],[132.8202,34.0052],[132.8198,34.0053],[132.8195,34.0054],[132.819,34.0059],[132.8187,34.0064],[132.8187,34.0066],[132.8192,34.0066],[132.8201,34.0066],[132.8206,34.0068],[132.8209,34.0071],[132.821,34.0073],[132.821,34.0076],[132.821,34.008],[132.8209,34.0083],[132.8205,34.0086],[132.8197,34.009],[132.8193,34.0095],[132.8191,34.0102],[132.8189,34.0104],[132.8185,34.011],[132.8183,34.0112],[132.8177,34.0118],[132.8173,34.0118],[132.8168,34.0118],[132.8167,34.0119],[132.816,34.0123],[132.8156,34.0125],[132.8152,34.0125],[132.815,34.0126],[132.8147,34.0133],[132.8143,34.014],[132.8141,34.0144],[132.8134,34.015],[132.8128,34.0155],[132.8117,34.0158],[132.8114,34.0159],[132.8106,34.016],[132.8102,34.0162],[132.8096,34.0166],[132.809,34.0169],[132.8087,34.0171],[132.8086,34.0172],[132.8086,34.0179],[132.8085,34.0186],[132.8083,34.0185],[132.808,34.018],[132.8078,34.0179],[132.8073,34.0175],[132.8069,34.0173],[132.8067,34.0171],[132.8067,34.017],[132.8065,34.0163],[132.8065,34.0162],[132.8062,34.0159],[132.806,34.0156],[132.8058,34.0155],[132.8057,34.0152],[132.8048,34.0142],[132.8045,34.0138],[132.8041,34.0133],[132.8039,34.013],[132.8038,34.013],[132.8035,34.0133],[132.8034,34.0132],[132.8038,34.0129],[132.8031,34.0123],[132.8028,34.0123],[132.8028,34.012],[132.8023,34.0117],[132.8019,34.0116],[132.8018,34.0116],[132.8018,34.0113],[132.801,34.0107],[132.8007,34.0107],[132.8007,34.0105],[132.7998,34.01],[132.7992,34.0098],[132.7989,34.0098],[132.7986,34.0097],[132.7983,34.0097],[132.7979,34.0096],[132.7978,34.0098],[132.7974,34.0096],[132.797,34.0094],[132.7965,34.0093],[132.7959,34.0092],[132.7953,34.0093],[132.7949,34.0093],[132.7948,34.0094],[132.7946,34.0093],[132.7945,34.0094],[132.7945,34.0096],[132.7949,34.0096],[132.7943,34.0097],[132.7941,34.0095],[132.7936,34.0095],[132.7932,34.0096],[132.7932,34.0098],[132.793,34.0098],[132.7927,34.0099],[132.792,34.01],[132.7917,34.0099],[132.7907,34.0098],[132.7901,34.0098],[132.79,34.01],[132.7897,34.0098],[132.7896,34.0096],[132.789,34.0093],[132.7883,34.009],[132.7876,34.0089],[132.7875,34.0091],[132.7871,34.0089],[132.7868,34.0086],[132.7864,34.0086],[132.7861,34.0087],[132.7861,34.009],[132.7859,34.0091],[132.7857,34.009],[132.7856,34.0088],[132.7856,34.0086],[132.7855,34.0085],[132.785,34.0082],[132.7849,34.0079],[132.784,34.0072],[132.7836,34.0069],[132.7829,34.0067],[132.782,34.0065],[132.7805,34.0052],[132.7802,34.005],[132.7797,34.0046],[132.7792,34.0044],[132.7786,34.0042],[132.7783,34.0042],[132.7781,34.0042],[132.7778,34.0044],[132.7775,34.0047],[132.7772,34.0048],[132.7771,34.0047],[132.7774,34.0045],[132.7774,34.0042],[132.7773,34.0039],[132.7772,34.0036],[132.7762,34.0026],[132.776,34.0025],[132.7758,34.0022],[132.7754,34.0017],[132.7752,34.0017],[132.775,34.0016],[132.7749,34.0013],[132.7744,34.001],[132.7741,34.0006],[132.7737,34.0002],[132.7732,34.0001],[132.7731,33.9999],[132.7727,33.9996],[132.7723,33.9996],[132.7718,33.9994],[132.7716,33.9993],[132.7714,33.9998],[132.7713,33.9998],[132.7715,33.9992],[132.7706,33.9991],[132.7703,33.9991],[132.7701,33.9993],[132.7701,33.9995],[132.7696,33.9995],[132.7694,33.9996],[132.769,33.9997],[132.7688,33.9998],[132.7686,34],[132.7685,34.0001],[132.7682,34.0003],[132.7683,34.0005],[132.7681,34.0006],[132.7681,34.0003],[132.7679,34.0001],[132.7677,33.9999],[132.7676,33.9998],[132.7671,33.9999],[132.767,34],[132.7668,34],[132.7667,33.9998],[132.7668,33.9996],[132.7666,33.9993],[132.7663,33.9992],[132.7662,33.999],[132.7662,33.9989],[132.7659,33.9989],[132.7656,33.9986],[132.7656,33.9984],[132.766,33.9982],[132.7663,33.9979],[132.7664,33.9977],[132.7665,33.9975],[132.7663,33.9974],[132.7663,33.9972],[132.7665,33.9972],[132.7666,33.9973],[132.7668,33.9975],[132.767,33.9977],[132.7672,33.9977],[132.7676,33.9976],[132.7678,33.9975],[132.7679,33.9973],[132.7682,33.9971],[132.7685,33.9972],[132.7685,33.9973],[132.7688,33.9973],[132.769,33.9971],[132.7695,33.997],[132.7697,33.9969],[132.7699,33.9966],[132.7702,33.9966],[132.7705,33.9967],[132.7706,33.9966],[132.7708,33.996],[132.7709,33.9958],[132.7712,33.9954],[132.7714,33.9951],[132.7718,33.9943],[132.7719,33.994],[132.7718,33.9937],[132.7716,33.9937],[132.7714,33.9939],[132.771,33.9938],[132.7709,33.9937],[132.771,33.9935],[132.7712,33.9934],[132.7718,33.9934],[132.7724,33.9937],[132.7726,33.9937],[132.7728,33.9934],[132.7737,33.9928],[132.7739,33.9926],[132.7742,33.9925],[132.7743,33.9923],[132.7743,33.9919],[132.7746,33.9919],[132.7746,33.9914],[132.7745,33.9912],[132.7748,33.9909],[132.7748,33.9903],[132.7743,33.9903],[132.7743,33.9902],[132.7749,33.9902],[132.7749,33.9901],[132.7743,33.9901],[132.7743,33.99],[132.7749,33.9901],[132.7749,33.9897],[132.7747,33.9893],[132.7747,33.9891],[132.7749,33.989],[132.7748,33.9885],[132.7747,33.9884],[132.7743,33.9884],[132.7743,33.9883],[132.7747,33.9883],[132.7746,33.988],[132.7744,33.9877],[132.7743,33.987],[132.774,33.9865],[132.7736,33.9866],[132.7735,33.9864],[132.773,33.986],[132.7729,33.9858],[132.7728,33.9855],[132.7727,33.9853],[132.7722,33.9849],[132.772,33.9849],[132.7716,33.9842],[132.7716,33.9838],[132.7713,33.9833],[132.7709,33.9833],[132.7709,33.9828],[132.7709,33.9824],[132.771,33.9822],[132.7712,33.9815],[132.7713,33.9814],[132.7716,33.9809],[132.7717,33.9806],[132.7717,33.9804],[132.7718,33.9804],[132.7719,33.9801],[132.7719,33.9795],[132.7719,33.9792],[132.7717,33.9787],[132.7714,33.9781],[132.7712,33.9778],[132.7711,33.9777],[132.7709,33.9778],[132.7708,33.9778],[132.7698,33.9762],[132.7698,33.9759],[132.7702,33.9759],[132.7705,33.9761],[132.7708,33.9761],[132.7706,33.9758],[132.7709,33.9758],[132.7713,33.976],[132.7713,33.9762],[132.7716,33.9767],[132.7724,33.9765],[132.7724,33.9762],[132.7725,33.9761],[132.7721,33.9753],[132.7719,33.9749],[132.7719,33.9743],[132.7709,33.9743],[132.7709,33.9751],[132.7708,33.9753],[132.7705,33.9753],[132.7704,33.9751],[132.7701,33.9752],[132.7701,33.9754],[132.77,33.9754],[132.7699,33.9748],[132.7696,33.9748],[132.7696,33.9743],[132.7698,33.9743],[132.7698,33.9741],[132.7699,33.9739],[132.7701,33.9734],[132.7704,33.9724],[132.7706,33.9719],[132.7707,33.9715],[132.7707,33.9713],[132.7707,33.9709],[132.7708,33.9702],[132.7703,33.9701],[132.77,33.9716],[132.77,33.9713],[132.7702,33.9699],[132.7708,33.9698],[132.771,33.9697],[132.7711,33.9694],[132.771,33.9692],[132.7711,33.9689],[132.7711,33.9686],[132.7708,33.9687],[132.7707,33.9686],[132.7711,33.9685],[132.7711,33.9683],[132.7707,33.9683],[132.7707,33.9682],[132.7711,33.9682],[132.7712,33.968],[132.7711,33.9678],[132.7711,33.9676],[132.7713,33.9674],[132.7714,33.9666],[132.7713,33.9664],[132.7715,33.966],[132.7715,33.9656],[132.7714,33.9654],[132.7714,33.9652],[132.7716,33.9648],[132.7716,33.9645],[132.7716,33.9641],[132.7717,33.9637],[132.7718,33.9635],[132.7717,33.9631],[132.7716,33.9628],[132.7717,33.9623],[132.7715,33.9611],[132.7714,33.9609],[132.7713,33.9609],[132.7707,33.9601],[132.7707,33.9598],[132.7704,33.9594],[132.7702,33.9591],[132.7699,33.9587],[132.7699,33.9584],[132.7698,33.9581],[132.7695,33.9577],[132.7689,33.9578],[132.7689,33.9577],[132.7693,33.9576],[132.7694,33.957],[132.7694,33.9564],[132.7693,33.956],[132.7689,33.9559],[132.7695,33.9558],[132.7696,33.9557],[132.7696,33.9554],[132.7693,33.955],[132.7692,33.9547],[132.7686,33.9549],[132.7695,33.9546],[132.7697,33.9549],[132.7698,33.9549],[132.7702,33.9552],[132.7707,33.9551],[132.7703,33.9538],[132.7697,33.9538],[132.7698,33.9541],[132.7696,33.9541],[132.7696,33.9544],[132.7695,33.9544],[132.7691,33.9545],[132.7691,33.9541],[132.7693,33.954],[132.7692,33.9532],[132.7692,33.9531],[132.769,33.953],[132.769,33.9529],[132.7689,33.9523],[132.769,33.9521],[132.769,33.9519],[132.7685,33.9521],[132.7685,33.952],[132.7691,33.9518],[132.7691,33.9517],[132.7684,33.9518],[132.769,33.9516],[132.769,33.9514],[132.7686,33.9511],[132.7686,33.9509],[132.7685,33.9506],[132.7687,33.9502],[132.7688,33.9501],[132.7686,33.9499],[132.7686,33.9494],[132.7685,33.949],[132.7683,33.9488],[132.7683,33.9486],[132.7683,33.9483],[132.7682,33.9478],[132.768,33.9476],[132.7679,33.9474],[132.7679,33.9471],[132.7676,33.9466],[132.7672,33.9464],[132.767,33.9459],[132.7668,33.9458],[132.7664,33.945],[132.7663,33.9445],[132.7661,33.9442],[132.766,33.9438],[132.7659,33.9434],[132.7657,33.9428],[132.7656,33.9427],[132.7657,33.9425],[132.7656,33.9421],[132.7653,33.9415],[132.7649,33.9408],[132.7649,33.9407],[132.7647,33.9406],[132.7646,33.9404],[132.7644,33.9403],[132.764,33.94],[132.7638,33.9398],[132.7635,33.9392],[132.7637,33.939],[132.7635,33.9383],[132.7632,33.9383],[132.7631,33.9383],[132.763,33.9381],[132.7628,33.9378],[132.7624,33.9374],[132.7623,33.9371],[132.7622,33.9369],[132.7621,33.9367],[132.7623,33.9363],[132.7623,33.936],[132.7625,33.9359],[132.7621,33.9353],[132.762,33.9352],[132.7621,33.9349],[132.7621,33.9347],[132.762,33.9344],[132.762,33.9339],[132.762,33.9338],[132.7618,33.9335],[132.7618,33.9332],[132.7615,33.9325],[132.7614,33.9323],[132.7617,33.9322],[132.7616,33.9319],[132.7614,33.9321],[132.7612,33.9322],[132.7611,33.932],[132.7604,33.9312],[132.7605,33.9312],[132.7612,33.9321],[132.7616,33.9319],[132.7615,33.9317],[132.7609,33.9306],[132.7601,33.9309],[132.7609,33.9305],[132.7611,33.9304],[132.7612,33.9301],[132.761,33.93],[132.7609,33.9297],[132.7604,33.9293],[132.7604,33.9291],[132.7604,33.9288],[132.7601,33.9283],[132.7599,33.9281],[132.7598,33.9278],[132.7596,33.9276],[132.7594,33.9274],[132.7594,33.9272],[132.759,33.9268],[132.7591,33.9267],[132.7595,33.9264],[132.7592,33.926],[132.7586,33.9261],[132.7584,33.9259],[132.7578,33.9254],[132.7577,33.9252],[132.7571,33.9243],[132.7569,33.9241],[132.7567,33.9241],[132.7567,33.9239],[132.7569,33.9237],[132.7571,33.9235],[132.7569,33.9232],[132.757,33.9226],[132.7571,33.9225],[132.757,33.9214],[132.757,33.9209],[132.7571,33.9205],[132.7572,33.9201],[132.7577,33.9191],[132.7578,33.9188],[132.7578,33.9184],[132.7577,33.9182],[132.7578,33.9182],[132.7577,33.9177],[132.757,33.9164],[132.7568,33.9162],[132.7566,33.916],[132.7568,33.9159],[132.7565,33.9156],[132.7561,33.9152],[132.7561,33.915],[132.7558,33.9146],[132.7557,33.9143],[132.7554,33.914],[132.7555,33.9138],[132.7555,33.9135],[132.7554,33.9128],[132.7555,33.9123],[132.7554,33.9119],[132.7553,33.9117],[132.7552,33.9113],[132.7549,33.911],[132.7545,33.9107],[132.7543,33.9105],[132.7531,33.9095],[132.7525,33.9092],[132.7526,33.9091],[132.752,33.9087],[132.7511,33.9083],[132.7504,33.908],[132.7499,33.9079],[132.7497,33.908],[132.7493,33.9081],[132.7498,33.9075],[132.7497,33.9074],[132.7491,33.9071],[132.7492,33.907],[132.7488,33.9068],[132.7489,33.9067],[132.7487,33.9064],[132.7486,33.9064],[132.7485,33.9065],[132.7482,33.9064],[132.748,33.9068],[132.7479,33.9067],[132.7481,33.9064],[132.7481,33.9063],[132.7473,33.906],[132.7471,33.906],[132.747,33.9063],[132.747,33.9065],[132.7475,33.9067],[132.7474,33.9068],[132.747,33.9066],[132.7468,33.9064],[132.747,33.906],[132.7472,33.9057],[132.7467,33.9055],[132.7454,33.9049],[132.7448,33.9047],[132.7437,33.9045],[132.7433,33.9045],[132.7431,33.9044],[132.7424,33.9043],[132.7422,33.9045],[132.742,33.9048],[132.7419,33.9048],[132.7421,33.9045],[132.7422,33.9043],[132.7417,33.904],[132.7407,33.9038],[132.7402,33.9037],[132.7388,33.9035],[132.7383,33.9034],[132.7378,33.9035],[132.7375,33.9035],[132.7373,33.904],[132.7372,33.9039],[132.7374,33.9036],[132.7374,33.9034],[132.7371,33.9033],[132.7367,33.9032],[132.7359,33.9032],[132.7349,33.9031],[132.7341,33.9031],[132.7334,33.9032],[132.733,33.9033],[132.733,33.9037],[132.7333,33.9038],[132.7333,33.9039],[132.7329,33.9038],[132.733,33.9029],[132.732,33.9028],[132.7317,33.9028],[132.7318,33.9031],[132.7317,33.9033],[132.7314,33.9036],[132.7312,33.9039],[132.7314,33.904],[132.7331,33.9044],[132.7333,33.9046],[132.7311,33.9041],[132.7309,33.9041],[132.7301,33.9045],[132.7311,33.904],[132.7313,33.9035],[132.7316,33.9033],[132.7317,33.903],[132.7315,33.902],[132.7317,33.9014],[132.7318,33.9009],[132.7325,33.9005],[132.7322,33.9004],[132.7322,33.9002],[132.7313,33.8999],[132.7311,33.8995],[132.7306,33.8996],[132.7307,33.9009],[132.7301,33.9009],[132.7299,33.901],[132.7298,33.9009],[132.7296,33.901],[132.7296,33.9015],[132.7298,33.9037],[132.7272,33.9038],[132.7268,33.9039],[132.7266,33.9039],[132.7263,33.904],[132.7237,33.9041],[132.7215,33.9045],[132.7202,33.9048],[132.7201,33.9046],[132.7206,33.9045],[132.7205,33.9041],[132.7202,33.9041],[132.7201,33.9038],[132.7199,33.9037],[132.7194,33.9038],[132.7196,33.9045],[132.7197,33.9047],[132.7196,33.9048],[132.7173,33.9052],[132.7169,33.9054],[132.7166,33.9055],[132.716,33.9058],[132.7156,33.9061],[132.7151,33.9063],[132.7141,33.9062],[132.7138,33.9063],[132.7126,33.9066],[132.7121,33.9067],[132.7113,33.9067],[132.7107,33.9067],[132.7105,33.9066],[132.7102,33.9069],[132.7099,33.9071],[132.7098,33.907],[132.7095,33.9069],[132.7095,33.9066],[132.7097,33.9066],[132.7099,33.9065],[132.7102,33.9062],[132.7102,33.9059],[132.7104,33.9054],[132.7105,33.905],[132.7103,33.9045],[132.7097,33.9039],[132.7095,33.9036],[132.7094,33.9034],[132.7092,33.9025],[132.7092,33.9022],[132.7096,33.9017],[132.7097,33.9013],[132.7095,33.9008],[132.7095,33.9006],[132.7095,33.9002],[132.7095,33.8999],[132.7094,33.8995],[132.7092,33.8991],[132.7089,33.8988],[132.7085,33.8985],[132.708,33.8983],[132.7086,33.898],[132.7083,33.8974],[132.708,33.897],[132.7077,33.8967],[132.7076,33.8966],[132.7072,33.8964],[132.7072,33.8962],[132.7071,33.8959],[132.7068,33.896],[132.7065,33.895],[132.7068,33.8957],[132.707,33.8957],[132.7072,33.8953],[132.7077,33.8948],[132.7079,33.8944],[132.7073,33.8944],[132.7071,33.8945],[132.707,33.8944],[132.7074,33.8943],[132.7079,33.8943],[132.708,33.8939],[132.708,33.8928],[132.7069,33.8929],[132.707,33.894],[132.7069,33.894],[132.7064,33.8945],[132.7069,33.8939],[132.7069,33.8926],[132.706,33.8926],[132.7057,33.8908],[132.7054,33.8908],[132.7051,33.8894],[132.705,33.8894],[132.7048,33.8891],[132.7029,33.8882],[132.7028,33.8882],[132.7025,33.8884],[132.7024,33.8883],[132.7028,33.8881],[132.7025,33.8879],[132.7023,33.8879],[132.7014,33.8874],[132.7014,33.8873],[132.7023,33.8878],[132.7026,33.8879],[132.7027,33.8878],[132.7025,33.8877],[132.7026,33.8875],[132.7022,33.8873],[132.7019,33.8873],[132.7019,33.8872],[132.7013,33.8869],[132.701,33.8867],[132.7008,33.8863],[132.7005,33.8866],[132.701,33.8869],[132.7009,33.887],[132.7003,33.8865],[132.7006,33.8863],[132.7006,33.8859],[132.7007,33.8855],[132.7004,33.8854],[132.7005,33.8853],[132.7009,33.8854],[132.7013,33.8848],[132.7014,33.8849],[132.7015,33.8846],[132.7011,33.8845],[132.701,33.8845],[132.7007,33.885],[132.7006,33.885],[132.7009,33.8845],[132.7011,33.8844],[132.7013,33.8834],[132.7014,33.8833],[132.7015,33.8824],[132.7009,33.882],[132.7008,33.8817],[132.7004,33.8816],[132.701,33.8815],[132.7012,33.8813],[132.7011,33.8807],[132.7005,33.8804],[132.7003,33.8804],[132.7004,33.8812],[132.7002,33.8811],[132.7002,33.88],[132.7001,33.88],[132.6988,33.8791],[132.6988,33.879],[132.6986,33.8789],[132.6985,33.8788],[132.6986,33.8785],[132.6985,33.8785],[132.6987,33.8781],[132.6986,33.8777],[132.6988,33.8777],[132.6993,33.8774],[132.6993,33.8773],[132.6996,33.8771],[132.7,33.8767],[132.7005,33.8767],[132.7006,33.8766],[132.7012,33.8765],[132.7014,33.8766],[132.702,33.8765],[132.7022,33.8764],[132.7026,33.8763],[132.7029,33.8762],[132.703,33.8763],[132.7032,33.8762],[132.7035,33.8762],[132.7036,33.8765],[132.7035,33.8766],[132.7036,33.8767],[132.7039,33.8768],[132.7045,33.8767],[132.7048,33.8765],[132.7045,33.8762],[132.706,33.8751],[132.7062,33.875],[132.7062,33.8749],[132.7065,33.8749],[132.7064,33.8746],[132.7067,33.8741],[132.7065,33.8746],[132.7066,33.8749],[132.7067,33.8748],[132.7074,33.8746],[132.7075,33.8745],[132.708,33.8739],[132.7083,33.8735],[132.7084,33.8732],[132.7087,33.8724],[132.7087,33.872],[132.7086,33.8718],[132.7084,33.8716],[132.7081,33.8714],[132.7079,33.8718],[132.7078,33.8718],[132.7082,33.871],[132.7083,33.871],[132.7081,33.8713],[132.7088,33.8716],[132.7093,33.8713],[132.7095,33.8711],[132.7097,33.8706],[132.7098,33.8702],[132.7099,33.8698],[132.71,33.8689],[132.7099,33.8685],[132.7098,33.8684],[132.71,33.8683],[132.7101,33.868],[132.71,33.8677],[132.7102,33.8674],[132.7106,33.8674],[132.7109,33.8674],[132.7109,33.8675],[132.7113,33.8677],[132.7128,33.868],[132.7131,33.8679],[132.7131,33.868],[132.7135,33.8679],[132.7136,33.8677],[132.7139,33.8677],[132.7141,33.8676],[132.7142,33.8672],[132.7144,33.8673],[132.7148,33.8672],[132.7148,33.8671],[132.7157,33.867],[132.716,33.8678],[132.7164,33.8676],[132.7162,33.8673],[132.7163,33.8672],[132.7162,33.8669],[132.7162,33.8666],[132.7171,33.8664],[132.7178,33.8663],[132.7181,33.8662],[132.7184,33.866],[132.7187,33.8657],[132.7188,33.8655],[132.7189,33.8651],[132.7189,33.8648],[132.7188,33.8648],[132.7177,33.8649],[132.7175,33.8656],[132.7164,33.8658],[132.7164,33.8657],[132.7166,33.8652],[132.7159,33.8652],[132.7155,33.866],[132.7155,33.8661],[132.7152,33.8662],[132.7142,33.8663],[132.714,33.8661],[132.7143,33.8653],[132.7136,33.8653],[132.7132,33.8661],[132.7133,33.8661],[132.713,33.8669],[132.7129,33.8671],[132.7127,33.8672],[132.7125,33.8672],[132.7119,33.8671],[132.7114,33.8666],[132.7113,33.8666],[132.7109,33.8665],[132.7108,33.8662],[132.7108,33.8661],[132.7108,33.8656],[132.7103,33.8656],[132.7102,33.8657],[132.7101,33.8656],[132.7097,33.8655],[132.7095,33.8656],[132.7092,33.866],[132.7091,33.866],[132.7093,33.8657],[132.7089,33.8654],[132.7086,33.8655],[132.7083,33.8657],[132.7081,33.8659],[132.7079,33.8661],[132.7075,33.8674],[132.7075,33.8671],[132.7065,33.8669],[132.7067,33.8662],[132.7073,33.8635],[132.7095,33.8633],[132.7099,33.8617],[132.7109,33.8609],[132.7112,33.8609],[132.7121,33.861],[132.7122,33.8609],[132.7125,33.8593],[132.7125,33.8588],[132.7123,33.8588],[132.7121,33.8586],[132.7112,33.8585],[132.7107,33.8586],[132.7106,33.8587],[132.7103,33.8593],[132.7105,33.8594],[132.71,33.8605],[132.7091,33.8613],[132.7083,33.8613],[132.7083,33.8603],[132.7084,33.8579],[132.7103,33.8565],[132.7104,33.8541],[132.7073,33.8539],[132.7074,33.8535],[132.7058,33.8534],[132.7057,33.8532],[132.7058,33.8525],[132.7046,33.8525],[132.7045,33.8537],[132.7044,33.8537],[132.7044,33.8525],[132.703,33.8524],[132.7029,33.8535],[132.7028,33.8535],[132.7029,33.8524],[132.7015,33.8523],[132.7011,33.8565],[132.7011,33.8569],[132.7008,33.8603],[132.7008,33.8612],[132.6997,33.8625],[132.6996,33.8624],[132.7001,33.8619],[132.7,33.8619],[132.7005,33.8612],[132.7006,33.8609],[132.7007,33.8609],[132.7011,33.8566],[132.7013,33.8537],[132.7014,33.8523],[132.6963,33.852],[132.696,33.8556],[132.6959,33.8556],[132.6961,33.8532],[132.6962,33.852],[132.6958,33.8503],[132.6955,33.8484],[132.6973,33.8474],[132.6999,33.8461],[132.6998,33.846],[132.6998,33.8454],[132.6999,33.8451],[132.7003,33.8449],[132.7002,33.8448],[132.7,33.8447],[132.6996,33.8443],[132.6996,33.8436],[132.6995,33.8435],[132.6993,33.8434],[132.6984,33.8435],[132.6984,33.8433],[132.6992,33.8433],[132.6994,33.8433],[132.6995,33.8427],[132.701,33.8424],[132.701,33.8423],[132.701,33.8416],[132.7009,33.8416],[132.7008,33.8388],[132.6993,33.8388],[132.6993,33.8392],[132.6994,33.8392],[132.6994,33.8395],[132.6993,33.8395],[132.6993,33.8398],[132.6994,33.8398],[132.6994,33.8402],[132.6994,33.8409],[132.6989,33.8412],[132.6989,33.8414],[132.6986,33.8414],[132.6984,33.8417],[132.6981,33.8418],[132.698,33.8419],[132.6979,33.8421],[132.6978,33.8426],[132.6974,33.8431],[132.6973,33.8432],[132.6971,33.8431],[132.6975,33.8425],[132.6976,33.8421],[132.6979,33.8419],[132.6982,33.8416],[132.6985,33.8414],[132.6984,33.8413],[132.6983,33.8397],[132.6947,33.8397],[132.6948,33.8438],[132.6947,33.8441],[132.6934,33.8461],[132.6923,33.8478],[132.6922,33.8478],[132.6945,33.8441],[132.6944,33.844],[132.6946,33.8437],[132.6946,33.8415],[132.6946,33.8398],[132.6946,33.8395],[132.6945,33.8347],[132.6947,33.8344],[132.6943,33.834],[132.6914,33.8361],[132.6914,33.836],[132.6902,33.8369],[132.6895,33.8363],[132.6873,33.8341],[132.688,33.8327],[132.6901,33.8317],[132.691,33.8313],[132.6913,33.8311],[132.6914,33.831],[132.6917,33.8303],[132.6919,33.8298],[132.6919,33.8295],[132.6912,33.8282],[132.6912,33.8281],[132.6901,33.8262],[132.6912,33.8254],[132.6913,33.8253],[132.6928,33.8242],[132.6926,33.8238],[132.6908,33.8209],[132.6895,33.8189],[132.689,33.818],[132.6885,33.8177],[132.6886,33.8176],[132.6891,33.8179],[132.6894,33.8178],[132.6929,33.8168],[132.6928,33.8165],[132.6929,33.8165],[132.6926,33.8138],[132.6935,33.8135],[132.6935,33.8134],[132.6949,33.813],[132.6951,33.8131],[132.6951,33.8129],[132.695,33.8114],[132.6945,33.8109],[132.6946,33.8108],[132.695,33.8113],[132.6961,33.8111],[132.6959,33.8105],[132.6958,33.8105],[132.6957,33.8099],[132.6953,33.81],[132.6944,33.8102],[132.6943,33.8103],[132.694,33.8103],[132.6935,33.8105],[132.6927,33.8109],[132.6918,33.8115],[132.6918,33.8116],[132.6907,33.8122],[132.6906,33.8122],[132.69,33.8126],[132.69,33.8125],[132.6904,33.8123],[132.6905,33.8121],[132.6904,33.812],[132.6912,33.8115],[132.6912,33.8113],[132.691,33.8108],[132.6908,33.8105],[132.6907,33.8102],[132.6907,33.8101],[132.6904,33.809],[132.6902,33.8089],[132.69,33.8089],[132.6899,33.8091],[132.6897,33.8092],[132.6891,33.8096],[132.6891,33.81],[132.6887,33.81],[132.6874,33.8111],[132.6876,33.8113],[132.6868,33.8128],[132.686,33.8144],[132.6857,33.8143],[132.6855,33.8144],[132.6851,33.8155],[132.685,33.8155],[132.6854,33.8143],[132.6845,33.8135],[132.6839,33.8107],[132.6834,33.8085],[132.6834,33.8084],[132.6853,33.8084],[132.6856,33.8081],[132.6857,33.8079],[132.6857,33.8075],[132.6855,33.8066],[132.6856,33.8057],[132.6855,33.8054],[132.6855,33.8052],[132.6858,33.805],[132.692,33.8051],[132.6982,33.8052],[132.7004,33.8052],[132.7012,33.8052],[132.7017,33.8052],[132.7029,33.8053],[132.7043,33.8053],[132.7052,33.8054],[132.7057,33.8055],[132.7065,33.8057],[132.7073,33.806],[132.7078,33.8061],[132.7085,33.8062],[132.7089,33.8064],[132.7102,33.8072],[132.7111,33.8076],[132.7115,33.8077],[132.7131,33.8079],[132.7143,33.808],[132.715,33.808],[132.7156,33.808],[132.7173,33.8082],[132.7179,33.8082],[132.7195,33.8083],[132.7197,33.8083],[132.7201,33.8081],[132.721,33.8077],[132.7221,33.8073],[132.7244,33.8064],[132.7265,33.8056],[132.7275,33.8053],[132.7283,33.8051],[132.7298,33.805],[132.7314,33.805],[132.7331,33.8051],[132.7352,33.8051],[132.736,33.8052],[132.7375,33.8053],[132.7382,33.8053],[132.7388,33.8053],[132.7392,33.8053],[132.7408,33.8055],[132.7424,33.8055],[132.7437,33.8056],[132.7446,33.8055],[132.746,33.8054],[132.7462,33.8054],[132.747,33.8055],[132.7481,33.8055],[132.7491,33.8055],[132.7503,33.8053],[132.752,33.805],[132.7528,33.8047],[132.7534,33.8045],[132.7544,33.804],[132.7553,33.8035],[132.7568,33.8029],[132.7581,33.8024],[132.7599,33.8019],[132.7615,33.8011],[132.7637,33.7999],[132.7666,33.7981],[132.7699,33.796],[132.7707,33.7957]],[[132.6996,33.8667],[132.7006,33.8625],[132.6993,33.8674],[132.6986,33.868],[132.6987,33.8681],[132.6994,33.8674],[132.6996,33.8667]],[[132.6969,33.8785],[132.6965,33.8788],[132.6966,33.879],[132.6969,33.8791],[132.6969,33.8788],[132.6968,33.8788],[132.6969,33.8785]],[[132.7009,33.8833],[132.7006,33.8832],[132.7005,33.8833],[132.7009,33.8833]],[[132.7023,33.8884],[132.7021,33.8884],[132.7023,33.8886],[132.7024,33.8886],[132.7023,33.8884]],[[132.7024,33.8886],[132.7025,33.8889],[132.7027,33.8888],[132.7025,33.8886],[132.7024,33.8886]],[[132.7026,33.8889],[132.7028,33.8891],[132.7029,33.889],[132.7027,33.8888],[132.7026,33.8889]],[[132.7041,33.8889],[132.7039,33.8892],[132.704,33.8892],[132.7042,33.889],[132.7041,33.8889]],[[132.7039,33.8892],[132.7037,33.8894],[132.7038,33.8895],[132.704,33.8893],[132.7039,33.8892]],[[132.7037,33.8895],[132.7035,33.8897],[132.7036,33.8897],[132.7038,33.8895],[132.7037,33.8895]],[[132.7009,33.8936],[132.701,33.8937],[132.701,33.8939],[132.7012,33.894],[132.7013,33.8938],[132.7012,33.8936],[132.7009,33.8936]],[[132.7101,33.8658],[132.71,33.8657],[132.7097,33.8662],[132.7099,33.8662],[132.7101,33.8658]],[[132.6966,33.9778],[132.6968,33.9777],[132.6969,33.9775],[132.6968,33.9774],[132.6966,33.9771],[132.6963,33.977],[132.696,33.9773],[132.6959,33.9777],[132.6956,33.9781],[132.6956,33.9783],[132.6958,33.9785],[132.6961,33.9786],[132.6966,33.9785],[132.6968,33.9784],[132.6967,33.9783],[132.6964,33.9782],[132.6965,33.978],[132.6964,33.9778],[132.6966,33.9778]],[[132.754,33.9729],[132.7538,33.973],[132.7541,33.9731],[132.7543,33.973],[132.754,33.9729]],[[132.7572,33.9715],[132.7569,33.9715],[132.7569,33.9717],[132.7572,33.9717],[132.7572,33.9715]],[[132.7603,33.9315],[132.7597,33.9312],[132.7597,33.9313],[132.7603,33.9315]],[[132.7633,33.9399],[132.7633,33.9396],[132.7629,33.9393],[132.7626,33.9389],[132.7625,33.9386],[132.7625,33.9382],[132.7622,33.9383],[132.762,33.9382],[132.7619,33.9386],[132.7621,33.9389],[132.7625,33.9394],[132.7631,33.9398],[132.7633,33.9399]],[[132.7667,33.9727],[132.7656,33.9722],[132.7654,33.9724],[132.7653,33.9724],[132.7652,33.9726],[132.7649,33.9726],[132.7648,33.9724],[132.7647,33.9722],[132.765,33.9722],[132.7649,33.9721],[132.7643,33.9721],[132.7645,33.9722],[132.7644,33.9723],[132.7642,33.9724],[132.7639,33.9724],[132.7635,33.9723],[132.7632,33.9722],[132.7632,33.9721],[132.7639,33.9717],[132.7638,33.9717],[132.7632,33.9721],[132.7631,33.9727],[132.7627,33.9728],[132.7623,33.9728],[132.7622,33.973],[132.7619,33.9732],[132.762,33.9735],[132.762,33.9738],[132.762,33.9742],[132.7619,33.9745],[132.7621,33.9746],[132.7622,33.975],[132.7626,33.9754],[132.7631,33.9754],[132.7632,33.9755],[132.7635,33.9756],[132.7636,33.9755],[132.7639,33.9755],[132.764,33.9754],[132.7645,33.9755],[132.765,33.9756],[132.7653,33.9756],[132.7655,33.9757],[132.7655,33.977],[132.7656,33.977],[132.7656,33.9757],[132.7658,33.9753],[132.7664,33.9751],[132.7665,33.9749],[132.7664,33.9748],[132.7665,33.9747],[132.7666,33.974],[132.7669,33.9735],[132.767,33.9735],[132.767,33.9732],[132.7672,33.973],[132.767,33.9728],[132.7667,33.9727]],[[132.765,33.977],[132.7641,33.9788],[132.764,33.979],[132.764,33.98],[132.7641,33.98],[132.7641,33.979],[132.7642,33.9788],[132.765,33.977]],[[132.7676,33.95],[132.7675,33.9498],[132.7674,33.9498],[132.7675,33.9506],[132.7677,33.9505],[132.7676,33.95]],[[132.7689,33.9553],[132.7688,33.9551],[132.7687,33.955],[132.7687,33.9555],[132.7689,33.9553]],[[132.7676,33.9508],[132.7678,33.9516],[132.7679,33.9516],[132.7677,33.9508],[132.7676,33.9508]],[[132.7687,33.9542],[132.7687,33.9534],[132.7686,33.9534],[132.7685,33.9542],[132.7687,33.9542]],[[132.768,33.9522],[132.7679,33.9522],[132.768,33.9532],[132.7681,33.9532],[132.768,33.9522]],[[132.7683,33.957],[132.7683,33.9579],[132.7685,33.9579],[132.7685,33.957],[132.7683,33.957]],[[132.7685,33.9568],[132.7685,33.9558],[132.7682,33.9558],[132.7683,33.9568],[132.7685,33.9568]],[[132.7679,33.9552],[132.7677,33.9546],[132.7676,33.9546],[132.7678,33.9552],[132.7679,33.9552]],[[132.7699,33.9599],[132.7697,33.96],[132.7703,33.9609],[132.7705,33.9608],[132.7699,33.9599]],[[132.7696,33.995],[132.7694,33.9959],[132.7696,33.9959],[132.7698,33.9951],[132.7696,33.995]],[[132.7704,33.9938],[132.7697,33.9946],[132.77,33.9947],[132.7705,33.994],[132.7704,33.9938]],[[132.7984,34.0107],[132.7973,34.0105],[132.7983,34.0107],[132.7984,34.0107]],[[132.8045,34.0144],[132.8044,34.0145],[132.805,34.0152],[132.8051,34.0151],[132.8045,34.0144]],[[132.8037,34.0134],[132.8036,34.0135],[132.8041,34.0142],[132.8043,34.0142],[132.8037,34.0134]]]},"properties":{"N03_001":"愛媛県","N03_002":"","N03_003":"","N03_004":"松山市","N03_007":"38201"}},
{"type":"Feature","geometry":{"type":"Polygon","coordinates":[[[132.9601,33.9027],[132.9603,33.9027],[132.9608,33.9028],[132.9611,33.903],[132.9614,33.9033],[132.9615,33.9036],[132.9619,33.9042],[132.9622,33.9045],[132.9623,33.9051],[132.9624,33.9052],[132.9629,33.9054],[132.9632,33.9055],[132.9637,33.9055],[132.9639,33.9055],[132.964,33.9059],[132.9641,33.9063],[132.9643,33.9065],[132.9645,33.9066],[132.9648,33.9065],[132.9649,33.9065],[132.9652,33.9066],[132.9654,33.9068],[132.9656,33.9068],[132.9659,33.9066],[132.9662,33.9064],[132.9664,33.9062],[132.9667,33.9062],[132.9671,33.9063],[132.9675,33.9065],[132.9679,33.9065],[132.9681,33.9065],[132.9683,33.9064],[132.9689,33.9061],[132.9694,33.9057],[132.97,33.9055],[132.9704,33.9052],[132.9706,33.9052],[132.9713,33.9053],[132.9715,33.9054],[132.9721,33.9058],[132.9724,33.9059],[132.9728,33.9062],[132.9733,33.9065],[132.9735,33.9068],[132.9736,33.9071],[132.9736,33.9074],[132.9738,33.908],[132.974,33.9084],[132.9739,33.9087],[132.9738,33.909],[132.9738,33.9093],[132.9737,33.9097],[132.9737,33.9101],[132.9738,33.9103],[132.974,33.9105],[132.9743,33.9106],[132.9751,33.9107],[132.9756,33.9111],[132.9755,33.9115],[132.9755,33.9117],[132.9755,33.9119],[132.9757,33.9121],[132.9757,33.9123],[132.9757,33.9128],[132.9756,33.9131],[132.9754,33.9135],[132.9753,33.9137],[132.975,33.9139],[132.9747,33.9143],[132.9742,33.9148],[132.9741,33.9149],[132.9742,33.9151],[132.9749,33.9156],[132.975,33.9158],[132.9749,33.9162],[132.975,33.9166],[132.975,33.9169],[132.9749,33.9172],[132.9749,33.9175],[132.9748,33.9187],[132.9751,33.9191],[132.9751,33.9196],[132.9748,33.92],[132.9744,33.9203],[132.9742,33.9205],[132.9741,33.9207],[132.9743,33.9214],[132.9743,33.9216],[132.9742,33.922],[132.974,33.9223],[132.9738,33.9226],[132.9735,33.923],[132.9736,33.9233],[132.9738,33.9234],[132.9738,33.9236],[132.974,33.9247],[132.9743,33.9252],[132.9747,33.9254],[132.9749,33.9255],[132.9755,33.9256],[132.9757,33.9259],[132.9757,33.9262],[132.9754,33.9269],[132.9753,33.927],[132.9752,33.928],[132.9751,33.9283],[132.9751,33.9287],[132.9752,33.9289],[132.9756,33.9293],[132.9758,33.9296],[132.9759,33.9298],[132.9758,33.9302],[132.9756,33.9306],[132.9756,33.9312],[132.9755,33.9318],[132.9755,33.9325],[132.9755,33.9328],[132.9752,33.9332],[132.975,33.9334],[132.9749,33.9336],[132.975,33.934],[132.975,33.935],[132.975,33.9354],[132.9756,33.9357],[132.9763,33.9358],[132.9767,33.9359],[132.9771,33.936],[132.9776,33.9364],[132.9777,33.9367],[132.9777,33.9369],[132.9777,33.9371],[132.9774,33.9374],[132.9773,33.9377],[132.9773,33.9382],[132.9774,33.9384],[132.9776,33.9387],[132.9779,33.9389],[132.978,33.9391],[132.9782,33.9397],[132.9784,33.9399],[132.9787,33.9402],[132.9789,33.9405],[132.9788,33.9407],[132.9787,33.9409],[132.9785,33.9411],[132.9782,33.9416],[132.9781,33.9419],[132.9778,33.9424],[132.9777,33.9427],[132.9777,33.9431],[132.9778,33.9435],[132.9778,33.9437],[132.9778,33.944],[132.9775,33.9444],[132.9774,33.9446],[132.9773,33.9449],[132.9773,33.9451],[132.9778,33.9458],[132.9783,33.9463],[132.9787,33.9467],[132.9788,33.9469],[132.9789,33.9471],[132.9788,33.9474],[132.9787,33.9476],[132.9786,33.9478],[132.9786,33.9484],[132.9791,33.9486],[132.9794,33.9487],[132.9797,33.9491],[132.98,33.9492],[132.9805,33.9493],[132.9808,33.9495],[132.9812,33.9498],[132.9817,33.9501],[132.9822,33.9503],[132.9829,33.9506],[132.9835,33.9509],[132.9838,33.951],[132.984,33.9512],[132.9843,33.9515],[132.9846,33.9518],[132.9849,33.9521],[132.9853,33.9528],[132.9858,33.953],[132.986,33.9532],[132.9863,33.9535],[132.9867,33.9536],[132.9869,33.9537],[132.987,33.9539],[132.9869,33.9543],[132.9868,33.9549],[132.9867,33.9551],[132.9868,33.9553],[132.987,33.9554],[132.9874,33.9555],[132.9884,33.9558],[132.9889,33.956],[132.9892,33.9563],[132.9899,33.9566],[132.9906,33.9568],[132.9909,33.957],[132.9912,33.9569],[132.9914,33.9569],[132.9917,33.9567],[132.9923,33.9565],[132.9937,33.9564],[132.994,33.9563],[132.9943,33.9564],[132.9946,33.9565],[132.9954,33.9562],[132.9969,33.9556],[132.9974,33.9557],[132.9987,33.9561],[132.9995,33.9564],[132.9999,33.9566],[133.0002,33.9566],[133.0008,33.9565],[133.0015,33.9566],[133.0021,33.9567],[133.0024,33.9569],[133.0027,33.9571],[133.003,33.9573],[133.0034,33.9579],[133.0036,33.9581],[133.0048,33.958],[133.0051,33.958],[133.0053,33.958],[133.0055,33.9579],[133.0058,33.9575],[133.006,33.9573],[133.0063,33.9569],[133.0066,33.9563],[133.0071,33.9557],[133.0078,33.9548],[133.0079,33.9547],[133.0081,33.9547],[133.0085,33.9549],[133.0093,33.9552],[133.0098,33.9555],[133.0104,33.9561],[133.0107,33.9564],[133.0111,33.9568],[133.0114,33.957],[133.0119,33.9573],[133.0122,33.9574],[133.0127,33.9577],[133.013,33.9577],[133.0135,33.9577],[133.014,33.9576],[133.0151,33.9574],[133.0154,33.9573],[133.0156,33.9574],[133.0162,33.9579],[133.0164,33.9581],[133.0169,33.9585],[133.0171,33.9588],[133.0172,33.959],[133.0173,33.9599],[133.0175,33.9604],[133.0176,33.9607],[133.0177,33.9616],[133.0179,33.9619],[133.0183,33.9618],[133.0188,33.9614],[133.0197,33.9612],[133.02,33.961],[133.0203,33.9609],[133.0205,33.9608],[133.0212,33.9608],[133.0215,33.9607],[133.022,33.9606],[133.0222,33.9606],[133.0231,33.9608],[133.0232,33.961],[133.0233,33.9615],[133.0235,33.962],[133.0239,33.9626],[133.0241,33.9626],[133.0245,33.9626],[133.0251,33.9625],[133.0255,33.9624],[133.026,33.962],[133.0264,33.9617],[133.0267,33.9615],[133.0271,33.9614],[133.0276,33.9613],[133.0281,33.9613],[133.0285,33.9612],[133.0288,33.961],[133.0295,33.9607],[133.0299,33.9607],[133.0301,33.9607],[133.0306,33.9609],[133.0312,33.9608],[133.0316,33.9606],[133.032,33.9604],[133.0324,33.9604],[133.0333,33.9604],[133.0338,33.9605],[133.0341,33.9605],[133.0344,33.9603],[133.0349,33.9601],[133.0353,33.9601],[133.0355,33.9601],[133.0356,33.9602],[133.0352,33.9607],[133.0351,33.961],[133.0351,33.9614],[133.035,33.9625],[133.0351,33.9628],[133.0352,33.963],[133.0354,33.9632],[133.0361,33.9634],[133.0365,33.9636],[133.0366,33.9639],[133.0365,33.9644],[133.0365,33.9646],[133.0367,33.965],[133.037,33.9653],[133.0373,33.9655],[133.0375,33.9657],[133.0377,33.9658],[133.0377,33.966],[133.0377,33.9665],[133.0378,33.9666],[133.0381,33.9667],[133.0384,33.9668],[133.0392,33.9672],[133.0398,33.9674],[133.0404,33.9675],[133.0407,33.9676],[133.0408,33.9678],[133.0407,33.9683],[133.0407,33.9686],[133.0405,33.9695],[133.0404,33.9697],[133.0401,33.9699],[133.0395,33.9702],[133.0394,33.9704],[133.0391,33.9709],[133.0389,33.9713],[133.0389,33.9716],[133.039,33.9719],[133.0394,33.9727],[133.0395,33.9729],[133.0395,33.9731],[133.0391,33.974],[133.0391,33.9742],[133.0394,33.9751],[133.0395,33.9756],[133.0396,33.9758],[133.0398,33.9759],[133.0405,33.9761],[133.0412,33.9764],[133.0414,33.9765],[133.0415,33.9768],[133.0414,33.9772],[133.0414,33.9776],[133.0415,33.9777],[133.042,33.9779],[133.0428,33.9781],[133.0432,33.9782],[133.0437,33.9781],[133.0441,33.9782],[133.0443,33.9782],[133.0448,33.9786],[133.0454,33.9789],[133.0459,33.979],[133.0472,33.9791],[133.0475,33.9792],[133.0479,33.9796],[133.0483,33.9797],[133.0492,33.98],[133.0496,33.98],[133.0505,33.9801],[133.051,33.9803],[133.0513,33.9805],[133.0518,33.9813],[133.052,33.9814],[133.0522,33.9815],[133.0524,33.9814],[133.0526,33.9814],[133.0529,33.9817],[133.0537,33.982],[133.0542,33.982],[133.0545,33.9818],[133.0553,33.9813],[133.0556,33.9813],[133.0559,33.9813],[133.0562,33.9813],[133.0565,33.9814],[133.0568,33.9817],[133.0573,33.9819],[133.058,33.9821],[133.0588,33.9821],[133.0596,33.9821],[133.0602,33.9821],[133.0606,33.9821],[133.061,33.9821],[133.0613,33.9823],[133.0616,33.9826],[133.0619,33.9826],[133.0624,33.9825],[133.0632,33.9824],[133.0638,33.9823],[133.0641,33.9823],[133.0646,33.9824],[133.0654,33.9826],[133.0657,33.9827],[133.0666,33.9827],[133.0664,33.9829],[133.066,33.9835],[133.0656,33.984],[133.0648,33.985],[133.0639,33.9862],[133.0638,33.9864],[133.0638,33.9866],[133.0636,33.9868],[133.0634,33.987],[133.0628,33.9879],[133.0625,33.9883],[133.0621,33.9888],[133.0618,33.9893],[133.0617,33.9896],[133.0617,33.9897],[133.0621,33.9898],[133.0621,33.9899],[133.0617,33.9898],[133.0615,33.9901],[133.0604,33.9916],[133.06,33.9923],[133.06,33.9925],[133.0597,33.9929],[133.0593,33.9937],[133.0591,33.9943],[133.059,33.9948],[133.059,33.9951],[133.0591,33.9954],[133.0592,33.9956],[133.0595,33.9957],[133.06,33.9956],[133.0602,33.9956],[133.0605,33.9957],[133.0604,33.9959],[133.06,33.9965],[133.0594,33.9972],[133.0589,33.9979],[133.0587,33.9981],[133.0584,33.9985],[133.0578,33.9994],[133.0577,33.9996],[133.0575,33.9998],[133.0572,34.0002],[133.0571,34.0004],[133.0563,34.0013],[133.056,34.0018],[133.0557,34.0021],[133.0554,34.0025],[133.0553,34.0027],[133.055,34.0031],[133.0548,34.0034],[133.0544,34.004],[133.0543,34.0041],[133.0544,34.0042],[133.0541,34.0045],[133.0533,34.0055],[133.052,34.007],[133.0514,34.0077],[133.0514,34.0078],[133.0507,34.0088],[133.0504,34.0093],[133.0505,34.0094],[133.05,34.0102],[133.0497,34.0106],[133.0497,34.0109],[133.0496,34.0112],[133.0499,34.0112],[133.0499,34.0113],[133.0497,34.0114],[133.0497,34.0116],[133.0493,34.0123],[133.0491,34.0127],[133.0489,34.0127],[133.0486,34.0133],[133.0487,34.0134],[133.0486,34.0137],[133.0486,34.014],[133.048,34.0148],[133.048,34.0151],[133.0479,34.0152],[133.0478,34.0155],[133.0478,34.0159],[133.048,34.0162],[133.0493,34.0163],[133.0487,34.0163],[133.0485,34.0165],[133.0479,34.0173],[133.0469,34.0183],[133.0468,34.0185],[133.0464,34.0189],[133.0458,34.0198],[133.0455,34.0204],[133.0452,34.0211],[133.0452,34.0213],[133.0458,34.0216],[133.0458,34.0217],[133.0462,34.0219],[133.0461,34.022],[133.0457,34.0218],[133.0448,34.0214],[133.0434,34.0236],[133.0433,34.0238],[133.044,34.0239],[133.0442,34.0239],[133.0444,34.0239],[133.0447,34.0237],[133.0464,34.0224],[133.0465,34.0225],[133.0452,34.0235],[133.0451,34.0236],[133.0456,34.0239],[133.0456,34.024],[133.0459,34.0241],[133.0465,34.0231],[133.0466,34.0231],[133.0458,34.0243],[133.0455,34.0244],[133.0451,34.0244],[133.0441,34.0242],[133.044,34.0243],[133.0438,34.0245],[133.0437,34.0247],[133.0436,34.0248],[133.0431,34.0254],[133.0427,34.0259],[133.042,34.0268],[133.0416,34.0274],[133.0408,34.0284],[133.0393,34.0305],[133.039,34.031],[133.0388,34.0313],[133.0381,34.0325],[133.0379,34.0329],[133.0373,34.034],[133.0371,34.0344],[133.0371,34.0347],[133.0369,34.0351],[133.0367,34.0356],[133.0367,34.0358],[133.0369,34.0367],[133.0372,34.0377],[133.0373,34.0381],[133.0373,34.0384],[133.037,34.0392],[133.0366,34.0394],[133.0362,34.0397],[133.0353,34.0404],[133.035,34.0407],[133.0342,34.0413],[133.0331,34.0422],[133.0319,34.0433],[133.0314,34.0438],[133.0305,34.0448],[133.0302,34.0452],[133.03,34.0456],[133.0299,34.0459],[133.03,34.0461],[133.0303,34.0463],[133.0305,34.0464],[133.0306,34.0465],[133.0309,34.0468],[133.0311,34.0468],[133.0313,34.047],[133.0317,34.0473],[133.0323,34.0477],[133.0343,34.049],[133.0316,34.0528],[133.0326,34.0532],[133.0326,34.0568],[133.0325,34.0568],[133.0325,34.0533],[133.0316,34.0528],[133.0315,34.053],[133.0268,34.0507],[133.0261,34.0518],[133.026,34.0518],[133.0268,34.0507],[133.0253,34.05],[133.0251,34.05],[133.0242,34.051],[133.0243,34.051],[133.0239,34.0515],[133.0239,34.0517],[133.0238,34.0518],[133.0249,34.0524],[133.0251,34.0524],[133.0236,34.0575],[133.0232,34.059],[133.0229,34.0608],[133.023,34.0609],[133.0232,34.0613],[133.0231,34.0614],[133.0228,34.0626],[133.021,34.0642],[133.0209,34.0642],[133.0204,34.065],[133.0203,34.065],[133.0209,34.0641],[133.0207,34.0639],[133.0213,34.0615],[133.0194,34.0611],[133.0187,34.0638],[133.0183,34.064],[133.0177,34.0647],[133.0171,34.0649],[133.017,34.0648],[133.0159,34.065],[133.0127,34.0672],[133.0124,34.0676],[133.0123,34.0675],[133.0126,34.0673],[133.0119,34.0668],[133.0091,34.0696],[133.0086,34.07],[133.0086,34.0709],[133.0086,34.0712],[133.0085,34.0713],[133.0069,34.0728],[133.0062,34.0736],[133.006,34.0745],[133.0059,34.0745],[133.0061,34.0736],[133.0068,34.0728],[133.0084,34.0713],[133.0085,34.0712],[133.0086,34.0707],[133.0081,34.0707],[133.0081,34.0686],[133.0087,34.0672],[133.0073,34.0663],[133.0073,34.0662],[133.0068,34.0659],[133.0049,34.0683],[133.0055,34.0687],[133.0068,34.0675],[133.0073,34.0679],[133.0069,34.0683],[133.0069,34.0684],[133.0068,34.0686],[133.0061,34.0692],[133.0054,34.0699],[133.0055,34.0701],[133.0052,34.0704],[133.005,34.0705],[133.0051,34.0708],[133.0049,34.0708],[133.0047,34.0708],[133.0045,34.0707],[133.005,34.0714],[133.0049,34.0715],[133.0045,34.0709],[133.0043,34.0709],[133.0041,34.0711],[133.004,34.0713],[133.004,34.0725],[133.0037,34.0728],[133.0035,34.0727],[133.0024,34.0739],[133.0023,34.0744],[133.0023,34.0745],[133.002,34.0749],[133.0022,34.0745],[133.0023,34.0739],[133.0033,34.0728],[133.0028,34.0725],[133.0021,34.0733],[133.0018,34.0732],[133.0013,34.0735],[132.9993,34.0758],[132.9983,34.0774],[132.9981,34.0777],[132.9988,34.0779],[132.9988,34.078],[132.999,34.0782],[132.9983,34.0792],[132.9992,34.0796],[132.9999,34.0786],[133,34.0787],[133.0009,34.0774],[133.001,34.0775],[132.9992,34.0799],[132.9992,34.08],[132.9974,34.0795],[132.9968,34.0801],[132.9961,34.0811],[132.9958,34.0811],[132.9956,34.0814],[132.9954,34.0816],[132.9948,34.0826],[132.9944,34.0835],[132.9943,34.0837],[132.9938,34.0847],[132.9935,34.0855],[132.9934,34.0858],[132.9938,34.0858],[132.9948,34.0858],[132.9954,34.0856],[132.9956,34.0853],[132.9957,34.0854],[132.9956,34.0857],[132.9948,34.0859],[132.9934,34.0859],[132.9934,34.0861],[132.9941,34.0863],[132.9942,34.0866],[132.9942,34.0869],[132.9941,34.0869],[132.9941,34.0866],[132.994,34.0864],[132.9936,34.0862],[132.9935,34.0863],[132.9934,34.0865],[132.9933,34.0869],[132.9934,34.0873],[132.9934,34.0875],[132.9932,34.0877],[132.9932,34.0882],[132.9932,34.0883],[132.9942,34.0886],[132.9941,34.0892],[132.994,34.0892],[132.9941,34.0887],[132.9929,34.0883],[132.9929,34.0886],[132.9926,34.0892],[132.9925,34.0893],[132.9932,34.0894],[132.9936,34.0893],[132.9937,34.0893],[132.9932,34.0895],[132.9926,34.0893],[132.9923,34.0899],[132.9918,34.091],[132.9917,34.091],[132.9913,34.091],[132.9911,34.0912],[132.9907,34.0917],[132.9906,34.092],[132.9905,34.0924],[132.9904,34.0925],[132.9901,34.0926],[132.9899,34.0929],[132.9899,34.0931],[132.9896,34.0936],[132.9895,34.0937],[132.9894,34.0942],[132.9893,34.0944],[132.9891,34.0945],[132.9889,34.0947],[132.9888,34.095],[132.9887,34.0951],[132.9884,34.0952],[132.9883,34.0953],[132.9881,34.0956],[132.9877,34.0957],[132.9873,34.0956],[132.9871,34.0957],[132.9868,34.0961],[132.9865,34.0966],[132.9862,34.097],[132.9856,34.0982],[132.9855,34.0981],[132.9862,34.0968],[132.986,34.0967],[132.9859,34.0969],[132.9853,34.0967],[132.9847,34.0976],[132.985,34.0978],[132.985,34.0979],[132.9847,34.0977],[132.984,34.0992],[132.9837,34.0999],[132.9835,34.1001],[132.9831,34.101],[132.9832,34.101],[132.9831,34.1014],[132.9831,34.1015],[132.9827,34.1017],[132.9827,34.102],[132.9826,34.1021],[132.9825,34.1025],[132.9826,34.1027],[132.9823,34.1028],[132.9824,34.1029],[132.9816,34.1032],[132.9816,34.1035],[132.9815,34.1041],[132.9818,34.1048],[132.9814,34.1041],[132.9811,34.104],[132.9811,34.1037],[132.9803,34.1036],[132.9801,34.1039],[132.9799,34.1039],[132.9799,34.104],[132.9802,34.104],[132.9801,34.1046],[132.98,34.1049],[132.98,34.1051],[132.9799,34.1058],[132.9805,34.106],[132.9808,34.1059],[132.9812,34.1065],[132.981,34.1066],[132.9813,34.1072],[132.9814,34.1073],[132.9815,34.1077],[132.9814,34.1078],[132.9812,34.1079],[132.981,34.1081],[132.9811,34.1082],[132.9813,34.1083],[132.9811,34.1093],[132.9809,34.1094],[132.9809,34.1096],[132.9804,34.1098],[132.9802,34.1102],[132.9799,34.1102],[132.9797,34.1102],[132.9796,34.1103],[132.9794,34.1107],[132.9792,34.111],[132.979,34.1116],[132.979,34.1119],[132.9788,34.1121],[132.9787,34.1124],[132.9787,34.1126],[132.9788,34.1131],[132.9789,34.1135],[132.979,34.1137],[132.9791,34.1139],[132.9789,34.1139],[132.9784,34.1152],[132.9784,34.1155],[132.9786,34.1158],[132.9784,34.1158],[132.978,34.1158],[132.9777,34.116],[132.9777,34.1162],[132.9775,34.1163],[132.9774,34.1164],[132.9771,34.1163],[132.9769,34.1163],[132.9767,34.1165],[132.9765,34.1163],[132.9761,34.1163],[132.9758,34.1162],[132.9757,34.1164],[132.9754,34.1164],[132.9753,34.1162],[132.9749,34.1163],[132.9748,34.1163],[132.9745,34.1164],[132.9744,34.1163],[132.974,34.1161],[132.9738,34.1162],[132.9735,34.1162],[132.9734,34.116],[132.9737,34.1159],[132.9737,34.1158],[132.9735,34.1156],[132.9733,34.1154],[132.973,34.1152],[132.973,34.115],[132.9729,34.1145],[132.9727,34.1142],[132.9726,34.114],[132.9724,34.114],[132.9723,34.1139],[132.9722,34.1137],[132.9713,34.1136],[132.9713,34.1135],[132.9721,34.1136],[132.9722,34.1134],[132.9724,34.1133],[132.9725,34.113],[132.9722,34.113],[132.9722,34.1128],[132.9717,34.1127],[132.9718,34.1124],[132.9721,34.1124],[132.9721,34.1121],[132.9724,34.1121],[132.9724,34.1116],[132.9715,34.1116],[132.9715,34.1112],[132.9717,34.1112],[132.9717,34.1106],[132.9715,34.1106],[132.9714,34.111],[132.9712,34.111],[132.9713,34.1106],[132.9714,34.1105],[132.9715,34.1095],[132.9717,34.1094],[132.9715,34.109],[132.9706,34.1082],[132.9706,34.1088],[132.9704,34.1089],[132.9703,34.1073],[132.9706,34.1072],[132.9705,34.107],[132.9707,34.1068],[132.9701,34.1069],[132.9693,34.1069],[132.9693,34.107],[132.9691,34.1071],[132.969,34.1076],[132.969,34.1083],[132.9691,34.1096],[132.9692,34.1096],[132.9691,34.1103],[132.9692,34.1104],[132.9691,34.1108],[132.969,34.1107],[132.9687,34.1117],[132.9686,34.1117],[132.9683,34.1125],[132.9681,34.1125],[132.968,34.1132],[132.9681,34.1133],[132.9682,34.1135],[132.9681,34.1138],[132.9679,34.1138],[132.9678,34.1141],[132.9679,34.1142],[132.9677,34.1144],[132.9669,34.1149],[132.9667,34.1148],[132.9663,34.1151],[132.966,34.1155],[132.966,34.1159],[132.966,34.1162],[132.9662,34.1163],[132.9661,34.1165],[132.9659,34.1166],[132.9656,34.1169],[132.9656,34.1172],[132.9651,34.1178],[132.9648,34.1183],[132.9652,34.1185],[132.9638,34.1199],[132.9609,34.1214],[132.9604,34.1207],[132.9594,34.1212],[132.9593,34.1211],[132.9579,34.1218],[132.9574,34.1214],[132.9569,34.1217],[132.9563,34.1213],[132.9562,34.1214],[132.9564,34.1216],[132.9561,34.1218],[132.9563,34.1221],[132.9557,34.1225],[132.9555,34.1223],[132.9545,34.1231],[132.9544,34.1232],[132.9544,34.1236],[132.9542,34.1236],[132.954,34.1234],[132.9534,34.1237],[132.9531,34.1239],[132.9527,34.1243],[132.9523,34.1248],[132.9522,34.1251],[132.9525,34.1253],[132.9526,34.1252],[132.9531,34.1256],[132.9534,34.1254],[132.9539,34.1251],[132.9544,34.1244],[132.9557,34.1234],[132.9544,34.1244],[132.9545,34.1245],[132.954,34.1252],[132.9535,34.1254],[132.9529,34.1258],[132.9528,34.126],[132.9535,34.1261],[132.9534,34.1264],[132.9532,34.1265],[132.9529,34.1266],[132.9528,34.1268],[132.9522,34.1267],[132.952,34.1269],[132.9529,34.1278],[132.9515,34.1289],[132.9529,34.1278],[132.9522,34.1272],[132.9514,34.1278],[132.9517,34.1281],[132.9514,34.1283],[132.9512,34.1281],[132.9511,34.1282],[132.9507,34.1279],[132.95,34.1284],[132.9492,34.1291],[132.9488,34.1295],[132.9483,34.1301],[132.9481,34.1303],[132.948,34.1307],[132.9479,34.131],[132.9479,34.1312],[132.9482,34.1313],[132.9483,34.1315],[132.9481,34.1321],[132.9481,34.1324],[132.9483,34.1325],[132.9484,34.1328],[132.9483,34.133],[132.9481,34.1335],[132.9482,34.1336],[132.9479,34.1343],[132.9474,34.1345],[132.9474,34.1346],[132.9472,34.1346],[132.9468,34.1349],[132.9464,34.1353],[132.9457,34.136],[132.9458,34.1363],[132.9459,34.1364],[132.9459,34.137],[132.9461,34.1374],[132.9464,34.1378],[132.9464,34.1379],[132.9459,34.138],[132.9458,34.1384],[132.9457,34.1384],[132.9457,34.1381],[132.9455,34.138],[132.9451,34.1381],[132.9447,34.1383],[132.944,34.1387],[132.9438,34.1389],[132.9441,34.1392],[132.944,34.1393],[132.9438,34.139],[132.9436,34.1391],[132.943,34.1396],[132.9427,34.1401],[132.9426,34.1403],[132.9428,34.1407],[132.9431,34.1405],[132.9432,34.1406],[132.9429,34.1408],[132.943,34.141],[132.9428,34.1411],[132.9427,34.1412],[132.9426,34.1414],[132.9424,34.1415],[132.9423,34.1417],[132.942,34.1418],[132.9421,34.142],[132.9418,34.1422],[132.9419,34.1425],[132.9419,34.1428],[132.9418,34.1427],[132.9416,34.1424],[132.9416,34.142],[132.9415,34.1419],[132.9413,34.1417],[132.9411,34.1417],[132.9409,34.1413],[132.9406,34.1412],[132.9405,34.1409],[132.9406,34.1408],[132.9405,34.1406],[132.9406,34.14],[132.9404,34.1397],[132.9402,34.1392],[132.94,34.139],[132.9399,34.139],[132.9396,34.1388],[132.9395,34.1385],[132.9392,34.1382],[132.9394,34.1381],[132.9392,34.1379],[132.9391,34.1377],[132.9388,34.1378],[132.9386,34.1378],[132.9382,34.1378],[132.9383,34.1377],[132.9384,34.1372],[132.9387,34.1371],[132.9386,34.1369],[132.9388,34.1368],[132.9389,34.1366],[132.9388,34.1361],[132.9387,34.1361],[132.9386,34.1352],[132.9386,34.1348],[132.9387,34.1348],[132.9386,34.1343],[132.9384,34.1342],[132.9381,34.1343],[132.9382,34.1349],[132.938,34.1349],[132.9378,34.1338],[132.9381,34.1338],[132.9381,34.134],[132.9384,34.1339],[132.9385,34.1337],[132.9384,34.1335],[132.9382,34.1334],[132.938,34.133],[132.9382,34.1327],[132.9381,34.1324],[132.9378,34.1322],[132.9379,34.132],[132.938,34.1317],[132.9379,34.131],[132.9375,34.1309],[132.9375,34.1307],[132.9376,34.1306],[132.9374,34.1297],[132.9374,34.1295],[132.9371,34.1285],[132.9369,34.1284],[132.9369,34.1281],[132.9363,34.1268],[132.9362,34.1267],[132.9359,34.1263],[132.9356,34.126],[132.9352,34.1257],[132.9353,34.1255],[132.9348,34.125],[132.9343,34.1249],[132.9339,34.1248],[132.9332,34.1255],[132.9332,34.1256],[132.9335,34.1257],[132.9339,34.1265],[132.9338,34.1265],[132.9333,34.1258],[132.933,34.1256],[132.9327,34.1256],[132.9325,34.1254],[132.9322,34.1247],[132.932,34.1244],[132.9318,34.1242],[132.9318,34.124],[132.9316,34.1236],[132.9315,34.1237],[132.9311,34.1235],[132.9306,34.1231],[132.9303,34.1234],[132.9302,34.1232],[132.9299,34.1233],[132.9297,34.1233],[132.9292,34.1231],[132.9287,34.1233],[132.9285,34.1233],[132.9283,34.1233],[132.928,34.123],[132.9279,34.1228],[132.9277,34.1228],[132.9276,34.1225],[132.9274,34.1223],[132.927,34.1222],[132.9271,34.122],[132.9271,34.1216],[132.9268,34.1211],[132.9263,34.1205],[132.9262,34.1205],[132.926,34.1202],[132.926,34.12],[132.9258,34.1198],[132.9257,34.1195],[132.9258,34.1192],[132.9259,34.119],[132.9263,34.1188],[132.9263,34.1185],[132.9261,34.1181],[132.9259,34.1178],[132.9259,34.1176],[132.9255,34.1172],[132.925,34.1168],[132.925,34.1167],[132.9246,34.1165],[132.9237,34.116],[132.9231,34.1159],[132.9229,34.1158],[132.9225,34.1159],[132.9224,34.1157],[132.9221,34.1157],[132.9219,34.1158],[132.9219,34.1161],[132.9225,34.1162],[132.9225,34.1163],[132.9218,34.1162],[132.9218,34.1164],[132.9216,34.1165],[132.9212,34.1165],[132.9208,34.1166],[132.9206,34.1167],[132.9201,34.1167],[132.9193,34.1167],[132.9187,34.1169],[132.9186,34.1169],[132.9184,34.1173],[132.9177,34.1175],[132.9173,34.1178],[132.9171,34.118],[132.9172,34.1183],[132.917,34.1184],[132.9164,34.1191],[132.9163,34.1194],[132.9161,34.1199],[132.9163,34.1202],[132.9162,34.1205],[132.9162,34.1206],[132.9156,34.1206],[132.9151,34.1208],[132.915,34.1213],[132.9148,34.1214],[132.9144,34.1212],[132.9144,34.1211],[132.9142,34.121],[132.914,34.1209],[132.9139,34.1209],[132.9139,34.1207],[132.9135,34.1203],[132.9132,34.1204],[132.913,34.1202],[132.9126,34.12],[132.9126,34.1199],[132.9124,34.1197],[132.9121,34.12],[132.9098,34.119],[132.9094,34.1196],[132.9096,34.1197],[132.9094,34.1198],[132.9093,34.1197],[132.909,34.12],[132.9091,34.1201],[132.9083,34.1204],[132.9083,34.1203],[132.9071,34.1207],[132.9066,34.1207],[132.9052,34.12],[132.9051,34.1201],[132.9049,34.12],[132.9049,34.1199],[132.9039,34.1193],[132.9037,34.1195],[132.9001,34.1212],[132.9,34.1212],[132.8993,34.1201],[132.8993,34.1199],[132.8989,34.1201],[132.8988,34.1203],[132.899,34.1204],[132.8989,34.1206],[132.8987,34.1206],[132.8986,34.1204],[132.8978,34.1202],[132.8976,34.1202],[132.8972,34.1203],[132.8971,34.1204],[132.8971,34.1206],[132.8966,34.1207],[132.8962,34.1205],[132.896,34.1203],[132.8957,34.1201],[132.8953,34.1201],[132.8952,34.1202],[132.8951,34.1201],[132.8947,34.1201],[132.8946,34.1199],[132.8947,34.1198],[132.8946,34.1196],[132.8943,34.1195],[132.8941,34.1194],[132.8938,34.1192],[132.8937,34.1191],[132.8933,34.1189],[132.893,34.1189],[132.8929,34.1191],[132.8927,34.119],[132.8925,34.1191],[132.8921,34.1189],[132.8919,34.1189],[132.8918,34.1188],[132.8915,34.1188],[132.8917,34.1186],[132.8914,34.1183],[132.8913,34.1179],[132.8915,34.1178],[132.8921,34.1177],[132.8926,34.1177],[132.893,34.1176],[132.8931,34.1177],[132.8933,34.1179],[132.8936,34.1179],[132.8937,34.1178],[132.8941,34.1179],[132.8943,34.1183],[132.8947,34.1182],[132.895,34.118],[132.8953,34.1177],[132.8956,34.1173],[132.8956,34.1172],[132.8957,34.117],[132.8954,34.1168],[132.896,34.1168],[132.8962,34.1166],[132.8963,34.1162],[132.8963,34.1159],[132.8959,34.1158],[132.8958,34.1156],[132.8955,34.1156],[132.8953,34.1156],[132.8951,34.1157],[132.895,34.1156],[132.895,34.1155],[132.8953,34.1153],[132.896,34.1155],[132.8964,34.1155],[132.8969,34.1148],[132.897,34.1144],[132.897,34.114],[132.8969,34.1137],[132.8966,34.1136],[132.8965,34.1134],[132.8963,34.1135],[132.8961,34.1136],[132.8958,34.1135],[132.896,34.1132],[132.8959,34.113],[132.896,34.1128],[132.8959,34.1125],[132.8956,34.1125],[132.8954,34.1126],[132.895,34.1126],[132.8953,34.1124],[132.8952,34.1121],[132.8953,34.1118],[132.8952,34.1118],[132.8953,34.1115],[132.8957,34.1115],[132.8957,34.1112],[132.896,34.1114],[132.8966,34.1112],[132.8967,34.1113],[132.8969,34.1113],[132.8975,34.111],[132.8978,34.111],[132.898,34.1109],[132.8982,34.1105],[132.8982,34.1103],[132.8979,34.1102],[132.8981,34.1101],[132.8979,34.1099],[132.8981,34.1098],[132.8983,34.1095],[132.8985,34.1093],[132.8988,34.1093],[132.8991,34.1096],[132.8991,34.1098],[132.8993,34.1099],[132.8995,34.1099],[132.8998,34.1099],[132.9,34.1101],[132.9004,34.1103],[132.9008,34.1102],[132.901,34.1104],[132.9014,34.1107],[132.9016,34.1108],[132.9017,34.111],[132.9018,34.1114],[132.902,34.1116],[132.9022,34.1117],[132.9026,34.1119],[132.9023,34.112],[132.9024,34.1126],[132.9027,34.113],[132.9031,34.1133],[132.9041,34.1132],[132.9044,34.1132],[132.9045,34.1133],[132.9049,34.1135],[132.9054,34.1135],[132.9055,34.1135],[132.9057,34.1135],[132.9058,34.1135],[132.9061,34.1132],[132.9062,34.113],[132.9067,34.1134],[132.9069,34.1134],[132.9072,34.1133],[132.9075,34.1131],[132.9079,34.1129],[132.9082,34.1127],[132.9082,34.1126],[132.9086,34.1124],[132.909,34.1124],[132.9095,34.1119],[132.9096,34.1119],[132.9098,34.1123],[132.9101,34.1125],[132.9102,34.1128],[132.9105,34.113],[132.9107,34.1133],[132.9116,34.1132],[132.9119,34.113],[132.9121,34.113],[132.9123,34.113],[132.9129,34.1128],[132.9131,34.1129],[132.9134,34.1128],[132.9138,34.1126],[132.9143,34.1122],[132.915,34.1116],[132.9153,34.1116],[132.9156,34.1114],[132.916,34.1113],[132.9163,34.111],[132.9163,34.1109],[132.9166,34.111],[132.9166,34.1111],[132.9169,34.1112],[132.917,34.1111],[132.9174,34.1113],[132.9177,34.1111],[132.918,34.1109],[132.9182,34.111],[132.9184,34.1114],[132.9183,34.1114],[132.9184,34.1116],[132.9187,34.1117],[132.9193,34.1117],[132.9196,34.1118],[132.9198,34.1118],[132.9203,34.1119],[132.9207,34.1117],[132.921,34.1113],[132.9211,34.1114],[132.9215,34.1115],[132.9217,34.1114],[132.9219,34.1113],[132.9224,34.1111],[132.9226,34.1111],[132.9231,34.1105],[132.9238,34.1099],[132.9239,34.1099],[132.9242,34.1082],[132.9245,34.1075],[132.9243,34.1082],[132.924,34.11],[132.9249,34.1103],[132.9252,34.11],[132.926,34.1101],[132.9258,34.1106],[132.9259,34.1107],[132.9263,34.1107],[132.9267,34.1105],[132.927,34.1101],[132.927,34.1099],[132.9264,34.1098],[132.9265,34.1095],[132.9261,34.1095],[132.9261,34.1099],[132.9257,34.1098],[132.9258,34.1094],[132.9262,34.1094],[132.9269,34.1081],[132.927,34.1081],[132.9271,34.1077],[132.927,34.1076],[132.9271,34.1072],[132.9273,34.107],[132.9276,34.1062],[132.9279,34.1056],[132.9283,34.1045],[132.9283,34.1043],[132.9284,34.1041],[132.9286,34.1036],[132.9276,34.1034],[132.9281,34.1018],[132.9289,34.102],[132.9294,34.1004],[132.9295,34.0998],[132.9293,34.0997],[132.9289,34.0996],[132.9288,34.0997],[132.9286,34.1005],[132.9285,34.1005],[132.9286,34.0996],[132.9286,34.0994],[132.9288,34.0992],[132.9285,34.0988],[132.9286,34.0984],[132.9285,34.0982],[132.9287,34.0977],[132.9287,34.0974],[132.9288,34.0971],[132.9287,34.097],[132.9291,34.0966],[132.9292,34.0963],[132.9297,34.0958],[132.9297,34.0955],[132.93,34.0953],[132.9305,34.0951],[132.9307,34.0949],[132.9311,34.0946],[132.9313,34.0944],[132.9314,34.0943],[132.9315,34.094],[132.9316,34.0934],[132.9316,34.0924],[132.9314,34.0912],[132.9313,34.0905],[132.9311,34.0901],[132.9308,34.0893],[132.9306,34.0888],[132.9302,34.0884],[132.9297,34.0878],[132.9293,34.0875],[132.9291,34.0874],[132.9287,34.0873],[132.928,34.0872],[132.9276,34.0872],[132.9274,34.0874],[132.9273,34.0876],[132.9274,34.0878],[132.9272,34.0882],[132.9269,34.0883],[132.9268,34.0884],[132.9263,34.0884],[132.9261,34.0885],[132.926,34.0889],[132.9255,34.0891],[132.9255,34.0887],[132.9253,34.0884],[132.925,34.0883],[132.9248,34.0881],[132.9246,34.0876],[132.9245,34.0874],[132.9243,34.0873],[132.9241,34.0874],[132.9238,34.0874],[132.9237,34.0872],[132.923,34.0872],[132.9231,34.0871],[132.9227,34.0868],[132.9223,34.0867],[132.9222,34.0869],[132.9214,34.0867],[132.9212,34.0867],[132.9209,34.0869],[132.9208,34.0871],[132.9206,34.0871],[132.9203,34.0871],[132.9199,34.0868],[132.9196,34.0865],[132.9194,34.0864],[132.9194,34.0861],[132.9194,34.0859],[132.9192,34.0857],[132.9192,34.0856],[132.9194,34.0851],[132.9194,34.0848],[132.9192,34.0845],[132.919,34.0844],[132.9189,34.0843],[132.919,34.0839],[132.9191,34.0838],[132.9191,34.0837],[132.9196,34.0829],[132.9198,34.0831],[132.92,34.0832],[132.9202,34.0831],[132.9203,34.0832],[132.9204,34.0834],[132.9204,34.0836],[132.9206,34.084],[132.9207,34.0841],[132.9212,34.0841],[132.9215,34.084],[132.922,34.0838],[132.9223,34.0835],[132.9225,34.0833],[132.9227,34.0829],[132.9229,34.0824],[132.923,34.0818],[132.923,34.0808],[132.923,34.0807],[132.9228,34.0799],[132.9225,34.0792],[132.9223,34.0789],[132.9223,34.0787],[132.9223,34.0785],[132.9226,34.0782],[132.9225,34.0775],[132.9224,34.0766],[132.9222,34.0766],[132.9222,34.0763],[132.922,34.076],[132.9218,34.0758],[132.9216,34.0757],[132.9213,34.0758],[132.9209,34.0759],[132.9206,34.0757],[132.921,34.0756],[132.9213,34.0755],[132.9215,34.0754],[132.9218,34.0753],[132.9219,34.0752],[132.922,34.0749],[132.922,34.0747],[132.9222,34.0746],[132.922,34.0738],[132.9219,34.0729],[132.9218,34.0726],[132.9216,34.0722],[132.9213,34.0724],[132.9187,34.0729],[132.9186,34.0727],[132.9211,34.0722],[132.9208,34.0709],[132.9206,34.0703],[132.9204,34.0695],[132.9199,34.0696],[132.92,34.0695],[132.9198,34.0689],[132.9196,34.0679],[132.9197,34.0678],[132.9206,34.0676],[132.9208,34.0674],[132.9215,34.0666],[132.9216,34.0664],[132.9223,34.066],[132.9219,34.0658],[132.9216,34.0657],[132.9215,34.0659],[132.921,34.0661],[132.9207,34.0664],[132.9212,34.0664],[132.9212,34.0665],[132.9209,34.0666],[132.9205,34.0666],[132.9204,34.0667],[132.9201,34.0668],[132.92,34.0667],[132.9198,34.0666],[132.9195,34.0669],[132.9194,34.0669],[132.9191,34.0666],[132.9187,34.0663],[132.9172,34.0663],[132.9172,34.0653],[132.9173,34.0651],[132.9176,34.0651],[132.9177,34.0651],[132.9182,34.0651],[132.9184,34.065],[132.9176,34.0643],[132.9173,34.0644],[132.9171,34.0642],[132.9166,34.0637],[132.9164,34.0636],[132.916,34.0633],[132.9158,34.0633],[132.9158,34.063],[132.9156,34.063],[132.9154,34.0633],[132.9147,34.0628],[132.9141,34.0626],[132.9139,34.0625],[132.9138,34.0626],[132.9128,34.0624],[132.9125,34.0624],[132.9118,34.0625],[132.9116,34.0626],[132.9112,34.0627],[132.911,34.0628],[132.9109,34.0629],[132.9104,34.063],[132.91,34.0632],[132.9094,34.0634],[132.9094,34.0636],[132.909,34.0642],[132.9086,34.0641],[132.9084,34.0642],[132.9078,34.0641],[132.9076,34.0642],[132.9076,34.0643],[132.9066,34.0643],[132.9063,34.0645],[132.906,34.0646],[132.9051,34.0653],[132.9045,34.0655],[132.9042,34.0656],[132.903,34.0657],[132.9026,34.0659],[132.9024,34.066],[132.9023,34.0662],[132.902,34.0662],[132.9014,34.0663],[132.9011,34.067],[132.9001,34.0677],[132.9,34.0676],[132.8999,34.0682],[132.8997,34.068],[132.8995,34.0675],[132.899,34.0669],[132.8988,34.0667],[132.8984,34.0664],[132.8981,34.0665],[132.8977,34.066],[132.8975,34.0659],[132.8973,34.0657],[132.8971,34.0656],[132.8966,34.0654],[132.8965,34.0652],[132.8961,34.0646],[132.8959,34.0645],[132.8954,34.0641],[132.8951,34.064],[132.8947,34.064],[132.8945,34.0641],[132.8942,34.0641],[132.8937,34.0639],[132.8934,34.0634],[132.8933,34.0632],[132.8929,34.0626],[132.8926,34.0622],[132.8923,34.0619],[132.8921,34.0618],[132.8919,34.0617],[132.8914,34.0614],[132.8913,34.0614],[132.8909,34.0617],[132.8902,34.0616],[132.89,34.0617],[132.8897,34.0616],[132.8895,34.0614],[132.8894,34.0614],[132.8891,34.0612],[132.8889,34.061],[132.8887,34.061],[132.8887,34.0609],[132.8884,34.0605],[132.8882,34.0603],[132.8878,34.0598],[132.8877,34.0597],[132.8867,34.059],[132.8858,34.0586],[132.885,34.0586],[132.8844,34.0587],[132.8843,34.0589],[132.884,34.059],[132.8837,34.0593],[132.8831,34.0587],[132.8827,34.0587],[132.8822,34.0587],[132.8808,34.0585],[132.8806,34.0586],[132.8804,34.0587],[132.8799,34.0585],[132.8795,34.0585],[132.8794,34.0587],[132.8789,34.0583],[132.8787,34.0583],[132.8787,34.0582],[132.8783,34.058],[132.8777,34.0577],[132.8775,34.058],[132.8784,34.0585],[132.8786,34.0587],[132.8786,34.0588],[132.8783,34.0586],[132.8781,34.0583],[132.8775,34.058],[132.8775,34.0579],[132.8766,34.0574],[132.8763,34.0573],[132.8756,34.0571],[132.8753,34.057],[132.875,34.0574],[132.8744,34.0573],[132.8741,34.0572],[132.8737,34.0569],[132.873,34.0568],[132.8724,34.057],[132.8721,34.0571],[132.872,34.0572],[132.8715,34.0569],[132.8711,34.0568],[132.8709,34.0568],[132.8707,34.0565],[132.8703,34.0563],[132.8701,34.0563],[132.8701,34.0572],[132.87,34.0563],[132.8694,34.0564],[132.8694,34.0565],[132.8687,34.0565],[132.8687,34.0575],[132.8687,34.0584],[132.8651,34.0592],[132.8628,34.0579],[132.8613,34.057],[132.8606,34.0566],[132.8574,34.0547],[132.8571,34.0523],[132.8569,34.051],[132.8564,34.0504],[132.8566,34.0503],[132.8566,34.0502],[132.8561,34.0492],[132.856,34.0489],[132.8568,34.0486],[132.8566,34.0484],[132.8559,34.0487],[132.8559,34.0486],[132.8566,34.0484],[132.8564,34.0484],[132.8564,34.0482],[132.8561,34.0479],[132.8561,34.0478],[132.8561,34.0475],[132.856,34.0472],[132.8558,34.0469],[132.8557,34.0467],[132.8558,34.0466],[132.8554,34.046],[132.8551,34.046],[132.8547,34.0455],[132.8543,34.0453],[132.8544,34.0451],[132.8543,34.045],[132.8533,34.0464],[132.85,34.0461],[132.8496,34.045],[132.8495,34.045],[132.8493,34.0448],[132.849,34.0444],[132.8487,34.0443],[132.8481,34.0441],[132.8476,34.044],[132.8471,34.0439],[132.8469,34.0439],[132.8466,34.0438],[132.8464,34.0436],[132.8459,34.0431],[132.8456,34.0429],[132.8448,34.0428],[132.8445,34.0428],[132.8443,34.043],[132.844,34.0432],[132.8436,34.0433],[132.8434,34.043],[132.8434,34.0428],[132.8433,34.0426],[132.843,34.0425],[132.8429,34.0423],[132.8427,34.0423],[132.8425,34.0424],[132.8423,34.042],[132.8419,34.0417],[132.8415,34.0415],[132.8409,34.0415],[132.8406,34.0421],[132.8411,34.0409],[132.8403,34.0401],[132.8395,34.0406],[132.839,34.0407],[132.839,34.0406],[132.8395,34.0406],[132.8403,34.0401],[132.8401,34.0397],[132.8399,34.0388],[132.8396,34.0379],[132.8395,34.0379],[132.8393,34.0377],[132.8389,34.0375],[132.839,34.0373],[132.8384,34.036],[132.8379,34.0362],[132.8377,34.0359],[132.8384,34.0357],[132.8379,34.0346],[132.8381,34.0345],[132.838,34.0343],[132.838,34.0339],[132.8374,34.0335],[132.8372,34.0336],[132.8369,34.0339],[132.8376,34.0343],[132.8375,34.0344],[132.8373,34.0342],[132.8371,34.0341],[132.8368,34.0342],[132.8366,34.034],[132.8365,34.0343],[132.8364,34.0347],[132.8364,34.035],[132.8369,34.0362],[132.8377,34.0383],[132.8371,34.037],[132.8364,34.035],[132.8363,34.0348],[132.8364,34.0343],[132.836,34.0339],[132.8349,34.0329],[132.8347,34.0329],[132.8344,34.0328],[132.8336,34.0326],[132.8332,34.0325],[132.8331,34.0326],[132.8326,34.0329],[132.8311,34.0337],[132.8325,34.0356],[132.8325,34.0357],[132.831,34.0338],[132.8308,34.0335],[132.8307,34.0336],[132.8305,34.0336],[132.8302,34.0332],[132.8303,34.033],[132.83,34.0325],[132.8297,34.0322],[132.8294,34.0317],[132.8294,34.0315],[132.8292,34.0314],[132.8291,34.0309],[132.8287,34.0302],[132.8284,34.0297],[132.8282,34.0294],[132.8276,34.029],[132.8271,34.0287],[132.8259,34.0282],[132.8257,34.0282],[132.8254,34.0283],[132.8249,34.0286],[132.8256,34.0281],[132.825,34.0273],[132.8246,34.027],[132.8243,34.0267],[132.824,34.0267],[132.823,34.0267],[132.8231,34.0268],[132.8229,34.0268],[132.8227,34.0266],[132.8223,34.0264],[132.822,34.026],[132.8214,34.0254],[132.8208,34.0251],[132.8204,34.025],[132.82,34.025],[132.8199,34.0253],[132.8198,34.0252],[132.8196,34.0251],[132.8189,34.025],[132.8186,34.0251],[132.8184,34.025],[132.8183,34.0246],[132.8181,34.0243],[132.8176,34.0234],[132.8172,34.0227],[132.8169,34.0223],[132.8166,34.0224],[132.8162,34.022],[132.8164,34.0218],[132.8163,34.0217],[132.8157,34.0212],[132.8153,34.021],[132.815,34.021],[132.8146,34.0213],[132.8143,34.0214],[132.8142,34.0212],[132.8139,34.021],[132.8136,34.0206],[132.8129,34.0203],[132.8125,34.02],[132.8125,34.0199],[132.8119,34.0194],[132.8114,34.019],[132.811,34.0189],[132.8106,34.0188],[132.8098,34.0186],[132.8089,34.0185],[132.8085,34.0186],[132.8086,34.0179],[132.8086,34.0172],[132.8087,34.0171],[132.809,34.0169],[132.8096,34.0166],[132.8102,34.0162],[132.8106,34.016],[132.8114,34.0159],[132.8117,34.0158],[132.8128,34.0155],[132.8134,34.015],[132.8141,34.0144],[132.8143,34.014],[132.8147,34.0133],[132.815,34.0126],[132.8152,34.0125],[132.8156,34.0125],[132.816,34.0123],[132.8167,34.0119],[132.8168,34.0118],[132.8173,34.0118],[132.8177,34.0118],[132.8183,34.0112],[132.8185,34.011],[132.8189,34.0104],[132.8191,34.0102],[132.8193,34.0095],[132.8197,34.009],[132.8205,34.0086],[132.8209,34.0083],[132.821,34.008],[132.821,34.0076],[132.821,34.0073],[132.8209,34.0071],[132.8206,34.0068],[132.8201,34.0066],[132.8192,34.0066],[132.8187,34.0066],[132.8187,34.0064],[132.819,34.0059],[132.8195,34.0054],[132.8198,34.0053],[132.8202,34.0052],[132.8206,34.0053],[132.821,34.0052],[132.8214,34.0051],[132.8216,34.005],[132.8217,34.0047],[132.8218,34.0042],[132.822,34.0037],[132.8224,34.0032],[132.8232,34.003],[132.8242,34.003],[132.8244,34.0029],[132.8249,34.0026],[132.8258,34.0023],[132.8262,34.0022],[132.8271,34.0022],[132.8278,34.002],[132.8282,34.0017],[132.8285,34.0015],[132.8289,34.0013],[132.8293,34.0013],[132.8296,34.001],[132.8301,34.0005],[132.8306,34.0001],[132.8313,33.9998],[132.8318,33.9995],[132.8323,33.9992],[132.8325,33.9991],[132.8329,33.9992],[132.833,33.9991],[132.8335,33.9988],[132.8338,33.9987],[132.8341,33.9986],[132.8346,33.9987],[132.835,33.9988],[132.8354,33.9992],[132.8355,33.9994],[132.8356,34.0001],[132.8358,34.0004],[132.8362,34.0008],[132.8366,34.0011],[132.8368,34.0012],[132.8371,34.0016],[132.8375,34.002],[132.8379,34.002],[132.8386,34.0025],[132.8387,34.0027],[132.839,34.0029],[132.8393,34.0029],[132.84,34.0029],[132.8405,34.0029],[132.8412,34.003],[132.8416,34.003],[132.8417,34.0031],[132.8415,34.0033],[132.8415,34.0035],[132.8416,34.0041],[132.8419,34.0046],[132.8419,34.0047],[132.8418,34.0049],[132.8422,34.0052],[132.8424,34.0054],[132.8429,34.0053],[132.843,34.005],[132.8429,34.0045],[132.8439,34.0041],[132.8444,34.0048],[132.8447,34.0044],[132.845,34.0042],[132.8455,34.0037],[132.8461,34.0033],[132.8461,34.0032],[132.8472,34.0025],[132.8485,34.0015],[132.8491,34.0013],[132.8496,34.0009],[132.8501,34.0006],[132.8504,34.0006],[132.8507,34.0007],[132.851,34.0007],[132.8511,34.0005],[132.851,34],[132.8508,33.9999],[132.8507,33.9998],[132.8507,33.9994],[132.8508,33.999],[132.8518,33.9992],[132.8522,33.9993],[132.8525,33.9993],[132.8528,33.9991],[132.8529,33.9988],[132.8532,33.9982],[132.8532,33.998],[132.8534,33.9979],[132.8538,33.998],[132.8542,33.998],[132.8544,33.998],[132.8548,33.9979],[132.855,33.9975],[132.8551,33.9972],[132.8552,33.9971],[132.8558,33.9968],[132.856,33.9967],[132.8565,33.9964],[132.857,33.9964],[132.8573,33.9963],[132.8575,33.9961],[132.8578,33.9959],[132.858,33.9957],[132.8581,33.9957],[132.8585,33.996],[132.8599,33.9963],[132.8603,33.9963],[132.8606,33.9963],[132.8608,33.9962],[132.8611,33.996],[132.8614,33.9956],[132.8617,33.9954],[132.8619,33.9953],[132.8622,33.9952],[132.8627,33.9952],[132.863,33.9949],[132.8633,33.9947],[132.8637,33.9947],[132.8643,33.9947],[132.8646,33.9946],[132.8648,33.9945],[132.8651,33.9944],[132.8653,33.9945],[132.8665,33.9948],[132.867,33.9948],[132.8677,33.995],[132.8685,33.9953],[132.8691,33.9956],[132.8695,33.9956],[132.87,33.9956],[132.8705,33.9954],[132.8707,33.9954],[132.8709,33.9954],[132.8712,33.9956],[132.8716,33.9957],[132.8721,33.9958],[132.8725,33.9958],[132.8729,33.9959],[132.8732,33.996],[132.8737,33.9959],[132.8741,33.9957],[132.8743,33.9956],[132.8745,33.9955],[132.875,33.9955],[132.8753,33.9958],[132.8755,33.9959],[132.876,33.9957],[132.8763,33.9957],[132.8765,33.9959],[132.8766,33.9961],[132.8769,33.9964],[132.8772,33.9964],[132.8777,33.9963],[132.8788,33.9962],[132.8794,33.996],[132.8798,33.996],[132.8803,33.996],[132.8807,33.9961],[132.8812,33.9958],[132.8815,33.9956],[132.8818,33.9953],[132.8821,33.9952],[132.8821,33.995],[132.8822,33.9947],[132.8827,33.9944],[132.883,33.9942],[132.8833,33.9937],[132.8833,33.9933],[132.8834,33.993],[132.8838,33.9927],[132.884,33.9925],[132.8843,33.9925],[132.8847,33.9929],[132.8852,33.9931],[132.8854,33.993],[132.8857,33.9927],[132.8864,33.9921],[132.8868,33.9916],[132.8871,33.9914],[132.8874,33.9911],[132.8877,33.9902],[132.888,33.99],[132.8883,33.9898],[132.8892,33.989],[132.8898,33.9884],[132.8896,33.988],[132.8895,33.9877],[132.8895,33.9867],[132.8895,33.9865],[132.8891,33.9862],[132.8889,33.9859],[132.8889,33.9856],[132.889,33.9852],[132.8889,33.985],[132.8886,33.9848],[132.8883,33.9842],[132.8879,33.9836],[132.8878,33.9832],[132.8878,33.983],[132.8879,33.9823],[132.8875,33.982],[132.8874,33.9818],[132.8874,33.9815],[132.8875,33.981],[132.8875,33.9808],[132.8874,33.9804],[132.8874,33.9802],[132.8877,33.9799],[132.8878,33.9796],[132.8878,33.979],[132.8879,33.9788],[132.888,33.9785],[132.8882,33.9779],[132.8882,33.9774],[132.8882,33.9769],[132.8883,33.9766],[132.8881,33.9764],[132.888,33.9762],[132.888,33.9759],[132.8881,33.9755],[132.888,33.9751],[132.8878,33.9743],[132.888,33.974],[132.8882,33.9738],[132.8886,33.9736],[132.889,33.9735],[132.8894,33.9733],[132.8899,33.973],[132.8896,33.973],[132.8893,33.973],[132.8885,33.9726],[132.8881,33.9723],[132.8875,33.9721],[132.8872,33.972],[132.887,33.9718],[132.8869,33.9716],[132.887,33.9707],[132.8869,33.9704],[132.8867,33.9701],[132.8865,33.9699],[132.8861,33.9697],[132.8857,33.9696],[132.8858,33.9694],[132.8861,33.9691],[132.8863,33.9687],[132.8863,33.9685],[132.8862,33.9682],[132.8862,33.968],[132.8864,33.9674],[132.8862,33.9668],[132.8861,33.966],[132.8864,33.9656],[132.8866,33.9652],[132.8869,33.9649],[132.887,33.9645],[132.8867,33.9638],[132.8866,33.9633],[132.8865,33.9631],[132.8859,33.9624],[132.8857,33.9619],[132.8856,33.9617],[132.8855,33.9615],[132.8852,33.9614],[132.885,33.9611],[132.885,33.9608],[132.8852,33.9598],[132.8853,33.9595],[132.8856,33.9592],[132.8859,33.959],[132.8862,33.9588],[132.8864,33.9584],[132.8867,33.9581],[132.8868,33.9578],[132.8866,33.957],[132.8866,33.9567],[132.8866,33.9564],[132.8864,33.956],[132.8862,33.9557],[132.886,33.9554],[132.8858,33.9548],[132.8858,33.9546],[132.8859,33.9543],[132.8861,33.9538],[132.8863,33.9532],[132.8865,33.9528],[132.8868,33.9525],[132.887,33.9522],[132.8871,33.9517],[132.887,33.9513],[132.8871,33.9511],[132.8873,33.9509],[132.8875,33.9508],[132.8879,33.9506],[132.8883,33.9504],[132.8886,33.9503],[132.8892,33.9503],[132.8895,33.9503],[132.8901,33.9503],[132.8909,33.95],[132.8915,33.9497],[132.8917,33.9493],[132.8919,33.9491],[132.8924,33.9489],[132.893,33.9484],[132.8934,33.9482],[132.8939,33.9477],[132.8941,33.9477],[132.8947,33.9479],[132.8948,33.9479],[132.8951,33.9475],[132.8954,33.9471],[132.8957,33.9467],[132.8959,33.9466],[132.8967,33.9465],[132.8972,33.9464],[132.8979,33.9464],[132.8984,33.9463],[132.8989,33.9464],[132.8994,33.9461],[132.8998,33.9458],[132.9,33.9458],[132.9006,33.9457],[132.9009,33.9457],[132.9017,33.9453],[132.9021,33.945],[132.9023,33.9448],[132.9026,33.9443],[132.9028,33.9439],[132.9034,33.9434],[132.9036,33.9431],[132.904,33.9429],[132.9043,33.9426],[132.9048,33.9425],[132.905,33.9423],[132.9056,33.9422],[132.9059,33.942],[132.9063,33.9418],[132.9065,33.9416],[132.9067,33.9413],[132.9069,33.9409],[132.9072,33.9409],[132.9077,33.941],[132.9081,33.9408],[132.9083,33.9407],[132.9087,33.9404],[132.9095,33.94],[132.9102,33.9396],[132.9103,33.9395],[132.9104,33.9391],[132.9106,33.9379],[132.9111,33.9378],[132.9113,33.9379],[132.9122,33.9381],[132.9127,33.9386],[132.9129,33.9388],[132.9135,33.9389],[132.9138,33.9391],[132.9141,33.9392],[132.9143,33.9391],[132.9142,33.9389],[132.9142,33.9385],[132.9143,33.9383],[132.9144,33.9381],[132.9149,33.9379],[132.9152,33.9377],[132.9158,33.9375],[132.9161,33.9373],[132.9163,33.937],[132.9166,33.937],[132.917,33.9372],[132.9183,33.9376],[132.919,33.9376],[132.9194,33.9375],[132.9196,33.9372],[132.9202,33.9368],[132.9204,33.9365],[132.9205,33.9362],[132.9205,33.9359],[132.9202,33.9356],[132.9201,33.9354],[132.9201,33.9349],[132.92,33.9345],[132.92,33.9342],[132.9201,33.9339],[132.9204,33.9335],[132.9207,33.9332],[132.921,33.933],[132.9214,33.9329],[132.9218,33.9327],[132.9224,33.9322],[132.923,33.9315],[132.9234,33.9311],[132.9236,33.9308],[132.9238,33.9305],[132.9241,33.9303],[132.9244,33.93],[132.9245,33.9296],[132.9246,33.9292],[132.925,33.9283],[132.9251,33.928],[132.9249,33.9278],[132.9246,33.9275],[132.9242,33.9269],[132.9242,33.9268],[132.9245,33.9265],[132.925,33.9254],[132.9252,33.9251],[132.9252,33.9249],[132.9247,33.9242],[132.9247,33.9238],[132.9247,33.9234],[132.9248,33.9231],[132.9249,33.9227],[132.9252,33.9225],[132.9254,33.9222],[132.9254,33.9215],[132.9254,33.921],[132.9252,33.9204],[132.925,33.92],[132.9253,33.9197],[132.9255,33.9195],[132.9257,33.9192],[132.926,33.9187],[132.9261,33.9183],[132.9262,33.9176],[132.9264,33.9172],[132.9264,33.9171],[132.9262,33.9167],[132.9263,33.9164],[132.9266,33.9159],[132.9267,33.9155],[132.9266,33.9148],[132.9266,33.9146],[132.9268,33.9144],[132.9268,33.914],[132.9267,33.9134],[132.9264,33.9132],[132.9263,33.9127],[132.9261,33.9124],[132.926,33.9122],[132.9259,33.9116],[132.9257,33.9111],[132.9254,33.9109],[132.9251,33.9108],[132.925,33.9106],[132.9249,33.9101],[132.9247,33.9097],[132.9243,33.9091],[132.9243,33.9088],[132.9242,33.9086],[132.9239,33.9082],[132.9239,33.908],[132.9241,33.9075],[132.9242,33.9073],[132.9244,33.9071],[132.9246,33.907],[132.9247,33.9066],[132.925,33.9061],[132.9251,33.9059],[132.9256,33.9055],[132.9258,33.9057],[132.9262,33.9059],[132.9267,33.9058],[132.9271,33.9058],[132.9276,33.906],[132.9277,33.9059],[132.9278,33.9055],[132.9279,33.9053],[132.9285,33.905],[132.9292,33.9049],[132.9297,33.9042],[132.9303,33.9039],[132.9306,33.9039],[132.9311,33.9039],[132.9313,33.9038],[132.9322,33.9033],[132.9324,33.9029],[132.9326,33.9027],[132.9328,33.9025],[132.9331,33.9026],[132.9338,33.9028],[132.934,33.9029],[132.9346,33.9027],[132.9348,33.9025],[132.9354,33.9021],[132.9357,33.9022],[132.9366,33.9018],[132.9369,33.9019],[132.9371,33.9025],[132.9372,33.9028],[132.9374,33.903],[132.9377,33.9031],[132.9378,33.9033],[132.9381,33.9039],[132.9384,33.9043],[132.9386,33.905],[132.9388,33.9053],[132.9392,33.9053],[132.9394,33.9054],[132.9397,33.9057],[132.9399,33.9057],[132.9402,33.9059],[132.9407,33.906],[132.941,33.9062],[132.941,33.9065],[132.9412,33.9067],[132.9415,33.9068],[132.9419,33.907],[132.9423,33.9071],[132.9425,33.9072],[132.9426,33.9072],[132.943,33.9071],[132.9432,33.907],[132.9435,33.9069],[132.9438,33.9069],[132.9441,33.9069],[132.9444,33.9073],[132.9446,33.9074],[132.9449,33.9074],[132.9454,33.9072],[132.9459,33.9072],[132.9462,33.9072],[132.9467,33.9074],[132.9472,33.9074],[132.9475,33.9077],[132.9481,33.9083],[132.9485,33.9083],[132.9489,33.9083],[132.9495,33.9082],[132.9499,33.908],[132.9502,33.9079],[132.9504,33.9076],[132.9506,33.9071],[132.951,33.9069],[132.9512,33.9066],[132.9517,33.9065],[132.9519,33.9061],[132.952,33.906],[132.9525,33.9059],[132.953,33.906],[132.9536,33.9062],[132.9538,33.9065],[132.9544,33.9067],[132.9547,33.9067],[132.9551,33.9066],[132.9555,33.9064],[132.9558,33.9063],[132.9563,33.9063],[132.9564,33.9062],[132.9567,33.9059],[132.957,33.9059],[132.9575,33.9059],[132.9577,33.9058],[132.9578,33.9054],[132.9582,33.9051],[132.9584,33.9051],[132.9591,33.9046],[132.9592,33.9044],[132.9592,33.9041],[132.959,33.9038],[132.959,33.9034],[132.9591,33.9033],[132.9595,33.9029],[132.9596,33.9027],[132.9601,33.9027]],[[132.852,34.0497],[132.8521,34.0495],[132.8518,34.0493],[132.8515,34.0494],[132.8514,34.0495],[132.8515,34.0497],[132.8519,34.0497],[132.852,34.0497]],[[132.8826,34.0723],[132.8823,34.0722],[132.8823,34.072],[132.8821,34.0719],[132.8819,34.0719],[132.8817,34.0716],[132.8815,34.0713],[132.8813,34.0711],[132.8807,34.0714],[132.8805,34.0717],[132.8804,34.072],[132.8806,34.0725],[132.8808,34.0725],[132.8807,34.0727],[132.881,34.0728],[132.8812,34.0728],[132.8812,34.073],[132.8816,34.0731],[132.8817,34.0732],[132.8823,34.0732],[132.8825,34.073],[132.8826,34.073],[132.8829,34.073],[132.8831,34.0729],[132.8828,34.0727],[132.8827,34.0724],[132.8826,34.0723]],[[132.8842,34.0736],[132.8843,34.0734],[132.8843,34.0733],[132.884,34.0732],[132.8839,34.0731],[132.8836,34.073],[132.8836,34.0732],[132.8837,34.0733],[132.884,34.0734],[132.8842,34.0736]],[[132.9064,34.0786],[132.9065,34.0788],[132.9067,34.0788],[132.9068,34.0786],[132.9065,34.0786],[132.9064,34.0786]],[[132.9167,34.07],[132.9157,34.0702],[132.9157,34.0704],[132.9198,34.0696],[132.9197,34.0694],[132.9167,34.07]],[[132.9152,34.0792],[132.9157,34.0791],[132.916,34.0792],[132.9158,34.0789],[132.9157,34.0789],[132.9153,34.0788],[132.9151,34.0787],[132.915,34.0789],[132.9151,34.0792],[132.9152,34.0792]],[[132.9141,34.077],[132.9144,34.077],[132.9142,34.0767],[132.914,34.0767],[132.9138,34.0767],[132.9138,34.0768],[132.914,34.077],[132.9141,34.077]],[[132.9158,34.0802],[132.9162,34.0804],[132.9163,34.0802],[132.9164,34.0797],[132.9164,34.0796],[132.9161,34.0794],[132.9159,34.0793],[132.9158,34.0795],[132.9157,34.0797],[132.9157,34.0799],[132.9157,34.0801],[132.9158,34.0802]],[[133,34.0762],[132.9997,34.0766],[132.9992,34.0772],[132.999,34.0776],[132.9991,34.0776],[132.9993,34.0773],[132.9998,34.0766],[133.0016,34.0745],[133.0019,34.0742],[133.0018,34.0742],[133.0015,34.0745],[133,34.0762]],[[132.9078,34.1118],[132.9069,34.1121],[132.9069,34.1122],[132.9078,34.1119],[132.9078,34.1118]],[[132.9291,34.0953],[132.9289,34.0954],[132.929,34.0955],[132.9291,34.0953]],[[132.9259,34.1048],[132.9271,34.1011],[132.9278,34.101],[132.9281,34.1002],[132.928,34.1002],[132.9278,34.1009],[132.9271,34.1011],[132.9259,34.1048]],[[132.9277,34.1037],[132.9273,34.1049],[132.9274,34.1049],[132.9278,34.1037],[132.9277,34.1037]],[[132.9316,34.125],[132.931,34.1243],[132.9308,34.1244],[132.9315,34.1253],[132.9317,34.1252],[132.9316,34.125]],[[132.9308,34.1242],[132.9309,34.1242],[132.9302,34.1234],[132.9301,34.1235],[132.9307,34.1243],[132.9308,34.1242]],[[132.938,34.1333],[132.9378,34.1326],[132.9376,34.1326],[132.9378,34.1337],[132.938,34.1337],[132.938,34.1333]],[[132.9372,34.1303],[132.937,34.1304],[132.9373,34.1315],[132.9375,34.1314],[132.9372,34.1303]],[[132.9366,34.1281],[132.9363,34.1282],[132.9366,34.1292],[132.9369,34.1291],[132.9366,34.1281]],[[132.9369,34.1292],[132.9367,34.1292],[132.937,34.1303],[132.9372,34.1303],[132.9369,34.1292]],[[132.9377,34.132],[132.9375,34.1315],[132.9372,34.1315],[132.9375,34.1326],[132.9378,34.1326],[132.9377,34.132]],[[132.9681,34.1143],[132.968,34.1142],[132.9676,34.1145],[132.9677,34.1147],[132.9681,34.1143]],[[132.9692,34.1167],[132.9689,34.1168],[132.969,34.1169],[132.9688,34.1171],[132.9687,34.1173],[132.9687,34.1175],[132.9685,34.1184],[132.9686,34.1185],[132.9686,34.1188],[132.9687,34.1193],[132.9689,34.1196],[132.9691,34.1196],[132.9692,34.1194],[132.9694,34.1193],[132.9694,34.1191],[132.9696,34.119],[132.9702,34.1185],[132.9703,34.1184],[132.9708,34.1184],[132.9708,34.1182],[132.971,34.1179],[132.9711,34.1174],[132.971,34.1179],[132.9708,34.1181],[132.9706,34.118],[132.9706,34.1177],[132.9705,34.1175],[132.97,34.1174],[132.9698,34.1173],[132.97,34.117],[132.97,34.1169],[132.9697,34.1165],[132.9694,34.1165],[132.9692,34.1167]],[[132.9741,34.1229],[132.9741,34.123],[132.9749,34.1242],[132.9754,34.1249],[132.9755,34.1251],[132.9755,34.1254],[132.9753,34.1255],[132.9753,34.1259],[132.9755,34.1261],[132.9757,34.1263],[132.976,34.1269],[132.9757,34.1271],[132.9756,34.1273],[132.9753,34.1274],[132.9756,34.1276],[132.9759,34.1276],[132.9761,34.1272],[132.9766,34.1273],[132.9775,34.1276],[132.9776,34.1277],[132.978,34.1279],[132.9784,34.1282],[132.9787,34.1283],[132.9789,34.1284],[132.979,34.1286],[132.9793,34.1286],[132.9799,34.1287],[132.98,34.1289],[132.9801,34.1287],[132.9807,34.1288],[132.9808,34.1289],[132.9813,34.1291],[132.9814,34.1292],[132.9816,34.129],[132.9818,34.1289],[132.9822,34.129],[132.9826,34.1289],[132.9829,34.1288],[132.9832,34.1289],[132.9837,34.1287],[132.9839,34.1285],[132.984,34.1284],[132.9838,34.1275],[132.9836,34.1271],[132.9834,34.1269],[132.9834,34.1264],[132.9835,34.1262],[132.9835,34.1259],[132.9834,34.1255],[132.983,34.1252],[132.9829,34.125],[132.9826,34.1249],[132.9824,34.1246],[132.9821,34.1245],[132.982,34.1243],[132.9818,34.1241],[132.9812,34.124],[132.9808,34.1236],[132.9806,34.1231],[132.9803,34.1231],[132.9802,34.1231],[132.9798,34.123],[132.9793,34.1231],[132.9788,34.123],[132.9787,34.123],[132.9786,34.1228],[132.9776,34.1229],[132.9773,34.1228],[132.977,34.1228],[132.9771,34.123],[132.977,34.1231],[132.9765,34.1233],[132.9761,34.1234],[132.9756,34.1233],[132.9747,34.1228],[132.9744,34.1225],[132.9742,34.1222],[132.9739,34.1221],[132.9736,34.1221],[132.9735,34.1223],[132.9737,34.1226],[132.9741,34.1229]],[[132.9909,34.1126],[132.9915,34.113],[132.9916,34.1132],[132.9916,34.114],[132.9915,34.1144],[132.9911,34.1148],[132.9909,34.1151],[132.9902,34.1154],[132.9901,34.1162],[132.9902,34.1162],[132.9902,34.1156],[132.9904,34.1154],[132.9907,34.1155],[132.9907,34.1168],[132.99,34.1169],[132.9898,34.1168],[132.9895,34.117],[132.9894,34.1173],[132.9896,34.1174],[132.9898,34.1174],[132.9906,34.1177],[132.9906,34.1181],[132.9904,34.1184],[132.9902,34.1186],[132.99,34.1186],[132.9896,34.1185],[132.9894,34.1185],[132.9891,34.1186],[132.989,34.1188],[132.9896,34.119],[132.9899,34.119],[132.9901,34.1191],[132.9901,34.1192],[132.9905,34.1194],[132.9908,34.1193],[132.9911,34.1196],[132.9915,34.1199],[132.9917,34.1202],[132.9918,34.1205],[132.9918,34.1207],[132.9918,34.1209],[132.9919,34.1211],[132.992,34.1214],[132.9921,34.1216],[132.992,34.1218],[132.9922,34.1219],[132.9921,34.1222],[132.9924,34.1224],[132.9927,34.1224],[132.9929,34.1225],[132.9932,34.1222],[132.9936,34.122],[132.9939,34.122],[132.9941,34.1221],[132.994,34.1218],[132.9939,34.1217],[132.9943,34.1213],[132.9944,34.121],[132.9945,34.1209],[132.995,34.1209],[132.9951,34.1206],[132.995,34.1203],[132.9951,34.1202],[132.9955,34.1201],[132.9957,34.12],[132.9957,34.1198],[132.9954,34.1196],[132.9956,34.1193],[132.9958,34.1191],[132.9956,34.1188],[132.9958,34.1186],[132.9959,34.1185],[132.996,34.1183],[132.9962,34.1183],[132.9964,34.1181],[132.9962,34.118],[132.9959,34.1179],[132.9958,34.118],[132.9953,34.1178],[132.9951,34.1176],[132.9949,34.117],[132.995,34.1168],[132.9952,34.1167],[132.9952,34.1165],[132.995,34.1161],[132.9949,34.1156],[132.9949,34.1153],[132.9951,34.1149],[132.995,34.1148],[132.995,34.1143],[132.9951,34.1143],[132.9949,34.1141],[132.9949,34.1139],[132.9953,34.1136],[132.9954,34.1132],[132.9951,34.1129],[132.9948,34.1129],[132.9945,34.113],[132.9943,34.113],[132.9937,34.1127],[132.9931,34.1128],[132.9929,34.1128],[132.9928,34.1129],[132.9926,34.113],[132.9918,34.1127],[132.9916,34.1126],[132.9915,34.1124],[132.9916,34.1122],[132.9913,34.1123],[132.9911,34.1122],[132.9908,34.1125],[132.9909,34.1126]],[[132.9939,34.0883],[132.9941,34.0876],[132.994,34.0875],[132.9938,34.0883],[132.9939,34.0883]],[[132.9928,34.1229],[132.9929,34.1231],[132.9931,34.1229],[132.993,34.1228],[132.9928,34.1227],[132.9928,34.1229]],[[133.0039,34.1166],[133.0036,34.1163],[133.0028,34.1166],[133.0025,34.1166],[133.0024,34.1167],[133.0024,34.1168],[133.0023,34.117],[133.0022,34.117],[133.0019,34.1172],[133.0019,34.1173],[133.0017,34.1175],[133.0013,34.1177],[133.0012,34.1179],[133.0014,34.1182],[133.0015,34.1182],[133.0019,34.1183],[133.0023,34.1183],[133.0025,34.1183],[133.0028,34.1182],[133.003,34.118],[133.0032,34.1179],[133.0036,34.118],[133.0038,34.1179],[133.0038,34.1178],[133.0043,34.1175],[133.0045,34.1174],[133.0053,34.1176],[133.0055,34.1174],[133.0054,34.1173],[133.0047,34.1169],[133.0046,34.1168],[133.0042,34.1167],[133.0039,34.1166]],[[133.0067,34.1242],[133.0066,34.124],[133.0064,34.1239],[133.0062,34.1241],[133.006,34.1241],[133.0059,34.1244],[133.0057,34.1246],[133.0053,34.1246],[133.0055,34.1249],[133.0057,34.125],[133.0058,34.1249],[133.006,34.125],[133.0062,34.1253],[133.0064,34.1256],[133.0067,34.1256],[133.0066,34.1253],[133.0068,34.1248],[133.0067,34.1245],[133.0067,34.1242]],[[133.0068,34.1233],[133.0069,34.1232],[133.0073,34.1232],[133.0074,34.123],[133.0074,34.1228],[133.0077,34.1228],[133.0078,34.1226],[133.0081,34.1225],[133.0084,34.1225],[133.0089,34.1227],[133.0092,34.1226],[133.0095,34.1227],[133.0096,34.1226],[133.0099,34.1226],[133.0101,34.1225],[133.0104,34.1223],[133.0106,34.1223],[133.0109,34.1222],[133.011,34.122],[133.0112,34.1221],[133.0114,34.122],[133.0115,34.1214],[133.0113,34.121],[133.0112,34.121],[133.0109,34.1208],[133.0106,34.1209],[133.0099,34.1209],[133.0099,34.1206],[133.0098,34.1204],[133.0095,34.1205],[133.0093,34.1206],[133.0088,34.1205],[133.0087,34.1208],[133.009,34.1212],[133.0088,34.1214],[133.0086,34.1217],[133.0086,34.122],[133.0082,34.1221],[133.0079,34.1219],[133.0078,34.1218],[133.0076,34.1215],[133.0074,34.1214],[133.0073,34.1216],[133.0073,34.122],[133.0068,34.1222],[133.0064,34.1227],[133.0063,34.1227],[133.0063,34.1229],[133.0064,34.123],[133.0063,34.1233],[133.0064,34.1234],[133.0067,34.1235],[133.0068,34.1233]],[[133.0047,34.1231],[133.0048,34.1232],[133.005,34.1232],[133.0052,34.1229],[133.005,34.1228],[133.0048,34.1228],[133.0047,34.1231]],[[133.0079,34.1239],[133.0074,34.1237],[133.0073,34.1241],[133.0077,34.1242],[133.0079,34.1239]],[[133.0105,34.1237],[133.0108,34.1238],[133.0107,34.1233],[133.0107,34.123],[133.0104,34.1229],[133.0103,34.123],[133.0104,34.1232],[133.0103,34.1236],[133.0102,34.1237],[133.0103,34.1238],[133.0105,34.1237]],[[133.0114,34.1222],[133.0115,34.1222],[133.0118,34.1221],[133.0115,34.122],[133.0114,34.1222]],[[133.0096,34.1246],[133.0094,34.1245],[133.0092,34.1248],[133.0094,34.1249],[133.0096,34.1246]],[[133.0095,34.142],[133.0094,34.1418],[133.0093,34.1417],[133.0091,34.1418],[133.0095,34.142]],[[133.0277,34.1043],[133.0275,34.1043],[133.0274,34.1044],[133.0277,34.1045],[133.0277,34.1043]],[[133.0276,34.1071],[133.0276,34.107],[133.0277,34.1067],[133.0276,34.1064],[133.0274,34.1064],[133.0274,34.1068],[133.0274,34.107],[133.0274,34.1072],[133.0276,34.1071]],[[133.0383,34.1107],[133.0384,34.1106],[133.0383,34.1105],[133.0381,34.1106],[133.038,34.1108],[133.0382,34.1109],[133.0383,34.1107]],[[133.0615,34.1322],[133.0612,34.1319],[133.0611,34.1319],[133.0615,34.1322]]]},"properties":{"N03_001":"愛媛県","N03_002":"","N03_003":"","N03_004":"今治市","N03_007":"38202"}},
{"type":"Feature","geometry":{"type":"MultiPolygon","coordinates":[]},"properties":{"N03_001":"愛媛県","N03_002":"","N03_003":"","N03_004":"宇和島市","N03_007":"38203"}},
{"type":"Feature","geometry":{"type":"Polygon","coordinates":[[[132.3417,33.3814],[132.3421,33.381],[132.3423,33.3809],[132.3425,33.381],[132.3426,33.3808],[132.3428,33.3811],[132.3431,33.3813],[132.3433,33.3812],[132.3432,33.3815],[132.343,33.3818],[132.3431,33.3818],[132.3429,33.3822],[132.3424,33.3826],[132.3418,33.3829],[132.3421,33.3833],[132.342,33.3834],[132.3419,33.3837],[132.3415,33.384],[132.3413,33.3844],[132.3414,33.3847],[132.3416,33.3852],[132.3415,33.3855],[132.3418,33.3857],[132.3414,33.3858],[132.3412,33.3857],[132.3406,33.386],[132.3404,33.3866],[132.341,33.3874],[132.3417,33.3875],[132.3417,33.3873],[132.3419,33.3874],[132.3421,33.3868],[132.3422,33.3869],[132.3419,33.3874],[132.3421,33.3876],[132.3423,33.3882],[132.3424,33.3885],[132.3424,33.3886],[132.3425,33.389],[132.3435,33.3897],[132.3438,33.39],[132.3439,33.3905],[132.3439,33.3908],[132.3439,33.3911],[132.3436,33.3914],[132.3435,33.3918],[132.3436,33.3923],[132.3443,33.3929],[132.3443,33.3933],[132.3444,33.3934],[132.345,33.3938],[132.3451,33.3939],[132.3454,33.3939],[132.3457,33.394],[132.3461,33.3939],[132.3462,33.394],[132.3461,33.3942],[132.3462,33.3946],[132.3463,33.3952],[132.3461,33.3957],[132.3454,33.3957],[132.345,33.396],[132.3444,33.3959],[132.344,33.3958],[132.3436,33.3958],[132.3435,33.3957],[132.3432,33.3958],[132.3429,33.3958],[132.3427,33.396],[132.3423,33.3959],[132.3421,33.396],[132.3417,33.3961],[132.3415,33.396],[132.3411,33.396],[132.3407,33.3959],[132.3405,33.3958],[132.3402,33.3958],[132.3395,33.3957],[132.3392,33.3958],[132.3386,33.3956],[132.3387,33.3956],[132.3383,33.3951],[132.3384,33.395],[132.3383,33.3948],[132.338,33.3946],[132.3381,33.3945],[132.3378,33.3943],[132.3372,33.3938],[132.3371,33.3939],[132.337,33.3937],[132.3363,33.3935],[132.3362,33.3933],[132.3363,33.393],[132.3362,33.3928],[132.336,33.3926],[132.3359,33.3922],[132.3359,33.392],[132.336,33.3918],[132.336,33.3916],[132.3357,33.3917],[132.3355,33.3913],[132.3357,33.3911],[132.3361,33.391],[132.3362,33.3907],[132.3359,33.3906],[132.3357,33.3904],[132.3358,33.3903],[132.3365,33.3903],[132.3364,33.3902],[132.3366,33.39],[132.3367,33.3901],[132.3369,33.3898],[132.3369,33.3896],[132.3367,33.3895],[132.3366,33.3894],[132.3369,33.3894],[132.3372,33.3895],[132.3375,33.3894],[132.3377,33.3892],[132.338,33.3888],[132.3379,33.3886],[132.338,33.3885],[132.3378,33.3884],[132.3378,33.3882],[132.3379,33.3881],[132.3379,33.3879],[132.3377,33.3879],[132.3376,33.3877],[132.3379,33.3876],[132.338,33.3875],[132.3379,33.3873],[132.3375,33.3873],[132.3373,33.3872],[132.3373,33.387],[132.3376,33.387],[132.3377,33.3871],[132.3379,33.387],[132.3377,33.3867],[132.3382,33.3865],[132.3385,33.3864],[132.339,33.3863],[132.3392,33.386],[132.3393,33.3857],[132.3391,33.3853],[132.3393,33.3853],[132.3395,33.3851],[132.3397,33.3848],[132.3399,33.3846],[132.3399,33.3842],[132.3398,33.3841],[132.3396,33.384],[132.3397,33.3838],[132.3396,33.3836],[132.3397,33.3836],[132.3399,33.3833],[132.3403,33.3828],[132.3402,33.3827],[132.3404,33.3823],[132.3401,33.3822],[132.3401,33.3821],[132.3405,33.3823],[132.3406,33.3821],[132.3408,33.3821],[132.3412,33.3817],[132.3413,33.3815],[132.3414,33.3815],[132.3417,33.3814]]]},"properties":{"N03_001":"愛媛県","N03_002":"","N03_003":"","N03_004":"八幡浜市","N03_007":"38204"}},
{"type":"Feature","geometry":{"type":"Polygon","coordinates":[[[133.2774,33.8309],[133.2775,33.8309],[133.2778,33.8302],[133.278,33.8302],[133.2787,33.8307],[133.2792,33.831],[133.2803,33.8315],[133.2807,33.8317],[133.2811,33.8318],[133.2822,33.832],[133.2831,33.832],[133.2837,33.832],[133.2842,33.8318],[133.2849,33.8313],[133.2862,33.8303],[133.2866,33.8302],[133.287,33.8302],[133.2872,33.8301],[133.2877,33.8297],[133.2881,33.8295],[133.2887,33.8294],[133.2899,33.8292],[133.2907,33.8292],[133.2914,33.8292],[133.2918,33.8291],[133.2924,33.829],[133.2934,33.8289],[133.2938,33.8287],[133.2944,33.8282],[133.2954,33.8274],[133.2958,33.8271],[133.2978,33.8259],[133.2983,33.8256],[133.2995,33.8251],[133.2999,33.8249],[133.3005,33.8245],[133.3011,33.8241],[133.3014,33.8237],[133.3017,33.8235],[133.3023,33.8231],[133.304,33.8215],[133.3043,33.8212],[133.3045,33.8208],[133.3049,33.8205],[133.3057,33.82],[133.3064,33.8195],[133.3066,33.8194],[133.3071,33.8185],[133.3073,33.8183],[133.3079,33.8178],[133.3082,33.8176],[133.3095,33.8169],[133.3099,33.8165],[133.3101,33.816],[133.3103,33.8159],[133.3108,33.8158],[133.3116,33.8159],[133.3124,33.816],[133.3129,33.816],[133.3158,33.816],[133.3182,33.816],[133.3188,33.8161],[133.3192,33.8161],[133.3201,33.8159],[133.3228,33.8155],[133.3232,33.8154],[133.3239,33.8152],[133.3248,33.815],[133.3254,33.8147],[133.326,33.8147],[133.3263,33.8148],[133.3271,33.8155],[133.3274,33.8157],[133.3284,33.816],[133.3287,33.8162],[133.329,33.8165],[133.3292,33.8167],[133.3296,33.8173],[133.3297,33.8175],[133.33,33.8177],[133.3304,33.8179],[133.3306,33.818],[133.3308,33.8187],[133.3309,33.8188],[133.3313,33.8192],[133.3315,33.8194],[133.3317,33.8198],[133.332,33.8201],[133.3328,33.8207],[133.333,33.8208],[133.3333,33.8213],[133.3336,33.8215],[133.3338,33.8216],[133.3343,33.8217],[133.3356,33.8217],[133.3362,33.8218],[133.3365,33.8219],[133.3376,33.8225],[133.338,33.8226],[133.3387,33.8229],[133.3394,33.823],[133.3401,33.8233],[133.3404,33.8235],[133.341,33.8241],[133.3413,33.8243],[133.342,33.8243],[133.3424,33.8244],[133.3428,33.8244],[133.3433,33.8243],[133.3439,33.8242],[133.3447,33.8244],[133.3451,33.8245],[133.3456,33.8248],[133.3466,33.8256],[133.3471,33.8261],[133.3474,33.8263],[133.3479,33.8266],[133.3482,33.8269],[133.3485,33.8273],[133.349,33.8278],[133.3493,33.828],[133.3499,33.8284],[133.3504,33.8286],[133.3505,33.8287],[133.3507,33.8291],[133.3509,33.8298],[133.3512,33.8303],[133.3515,33.8305],[133.3518,33.831],[133.3521,33.8316],[133.3523,33.8318],[133.3524,33.8325],[133.3525,33.8326],[133.3543,33.8336],[133.3547,33.8338],[133.3553,33.8342],[133.3558,33.8344],[133.3561,33.8344],[133.3569,33.8344],[133.3576,33.8344],[133.3581,33.8343],[133.3587,33.8341],[133.3591,33.8339],[133.3598,33.8336],[133.3601,33.8333],[133.3605,33.8331],[133.3608,33.8331],[133.3617,33.8331],[133.3619,33.8332],[133.3621,33.8331],[133.3624,33.8328],[133.3633,33.8321],[133.3635,33.832],[133.3643,33.8317],[133.3656,33.8314],[133.3659,33.8312],[133.3665,33.8304],[133.3667,33.8302],[133.3671,33.8301],[133.3676,33.8301],[133.3679,33.8299],[133.3684,33.8295],[133.3688,33.8294],[133.369,33.8293],[133.3705,33.8295],[133.3709,33.8296],[133.3713,33.8295],[133.3722,33.8289],[133.373,33.8286],[133.3733,33.8285],[133.3737,33.8284],[133.3757,33.8287],[133.376,33.8287],[133.3765,33.8285],[133.3768,33.8283],[133.3772,33.828],[133.3775,33.8278],[133.378,33.8276],[133.3783,33.8275],[133.38,33.8273],[133.3806,33.8273],[133.3809,33.8272],[133.3817,33.8268],[133.3821,33.8267],[133.3827,33.8266],[133.3834,33.8263],[133.3836,33.8262],[133.3842,33.8261],[133.3847,33.826],[133.385,33.826],[133.3854,33.8259],[133.3864,33.8262],[133.3867,33.8261],[133.3875,33.8259],[133.388,33.8257],[133.3894,33.8251],[133.3901,33.8249],[133.3912,33.8244],[133.3914,33.8243],[133.3917,33.8244],[133.3918,33.8246],[133.3921,33.8253],[133.3926,33.8266],[133.393,33.8277],[133.3932,33.8279],[133.3936,33.828],[133.3939,33.8282],[133.3941,33.8284],[133.3944,33.829],[133.3947,33.8296],[133.3949,33.8298],[133.3951,33.8299],[133.3956,33.83],[133.3964,33.8303],[133.3968,33.8306],[133.3973,33.8315],[133.3976,33.832],[133.3983,33.8325],[133.3991,33.8335],[133.3992,33.8338],[133.3999,33.8342],[133.4001,33.8344],[133.4002,33.8346],[133.4005,33.8351],[133.4007,33.8359],[133.4008,33.8362],[133.4012,33.8364],[133.4017,33.8365],[133.4022,33.8364],[133.403,33.8365],[133.4033,33.8365],[133.4038,33.8367],[133.4044,33.8368],[133.4049,33.8367],[133.4053,33.8364],[133.4057,33.8363],[133.406,33.8363],[133.4068,33.8365],[133.4071,33.8367],[133.4079,33.8373],[133.4088,33.8377],[133.41,33.8381],[133.4105,33.8386],[133.4113,33.8389],[133.4121,33.8391],[133.4134,33.8393],[133.4142,33.8395],[133.415,33.8399],[133.4156,33.8399],[133.416,33.8398],[133.4166,33.8395],[133.4168,33.8394],[133.4174,33.8394],[133.4179,33.8395],[133.4196,33.8397],[133.4199,33.8396],[133.4206,33.839],[133.421,33.8388],[133.4217,33.8385],[133.4219,33.8385],[133.4231,33.8389],[133.4244,33.8391],[133.4249,33.8393],[133.4256,33.8387],[133.4261,33.838],[133.4262,33.8379],[133.427,33.8376],[133.4271,33.8375],[133.4276,33.8367],[133.428,33.8365],[133.4286,33.8362],[133.4296,33.8359],[133.4302,33.8357],[133.4311,33.8355],[133.4317,33.8352],[133.4325,33.8349],[133.4336,33.8348],[133.4344,33.8346],[133.435,33.8346],[133.4354,33.8343],[133.4357,33.8343],[133.4364,33.8343],[133.4371,33.8343],[133.4387,33.8339],[133.4393,33.8338],[133.4396,33.8339],[133.4401,33.8339],[133.4412,33.8337],[133.4415,33.8338],[133.4417,33.834],[133.4421,33.8341],[133.4429,33.8343],[133.4433,33.8345],[133.4447,33.8348],[133.4455,33.8348],[133.446,33.8347],[133.447,33.8345],[133.4477,33.8342],[133.4481,33.8341],[133.4486,33.8336],[133.449,33.8332],[133.4491,33.8336],[133.4493,33.8338],[133.4496,33.8342],[133.4499,33.8345],[133.4512,33.8353],[133.4515,33.8354],[133.4523,33.836],[133.4532,33.8365],[133.4537,33.8367],[133.4546,33.8369],[133.455,33.8369],[133.4554,33.8378],[133.4554,33.8381],[133.4552,33.8385],[133.4548,33.8393],[133.4546,33.8399],[133.4546,33.8401],[133.4547,33.841],[133.4549,33.8423],[133.4549,33.8432],[133.4548,33.8436],[133.4546,33.8438],[133.4542,33.8444],[133.4541,33.8446],[133.4541,33.8453],[133.4543,33.8462],[133.4544,33.8465],[133.4543,33.847],[133.4543,33.8474],[133.4544,33.8479],[133.4544,33.8488],[133.4542,33.8498],[133.4539,33.8504],[133.4537,33.8508],[133.4535,33.851],[133.4531,33.8514],[133.4528,33.8517],[133.4527,33.8519],[133.4527,33.8521],[133.4529,33.8526],[133.4529,33.853],[133.4529,33.8537],[133.4528,33.8544],[133.4526,33.8547],[133.4522,33.855],[133.4519,33.8553],[133.4516,33.8557],[133.4515,33.856],[133.4514,33.8567],[133.4514,33.8574],[133.4513,33.8577],[133.4511,33.858],[133.4504,33.8585],[133.4499,33.859],[133.4497,33.8594],[133.4497,33.8597],[133.4494,33.861],[133.4489,33.8616],[133.4484,33.8621],[133.4479,33.8625],[133.4476,33.8629],[133.4471,33.8633],[133.4467,33.8638],[133.4466,33.864],[133.4466,33.8643],[133.4466,33.8651],[133.4467,33.8654],[133.4469,33.866],[133.4471,33.8661],[133.4476,33.8664],[133.4478,33.8666],[133.448,33.8669],[133.4487,33.8674],[133.4492,33.8675],[133.4498,33.8676],[133.4501,33.8678],[133.4509,33.8685],[133.4515,33.8687],[133.4518,33.8687],[133.4534,33.8683],[133.4541,33.8683],[133.4541,33.8691],[133.454,33.8697],[133.4538,33.8699],[133.4531,33.8709],[133.4527,33.8711],[133.4523,33.8713],[133.4507,33.8717],[133.4505,33.8717],[133.4502,33.8721],[133.4498,33.8723],[133.4496,33.8724],[133.4493,33.8727],[133.4492,33.8731],[133.4492,33.8732],[133.4493,33.8735],[133.4493,33.8739],[133.4492,33.8743],[133.4489,33.8749],[133.4484,33.8754],[133.4475,33.8761],[133.4472,33.8764],[133.4472,33.877],[133.4469,33.8772],[133.4467,33.8776],[133.4466,33.878],[133.4466,33.8782],[133.4467,33.8786],[133.4469,33.879],[133.4473,33.8796],[133.4475,33.8799],[133.4476,33.8808],[133.4478,33.8812],[133.4483,33.8819],[133.4484,33.8834],[133.4482,33.8842],[133.4481,33.8845],[133.4478,33.885],[133.4475,33.8853],[133.4473,33.8855],[133.4465,33.8858],[133.4459,33.8864],[133.4453,33.8876],[133.4451,33.8877],[133.4447,33.8878],[133.4439,33.8875],[133.4434,33.8875],[133.4428,33.8878],[133.4423,33.8883],[133.4416,33.8887],[133.4405,33.8892],[133.4403,33.8894],[133.4403,33.89],[133.4402,33.8906],[133.4398,33.8911],[133.4396,33.8912],[133.4392,33.8915],[133.439,33.8917],[133.4387,33.892],[133.4387,33.8921],[133.4382,33.892],[133.4375,33.8918],[133.4364,33.8914],[133.4355,33.8909],[133.4349,33.8907],[133.4344,33.8906],[133.434,33.8906],[133.4335,33.8907],[133.4329,33.891],[133.432,33.8912],[133.4316,33.8914],[133.4306,33.8915],[133.4304,33.8914],[133.4299,33.8913],[133.4292,33.8909],[133.4289,33.8908],[133.4285,33.8905],[133.4279,33.8903],[133.4275,33.8902],[133.4272,33.8901],[133.4265,33.89],[133.4259,33.8898],[133.4253,33.8895],[133.424,33.8887],[133.4236,33.8885],[133.4228,33.8883],[133.4225,33.8883],[133.4223,33.8884],[133.4219,33.8887],[133.4211,33.8891],[133.4204,33.8894],[133.4199,33.8895],[133.4196,33.8896],[133.4187,33.8896],[133.4183,33.8896],[133.4179,33.8895],[133.4175,33.8893],[133.4166,33.8888],[133.4163,33.8888],[133.4157,33.8886],[133.4154,33.8885],[133.4139,33.8874],[133.4136,33.8873],[133.4132,33.8873],[133.4122,33.8872],[133.4112,33.887],[133.4097,33.8866],[133.4093,33.8866],[133.4089,33.8866],[133.4085,33.8867],[133.4081,33.8867],[133.4071,33.8865],[133.4066,33.8866],[133.4063,33.8866],[133.4056,33.887],[133.4053,33.8872],[133.405,33.8872],[133.4048,33.8871],[133.4045,33.887],[133.4043,33.8869],[133.4037,33.8869],[133.4029,33.887],[133.4026,33.8871],[133.4011,33.887],[133.4008,33.8871],[133.3991,33.8873],[133.3985,33.887],[133.398,33.8867],[133.3973,33.8863],[133.3971,33.886],[133.397,33.8853],[133.3969,33.8849],[133.396,33.8843],[133.3958,33.884],[133.3956,33.8836],[133.3953,33.8824],[133.3952,33.8822],[133.3949,33.8821],[133.3944,33.8818],[133.3939,33.8814],[133.3934,33.8811],[133.3926,33.8805],[133.3921,33.88],[133.3917,33.8795],[133.3915,33.8794],[133.3913,33.8794],[133.3907,33.8797],[133.39,33.88],[133.3896,33.8801],[133.3889,33.8802],[133.3885,33.8801],[133.3877,33.88],[133.3873,33.8799],[133.3869,33.8798],[133.3865,33.8796],[133.3863,33.8794],[133.386,33.8791],[133.3855,33.8784],[133.3853,33.8782],[133.3851,33.8775],[133.3849,33.8771],[133.3845,33.8768],[133.3841,33.8765],[133.3837,33.8763],[133.3827,33.8762],[133.3823,33.876],[133.3817,33.8759],[133.381,33.8759],[133.3798,33.8758],[133.3787,33.8757],[133.3778,33.8756],[133.3768,33.8758],[133.3762,33.8756],[133.3758,33.8754],[133.375,33.8752],[133.3742,33.8753],[133.3729,33.8754],[133.3723,33.8752],[133.3721,33.8753],[133.3715,33.8756],[133.3709,33.8759],[133.3702,33.876],[133.3696,33.8762],[133.369,33.8765],[133.3683,33.8767],[133.3678,33.8767],[133.3675,33.8767],[133.3671,33.8768],[133.3664,33.8771],[133.3658,33.8772],[133.3649,33.8773],[133.3644,33.8773],[133.364,33.8771],[133.3635,33.8771],[133.3628,33.8768],[133.3624,33.8768],[133.3619,33.877],[133.3616,33.8772],[133.361,33.8775],[133.3603,33.8779],[133.3598,33.8782],[133.3594,33.8785],[133.3591,33.8786],[133.3589,33.8787],[133.358,33.8787],[133.3577,33.8788],[133.3575,33.8789],[133.3573,33.8791],[133.3568,33.8794],[133.3559,33.8796],[133.3556,33.8797],[133.3543,33.8795],[133.3539,33.8795],[133.3538,33.8798],[133.3534,33.8812],[133.3533,33.8813],[133.3529,33.8817],[133.3524,33.8824],[133.3522,33.8826],[133.3518,33.8829],[133.3516,33.8833],[133.3511,33.8841],[133.3511,33.8848],[133.351,33.8856],[133.351,33.8858],[133.3507,33.886],[133.3505,33.886],[133.3502,33.8863],[133.3501,33.8865],[133.35,33.8867],[133.3509,33.8875],[133.3512,33.8877],[133.3512,33.8879],[133.3511,33.8883],[133.3507,33.8892],[133.3507,33.8894],[133.3508,33.8895],[133.3513,33.8898],[133.3515,33.8901],[133.3516,33.8908],[133.3518,33.8912],[133.352,33.8915],[133.3524,33.8916],[133.353,33.8919],[133.3532,33.892],[133.3535,33.8924],[133.3538,33.893],[133.3542,33.8933],[133.3542,33.8935],[133.3543,33.8936],[133.3548,33.8934],[133.3551,33.8934],[133.3559,33.8936],[133.3564,33.8938],[133.3568,33.8941],[133.357,33.8943],[133.357,33.8944],[133.3573,33.8947],[133.3574,33.8948],[133.358,33.8953],[133.3586,33.896],[133.359,33.8962],[133.3593,33.8964],[133.3594,33.8968],[133.3594,33.8976],[133.3593,33.898],[133.3593,33.899],[133.3594,33.8992],[133.36,33.8993],[133.3605,33.8993],[133.3609,33.8995],[133.3615,33.8996],[133.3621,33.8996],[133.3625,33.8997],[133.3632,33.9002],[133.3635,33.9003],[133.364,33.9007],[133.3641,33.9008],[133.3644,33.9014],[133.3646,33.9017],[133.3648,33.902],[133.3648,33.903],[133.3648,33.9036],[133.3648,33.9042],[133.3649,33.9046],[133.365,33.9049],[133.3651,33.9056],[133.3651,33.906],[133.3652,33.9062],[133.3655,33.9066],[133.3658,33.9071],[133.366,33.9073],[133.3661,33.9075],[133.3664,33.9083],[133.3665,33.9087],[133.3665,33.9088],[133.3667,33.9091],[133.3669,33.9096],[133.3672,33.9098],[133.3676,33.91],[133.368,33.9104],[133.3679,33.9107],[133.3678,33.9111],[133.3678,33.9118],[133.3677,33.9123],[133.3674,33.9132],[133.3674,33.9134],[133.3674,33.9138],[133.3675,33.9145],[133.3676,33.915],[133.3675,33.9153],[133.3676,33.9156],[133.3679,33.9161],[133.3683,33.9166],[133.3684,33.917],[133.3685,33.9171],[133.3689,33.9174],[133.3692,33.9178],[133.3694,33.9184],[133.3695,33.9188],[133.3694,33.9196],[133.3695,33.92],[133.3693,33.921],[133.3692,33.9214],[133.369,33.9219],[133.3688,33.9224],[133.368,33.9233],[133.3679,33.9235],[133.3679,33.9241],[133.3678,33.9247],[133.3678,33.925],[133.3676,33.9254],[133.3675,33.9256],[133.3669,33.9262],[133.3667,33.9265],[133.3666,33.9269],[133.3667,33.9272],[133.3669,33.9275],[133.3672,33.9282],[133.3673,33.9288],[133.3672,33.929],[133.3668,33.9298],[133.3665,33.9303],[133.3664,33.9306],[133.3663,33.931],[133.3663,33.9314],[133.3663,33.9318],[133.3665,33.9325],[133.3668,33.9331],[133.3669,33.9334],[133.3668,33.9336],[133.3666,33.934],[133.3667,33.9356],[133.3667,33.9365],[133.3667,33.9369],[133.3667,33.9371],[133.3668,33.9372],[133.3674,33.9376],[133.3677,33.9379],[133.3681,33.9383],[133.3681,33.9386],[133.3681,33.9387],[133.3677,33.9391],[133.3677,33.9393],[133.3682,33.9397],[133.3684,33.94],[133.369,33.942],[133.3689,33.9422],[133.3688,33.9426],[133.3686,33.9429],[133.3684,33.9436],[133.3684,33.944],[133.3683,33.9442],[133.3681,33.9446],[133.3681,33.9448],[133.3682,33.9458],[133.3683,33.9459],[133.3689,33.9462],[133.3689,33.9466],[133.3691,33.9472],[133.3693,33.9475],[133.3697,33.9479],[133.3699,33.9483],[133.3701,33.9484],[133.3707,33.9486],[133.3712,33.9487],[133.3713,33.9489],[133.3712,33.9492],[133.3709,33.9496],[133.3704,33.9502],[133.3704,33.9505],[133.3707,33.9508],[133.3707,33.9509],[133.3707,33.9511],[133.3702,33.9517],[133.37,33.952],[133.3699,33.9522],[133.3702,33.9527],[133.3707,33.9534],[133.3707,33.9538],[133.3706,33.9542],[133.3706,33.9544],[133.371,33.955],[133.3711,33.9553],[133.3715,33.9555],[133.372,33.9553],[133.3724,33.9556],[133.3726,33.9558],[133.3728,33.9559],[133.3731,33.9559],[133.3734,33.9556],[133.3735,33.9555],[133.3737,33.9556],[133.3739,33.9563],[133.3738,33.9567],[133.3735,33.9575],[133.3736,33.9577],[133.3738,33.9579],[133.3741,33.958],[133.3747,33.9584],[133.375,33.9588],[133.3751,33.9591],[133.3752,33.9593],[133.3754,33.9595],[133.3756,33.9598],[133.3756,33.9601],[133.3757,33.9604],[133.3757,33.9607],[133.3759,33.9613],[133.3762,33.9619],[133.3764,33.9623],[133.3764,33.9627],[133.3764,33.9631],[133.376,33.9636],[133.376,33.9637],[133.3763,33.9638],[133.3766,33.9645],[133.377,33.965],[133.3773,33.9652],[133.3774,33.9662],[133.3775,33.9665],[133.3777,33.9669],[133.3781,33.9672],[133.3783,33.9676],[133.3785,33.9681],[133.3787,33.9684],[133.379,33.9687],[133.3794,33.9691],[133.3795,33.9693],[133.3797,33.9702],[133.3803,33.9701],[133.3808,33.9702],[133.3811,33.9703],[133.3813,33.9705],[133.3816,33.9706],[133.3819,33.9706],[133.3821,33.9707],[133.3825,33.9707],[133.3829,33.9708],[133.3835,33.9711],[133.3839,33.9714],[133.3841,33.9715],[133.3844,33.9722],[133.3846,33.9733],[133.3848,33.9736],[133.3851,33.9738],[133.3855,33.9741],[133.3859,33.9745],[133.3861,33.9749],[133.3864,33.9756],[133.3865,33.9759],[133.3866,33.9762],[133.3866,33.9766],[133.3868,33.977],[133.3872,33.9774],[133.3873,33.9776],[133.3877,33.9785],[133.3877,33.9787],[133.3884,33.9787],[133.3888,33.9787],[133.389,33.9788],[133.3893,33.9792],[133.3894,33.9796],[133.3897,33.9801],[133.3899,33.9802],[133.3902,33.9803],[133.3904,33.9803],[133.3907,33.9804],[133.3908,33.9807],[133.391,33.9808],[133.3911,33.981],[133.3912,33.9811],[133.3915,33.9812],[133.3917,33.9814],[133.3912,33.9819],[133.3903,33.9827],[133.39,33.9834],[133.3898,33.9841],[133.3893,33.985],[133.3888,33.9858],[133.3885,33.9857],[133.3878,33.9854],[133.3877,33.9854],[133.387,33.9852],[133.3867,33.9852],[133.3862,33.9849],[133.3859,33.9849],[133.3855,33.9847],[133.3854,33.9848],[133.3852,33.9846],[133.3851,33.9847],[133.384,33.9843],[133.3839,33.9843],[133.3837,33.9842],[133.3835,33.9841],[133.3831,33.984],[133.3828,33.9838],[133.3823,33.9837],[133.3816,33.9837],[133.3812,33.9837],[133.3805,33.9837],[133.3803,33.9837],[133.3795,33.9837],[133.3791,33.9836],[133.3789,33.9837],[133.3784,33.9836],[133.378,33.9835],[133.3778,33.9834],[133.3773,33.9833],[133.3771,33.9832],[133.3768,33.9832],[133.3766,33.9831],[133.3765,33.9832],[133.3761,33.9832],[133.3756,33.983],[133.3753,33.9829],[133.3751,33.9828],[133.3744,33.9826],[133.3741,33.9825],[133.3738,33.9822],[133.3733,33.982],[133.3727,33.9819],[133.3727,33.982],[133.3721,33.9816],[133.3722,33.9814],[133.3726,33.9818],[133.3726,33.9815],[133.3722,33.9812],[133.3715,33.9809],[133.3712,33.9809],[133.371,33.9808],[133.37,33.9807],[133.3699,33.9808],[133.3695,33.9808],[133.3693,33.9807],[133.369,33.9807],[133.3688,33.9805],[133.3684,33.9807],[133.3675,33.9808],[133.3665,33.9807],[133.3655,33.9806],[133.3649,33.9805],[133.3648,33.9804],[133.3642,33.9802],[133.3637,33.98],[133.3633,33.98],[133.3629,33.9798],[133.3626,33.9797],[133.3622,33.9796],[133.3615,33.9796],[133.3615,33.9794],[133.36,33.9791],[133.3592,33.979],[133.3586,33.9791],[133.3584,33.9791],[133.3582,33.9792],[133.3579,33.9794],[133.3577,33.9795],[133.3564,33.9792],[133.3562,33.9793],[133.3562,33.9794],[133.3541,33.9825],[133.3539,33.9826],[133.3526,33.9831],[133.3515,33.9835],[133.3511,33.9837],[133.351,33.9837],[133.35,33.9833],[133.3486,33.9827],[133.3485,33.9829],[133.3473,33.9825],[133.3474,33.9823],[133.3471,33.9822],[133.3472,33.9819],[133.347,33.9819],[133.3464,33.9829],[133.3463,33.9831],[133.3462,33.9834],[133.3462,33.9836],[133.3465,33.9835],[133.3469,33.9838],[133.3468,33.9839],[133.3478,33.9846],[133.3479,33.9845],[133.3481,33.9845],[133.3483,33.9841],[133.3482,33.984],[133.3484,33.9837],[133.3486,33.9836],[133.3488,33.9837],[133.3497,33.9841],[133.35,33.9843],[133.3499,33.9845],[133.35,33.9847],[133.3502,33.9849],[133.3504,33.9849],[133.3496,33.9863],[133.3496,33.9864],[133.3487,33.986],[133.3486,33.9861],[133.3488,33.9864],[133.3491,33.9867],[133.3489,33.9869],[133.3487,33.9871],[133.3487,33.9873],[133.3486,33.9875],[133.3486,33.9879],[133.3481,33.9879],[133.3478,33.9879],[133.3477,33.9881],[133.3474,33.9882],[133.3468,33.9883],[133.3466,33.9884],[133.3462,33.9887],[133.3461,33.989],[133.3461,33.9896],[133.3462,33.9897],[133.3463,33.9899],[133.3462,33.9901],[133.3463,33.9902],[133.3461,33.9905],[133.3454,33.9907],[133.3452,33.9909],[133.3452,33.9912],[133.3451,33.9914],[133.3449,33.9914],[133.3446,33.9912],[133.3435,33.9911],[133.3432,33.991],[133.3427,33.9911],[133.3424,33.9913],[133.3422,33.9916],[133.342,33.9918],[133.3416,33.9918],[133.3415,33.992],[133.3413,33.9921],[133.3412,33.9923],[133.3414,33.9924],[133.3414,33.9925],[133.3412,33.9927],[133.341,33.9927],[133.3409,33.9925],[133.3404,33.9925],[133.3402,33.9923],[133.3402,33.9921],[133.3401,33.9918],[133.3398,33.9919],[133.3369,33.9922],[133.3363,33.9925],[133.336,33.9924],[133.3369,33.992],[133.337,33.9907],[133.3371,33.9882],[133.3372,33.9874],[133.3371,33.9874],[133.3372,33.9841],[133.3373,33.9841],[133.3374,33.9838],[133.3392,33.9818],[133.3397,33.982],[133.3399,33.9819],[133.3399,33.9812],[133.3372,33.9806],[133.3363,33.9803],[133.3357,33.981],[133.3355,33.9809],[133.3354,33.9812],[133.3351,33.9815],[133.3345,33.9822],[133.3342,33.9824],[133.334,33.9825],[133.334,33.9824],[133.3334,33.9826],[133.3325,33.9825],[133.332,33.9824],[133.332,33.9828],[133.3316,33.9827],[133.3317,33.9821],[133.3314,33.982],[133.3304,33.9817],[133.3303,33.982],[133.3292,33.9817],[133.3285,33.9816],[133.3279,33.982],[133.3284,33.9827],[133.3287,33.9829],[133.3295,33.983],[133.3306,33.9832],[133.3314,33.9834],[133.3315,33.9833],[133.3319,33.9834],[133.3323,33.9835],[133.3326,33.9836],[133.333,33.9837],[133.3329,33.9859],[133.3328,33.9868],[133.3325,33.9869],[133.333,33.9883],[133.333,33.9887],[133.3332,33.9895],[133.333,33.9896],[133.3331,33.9898],[133.333,33.9899],[133.3331,33.9901],[133.333,33.9903],[133.3331,33.9906],[133.3332,33.9907],[133.3331,33.9927],[133.334,33.993],[133.3338,33.993],[133.3331,33.9928],[133.3318,33.9932],[133.331,33.9934],[133.331,33.9933],[133.3318,33.9931],[133.333,33.9928],[133.3331,33.9909],[133.3323,33.9908],[133.332,33.9919],[133.332,33.9917],[133.3315,33.9916],[133.3315,33.9918],[133.3313,33.9918],[133.3313,33.9916],[133.3299,33.9914],[133.3298,33.9916],[133.3297,33.9916],[133.3297,33.9913],[133.3295,33.9912],[133.3295,33.991],[133.3294,33.9908],[133.3287,33.9906],[133.3285,33.9906],[133.3282,33.9908],[133.328,33.9911],[133.3281,33.9913],[133.3279,33.9914],[133.3283,33.9924],[133.3282,33.9924],[133.3278,33.9914],[133.3276,33.9909],[133.3274,33.9912],[133.3276,33.9913],[133.3278,33.9918],[133.3279,33.9923],[133.3278,33.9925],[133.3278,33.9931],[133.3275,33.9931],[133.3273,33.9933],[133.3272,33.9935],[133.3269,33.9934],[133.3267,33.9936],[133.3266,33.9937],[133.3265,33.9939],[133.3264,33.9939],[133.3262,33.994],[133.3261,33.9942],[133.326,33.9942],[133.3259,33.9938],[133.3257,33.9938],[133.3252,33.9937],[133.3248,33.9937],[133.3245,33.9939],[133.3244,33.994],[133.324,33.9939],[133.324,33.9938],[133.3235,33.9937],[133.3232,33.9937],[133.3224,33.9939],[133.3215,33.9941],[133.3214,33.9944],[133.3212,33.9944],[133.321,33.9943],[133.3208,33.9944],[133.3207,33.9942],[133.3205,33.9942],[133.3202,33.9941],[133.3202,33.9939],[133.3193,33.9937],[133.3166,33.993],[133.3166,33.9929],[133.317,33.993],[133.3194,33.9936],[133.3197,33.9931],[133.3192,33.9929],[133.3196,33.9924],[133.3193,33.9923],[133.3189,33.9919],[133.3188,33.9919],[133.318,33.9912],[133.3172,33.9918],[133.3172,33.9925],[133.3171,33.9926],[133.3171,33.9917],[133.3183,33.9908],[133.3184,33.9907],[133.3181,33.9901],[133.3173,33.989],[133.3169,33.9886],[133.3163,33.9881],[133.316,33.9878],[133.3155,33.9875],[133.3152,33.9872],[133.315,33.9872],[133.3145,33.9868],[133.3142,33.9867],[133.314,33.9865],[133.3132,33.986],[133.3129,33.9862],[133.3128,33.9861],[133.313,33.9859],[133.3125,33.9855],[133.312,33.9853],[133.3118,33.9855],[133.3117,33.9854],[133.3119,33.9852],[133.3111,33.9848],[133.3109,33.9851],[133.3107,33.985],[133.3109,33.9848],[133.3107,33.9848],[133.3107,33.9846],[133.3099,33.9841],[133.3092,33.9838],[133.309,33.9837],[133.3082,33.9834],[133.3075,33.9832],[133.3072,33.9831],[133.3069,33.983],[133.3065,33.983],[133.3059,33.9828],[133.3055,33.9827],[133.305,33.9827],[133.3036,33.9824],[133.303,33.9822],[133.302,33.9821],[133.3015,33.982],[133.3013,33.982],[133.3006,33.982],[133.3,33.9821],[133.2989,33.982],[133.2983,33.9819],[133.2978,33.9816],[133.2975,33.9815],[133.2971,33.9815],[133.2965,33.9815],[133.2955,33.9814],[133.2952,33.9813],[133.2946,33.9814],[133.2944,33.982],[133.2939,33.9835],[133.2913,33.9844],[133.2913,33.9843],[133.2938,33.9834],[133.2942,33.9822],[133.2941,33.9821],[133.2937,33.9822],[133.2937,33.9823],[133.292,33.9824],[133.2915,33.9825],[133.2913,33.9825],[133.2917,33.9834],[133.2916,33.9834],[133.2913,33.9825],[133.2899,33.983],[133.2901,33.9835],[133.2901,33.9836],[133.2908,33.9848],[133.291,33.985],[133.2913,33.985],[133.2911,33.9852],[133.2906,33.9849],[133.2891,33.9818],[133.2892,33.9817],[133.289,33.9814],[133.2888,33.9811],[133.2858,33.9803],[133.2851,33.9816],[133.2846,33.9824],[133.2843,33.983],[133.2842,33.983],[133.282,33.9871],[133.2818,33.9876],[133.2806,33.9897],[133.2787,33.989],[133.2801,33.9864],[133.2768,33.9852],[133.2777,33.9836],[133.2783,33.9823],[133.2788,33.9814],[133.2769,33.9807],[133.2744,33.982],[133.2741,33.9821],[133.2703,33.9836],[133.2692,33.9824],[133.267,33.9802],[133.2663,33.9805],[133.2658,33.9806],[133.2658,33.9805],[133.267,33.9802],[133.2675,33.9801],[133.2684,33.9797],[133.27,33.9791],[133.2708,33.9788],[133.2726,33.9778],[133.2725,33.9776],[133.2728,33.9775],[133.2739,33.977],[133.2745,33.9768],[133.2751,33.9764],[133.2764,33.9757],[133.2766,33.9756],[133.2775,33.975],[133.2791,33.9742],[133.2786,33.9735],[133.2784,33.9734],[133.2779,33.9735],[133.2759,33.9746],[133.2758,33.9747],[133.2746,33.9753],[133.2733,33.9743],[133.2732,33.9743],[133.2724,33.9748],[133.2717,33.9743],[133.2701,33.9752],[133.2669,33.9727],[133.2667,33.9725],[133.2687,33.9708],[133.2687,33.9707],[133.2707,33.969],[133.2709,33.9689],[133.2712,33.9689],[133.2712,33.9685],[133.2702,33.9682],[133.2701,33.9681],[133.2706,33.9675],[133.2703,33.9674],[133.2698,33.9674],[133.2698,33.9676],[133.2678,33.9676],[133.2678,33.9683],[133.2678,33.9697],[133.2677,33.9699],[133.2638,33.9699],[133.2638,33.9695],[133.2636,33.9696],[133.2637,33.9685],[133.2638,33.9684],[133.2638,33.9673],[133.2638,33.9666],[133.2639,33.9665],[133.2639,33.9655],[133.2638,33.9634],[133.2637,33.9633],[133.2627,33.9632],[133.2625,33.9632],[133.2622,33.9631],[133.2623,33.963],[133.2637,33.9632],[133.2638,33.9631],[133.2637,33.9618],[133.2637,33.9614],[133.2637,33.9612],[133.2636,33.9609],[133.2629,33.9611],[133.2621,33.9612],[133.262,33.9611],[133.2619,33.9614],[133.262,33.9614],[133.2618,33.962],[133.2615,33.9623],[133.2612,33.9633],[133.2611,33.9638],[133.2608,33.9656],[133.261,33.9656],[133.2609,33.9663],[133.2608,33.9663],[133.2606,33.9674],[133.2601,33.9673],[133.2601,33.9674],[133.2606,33.9675],[133.2604,33.9691],[133.2605,33.9691],[133.2603,33.9701],[133.2602,33.9701],[133.2601,33.9711],[133.2597,33.9735],[133.2598,33.9735],[133.2597,33.9745],[133.2596,33.9747],[133.2596,33.9748],[133.2595,33.9755],[133.2594,33.9755],[133.2592,33.9769],[133.2593,33.9769],[133.2611,33.9771],[133.2609,33.9783],[133.2609,33.9787],[133.2609,33.9788],[133.2617,33.9786],[133.2618,33.9787],[133.2613,33.9788],[133.2612,33.9789],[133.2609,33.9798],[133.2612,33.9801],[133.2616,33.9803],[133.2619,33.9804],[133.2619,33.9806],[133.2615,33.9804],[133.2609,33.9799],[133.2603,33.9801],[133.2595,33.9805],[133.2593,33.9806],[133.258,33.9808],[133.2574,33.9809],[133.2569,33.9809],[133.2558,33.9808],[133.2556,33.9807],[133.2552,33.9805],[133.2552,33.9804],[133.2549,33.9801],[133.2548,33.9796],[133.2543,33.9789],[133.2538,33.9784],[133.2534,33.9782],[133.2534,33.9781],[133.253,33.9779],[133.2526,33.9775],[133.2519,33.9772],[133.2509,33.9771],[133.2503,33.9768],[133.25,33.9768],[133.2496,33.9765],[133.2492,33.9762],[133.2489,33.9762],[133.2486,33.9759],[133.2487,33.9758],[133.2485,33.9752],[133.2485,33.9749],[133.2493,33.9687],[133.2496,33.9662],[133.2498,33.9643],[133.2539,33.9647],[133.2539,33.9646],[133.2541,33.9645],[133.2541,33.9644],[133.2545,33.9641],[133.2544,33.963],[133.2544,33.9624],[133.2538,33.9618],[133.2524,33.9627],[133.2511,33.963],[133.2491,33.9607],[133.2502,33.96],[133.252,33.9589],[133.2521,33.9588],[133.2541,33.9576],[133.2553,33.9569],[133.2548,33.9563],[133.2547,33.9564],[133.2543,33.9559],[133.2542,33.9559],[133.253,33.9567],[133.2524,33.9566],[133.2523,33.9568],[133.2524,33.957],[133.2514,33.9576],[133.2511,33.9573],[133.2504,33.9578],[133.247,33.9598],[133.2453,33.9578],[133.2455,33.9565],[133.2463,33.956],[133.2479,33.955],[133.2466,33.9535],[133.2465,33.9533],[133.2466,33.9532],[133.2468,33.9529],[133.2477,33.9524],[133.2473,33.9523],[133.2462,33.9529],[133.2445,33.9528],[133.2436,33.9528],[133.243,33.9569],[133.2366,33.9562],[133.2354,33.9561],[133.236,33.952],[133.2355,33.9519],[133.2345,33.9518],[133.2344,33.9521],[133.2342,33.9521],[133.2346,33.9511],[133.2349,33.9503],[133.2353,33.9493],[133.2357,33.9486],[133.2359,33.9479],[133.2359,33.9472],[133.236,33.9469],[133.236,33.9466],[133.2359,33.9462],[133.2359,33.9455],[133.2359,33.9453],[133.2354,33.9446],[133.2354,33.9445],[133.2355,33.9441],[133.2355,33.9438],[133.2345,33.9426],[133.2342,33.942],[133.2341,33.9417],[133.2341,33.9415],[133.2343,33.9411],[133.2344,33.9408],[133.2343,33.9406],[133.2337,33.94],[133.2336,33.9398],[133.2338,33.9395],[133.2338,33.9389],[133.2339,33.9377],[133.2342,33.9377],[133.2347,33.9376],[133.2353,33.9375],[133.2361,33.9374],[133.2363,33.9374],[133.2371,33.9373],[133.2376,33.9374],[133.2377,33.9376],[133.2377,33.9379],[133.2379,33.9383],[133.238,33.9385],[133.2382,33.9388],[133.2384,33.939],[133.2389,33.9393],[133.2395,33.9395],[133.2397,33.9396],[133.2398,33.9394],[133.2403,33.9389],[133.2406,33.9383],[133.2406,33.938],[133.2408,33.9369],[133.2411,33.936],[133.2414,33.9357],[133.2415,33.9354],[133.2416,33.935],[133.2417,33.9345],[133.2421,33.9341],[133.2423,33.9339],[133.2425,33.9336],[133.2427,33.9334],[133.2432,33.9331],[133.2435,33.9327],[133.2436,33.9325],[133.2441,33.932],[133.2443,33.9318],[133.2444,33.9316],[133.2444,33.9313],[133.2447,33.9308],[133.2448,33.9305],[133.2447,33.9299],[133.2447,33.9297],[133.2453,33.9281],[133.2457,33.9266],[133.2458,33.9259],[133.2459,33.9252],[133.246,33.9247],[133.2458,33.9245],[133.2454,33.9244],[133.2453,33.9242],[133.2453,33.9236],[133.2452,33.9233],[133.2452,33.923],[133.2456,33.9221],[133.2457,33.9216],[133.2458,33.9214],[133.2464,33.9209],[133.2465,33.9205],[133.2468,33.9203],[133.2469,33.9198],[133.2472,33.9194],[133.2473,33.9191],[133.2468,33.9192],[133.2465,33.9191],[133.246,33.9191],[133.2455,33.919],[133.2453,33.9189],[133.2453,33.9186],[133.2453,33.9184],[133.2452,33.9178],[133.2451,33.9172],[133.245,33.9169],[133.2449,33.9167],[133.244,33.9162],[133.2434,33.916],[133.2431,33.916],[133.2427,33.9159],[133.2424,33.9159],[133.2421,33.9158],[133.2418,33.9159],[133.2417,33.9159],[133.2413,33.9154],[133.2409,33.9151],[133.2412,33.9142],[133.2412,33.9139],[133.2412,33.9137],[133.2411,33.9134],[133.2406,33.9126],[133.2402,33.9119],[133.2397,33.9112],[133.2397,33.9106],[133.2396,33.9104],[133.2397,33.9103],[133.24,33.91],[133.2404,33.9096],[133.2407,33.9095],[133.2412,33.9094],[133.2415,33.9091],[133.2418,33.9089],[133.2425,33.9086],[133.2426,33.9084],[133.2428,33.9081],[133.243,33.9074],[133.243,33.9072],[133.2432,33.9068],[133.2433,33.9065],[133.244,33.9056],[133.2443,33.9053],[133.2448,33.9048],[133.245,33.9046],[133.245,33.9043],[133.245,33.9036],[133.2448,33.9032],[133.2448,33.9029],[133.2449,33.9025],[133.2453,33.902],[133.2454,33.9017],[133.2453,33.9015],[133.2455,33.9006],[133.2456,33.9002],[133.246,33.8995],[133.2463,33.8993],[133.2467,33.8992],[133.2474,33.8987],[133.2477,33.8985],[133.248,33.8984],[133.2485,33.8977],[133.2489,33.8973],[133.2491,33.8971],[133.2495,33.8966],[133.25,33.8956],[133.2502,33.8952],[133.2505,33.8946],[133.2509,33.8942],[133.251,33.8939],[133.2508,33.8934],[133.2507,33.8929],[133.2507,33.8927],[133.2508,33.8924],[133.2508,33.892],[133.2507,33.8916],[133.2505,33.8908],[133.2505,33.8902],[133.2503,33.889],[133.2505,33.888],[133.2505,33.8876],[133.2508,33.8872],[133.2509,33.887],[133.251,33.8866],[133.2516,33.8864],[133.2517,33.8863],[133.2517,33.8859],[133.2517,33.8855],[133.2518,33.8853],[133.2519,33.885],[133.2519,33.8845],[133.252,33.8844],[133.2527,33.8843],[133.2529,33.8842],[133.2535,33.884],[133.2539,33.8839],[133.2547,33.8837],[133.2547,33.8836],[133.2544,33.8829],[133.2542,33.8828],[133.2543,33.8826],[133.2547,33.8821],[133.2549,33.8819],[133.2552,33.8815],[133.2552,33.8813],[133.2551,33.881],[133.2546,33.8801],[133.2546,33.8799],[133.2546,33.8794],[133.2544,33.8789],[133.2545,33.8784],[133.2545,33.8781],[133.2542,33.8777],[133.2541,33.8775],[133.2539,33.877],[133.2538,33.8769],[133.2534,33.8767],[133.2528,33.8765],[133.2522,33.8762],[133.2512,33.8761],[133.251,33.8761],[133.2508,33.8763],[133.2507,33.8765],[133.2503,33.8766],[133.2501,33.8767],[133.2496,33.8766],[133.2493,33.8764],[133.2489,33.8762],[133.2487,33.8761],[133.2484,33.8756],[133.2481,33.8749],[133.2477,33.8747],[133.2474,33.8748],[133.2472,33.8749],[133.2469,33.8749],[133.2465,33.8746],[133.246,33.8744],[133.2458,33.8743],[133.2459,33.8742],[133.2463,33.874],[133.2465,33.8737],[133.2467,33.8733],[133.2469,33.873],[133.2475,33.8725],[133.2477,33.8722],[133.2479,33.8719],[133.2481,33.8718],[133.2485,33.8717],[133.2487,33.8716],[133.2487,33.8714],[133.2486,33.8711],[133.2484,33.8709],[133.2484,33.8708],[133.2485,33.8705],[133.249,33.8699],[133.2492,33.8696],[133.2493,33.8694],[133.2494,33.8689],[133.2499,33.8681],[133.2502,33.8676],[133.2505,33.867],[133.2508,33.8665],[133.2509,33.8662],[133.2508,33.866],[133.2507,33.8653],[133.2508,33.8651],[133.2521,33.8647],[133.2527,33.8644],[133.2533,33.8639],[133.2535,33.8638],[133.254,33.8638],[133.2544,33.8637],[133.2548,33.8636],[133.2554,33.8635],[133.2558,33.8636],[133.2561,33.8635],[133.2564,33.8634],[133.2568,33.8633],[133.2571,33.8633],[133.2576,33.8635],[133.2578,33.8635],[133.2579,33.8633],[133.2581,33.863],[133.2584,33.8626],[133.2585,33.8624],[133.259,33.8622],[133.2594,33.8618],[133.2597,33.8617],[133.2607,33.8606],[133.261,33.8603],[133.2614,33.8599],[133.2617,33.8599],[133.2623,33.8598],[133.2626,33.8597],[133.2628,33.8596],[133.2633,33.8591],[133.2635,33.8589],[133.2647,33.8589],[133.2651,33.8589],[133.2656,33.8588],[133.2663,33.8588],[133.2667,33.8587],[133.2673,33.8585],[133.2674,33.8583],[133.2676,33.858],[133.268,33.8577],[133.2683,33.8572],[133.2683,33.857],[133.2684,33.8568],[133.2683,33.8561],[133.2684,33.8559],[133.2687,33.8553],[133.2692,33.8546],[133.2693,33.8542],[133.2696,33.8539],[133.2695,33.8537],[133.2692,33.853],[133.269,33.8523],[133.2689,33.8516],[133.2689,33.8513],[133.269,33.8509],[133.2692,33.8504],[133.2693,33.8502],[133.2695,33.8499],[133.2697,33.8498],[133.2702,33.8494],[133.2708,33.8492],[133.2713,33.8489],[133.2716,33.8488],[133.272,33.8487],[133.2728,33.8479],[133.2728,33.8477],[133.2726,33.8472],[133.2723,33.8465],[133.2724,33.8462],[133.2728,33.8457],[133.2728,33.8453],[133.2725,33.8449],[133.2725,33.8447],[133.2728,33.8443],[133.2728,33.8439],[133.2729,33.8437],[133.2732,33.8435],[133.2734,33.8432],[133.2734,33.843],[133.2736,33.8423],[133.2737,33.8422],[133.2743,33.8417],[133.2744,33.8413],[133.2744,33.8409],[133.2746,33.8402],[133.2745,33.8399],[133.2745,33.8397],[133.275,33.8391],[133.275,33.839],[133.275,33.8387],[133.2747,33.8383],[133.2746,33.8381],[133.2746,33.8378],[133.2747,33.8373],[133.2747,33.8367],[133.2746,33.8367],[133.2746,33.8364],[133.2748,33.8356],[133.2757,33.8338],[133.2763,33.833],[133.2768,33.8323],[133.277,33.8319],[133.2772,33.8314],[133.2774,33.8309]],[[133.2917,33.9855],[133.2911,33.9857],[133.2912,33.9857],[133.2926,33.9852],[133.2917,33.9855]],[[133.3312,33.9928],[133.3311,33.9927],[133.3292,33.9924],[133.3293,33.9925],[133.3311,33.9928],[133.3312,33.9928]],[[133.3542,33.9932],[133.3543,33.9932],[133.3541,33.9923],[133.354,33.9923],[133.3542,33.9932]],[[133.3694,33.9809],[133.3694,33.9811],[133.3704,33.9811],[133.3704,33.981],[133.3694,33.9809]],[[133.3708,33.981],[133.3708,33.9811],[133.3713,33.9812],[133.3713,33.9811],[133.3708,33.981]],[[133.3715,33.9811],[133.3714,33.9813],[133.372,33.9815],[133.3721,33.9814],[133.3715,33.9811]]]},"properties":{"N03_001":"愛媛県","N03_002":"","N03_003":"","N03_004":"新居浜市","N03_007":"38205"}},
{"type":"Feature","geometry":{"type":"Polygon","coordinates":[[[132.9601,33.9027],[132.9597,33.9023],[132.9597,33.9021],[132.9597,33.9017],[132.9597,33.9014],[132.9597,33.9011],[132.9596,33.9009],[132.9593,33.9007],[132.9591,33.9003],[132.9587,33.9],[132.9586,33.8997],[132.959,33.8995],[132.9595,33.899],[132.9596,33.8988],[132.9597,33.8982],[132.9597,33.8979],[132.9596,33.8974],[132.9596,33.8972],[132.9597,33.8968],[132.9596,33.8964],[132.9597,33.896],[132.9603,33.8955],[132.9605,33.895],[132.9605,33.8947],[132.9605,33.8943],[132.9603,33.8935],[132.9603,33.893],[132.9602,33.8928],[132.9599,33.8926],[132.9597,33.8923],[132.9594,33.8919],[132.9589,33.8914],[132.9587,33.8911],[132.9586,33.8909],[132.9587,33.8907],[132.959,33.8902],[132.9591,33.8895],[132.959,33.8891],[132.959,33.8889],[132.9593,33.8883],[132.9593,33.8881],[132.9592,33.888],[132.959,33.8878],[132.9585,33.8874],[132.9573,33.8869],[132.957,33.8865],[132.9569,33.8862],[132.9569,33.8858],[132.9569,33.8855],[132.9567,33.8847],[132.9568,33.8844],[132.9574,33.8839],[132.9576,33.8836],[132.9581,33.8822],[132.9582,33.8819],[132.9589,33.8812],[132.959,33.8809],[132.9592,33.8806],[132.9595,33.8803],[132.96,33.8797],[132.9602,33.8794],[132.9604,33.879],[132.9607,33.8783],[132.9607,33.8773],[132.9607,33.8771],[132.9607,33.8768],[132.9605,33.8764],[132.9605,33.8762],[132.9605,33.8756],[132.9602,33.8754],[132.9599,33.8755],[132.9597,33.8753],[132.9597,33.8752],[132.9599,33.8748],[132.9601,33.8743],[132.9603,33.8741],[132.9606,33.8739],[132.9609,33.8737],[132.9611,33.8735],[132.9614,33.8728],[132.9615,33.8726],[132.9617,33.872],[132.9619,33.8717],[132.9621,33.8714],[132.9624,33.871],[132.963,33.8708],[132.9634,33.8707],[132.9636,33.8706],[132.9642,33.8703],[132.9648,33.8698],[132.9653,33.8696],[132.9663,33.8693],[132.9667,33.8693],[132.967,33.8693],[132.9675,33.8689],[132.9678,33.8688],[132.9683,33.8689],[132.9685,33.8689],[132.9689,33.8684],[132.9689,33.8681],[132.9691,33.8677],[132.9693,33.8674],[132.9698,33.8667],[132.9699,33.8665],[132.97,33.8663],[132.9704,33.8656],[132.9705,33.8653],[132.9707,33.865],[132.9707,33.8647],[132.9709,33.8645],[132.9713,33.8644],[132.9714,33.8643],[132.9714,33.8641],[132.9713,33.8638],[132.9709,33.8634],[132.9709,33.863],[132.9709,33.8622],[132.9708,33.8619],[132.9707,33.8613],[132.9706,33.8612],[132.9709,33.8608],[132.971,33.8604],[132.9715,33.8597],[132.9717,33.8594],[132.9721,33.8592],[132.9724,33.859],[132.9726,33.8589],[132.9728,33.8587],[132.9729,33.8586],[132.9733,33.8586],[132.9736,33.8588],[132.9737,33.8588],[132.9739,33.8587],[132.9739,33.8584],[132.9742,33.8579],[132.9744,33.857],[132.9745,33.8567],[132.9746,33.8561],[132.9745,33.8556],[132.9745,33.8552],[132.9744,33.8549],[132.9742,33.8548],[132.9739,33.8547],[132.9736,33.8545],[132.9735,33.8543],[132.9731,33.854],[132.9729,33.8539],[132.9729,33.8535],[132.9728,33.8533],[132.9726,33.8531],[132.9725,33.8529],[132.9724,33.8526],[132.9724,33.8522],[132.9723,33.8519],[132.972,33.8513],[132.9718,33.851],[132.9714,33.8505],[132.9713,33.8503],[132.9705,33.8499],[132.9701,33.8497],[132.9698,33.8494],[132.9696,33.8492],[132.9694,33.8489],[132.9692,33.8488],[132.9691,33.8486],[132.9688,33.8483],[132.9687,33.848],[132.9686,33.8474],[132.9685,33.8472],[132.9682,33.8468],[132.968,33.8467],[132.9678,33.8465],[132.9679,33.8461],[132.9681,33.8457],[132.9683,33.8453],[132.9687,33.8447],[132.9688,33.8442],[132.9689,33.844],[132.9691,33.8436],[132.9693,33.8432],[132.9697,33.8427],[132.9697,33.8425],[132.9695,33.8416],[132.9695,33.8413],[132.9699,33.8409],[132.9706,33.8406],[132.9708,33.8403],[132.9717,33.84],[132.972,33.8396],[132.9723,33.8391],[132.9726,33.8388],[132.9728,33.8384],[132.9727,33.8376],[132.9728,33.8374],[132.9732,33.8366],[132.9733,33.8357],[132.9734,33.8351],[132.9734,33.8344],[132.9732,33.8336],[132.9731,33.8333],[132.9732,33.8326],[132.9733,33.8323],[132.9733,33.8319],[132.9732,33.8311],[132.9731,33.8307],[132.9731,33.8304],[132.9732,33.8301],[132.974,33.8297],[132.9744,33.8296],[132.9747,33.8295],[132.975,33.8292],[132.9756,33.8292],[132.9761,33.8291],[132.9764,33.8289],[132.9765,33.8285],[132.9767,33.8283],[132.9772,33.8281],[132.9774,33.8278],[132.9781,33.8274],[132.9786,33.8276],[132.9788,33.8276],[132.9791,33.8275],[132.9795,33.8274],[132.9797,33.8274],[132.9796,33.827],[132.9796,33.8268],[132.9798,33.8265],[132.9797,33.8263],[132.9795,33.8259],[132.9795,33.8256],[132.9798,33.8252],[132.9799,33.8248],[132.9802,33.824],[132.9805,33.8233],[132.9808,33.823],[132.9811,33.8223],[132.9808,33.8217],[132.9808,33.8215],[132.9809,33.821],[132.9814,33.8202],[132.9816,33.82],[132.982,33.8199],[132.9827,33.8193],[132.9828,33.819],[132.983,33.8185],[132.983,33.818],[132.9826,33.8171],[132.9826,33.8169],[132.9827,33.8167],[132.9836,33.8153],[132.9839,33.8149],[132.9835,33.8146],[132.9834,33.8145],[132.9842,33.8142],[132.9846,33.814],[132.9849,33.8137],[132.9853,33.8133],[132.9859,33.8125],[132.9861,33.8119],[132.9862,33.8119],[132.9864,33.8119],[132.9873,33.8117],[132.9876,33.8117],[132.988,33.8118],[132.9884,33.812],[132.9886,33.8122],[132.9889,33.8127],[132.9893,33.813],[132.9896,33.8132],[132.9903,33.8133],[132.9905,33.8134],[132.9908,33.8136],[132.9913,33.8142],[132.9917,33.815],[132.9918,33.8154],[132.992,33.8155],[132.9929,33.816],[132.9931,33.8161],[132.9941,33.8166],[132.995,33.8171],[132.9952,33.8171],[132.9954,33.8169],[132.9962,33.8163],[132.9968,33.8159],[132.9974,33.8158],[132.998,33.8158],[132.9982,33.8159],[132.9984,33.816],[132.9988,33.8164],[132.9993,33.8168],[132.9998,33.817],[133,33.817],[133.0005,33.8168],[133.0008,33.8168],[133.0011,33.8167],[133.0015,33.8165],[133.0019,33.8163],[133.0026,33.8159],[133.0031,33.8158],[133.0035,33.8158],[133.0039,33.8157],[133.0042,33.8156],[133.0048,33.8151],[133.0052,33.8149],[133.0057,33.8147],[133.0063,33.8146],[133.0065,33.8145],[133.0066,33.8142],[133.0068,33.8141],[133.0071,33.814],[133.0074,33.8142],[133.0077,33.8144],[133.008,33.8145],[133.0084,33.8146],[133.009,33.8147],[133.0092,33.8147],[133.0096,33.815],[133.0097,33.8149],[133.0099,33.8148],[133.0108,33.8145],[133.0112,33.8144],[133.0116,33.8143],[133.0121,33.8142],[133.0124,33.814],[133.0129,33.8135],[133.013,33.8133],[133.013,33.8129],[133.0125,33.8119],[133.0118,33.8107],[133.0118,33.8105],[133.0121,33.8101],[133.0123,33.8097],[133.013,33.8088],[133.0131,33.8086],[133.0133,33.8083],[133.0132,33.8079],[133.0133,33.8077],[133.0135,33.8073],[133.0135,33.8067],[133.0134,33.8064],[133.0135,33.8062],[133.0136,33.8058],[133.0134,33.8052],[133.0132,33.8048],[133.013,33.8046],[133.0129,33.8043],[133.0129,33.804],[133.0131,33.8037],[133.0132,33.8035],[133.0138,33.8032],[133.014,33.8029],[133.014,33.8026],[133.0141,33.8024],[133.0143,33.8021],[133.0155,33.8017],[133.0156,33.8016],[133.0156,33.8013],[133.0158,33.8009],[133.0161,33.8007],[133.0167,33.8001],[133.0169,33.7998],[133.0174,33.7994],[133.0175,33.799],[133.0174,33.7984],[133.0175,33.798],[133.0179,33.7976],[133.0182,33.7975],[133.0183,33.7973],[133.0184,33.7972],[133.0183,33.7968],[133.0183,33.7965],[133.0184,33.7961],[133.0185,33.7956],[133.0187,33.7951],[133.0188,33.7942],[133.019,33.7934],[133.0192,33.793],[133.0194,33.7928],[133.0198,33.7925],[133.0201,33.7921],[133.0205,33.7918],[133.021,33.7918],[133.0214,33.7917],[133.0215,33.791],[133.0216,33.7909],[133.0217,33.7902],[133.0221,33.7897],[133.0222,33.7895],[133.0221,33.7889],[133.0219,33.7884],[133.0216,33.7882],[133.0211,33.788],[133.021,33.7879],[133.0209,33.7876],[133.0211,33.7872],[133.0213,33.7866],[133.0214,33.7865],[133.0217,33.7864],[133.0222,33.7863],[133.0225,33.7862],[133.0228,33.7861],[133.0229,33.7861],[133.0231,33.7857],[133.0232,33.7856],[133.0233,33.785],[133.0233,33.7844],[133.0233,33.7838],[133.0234,33.7834],[133.0234,33.7831],[133.0232,33.783],[133.0219,33.7823],[133.0217,33.7822],[133.0214,33.7821],[133.021,33.7821],[133.0206,33.7821],[133.0204,33.782],[133.02,33.7817],[133.0197,33.7816],[133.0189,33.7814],[133.0187,33.7813],[133.0178,33.7804],[133.0175,33.7803],[133.0173,33.7802],[133.0169,33.7796],[133.0168,33.7794],[133.0168,33.7789],[133.0169,33.7786],[133.017,33.7781],[133.0171,33.7779],[133.0171,33.7777],[133.0171,33.7774],[133.017,33.7772],[133.017,33.777],[133.0174,33.7766],[133.0176,33.7763],[133.0176,33.7759],[133.0175,33.7758],[133.0174,33.7755],[133.0175,33.7753],[133.0174,33.7751],[133.0175,33.7747],[133.0177,33.7745],[133.0181,33.7742],[133.0185,33.7739],[133.0191,33.7733],[133.0191,33.7728],[133.019,33.7727],[133.0188,33.7724],[133.0186,33.7718],[133.0185,33.7713],[133.0182,33.7707],[133.0182,33.7699],[133.018,33.7696],[133.0182,33.7692],[133.0181,33.7688],[133.0181,33.7682],[133.0181,33.768],[133.0182,33.7678],[133.0187,33.7676],[133.019,33.7671],[133.0191,33.7668],[133.0192,33.7662],[133.0194,33.7659],[133.0198,33.7658],[133.02,33.7658],[133.0201,33.7655],[133.0204,33.7653],[133.0207,33.7652],[133.0211,33.7649],[133.0216,33.7646],[133.0219,33.7644],[133.0225,33.7643],[133.0229,33.7641],[133.0232,33.7639],[133.0233,33.7637],[133.0236,33.7633],[133.0238,33.7632],[133.024,33.7631],[133.0241,33.7629],[133.0242,33.7629],[133.0248,33.763],[133.0251,33.7629],[133.0254,33.7627],[133.0257,33.7624],[133.0259,33.7623],[133.0269,33.7622],[133.0287,33.7622],[133.0293,33.7623],[133.0299,33.7625],[133.0303,33.7627],[133.0308,33.7631],[133.0314,33.7634],[133.0317,33.7634],[133.0329,33.7632],[133.0335,33.7632],[133.034,33.7632],[133.0342,33.7631],[133.0346,33.7628],[133.0351,33.7622],[133.0352,33.7621],[133.0355,33.762],[133.0361,33.7617],[133.0372,33.7616],[133.0374,33.7615],[133.0376,33.7611],[133.0377,33.761],[133.0379,33.761],[133.0388,33.7609],[133.0393,33.7609],[133.0398,33.7608],[133.0405,33.7605],[133.0407,33.7605],[133.0413,33.7604],[133.0417,33.7603],[133.042,33.7602],[133.0425,33.7598],[133.0432,33.7596],[133.0434,33.7594],[133.044,33.759],[133.0441,33.7589],[133.0449,33.7589],[133.0451,33.7589],[133.0458,33.7591],[133.0465,33.7591],[133.0467,33.7591],[133.047,33.7593],[133.0476,33.7595],[133.0479,33.7596],[133.0483,33.7596],[133.0486,33.7596],[133.0494,33.7593],[133.0503,33.7589],[133.0506,33.7588],[133.0509,33.7587],[133.0513,33.7587],[133.0518,33.7588],[133.0523,33.7588],[133.0531,33.7589],[133.0536,33.7586],[133.0538,33.7584],[133.0541,33.758],[133.0544,33.7574],[133.0545,33.7573],[133.0548,33.7571],[133.0548,33.757],[133.0548,33.7567],[133.0549,33.7566],[133.0554,33.7562],[133.0559,33.7558],[133.0565,33.7557],[133.0568,33.7557],[133.0573,33.7554],[133.0577,33.7553],[133.0581,33.7552],[133.0589,33.7552],[133.0593,33.7555],[133.0595,33.7555],[133.06,33.7556],[133.0606,33.756],[133.0609,33.7561],[133.0614,33.7562],[133.0618,33.7562],[133.0624,33.756],[133.0629,33.7561],[133.0635,33.7561],[133.0642,33.7561],[133.0647,33.7562],[133.0652,33.7562],[133.0656,33.7562],[133.0663,33.7561],[133.0665,33.756],[133.0667,33.756],[133.0676,33.7562],[133.0677,33.7564],[133.0683,33.7567],[133.069,33.757],[133.0693,33.7573],[133.0694,33.7575],[133.0702,33.7575],[133.0706,33.7575],[133.0715,33.7576],[133.0718,33.7577],[133.0728,33.7584],[133.0733,33.7588],[133.0736,33.7589],[133.0748,33.7586],[133.075,33.7586],[133.0754,33.7585],[133.0762,33.7585],[133.0767,33.7584],[133.077,33.7583],[133.0773,33.7582],[133.0775,33.758],[133.0777,33.7579],[133.0783,33.7578],[133.0785,33.7578],[133.0788,33.7577],[133.0793,33.7574],[133.0798,33.7573],[133.0804,33.757],[133.0809,33.7568],[133.0813,33.7566],[133.0817,33.7565],[133.0821,33.7564],[133.0825,33.7564],[133.0829,33.7564],[133.0833,33.7564],[133.084,33.7566],[133.085,33.7566],[133.0854,33.7567],[133.0855,33.7568],[133.0861,33.7573],[133.0867,33.758],[133.0874,33.7577],[133.0879,33.7577],[133.0883,33.7576],[133.0885,33.7576],[133.089,33.7577],[133.0896,33.758],[133.0907,33.7583],[133.0909,33.7584],[133.0922,33.7583],[133.0929,33.7584],[133.0938,33.7585],[133.0942,33.7591],[133.0956,33.7603],[133.0961,33.7606],[133.0966,33.7608],[133.0969,33.761],[133.0973,33.7613],[133.098,33.7617],[133.0982,33.7619],[133.0988,33.762],[133.0995,33.7621],[133.1,33.7622],[133.1003,33.7622],[133.1006,33.7623],[133.1006,33.7624],[133.1008,33.7626],[133.101,33.763],[133.1009,33.7632],[133.1012,33.7637],[133.1013,33.7639],[133.1016,33.7654],[133.1018,33.766],[133.102,33.7665],[133.1021,33.7667],[133.1022,33.7677],[133.102,33.7685],[133.102,33.7689],[133.1021,33.7691],[133.1023,33.7692],[133.1026,33.7693],[133.1028,33.7694],[133.1035,33.7703],[133.1038,33.7707],[133.104,33.7708],[133.1043,33.7714],[133.1045,33.7717],[133.1051,33.7719],[133.1055,33.772],[133.1059,33.772],[133.1062,33.772],[133.1066,33.7721],[133.1071,33.7723],[133.1075,33.7726],[133.1079,33.7727],[133.1086,33.7728],[133.1092,33.7728],[133.1093,33.7727],[133.1097,33.7723],[133.1099,33.7721],[133.1104,33.7718],[133.1107,33.7714],[133.1112,33.7712],[133.1116,33.771],[133.1118,33.7709],[133.1119,33.7707],[133.1123,33.7701],[133.113,33.7694],[133.1135,33.7689],[133.1142,33.7684],[133.1146,33.7681],[133.1149,33.7679],[133.1152,33.7677],[133.1156,33.7672],[133.116,33.767],[133.1162,33.7669],[133.1167,33.7666],[133.1171,33.7664],[133.1174,33.7664],[133.1178,33.7665],[133.1181,33.7667],[133.1183,33.7668],[133.119,33.7667],[133.1194,33.7666],[133.1199,33.7664],[133.1203,33.7664],[133.1205,33.7665],[133.1207,33.7664],[133.121,33.7663],[133.1212,33.7662],[133.1217,33.7663],[133.1227,33.7664],[133.1231,33.7666],[133.1241,33.7671],[133.1244,33.7671],[133.1249,33.7669],[133.1258,33.7667],[133.1263,33.7666],[133.1264,33.7664],[133.1267,33.7661],[133.1272,33.7658],[133.1275,33.7658],[133.1278,33.7657],[133.1285,33.7655],[133.1292,33.7655],[133.1296,33.7655],[133.1298,33.7654],[133.1302,33.7651],[133.1307,33.765],[133.1313,33.765],[133.1318,33.7651],[133.1326,33.765],[133.1331,33.7649],[133.1335,33.7647],[133.1339,33.7642],[133.134,33.764],[133.1341,33.7637],[133.134,33.7634],[133.134,33.7627],[133.1341,33.7622],[133.1344,33.7618],[133.1348,33.7614],[133.1352,33.7611],[133.1357,33.7607],[133.1362,33.7605],[133.1368,33.7605],[133.1371,33.7604],[133.1375,33.7602],[133.138,33.7598],[133.1383,33.7595],[133.1389,33.759],[133.1395,33.7585],[133.1402,33.7581],[133.1404,33.7581],[133.1407,33.7581],[133.1413,33.758],[133.1416,33.7579],[133.1419,33.7579],[133.1424,33.7576],[133.1434,33.7572],[133.1437,33.7572],[133.1448,33.7572],[133.1455,33.7571],[133.1458,33.757],[133.1459,33.7569],[133.1463,33.7565],[133.1466,33.756],[133.147,33.7555],[133.1474,33.7553],[133.148,33.7549],[133.1483,33.7546],[133.1487,33.7542],[133.149,33.7539],[133.1496,33.7536],[133.1499,33.7535],[133.1503,33.7533],[133.1506,33.7533],[133.1514,33.7531],[133.1516,33.7529],[133.1521,33.7525],[133.1528,33.7522],[133.1534,33.752],[133.1542,33.7519],[133.1545,33.7519],[133.1548,33.7516],[133.155,33.7515],[133.1561,33.751],[133.1568,33.7508],[133.1572,33.7507],[133.1578,33.7503],[133.159,33.751],[133.16,33.7517],[133.161,33.7523],[133.1622,33.7533],[133.1628,33.7538],[133.1636,33.7542],[133.1639,33.7546],[133.164,33.7548],[133.1639,33.7551],[133.1642,33.7557],[133.1646,33.7564],[133.165,33.7566],[133.1653,33.7567],[133.1676,33.7568],[133.168,33.757],[133.1689,33.7573],[133.1693,33.7576],[133.1698,33.7575],[133.1701,33.7575],[133.1705,33.7576],[133.1709,33.7575],[133.1717,33.7577],[133.1726,33.7583],[133.173,33.7591],[133.1734,33.7593],[133.1751,33.7602],[133.1757,33.7608],[133.176,33.7618],[133.1761,33.7621],[133.1761,33.7628],[133.1762,33.7631],[133.1763,33.7633],[133.1768,33.7638],[133.1771,33.7639],[133.1783,33.7641],[133.1786,33.7642],[133.1794,33.7641],[133.1798,33.764],[133.18,33.7641],[133.1802,33.7645],[133.1804,33.765],[133.1805,33.7653],[133.1806,33.7655],[133.1808,33.7656],[133.1817,33.766],[133.1822,33.7662],[133.1826,33.7666],[133.1831,33.7673],[133.1837,33.7681],[133.1838,33.7684],[133.1836,33.7688],[133.1834,33.7691],[133.183,33.7696],[133.1828,33.77],[133.1824,33.7712],[133.1824,33.7715],[133.1828,33.7719],[133.1835,33.7726],[133.1842,33.7736],[133.1848,33.7744],[133.185,33.7746],[133.1851,33.7751],[133.1853,33.7756],[133.1859,33.7761],[133.1861,33.7764],[133.1864,33.7768],[133.1866,33.777],[133.1867,33.7771],[133.1871,33.7772],[133.1873,33.7774],[133.1873,33.7779],[133.1873,33.7782],[133.1871,33.7787],[133.1871,33.7792],[133.1871,33.7794],[133.1875,33.7799],[133.1879,33.7803],[133.188,33.7806],[133.1884,33.7817],[133.1886,33.7821],[133.1888,33.7823],[133.1896,33.7829],[133.1902,33.7833],[133.1905,33.7836],[133.1904,33.7841],[133.1904,33.7846],[133.1906,33.7851],[133.1907,33.7855],[133.1908,33.7858],[133.1904,33.7865],[133.1902,33.7868],[133.1903,33.7872],[133.1905,33.7876],[133.1907,33.7881],[133.1912,33.7896],[133.1914,33.7898],[133.1917,33.7905],[133.1921,33.7911],[133.1921,33.7914],[133.1922,33.7923],[133.1922,33.7927],[133.1924,33.793],[133.1927,33.7936],[133.1927,33.7938],[133.193,33.7939],[133.1932,33.794],[133.1936,33.794],[133.1943,33.7939],[133.1948,33.7938],[133.1951,33.7937],[133.1955,33.7937],[133.1964,33.7939],[133.1971,33.794],[133.1978,33.7939],[133.1982,33.7938],[133.1992,33.7939],[133.1998,33.7939],[133.2007,33.7941],[133.201,33.7941],[133.2015,33.7943],[133.2024,33.7945],[133.2034,33.7947],[133.2037,33.7947],[133.2044,33.7948],[133.205,33.7946],[133.2057,33.7945],[133.2061,33.7942],[133.2062,33.7937],[133.2063,33.7932],[133.2064,33.793],[133.2069,33.7927],[133.2082,33.7918],[133.2086,33.7914],[133.209,33.7907],[133.2094,33.7905],[133.2097,33.7903],[133.2098,33.7901],[133.2102,33.7897],[133.2107,33.7895],[133.2118,33.7891],[133.2123,33.7889],[133.2125,33.7886],[133.2128,33.7878],[133.2129,33.7877],[133.2137,33.7872],[133.2142,33.7869],[133.2144,33.7868],[133.2147,33.7863],[133.2155,33.7856],[133.2157,33.7853],[133.2158,33.785],[133.2159,33.7847],[133.216,33.7843],[133.2162,33.7839],[133.2165,33.7834],[133.2172,33.7826],[133.2176,33.7822],[133.2185,33.7815],[133.2189,33.7812],[133.2195,33.7807],[133.2198,33.7804],[133.2205,33.7803],[133.2212,33.7804],[133.2216,33.7805],[133.2229,33.7806],[133.2235,33.7808],[133.2237,33.781],[133.2241,33.7814],[133.2243,33.7816],[133.2248,33.7818],[133.2252,33.7825],[133.2253,33.7825],[133.2261,33.7828],[133.2267,33.7829],[133.2279,33.7832],[133.2291,33.7835],[133.2298,33.7836],[133.2305,33.7838],[133.2312,33.7839],[133.2316,33.784],[133.232,33.784],[133.2325,33.7839],[133.2328,33.7838],[133.2332,33.7835],[133.234,33.7833],[133.2342,33.7831],[133.2351,33.7829],[133.2354,33.7828],[133.2364,33.7827],[133.2366,33.7827],[133.2369,33.7827],[133.2379,33.7836],[133.2385,33.784],[133.2394,33.7844],[133.2399,33.7847],[133.2405,33.7854],[133.2414,33.7861],[133.242,33.7865],[133.2433,33.7874],[133.2435,33.7876],[133.2442,33.7881],[133.2454,33.7886],[133.2456,33.7887],[133.2459,33.7889],[133.2464,33.789],[133.2467,33.7889],[133.247,33.7887],[133.2473,33.7884],[133.2477,33.7881],[133.2496,33.7883],[133.2499,33.7883],[133.2511,33.7889],[133.2513,33.7892],[133.2515,33.7898],[133.2516,33.7899],[133.2525,33.7906],[133.2531,33.7911],[133.2536,33.7913],[133.254,33.7914],[133.2547,33.7916],[133.2549,33.7917],[133.2559,33.7924],[133.2572,33.7939],[133.2574,33.7941],[133.2574,33.7944],[133.2577,33.7956],[133.2577,33.7958],[133.2581,33.7967],[133.2583,33.7972],[133.2583,33.7976],[133.2584,33.798],[133.2586,33.7984],[133.2593,33.7992],[133.2602,33.8001],[133.2607,33.8006],[133.2609,33.8007],[133.2609,33.801],[133.2611,33.802],[133.2613,33.8027],[133.2615,33.8035],[133.2618,33.8039],[133.2619,33.8041],[133.2624,33.8046],[133.2625,33.8048],[133.2621,33.8056],[133.2618,33.8061],[133.2615,33.8065],[133.2611,33.8068],[133.2611,33.807],[133.2612,33.8079],[133.2608,33.8087],[133.2609,33.8091],[133.2609,33.8096],[133.2609,33.8099],[133.2607,33.8106],[133.2607,33.8109],[133.2608,33.8111],[133.2616,33.8117],[133.2616,33.8122],[133.2617,33.8124],[133.2626,33.8136],[133.2632,33.8142],[133.2639,33.8148],[133.2642,33.8151],[133.2646,33.816],[133.265,33.8166],[133.2652,33.8171],[133.2653,33.8185],[133.2654,33.8188],[133.2668,33.8201],[133.2675,33.8208],[133.2678,33.8212],[133.2678,33.8216],[133.2678,33.8219],[133.2674,33.8229],[133.2674,33.8232],[133.2674,33.8234],[133.2676,33.8239],[133.2678,33.8242],[133.2686,33.825],[133.2692,33.8256],[133.2703,33.8262],[133.2712,33.8266],[133.2721,33.8269],[133.2724,33.827],[133.2726,33.8271],[133.2731,33.8276],[133.2736,33.8278],[133.2742,33.828],[133.2745,33.8281],[133.2749,33.8286],[133.2756,33.8293],[133.2765,33.8301],[133.2772,33.8308],[133.2774,33.8309],[133.2772,33.8314],[133.277,33.8319],[133.2768,33.8323],[133.2763,33.833],[133.2757,33.8338],[133.2748,33.8356],[133.2746,33.8364],[133.2746,33.8367],[133.2747,33.8367],[133.2747,33.8373],[133.2746,33.8378],[133.2746,33.8381],[133.2747,33.8383],[133.275,33.8387],[133.275,33.839],[133.275,33.8391],[133.2745,33.8397],[133.2745,33.8399],[133.2746,33.8402],[133.2744,33.8409],[133.2744,33.8413],[133.2743,33.8417],[133.2737,33.8422],[133.2736,33.8423],[133.2734,33.843],[133.2734,33.8432],[133.2732,33.8435],[133.2729,33.8437],[133.2728,33.8439],[133.2728,33.8443],[133.2725,33.8447],[133.2725,33.8449],[133.2728,33.8453],[133.2728,33.8457],[133.2724,33.8462],[133.2723,33.8465],[133.2726,33.8472],[133.2728,33.8477],[133.2728,33.8479],[133.272,33.8487],[133.2716,33.8488],[133.2713,33.8489],[133.2708,33.8492],[133.2702,33.8494],[133.2697,33.8498],[133.2695,33.8499],[133.2693,33.8502],[133.2692,33.8504],[133.269,33.8509],[133.2689,33.8513],[133.2689,33.8516],[133.269,33.8523],[133.2692,33.853],[133.2695,33.8537],[133.2696,33.8539],[133.2693,33.8542],[133.2692,33.8546],[133.2687,33.8553],[133.2684,33.8559],[133.2683,33.8561],[133.2684,33.8568],[133.2683,33.857],[133.2683,33.8572],[133.268,33.8577],[133.2676,33.858],[133.2674,33.8583],[133.2673,33.8585],[133.2667,33.8587],[133.2663,33.8588],[133.2656,33.8588],[133.2651,33.8589],[133.2647,33.8589],[133.2635,33.8589],[133.2633,33.8591],[133.2628,33.8596],[133.2626,33.8597],[133.2623,33.8598],[133.2617,33.8599],[133.2614,33.8599],[133.261,33.8603],[133.2607,33.8606],[133.2597,33.8617],[133.2594,33.8618],[133.259,33.8622],[133.2585,33.8624],[133.2584,33.8626],[133.2581,33.863],[133.2579,33.8633],[133.2578,33.8635],[133.2576,33.8635],[133.2571,33.8633],[133.2568,33.8633],[133.2564,33.8634],[133.2561,33.8635],[133.2558,33.8636],[133.2554,33.8635],[133.2548,33.8636],[133.2544,33.8637],[133.254,33.8638],[133.2535,33.8638],[133.2533,33.8639],[133.2527,33.8644],[133.2521,33.8647],[133.2508,33.8651],[133.2507,33.8653],[133.2508,33.866],[133.2509,33.8662],[133.2508,33.8665],[133.2505,33.867],[133.2502,33.8676],[133.2499,33.8681],[133.2494,33.8689],[133.2493,33.8694],[133.2492,33.8696],[133.249,33.8699],[133.2485,33.8705],[133.2484,33.8708],[133.2484,33.8709],[133.2486,33.8711],[133.2487,33.8714],[133.2487,33.8716],[133.2485,33.8717],[133.2481,33.8718],[133.2479,33.8719],[133.2477,33.8722],[133.2475,33.8725],[133.2469,33.873],[133.2467,33.8733],[133.2465,33.8737],[133.2463,33.874],[133.2459,33.8742],[133.2458,33.8743],[133.246,33.8744],[133.2465,33.8746],[133.2469,33.8749],[133.2472,33.8749],[133.2474,33.8748],[133.2477,33.8747],[133.2481,33.8749],[133.2484,33.8756],[133.2487,33.8761],[133.2489,33.8762],[133.2493,33.8764],[133.2496,33.8766],[133.2501,33.8767],[133.2503,33.8766],[133.2507,33.8765],[133.2508,33.8763],[133.251,33.8761],[133.2512,33.8761],[133.2522,33.8762],[133.2528,33.8765],[133.2534,33.8767],[133.2538,33.8769],[133.2539,33.877],[133.2541,33.8775],[133.2542,33.8777],[133.2545,33.8781],[133.2545,33.8784],[133.2544,33.8789],[133.2546,33.8794],[133.2546,33.8799],[133.2546,33.8801],[133.2551,33.881],[133.2552,33.8813],[133.2552,33.8815],[133.2549,33.8819],[133.2547,33.8821],[133.2543,33.8826],[133.2542,33.8828],[133.2544,33.8829],[133.2547,33.8836],[133.2547,33.8837],[133.2539,33.8839],[133.2535,33.884],[133.2529,33.8842],[133.2527,33.8843],[133.252,33.8844],[133.2519,33.8845],[133.2519,33.885],[133.2518,33.8853],[133.2517,33.8855],[133.2517,33.8859],[133.2517,33.8863],[133.2516,33.8864],[133.251,33.8866],[133.2509,33.887],[133.2508,33.8872],[133.2505,33.8876],[133.2505,33.888],[133.2503,33.889],[133.2505,33.8902],[133.2505,33.8908],[133.2507,33.8916],[133.2508,33.892],[133.2508,33.8924],[133.2507,33.8927],[133.2507,33.8929],[133.2508,33.8934],[133.251,33.8939],[133.2509,33.8942],[133.2505,33.8946],[133.2502,33.8952],[133.25,33.8956],[133.2495,33.8966],[133.2491,33.8971],[133.2489,33.8973],[133.2485,33.8977],[133.248,33.8984],[133.2477,33.8985],[133.2474,33.8987],[133.2467,33.8992],[133.2463,33.8993],[133.246,33.8995],[133.2456,33.9002],[133.2455,33.9006],[133.2453,33.9015],[133.2454,33.9017],[133.2453,33.902],[133.2449,33.9025],[133.2448,33.9029],[133.2448,33.9032],[133.245,33.9036],[133.245,33.9043],[133.245,33.9046],[133.2448,33.9048],[133.2443,33.9053],[133.244,33.9056],[133.2433,33.9065],[133.2432,33.9068],[133.243,33.9072],[133.243,33.9074],[133.2428,33.9081],[133.2426,33.9084],[133.2425,33.9086],[133.2418,33.9089],[133.2415,33.9091],[133.2412,33.9094],[133.2407,33.9095],[133.2404,33.9096],[133.24,33.91],[133.2397,33.9103],[133.2396,33.9104],[133.2397,33.9106],[133.2397,33.9112],[133.2402,33.9119],[133.2406,33.9126],[133.2411,33.9134],[133.2412,33.9137],[133.2412,33.9139],[133.2412,33.9142],[133.2409,33.9151],[133.2413,33.9154],[133.2417,33.9159],[133.2418,33.9159],[133.2421,33.9158],[133.2424,33.9159],[133.2427,33.9159],[133.2431,33.916],[133.2434,33.916],[133.244,33.9162],[133.2449,33.9167],[133.245,33.9169],[133.2451,33.9172],[133.2452,33.9178],[133.2453,33.9184],[133.2453,33.9186],[133.2453,33.9189],[133.2455,33.919],[133.246,33.9191],[133.2465,33.9191],[133.2468,33.9192],[133.2473,33.9191],[133.2472,33.9194],[133.2469,33.9198],[133.2468,33.9203],[133.2465,33.9205],[133.2464,33.9209],[133.2458,33.9214],[133.2457,33.9216],[133.2456,33.9221],[133.2452,33.923],[133.2452,33.9233],[133.2453,33.9236],[133.2453,33.9242],[133.2454,33.9244],[133.2458,33.9245],[133.246,33.9247],[133.2459,33.9252],[133.2458,33.9259],[133.2457,33.9266],[133.2453,33.9281],[133.2447,33.9297],[133.2447,33.9299],[133.2448,33.9305],[133.2447,33.9308],[133.2444,33.9313],[133.2444,33.9316],[133.2443,33.9318],[133.2441,33.932],[133.2436,33.9325],[133.2435,33.9327],[133.2432,33.9331],[133.2427,33.9334],[133.2425,33.9336],[133.2423,33.9339],[133.2421,33.9341],[133.2417,33.9345],[133.2416,33.935],[133.2415,33.9354],[133.2414,33.9357],[133.2411,33.936],[133.2408,33.9369],[133.2406,33.938],[133.2406,33.9383],[133.2403,33.9389],[133.2398,33.9394],[133.2397,33.9396],[133.2395,33.9395],[133.2389,33.9393],[133.2384,33.939],[133.2382,33.9388],[133.238,33.9385],[133.2379,33.9383],[133.2377,33.9379],[133.2377,33.9376],[133.2376,33.9374],[133.2371,33.9373],[133.2363,33.9374],[133.2361,33.9374],[133.2353,33.9375],[133.2347,33.9376],[133.2342,33.9377],[133.2339,33.9377],[133.2338,33.9389],[133.2338,33.9395],[133.2336,33.9398],[133.2337,33.94],[133.2343,33.9406],[133.2344,33.9408],[133.2343,33.9411],[133.2341,33.9415],[133.2341,33.9417],[133.2342,33.942],[133.2345,33.9426],[133.2355,33.9438],[133.2355,33.9441],[133.2354,33.9445],[133.2354,33.9446],[133.2359,33.9453],[133.2359,33.9455],[133.2359,33.9462],[133.236,33.9466],[133.236,33.9469],[133.2359,33.9472],[133.2359,33.9479],[133.2357,33.9486],[133.2353,33.9493],[133.2349,33.9503],[133.2346,33.9511],[133.2342,33.9521],[133.2329,33.9519],[133.233,33.9517],[133.2328,33.9517],[133.231,33.9515],[133.2303,33.9515],[133.2302,33.9517],[133.2301,33.9517],[133.2293,33.9574],[133.2295,33.9554],[133.23,33.9517],[133.2299,33.9516],[133.2298,33.9514],[133.229,33.9512],[133.2288,33.9511],[133.228,33.951],[133.2255,33.9505],[133.2254,33.9504],[133.2191,33.9494],[133.219,33.9494],[133.2087,33.9477],[133.2077,33.9476],[133.1993,33.9462],[133.1996,33.9443],[133.1998,33.9429],[133.2001,33.941],[133.2006,33.9374],[133.2017,33.9375],[133.2017,33.9366],[133.2017,33.9365],[133.2013,33.9362],[133.2007,33.9361],[133.2009,33.9365],[133.2008,33.937],[133.2007,33.937],[133.2007,33.9365],[133.2005,33.9361],[133.2005,33.936],[133.2008,33.9358],[133.201,33.9359],[133.2015,33.936],[133.2017,33.9359],[133.2016,33.9357],[133.2011,33.9355],[133.2007,33.9354],[133.2005,33.9356],[133.2002,33.9356],[133.198,33.9359],[133.1971,33.9399],[133.1958,33.946],[133.1919,33.9451],[133.1917,33.9457],[133.1916,33.9457],[133.1918,33.9451],[133.1911,33.9449],[133.1912,33.9446],[133.1904,33.9444],[133.1903,33.9444],[133.19,33.9453],[133.1899,33.9452],[133.1901,33.9446],[133.1899,33.9446],[133.19,33.9442],[133.1886,33.9439],[133.1885,33.9442],[133.1887,33.9443],[133.1873,33.9482],[133.1865,33.948],[133.1862,33.9486],[133.1862,33.9488],[133.186,33.9494],[133.1859,33.9495],[133.1816,33.9484],[133.1782,33.9476],[133.1783,33.9475],[133.1788,33.9459],[133.1793,33.9447],[133.1794,33.9447],[133.1801,33.9425],[133.1803,33.9421],[133.1804,33.9419],[133.1802,33.9418],[133.1731,33.9401],[133.1729,33.9401],[133.1721,33.9399],[133.1719,33.9399],[133.171,33.9416],[133.1709,33.9416],[133.1728,33.9381],[133.1728,33.938],[133.1743,33.9353],[133.1745,33.935],[133.1757,33.9328],[133.1762,33.9319],[133.1768,33.9307],[133.1764,33.9306],[133.1763,33.9308],[133.1745,33.9302],[133.1749,33.9294],[133.1751,33.9294],[133.174,33.929],[133.1716,33.9279],[133.1717,33.9277],[133.1714,33.9276],[133.1713,33.9278],[133.1712,33.9277],[133.171,33.9279],[133.1712,33.9281],[133.17,33.9302],[133.1702,33.9303],[133.1702,33.9305],[133.1704,33.9307],[133.1704,33.9309],[133.1705,33.931],[133.171,33.931],[133.1717,33.9318],[133.1714,33.932],[133.1713,33.9324],[133.1714,33.9326],[133.1713,33.9328],[133.1711,33.9328],[133.1707,33.9334],[133.1709,33.9335],[133.1708,33.9337],[133.1706,33.9336],[133.1694,33.9359],[133.1682,33.9381],[133.1683,33.9381],[133.1677,33.9392],[133.1676,33.9391],[133.167,33.9402],[133.1669,33.9407],[133.1668,33.9406],[133.1669,33.9401],[133.1679,33.9383],[133.1679,33.9382],[133.1665,33.9376],[133.1659,33.9374],[133.1637,33.9366],[133.1636,33.9365],[133.1623,33.936],[133.1607,33.9354],[133.1598,33.9351],[133.1578,33.9343],[133.1566,33.9339],[133.1565,33.9341],[133.1557,33.9338],[133.1558,33.9336],[133.1537,33.9328],[133.1532,33.9326],[133.1516,33.932],[133.1513,33.9318],[133.14,33.9279],[133.1399,33.928],[133.1396,33.9281],[133.1382,33.9284],[133.1375,33.9285],[133.1372,33.9284],[133.1357,33.9281],[133.1356,33.928],[133.1353,33.9288],[133.1335,33.9294],[133.1334,33.9293],[133.1351,33.9287],[133.1354,33.9279],[133.1351,33.9279],[133.134,33.9275],[133.1336,33.9272],[133.1334,33.9272],[133.1331,33.9274],[133.133,33.9273],[133.1288,33.9295],[133.1288,33.9297],[133.127,33.9309],[133.1262,33.9314],[133.1259,33.9317],[133.1262,33.9336],[133.1275,33.9413],[133.1258,33.9415],[133.125,33.9408],[133.1248,33.9397],[133.1239,33.9399],[133.1237,33.94],[133.1226,33.9391],[133.1227,33.939],[133.1222,33.9385],[133.1205,33.9371],[133.1201,33.9368],[133.1201,33.9361],[133.1201,33.9344],[133.1202,33.9333],[133.1202,33.9328],[133.1196,33.933],[133.1187,33.9321],[133.1185,33.9313],[133.1182,33.9314],[133.1181,33.9313],[133.1181,33.9309],[133.1178,33.9309],[133.1181,33.9289],[133.1178,33.9288],[133.1176,33.9289],[133.1177,33.9284],[133.1186,33.9285],[133.1188,33.9271],[133.1191,33.9247],[133.119,33.9245],[133.1176,33.9253],[133.1175,33.9255],[133.1171,33.9256],[133.1168,33.9258],[133.1162,33.9264],[133.116,33.9265],[133.1145,33.9279],[133.113,33.9294],[133.1126,33.9301],[133.1123,33.9305],[133.1126,33.9308],[133.1149,33.9327],[133.1154,33.9332],[133.1157,33.933],[133.116,33.9332],[133.1157,33.9332],[133.1156,33.9333],[133.1166,33.9342],[133.1169,33.9346],[133.117,33.935],[133.117,33.9353],[133.1169,33.9358],[133.1166,33.9362],[133.1166,33.9363],[133.1164,33.9365],[133.1158,33.9368],[133.1172,33.9386],[133.1193,33.9411],[133.1176,33.9421],[133.1157,33.9432],[133.112,33.9453],[133.1078,33.9478],[133.1067,33.9465],[133.1063,33.9468],[133.1045,33.9447],[133.105,33.9444],[133.1043,33.9436],[133.104,33.9433],[133.1035,33.9426],[133.1031,33.9427],[133.1029,33.9428],[133.1012,33.9407],[133.0998,33.9407],[133.0991,33.9411],[133.0993,33.9415],[133.0993,33.9416],[133.0986,33.9423],[133.0985,33.9425],[133.0981,33.9428],[133.0977,33.9432],[133.098,33.9433],[133.0979,33.9434],[133.0976,33.9432],[133.0974,33.9432],[133.0964,33.9425],[133.0947,33.9412],[133.0936,33.9404],[133.0929,33.9409],[133.0926,33.9414],[133.0944,33.943],[133.0943,33.9431],[133.0946,33.9434],[133.0962,33.9447],[133.097,33.9454],[133.0968,33.9456],[133.0969,33.9457],[133.096,33.9465],[133.0953,33.9476],[133.0955,33.9478],[133.0961,33.9482],[133.0982,33.9464],[133.0985,33.9465],[133.0985,33.9466],[133.0982,33.9468],[133.1008,33.949],[133.0982,33.9469],[133.0972,33.9478],[133.0952,33.9495],[133.0951,33.9493],[133.0939,33.9484],[133.0939,33.9483],[133.0924,33.9475],[133.089,33.9458],[133.0886,33.9456],[133.0883,33.9454],[133.0878,33.946],[133.087,33.947],[133.0868,33.9473],[133.0865,33.9479],[133.087,33.9481],[133.087,33.9482],[133.0865,33.9479],[133.0862,33.9484],[133.086,33.9483],[133.0859,33.9484],[133.0867,33.9486],[133.0868,33.9487],[133.0874,33.9489],[133.0878,33.9491],[133.088,33.9491],[133.0882,33.9492],[133.0881,33.9497],[133.0881,33.9499],[133.0883,33.95],[133.0887,33.9503],[133.0889,33.9504],[133.0889,33.9505],[133.0882,33.951],[133.0879,33.9514],[133.0872,33.9519],[133.0869,33.9523],[133.0867,33.9526],[133.0867,33.9527],[133.0869,33.9529],[133.087,33.9531],[133.0866,33.9536],[133.0867,33.9538],[133.0866,33.9539],[133.0863,33.9542],[133.0859,33.9546],[133.0857,33.9549],[133.0854,33.9555],[133.0852,33.9559],[133.0851,33.9562],[133.0862,33.9559],[133.0864,33.9558],[133.0867,33.9557],[133.0868,33.9559],[133.0869,33.9564],[133.0865,33.9567],[133.0865,33.9568],[133.0868,33.9568],[133.0867,33.957],[133.0869,33.9573],[133.0867,33.9575],[133.0866,33.9575],[133.0864,33.9575],[133.0859,33.9572],[133.0859,33.9574],[133.0861,33.9577],[133.0861,33.9579],[133.0858,33.9579],[133.0857,33.9573],[133.0854,33.957],[133.0852,33.9575],[133.085,33.9575],[133.0848,33.9576],[133.0845,33.9579],[133.0842,33.958],[133.0833,33.9587],[133.0814,33.9601],[133.0804,33.9609],[133.0796,33.9617],[133.0785,33.9628],[133.0784,33.963],[133.0761,33.9653],[133.0739,33.9675],[133.0736,33.9676],[133.0733,33.968],[133.0736,33.9682],[133.0738,33.9685],[133.0739,33.9687],[133.074,33.9689],[133.0739,33.9692],[133.0738,33.9694],[133.0728,33.9705],[133.0715,33.9719],[133.0718,33.9721],[133.0713,33.9726],[133.0713,33.9725],[133.0716,33.9722],[133.0709,33.9717],[133.071,33.9716],[133.0702,33.9712],[133.069,33.9725],[133.0695,33.9729],[133.0705,33.9718],[133.0705,33.9719],[133.0695,33.973],[133.0697,33.9731],[133.0698,33.973],[133.0705,33.9734],[133.0705,33.9736],[133.0701,33.9734],[133.0686,33.9751],[133.0685,33.9752],[133.0682,33.9754],[133.0679,33.9753],[133.0676,33.9752],[133.0647,33.9736],[133.0644,33.9739],[133.0637,33.9742],[133.0632,33.9747],[133.063,33.9749],[133.0626,33.9754],[133.0626,33.9756],[133.0625,33.9757],[133.062,33.9763],[133.0617,33.9769],[133.0613,33.9778],[133.0613,33.978],[133.0615,33.9781],[133.0612,33.9788],[133.0611,33.9791],[133.0613,33.9793],[133.0618,33.9795],[133.0619,33.9797],[133.0622,33.9798],[133.0623,33.98],[133.0623,33.9805],[133.0626,33.9808],[133.063,33.9809],[133.0632,33.9811],[133.0634,33.9811],[133.064,33.9811],[133.0643,33.9812],[133.0644,33.9812],[133.0648,33.9813],[133.065,33.9815],[133.065,33.9819],[133.0652,33.9822],[133.0654,33.9822],[133.0655,33.9822],[133.066,33.9822],[133.0663,33.9825],[133.0664,33.9825],[133.0666,33.9827],[133.0657,33.9827],[133.0654,33.9826],[133.0646,33.9824],[133.0641,33.9823],[133.0638,33.9823],[133.0632,33.9824],[133.0624,33.9825],[133.0619,33.9826],[133.0616,33.9826],[133.0613,33.9823],[133.061,33.9821],[133.0606,33.9821],[133.0602,33.9821],[133.0596,33.9821],[133.0588,33.9821],[133.058,33.9821],[133.0573,33.9819],[133.0568,33.9817],[133.0565,33.9814],[133.0562,33.9813],[133.0559,33.9813],[133.0556,33.9813],[133.0553,33.9813],[133.0545,33.9818],[133.0542,33.982],[133.0537,33.982],[133.0529,33.9817],[133.0526,33.9814],[133.0524,33.9814],[133.0522,33.9815],[133.052,33.9814],[133.0518,33.9813],[133.0513,33.9805],[133.051,33.9803],[133.0505,33.9801],[133.0496,33.98],[133.0492,33.98],[133.0483,33.9797],[133.0479,33.9796],[133.0475,33.9792],[133.0472,33.9791],[133.0459,33.979],[133.0454,33.9789],[133.0448,33.9786],[133.0443,33.9782],[133.0441,33.9782],[133.0437,33.9781],[133.0432,33.9782],[133.0428,33.9781],[133.042,33.9779],[133.0415,33.9777],[133.0414,33.9776],[133.0414,33.9772],[133.0415,33.9768],[133.0414,33.9765],[133.0412,33.9764],[133.0405,33.9761],[133.0398,33.9759],[133.0396,33.9758],[133.0395,33.9756],[133.0394,33.9751],[133.0391,33.9742],[133.0391,33.974],[133.0395,33.9731],[133.0395,33.9729],[133.0394,33.9727],[133.039,33.9719],[133.0389,33.9716],[133.0389,33.9713],[133.0391,33.9709],[133.0394,33.9704],[133.0395,33.9702],[133.0401,33.9699],[133.0404,33.9697],[133.0405,33.9695],[133.0407,33.9686],[133.0407,33.9683],[133.0408,33.9678],[133.0407,33.9676],[133.0404,33.9675],[133.0398,33.9674],[133.0392,33.9672],[133.0384,33.9668],[133.0381,33.9667],[133.0378,33.9666],[133.0377,33.9665],[133.0377,33.966],[133.0377,33.9658],[133.0375,33.9657],[133.0373,33.9655],[133.037,33.9653],[133.0367,33.965],[133.0365,33.9646],[133.0365,33.9644],[133.0366,33.9639],[133.0365,33.9636],[133.0361,33.9634],[133.0354,33.9632],[133.0352,33.963],[133.0351,33.9628],[133.035,33.9625],[133.0351,33.9614],[133.0351,33.961],[133.0352,33.9607],[133.0356,33.9602],[133.0355,33.9601],[133.0353,33.9601],[133.0349,33.9601],[133.0344,33.9603],[133.0341,33.9605],[133.0338,33.9605],[133.0333,33.9604],[133.0324,33.9604],[133.032,33.9604],[133.0316,33.9606],[133.0312,33.9608],[133.0306,33.9609],[133.0301,33.9607],[133.0299,33.9607],[133.0295,33.9607],[133.0288,33.961],[133.0285,33.9612],[133.0281,33.9613],[133.0276,33.9613],[133.0271,33.9614],[133.0267,33.9615],[133.0264,33.9617],[133.026,33.962],[133.0255,33.9624],[133.0251,33.9625],[133.0245,33.9626],[133.0241,33.9626],[133.0239,33.9626],[133.0235,33.962],[133.0233,33.9615],[133.0232,33.961],[133.0231,33.9608],[133.0222,33.9606],[133.022,33.9606],[133.0215,33.9607],[133.0212,33.9608],[133.0205,33.9608],[133.0203,33.9609],[133.02,33.961],[133.0197,33.9612],[133.0188,33.9614],[133.0183,33.9618],[133.0179,33.9619],[133.0177,33.9616],[133.0176,33.9607],[133.0175,33.9604],[133.0173,33.9599],[133.0172,33.959],[133.0171,33.9588],[133.0169,33.9585],[133.0164,33.9581],[133.0162,33.9579],[133.0156,33.9574],[133.0154,33.9573],[133.0151,33.9574],[133.014,33.9576],[133.0135,33.9577],[133.013,33.9577],[133.0127,33.9577],[133.0122,33.9574],[133.0119,33.9573],[133.0114,33.957],[133.0111,33.9568],[133.0107,33.9564],[133.0104,33.9561],[133.0098,33.9555],[133.0093,33.9552],[133.0085,33.9549],[133.0081,33.9547],[133.0079,33.9547],[133.0078,33.9548],[133.0071,33.9557],[133.0066,33.9563],[133.0063,33.9569],[133.006,33.9573],[133.0058,33.9575],[133.0055,33.9579],[133.0053,33.958],[133.0051,33.958],[133.0048,33.958],[133.0036,33.9581],[133.0034,33.9579],[133.003,33.9573],[133.0027,33.9571],[133.0024,33.9569],[133.0021,33.9567],[133.0015,33.9566],[133.0008,33.9565],[133.0002,33.9566],[132.9999,33.9566],[132.9995,33.9564],[132.9987,33.9561],[132.9974,33.9557],[132.9969,33.9556],[132.9954,33.9562],[132.9946,33.9565],[132.9943,33.9564],[132.994,33.9563],[132.9937,33.9564],[132.9923,33.9565],[132.9917,33.9567],[132.9914,33.9569],[132.9912,33.9569],[132.9909,33.957],[132.9906,33.9568],[132.9899,33.9566],[132.9892,33.9563],[132.9889,33.956],[132.9884,33.9558],[132.9874,33.9555],[132.987,33.9554],[132.9868,33.9553],[132.9867,33.9551],[132.9868,33.9549],[132.9869,33.9543],[132.987,33.9539],[132.9869,33.9537],[132.9867,33.9536],[132.9863,33.9535],[132.986,33.9532],[132.9858,33.953],[132.9853,33.9528],[132.9849,33.9521],[132.9846,33.9518],[132.9843,33.9515],[132.984,33.9512],[132.9838,33.951],[132.9835,33.9509],[132.9829,33.9506],[132.9822,33.9503],[132.9817,33.9501],[132.9812,33.9498],[132.9808,33.9495],[132.9805,33.9493],[132.98,33.9492],[132.9797,33.9491],[132.9794,33.9487],[132.9791,33.9486],[132.9786,33.9484],[132.9786,33.9478],[132.9787,33.9476],[132.9788,33.9474],[132.9789,33.9471],[132.9788,33.9469],[132.9787,33.9467],[132.9783,33.9463],[132.9778,33.9458],[132.9773,33.9451],[132.9773,33.9449],[132.9774,33.9446],[132.9775,33.9444],[132.9778,33.944],[132.9778,33.9437],[132.9778,33.9435],[132.9777,33.9431],[132.9777,33.9427],[132.9778,33.9424],[132.9781,33.9419],[132.9782,33.9416],[132.9785,33.9411],[132.9787,33.9409],[132.9788,33.9407],[132.9789,33.9405],[132.9787,33.9402],[132.9784,33.9399],[132.9782,33.9397],[132.978,33.9391],[132.9779,33.9389],[132.9776,33.9387],[132.9774,33.9384],[132.9773,33.9382],[132.9773,33.9377],[132.9774,33.9374],[132.9777,33.9371],[132.9777,33.9369],[132.9777,33.9367],[132.9776,33.9364],[132.9771,33.936],[132.9767,33.9359],[132.9763,33.9358],[132.9756,33.9357],[132.975,33.9354],[132.975,33.935],[132.975,33.934],[132.9749,33.9336],[132.975,33.9334],[132.9752,33.9332],[132.9755,33.9328],[132.9755,33.9325],[132.9755,33.9318],[132.9756,33.9312],[132.9756,33.9306],[132.9758,33.9302],[132.9759,33.9298],[132.9758,33.9296],[132.9756,33.9293],[132.9752,33.9289],[132.9751,33.9287],[132.9751,33.9283],[132.9752,33.928],[132.9753,33.927],[132.9754,33.9269],[132.9757,33.9262],[132.9757,33.9259],[132.9755,33.9256],[132.9749,33.9255],[132.9747,33.9254],[132.9743,33.9252],[132.974,33.9247],[132.9738,33.9236],[132.9738,33.9234],[132.9736,33.9233],[132.9735,33.923],[132.9738,33.9226],[132.974,33.9223],[132.9742,33.922],[132.9743,33.9216],[132.9743,33.9214],[132.9741,33.9207],[132.9742,33.9205],[132.9744,33.9203],[132.9748,33.92],[132.9751,33.9196],[132.9751,33.9191],[132.9748,33.9187],[132.9749,33.9175],[132.9749,33.9172],[132.975,33.9169],[132.975,33.9166],[132.9749,33.9162],[132.975,33.9158],[132.9749,33.9156],[132.9742,33.9151],[132.9741,33.9149],[132.9742,33.9148],[132.9747,33.9143],[132.975,33.9139],[132.9753,33.9137],[132.9754,33.9135],[132.9756,33.9131],[132.9757,33.9128],[132.9757,33.9123],[132.9757,33.9121],[132.9755,33.9119],[132.9755,33.9117],[132.9755,33.9115],[132.9756,33.9111],[132.9751,33.9107],[132.9743,33.9106],[132.974,33.9105],[132.9738,33.9103],[132.9737,33.9101],[132.9737,33.9097],[132.9738,33.9093],[132.9738,33.909],[132.9739,33.9087],[132.974,33.9084],[132.9738,33.908],[132.9736,33.9074],[132.9736,33.9071],[132.9735,33.9068],[132.9733,33.9065],[132.9728,33.9062],[132.9724,33.9059],[132.9721,33.9058],[132.9715,33.9054],[132.9713,33.9053],[132.9706,33.9052],[132.9704,33.9052],[132.97,33.9055],[132.9694,33.9057],[132.9689,33.9061],[132.9683,33.9064],[132.9681,33.9065],[132.9679,33.9065],[132.9675,33.9065],[132.9671,33.9063],[132.9667,33.9062],[132.9664,33.9062],[132.9662,33.9064],[132.9659,33.9066],[132.9656,33.9068],[132.9654,33.9068],[132.9652,33.9066],[132.9649,33.9065],[132.9648,33.9065],[132.9645,33.9066],[132.9643,33.9065],[132.9641,33.9063],[132.964,33.9059],[132.9639,33.9055],[132.9637,33.9055],[132.9632,33.9055],[132.9629,33.9054],[132.9624,33.9052],[132.9623,33.9051],[132.9622,33.9045],[132.9619,33.9042],[132.9615,33.9036],[132.9614,33.9033],[132.9611,33.903],[132.9608,33.9028],[132.9603,33.9027],[132.9601,33.9027]],[[133.0737,33.9731],[133.0738,33.9725],[133.0737,33.9725],[133.0737,33.9731]],[[133.0878,33.9526],[133.0875,33.9527],[133.0875,33.9528],[133.0876,33.9529],[133.0878,33.9526]],[[133.0869,33.9544],[133.087,33.9545],[133.0871,33.9542],[133.0871,33.9539],[133.087,33.9539],[133.087,33.9542],[133.0869,33.9544]],[[133.1021,33.95],[133.1017,33.9497],[133.1009,33.9494],[133.1016,33.9497],[133.1043,33.9519],[133.1044,33.952],[133.1055,33.9529],[133.1044,33.952],[133.1044,33.9519],[133.1021,33.95]],[[133.1083,33.9552],[133.1079,33.9549],[133.1069,33.954],[133.1055,33.9535],[133.1068,33.9541],[133.1079,33.9549],[133.1098,33.9565],[133.1108,33.957],[133.1108,33.9569],[133.1099,33.9565],[133.1083,33.9552]],[[133.1121,33.955],[133.1122,33.9539],[133.1122,33.953],[133.1147,33.9516],[133.1146,33.9515],[133.1121,33.953],[133.112,33.955],[133.1121,33.955]],[[133.1667,33.9408],[133.1654,33.9416],[133.1667,33.9409],[133.1667,33.9408]]]},"properties":{"N03_001":"愛媛県","N03_002":"","N03_003":"","N03_004":"西条市","N03_007":"38206"}},
{"type":"Feature","geometry":{"type":"Polygon","coordinates":[[[132.4253,33.5516],[132.4258,33.5515],[132.4263,33.5515],[132.4266,33.5514],[132.4273,33.5514],[132.4277,33.5514],[132.4284,33.5512],[132.4289,33.5511],[132.429,33.5511],[132.4294,33.551],[132.4295,33.5509],[132.4295,33.5507],[132.4295,33.5503],[132.4294,33.55],[132.4292,33.5496],[132.4291,33.5492],[132.4289,33.5487],[132.4289,33.5483],[132.4289,33.548],[132.4289,33.5477],[132.429,33.5473],[132.429,33.547],[132.429,33.5467],[132.429,33.5464],[132.4291,33.5459],[132.4291,33.5458],[132.4289,33.5449],[132.4287,33.5442],[132.4286,33.5437],[132.4286,33.5432],[132.4281,33.5423],[132.4279,33.5418],[132.4279,33.5417],[132.4277,33.5413],[132.4277,33.5412],[132.4279,33.5409],[132.4279,33.5405],[132.4279,33.5402],[132.4281,33.54],[132.4284,33.5398],[132.4287,33.5395],[132.4291,33.5393],[132.4293,33.5391],[132.4298,33.5388],[132.4305,33.5383],[132.4311,33.5379],[132.4313,33.5378],[132.4315,33.5376],[132.4318,33.5372],[132.4319,33.5371],[132.4321,33.5369],[132.4324,33.5368],[132.4328,33.5368],[132.4333,33.5367],[132.4335,33.5367],[132.4336,33.5367],[132.4337,33.5366],[132.4342,33.5361],[132.4347,33.5357],[132.4349,33.5356],[132.4351,33.5356],[132.4354,33.5356],[132.4356,33.5356],[132.4358,33.5354],[132.4361,33.5351],[132.4365,33.5346],[132.4366,33.5344],[132.4368,33.5342],[132.4373,33.5338],[132.4378,33.5339],[132.4383,33.534],[132.4386,33.5341],[132.4398,33.5344],[132.4401,33.5345],[132.4405,33.5347],[132.4409,33.5348],[132.4412,33.5348],[132.4414,33.5348],[132.4416,33.5348],[132.4417,33.5348],[132.4419,33.5349],[132.4421,33.535],[132.4427,33.5351],[132.4432,33.5352],[132.4439,33.5351],[132.4444,33.5352],[132.445,33.5354],[132.446,33.5356],[132.4466,33.5357],[132.447,33.5357],[132.4475,33.5356],[132.448,33.5356],[132.4481,33.5356],[132.4487,33.5356],[132.4493,33.5357],[132.4495,33.5351],[132.4497,33.5347],[132.45,33.5342],[132.4504,33.5337],[132.4507,33.5334],[132.4507,33.5333],[132.4509,33.5332],[132.4512,33.533],[132.4516,33.5328],[132.4519,33.5327],[132.4519,33.5325],[132.4521,33.5324],[132.4524,33.5323],[132.4525,33.5321],[132.4527,33.5318],[132.4531,33.5316],[132.4535,33.5316],[132.454,33.5317],[132.4542,33.5316],[132.4544,33.5316],[132.4546,33.5315],[132.4548,33.5313],[132.455,33.5313],[132.4551,33.5313],[132.4553,33.5313],[132.4555,33.5313],[132.4556,33.5315],[132.4557,33.5316],[132.4558,33.5317],[132.4559,33.5318],[132.4562,33.532],[132.4564,33.532],[132.4566,33.5321],[132.4569,33.5324],[132.4572,33.5325],[132.4575,33.5326],[132.4579,33.5328],[132.4583,33.5329],[132.4583,33.533],[132.4588,33.5331],[132.459,33.5333],[132.4591,33.5336],[132.4593,33.5337],[132.4598,33.5338],[132.4604,33.534],[132.4607,33.534],[132.461,33.5341],[132.4614,33.5342],[132.4617,33.5344],[132.4619,33.5345],[132.4622,33.5345],[132.4629,33.5346],[132.4637,33.5347],[132.4648,33.5348],[132.4654,33.5349],[132.4658,33.535],[132.4664,33.5344],[132.4667,33.5341],[132.467,33.5338],[132.4671,33.5335],[132.4673,33.5333],[132.4674,33.5331],[132.4676,33.533],[132.4678,33.5329],[132.4682,33.5327],[132.4685,33.5324],[132.4689,33.532],[132.4693,33.5317],[132.4696,33.5313],[132.4698,33.5311],[132.4698,33.5308],[132.4698,33.5303],[132.4697,33.5298],[132.4697,33.5295],[132.4698,33.5292],[132.47,33.5288],[132.4703,33.5284],[132.4703,33.5283],[132.4704,33.5281],[132.4703,33.528],[132.4702,33.5279],[132.4701,33.5277],[132.4701,33.5275],[132.4701,33.5274],[132.4701,33.5269],[132.4701,33.5267],[132.4701,33.5263],[132.4701,33.526],[132.4701,33.5258],[132.4702,33.5256],[132.4705,33.5254],[132.4707,33.5253],[132.4713,33.5251],[132.4714,33.525],[132.4725,33.5247],[132.4726,33.5246],[132.4729,33.5246],[132.4732,33.5246],[132.4738,33.5246],[132.4741,33.5247],[132.4743,33.5247],[132.4749,33.5247],[132.475,33.5247],[132.4754,33.5248],[132.4756,33.5248],[132.4759,33.5248],[132.476,33.5247],[132.4766,33.5244],[132.477,33.5242],[132.4773,33.5241],[132.4777,33.524],[132.4782,33.5238],[132.4783,33.5238],[132.4784,33.5237],[132.4789,33.5236],[132.4791,33.5235],[132.4798,33.523],[132.48,33.5227],[132.4803,33.5225],[132.4804,33.5222],[132.4805,33.5219],[132.4806,33.5218],[132.4806,33.5217],[132.4811,33.5213],[132.4816,33.5209],[132.4818,33.5208],[132.4821,33.5206],[132.4824,33.5203],[132.4824,33.5201],[132.4823,33.52],[132.4821,33.5198],[132.4818,33.5196],[132.4817,33.5195],[132.4812,33.5191],[132.4811,33.519],[132.4809,33.5186],[132.4807,33.5182],[132.4806,33.518],[132.4805,33.5179],[132.4804,33.5178],[132.4802,33.5178],[132.4801,33.5177],[132.4801,33.5175],[132.4801,33.5174],[132.4803,33.517],[132.4803,33.5169],[132.4803,33.5167],[132.4803,33.5166],[132.4804,33.516],[132.4805,33.5157],[132.4805,33.5155],[132.4805,33.5154],[132.4803,33.5143],[132.48,33.5141],[132.4799,33.5141],[132.4796,33.5138],[132.4794,33.5136],[132.4793,33.5133],[132.4793,33.5132],[132.4793,33.513],[132.4794,33.5128],[132.4794,33.5123],[132.4795,33.5118],[132.4796,33.5115],[132.4798,33.5112],[132.4798,33.5111],[132.4798,33.5109],[132.4797,33.5106],[132.4795,33.5104],[132.4794,33.5102],[132.4792,33.5099],[132.4789,33.5092],[132.4786,33.5086],[132.4786,33.5084],[132.4785,33.5083],[132.4785,33.5082],[132.4786,33.5082],[132.4789,33.508],[132.4791,33.5079],[132.4792,33.5078],[132.4793,33.5074],[132.4793,33.5071],[132.4792,33.5068],[132.4791,33.5065],[132.479,33.5064],[132.4789,33.5064],[132.4787,33.5062],[132.4787,33.5061],[132.4786,33.5059],[132.4785,33.5057],[132.4784,33.5056],[132.478,33.5056],[132.4776,33.5056],[132.4769,33.5058],[132.4767,33.5057],[132.4764,33.5056],[132.4762,33.5056],[132.476,33.5056],[132.4756,33.5055],[132.4753,33.5056],[132.475,33.5057],[132.4748,33.5057],[132.4744,33.5058],[132.4742,33.5058],[132.4741,33.5058],[132.474,33.5057],[132.474,33.5055],[132.474,33.5053],[132.4739,33.5052],[132.4738,33.5051],[132.4735,33.5051],[132.473,33.5051],[132.4726,33.5053],[132.4725,33.5054],[132.4723,33.5054],[132.4722,33.5054],[132.472,33.5054],[132.4717,33.5053],[132.4713,33.5053],[132.4712,33.5052],[132.4711,33.505],[132.471,33.5048],[132.471,33.5044],[132.4708,33.5042],[132.4706,33.504],[132.4701,33.5033],[132.47,33.5031],[132.4698,33.5028],[132.4696,33.5026],[132.4696,33.5024],[132.4695,33.5023],[132.4694,33.502],[132.4693,33.5019],[132.4692,33.5019],[132.4689,33.5019],[132.4684,33.502],[132.4682,33.5021],[132.4679,33.5021],[132.4675,33.502],[132.4672,33.502],[132.4669,33.502],[132.4668,33.5019],[132.4667,33.5018],[132.4665,33.5016],[132.4664,33.5013],[132.4662,33.5008],[132.4662,33.5004],[132.4661,33.5],[132.4659,33.4996],[132.4658,33.4993],[132.4658,33.499],[132.4658,33.4988],[132.4657,33.4983],[132.4657,33.498],[132.4656,33.4977],[132.4657,33.4976],[132.4658,33.4975],[132.4659,33.4973],[132.4659,33.4972],[132.4659,33.497],[132.4658,33.4969],[132.4656,33.4964],[132.4653,33.4959],[132.4652,33.4957],[132.4652,33.4954],[132.4652,33.4953],[132.4652,33.4951],[132.4652,33.495],[132.4651,33.4944],[132.4651,33.4941],[132.465,33.4939],[132.4649,33.4936],[132.4648,33.4935],[132.4646,33.4933],[132.4643,33.493],[132.464,33.4927],[132.4639,33.4926],[132.4637,33.4924],[132.4636,33.4923],[132.4635,33.492],[132.4634,33.4918],[132.4633,33.4917],[132.4632,33.4916],[132.463,33.4914],[132.4627,33.491],[132.4623,33.4905],[132.4621,33.4903],[132.4619,33.4902],[132.4619,33.4901],[132.4618,33.4898],[132.4616,33.4894],[132.4616,33.4892],[132.4616,33.489],[132.4618,33.4888],[132.4618,33.4885],[132.4619,33.4884],[132.462,33.4881],[132.4622,33.4879],[132.4623,33.4879],[132.4624,33.4878],[132.4626,33.4877],[132.4633,33.4877],[132.4635,33.4877],[132.464,33.4875],[132.4644,33.4872],[132.4647,33.4871],[132.4649,33.487],[132.4651,33.4868],[132.4652,33.4867],[132.4652,33.4866],[132.4653,33.4864],[132.4656,33.4861],[132.4658,33.4859],[132.4659,33.4858],[132.4663,33.4856],[132.4666,33.4854],[132.4667,33.4854],[132.4668,33.4852],[132.4673,33.4847],[132.4678,33.4841],[132.468,33.4838],[132.4683,33.4835],[132.4684,33.4833],[132.4685,33.4832],[132.4686,33.4829],[132.4686,33.4826],[132.4688,33.4823],[132.469,33.4821],[132.4691,33.482],[132.4693,33.4819],[132.4695,33.4819],[132.4695,33.482],[132.47,33.4821],[132.4703,33.4822],[132.4705,33.4823],[132.4708,33.4822],[132.471,33.4822],[132.4712,33.4822],[132.4715,33.4825],[132.4718,33.4827],[132.4721,33.4828],[132.4726,33.483],[132.4727,33.4831],[132.473,33.4833],[132.4731,33.4834],[132.4734,33.4837],[132.4735,33.4837],[132.4739,33.4836],[132.474,33.4835],[132.4742,33.4834],[132.4743,33.4833],[132.4744,33.4833],[132.4748,33.4833],[132.475,33.4833],[132.4751,33.4833],[132.4752,33.4833],[132.4754,33.4835],[132.4756,33.4836],[132.4757,33.4836],[132.476,33.4836],[132.4762,33.4836],[132.4764,33.4835],[132.4767,33.4834],[132.4768,33.4833],[132.4769,33.4832],[132.4771,33.4831],[132.4773,33.4831],[132.4776,33.483],[132.4777,33.4829],[132.4779,33.4829],[132.4781,33.483],[132.4783,33.483],[132.4784,33.4831],[132.4786,33.4831],[132.4788,33.4831],[132.4789,33.483],[132.479,33.483],[132.4792,33.4831],[132.4793,33.4831],[132.4794,33.4833],[132.4796,33.4835],[132.4796,33.4836],[132.4797,33.4836],[132.4798,33.4836],[132.48,33.4835],[132.4801,33.4834],[132.4801,33.4833],[132.4802,33.4833],[132.4804,33.4832],[132.4807,33.4832],[132.4808,33.4831],[132.481,33.4831],[132.4813,33.4831],[132.4819,33.4833],[132.4821,33.4834],[132.4824,33.4834],[132.4826,33.4833],[132.4827,33.4833],[132.4831,33.4831],[132.4833,33.4831],[132.4835,33.4831],[132.4837,33.4831],[132.4839,33.483],[132.4841,33.4829],[132.4843,33.4828],[132.4844,33.4826],[132.4845,33.4825],[132.4846,33.4824],[132.4847,33.4824],[132.4849,33.4825],[132.4852,33.4825],[132.4858,33.4825],[132.4859,33.4824],[132.486,33.4823],[132.4861,33.4821],[132.4863,33.4819],[132.4864,33.4818],[132.4867,33.4817],[132.4871,33.4816],[132.4876,33.4815],[132.4879,33.4814],[132.4881,33.4812],[132.4882,33.4812],[132.4883,33.481],[132.4884,33.481],[132.4884,33.4809],[132.4885,33.4806],[132.4884,33.4804],[132.4884,33.4802],[132.4883,33.48],[132.488,33.4797],[132.4877,33.4794],[132.4874,33.4791],[132.4872,33.4789],[132.4871,33.4788],[132.4871,33.4787],[132.4871,33.4784],[132.4871,33.4782],[132.487,33.478],[132.4869,33.4776],[132.4869,33.4775],[132.4865,33.4771],[132.4863,33.4769],[132.4863,33.4768],[132.4862,33.4768],[132.4861,33.4767],[132.4861,33.4765],[132.4861,33.4764],[132.4862,33.4763],[132.4863,33.4762],[132.4865,33.476],[132.4867,33.4759],[132.4869,33.4758],[132.4872,33.4758],[132.4874,33.4758],[132.4876,33.4757],[132.4878,33.4754],[132.4879,33.4753],[132.4881,33.4753],[132.4883,33.4753],[132.4889,33.4753],[132.489,33.4752],[132.4891,33.4751],[132.4891,33.475],[132.4892,33.4749],[132.4895,33.4747],[132.4898,33.4744],[132.4899,33.4744],[132.4902,33.4741],[132.4904,33.4738],[132.4906,33.4736],[132.4907,33.4734],[132.4909,33.473],[132.4912,33.4728],[132.4915,33.4727],[132.4917,33.4726],[132.492,33.4725],[132.4922,33.4724],[132.4926,33.4724],[132.4932,33.4723],[132.4934,33.4723],[132.4936,33.4723],[132.4937,33.4723],[132.4938,33.4724],[132.4941,33.4725],[132.4945,33.4725],[132.4947,33.4725],[132.4948,33.4725],[132.495,33.4725],[132.4951,33.4724],[132.4955,33.4722],[132.4956,33.472],[132.4957,33.4719],[132.4958,33.4717],[132.4958,33.4714],[132.4959,33.4712],[132.4959,33.471],[132.4961,33.4709],[132.4963,33.4709],[132.4963,33.4708],[132.4965,33.4706],[132.4967,33.4703],[132.4967,33.4701],[132.4969,33.47],[132.4972,33.4697],[132.4974,33.4696],[132.4975,33.4695],[132.4977,33.4694],[132.4981,33.4688],[132.4986,33.4681],[132.4987,33.4679],[132.4987,33.4677],[132.4985,33.4674],[132.4983,33.4671],[132.4983,33.4668],[132.4982,33.4667],[132.4982,33.4665],[132.4982,33.4663],[132.4982,33.4661],[132.498,33.466],[132.4975,33.4657],[132.4974,33.4656],[132.4973,33.4654],[132.4973,33.4652],[132.4974,33.4651],[132.4975,33.465],[132.4978,33.4648],[132.4979,33.4646],[132.498,33.4644],[132.498,33.4642],[132.4978,33.4639],[132.4976,33.4638],[132.4975,33.4636],[132.4974,33.4635],[132.4974,33.4633],[132.4973,33.4631],[132.4972,33.4629],[132.4971,33.4628],[132.4968,33.4628],[132.4967,33.4627],[132.4964,33.4625],[132.4962,33.4622],[132.4961,33.462],[132.4961,33.4619],[132.4961,33.4618],[132.4962,33.4616],[132.4964,33.4615],[132.4965,33.4613],[132.4966,33.4611],[132.4967,33.461],[132.4968,33.4608],[132.497,33.4607],[132.497,33.4606],[132.4971,33.4603],[132.4971,33.46],[132.497,33.4598],[132.497,33.4596],[132.497,33.4595],[132.497,33.4593],[132.4972,33.459],[132.4975,33.4585],[132.4976,33.4583],[132.4978,33.4581],[132.498,33.4578],[132.4981,33.4575],[132.4982,33.4573],[132.4983,33.457],[132.4986,33.4567],[132.4992,33.4561],[132.4993,33.456],[132.4992,33.4558],[132.4991,33.4557],[132.4989,33.4554],[132.4986,33.455],[132.4985,33.4547],[132.4985,33.4544],[132.4988,33.4541],[132.499,33.4537],[132.4994,33.4532],[132.4997,33.4529],[132.5,33.4527],[132.5001,33.4526],[132.5006,33.4524],[132.5007,33.4523],[132.5008,33.4519],[132.5009,33.4516],[132.5013,33.4511],[132.5015,33.4507],[132.5018,33.4504],[132.5022,33.4501],[132.5026,33.4502],[132.5033,33.4504],[132.5044,33.4506],[132.5047,33.4507],[132.5064,33.4511],[132.5076,33.4514],[132.5078,33.4513],[132.5082,33.4514],[132.5083,33.4514],[132.5085,33.4514],[132.5092,33.4515],[132.5096,33.4517],[132.5099,33.4518],[132.5102,33.4519],[132.5104,33.4519],[132.5106,33.4519],[132.5111,33.4519],[132.5114,33.4518],[132.5119,33.4517],[132.5122,33.4517],[132.5125,33.4517],[132.5128,33.4518],[132.5129,33.4518],[132.5133,33.4519],[132.5137,33.4521],[132.5137,33.4522],[132.5139,33.4525],[132.5141,33.4526],[132.5143,33.4526],[132.5148,33.4525],[132.5152,33.4525],[132.5156,33.4524],[132.516,33.4522],[132.5164,33.452],[132.5167,33.4519],[132.5169,33.4518],[132.5177,33.4515],[132.5183,33.4513],[132.5187,33.4511],[132.5188,33.451],[132.519,33.4507],[132.5192,33.4505],[132.5194,33.4504],[132.5196,33.4504],[132.5198,33.4504],[132.5202,33.4506],[132.5204,33.4506],[132.5207,33.4506],[132.5214,33.4505],[132.5219,33.4505],[132.5222,33.4505],[132.5226,33.4505],[132.5227,33.4505],[132.523,33.4506],[132.5232,33.4507],[132.5234,33.451],[132.5235,33.4512],[132.5238,33.4513],[132.5241,33.4515],[132.5242,33.4516],[132.5248,33.4518],[132.525,33.4519],[132.525,33.4518],[132.5251,33.4518],[132.5254,33.4517],[132.5257,33.4515],[132.526,33.4515],[132.5262,33.4515],[132.5267,33.4513],[132.527,33.4512],[132.5272,33.4511],[132.5273,33.4512],[132.5276,33.4516],[132.5279,33.4518],[132.5283,33.452],[132.5286,33.4523],[132.529,33.4527],[132.5292,33.4528],[132.5293,33.4528],[132.5295,33.4527],[132.5299,33.4524],[132.5301,33.4523],[132.5306,33.4521],[132.5309,33.452],[132.5311,33.4519],[132.5312,33.4519],[132.5313,33.4519],[132.5311,33.4517],[132.531,33.4516],[132.5308,33.4515],[132.5301,33.4511],[132.5291,33.4504],[132.5288,33.4502],[132.5287,33.4501],[132.5288,33.45],[132.5288,33.4499],[132.5289,33.4498],[132.5294,33.4493],[132.5295,33.4491],[132.5296,33.4487],[132.5297,33.4483],[132.5297,33.4479],[132.5296,33.4477],[132.5296,33.4476],[132.5297,33.4474],[132.5297,33.4472],[132.5299,33.4469],[132.5301,33.4467],[132.5301,33.4465],[132.5301,33.4461],[132.5301,33.4458],[132.5301,33.4455],[132.5302,33.4453],[132.5304,33.4451],[132.5308,33.4448],[132.5311,33.4446],[132.5312,33.4446],[132.5315,33.4446],[132.5317,33.4447],[132.5321,33.4447],[132.5323,33.4447],[132.5325,33.4447],[132.5329,33.4446],[132.5333,33.4444],[132.5333,33.4443],[132.5336,33.4442],[132.5337,33.444],[132.5339,33.4437],[132.5339,33.4431],[132.534,33.4429],[132.5342,33.4427],[132.5344,33.4425],[132.5349,33.4421],[132.5353,33.4418],[132.5355,33.4417],[132.5357,33.4415],[132.5359,33.4413],[132.5361,33.4413],[132.5371,33.4414],[132.5373,33.4413],[132.5375,33.4413],[132.5376,33.4412],[132.5385,33.4402],[132.5388,33.4398],[132.5389,33.4396],[132.539,33.4393],[132.539,33.4392],[132.5391,33.439],[132.5393,33.4387],[132.5395,33.4386],[132.5396,33.4386],[132.54,33.4387],[132.5412,33.4389],[132.5417,33.439],[132.5419,33.439],[132.5425,33.439],[132.5428,33.4389],[132.5431,33.4389],[132.5437,33.4386],[132.5439,33.4386],[132.5441,33.4387],[132.5447,33.4388],[132.545,33.4389],[132.5457,33.4392],[132.5461,33.4393],[132.5465,33.4393],[132.5467,33.4393],[132.5468,33.4393],[132.5471,33.4393],[132.5472,33.4392],[132.5472,33.4391],[132.5475,33.439],[132.5476,33.439],[132.5478,33.439],[132.5482,33.4391],[132.5488,33.4392],[132.5492,33.4393],[132.5496,33.4394],[132.55,33.4396],[132.5501,33.4396],[132.5502,33.4396],[132.5503,33.4395],[132.5501,33.4392],[132.5501,33.439],[132.5502,33.4388],[132.5504,33.4384],[132.5505,33.4383],[132.5506,33.4383],[132.5513,33.4384],[132.5516,33.4384],[132.5519,33.4383],[132.5521,33.4382],[132.5523,33.4379],[132.5525,33.4377],[132.5528,33.4375],[132.553,33.4373],[132.553,33.4372],[132.5533,33.4369],[132.5536,33.4371],[132.5539,33.4372],[132.554,33.4373],[132.5544,33.4375],[132.5551,33.4379],[132.5555,33.4381],[132.5558,33.4386],[132.556,33.4389],[132.5562,33.4391],[132.5564,33.4391],[132.5569,33.4393],[132.5571,33.4394],[132.5575,33.4396],[132.5581,33.4398],[132.5583,33.4399],[132.559,33.4402],[132.5598,33.4403],[132.5598,33.4404],[132.56,33.4405],[132.5602,33.4406],[132.5604,33.441],[132.5606,33.4414],[132.5607,33.4416],[132.5607,33.4417],[132.5607,33.4419],[132.5607,33.442],[132.5609,33.4423],[132.5612,33.4424],[132.5615,33.4425],[132.5619,33.4426],[132.5625,33.4426],[132.5628,33.4427],[132.563,33.4428],[132.5632,33.4429],[132.5635,33.4432],[132.5637,33.4432],[132.5641,33.4432],[132.5642,33.4433],[132.5641,33.4435],[132.564,33.4442],[132.5638,33.4446],[132.5638,33.4449],[132.5636,33.4455],[132.5635,33.4457],[132.5635,33.4459],[132.5636,33.4461],[132.5637,33.4462],[132.564,33.4465],[132.5646,33.4468],[132.5651,33.4471],[132.5654,33.4473],[132.5658,33.4477],[132.566,33.4479],[132.5665,33.4481],[132.5667,33.4483],[132.5668,33.4484],[132.567,33.4486],[132.5671,33.449],[132.5671,33.4492],[132.5671,33.4495],[132.5671,33.4497],[132.5673,33.4498],[132.5676,33.45],[132.5678,33.45],[132.568,33.4501],[132.5683,33.4501],[132.5685,33.4502],[132.5689,33.4505],[132.5691,33.4508],[132.5693,33.4509],[132.5696,33.4513],[132.5701,33.4517],[132.5702,33.4519],[132.5704,33.4521],[132.571,33.4525],[132.5718,33.453],[132.5724,33.4533],[132.573,33.4536],[132.5733,33.4537],[132.5734,33.4537],[132.5735,33.4536],[132.5736,33.4534],[132.5737,33.453],[132.5738,33.4528],[132.5738,33.4526],[132.574,33.4524],[132.5741,33.4521],[132.5743,33.452],[132.5747,33.4517],[132.5749,33.4516],[132.575,33.4515],[132.5751,33.4514],[132.5751,33.4511],[132.5753,33.4509],[132.5755,33.4507],[132.5758,33.4505],[132.5759,33.4503],[132.576,33.45],[132.5761,33.45],[132.5762,33.4497],[132.5764,33.4494],[132.5766,33.4493],[132.5771,33.449],[132.5775,33.4489],[132.5778,33.4488],[132.578,33.4487],[132.5781,33.4487],[132.5784,33.4486],[132.5786,33.4485],[132.5792,33.448],[132.5797,33.4478],[132.5803,33.4474],[132.5806,33.4471],[132.5811,33.4467],[132.5813,33.4466],[132.5814,33.4464],[132.5818,33.4461],[132.5821,33.4459],[132.5822,33.4458],[132.5821,33.4456],[132.582,33.4451],[132.5819,33.4448],[132.5819,33.4446],[132.582,33.4444],[132.5821,33.444],[132.5821,33.4438],[132.5821,33.4436],[132.582,33.4433],[132.582,33.4432],[132.5822,33.4432],[132.5825,33.4434],[132.5828,33.4435],[132.583,33.4435],[132.5833,33.4434],[132.5835,33.4433],[132.5836,33.4432],[132.5837,33.443],[132.5837,33.4427],[132.5837,33.4423],[132.5837,33.442],[132.5838,33.4418],[132.5839,33.4417],[132.584,33.4416],[132.5843,33.4414],[132.5847,33.4412],[132.5849,33.4411],[132.5854,33.4407],[132.5856,33.4405],[132.5859,33.4402],[132.5862,33.44],[132.5866,33.4396],[132.5867,33.4394],[132.5868,33.4391],[132.587,33.4387],[132.5872,33.4383],[132.5873,33.4381],[132.5874,33.438],[132.5878,33.4379],[132.5879,33.4378],[132.5882,33.4375],[132.5883,33.4372],[132.5884,33.4369],[132.5885,33.4368],[132.5887,33.4366],[132.5888,33.4366],[132.5892,33.4366],[132.5893,33.4365],[132.5894,33.4364],[132.5895,33.4363],[132.5897,33.4361],[132.5898,33.4359],[132.5899,33.4356],[132.59,33.4354],[132.59,33.4352],[132.5902,33.4349],[132.5902,33.4346],[132.5904,33.4345],[132.5907,33.4344],[132.5912,33.4344],[132.5915,33.4344],[132.5917,33.4344],[132.5922,33.4345],[132.5927,33.4346],[132.5928,33.4346],[132.5938,33.4347],[132.5939,33.4347],[132.5939,33.435],[132.594,33.4352],[132.5941,33.4353],[132.5943,33.4355],[132.5945,33.4356],[132.595,33.4358],[132.5952,33.4359],[132.5953,33.4362],[132.5954,33.4365],[132.5956,33.4366],[132.5958,33.4366],[132.596,33.4367],[132.5961,33.4367],[132.5965,33.4372],[132.5967,33.4373],[132.597,33.4375],[132.5972,33.4377],[132.5973,33.4378],[132.5977,33.4382],[132.5979,33.4383],[132.5981,33.4383],[132.5983,33.4382],[132.5985,33.438],[132.5988,33.438],[132.599,33.438],[132.5993,33.4381],[132.5994,33.4382],[132.5998,33.4383],[132.6,33.4384],[132.6002,33.4385],[132.6006,33.4386],[132.6008,33.4386],[132.6011,33.4385],[132.6012,33.4385],[132.6012,33.4384],[132.6015,33.4383],[132.6019,33.4381],[132.6023,33.438],[132.6028,33.4378],[132.6034,33.4378],[132.6038,33.4377],[132.6041,33.4376],[132.6044,33.4375],[132.6046,33.4374],[132.605,33.4373],[132.6053,33.4373],[132.6057,33.4373],[132.6059,33.4373],[132.6062,33.4372],[132.6068,33.4368],[132.6071,33.4366],[132.6075,33.4365],[132.6078,33.4364],[132.608,33.4364],[132.6083,33.4364],[132.6085,33.4364],[132.6087,33.4364],[132.609,33.4364],[132.6092,33.4363],[132.61,33.436],[132.6105,33.4359],[132.6106,33.4363],[132.6106,33.4366],[132.6106,33.4367],[132.6105,33.4368],[132.6105,33.437],[132.6105,33.4372],[132.6106,33.4376],[132.6106,33.438],[132.6107,33.4383],[132.6108,33.4384],[132.6109,33.4384],[132.6116,33.4385],[132.6122,33.4386],[132.6127,33.4388],[132.6135,33.4391],[132.6139,33.4392],[132.6144,33.4393],[132.6147,33.4394],[132.6148,33.4394],[132.6152,33.4395],[132.6153,33.4396],[132.6155,33.4396],[132.6159,33.4397],[132.6163,33.4398],[132.6166,33.4398],[132.6167,33.4398],[132.617,33.4397],[132.6174,33.4396],[132.6179,33.4395],[132.6183,33.4395],[132.6186,33.4395],[132.6194,33.4395],[132.6199,33.4396],[132.6203,33.4396],[132.6206,33.4396],[132.6213,33.4394],[132.6219,33.4393],[132.6225,33.4391],[132.6227,33.4391],[132.6229,33.4392],[132.6231,33.4393],[132.6232,33.4395],[132.6235,33.4397],[132.6236,33.4398],[132.6239,33.4399],[132.6241,33.44],[132.6242,33.44],[132.6245,33.4399],[132.6246,33.4399],[132.6249,33.44],[132.625,33.44],[132.6251,33.44],[132.6255,33.4401],[132.6257,33.4401],[132.6258,33.4402],[132.626,33.4403],[132.6261,33.4405],[132.6265,33.4407],[132.6267,33.4408],[132.6269,33.4409],[132.6273,33.4409],[132.6274,33.4409],[132.6277,33.4409],[132.6281,33.4408],[132.6289,33.4407],[132.6293,33.4405],[132.6301,33.4403],[132.6306,33.4401],[132.6312,33.4401],[132.6315,33.44],[132.6321,33.4398],[132.6328,33.4397],[132.6329,33.4395],[132.6331,33.4394],[132.6333,33.4392],[132.6334,33.4391],[132.6336,33.4389],[132.6336,33.4388],[132.6338,33.4385],[132.634,33.4383],[132.634,33.4382],[132.634,33.4381],[132.6339,33.438],[132.6335,33.4376],[132.6334,33.4374],[132.6334,33.4373],[132.6334,33.437],[132.6334,33.4368],[132.6336,33.4366],[132.6338,33.4361],[132.6341,33.4356],[132.6341,33.4355],[132.6342,33.4353],[132.6343,33.4352],[132.6344,33.4351],[132.6346,33.4351],[132.6348,33.435],[132.6351,33.4351],[132.6353,33.435],[132.6354,33.435],[132.6356,33.4348],[132.6358,33.4346],[132.636,33.4343],[132.6361,33.4343],[132.6363,33.4342],[132.6365,33.4342],[132.6368,33.4343],[132.6369,33.4343],[132.6371,33.4343],[132.6373,33.4343],[132.6375,33.4342],[132.638,33.4341],[132.6382,33.434],[132.6384,33.434],[132.6387,33.4338],[132.6389,33.4336],[132.6392,33.4334],[132.6394,33.4333],[132.6395,33.4333],[132.6397,33.4331],[132.6397,33.433],[132.6399,33.4328],[132.6401,33.4327],[132.6403,33.4326],[132.6404,33.4326],[132.6407,33.4325],[132.6411,33.4326],[132.6416,33.4326],[132.6417,33.4326],[132.642,33.4327],[132.6423,33.4327],[132.6425,33.4326],[132.6426,33.4325],[132.6427,33.4324],[132.6428,33.4321],[132.6429,33.432],[132.643,33.4319],[132.6432,33.4318],[132.6433,33.4317],[132.6435,33.4317],[132.6436,33.4316],[132.6437,33.4314],[132.6439,33.4312],[132.644,33.431],[132.6441,33.431],[132.6442,33.431],[132.6446,33.4309],[132.6447,33.4308],[132.6449,33.4307],[132.645,33.4305],[132.6452,33.4304],[132.6454,33.4302],[132.6457,33.43],[132.646,33.4298],[132.6462,33.4297],[132.6464,33.4296],[132.6465,33.4294],[132.6466,33.4291],[132.6467,33.4289],[132.6467,33.4288],[132.6468,33.4287],[132.6469,33.4285],[132.6484,33.4285],[132.6486,33.4283],[132.6488,33.4282],[132.649,33.4281],[132.6492,33.428],[132.6493,33.428],[132.6495,33.4277],[132.6497,33.4276],[132.6498,33.4276],[132.6499,33.4275],[132.65,33.4275],[132.6501,33.4275],[132.6502,33.4274],[132.6503,33.4273],[132.6504,33.4272],[132.6503,33.4269],[132.6503,33.4268],[132.6503,33.4266],[132.6504,33.4265],[132.6505,33.4262],[132.6508,33.4258],[132.651,33.4256],[132.6511,33.4255],[132.6512,33.4255],[132.6516,33.4254],[132.6521,33.4252],[132.6525,33.4251],[132.6528,33.425],[132.653,33.4249],[132.6532,33.4246],[132.6534,33.4244],[132.6537,33.4243],[132.6539,33.4242],[132.6542,33.4241],[132.6546,33.424],[132.655,33.424],[132.6556,33.424],[132.6559,33.4239],[132.6562,33.4238],[132.6566,33.4236],[132.6569,33.4235],[132.6572,33.4234],[132.6573,33.4234],[132.6576,33.4234],[132.658,33.4235],[132.6581,33.4235],[132.6583,33.4234],[132.6587,33.4232],[132.659,33.4231],[132.6591,33.4231],[132.6593,33.423],[132.6597,33.4231],[132.6603,33.4232],[132.6607,33.4233],[132.6611,33.4233],[132.6614,33.4233],[132.6617,33.4232],[132.662,33.4231],[132.6622,33.423],[132.6623,33.4229],[132.6625,33.4226],[132.6626,33.4225],[132.6627,33.4225],[132.6628,33.4225],[132.663,33.4226],[132.6633,33.4227],[132.6634,33.4227],[132.6635,33.4226],[132.6638,33.4224],[132.6639,33.4223],[132.6641,33.4222],[132.6642,33.4222],[132.6646,33.4222],[132.665,33.4222],[132.6653,33.4222],[132.6657,33.4222],[132.6661,33.422],[132.6662,33.422],[132.6667,33.4219],[132.667,33.4217],[132.6674,33.4214],[132.6676,33.4212],[132.6678,33.421],[132.668,33.4207],[132.6682,33.4204],[132.6684,33.4203],[132.6687,33.4202],[132.6689,33.4201],[132.6693,33.4201],[132.6696,33.42],[132.6698,33.4199],[132.6701,33.4198],[132.6705,33.4198],[132.6707,33.4197],[132.6708,33.4195],[132.671,33.4194],[132.6712,33.4194],[132.6715,33.4196],[132.6718,33.4199],[132.672,33.42],[132.6723,33.4199],[132.6725,33.4197],[132.6728,33.4195],[132.6729,33.4195],[132.6732,33.4195],[132.6734,33.4195],[132.6736,33.4195],[132.6739,33.4197],[132.6743,33.4199],[132.6743,33.42],[132.6744,33.4205],[132.6745,33.4209],[132.6746,33.4212],[132.6748,33.4214],[132.675,33.4215],[132.6752,33.4216],[132.6753,33.4216],[132.6754,33.4217],[132.6755,33.4218],[132.6756,33.4221],[132.6758,33.4227],[132.676,33.423],[132.676,33.4231],[132.6761,33.4233],[132.6762,33.4235],[132.6763,33.4236],[132.6763,33.4238],[132.6763,33.4241],[132.6763,33.4245],[132.6764,33.4246],[132.6765,33.4247],[132.6769,33.4248],[132.6773,33.425],[132.6776,33.4251],[132.6779,33.4252],[132.6782,33.4254],[132.6783,33.4254],[132.6785,33.4257],[132.6787,33.426],[132.6787,33.4261],[132.6789,33.4261],[132.6791,33.4262],[132.6792,33.4262],[132.6794,33.4262],[132.6796,33.4262],[132.6798,33.4263],[132.6801,33.4264],[132.6803,33.4266],[132.6806,33.4267],[132.6809,33.427],[132.6812,33.4271],[132.6814,33.4271],[132.6819,33.4269],[132.6822,33.4268],[132.6824,33.4267],[132.6826,33.4264],[132.6828,33.4263],[132.683,33.4261],[132.6832,33.4259],[132.6833,33.4257],[132.6834,33.4257],[132.6837,33.4254],[132.684,33.4251],[132.6841,33.425],[132.6843,33.4249],[132.6846,33.4247],[132.6849,33.4246],[132.6849,33.4245],[132.6852,33.4245],[132.6856,33.4245],[132.686,33.4245],[132.6867,33.4245],[132.687,33.4245],[132.6872,33.4246],[132.6874,33.4247],[132.6875,33.4248],[132.6877,33.4249],[132.6879,33.425],[132.6882,33.4252],[132.6885,33.4254],[132.6887,33.4255],[132.6891,33.4258],[132.6896,33.426],[132.6899,33.4261],[132.6903,33.4261],[132.6908,33.426],[132.6913,33.4259],[132.6914,33.4259],[132.6917,33.4258],[132.6921,33.4256],[132.6917,33.4251],[132.6917,33.425],[132.6915,33.4248],[132.6913,33.4247],[132.6911,33.4245],[132.6909,33.4243],[132.6906,33.424],[132.6906,33.4238],[132.6906,33.4236],[132.6906,33.4232],[132.6906,33.4229],[132.6904,33.4225],[132.6902,33.4219],[132.69,33.4216],[132.69,33.421],[132.69,33.4204],[132.6901,33.42],[132.6904,33.4196],[132.6907,33.4192],[132.691,33.4189],[132.6914,33.4187],[132.6917,33.4186],[132.6921,33.4185],[132.6924,33.4185],[132.6926,33.4186],[132.6931,33.4188],[132.6935,33.4191],[132.6937,33.4193],[132.6941,33.4197],[132.6944,33.42],[132.6946,33.4201],[132.6949,33.4203],[132.6953,33.4204],[132.6957,33.4206],[132.6959,33.4207],[132.6962,33.4209],[132.6965,33.4211],[132.697,33.4213],[132.6972,33.4215],[132.6974,33.4216],[132.6976,33.4218],[132.6979,33.4219],[132.6984,33.4221],[132.6995,33.4224],[132.6998,33.4225],[132.7,33.4225],[132.7001,33.4225],[132.7004,33.4225],[132.7007,33.4224],[132.7011,33.4222],[132.7016,33.4219],[132.7019,33.4216],[132.7022,33.4212],[132.7023,33.4209],[132.7023,33.4206],[132.7023,33.4203],[132.7022,33.4201],[132.7022,33.42],[132.7021,33.42],[132.7022,33.4199],[132.7025,33.4199],[132.7026,33.4199],[132.7028,33.4199],[132.7033,33.4197],[132.7039,33.4196],[132.7043,33.4196],[132.7048,33.4197],[132.705,33.4197],[132.7052,33.4198],[132.7053,33.4199],[132.7055,33.42],[132.7058,33.4203],[132.7061,33.4205],[132.7063,33.4209],[132.7064,33.4212],[132.7065,33.4213],[132.7066,33.4216],[132.7066,33.422],[132.7066,33.4222],[132.7066,33.4225],[132.7065,33.4228],[132.7064,33.423],[132.7063,33.4231],[132.7063,33.4232],[132.7064,33.4233],[132.7064,33.4235],[132.7066,33.4238],[132.7067,33.4241],[132.7068,33.4243],[132.7069,33.4244],[132.707,33.4244],[132.7073,33.4244],[132.7076,33.4244],[132.7077,33.4245],[132.7078,33.4247],[132.7078,33.4249],[132.7078,33.425],[132.708,33.4254],[132.7081,33.4255],[132.7082,33.4256],[132.7082,33.4257],[132.7083,33.4257],[132.7084,33.4257],[132.7085,33.4258],[132.7088,33.4257],[132.7091,33.4257],[132.7092,33.4257],[132.7093,33.4257],[132.7094,33.4258],[132.7095,33.4258],[132.7098,33.4258],[132.7101,33.4258],[132.7103,33.4259],[132.7106,33.426],[132.7112,33.4263],[132.7116,33.4266],[132.7117,33.4268],[132.7118,33.427],[132.7117,33.4272],[132.7117,33.4273],[132.7117,33.4275],[132.7117,33.4277],[132.7118,33.4279],[132.7121,33.4283],[132.7123,33.4286],[132.7124,33.4289],[132.7125,33.4292],[132.7125,33.4294],[132.7125,33.4296],[132.7126,33.4299],[132.7127,33.4303],[132.7129,33.4307],[132.7129,33.431],[132.7129,33.4314],[132.7128,33.4317],[132.7127,33.4318],[132.7126,33.432],[132.7125,33.4322],[132.7124,33.4323],[132.7123,33.4326],[132.7122,33.4329],[132.7119,33.4333],[132.7118,33.4334],[132.7118,33.4336],[132.7118,33.4337],[132.7118,33.4338],[132.7118,33.434],[132.7119,33.4341],[132.712,33.4345],[132.7121,33.4347],[132.7124,33.435],[132.7125,33.4352],[132.7126,33.4354],[132.7126,33.4356],[132.7126,33.4358],[132.7127,33.4358],[132.7128,33.4358],[132.713,33.4358],[132.7133,33.4358],[132.7134,33.4357],[132.7135,33.4358],[132.7137,33.4361],[132.7139,33.4362],[132.7143,33.4365],[132.7145,33.4366],[132.7145,33.4367],[132.7146,33.4369],[132.7147,33.4372],[132.7148,33.4374],[132.7148,33.4377],[132.7148,33.4379],[132.7147,33.438],[132.7146,33.4382],[132.7144,33.4382],[132.7141,33.4383],[132.714,33.4384],[132.714,33.4385],[132.714,33.4386],[132.714,33.4389],[132.714,33.4391],[132.714,33.4392],[132.7139,33.4393],[132.7139,33.4394],[132.7139,33.4395],[132.7139,33.4396],[132.7139,33.4398],[132.714,33.4401],[132.7141,33.4404],[132.7141,33.4409],[132.7142,33.4413],[132.7142,33.4416],[132.7143,33.4417],[132.7144,33.4418],[132.7148,33.4421],[132.7149,33.4422],[132.715,33.4424],[132.7151,33.4427],[132.7151,33.4429],[132.7151,33.4431],[132.7151,33.4432],[132.715,33.4433],[132.7149,33.4435],[132.7146,33.4437],[132.7145,33.4438],[132.7144,33.4439],[132.7143,33.4441],[132.7143,33.4443],[132.7142,33.4446],[132.7142,33.445],[132.7141,33.4451],[132.714,33.4453],[132.7137,33.4456],[132.7136,33.4458],[132.7135,33.446],[132.7135,33.4461],[132.7135,33.4464],[132.7136,33.4465],[132.7136,33.4466],[132.7137,33.4468],[132.7138,33.4469],[132.7139,33.4471],[132.7139,33.4474],[132.7138,33.4475],[132.7136,33.4479],[132.7133,33.4484],[132.7132,33.4485],[132.7131,33.4488],[132.713,33.4492],[132.713,33.4495],[132.713,33.4499],[132.713,33.45],[132.7131,33.4503],[132.7131,33.4504],[132.7128,33.4505],[132.7123,33.4506],[132.7118,33.4506],[132.7111,33.4505],[132.711,33.4506],[132.7109,33.4511],[132.7108,33.4513],[132.7106,33.4518],[132.7105,33.4522],[132.7104,33.4526],[132.7104,33.4527],[132.7106,33.4529],[132.711,33.4533],[132.7112,33.4535],[132.7114,33.4538],[132.7116,33.4539],[132.7117,33.454],[132.712,33.4541],[132.7126,33.4543],[132.7128,33.4544],[132.7131,33.4546],[132.7134,33.4548],[132.7136,33.4549],[132.7138,33.455],[132.7143,33.4551],[132.7145,33.4551],[132.7147,33.455],[132.715,33.4549],[132.7151,33.4549],[132.7152,33.4549],[132.7153,33.455],[132.7156,33.4553],[132.7157,33.4554],[132.7158,33.4555],[132.7159,33.4556],[132.7164,33.4556],[132.7165,33.4556],[132.7167,33.4556],[132.7168,33.4556],[132.7173,33.4556],[132.7176,33.4556],[132.7182,33.4556],[132.7187,33.4556],[132.7193,33.4556],[132.7198,33.4556],[132.7202,33.4557],[132.7207,33.4558],[132.7213,33.4559],[132.7217,33.4559],[132.7221,33.4559],[132.7222,33.4559],[132.7229,33.4558],[132.7236,33.4557],[132.7246,33.4554],[132.7248,33.4554],[132.725,33.4554],[132.7255,33.4555],[132.726,33.4556],[132.7263,33.4556],[132.7266,33.4556],[132.727,33.4555],[132.7273,33.4554],[132.7276,33.4553],[132.728,33.4551],[132.7283,33.4551],[132.7286,33.4551],[132.7289,33.455],[132.7293,33.4549],[132.7296,33.4548],[132.7298,33.4546],[132.73,33.4544],[132.7301,33.4541],[132.7302,33.454],[132.7302,33.4537],[132.7301,33.4534],[132.7301,33.453],[132.7301,33.4526],[132.7302,33.452],[132.7303,33.4518],[132.7304,33.4516],[132.7304,33.4514],[132.7306,33.4512],[132.7309,33.4508],[132.7309,33.4506],[132.7311,33.4503],[132.7312,33.4501],[132.7312,33.45],[132.7312,33.4499],[132.7312,33.4498],[132.7312,33.4497],[132.7312,33.4495],[132.7313,33.4493],[132.7316,33.4491],[132.7317,33.449],[132.7318,33.4489],[132.7318,33.4486],[132.7316,33.4482],[132.7318,33.4481],[132.7321,33.448],[132.7321,33.4479],[132.7325,33.4476],[132.7327,33.4475],[132.7329,33.4474],[132.7333,33.4473],[132.7335,33.4473],[132.7337,33.4473],[132.7339,33.4474],[132.7341,33.4475],[132.7342,33.4476],[132.7343,33.4478],[132.7344,33.448],[132.7346,33.4481],[132.7348,33.4483],[132.7352,33.4484],[132.7356,33.4485],[132.7361,33.4485],[132.7365,33.4485],[132.7368,33.4485],[132.7376,33.4484],[132.7379,33.4484],[132.7381,33.4484],[132.7383,33.4485],[132.7385,33.4486],[132.7386,33.4487],[132.7388,33.4488],[132.739,33.449],[132.7392,33.4491],[132.7395,33.4492],[132.7398,33.4493],[132.74,33.4494],[132.7401,33.4495],[132.7402,33.4499],[132.7403,33.45],[132.7404,33.4503],[132.7405,33.4505],[132.7407,33.4508],[132.7409,33.451],[132.741,33.4512],[132.7411,33.4515],[132.741,33.4518],[132.741,33.4521],[132.7409,33.4526],[132.7409,33.4528],[132.741,33.453],[132.7411,33.4531],[132.7414,33.4533],[132.7417,33.4534],[132.7418,33.4534],[132.7419,33.4534],[132.7422,33.4534],[132.7425,33.4533],[132.7428,33.4532],[132.7429,33.453],[132.743,33.4528],[132.7431,33.4526],[132.7431,33.4523],[132.7431,33.4522],[132.7432,33.4521],[132.7435,33.4519],[132.7437,33.4518],[132.7439,33.4517],[132.7443,33.4517],[132.7445,33.4518],[132.745,33.4521],[132.7453,33.4523],[132.7455,33.4526],[132.7455,33.4528],[132.7456,33.4531],[132.7456,33.4532],[132.7457,33.4535],[132.7457,33.4536],[132.7458,33.4536],[132.7459,33.4537],[132.7465,33.4538],[132.7465,33.4542],[132.7465,33.4544],[132.7465,33.4547],[132.7465,33.4549],[132.7466,33.4551],[132.7467,33.4554],[132.747,33.4557],[132.7472,33.456],[132.7475,33.4562],[132.7477,33.4563],[132.7478,33.4564],[132.748,33.4565],[132.7481,33.4566],[132.7482,33.4568],[132.7483,33.4569],[132.7485,33.4573],[132.7485,33.4576],[132.7486,33.4578],[132.7487,33.4581],[132.7488,33.4583],[132.7489,33.4586],[132.749,33.4588],[132.7491,33.4589],[132.7492,33.4591],[132.7492,33.4593],[132.7492,33.4595],[132.7491,33.4596],[132.749,33.4597],[132.7487,33.46],[132.7486,33.46],[132.7486,33.4601],[132.7485,33.4601],[132.7486,33.4603],[132.7485,33.4607],[132.7486,33.4609],[132.7487,33.4613],[132.7487,33.4616],[132.7489,33.4619],[132.7489,33.462],[132.749,33.4623],[132.7492,33.4626],[132.7493,33.463],[132.7496,33.4634],[132.75,33.464],[132.7502,33.4643],[132.7503,33.4644],[132.7505,33.4648],[132.7506,33.4653],[132.7506,33.4656],[132.7507,33.4659],[132.7508,33.4661],[132.7509,33.4664],[132.7511,33.4667],[132.7512,33.4671],[132.7512,33.4673],[132.7513,33.4675],[132.7514,33.4678],[132.7514,33.4679],[132.7515,33.4681],[132.7514,33.4685],[132.7514,33.4688],[132.7514,33.469],[132.7513,33.4692],[132.7512,33.4695],[132.7512,33.4697],[132.7512,33.4698],[132.7511,33.4701],[132.7513,33.4704],[132.7516,33.4708],[132.7516,33.4711],[132.7516,33.4714],[132.7516,33.4716],[132.7516,33.4718],[132.7516,33.4719],[132.7516,33.4721],[132.7518,33.4724],[132.7519,33.4726],[132.752,33.4729],[132.752,33.4732],[132.7519,33.4735],[132.7519,33.4737],[132.7518,33.4738],[132.7518,33.474],[132.7519,33.4741],[132.752,33.4743],[132.7523,33.4745],[132.7526,33.4746],[132.7529,33.4747],[132.7531,33.475],[132.7533,33.4752],[132.7535,33.4755],[132.7536,33.4757],[132.7535,33.4759],[132.7535,33.4761],[132.7534,33.4762],[132.7533,33.4764],[132.7533,33.4766],[132.7534,33.4769],[132.7534,33.477],[132.7535,33.4771],[132.7534,33.4773],[132.7533,33.4775],[132.7532,33.4776],[132.753,33.4777],[132.7528,33.478],[132.7527,33.4781],[132.7526,33.4783],[132.7524,33.4789],[132.7523,33.4791],[132.7523,33.4794],[132.7523,33.4797],[132.7524,33.48],[132.7524,33.4803],[132.7524,33.4807],[132.7523,33.4809],[132.7524,33.4812],[132.7525,33.4813],[132.7526,33.4815],[132.7528,33.4816],[132.7533,33.4818],[132.7534,33.4818],[132.7534,33.4819],[132.7535,33.4821],[132.7535,33.4822],[132.7536,33.4827],[132.7537,33.4832],[132.7538,33.4833],[132.7538,33.4836],[132.7539,33.4838],[132.7539,33.4842],[132.7539,33.4845],[132.7539,33.4848],[132.754,33.485],[132.7541,33.4853],[132.7544,33.4858],[132.7544,33.4859],[132.7546,33.4859],[132.7552,33.4858],[132.7556,33.4858],[132.7557,33.4858],[132.7556,33.4857],[132.7554,33.4855],[132.7554,33.4854],[132.7556,33.4854],[132.7558,33.4855],[132.7562,33.4857],[132.7563,33.4857],[132.7564,33.4856],[132.7565,33.4854],[132.7567,33.4854],[132.757,33.4853],[132.7571,33.4853],[132.7571,33.4852],[132.7573,33.4851],[132.7575,33.4849],[132.7576,33.4848],[132.7577,33.4848],[132.7577,33.4849],[132.7578,33.4849],[132.7578,33.485],[132.7578,33.4849],[132.7581,33.4848],[132.7583,33.4848],[132.7584,33.4848],[132.7585,33.4848],[132.7586,33.4849],[132.7586,33.485],[132.7586,33.4852],[132.7586,33.4854],[132.7587,33.4855],[132.7588,33.4857],[132.7593,33.4861],[132.7599,33.4866],[132.7601,33.4867],[132.7605,33.4869],[132.7613,33.4871],[132.7617,33.4872],[132.7622,33.4873],[132.7622,33.4876],[132.7623,33.4877],[132.7625,33.4878],[132.7628,33.4878],[132.7629,33.4879],[132.7629,33.488],[132.7627,33.4884],[132.7626,33.4887],[132.7626,33.4889],[132.7625,33.4891],[132.7624,33.4891],[132.7624,33.4892],[132.7624,33.4894],[132.7625,33.4896],[132.7625,33.4899],[132.7625,33.4902],[132.7626,33.4903],[132.7628,33.4904],[132.7631,33.4905],[132.7632,33.4905],[132.7632,33.4904],[132.7632,33.4899],[132.7632,33.4893],[132.7633,33.4889],[132.7633,33.4886],[132.7634,33.4884],[132.7635,33.4882],[132.7639,33.4878],[132.7643,33.4874],[132.7644,33.4874],[132.7644,33.4875],[132.7648,33.4881],[132.7653,33.4889],[132.7654,33.4889],[132.7655,33.489],[132.7656,33.489],[132.7657,33.489],[132.7658,33.489],[132.7659,33.4889],[132.7661,33.4888],[132.7661,33.4887],[132.7662,33.4885],[132.7667,33.4885],[132.7668,33.4884],[132.7668,33.4881],[132.7668,33.488],[132.7669,33.488],[132.767,33.4881],[132.7672,33.4881],[132.7673,33.4881],[132.7673,33.488],[132.7673,33.4879],[132.7673,33.4878],[132.7676,33.488],[132.7678,33.4881],[132.7679,33.4881],[132.768,33.4881],[132.7683,33.488],[132.7686,33.4879],[132.7687,33.4879],[132.7688,33.4879],[132.7689,33.4877],[132.769,33.4875],[132.7691,33.4875],[132.7692,33.4877],[132.7695,33.488],[132.7696,33.4882],[132.7698,33.4884],[132.7699,33.4885],[132.77,33.4884],[132.7701,33.4884],[132.7701,33.4883],[132.77,33.4881],[132.77,33.488],[132.7699,33.4878],[132.7699,33.4877],[132.7699,33.4875],[132.77,33.4871],[132.7701,33.4867],[132.7702,33.4867],[132.7702,33.4866],[132.7703,33.4865],[132.7704,33.4865],[132.7705,33.4866],[132.7707,33.4867],[132.771,33.4869],[132.7711,33.4869],[132.7711,33.4867],[132.7712,33.4865],[132.7713,33.4864],[132.7714,33.4864],[132.7716,33.4864],[132.7721,33.4864],[132.7722,33.4864],[132.7725,33.4865],[132.7728,33.4865],[132.7734,33.4865],[132.7737,33.4865],[132.7737,33.4864],[132.7737,33.4861],[132.7737,33.486],[132.7736,33.4857],[132.7736,33.4856],[132.7736,33.4853],[132.7736,33.4852],[132.7745,33.4848],[132.7746,33.4848],[132.7748,33.4851],[132.7749,33.4852],[132.775,33.4853],[132.7752,33.4853],[132.7753,33.4854],[132.7753,33.4853],[132.7753,33.4852],[132.7753,33.4851],[132.7754,33.4851],[132.7758,33.4851],[132.7759,33.4852],[132.7761,33.4853],[132.7763,33.4854],[132.7768,33.4855],[132.7772,33.4857],[132.7775,33.4858],[132.7778,33.486],[132.7779,33.4862],[132.778,33.4863],[132.7781,33.4864],[132.7781,33.4867],[132.7781,33.4868],[132.7781,33.4869],[132.7782,33.4868],[132.7785,33.4864],[132.7787,33.4865],[132.7789,33.4866],[132.7793,33.4867],[132.7794,33.4868],[132.7798,33.4868],[132.7804,33.487],[132.7806,33.487],[132.7809,33.487],[132.7812,33.4869],[132.7819,33.4868],[132.7823,33.4867],[132.7826,33.4866],[132.7828,33.4867],[132.783,33.4867],[132.7832,33.4866],[132.7833,33.4866],[132.7834,33.4867],[132.7834,33.4868],[132.7834,33.487],[132.7833,33.4873],[132.7832,33.4874],[132.783,33.4876],[132.7828,33.4877],[132.7827,33.4878],[132.7826,33.4881],[132.7825,33.4882],[132.7825,33.4884],[132.7825,33.4885],[132.7826,33.4885],[132.7827,33.4884],[132.7832,33.4883],[132.7833,33.4882],[132.7834,33.4881],[132.7834,33.488],[132.7835,33.4879],[132.7836,33.4879],[132.7838,33.488],[132.784,33.4881],[132.7842,33.4882],[132.7843,33.4881],[132.7844,33.488],[132.7844,33.4879],[132.7845,33.4879],[132.7847,33.488],[132.7849,33.4881],[132.785,33.4881],[132.7853,33.4881],[132.7854,33.4882],[132.7854,33.4883],[132.7855,33.4885],[132.7855,33.4886],[132.7856,33.4886],[132.7857,33.4885],[132.7858,33.4883],[132.786,33.4882],[132.7861,33.4881],[132.7863,33.4881],[132.7865,33.4882],[132.7867,33.4883],[132.7868,33.4883],[132.7869,33.4882],[132.787,33.4881],[132.7871,33.4881],[132.7873,33.4881],[132.7879,33.4881],[132.7883,33.4881],[132.7886,33.4881],[132.789,33.4881],[132.7899,33.4881],[132.7902,33.488],[132.7903,33.4879],[132.7905,33.4879],[132.7906,33.4878],[132.7906,33.4879],[132.7909,33.4881],[132.7913,33.4885],[132.7915,33.4887],[132.7916,33.4889],[132.7916,33.489],[132.7916,33.4893],[132.7915,33.4895],[132.7914,33.4896],[132.7914,33.4898],[132.7913,33.4901],[132.7912,33.4906],[132.7911,33.4913],[132.7911,33.4914],[132.7912,33.4915],[132.7916,33.4917],[132.7917,33.4917],[132.7918,33.4917],[132.792,33.4919],[132.7922,33.492],[132.7926,33.4924],[132.7929,33.4927],[132.7932,33.493],[132.7934,33.4933],[132.7937,33.4938],[132.794,33.4944],[132.7942,33.4946],[132.7944,33.4948],[132.7946,33.4949],[132.7949,33.4951],[132.7954,33.4953],[132.7964,33.4957],[132.7965,33.4957],[132.7972,33.496],[132.7976,33.4961],[132.798,33.4962],[132.7986,33.4962],[132.7991,33.4963],[132.7995,33.4964],[132.7999,33.4966],[132.8,33.4966],[132.8002,33.4967],[132.8007,33.4968],[132.8011,33.497],[132.8014,33.4972],[132.8019,33.4975],[132.8021,33.4976],[132.8023,33.4977],[132.8024,33.4977],[132.8029,33.4978],[132.8031,33.4978],[132.8032,33.4978],[132.8033,33.4979],[132.8033,33.498],[132.8034,33.4981],[132.8036,33.4985],[132.8037,33.4985],[132.8038,33.4987],[132.8039,33.4988],[132.804,33.4992],[132.8041,33.4994],[132.8041,33.4996],[132.8041,33.4998],[132.8041,33.4999],[132.8041,33.5],[132.8041,33.5003],[132.8042,33.5005],[132.8042,33.5006],[132.8043,33.5007],[132.8044,33.5009],[132.8044,33.5011],[132.8044,33.5013],[132.8043,33.5015],[132.8043,33.5017],[132.8043,33.5019],[132.8043,33.5021],[132.8044,33.5021],[132.8047,33.5024],[132.805,33.5026],[132.8052,33.5027],[132.8053,33.5029],[132.8053,33.5031],[132.8053,33.5032],[132.8052,33.5032],[132.8051,33.5034],[132.8051,33.5037],[132.8051,33.5038],[132.8052,33.5039],[132.8055,33.5041],[132.8063,33.5042],[132.8069,33.5043],[132.8072,33.5044],[132.8074,33.5045],[132.8075,33.5045],[132.8078,33.5047],[132.808,33.5048],[132.8083,33.505],[132.8084,33.5051],[132.8089,33.5054],[132.8095,33.5057],[132.81,33.5059],[132.8105,33.5062],[132.811,33.5065],[132.8114,33.5066],[132.8122,33.5068],[132.8128,33.5069],[132.8132,33.5069],[132.8138,33.5067],[132.8141,33.5066],[132.8144,33.5067],[132.8145,33.5067],[132.8146,33.5067],[132.8147,33.5067],[132.8148,33.5066],[132.8148,33.5062],[132.8147,33.5056],[132.8148,33.5051],[132.8149,33.5048],[132.8149,33.5044],[132.8151,33.504],[132.8151,33.5037],[132.815,33.5035],[132.815,33.5034],[132.8151,33.503],[132.8154,33.5022],[132.8155,33.5018],[132.8156,33.5017],[132.8162,33.5019],[132.8166,33.502],[132.8167,33.502],[132.8168,33.502],[132.8172,33.5022],[132.8174,33.5023],[132.8175,33.5023],[132.8176,33.5022],[132.8177,33.5021],[132.8181,33.5015],[132.8185,33.501],[132.8189,33.5004],[132.8192,33.5001],[132.8192,33.5],[132.8193,33.5],[132.8194,33.5],[132.8198,33.5],[132.8199,33.5],[132.8202,33.5],[132.8204,33.5001],[132.8206,33.5003],[132.821,33.5005],[132.8218,33.5009],[132.8221,33.5011],[132.8226,33.5015],[132.8228,33.5016],[132.823,33.5016],[132.8233,33.5016],[132.8235,33.5017],[132.8237,33.5019],[132.8244,33.5023],[132.8247,33.5025],[132.8248,33.5026],[132.8248,33.5028],[132.8249,33.5029],[132.825,33.503],[132.8251,33.503],[132.8254,33.5032],[132.8258,33.5034],[132.8261,33.5034],[132.8266,33.5036],[132.8271,33.5037],[132.8279,33.5039],[132.8283,33.504],[132.8281,33.5044],[132.828,33.5049],[132.8279,33.5052],[132.8279,33.5059],[132.8279,33.5063],[132.828,33.5065],[132.8282,33.5067],[132.8287,33.5069],[132.8292,33.5071],[132.8295,33.5074],[132.8296,33.5077],[132.8301,33.5083],[132.8306,33.5091],[132.8308,33.5095],[132.8309,33.5096],[132.8312,33.5098],[132.8314,33.5099],[132.8318,33.51],[132.832,33.5102],[132.8322,33.5104],[132.8323,33.5109],[132.8324,33.5112],[132.8325,33.5114],[132.8329,33.5118],[132.8331,33.5123],[132.8332,33.5126],[132.8332,33.513],[132.8333,33.5134],[132.8333,33.5135],[132.8335,33.5137],[132.8336,33.5139],[132.8336,33.5143],[132.8334,33.5156],[132.8334,33.5164],[132.8335,33.5167],[132.8335,33.5168],[132.8335,33.5173],[132.8335,33.5176],[132.8336,33.518],[132.8337,33.5181],[132.8337,33.5182],[132.8337,33.5183],[132.8338,33.5186],[132.8338,33.5189],[132.8338,33.5192],[132.834,33.5193],[132.8343,33.5194],[132.8345,33.5193],[132.8348,33.5194],[132.835,33.5194],[132.8353,33.5195],[132.8356,33.5197],[132.8359,33.5199],[132.8367,33.5207],[132.8371,33.521],[132.8376,33.5213],[132.8378,33.5215],[132.8382,33.5217],[132.8386,33.5218],[132.8391,33.5218],[132.8395,33.5219],[132.8394,33.5223],[132.8391,33.5225],[132.8389,33.5227],[132.8386,33.5228],[132.8384,33.523],[132.8382,33.5232],[132.838,33.5237],[132.8375,33.5246],[132.8372,33.5251],[132.8369,33.5256],[132.8365,33.5261],[132.8363,33.5265],[132.8362,33.527],[132.8361,33.5274],[132.8359,33.5279],[132.8356,33.5283],[132.8351,33.5288],[132.8347,33.5293],[132.8346,33.5295],[132.8346,33.53],[132.8342,33.5312],[132.8338,33.532],[132.8333,33.5324],[132.833,33.5326],[132.8328,33.5328],[132.8324,33.5337],[132.832,33.5343],[132.8316,33.5348],[132.8312,33.5351],[132.8303,33.5354],[132.83,33.5355],[132.8299,33.5358],[132.8298,33.5364],[132.829,33.5364],[132.8284,33.5364],[132.8282,33.5365],[132.828,33.5367],[132.8276,33.5369],[132.827,33.5371],[132.8264,33.5374],[132.8257,33.5374],[132.8254,33.5375],[132.8252,33.538],[132.8251,33.5382],[132.8251,33.5385],[132.8253,33.5389],[132.8255,33.5391],[132.8262,33.5395],[132.8267,33.5398],[132.8272,33.5403],[132.8274,33.5405],[132.8275,33.5406],[132.8275,33.5409],[132.8274,33.5412],[132.8272,33.5416],[132.827,33.5419],[132.8269,33.5422],[132.8268,33.5423],[132.8265,33.5425],[132.8259,33.543],[132.8258,33.5433],[132.8252,33.5439],[132.8251,33.5444],[132.8248,33.5447],[132.8243,33.545],[132.8238,33.5454],[132.8238,33.5457],[132.8238,33.5459],[132.8234,33.5461],[132.8221,33.5467],[132.8216,33.5469],[132.8213,33.5471],[132.8212,33.5473],[132.8209,33.5476],[132.8203,33.548],[132.8202,33.5481],[132.8202,33.5483],[132.8201,33.5493],[132.8201,33.5495],[132.8198,33.5496],[132.8193,33.5495],[132.8186,33.5494],[132.818,33.5492],[132.8171,33.5491],[132.817,33.549],[132.8169,33.5487],[132.8171,33.5476],[132.817,33.5472],[132.817,33.5468],[132.8169,33.5465],[132.8166,33.5462],[132.8156,33.5454],[132.8153,33.5452],[132.815,33.5452],[132.8143,33.5451],[132.8137,33.545],[132.8131,33.545],[132.8127,33.5449],[132.8121,33.5447],[132.8114,33.5444],[132.8107,33.5443],[132.8104,33.5442],[132.8096,33.5444],[132.8094,33.5443],[132.8091,33.5441],[132.8084,33.5437],[132.8073,33.543],[132.8071,33.5429],[132.8065,33.5431],[132.8059,33.5432],[132.8052,33.5433],[132.8049,33.5435],[132.8045,33.5437],[132.8042,33.5435],[132.8036,33.5432],[132.8032,33.5431],[132.8028,33.5432],[132.8026,33.5432],[132.8023,33.5431],[132.8019,33.5426],[132.8013,33.5419],[132.8011,33.5416],[132.8011,33.5414],[132.8013,33.541],[132.8013,33.5402],[132.8013,33.5387],[132.8012,33.5369],[132.8011,33.5367],[132.8009,33.5364],[132.8004,33.5361],[132.7997,33.5355],[132.7987,33.5348],[132.7976,33.5341],[132.7967,33.5335],[132.796,33.5332],[132.795,33.5328],[132.7945,33.5326],[132.7938,33.5325],[132.7925,33.532],[132.792,33.5318],[132.7918,33.5316],[132.7913,33.5308],[132.7911,33.5304],[132.7905,33.5289],[132.7903,33.5288],[132.79,33.5288],[132.788,33.5293],[132.787,33.5295],[132.7867,33.5296],[132.7864,33.5299],[132.7862,33.53],[132.786,33.5305],[132.7859,33.5305],[132.7843,33.5299],[132.784,33.5299],[132.7836,33.5306],[132.783,33.5315],[132.7823,33.5324],[132.7813,33.5339],[132.7807,33.5347],[132.7806,33.535],[132.7805,33.5353],[132.7799,33.5361],[132.7798,33.5364],[132.7797,33.5373],[132.7796,33.538],[132.7795,33.5381],[132.7791,33.5383],[132.7787,33.5384],[132.7781,33.5384],[132.7779,33.5385],[132.7777,33.5388],[132.7774,33.5392],[132.7768,33.5399],[132.7766,33.5401],[132.7762,33.5403],[132.7757,33.5404],[132.7752,33.5404],[132.7735,33.5398],[132.7733,33.5398],[132.7722,33.5399],[132.7718,33.54],[132.7708,33.5403],[132.7701,33.5404],[132.7697,33.5406],[132.7694,33.5406],[132.7691,33.5406],[132.7689,33.5405],[132.7685,33.5401],[132.7681,33.54],[132.7677,33.5398],[132.7668,33.5397],[132.7665,33.5396],[132.7665,33.5392],[132.7664,33.5386],[132.7662,33.5382],[132.7659,33.5378],[132.7656,33.5374],[132.7654,33.537],[132.7651,33.5356],[132.765,33.5354],[132.7646,33.5349],[132.7641,33.534],[132.7639,33.5338],[132.7636,33.5336],[132.7631,33.5333],[132.7624,33.5327],[132.7617,33.5325],[132.7611,33.5324],[132.7608,33.5323],[132.7593,33.5326],[132.7585,33.5326],[132.758,33.5326],[132.757,33.5324],[132.7566,33.5324],[132.756,33.5324],[132.7558,33.532],[132.7556,33.5315],[132.7553,33.5312],[132.7548,33.5307],[132.7542,33.5298],[132.7537,33.5292],[132.7533,33.5289],[132.7525,33.5283],[132.7522,33.5282],[132.7517,33.5283],[132.7515,33.5282],[132.7513,33.5281],[132.7502,33.5277],[132.7497,33.5275],[132.7494,33.5275],[132.7491,33.5276],[132.7488,33.528],[132.7483,33.5285],[132.7475,33.5292],[132.747,33.5295],[132.7468,33.5298],[132.7466,33.5299],[132.7458,33.5302],[132.7454,33.5301],[132.7451,33.5299],[132.7447,33.5298],[132.7442,33.53],[132.7437,33.5302],[132.7435,33.5304],[132.7426,33.5308],[132.7424,33.5305],[132.7418,33.5305],[132.7413,33.5304],[132.7411,33.5303],[132.7407,33.5301],[132.74,33.5297],[132.7399,33.5295],[132.7398,33.5292],[132.7398,33.5288],[132.7399,33.5285],[132.7401,33.5282],[132.7401,33.5278],[132.7402,33.5275],[132.7407,33.5266],[132.7408,33.5264],[132.7408,33.5259],[132.7404,33.5259],[132.7404,33.5258],[132.7398,33.5258],[132.7397,33.5256],[132.7392,33.5257],[132.7391,33.5256],[132.7386,33.525],[132.7385,33.5249],[132.7378,33.5251],[132.7376,33.5248],[132.7376,33.5244],[132.7385,33.5232],[132.7385,33.5229],[132.738,33.5225],[132.7377,33.5224],[132.7378,33.5219],[132.7377,33.5218],[132.7372,33.5213],[132.7366,33.5209],[132.7361,33.5208],[132.7354,33.5209],[132.7352,33.5209],[132.7349,33.5211],[132.7345,33.5212],[132.7342,33.5212],[132.7338,33.521],[132.7329,33.5207],[132.7324,33.5207],[132.7315,33.5209],[132.7309,33.5209],[132.7307,33.5209],[132.7302,33.521],[132.73,33.521],[132.7296,33.5209],[132.7292,33.5208],[132.7289,33.5207],[132.7284,33.5204],[132.7282,33.52],[132.7281,33.5197],[132.7281,33.5194],[132.7275,33.5191],[132.7273,33.5188],[132.7268,33.5185],[132.7266,33.5183],[132.7265,33.518],[132.7263,33.5175],[132.7259,33.5172],[132.7258,33.5172],[132.7254,33.5173],[132.7244,33.5174],[132.7237,33.518],[132.7227,33.5174],[132.7226,33.5172],[132.7229,33.5165],[132.7225,33.5162],[132.7225,33.516],[132.7225,33.5155],[132.7224,33.5153],[132.7222,33.5149],[132.7214,33.5141],[132.7212,33.5137],[132.7211,33.5134],[132.7208,33.513],[132.7206,33.5127],[132.7204,33.5126],[132.72,33.5124],[132.7198,33.5123],[132.7191,33.5125],[132.7187,33.5124],[132.7183,33.5123],[132.7177,33.5121],[132.7173,33.5119],[132.7169,33.5118],[132.7166,33.5116],[132.7163,33.5114],[132.7159,33.5113],[132.7156,33.511],[132.7151,33.5108],[132.7146,33.5107],[132.7144,33.5106],[132.7144,33.5104],[132.7144,33.51],[132.7142,33.5098],[132.7139,33.5097],[132.7136,33.5098],[132.7129,33.5101],[132.7128,33.5102],[132.7123,33.5102],[132.7117,33.5101],[132.7115,33.51],[132.7113,33.5098],[132.7113,33.5096],[132.7111,33.5094],[132.7109,33.5091],[132.7104,33.5094],[132.71,33.5095],[132.7099,33.5094],[132.7095,33.5092],[132.7092,33.5091],[132.7085,33.5089],[132.7081,33.5089],[132.7077,33.5088],[132.7072,33.5087],[132.7071,33.5088],[132.7069,33.509],[132.7065,33.5091],[132.706,33.5093],[132.7055,33.5096],[132.705,33.5097],[132.7044,33.5099],[132.7042,33.51],[132.704,33.5101],[132.7036,33.51],[132.7033,33.5098],[132.7026,33.5095],[132.7023,33.5093],[132.7017,33.5092],[132.7014,33.5091],[132.7008,33.5091],[132.7004,33.5091],[132.6996,33.5093],[132.6994,33.5094],[132.6991,33.5094],[132.6979,33.5095],[132.6977,33.5094],[132.6977,33.5092],[132.6975,33.5091],[132.697,33.5089],[132.6967,33.5089],[132.6963,33.5088],[132.6958,33.5084],[132.695,33.5082],[132.6946,33.5081],[132.694,33.5082],[132.6934,33.5083],[132.6929,33.5082],[132.6926,33.5082],[132.6924,33.5083],[132.692,33.5085],[132.6919,33.5085],[132.6915,33.5083],[132.6911,33.5083],[132.691,33.5082],[132.6907,33.5078],[132.6904,33.5076],[132.69,33.5078],[132.6895,33.5078],[132.6885,33.5076],[132.6879,33.5076],[132.6874,33.5075],[132.687,33.5074],[132.6868,33.507],[132.6867,33.5067],[132.6867,33.5056],[132.6869,33.505],[132.687,33.5046],[132.687,33.5042],[132.6868,33.5039],[132.6865,33.5037],[132.6862,33.5037],[132.685,33.5038],[132.6845,33.5039],[132.6844,33.5038],[132.6843,33.5035],[132.6845,33.5031],[132.6845,33.5028],[132.6842,33.5024],[132.6841,33.5023],[132.6838,33.5023],[132.6834,33.5024],[132.6832,33.5024],[132.6831,33.5024],[132.6829,33.502],[132.6825,33.502],[132.6819,33.5021],[132.6817,33.5021],[132.6817,33.5019],[132.6816,33.5015],[132.6814,33.5012],[132.6808,33.5014],[132.6805,33.5014],[132.6802,33.5013],[132.6796,33.501],[132.6791,33.5009],[132.6787,33.5008],[132.6781,33.5008],[132.6778,33.5009],[132.6775,33.5008],[132.6773,33.5],[132.6773,33.4994],[132.677,33.4987],[132.677,33.498],[132.6769,33.4978],[132.6766,33.4976],[132.6762,33.4978],[132.6759,33.498],[132.6754,33.4983],[132.675,33.4984],[132.6746,33.4984],[132.6743,33.4984],[132.674,33.4983],[132.6737,33.4981],[132.6735,33.4979],[132.673,33.4972],[132.6726,33.497],[132.6722,33.4968],[132.6718,33.4966],[132.6715,33.4964],[132.6713,33.4956],[132.6711,33.4951],[132.6708,33.4947],[132.6705,33.4943],[132.6704,33.4935],[132.6701,33.4931],[132.6693,33.492],[132.6688,33.4915],[132.6685,33.4913],[132.6681,33.4911],[132.6675,33.4909],[132.6666,33.4907],[132.6662,33.4908],[132.6658,33.4909],[132.6651,33.4911],[132.6645,33.4914],[132.6642,33.4916],[132.6646,33.4918],[132.6652,33.4922],[132.6655,33.4923],[132.6658,33.4926],[132.6659,33.4929],[132.6659,33.4934],[132.6658,33.4936],[132.6656,33.4939],[132.6655,33.4942],[132.6654,33.4948],[132.6655,33.4954],[132.6656,33.4956],[132.6659,33.4959],[132.666,33.496],[132.666,33.4963],[132.666,33.4965],[132.6659,33.4969],[132.6658,33.497],[132.6654,33.4972],[132.6649,33.4974],[132.6648,33.4975],[132.6646,33.4978],[132.6645,33.4988],[132.6645,33.4993],[132.6644,33.4995],[132.6642,33.4998],[132.6631,33.5003],[132.6627,33.5005],[132.6624,33.5007],[132.6624,33.501],[132.6622,33.5015],[132.6621,33.5022],[132.6619,33.5025],[132.6616,33.5028],[132.6615,33.503],[132.6611,33.5034],[132.661,33.5035],[132.6608,33.5037],[132.6605,33.504],[132.6601,33.5044],[132.6595,33.5048],[132.659,33.505],[132.6586,33.5053],[132.6581,33.5056],[132.6578,33.5057],[132.6572,33.5058],[132.6567,33.5058],[132.6563,33.5057],[132.6557,33.5056],[132.6553,33.5056],[132.6552,33.5055],[132.654,33.5049],[132.6535,33.5045],[132.6532,33.5044],[132.6522,33.5041],[132.6514,33.5038],[132.6509,33.5036],[132.6501,33.5034],[132.65,33.5033],[132.6496,33.5032],[132.6492,33.503],[132.6488,33.5027],[132.6485,33.5025],[132.6481,33.5023],[132.6478,33.5021],[132.6475,33.5021],[132.6464,33.502],[132.646,33.502],[132.6455,33.5023],[132.6447,33.5025],[132.6439,33.5033],[132.6438,33.5035],[132.6434,33.5038],[132.6431,33.5042],[132.6429,33.5044],[132.6429,33.5049],[132.6429,33.5053],[132.6429,33.5061],[132.643,33.5066],[132.6431,33.507],[132.6437,33.5077],[132.6442,33.5082],[132.6446,33.5086],[132.6451,33.5094],[132.6453,33.5096],[132.6455,33.51],[132.6456,33.5101],[132.6451,33.5113],[132.6449,33.5119],[132.6447,33.5123],[132.6445,33.5128],[132.6442,33.5132],[132.6439,33.5138],[132.6438,33.5143],[132.6436,33.5144],[132.6422,33.5146],[132.6419,33.5147],[132.6409,33.5152],[132.6402,33.5153],[132.6399,33.5154],[132.6395,33.5157],[132.6392,33.5158],[132.6386,33.5158],[132.6382,33.5158],[132.6376,33.5156],[132.6373,33.5155],[132.6369,33.5156],[132.6366,33.5157],[132.6361,33.5159],[132.6355,33.5162],[132.6351,33.5166],[132.6348,33.5168],[132.6341,33.5166],[132.634,33.5167],[132.6339,33.5172],[132.6337,33.5174],[132.633,33.5176],[132.6327,33.5176],[132.6325,33.5178],[132.6323,33.5181],[132.6322,33.5184],[132.6321,33.5186],[132.6318,33.5188],[132.6313,33.5193],[132.6312,33.5195],[132.6308,33.52],[132.6307,33.5203],[132.6311,33.5207],[132.6312,33.521],[132.6312,33.5213],[132.6312,33.5218],[132.6314,33.5225],[132.6316,33.5232],[132.6317,33.5236],[132.6317,33.5242],[132.6318,33.5248],[132.6319,33.5254],[132.6319,33.5259],[132.6319,33.5262],[132.6314,33.5272],[132.6313,33.5277],[132.6312,33.528],[132.6309,33.5286],[132.6308,33.5289],[132.6307,33.5294],[132.6306,33.5299],[132.6307,33.5302],[132.6308,33.5306],[132.6309,33.531],[132.6311,33.5315],[132.6314,33.5321],[132.6315,33.5326],[132.6315,33.5329],[132.6314,33.5331],[132.6309,33.5338],[132.6306,33.5344],[132.63,33.5351],[132.6296,33.5356],[132.6298,33.5359],[132.63,33.5363],[132.6302,33.5368],[132.6305,33.5372],[132.6304,33.5377],[132.6305,33.538],[132.6307,33.5381],[132.631,33.5381],[132.6313,33.5381],[132.6319,33.5378],[132.6323,33.5381],[132.6327,33.5382],[132.6329,33.5381],[132.6331,33.5386],[132.6332,33.5387],[132.6335,33.5386],[132.6339,33.5382],[132.634,33.5381],[132.6343,33.5384],[132.6347,33.5384],[132.6351,33.5387],[132.6357,33.5389],[132.6359,33.5392],[132.6362,33.5394],[132.6368,33.5396],[132.637,33.5397],[132.6376,33.5406],[132.6382,33.5414],[132.6383,33.5416],[132.6382,33.5421],[132.6382,33.5427],[132.638,33.5432],[132.6375,33.5436],[132.6371,33.5439],[132.6369,33.5441],[132.6369,33.5445],[132.637,33.5451],[132.6375,33.5458],[132.6377,33.546],[132.638,33.5462],[132.6382,33.5464],[132.6382,33.5466],[132.6382,33.5472],[132.6383,33.5475],[132.6383,33.5481],[132.6384,33.5484],[132.6384,33.5488],[132.6385,33.5491],[132.6388,33.5491],[132.6392,33.5491],[132.6393,33.5492],[132.6393,33.5494],[132.6392,33.5498],[132.6393,33.5503],[132.6391,33.5508],[132.639,33.5509],[132.6387,33.5511],[132.6385,33.5513],[132.6389,33.5514],[132.6392,33.5514],[132.6396,33.5516],[132.6397,33.5518],[132.6397,33.5521],[132.6395,33.5523],[132.6394,33.5525],[132.6392,33.5528],[132.6389,33.5529],[132.6385,33.5529],[132.6378,33.553],[132.6374,33.5531],[132.6367,33.5532],[132.6366,33.5533],[132.6363,33.5536],[132.6362,33.5538],[132.6362,33.5546],[132.6361,33.5549],[132.6358,33.5553],[132.6357,33.5556],[132.6355,33.5558],[132.6352,33.5559],[132.6347,33.556],[132.6345,33.5564],[132.6344,33.5568],[132.6343,33.5571],[132.6341,33.5576],[132.6341,33.5578],[132.6341,33.5583],[132.634,33.5585],[132.6337,33.5589],[132.6337,33.559],[132.634,33.5595],[132.634,33.5597],[132.6339,33.5601],[132.6339,33.5606],[132.6341,33.561],[132.634,33.5614],[132.634,33.5618],[132.6341,33.5627],[132.634,33.563],[132.6337,33.5633],[132.6336,33.5636],[132.6338,33.564],[132.6337,33.5646],[132.6335,33.5656],[132.6332,33.5661],[132.633,33.5667],[132.6329,33.5671],[132.6327,33.5673],[132.6325,33.5674],[132.6321,33.5674],[132.6317,33.5672],[132.6311,33.5671],[132.6307,33.5671],[132.6297,33.567],[132.6293,33.5669],[132.629,33.5668],[132.6285,33.5664],[132.6277,33.5661],[132.6274,33.566],[132.6272,33.5661],[132.627,33.5664],[132.6267,33.5666],[132.6259,33.5668],[132.6257,33.567],[132.6255,33.5674],[132.6255,33.5677],[132.6255,33.5681],[132.6257,33.5683],[132.6257,33.5687],[132.6256,33.569],[132.6254,33.5693],[132.6251,33.5697],[132.625,33.5704],[132.6248,33.5709],[132.6245,33.5712],[132.6243,33.5714],[132.6243,33.5716],[132.6252,33.5718],[132.6255,33.5719],[132.6258,33.572],[132.6264,33.5722],[132.627,33.5724],[132.6277,33.5732],[132.628,33.5735],[132.6284,33.5738],[132.6291,33.5744],[132.6296,33.5747],[132.6302,33.5748],[132.6303,33.5749],[132.6307,33.5755],[132.6313,33.5759],[132.6319,33.5766],[132.632,33.577],[132.6322,33.5775],[132.6323,33.5779],[132.6323,33.5784],[132.6322,33.5785],[132.6318,33.5786],[132.6317,33.5788],[132.6314,33.5794],[132.631,33.5802],[132.6309,33.5806],[132.6307,33.581],[132.6306,33.5815],[132.63,33.582],[132.6299,33.5822],[132.6298,33.5825],[132.6296,33.583],[132.6297,33.5834],[132.6296,33.5836],[132.6292,33.5838],[132.6287,33.5841],[132.6283,33.5842],[132.6275,33.5847],[132.6269,33.5849],[132.6265,33.585],[132.6258,33.5853],[132.6254,33.5855],[132.6251,33.5859],[132.6247,33.5867],[132.6245,33.587],[132.6243,33.5875],[132.6242,33.5878],[132.624,33.5887],[132.6238,33.5889],[132.6234,33.5893],[132.6233,33.5895],[132.6233,33.5897],[132.6234,33.5905],[132.6235,33.5914],[132.6235,33.5916],[132.6236,33.5918],[132.6239,33.5922],[132.6239,33.5924],[132.6237,33.5929],[132.6234,33.5934],[132.6232,33.5939],[132.6232,33.5943],[132.6228,33.5942],[132.6223,33.5942],[132.6218,33.5945],[132.6215,33.5948],[132.6211,33.5955],[132.6208,33.5958],[132.6206,33.5958],[132.62,33.596],[132.6194,33.5964],[132.6186,33.5969],[132.618,33.5972],[132.6175,33.5972],[132.6172,33.5973],[132.6167,33.5978],[132.6164,33.5979],[132.6161,33.598],[132.6161,33.5982],[132.6161,33.5984],[132.6164,33.5988],[132.6165,33.5993],[132.6164,33.5995],[132.6163,33.5998],[132.6161,33.6003],[132.6161,33.6005],[132.6162,33.6008],[132.6161,33.6014],[132.6162,33.6016],[132.6162,33.6018],[132.6159,33.6033],[132.6159,33.6037],[132.6158,33.6039],[132.6155,33.6041],[132.6148,33.6044],[132.6146,33.6046],[132.6146,33.6049],[132.6146,33.6054],[132.6145,33.6059],[132.6144,33.6063],[132.614,33.607],[132.6139,33.6074],[132.6138,33.6079],[132.6138,33.6084],[132.6137,33.6091],[132.6137,33.6093],[132.6139,33.6097],[132.614,33.61],[132.614,33.6103],[132.614,33.6114],[132.6139,33.6117],[132.6139,33.6124],[132.614,33.6128],[132.6139,33.6131],[132.6136,33.6133],[132.6129,33.6136],[132.6127,33.6137],[132.6123,33.6141],[132.6118,33.6145],[132.6113,33.6147],[132.6109,33.615],[132.6105,33.6154],[132.6098,33.6158],[132.6095,33.6161],[132.6093,33.6163],[132.6088,33.6164],[132.6084,33.6167],[132.608,33.6168],[132.6078,33.6171],[132.6074,33.6173],[132.6067,33.6175],[132.6065,33.6177],[132.6064,33.6179],[132.606,33.6184],[132.6056,33.6187],[132.6053,33.6191],[132.6052,33.6193],[132.6054,33.62],[132.6054,33.6204],[132.6053,33.6212],[132.6052,33.6217],[132.6051,33.6219],[132.6046,33.6224],[132.6039,33.6226],[132.6033,33.6228],[132.6031,33.623],[132.6024,33.6229],[132.6022,33.6228],[132.6019,33.6227],[132.6015,33.6226],[132.601,33.6227],[132.6002,33.6226],[132.5998,33.6225],[132.5996,33.6223],[132.5994,33.6222],[132.5988,33.6222],[132.5985,33.6222],[132.5982,33.6223],[132.5976,33.6225],[132.5972,33.6226],[132.5956,33.6228],[132.595,33.6229],[132.5942,33.623],[132.5932,33.6231],[132.5928,33.623],[132.5926,33.6231],[132.5911,33.6235],[132.5909,33.6234],[132.5905,33.6233],[132.5902,33.6233],[132.5899,33.6233],[132.5897,33.6235],[132.5893,33.6237],[132.589,33.6239],[132.588,33.6242],[132.5876,33.6244],[132.5871,33.6247],[132.5864,33.6252],[132.5854,33.6259],[132.5849,33.6261],[132.5839,33.6264],[132.5832,33.6266],[132.583,33.6266],[132.5818,33.6264],[132.5811,33.6263],[132.581,33.6262],[132.5809,33.6261],[132.5809,33.6253],[132.5808,33.6251],[132.5803,33.6247],[132.5801,33.6245],[132.5798,33.6238],[132.5796,33.6233],[132.5789,33.6229],[132.5787,33.6226],[132.5786,33.6225],[132.5773,33.622],[132.5769,33.6217],[132.5766,33.6214],[132.576,33.621],[132.5759,33.6209],[132.5757,33.6202],[132.5757,33.6198],[132.5758,33.6193],[132.5759,33.619],[132.576,33.6188],[132.5759,33.6184],[132.5759,33.618],[132.5757,33.6178],[132.5756,33.6178],[132.5748,33.6177],[132.5741,33.6174],[132.5737,33.6172],[132.5735,33.6171],[132.5731,33.6168],[132.5726,33.6163],[132.5722,33.6158],[132.5716,33.6153],[132.5709,33.6149],[132.5703,33.6147],[132.5696,33.6142],[132.569,33.6138],[132.5687,33.6136],[132.5686,33.6134],[132.5686,33.6131],[132.5686,33.6128],[132.5688,33.6125],[132.5689,33.6124],[132.5687,33.6111],[132.5683,33.6104],[132.5682,33.6096],[132.568,33.6094],[132.5678,33.6094],[132.5672,33.6095],[132.567,33.6094],[132.5669,33.6092],[132.5668,33.6088],[132.5663,33.6086],[132.566,33.6084],[132.5653,33.6081],[132.5651,33.6079],[132.5651,33.6076],[132.5651,33.6073],[132.5651,33.6071],[132.5649,33.6069],[132.5648,33.6065],[132.5648,33.6064],[132.5641,33.606],[132.5635,33.6053],[132.5632,33.6051],[132.5627,33.6048],[132.5624,33.6045],[132.5623,33.6043],[132.5621,33.6039],[132.5607,33.6023],[132.5605,33.602],[132.5596,33.6021],[132.5591,33.6022],[132.5588,33.6025],[132.5585,33.603],[132.5581,33.6033],[132.558,33.6035],[132.5579,33.6041],[132.5578,33.6042],[132.5573,33.6043],[132.5571,33.6044],[132.5568,33.6046],[132.5565,33.6052],[132.5563,33.6052],[132.5558,33.6051],[132.5553,33.6052],[132.5544,33.6055],[132.554,33.6057],[132.5537,33.6061],[132.5535,33.6063],[132.5535,33.6067],[132.5536,33.6069],[132.5539,33.6074],[132.5539,33.6076],[132.5538,33.6078],[132.5533,33.6083],[132.553,33.6086],[132.5527,33.6091],[132.5525,33.6093],[132.5525,33.6096],[132.5525,33.6098],[132.5529,33.6102],[132.5531,33.6107],[132.5531,33.611],[132.553,33.6112],[132.5527,33.6114],[132.5524,33.6118],[132.5523,33.612],[132.5523,33.6122],[132.5523,33.6124],[132.5526,33.6128],[132.553,33.6131],[132.5533,33.6134],[132.5534,33.6136],[132.5534,33.614],[132.5536,33.6145],[132.5536,33.6147],[132.5532,33.615],[132.553,33.6153],[132.5528,33.6156],[132.5521,33.6161],[132.5515,33.6162],[132.5511,33.6164],[132.5505,33.6168],[132.5502,33.6173],[132.5497,33.6177],[132.5492,33.6183],[132.5489,33.6187],[132.5488,33.6188],[132.5488,33.619],[132.5493,33.62],[132.5493,33.6206],[132.5493,33.6209],[132.5491,33.6212],[132.5489,33.6213],[132.5481,33.6219],[132.5475,33.6222],[132.5471,33.6223],[132.5452,33.6222],[132.5447,33.6222],[132.5444,33.6223],[132.544,33.6225],[132.5438,33.6228],[132.5437,33.623],[132.5436,33.6233],[132.5436,33.6237],[132.5433,33.624],[132.5432,33.6246],[132.5431,33.6249],[132.5431,33.6252],[132.543,33.6255],[132.5425,33.6256],[132.542,33.6257],[132.5417,33.626],[132.5411,33.6262],[132.541,33.6264],[132.5405,33.6274],[132.5402,33.6275],[132.5393,33.6276],[132.5391,33.6278],[132.539,33.628],[132.5389,33.6282],[132.5386,33.6282],[132.5383,33.6282],[132.5381,33.6283],[132.5378,33.6287],[132.5376,33.6291],[132.5376,33.6294],[132.5372,33.6298],[132.5371,33.6304],[132.5369,33.6306],[132.5367,33.6307],[132.5364,33.631],[132.5359,33.6314],[132.5356,33.6317],[132.5353,33.632],[132.5353,33.6323],[132.535,33.6327],[132.5347,33.6331],[132.5346,33.6335],[132.5345,33.6337],[132.5341,33.6339],[132.534,33.6341],[132.5339,33.6344],[132.5338,33.6345],[132.5334,33.6346],[132.5329,33.6351],[132.5326,33.6355],[132.5322,33.6362],[132.5317,33.6365],[132.5317,33.6366],[132.5316,33.6369],[132.5314,33.6374],[132.5313,33.6377],[132.5311,33.6376],[132.5309,33.6378],[132.5308,33.6377],[132.531,33.6375],[132.5304,33.6371],[132.5297,33.6366],[132.5291,33.6362],[132.5287,33.636],[132.5281,33.6357],[132.5274,33.6354],[132.5273,33.6355],[132.5271,33.6354],[132.5266,33.6358],[132.5264,33.636],[132.5259,33.6364],[132.5249,33.6359],[132.5248,33.6356],[132.5239,33.6355],[132.524,33.6355],[132.5248,33.6356],[132.525,33.6359],[132.5259,33.6364],[132.5263,33.636],[132.5261,33.6359],[132.5257,33.6356],[132.5258,33.6354],[132.5266,33.6357],[132.5268,33.6355],[132.5267,33.6353],[132.5261,33.6348],[132.5254,33.6344],[132.5252,33.6349],[132.5254,33.6354],[132.5252,33.6351],[132.5243,33.6348],[132.5242,33.6351],[132.5241,33.635],[132.5242,33.6348],[132.5243,33.6339],[132.5238,33.6338],[132.5232,33.6336],[132.522,33.6328],[132.5217,33.633],[132.5215,33.6329],[132.5218,33.6327],[132.5203,33.6319],[132.5201,33.632],[132.5198,33.6318],[132.5199,33.6317],[132.5183,33.6309],[132.5179,33.6306],[132.5176,33.6303],[132.5172,33.6299],[132.5168,33.6296],[132.5165,33.6294],[132.5157,33.629],[132.5151,33.6289],[132.514,33.6289],[132.5132,33.6287],[132.5123,33.6283],[132.5118,33.628],[132.5111,33.6276],[132.5108,33.6272],[132.5107,33.6274],[132.5098,33.6283],[132.5092,33.629],[132.5081,33.6303],[132.5073,33.6299],[132.5055,33.6287],[132.5047,33.6282],[132.5034,33.6263],[132.5021,33.6255],[132.5016,33.626],[132.5015,33.6261],[132.5008,33.6257],[132.499,33.6246],[132.4989,33.6246],[132.4972,33.6235],[132.4962,33.6229],[132.496,33.623],[132.4946,33.6221],[132.4947,33.622],[132.4937,33.6213],[132.4919,33.6202],[132.4918,33.6201],[132.4926,33.6192],[132.4906,33.618],[132.4898,33.6189],[132.491,33.6174],[132.4909,33.6174],[132.4909,33.6172],[132.4903,33.617],[132.4901,33.6175],[132.4872,33.6168],[132.4864,33.6168],[132.4864,33.6166],[132.4862,33.6166],[132.4861,33.6163],[132.4865,33.6161],[132.4863,33.6157],[132.4858,33.6158],[132.4857,33.6157],[132.485,33.6157],[132.4849,33.6159],[132.4851,33.6162],[132.485,33.6162],[132.4844,33.615],[132.4835,33.6153],[132.4839,33.616],[132.483,33.6163],[132.4827,33.6158],[132.4818,33.6161],[132.482,33.6164],[132.4819,33.6165],[132.4822,33.617],[132.4824,33.6169],[132.4828,33.6172],[132.4839,33.6179],[132.4861,33.6179],[132.4895,33.6199],[132.486,33.6179],[132.4856,33.6179],[132.4837,33.6202],[132.4836,33.6202],[132.484,33.6198],[132.4836,33.6195],[132.4834,33.6197],[132.4831,33.6196],[132.4834,33.6192],[132.4838,33.6187],[132.4832,33.6184],[132.4817,33.6175],[132.4803,33.6192],[132.483,33.6207],[132.4829,33.6208],[132.4817,33.62],[132.4797,33.6189],[132.4796,33.6189],[132.4798,33.618],[132.4798,33.6178],[132.48,33.617],[132.4798,33.6169],[132.4795,33.6168],[132.479,33.6167],[132.4786,33.6168],[132.4785,33.6168],[132.4783,33.6165],[132.4785,33.6162],[132.4785,33.6158],[132.4783,33.6157],[132.4784,33.6156],[132.4782,33.6153],[132.4782,33.615],[132.4782,33.6149],[132.4782,33.6146],[132.4781,33.6139],[132.478,33.6137],[132.4778,33.6131],[132.4778,33.6128],[132.4756,33.6114],[132.4756,33.6113],[132.4745,33.6115],[132.474,33.6116],[132.4735,33.6096],[132.4736,33.6095],[132.4741,33.6115],[132.4751,33.6113],[132.4747,33.6098],[132.4749,33.6097],[132.4751,33.609],[132.4751,33.6087],[132.4746,33.6071],[132.4743,33.6067],[132.4737,33.6063],[132.4735,33.6062],[132.4732,33.6059],[132.4729,33.6053],[132.4725,33.6048],[132.472,33.6044],[132.4716,33.604],[132.4712,33.6039],[132.4702,33.6039],[132.4697,33.6041],[132.4694,33.604],[132.469,33.6038],[132.469,33.6037],[132.4684,33.6032],[132.4681,33.6029],[132.4675,33.6024],[132.4668,33.6019],[132.4666,33.6016],[132.4662,33.601],[132.466,33.6009],[132.4656,33.601],[132.4652,33.601],[132.4648,33.6009],[132.4647,33.6008],[132.4645,33.6008],[132.4644,33.6005],[132.4644,33.6003],[132.4643,33.6002],[132.4638,33.6003],[132.4634,33.6002],[132.4632,33.6001],[132.4628,33.6001],[132.4626,33.5998],[132.4624,33.5996],[132.4625,33.5995],[132.4626,33.5993],[132.4623,33.5985],[132.462,33.598],[132.4619,33.5976],[132.4611,33.597],[132.4609,33.5969],[132.4607,33.5966],[132.4605,33.5964],[132.4601,33.5963],[132.4597,33.5964],[132.4597,33.5962],[132.4594,33.5961],[132.4591,33.5961],[132.459,33.596],[132.4586,33.5961],[132.4584,33.596],[132.4584,33.5959],[132.4578,33.5956],[132.4578,33.5954],[132.4576,33.5953],[132.4575,33.5954],[132.4574,33.5952],[132.457,33.5951],[132.4568,33.5948],[132.4569,33.5945],[132.4571,33.5945],[132.4573,33.5946],[132.4575,33.5943],[132.4574,33.5939],[132.4575,33.5937],[132.4577,33.5934],[132.4578,33.5932],[132.4577,33.5929],[132.4574,33.5928],[132.4574,33.5926],[132.4573,33.5924],[132.4576,33.5924],[132.4578,33.5917],[132.4578,33.5914],[132.4577,33.591],[132.4576,33.5907],[132.4572,33.5902],[132.4567,33.5898],[132.4565,33.5902],[132.4564,33.5901],[132.4567,33.5898],[132.4565,33.5896],[132.4561,33.5888],[132.456,33.5885],[132.4557,33.5882],[132.455,33.5877],[132.4538,33.5868],[132.453,33.5863],[132.4518,33.5856],[132.4505,33.5846],[132.4502,33.5846],[132.4502,33.5845],[132.45,33.5844],[132.4499,33.5842],[132.4499,33.584],[132.4495,33.5837],[132.449,33.5834],[132.4488,33.5836],[132.4485,33.5834],[132.4482,33.5832],[132.4485,33.5832],[132.4485,33.5831],[132.4483,33.5828],[132.4482,33.5826],[132.448,33.5825],[132.4479,33.5824],[132.4477,33.5824],[132.4478,33.5822],[132.4478,33.582],[132.4475,33.5818],[132.4476,33.5816],[132.4474,33.5812],[132.4474,33.581],[132.4472,33.5808],[132.4469,33.581],[132.4466,33.581],[132.4467,33.5808],[132.4465,33.5805],[132.4463,33.5804],[132.4466,33.5803],[132.4464,33.5795],[132.4461,33.579],[132.4457,33.5786],[132.4453,33.5783],[132.4445,33.5779],[132.4434,33.5772],[132.4431,33.577],[132.4425,33.5768],[132.442,33.5765],[132.4417,33.576],[132.4416,33.5755],[132.4417,33.5753],[132.4424,33.5746],[132.4417,33.5742],[132.4418,33.5741],[132.4421,33.5738],[132.4422,33.5735],[132.4419,33.5731],[132.4415,33.5733],[132.4414,33.573],[132.4414,33.5729],[132.441,33.5727],[132.4408,33.5727],[132.4407,33.5732],[132.441,33.5741],[132.4409,33.574],[132.4407,33.5733],[132.4407,33.573],[132.4405,33.573],[132.4404,33.5733],[132.4392,33.5731],[132.4391,33.5737],[132.4401,33.5742],[132.4401,33.5743],[132.4388,33.5737],[132.439,33.5725],[132.4388,33.5725],[132.4384,33.5722],[132.4372,33.5717],[132.4369,33.5717],[132.4366,33.5714],[132.4363,33.5712],[132.4357,33.5706],[132.4354,33.5705],[132.4354,33.5704],[132.4352,33.5702],[132.435,33.5702],[132.4349,33.57],[132.4349,33.5699],[132.4344,33.5694],[132.4335,33.5685],[132.4334,33.5685],[132.4334,33.5683],[132.4332,33.5683],[132.4332,33.568],[132.4333,33.568],[132.4334,33.5677],[132.4335,33.5674],[132.4333,33.5673],[132.4332,33.567],[132.4336,33.5671],[132.4337,33.5666],[132.4337,33.5664],[132.4336,33.5663],[132.4333,33.5662],[132.4334,33.566],[132.4335,33.566],[132.4337,33.5659],[132.4335,33.5654],[132.4333,33.5653],[132.4332,33.5649],[132.4332,33.5647],[132.4329,33.5639],[132.4331,33.5633],[132.4328,33.5633],[132.4327,33.5633],[132.4328,33.563],[132.433,33.563],[132.4333,33.5632],[132.4338,33.5629],[132.4343,33.5628],[132.4345,33.5626],[132.4346,33.5621],[132.4346,33.5615],[132.4345,33.5611],[132.4344,33.5608],[132.4337,33.5596],[132.4333,33.5592],[132.433,33.5589],[132.4328,33.559],[132.4328,33.5588],[132.4326,33.5587],[132.4322,33.5585],[132.4319,33.5583],[132.4315,33.5583],[132.4313,33.5586],[132.4313,33.5588],[132.4319,33.5591],[132.432,33.5595],[132.4318,33.5592],[132.4312,33.5588],[132.4308,33.5582],[132.4304,33.558],[132.4297,33.5575],[132.4286,33.5566],[132.4279,33.556],[132.4268,33.5547],[132.4265,33.5549],[132.4264,33.5548],[132.4266,33.5546],[132.4266,33.5542],[132.4264,33.5541],[132.4266,33.5539],[132.4266,33.5536],[132.4264,33.5535],[132.4264,33.5531],[132.4261,33.5529],[132.4259,33.553],[132.4259,33.5528],[132.4261,33.5526],[132.4261,33.5524],[132.426,33.552],[132.4257,33.5517],[132.4254,33.5518],[132.4253,33.5516]],[[132.44,33.5751],[132.44,33.5752],[132.4413,33.5753],[132.44,33.5751]],[[132.4783,33.6167],[132.478,33.6162],[132.4779,33.6163],[132.4786,33.6174],[132.4788,33.6173],[132.4783,33.6167]],[[132.4965,33.631],[132.4921,33.6282],[132.492,33.6283],[132.4965,33.631]]]},"properties":{"N03_001":"愛媛県","N03_002":"","N03_003":"","N03_004":"大洲市","N03_007":"38207"}},
{"type":"Feature","geometry":{"type":"Polygon","coordinates":[[[132.5313,33.6377],[132.5314,33.6374],[132.5316,33.6369],[132.5317,33.6366],[132.5317,33.6365],[132.5322,33.6362],[132.5326,33.6355],[132.5329,33.6351],[132.5334,33.6346],[132.5338,33.6345],[132.5339,33.6344],[132.534,33.6341],[132.5341,33.6339],[132.5345,33.6337],[132.5346,33.6335],[132.5347,33.6331],[132.535,33.6327],[132.5353,33.6323],[132.5353,33.632],[132.5356,33.6317],[132.5359,33.6314],[132.5364,33.631],[132.5367,33.6307],[132.5369,33.6306],[132.5371,33.6304],[132.5372,33.6298],[132.5376,33.6294],[132.5376,33.6291],[132.5378,33.6287],[132.5381,33.6283],[132.5383,33.6282],[132.5386,33.6282],[132.5389,33.6282],[132.539,33.628],[132.5391,33.6278],[132.5393,33.6276],[132.5402,33.6275],[132.5405,33.6274],[132.541,33.6264],[132.5411,33.6262],[132.5417,33.626],[132.542,33.6257],[132.5425,33.6256],[132.543,33.6255],[132.5431,33.6252],[132.5431,33.6249],[132.5432,33.6246],[132.5433,33.624],[132.5436,33.6237],[132.5436,33.6233],[132.5437,33.623],[132.5438,33.6228],[132.544,33.6225],[132.5444,33.6223],[132.5447,33.6222],[132.5452,33.6222],[132.5471,33.6223],[132.5475,33.6222],[132.5481,33.6219],[132.5489,33.6213],[132.5491,33.6212],[132.5493,33.6209],[132.5493,33.6206],[132.5493,33.62],[132.5488,33.619],[132.5488,33.6188],[132.5489,33.6187],[132.5492,33.6183],[132.5497,33.6177],[132.5502,33.6173],[132.5505,33.6168],[132.5511,33.6164],[132.5515,33.6162],[132.5521,33.6161],[132.5528,33.6156],[132.553,33.6153],[132.5532,33.615],[132.5536,33.6147],[132.5536,33.6145],[132.5534,33.614],[132.5534,33.6136],[132.5533,33.6134],[132.553,33.6131],[132.5526,33.6128],[132.5523,33.6124],[132.5523,33.6122],[132.5523,33.612],[132.5524,33.6118],[132.5527,33.6114],[132.553,33.6112],[132.5531,33.611],[132.5531,33.6107],[132.5529,33.6102],[132.5525,33.6098],[132.5525,33.6096],[132.5525,33.6093],[132.5527,33.6091],[132.553,33.6086],[132.5533,33.6083],[132.5538,33.6078],[132.5539,33.6076],[132.5539,33.6074],[132.5536,33.6069],[132.5535,33.6067],[132.5535,33.6063],[132.5537,33.6061],[132.554,33.6057],[132.5544,33.6055],[132.5553,33.6052],[132.5558,33.6051],[132.5563,33.6052],[132.5565,33.6052],[132.5568,33.6046],[132.5571,33.6044],[132.5573,33.6043],[132.5578,33.6042],[132.5579,33.6041],[132.558,33.6035],[132.5581,33.6033],[132.5585,33.603],[132.5588,33.6025],[132.5591,33.6022],[132.5596,33.6021],[132.5605,33.602],[132.5607,33.6023],[132.5621,33.6039],[132.5623,33.6043],[132.5624,33.6045],[132.5627,33.6048],[132.5632,33.6051],[132.5635,33.6053],[132.5641,33.606],[132.5648,33.6064],[132.5648,33.6065],[132.5649,33.6069],[132.5651,33.6071],[132.5651,33.6073],[132.5651,33.6076],[132.5651,33.6079],[132.5653,33.6081],[132.566,33.6084],[132.5663,33.6086],[132.5668,33.6088],[132.5669,33.6092],[132.567,33.6094],[132.5672,33.6095],[132.5678,33.6094],[132.568,33.6094],[132.5682,33.6096],[132.5683,33.6104],[132.5687,33.6111],[132.5689,33.6124],[132.5688,33.6125],[132.5686,33.6128],[132.5686,33.6131],[132.5686,33.6134],[132.5687,33.6136],[132.569,33.6138],[132.5696,33.6142],[132.5703,33.6147],[132.5709,33.6149],[132.5716,33.6153],[132.5722,33.6158],[132.5726,33.6163],[132.5731,33.6168],[132.5735,33.6171],[132.5737,33.6172],[132.5741,33.6174],[132.5748,33.6177],[132.5756,33.6178],[132.5757,33.6178],[132.5759,33.618],[132.5759,33.6184],[132.576,33.6188],[132.5759,33.619],[132.5758,33.6193],[132.5757,33.6198],[132.5757,33.6202],[132.5759,33.6209],[132.576,33.621],[132.5766,33.6214],[132.5769,33.6217],[132.5773,33.622],[132.5786,33.6225],[132.5787,33.6226],[132.5789,33.6229],[132.5796,33.6233],[132.5798,33.6238],[132.5801,33.6245],[132.5803,33.6247],[132.5808,33.6251],[132.5809,33.6253],[132.5809,33.6261],[132.581,33.6262],[132.5811,33.6263],[132.5818,33.6264],[132.583,33.6266],[132.5832,33.6266],[132.5839,33.6264],[132.5849,33.6261],[132.5854,33.6259],[132.5864,33.6252],[132.5871,33.6247],[132.5876,33.6244],[132.588,33.6242],[132.589,33.6239],[132.5893,33.6237],[132.5897,33.6235],[132.5899,33.6233],[132.5902,33.6233],[132.5905,33.6233],[132.5909,33.6234],[132.5911,33.6235],[132.5926,33.6231],[132.5928,33.623],[132.5932,33.6231],[132.5942,33.623],[132.595,33.6229],[132.5956,33.6228],[132.5972,33.6226],[132.5976,33.6225],[132.5982,33.6223],[132.5985,33.6222],[132.5988,33.6222],[132.5994,33.6222],[132.5996,33.6223],[132.5998,33.6225],[132.6002,33.6226],[132.601,33.6227],[132.6015,33.6226],[132.6019,33.6227],[132.6022,33.6228],[132.6024,33.6229],[132.6031,33.623],[132.6033,33.6231],[132.6033,33.6233],[132.6031,33.6235],[132.6031,33.6237],[132.6032,33.6242],[132.6032,33.6245],[132.6031,33.625],[132.6027,33.6258],[132.6022,33.6264],[132.6022,33.6266],[132.6024,33.6269],[132.6031,33.6278],[132.6036,33.6287],[132.604,33.6292],[132.6041,33.6296],[132.6044,33.6301],[132.6045,33.6303],[132.6049,33.6304],[132.6052,33.6307],[132.6056,33.6312],[132.6057,33.6315],[132.6058,33.6318],[132.6057,33.6321],[132.6058,33.6323],[132.606,33.6325],[132.6066,33.6331],[132.6071,33.6335],[132.6074,33.6336],[132.6074,33.6337],[132.6075,33.6341],[132.6078,33.6348],[132.6078,33.6351],[132.6079,33.6353],[132.6083,33.6357],[132.6085,33.6359],[132.6087,33.6363],[132.6087,33.6368],[132.6088,33.637],[132.609,33.6372],[132.6091,33.6377],[132.6092,33.638],[132.6099,33.6385],[132.6103,33.6387],[132.6109,33.6392],[132.6113,33.6395],[132.6117,33.6394],[132.612,33.6395],[132.613,33.64],[132.6132,33.6402],[132.6137,33.6407],[132.6155,33.6426],[132.616,33.6431],[132.6162,33.6433],[132.6165,33.6436],[132.6168,33.6439],[132.6169,33.6443],[132.6172,33.6452],[132.6173,33.6456],[132.6178,33.646],[132.6187,33.6465],[132.6188,33.6466],[132.6188,33.6471],[132.6188,33.6476],[132.6187,33.6482],[132.6185,33.6489],[132.6184,33.6493],[132.6185,33.6495],[132.6186,33.6497],[132.6189,33.6499],[132.6194,33.6502],[132.6196,33.6503],[132.6198,33.6504],[132.6202,33.6504],[132.6203,33.6503],[132.6206,33.6501],[132.6207,33.6501],[132.6208,33.6502],[132.6211,33.6504],[132.6218,33.6504],[132.6225,33.6505],[132.6226,33.6505],[132.6234,33.6502],[132.624,33.6498],[132.6243,33.6497],[132.6248,33.6496],[132.6254,33.6496],[132.626,33.6495],[132.6264,33.6494],[132.627,33.6491],[132.6273,33.649],[132.6279,33.6491],[132.6281,33.6492],[132.6291,33.649],[132.6293,33.649],[132.6295,33.6493],[132.6297,33.6494],[132.6303,33.6495],[132.6306,33.6496],[132.6309,33.6497],[132.6312,33.6497],[132.6314,33.6498],[132.6317,33.6499],[132.6319,33.6503],[132.6319,33.6507],[132.6321,33.6511],[132.6329,33.6522],[132.633,33.6525],[132.6334,33.6528],[132.6335,33.6531],[132.6339,33.6533],[132.6347,33.6533],[132.635,33.6534],[132.6357,33.6537],[132.6364,33.6539],[132.6369,33.654],[132.6377,33.6543],[132.6382,33.6545],[132.639,33.6547],[132.6397,33.6548],[132.6406,33.6548],[132.6411,33.6547],[132.6418,33.6549],[132.6422,33.6549],[132.6424,33.655],[132.6428,33.655],[132.6433,33.6551],[132.6436,33.6551],[132.6443,33.6547],[132.6447,33.6544],[132.6449,33.6543],[132.6456,33.6542],[132.646,33.6542],[132.6462,33.6543],[132.6466,33.6545],[132.6469,33.6547],[132.6472,33.6547],[132.6477,33.655],[132.648,33.655],[132.6486,33.6551],[132.649,33.655],[132.6493,33.6549],[132.6494,33.6548],[132.6496,33.6544],[132.6499,33.6539],[132.6501,33.6536],[132.6508,33.6529],[132.651,33.6527],[132.6514,33.6526],[132.6516,33.6523],[132.6519,33.6521],[132.6519,33.6519],[132.6519,33.6515],[132.6518,33.6511],[132.6517,33.6508],[132.6518,33.6505],[132.652,33.65],[132.6521,33.6494],[132.6519,33.649],[132.6519,33.6487],[132.652,33.6484],[132.652,33.648],[132.6522,33.6474],[132.6525,33.6469],[132.6526,33.6467],[132.6527,33.6461],[132.6528,33.6459],[132.6525,33.645],[132.6524,33.6448],[132.6522,33.6443],[132.652,33.6441],[132.6519,33.6436],[132.6519,33.6431],[132.6522,33.6428],[132.6525,33.6426],[132.6529,33.6423],[132.6532,33.6419],[132.6534,33.6417],[132.6537,33.6415],[132.6537,33.6414],[132.6537,33.641],[132.6537,33.6405],[132.6537,33.6401],[132.6538,33.64],[132.6542,33.6395],[132.6544,33.6392],[132.6546,33.6389],[132.6546,33.6385],[132.6545,33.6384],[132.6542,33.6378],[132.6541,33.6374],[132.654,33.637],[132.654,33.6367],[132.654,33.6362],[132.6538,33.6359],[132.6535,33.6356],[132.6534,33.6353],[132.6535,33.635],[132.6536,33.6347],[132.6538,33.6341],[132.6539,33.6337],[132.6539,33.6335],[132.654,33.6328],[132.654,33.6326],[132.6537,33.6322],[132.6536,33.6318],[132.6535,33.631],[132.6534,33.6307],[132.6533,33.6304],[132.6535,33.6298],[132.6534,33.6294],[132.6535,33.6292],[132.6537,33.6289],[132.6539,33.6287],[132.6538,33.6279],[132.6536,33.6277],[132.653,33.6273],[132.6527,33.6267],[132.6523,33.626],[132.6522,33.6259],[132.6517,33.6255],[132.6515,33.6253],[132.6514,33.6251],[132.6514,33.6249],[132.6515,33.6244],[132.6515,33.6242],[132.651,33.6236],[132.6509,33.6231],[132.651,33.623],[132.6512,33.6227],[132.6517,33.6223],[132.6522,33.6219],[132.6526,33.6217],[132.6528,33.6216],[132.653,33.6211],[132.6535,33.6204],[132.6539,33.6201],[132.6541,33.6201],[132.6545,33.6203],[132.6552,33.6206],[132.656,33.6208],[132.6565,33.6209],[132.6572,33.621],[132.6577,33.6209],[132.6582,33.6209],[132.6585,33.6206],[132.6588,33.6204],[132.6592,33.6199],[132.6593,33.6195],[132.6593,33.6187],[132.6594,33.6183],[132.6595,33.6178],[132.6598,33.6171],[132.66,33.6169],[132.6603,33.6167],[132.6605,33.6166],[132.6611,33.6162],[132.6613,33.6162],[132.6618,33.6164],[132.6622,33.6167],[132.663,33.6171],[132.6636,33.6174],[132.6642,33.6178],[132.6648,33.618],[132.6655,33.6184],[132.6658,33.6186],[132.6662,33.6191],[132.6665,33.6195],[132.6667,33.6197],[132.6671,33.62],[132.6675,33.6202],[132.6679,33.6201],[132.6682,33.62],[132.669,33.6199],[132.67,33.62],[132.6704,33.62],[132.6711,33.6199],[132.6713,33.62],[132.6714,33.6202],[132.6715,33.6203],[132.6718,33.6202],[132.6722,33.6202],[132.6729,33.6205],[132.6734,33.6205],[132.6737,33.6206],[132.6742,33.6208],[132.6746,33.6208],[132.6748,33.6209],[132.6752,33.6211],[132.6753,33.6211],[132.6757,33.621],[132.6763,33.621],[132.6764,33.6209],[132.6765,33.6205],[132.6766,33.6201],[132.6765,33.6198],[132.6765,33.6194],[132.6768,33.6193],[132.6775,33.6183],[132.6775,33.6181],[132.6775,33.6178],[132.6774,33.6175],[132.6775,33.6172],[132.6779,33.6166],[132.678,33.6162],[132.6783,33.6159],[132.6786,33.616],[132.6787,33.6163],[132.6791,33.6164],[132.6794,33.6166],[132.6798,33.6169],[132.68,33.6171],[132.68,33.6174],[132.6798,33.6177],[132.6798,33.6179],[132.68,33.618],[132.6807,33.6179],[132.6809,33.618],[132.6813,33.6182],[132.6816,33.6182],[132.6819,33.6181],[132.6822,33.618],[132.6827,33.6181],[132.6828,33.6183],[132.683,33.6184],[132.6834,33.6182],[132.6835,33.6181],[132.6839,33.6181],[132.6841,33.6181],[132.6843,33.6178],[132.6845,33.6177],[132.6848,33.6177],[132.6852,33.6175],[132.6857,33.6174],[132.686,33.6175],[132.6862,33.6174],[132.6863,33.6173],[132.6867,33.617],[132.687,33.6167],[132.6872,33.6163],[132.6876,33.616],[132.6878,33.616],[132.6884,33.6161],[132.6887,33.6162],[132.6889,33.6163],[132.6891,33.6163],[132.6894,33.6162],[132.6905,33.617],[132.6908,33.6171],[132.691,33.617],[132.6911,33.6169],[132.6912,33.6164],[132.6912,33.6154],[132.6913,33.6152],[132.6915,33.6151],[132.6918,33.6151],[132.6925,33.6151],[132.6931,33.6144],[132.6937,33.6141],[132.6941,33.614],[132.6947,33.6139],[132.6948,33.6138],[132.6952,33.6136],[132.6964,33.6129],[132.6967,33.6127],[132.6971,33.6123],[132.6972,33.6123],[132.698,33.6118],[132.6983,33.6116],[132.6988,33.6113],[132.6996,33.6105],[132.7002,33.6102],[132.7005,33.6102],[132.7009,33.6102],[132.7023,33.6101],[132.7028,33.61],[132.7037,33.6096],[132.7047,33.6094],[132.7053,33.6094],[132.7059,33.6091],[132.706,33.6089],[132.7064,33.608],[132.7064,33.6078],[132.7064,33.6073],[132.7066,33.607],[132.707,33.6069],[132.7073,33.6067],[132.7077,33.6064],[132.7079,33.6062],[132.7082,33.6059],[132.7083,33.6058],[132.7086,33.6058],[132.7088,33.6061],[132.7088,33.6068],[132.7088,33.607],[132.7092,33.6075],[132.7095,33.6083],[132.7097,33.6084],[132.7107,33.6086],[132.7114,33.6088],[132.7118,33.609],[132.7124,33.6094],[132.7128,33.6096],[132.7131,33.6098],[132.7142,33.6104],[132.7146,33.6106],[132.7153,33.6109],[132.7166,33.6115],[132.717,33.6117],[132.7172,33.6117],[132.7174,33.6116],[132.7177,33.6114],[132.7181,33.6114],[132.7188,33.6116],[132.7193,33.6118],[132.7198,33.612],[132.7203,33.6123],[132.7207,33.6126],[132.7213,33.6125],[132.7215,33.6126],[132.7218,33.6129],[132.7221,33.6132],[132.7224,33.6136],[132.7225,33.614],[132.7229,33.6145],[132.7231,33.6147],[132.7232,33.6149],[132.7237,33.6156],[132.7243,33.6163],[132.7248,33.617],[132.7249,33.6175],[132.7248,33.6182],[132.7249,33.6186],[132.7252,33.6187],[132.7254,33.6188],[132.7257,33.6192],[132.7257,33.6196],[132.7265,33.6204],[132.7269,33.6207],[132.7274,33.6211],[132.7277,33.6213],[132.7278,33.6218],[132.7278,33.6221],[132.7279,33.6226],[132.7281,33.6228],[132.7282,33.6233],[132.7283,33.6238],[132.7283,33.6241],[132.7283,33.6246],[132.7283,33.6249],[132.7288,33.6251],[132.729,33.6253],[132.7292,33.6254],[132.73,33.6255],[132.7309,33.6258],[132.7312,33.6259],[132.7318,33.6261],[132.7324,33.6264],[132.7331,33.6265],[132.7337,33.6268],[132.734,33.6269],[132.7347,33.627],[132.7352,33.627],[132.7357,33.6268],[132.7359,33.6267],[132.7361,33.6262],[132.7362,33.626],[132.7365,33.6257],[132.7369,33.6246],[132.737,33.6243],[132.7374,33.6238],[132.7376,33.6238],[132.7378,33.6238],[132.7381,33.6241],[132.7383,33.6242],[132.7389,33.6242],[132.7391,33.6243],[132.7393,33.6245],[132.7401,33.6245],[132.7403,33.6246],[132.741,33.625],[132.7413,33.6253],[132.7416,33.6262],[132.7418,33.6264],[132.742,33.6264],[132.7424,33.6268],[132.7425,33.6271],[132.7427,33.6273],[132.743,33.6273],[132.7435,33.6271],[132.7444,33.6271],[132.7446,33.6272],[132.7449,33.6275],[132.7456,33.6277],[132.7458,33.6279],[132.7459,33.6283],[132.7462,33.6288],[132.7466,33.6291],[132.7467,33.6297],[132.7469,33.6299],[132.747,33.6301],[132.747,33.6305],[132.7471,33.6306],[132.7475,33.6309],[132.7477,33.631],[132.7488,33.6313],[132.7489,33.6315],[132.7491,33.6318],[132.7492,33.632],[132.7496,33.6323],[132.7496,33.6329],[132.7495,33.6333],[132.7496,33.6342],[132.7497,33.6343],[132.7499,33.6345],[132.7502,33.6346],[132.7504,33.6347],[132.7504,33.6354],[132.7505,33.6357],[132.7507,33.6363],[132.751,33.6366],[132.7515,33.6369],[132.7519,33.6371],[132.7523,33.6373],[132.7525,33.6376],[132.7527,33.6379],[132.7527,33.6381],[132.7529,33.6388],[132.7529,33.6392],[132.753,33.6396],[132.7532,33.6398],[132.7539,33.6403],[132.7542,33.6409],[132.7543,33.6412],[132.7542,33.6414],[132.754,33.6421],[132.7535,33.6424],[132.7535,33.6427],[132.7534,33.6432],[132.7528,33.6431],[132.7529,33.6433],[132.7536,33.6439],[132.7539,33.6441],[132.7542,33.6441],[132.7548,33.6441],[132.7549,33.6443],[132.7562,33.6457],[132.7565,33.6458],[132.7571,33.6461],[132.7575,33.6462],[132.7587,33.6461],[132.76,33.6459],[132.7621,33.6456],[132.7625,33.6456],[132.7628,33.6457],[132.763,33.6459],[132.7636,33.6466],[132.7645,33.6475],[132.7646,33.6476],[132.7643,33.6485],[132.7643,33.6488],[132.7644,33.649],[132.7647,33.6494],[132.7645,33.6499],[132.7643,33.6506],[132.7642,33.6508],[132.764,33.651],[132.764,33.6512],[132.7642,33.6517],[132.7644,33.6523],[132.7646,33.6533],[132.7648,33.6539],[132.7652,33.655],[132.7653,33.6552],[132.7657,33.6557],[132.7659,33.6561],[132.7661,33.6564],[132.7661,33.657],[132.7662,33.6573],[132.7662,33.6576],[132.7659,33.658],[132.7659,33.6583],[132.7659,33.6585],[132.7658,33.6586],[132.7655,33.6587],[132.7655,33.6589],[132.7656,33.6593],[132.7657,33.6597],[132.7655,33.6603],[132.7655,33.6605],[132.7657,33.6608],[132.7668,33.6617],[132.7673,33.6621],[132.768,33.6629],[132.7682,33.6633],[132.7683,33.6636],[132.7686,33.6638],[132.769,33.6641],[132.7692,33.6642],[132.7692,33.6644],[132.7691,33.665],[132.7692,33.6655],[132.7692,33.6656],[132.7697,33.6659],[132.7699,33.6663],[132.77,33.6664],[132.7705,33.6666],[132.7709,33.6669],[132.7713,33.6672],[132.7715,33.6674],[132.7717,33.6675],[132.7722,33.6676],[132.773,33.6678],[132.7732,33.668],[132.7731,33.6687],[132.7732,33.6692],[132.773,33.6693],[132.7722,33.6697],[132.7719,33.6698],[132.7718,33.6701],[132.7716,33.6703],[132.7716,33.671],[132.7715,33.6718],[132.7716,33.6721],[132.7722,33.6727],[132.7723,33.6729],[132.7728,33.6735],[132.7732,33.6737],[132.7737,33.6741],[132.7742,33.6744],[132.7746,33.6746],[132.7749,33.6751],[132.775,33.6758],[132.775,33.676],[132.7752,33.6761],[132.7754,33.6763],[132.7758,33.6764],[132.7762,33.6765],[132.7765,33.6765],[132.7768,33.6765],[132.777,33.6767],[132.7774,33.677],[132.7781,33.6771],[132.7787,33.6774],[132.779,33.6777],[132.7793,33.6778],[132.7796,33.6778],[132.7802,33.6778],[132.7805,33.678],[132.7807,33.6781],[132.7809,33.6784],[132.7809,33.6787],[132.7818,33.6792],[132.7822,33.6796],[132.7821,33.68],[132.7818,33.6806],[132.7818,33.6811],[132.7817,33.6816],[132.7816,33.6817],[132.7812,33.6821],[132.7808,33.6821],[132.7797,33.6818],[132.7795,33.6817],[132.7793,33.6815],[132.7792,33.6813],[132.779,33.6807],[132.7789,33.6804],[132.7787,33.6803],[132.7784,33.6801],[132.7779,33.6797],[132.7777,33.6797],[132.7773,33.6796],[132.7771,33.6796],[132.7764,33.6789],[132.776,33.6789],[132.7755,33.6791],[132.7749,33.6793],[132.7739,33.6796],[132.7738,33.6797],[132.7742,33.6802],[132.7743,33.6805],[132.7746,33.6809],[132.7748,33.6814],[132.7748,33.6821],[132.7747,33.6828],[132.7744,33.6832],[132.7742,33.6837],[132.7743,33.684],[132.7745,33.6843],[132.7746,33.6846],[132.7746,33.6848],[132.7745,33.685],[132.7741,33.6854],[132.7741,33.6856],[132.7742,33.6859],[132.7743,33.6863],[132.7746,33.6868],[132.7747,33.6871],[132.775,33.6873],[132.7756,33.6881],[132.7757,33.6883],[132.7762,33.6894],[132.7767,33.6898],[132.7769,33.69],[132.7771,33.6902],[132.7774,33.6904],[132.7778,33.6905],[132.778,33.6908],[132.7781,33.691],[132.7782,33.6912],[132.7785,33.6915],[132.7787,33.6916],[132.7792,33.6917],[132.7794,33.6918],[132.7798,33.6922],[132.7797,33.6924],[132.7793,33.6929],[132.7791,33.6933],[132.7785,33.6941],[132.7785,33.6943],[132.7786,33.6951],[132.7785,33.6956],[132.7786,33.696],[132.7788,33.6961],[132.7787,33.6963],[132.7784,33.6964],[132.778,33.6963],[132.7779,33.6972],[132.7778,33.6975],[132.7775,33.6977],[132.7773,33.6979],[132.7771,33.6982],[132.7769,33.699],[132.7765,33.6994],[132.776,33.6994],[132.7754,33.6992],[132.7753,33.6992],[132.7746,33.6993],[132.7742,33.6994],[132.7736,33.6994],[132.7732,33.6993],[132.7729,33.6993],[132.7727,33.6994],[132.7723,33.6997],[132.7714,33.7002],[132.7708,33.7005],[132.7709,33.7007],[132.7707,33.701],[132.7698,33.7015],[132.7692,33.7017],[132.769,33.7019],[132.7686,33.7023],[132.7682,33.7024],[132.7679,33.7026],[132.7677,33.7028],[132.7671,33.7036],[132.7669,33.7039],[132.7667,33.7046],[132.7666,33.7047],[132.7662,33.7048],[132.7655,33.7051],[132.7652,33.7053],[132.7647,33.7061],[132.7645,33.7065],[132.7641,33.707],[132.7637,33.708],[132.7636,33.7082],[132.7636,33.7087],[132.7633,33.7095],[132.7633,33.7097],[132.7633,33.7101],[132.7632,33.7107],[132.7629,33.7118],[132.7629,33.712],[132.7629,33.7122],[132.7628,33.7125],[132.7619,33.7132],[132.7612,33.7139],[132.7608,33.7147],[132.7606,33.7151],[132.7605,33.7154],[132.7603,33.7156],[132.7601,33.7159],[132.7597,33.7161],[132.7595,33.7163],[132.7593,33.7168],[132.7594,33.7175],[132.7594,33.7177],[132.7591,33.7184],[132.759,33.7187],[132.759,33.719],[132.7591,33.7194],[132.7597,33.7203],[132.7598,33.7207],[132.7598,33.7209],[132.7594,33.7215],[132.7592,33.7218],[132.7591,33.7222],[132.7589,33.7224],[132.7587,33.7225],[132.7577,33.7228],[132.7575,33.723],[132.7572,33.7232],[132.7568,33.7233],[132.7563,33.7235],[132.7557,33.7234],[132.7556,33.7235],[132.7551,33.7243],[132.7546,33.7247],[132.7544,33.7249],[132.7539,33.7252],[132.7538,33.7254],[132.7535,33.7256],[132.7532,33.7257],[132.7527,33.7257],[132.7524,33.7257],[132.7518,33.7255],[132.7513,33.7254],[132.7508,33.7253],[132.7502,33.7252],[132.7497,33.7253],[132.7493,33.7254],[132.7488,33.7254],[132.7485,33.7254],[132.7478,33.7251],[132.7475,33.7251],[132.7466,33.725],[132.7458,33.725],[132.7452,33.7251],[132.7449,33.7252],[132.7447,33.7254],[132.7446,33.7256],[132.7443,33.7263],[132.7444,33.7265],[132.7444,33.7271],[132.7444,33.7275],[132.7443,33.7279],[132.7439,33.7282],[132.7434,33.7283],[132.7431,33.7284],[132.7429,33.7286],[132.7427,33.7288],[132.7427,33.729],[132.7429,33.73],[132.7429,33.7306],[132.7426,33.7308],[132.7424,33.731],[132.7424,33.7312],[132.7425,33.7314],[132.7429,33.7323],[132.7431,33.7327],[132.7435,33.7331],[132.7436,33.7333],[132.7436,33.7334],[132.7434,33.7336],[132.743,33.7337],[132.7428,33.7338],[132.7423,33.7339],[132.742,33.734],[132.7418,33.734],[132.7415,33.734],[132.7412,33.7341],[132.7408,33.7342],[132.7401,33.7342],[132.74,33.7344],[132.7399,33.7346],[132.7396,33.7347],[132.7392,33.7349],[132.7388,33.7352],[132.7385,33.7355],[132.7382,33.7356],[132.7375,33.7358],[132.7371,33.7359],[132.7369,33.7361],[132.7364,33.7367],[132.7364,33.7369],[132.737,33.7375],[132.7372,33.7378],[132.7374,33.7382],[132.7374,33.7383],[132.7373,33.7387],[132.7374,33.739],[132.7376,33.7391],[132.7379,33.7395],[132.738,33.7399],[132.7381,33.7405],[132.7382,33.7406],[132.7385,33.7408],[132.7391,33.7409],[132.7395,33.741],[132.7401,33.7412],[132.7404,33.7414],[132.7406,33.7416],[132.7408,33.7419],[132.741,33.7421],[132.7413,33.7423],[132.7419,33.7424],[132.7421,33.7425],[132.7423,33.7427],[132.7426,33.7434],[132.7428,33.7435],[132.7444,33.7444],[132.7448,33.7446],[132.7453,33.7453],[132.7455,33.7456],[132.746,33.746],[132.7462,33.7463],[132.7466,33.7474],[132.7467,33.748],[132.7468,33.7484],[132.7467,33.7486],[132.7465,33.7501],[132.7464,33.7504],[132.7463,33.7508],[132.746,33.7513],[132.7455,33.7519],[132.7453,33.7521],[132.7448,33.7526],[132.7444,33.7529],[132.7439,33.7532],[132.7438,33.7533],[132.7431,33.7548],[132.7427,33.7554],[132.7425,33.7556],[132.7421,33.7558],[132.7421,33.756],[132.742,33.7564],[132.7423,33.7568],[132.7424,33.7569],[132.7422,33.7571],[132.7418,33.7574],[132.7417,33.7575],[132.7425,33.7584],[132.7429,33.7588],[132.7431,33.7589],[132.7435,33.759],[132.744,33.7591],[132.7447,33.7594],[132.7449,33.7594],[132.7457,33.7593],[132.7461,33.7591],[132.7469,33.7591],[132.7472,33.759],[132.7475,33.7588],[132.7477,33.7586],[132.7482,33.7586],[132.7489,33.7587],[132.7494,33.7588],[132.7498,33.7588],[132.7501,33.759],[132.7508,33.7595],[132.7512,33.7597],[132.7515,33.7596],[132.7517,33.7596],[132.7524,33.7599],[132.7529,33.76],[132.7538,33.7602],[132.7543,33.7603],[132.7549,33.7602],[132.7552,33.7604],[132.7553,33.7604],[132.7559,33.7604],[132.7562,33.7604],[132.7566,33.7606],[132.757,33.7608],[132.7575,33.7604],[132.758,33.76],[132.7584,33.7599],[132.7588,33.7598],[132.7589,33.76],[132.7589,33.7603],[132.7594,33.7608],[132.7594,33.761],[132.7595,33.7616],[132.7595,33.7622],[132.7599,33.7625],[132.76,33.7627],[132.7603,33.7632],[132.7605,33.7633],[132.7607,33.7635],[132.7616,33.7638],[132.7617,33.7639],[132.7618,33.7646],[132.7621,33.7652],[132.7625,33.7661],[132.7627,33.7665],[132.7625,33.767],[132.7625,33.7673],[132.7626,33.7675],[132.7628,33.7679],[132.7628,33.7682],[132.7624,33.7685],[132.7623,33.7689],[132.7621,33.7695],[132.7622,33.77],[132.762,33.7705],[132.7621,33.7708],[132.7622,33.7709],[132.7624,33.771],[132.7632,33.771],[132.7635,33.7711],[132.764,33.7712],[132.7646,33.7714],[132.7653,33.7717],[132.7658,33.7721],[132.7661,33.7725],[132.7669,33.7738],[132.767,33.774],[132.7674,33.7741],[132.7681,33.7745],[132.7683,33.7747],[132.7685,33.7753],[132.7688,33.7755],[132.7693,33.7757],[132.7698,33.7761],[132.7706,33.7767],[132.7712,33.777],[132.7716,33.7773],[132.772,33.7777],[132.7722,33.7778],[132.7728,33.7788],[132.7727,33.7791],[132.7728,33.7795],[132.7727,33.7799],[132.7728,33.7805],[132.7734,33.781],[132.7735,33.7816],[132.7739,33.7824],[132.7742,33.7834],[132.7743,33.7836],[132.7743,33.7846],[132.7743,33.7855],[132.7743,33.786],[132.7743,33.7869],[132.7743,33.7879],[132.7743,33.7884],[132.7735,33.7886],[132.7726,33.7889],[132.7721,33.789],[132.7715,33.789],[132.7714,33.7892],[132.771,33.7896],[132.771,33.7898],[132.7708,33.7905],[132.7705,33.7907],[132.7703,33.7908],[132.7684,33.791],[132.7684,33.7909],[132.7682,33.7908],[132.7678,33.7908],[132.7677,33.7905],[132.7675,33.7901],[132.7673,33.7899],[132.7674,33.7897],[132.767,33.7893],[132.7668,33.7892],[132.7667,33.7896],[132.7666,33.7897],[132.7658,33.7898],[132.7653,33.79],[132.765,33.7901],[132.7647,33.7903],[132.7636,33.7903],[132.7636,33.7902],[132.7638,33.7897],[132.7641,33.7894],[132.7641,33.7893],[132.7639,33.7888],[132.7639,33.7883],[132.7638,33.7883],[132.7636,33.7885],[132.7633,33.7886],[132.7624,33.7882],[132.7622,33.7881],[132.762,33.7881],[132.7614,33.7883],[132.7613,33.7883],[132.7611,33.7877],[132.7611,33.7876],[132.7616,33.7862],[132.7615,33.7861],[132.7613,33.786],[132.7609,33.786],[132.7598,33.786],[132.7587,33.7859],[132.7584,33.7859],[132.7577,33.7859],[132.7568,33.786],[132.7562,33.7861],[132.7557,33.7862],[132.7546,33.7863],[132.7544,33.7863],[132.7543,33.7863],[132.7542,33.7857],[132.7542,33.785],[132.7544,33.7844],[132.7538,33.7842],[132.7532,33.784],[132.7525,33.784],[132.7519,33.7839],[132.7516,33.7839],[132.7512,33.7837],[132.751,33.7837],[132.7501,33.7839],[132.7494,33.7843],[132.7487,33.7845],[132.748,33.7846],[132.7475,33.7846],[132.7473,33.7844],[132.7469,33.7843],[132.7465,33.7844],[132.746,33.7842],[132.745,33.784],[132.7447,33.7839],[132.7447,33.7838],[132.745,33.7836],[132.7452,33.7834],[132.7453,33.7831],[132.7454,33.7828],[132.7454,33.7823],[132.7455,33.7804],[132.7456,33.7798],[132.7456,33.7792],[132.7455,33.7781],[132.7455,33.7778],[132.7433,33.7778],[132.7426,33.7778],[132.7402,33.7778],[132.7394,33.7778],[132.7388,33.7779],[132.7368,33.7778],[132.735,33.7777],[132.7327,33.7777],[132.7327,33.7773],[132.7331,33.7764],[132.7324,33.7759],[132.7324,33.7758],[132.7323,33.7741],[132.7323,33.7729],[132.7325,33.7717],[132.7325,33.7715],[132.7323,33.7714],[132.7312,33.7715],[132.7304,33.7715],[132.7295,33.7716],[132.7283,33.7718],[132.7276,33.7718],[132.7271,33.7718],[132.7267,33.7718],[132.7264,33.772],[132.7262,33.7721],[132.7258,33.7721],[132.7257,33.7722],[132.7255,33.7725],[132.7255,33.7726],[132.7257,33.7733],[132.7257,33.7739],[132.7256,33.7757],[132.7256,33.7764],[132.7256,33.777],[132.7253,33.778],[132.7241,33.7779],[132.7222,33.778],[132.7209,33.778],[132.7204,33.7779],[132.7188,33.7779],[132.7163,33.7779],[132.7159,33.7779],[132.7158,33.7758],[132.7159,33.7734],[132.7158,33.7725],[132.7141,33.7725],[132.7139,33.7715],[132.7138,33.771],[132.7136,33.7709],[132.7133,33.7708],[132.711,33.7703],[132.7098,33.7703],[132.7098,33.7712],[132.7097,33.773],[132.7097,33.7735],[132.7096,33.7743],[132.7094,33.7743],[132.7088,33.7742],[132.7078,33.7742],[132.7074,33.7741],[132.7072,33.7739],[132.7071,33.7735],[132.7072,33.7731],[132.7071,33.7726],[132.7071,33.7721],[132.7065,33.7721],[132.7065,33.7713],[132.7053,33.7713],[132.7051,33.7728],[132.705,33.7741],[132.7048,33.7753],[132.704,33.7753],[132.704,33.7768],[132.7021,33.7767],[132.7008,33.7766],[132.7,33.7765],[132.6992,33.7764],[132.6985,33.7764],[132.6988,33.775],[132.6989,33.7745],[132.6989,33.7743],[132.699,33.7742],[132.6992,33.7733],[132.6993,33.7731],[132.6995,33.7722],[132.6995,33.772],[132.6998,33.7709],[132.7,33.7707],[132.7001,33.7703],[132.6998,33.7701],[132.6995,33.7701],[132.6994,33.7706],[132.6993,33.7706],[132.6994,33.7695],[132.6996,33.7695],[132.6996,33.7697],[132.7,33.7696],[132.7,33.7693],[132.7001,33.769],[132.7002,33.7685],[132.7001,33.7682],[132.7003,33.7682],[132.7004,33.7679],[132.7004,33.7677],[132.7003,33.7673],[132.7002,33.7671],[132.6989,33.7671],[132.6975,33.7671],[132.6974,33.7671],[132.6969,33.7671],[132.6971,33.7618],[132.6972,33.7609],[132.6969,33.7607],[132.6953,33.7596],[132.695,33.7594],[132.6952,33.7592],[132.6955,33.7594],[132.6954,33.7595],[132.6977,33.7612],[132.6976,33.7624],[132.7,33.7625],[132.7,33.7619],[132.7004,33.7618],[132.7004,33.7615],[132.7,33.7614],[132.7001,33.7611],[132.7,33.761],[132.6998,33.761],[132.6992,33.7612],[132.6985,33.7612],[132.6986,33.761],[132.6985,33.7608],[132.6998,33.7606],[132.6996,33.7605],[132.6993,33.7593],[132.6986,33.7594],[132.6969,33.7568],[132.6973,33.7561],[132.6978,33.7565],[132.6987,33.7568],[132.6992,33.7566],[132.6987,33.7558],[132.6985,33.7549],[132.6981,33.7549],[132.6976,33.7552],[132.6973,33.7555],[132.6967,33.7564],[132.6965,33.7564],[132.6963,33.7566],[132.6953,33.7569],[132.6947,33.7571],[132.6942,33.7589],[132.6943,33.7591],[132.6939,33.7604],[132.6936,33.7603],[132.6939,33.7593],[132.6941,33.7589],[132.6945,33.757],[132.6948,33.7569],[132.6948,33.7567],[132.6946,33.7563],[132.6941,33.7566],[132.6941,33.7565],[132.6946,33.7563],[132.6945,33.7561],[132.6937,33.7562],[132.6935,33.7563],[132.6931,33.7562],[132.6928,33.7562],[132.6927,33.7562],[132.6925,33.7561],[132.6927,33.7559],[132.6929,33.756],[132.6934,33.756],[132.6936,33.7557],[132.6937,33.7554],[132.6936,33.7551],[132.6935,33.7548],[132.6932,33.7543],[132.6923,33.7547],[132.6922,33.7547],[132.6932,33.7542],[132.6933,33.7539],[132.6927,33.7541],[132.6926,33.7541],[132.6933,33.7538],[132.6933,33.7537],[132.6932,33.7532],[132.6931,33.7526],[132.693,33.7524],[132.6929,33.7523],[132.6917,33.7518],[132.69,33.7511],[132.6896,33.7509],[132.6892,33.7507],[132.6886,33.7504],[132.6886,33.7503],[132.6883,33.75],[132.688,33.75],[132.6875,33.7496],[132.6873,33.7492],[132.6871,33.749],[132.6868,33.7487],[132.6867,33.7487],[132.6865,33.7486],[132.6863,33.7487],[132.6862,33.7485],[132.6856,33.7481],[132.6856,33.748],[132.6848,33.7475],[132.6842,33.7471],[132.6839,33.747],[132.6837,33.7471],[132.6835,33.7468],[132.683,33.7464],[132.6828,33.7463],[132.6825,33.7463],[132.6825,33.7461],[132.682,33.7458],[132.6817,33.7457],[132.6815,33.7455],[132.6811,33.7454],[132.6808,33.7454],[132.6803,33.7459],[132.6801,33.7458],[132.6799,33.7458],[132.6779,33.7443],[132.6773,33.745],[132.6796,33.7467],[132.6798,33.7467],[132.6796,33.7469],[132.677,33.745],[132.6786,33.7434],[132.6782,33.7426],[132.6775,33.7427],[132.6774,33.7426],[132.678,33.7425],[132.6782,33.7424],[132.6783,33.7419],[132.6783,33.7415],[132.6782,33.7412],[132.6778,33.7407],[132.6778,33.7406],[132.6779,33.7402],[132.6776,33.7393],[132.6771,33.7388],[132.677,33.7387],[132.6769,33.7383],[132.6769,33.7381],[132.6769,33.7375],[132.6767,33.737],[132.6765,33.7367],[132.6764,33.7362],[132.6764,33.7357],[132.6764,33.7352],[132.6763,33.7349],[132.6762,33.7339],[132.6757,33.7326],[132.6755,33.7321],[132.6752,33.7315],[132.6748,33.7311],[132.6743,33.7303],[132.6738,33.7298],[132.6735,33.7294],[132.6727,33.7286],[132.6724,33.7283],[132.672,33.728],[132.6716,33.7274],[132.6713,33.7271],[132.6712,33.7266],[132.671,33.7263],[132.6706,33.726],[132.6701,33.7253],[132.6699,33.725],[132.6698,33.7246],[132.6694,33.7238],[132.6689,33.7232],[132.6686,33.7225],[132.6676,33.721],[132.6666,33.7198],[132.6665,33.7196],[132.6664,33.7193],[132.666,33.7188],[132.6657,33.7186],[132.6655,33.7184],[132.6653,33.7179],[132.6651,33.7173],[132.6646,33.7163],[132.6644,33.7158],[132.6642,33.7153],[132.6639,33.7147],[132.6635,33.7141],[132.6632,33.7138],[132.6631,33.7134],[132.6629,33.712],[132.6628,33.7118],[132.6626,33.7105],[132.6626,33.7098],[132.6625,33.7093],[132.6622,33.7085],[132.662,33.7083],[132.6617,33.7079],[132.6616,33.7077],[132.6612,33.7073],[132.6611,33.707],[132.6609,33.7069],[132.6605,33.7064],[132.6602,33.7057],[132.6594,33.706],[132.6593,33.7059],[132.6597,33.7058],[132.6598,33.7055],[132.6598,33.7051],[132.6597,33.7051],[132.6597,33.7047],[132.6596,33.7044],[132.6595,33.7038],[132.6594,33.7035],[132.659,33.7031],[132.6588,33.7028],[132.658,33.7024],[132.6574,33.702],[132.657,33.7015],[132.6565,33.7009],[132.6559,33.7003],[132.6556,33.7002],[132.6554,33.7],[132.6548,33.6994],[132.6547,33.6994],[132.6542,33.6987],[132.6541,33.6988],[132.6537,33.6979],[132.6534,33.6976],[132.6526,33.697],[132.6524,33.6968],[132.6511,33.6962],[132.6505,33.6958],[132.6498,33.6954],[132.6495,33.6951],[132.6492,33.6948],[132.6489,33.695],[132.6488,33.695],[132.6492,33.6948],[132.6489,33.6944],[132.6487,33.6944],[132.6485,33.6942],[132.6486,33.6939],[132.6484,33.6937],[132.648,33.6933],[132.6473,33.6927],[132.6465,33.6922],[132.6462,33.6921],[132.6443,33.6915],[132.6422,33.6909],[132.6397,33.6902],[132.6393,33.69],[132.6391,33.6899],[132.6389,33.6901],[132.6385,33.6907],[132.6384,33.6906],[132.6388,33.6901],[132.6381,33.6897],[132.6378,33.6901],[132.6378,33.6907],[132.6383,33.6909],[132.6383,33.691],[132.6378,33.6908],[132.6377,33.69],[132.638,33.6897],[132.6384,33.6893],[132.6378,33.6887],[132.6372,33.6889],[132.6374,33.6894],[132.637,33.6895],[132.6368,33.6891],[132.6365,33.6884],[132.6361,33.6878],[132.6356,33.6881],[132.6355,33.6882],[132.636,33.6887],[132.6361,33.69],[132.636,33.69],[132.6359,33.6888],[132.6354,33.6882],[132.6355,33.6881],[132.636,33.6877],[132.636,33.6876],[132.6358,33.6871],[132.6357,33.6871],[132.6347,33.6876],[132.6352,33.6873],[132.635,33.6868],[132.6347,33.6866],[132.6341,33.6863],[132.6339,33.6861],[132.6337,33.6859],[132.6334,33.6858],[132.6327,33.6856],[132.6324,33.6856],[132.6323,33.6866],[132.6322,33.6866],[132.6323,33.6856],[132.6329,33.6847],[132.6328,33.6844],[132.6327,33.6843],[132.6312,33.6839],[132.6309,33.6838],[132.6304,33.6835],[132.6297,33.6828],[132.6295,33.6827],[132.6292,33.6826],[132.6292,33.6823],[132.629,33.6821],[132.6289,33.6818],[132.6287,33.6818],[132.6285,33.6812],[132.6281,33.6805],[132.6277,33.6801],[132.6273,33.6798],[132.627,33.6796],[132.6265,33.6794],[132.626,33.6793],[132.6232,33.6786],[132.6231,33.6786],[132.623,33.6787],[132.6226,33.6783],[132.6216,33.6782],[132.6205,33.6779],[132.62,33.6778],[132.6189,33.6774],[132.6185,33.6774],[132.6181,33.6772],[132.6179,33.677],[132.6171,33.6761],[132.6167,33.6756],[132.6162,33.6752],[132.6158,33.675],[132.6153,33.6747],[132.615,33.6745],[132.6147,33.6743],[132.6138,33.6738],[132.6136,33.6739],[132.6133,33.6736],[132.6129,33.6734],[132.6126,33.6732],[132.612,33.6728],[132.6116,33.6724],[132.6115,33.672],[132.6113,33.6718],[132.6112,33.6717],[132.611,33.6713],[132.6106,33.6707],[132.6104,33.6704],[132.6101,33.67],[132.6099,33.6694],[132.6096,33.6689],[132.609,33.6685],[132.6079,33.6674],[132.6079,33.6672],[132.6075,33.6675],[132.6075,33.6674],[132.6079,33.6672],[132.6069,33.6667],[132.6067,33.6664],[132.606,33.6658],[132.6054,33.6655],[132.6048,33.6651],[132.6042,33.6649],[132.6036,33.6646],[132.6032,33.6644],[132.6025,33.6639],[132.6009,33.6627],[132.6005,33.6623],[132.5991,33.6616],[132.5984,33.6612],[132.5981,33.6611],[132.5965,33.6606],[132.5962,33.6604],[132.5957,33.6599],[132.5953,33.6596],[132.5945,33.6592],[132.593,33.6585],[132.5925,33.6583],[132.5924,33.6585],[132.5923,33.6585],[132.5924,33.6582],[132.5917,33.6579],[132.5914,33.6577],[132.5911,33.6578],[132.591,33.6578],[132.5913,33.6576],[132.5912,33.6574],[132.5907,33.6566],[132.5903,33.6564],[132.5886,33.6552],[132.5883,33.655],[132.5878,33.6548],[132.587,33.6545],[132.5866,33.6542],[132.5861,33.6537],[132.586,33.6536],[132.5856,33.6534],[132.5836,33.6527],[132.5835,33.6527],[132.5832,33.6531],[132.5831,33.6531],[132.5834,33.6526],[132.5825,33.6524],[132.5822,33.6524],[132.5815,33.6526],[132.5813,33.6528],[132.5813,33.653],[132.5817,33.6531],[132.5813,33.653],[132.5811,33.6536],[132.5806,33.6535],[132.5794,33.6533],[132.5794,33.6532],[132.579,33.6521],[132.579,33.652],[132.5788,33.6518],[132.5786,33.6517],[132.5785,33.6521],[132.5785,33.6527],[132.5785,33.6528],[132.5774,33.6521],[132.577,33.6528],[132.5769,33.6528],[132.5774,33.652],[132.5775,33.652],[132.5783,33.6525],[132.5785,33.6527],[132.5784,33.6521],[132.5785,33.6517],[132.5774,33.6514],[132.5767,33.6518],[132.5759,33.6516],[132.5744,33.651],[132.5743,33.6511],[132.5737,33.6509],[132.5735,33.6514],[132.5753,33.6522],[132.576,33.6529],[132.5775,33.6536],[132.5776,33.6536],[132.5781,33.6539],[132.5785,33.6544],[132.5784,33.6544],[132.5781,33.654],[132.5776,33.6537],[132.5759,33.653],[132.5753,33.6522],[132.5734,33.6514],[132.5739,33.6503],[132.5737,33.6503],[132.573,33.6509],[132.573,33.6508],[132.5734,33.6503],[132.5733,33.6502],[132.5724,33.6497],[132.572,33.6495],[132.5715,33.6494],[132.5713,33.6494],[132.571,33.6496],[132.571,33.65],[132.571,33.6502],[132.5708,33.6501],[132.5709,33.6493],[132.5701,33.6491],[132.5695,33.6489],[132.5689,33.6489],[132.5679,33.6488],[132.5672,33.6487],[132.5651,33.6481],[132.5628,33.6475],[132.5621,33.6473],[132.5617,33.6469],[132.5607,33.6467],[132.5607,33.6468],[132.5588,33.6462],[132.5578,33.6459],[132.5567,33.6456],[132.5563,33.6455],[132.5556,33.6453],[132.5551,33.6451],[132.5542,33.6447],[132.5538,33.6446],[132.5525,33.6443],[132.5516,33.644],[132.5504,33.6436],[132.5495,33.6433],[132.5487,33.6431],[132.5484,33.6429],[132.5481,33.6427],[132.5477,33.6424],[132.5472,33.6421],[132.5467,33.642],[132.546,33.6419],[132.5454,33.6418],[132.544,33.6414],[132.5416,33.6407],[132.5412,33.6405],[132.5404,33.6401],[132.5397,33.6398],[132.5383,33.6395],[132.5375,33.6392],[132.5373,33.6394],[132.5368,33.6391],[132.5369,33.639],[132.5365,33.6389],[132.5359,33.6388],[132.5348,33.6387],[132.5339,33.6385],[132.5328,33.6383],[132.532,33.638],[132.5313,33.6377]],[[132.5813,33.6545],[132.5814,33.6539],[132.5813,33.6539],[132.5812,33.6544],[132.5791,33.654],[132.5791,33.6541],[132.5813,33.6545]],[[132.6336,33.687],[132.6338,33.687],[132.6339,33.6869],[132.6336,33.6867],[132.6335,33.6868],[132.6336,33.687]],[[132.6381,33.6891],[132.638,33.6891],[132.6375,33.6896],[132.6376,33.6897],[132.6381,33.6891]]]},"properties":{"N03_001":"愛媛県","N03_002":"","N03_003":"","N03_004":"伊予市","N03_007":"38210"}},
{"type":"Feature","geometry":{"type":"Polygon","coordinates":[[[133.455,33.8369],[133.4554,33.8368],[133.4558,33.8367],[133.456,33.8363],[133.4562,33.8361],[133.4565,33.8358],[133.4569,33.8356],[133.4575,33.8356],[133.4585,33.8356],[133.4598,33.8356],[133.4601,33.8355],[133.4605,33.8353],[133.4608,33.8352],[133.4615,33.8348],[133.4624,33.8345],[133.4626,33.8345],[133.4632,33.8345],[133.4643,33.8345],[133.465,33.8346],[133.4655,33.8348],[133.466,33.8349],[133.4669,33.8354],[133.4673,33.8355],[133.4675,33.8357],[133.4678,33.836],[133.468,33.8367],[133.4682,33.8367],[133.4705,33.8368],[133.4707,33.8367],[133.4711,33.8361],[133.4713,33.8356],[133.4715,33.8352],[133.4719,33.8348],[133.4725,33.8343],[133.4731,33.8338],[133.4735,33.8337],[133.4736,33.8338],[133.4743,33.8339],[133.4746,33.834],[133.4754,33.834],[133.476,33.834],[133.4776,33.8339],[133.4788,33.8337],[133.4791,33.8336],[133.4801,33.8333],[133.4808,33.8332],[133.4817,33.8332],[133.4821,33.8332],[133.4825,33.8332],[133.4832,33.833],[133.4839,33.8327],[133.4843,33.8323],[133.4843,33.8318],[133.4844,33.8317],[133.4853,33.8314],[133.4864,33.8306],[133.4865,33.8303],[133.4866,33.8298],[133.4867,33.8297],[133.4869,33.8298],[133.4873,33.8302],[133.4877,33.8307],[133.4882,33.8311],[133.4889,33.8315],[133.49,33.8319],[133.4905,33.832],[133.4911,33.8323],[133.4916,33.8324],[133.4919,33.8324],[133.4929,33.8323],[133.4934,33.8322],[133.4941,33.8318],[133.4947,33.8316],[133.4951,33.8315],[133.4958,33.8313],[133.4962,33.8311],[133.4966,33.8308],[133.4967,33.8307],[133.497,33.8299],[133.4971,33.8297],[133.4974,33.8294],[133.4984,33.8291],[133.4986,33.8291],[133.4991,33.8291],[133.4995,33.8292],[133.5001,33.8297],[133.5007,33.8302],[133.5008,33.8304],[133.5011,33.831],[133.5014,33.8314],[133.5018,33.8316],[133.5025,33.8319],[133.5036,33.8326],[133.5053,33.8335],[133.5057,33.8338],[133.506,33.8342],[133.5067,33.8353],[133.5069,33.8354],[133.5076,33.8357],[133.5079,33.8357],[133.5079,33.8359],[133.5074,33.8367],[133.5069,33.8376],[133.5068,33.8382],[133.5068,33.8386],[133.5068,33.8388],[133.5066,33.8391],[133.5065,33.8395],[133.5065,33.8399],[133.5068,33.8405],[133.5071,33.841],[133.5073,33.8415],[133.5073,33.8417],[133.5073,33.8421],[133.5077,33.8429],[133.5079,33.8433],[133.508,33.8434],[133.5083,33.8436],[133.5087,33.844],[133.5089,33.8448],[133.5089,33.8451],[133.5087,33.8455],[133.5086,33.8456],[133.5082,33.8459],[133.5079,33.8461],[133.5079,33.8463],[133.5083,33.8471],[133.5085,33.8473],[133.5088,33.8475],[133.509,33.8479],[133.5094,33.8482],[133.5097,33.8483],[133.5109,33.848],[133.5117,33.8477],[133.5123,33.8476],[133.5131,33.8475],[133.5138,33.8473],[133.5141,33.8473],[133.5147,33.8475],[133.5155,33.8477],[133.5159,33.8478],[133.5164,33.8478],[133.5169,33.8478],[133.5172,33.8477],[133.518,33.8473],[133.5181,33.8473],[133.5187,33.8479],[133.5192,33.8483],[133.5196,33.8485],[133.5198,33.8486],[133.5198,33.8489],[133.5196,33.8494],[133.5196,33.8496],[133.5197,33.8498],[133.5202,33.8504],[133.5211,33.851],[133.5214,33.8511],[133.5217,33.8513],[133.5219,33.8515],[133.5219,33.8517],[133.5223,33.8521],[133.5225,33.8522],[133.5231,33.8523],[133.5235,33.8524],[133.524,33.8526],[133.5242,33.8528],[133.5247,33.8531],[133.5249,33.8533],[133.5253,33.8534],[133.5258,33.8535],[133.5263,33.8536],[133.5264,33.8537],[133.5264,33.8542],[133.5264,33.8546],[133.5265,33.8551],[133.5265,33.8554],[133.5264,33.8558],[133.526,33.8563],[133.5259,33.8568],[133.526,33.858],[133.526,33.8587],[133.526,33.8597],[133.5259,33.8599],[133.5256,33.8603],[133.5254,33.8607],[133.5254,33.861],[133.5259,33.8617],[133.5261,33.862],[133.5264,33.8621],[133.5266,33.8622],[133.5273,33.8624],[133.5285,33.8626],[133.5292,33.8628],[133.5299,33.863],[133.5304,33.8632],[133.5309,33.8635],[133.5314,33.8637],[133.5319,33.864],[133.5323,33.8643],[133.5331,33.8647],[133.5335,33.8651],[133.5336,33.8652],[133.534,33.8653],[133.5349,33.8654],[133.5356,33.8653],[133.5361,33.8658],[133.5362,33.8661],[133.5362,33.8667],[133.5362,33.8672],[133.5363,33.8674],[133.5365,33.8679],[133.5366,33.8683],[133.5366,33.8695],[133.5365,33.8699],[133.5364,33.8701],[133.5361,33.8705],[133.536,33.8707],[133.536,33.8712],[133.5359,33.8713],[133.5359,33.8715],[133.5361,33.8717],[133.537,33.8724],[133.5375,33.8727],[133.5379,33.8733],[133.5383,33.8734],[133.5387,33.8735],[133.539,33.8738],[133.5392,33.8741],[133.5396,33.8745],[133.5398,33.875],[133.54,33.8754],[133.5401,33.8758],[133.5398,33.8766],[133.5398,33.877],[133.5398,33.8781],[133.5399,33.8785],[133.5402,33.8787],[133.5413,33.879],[133.5422,33.8791],[133.5431,33.879],[133.5437,33.8788],[133.5439,33.8788],[133.5444,33.8793],[133.5448,33.8795],[133.5452,33.8797],[133.5454,33.8799],[133.5457,33.8799],[133.5463,33.8801],[133.5466,33.8802],[133.5473,33.8803],[133.5476,33.8806],[133.5478,33.8807],[133.5481,33.8807],[133.5486,33.881],[133.549,33.8811],[133.5493,33.8813],[133.5496,33.8817],[133.5499,33.882],[133.55,33.882],[133.5513,33.8823],[133.5518,33.8822],[133.5524,33.8822],[133.5533,33.8821],[133.5539,33.8819],[133.5542,33.8819],[133.5545,33.8822],[133.5548,33.8824],[133.5551,33.8824],[133.5556,33.8824],[133.5562,33.8823],[133.5566,33.8824],[133.5569,33.8823],[133.5571,33.8822],[133.5575,33.8817],[133.5578,33.8812],[133.5582,33.8808],[133.5586,33.8802],[133.5588,33.88],[133.5588,33.8796],[133.5588,33.8791],[133.5588,33.8786],[133.559,33.8785],[133.5596,33.8781],[133.5599,33.8778],[133.5602,33.8773],[133.5605,33.877],[133.5606,33.8768],[133.5607,33.8765],[133.561,33.8761],[133.5612,33.8759],[133.5622,33.8753],[133.5626,33.8752],[133.5627,33.8751],[133.5634,33.8752],[133.5639,33.8752],[133.5644,33.8751],[133.5651,33.8751],[133.5654,33.8751],[133.5657,33.875],[133.5663,33.8747],[133.5671,33.8745],[133.568,33.8742],[133.5686,33.8738],[133.5691,33.8736],[133.5693,33.8735],[133.5697,33.8731],[133.5697,33.8727],[133.5705,33.8724],[133.5711,33.8721],[133.5714,33.872],[133.5715,33.8718],[133.5714,33.8715],[133.5712,33.8713],[133.5711,33.8703],[133.5712,33.8697],[133.5715,33.8696],[133.5722,33.8696],[133.5726,33.8696],[133.5736,33.8693],[133.5742,33.8692],[133.5748,33.8689],[133.5752,33.8685],[133.5757,33.8686],[133.5762,33.8687],[133.5765,33.8687],[133.5771,33.8687],[133.5774,33.8686],[133.5778,33.8684],[133.5781,33.8681],[133.579,33.8685],[133.5792,33.8686],[133.5801,33.8687],[133.5807,33.8687],[133.5816,33.8687],[133.5822,33.8685],[133.5826,33.8682],[133.583,33.8677],[133.5831,33.8677],[133.5839,33.8684],[133.5844,33.8689],[133.5848,33.8693],[133.585,33.8696],[133.585,33.87],[133.5853,33.8707],[133.5855,33.871],[133.5862,33.8715],[133.5865,33.8718],[133.5868,33.8721],[133.5879,33.873],[133.5886,33.8734],[133.5888,33.8735],[133.5905,33.874],[133.5907,33.8741],[133.5915,33.8743],[133.5917,33.8745],[133.5924,33.8751],[133.5927,33.8752],[133.5929,33.8754],[133.5932,33.876],[133.5934,33.8762],[133.5938,33.8766],[133.5942,33.8771],[133.5948,33.878],[133.595,33.8783],[133.5955,33.8787],[133.5957,33.8789],[133.5959,33.8795],[133.5961,33.8797],[133.5962,33.8798],[133.597,33.8801],[133.5976,33.8802],[133.5981,33.8803],[133.5992,33.8802],[133.5999,33.8802],[133.6005,33.8801],[133.6012,33.8799],[133.6023,33.8799],[133.6032,33.8799],[133.6036,33.88],[133.6038,33.8801],[133.604,33.8805],[133.6042,33.8807],[133.6044,33.8807],[133.605,33.8807],[133.6059,33.881],[133.6067,33.8814],[133.607,33.8815],[133.6076,33.8811],[133.6078,33.881],[133.6086,33.8812],[133.609,33.8812],[133.6096,33.8811],[133.6101,33.8808],[133.6103,33.8808],[133.6109,33.8808],[133.6111,33.8808],[133.6116,33.8804],[133.6117,33.8801],[133.6118,33.8798],[133.6119,33.8797],[133.6124,33.8793],[133.6134,33.8789],[133.6141,33.8785],[133.6155,33.8776],[133.6164,33.8771],[133.617,33.8768],[133.6174,33.8766],[133.6183,33.8762],[133.619,33.876],[133.6206,33.8753],[133.6218,33.8746],[133.6224,33.8742],[133.6233,33.8736],[133.6236,33.8735],[133.6244,33.8733],[133.6251,33.8732],[133.6255,33.8731],[133.6259,33.8729],[133.6265,33.8726],[133.6266,33.8724],[133.6268,33.8722],[133.627,33.8721],[133.6273,33.872],[133.6283,33.8723],[133.6288,33.8725],[133.6295,33.8727],[133.6298,33.8729],[133.63,33.8732],[133.63,33.8735],[133.6302,33.8738],[133.6308,33.8747],[133.6313,33.8753],[133.6317,33.8756],[133.6319,33.8759],[133.632,33.8761],[133.632,33.8766],[133.6322,33.8768],[133.6326,33.8774],[133.6328,33.8776],[133.6331,33.878],[133.6334,33.8784],[133.6339,33.8787],[133.6343,33.8791],[133.6346,33.8794],[133.6348,33.8797],[133.635,33.88],[133.6353,33.8802],[133.6355,33.8803],[133.6358,33.8803],[133.6361,33.8803],[133.6368,33.8803],[133.6375,33.8804],[133.638,33.8806],[133.6382,33.8807],[133.6385,33.8807],[133.6388,33.8807],[133.639,33.8807],[133.6393,33.8809],[133.6397,33.8813],[133.6402,33.8817],[133.6407,33.8819],[133.6414,33.882],[133.6418,33.8821],[133.6424,33.8825],[133.6434,33.8834],[133.6435,33.8833],[133.6441,33.883],[133.6446,33.883],[133.645,33.883],[133.6455,33.883],[133.6465,33.8829],[133.6471,33.8829],[133.6474,33.883],[133.6477,33.883],[133.6482,33.8829],[133.6488,33.8828],[133.649,33.8828],[133.6494,33.8829],[133.6496,33.8829],[133.6501,33.8827],[133.6505,33.8827],[133.6509,33.8827],[133.6514,33.8828],[133.6517,33.8828],[133.6522,33.8826],[133.6526,33.8824],[133.6536,33.8818],[133.654,33.8816],[133.6545,33.8816],[133.6549,33.8815],[133.6552,33.8815],[133.6558,33.8816],[133.6564,33.8818],[133.6567,33.8818],[133.657,33.8817],[133.6577,33.8813],[133.6581,33.8812],[133.6584,33.8812],[133.6589,33.8814],[133.6598,33.8814],[133.6601,33.8815],[133.6604,33.8816],[133.6607,33.8818],[133.661,33.8823],[133.661,33.8827],[133.661,33.883],[133.6609,33.8834],[133.6609,33.8838],[133.661,33.8841],[133.6612,33.8845],[133.6614,33.8848],[133.6616,33.8854],[133.6619,33.8858],[133.6627,33.8863],[133.663,33.8864],[133.6635,33.8866],[133.6637,33.8868],[133.664,33.887],[133.6643,33.8872],[133.6649,33.8874],[133.6651,33.8876],[133.6659,33.8879],[133.6663,33.888],[133.6666,33.8881],[133.6669,33.888],[133.6674,33.8879],[133.6681,33.8877],[133.6686,33.8875],[133.6689,33.8875],[133.669,33.8877],[133.6693,33.8884],[133.6694,33.8885],[133.6699,33.8888],[133.6702,33.889],[133.6706,33.8894],[133.6711,33.8897],[133.6719,33.89],[133.6725,33.8901],[133.673,33.8902],[133.6734,33.8905],[133.6737,33.8907],[133.674,33.891],[133.6747,33.8913],[133.6751,33.8914],[133.6754,33.8916],[133.6757,33.8918],[133.676,33.8921],[133.6764,33.8923],[133.6774,33.8928],[133.6777,33.8929],[133.6779,33.8931],[133.678,33.8933],[133.678,33.8941],[133.678,33.8947],[133.6779,33.8953],[133.6779,33.8957],[133.678,33.896],[133.6781,33.8968],[133.678,33.8972],[133.6779,33.8979],[133.6778,33.8983],[133.6777,33.8985],[133.6775,33.8988],[133.6771,33.899],[133.6767,33.8992],[133.6764,33.8997],[133.6763,33.8999],[133.6763,33.9004],[133.6762,33.9009],[133.6761,33.9011],[133.6756,33.9016],[133.6752,33.9022],[133.675,33.9027],[133.6749,33.9029],[133.6745,33.9032],[133.675,33.9035],[133.6754,33.9037],[133.6756,33.9038],[133.6758,33.904],[133.676,33.9043],[133.6762,33.9046],[133.6765,33.9051],[133.6766,33.9054],[133.6765,33.9057],[133.6764,33.9059],[133.6765,33.9063],[133.6768,33.907],[133.6769,33.9076],[133.6769,33.908],[133.677,33.9082],[133.6773,33.9085],[133.6774,33.9087],[133.6775,33.9091],[133.6776,33.9096],[133.6779,33.9097],[133.6787,33.9097],[133.679,33.9097],[133.6793,33.9097],[133.6795,33.9097],[133.6801,33.9098],[133.6807,33.9099],[133.6812,33.9101],[133.6816,33.9103],[133.6819,33.9102],[133.6821,33.9104],[133.6829,33.9115],[133.6832,33.9121],[133.6834,33.9123],[133.6836,33.9124],[133.6841,33.9124],[133.6843,33.9125],[133.6846,33.9127],[133.6849,33.9129],[133.6852,33.9131],[133.6856,33.9134],[133.6858,33.9135],[133.6859,33.9139],[133.686,33.9141],[133.6866,33.9144],[133.6868,33.9145],[133.687,33.9149],[133.6875,33.9153],[133.6875,33.9155],[133.6875,33.9158],[133.6877,33.9161],[133.6879,33.9163],[133.6884,33.9161],[133.6888,33.916],[133.6901,33.9162],[133.6905,33.9162],[133.6905,33.9163],[133.6904,33.9169],[133.6904,33.9173],[133.6903,33.9175],[133.6901,33.9178],[133.6895,33.9183],[133.6894,33.9185],[133.6892,33.9189],[133.6892,33.9193],[133.6892,33.9195],[133.6891,33.92],[133.6888,33.9211],[133.6885,33.9216],[133.6879,33.9221],[133.6877,33.9224],[133.6876,33.9228],[133.6873,33.9234],[133.6866,33.9245],[133.6856,33.9257],[133.6849,33.9258],[133.6845,33.9259],[133.684,33.926],[133.6835,33.926],[133.6831,33.9257],[133.6824,33.9257],[133.6817,33.9258],[133.6815,33.9259],[133.6812,33.9261],[133.6809,33.9262],[133.6793,33.926],[133.679,33.926],[133.6786,33.9262],[133.678,33.9262],[133.6773,33.9263],[133.6769,33.9263],[133.6764,33.9264],[133.6761,33.9263],[133.6758,33.9262],[133.6757,33.9264],[133.6757,33.9266],[133.6759,33.927],[133.6765,33.9279],[133.6765,33.9281],[133.6763,33.9298],[133.6763,33.9303],[133.676,33.931],[133.6759,33.9313],[133.6759,33.9316],[133.6764,33.9325],[133.6765,33.9329],[133.6767,33.9331],[133.677,33.9332],[133.6777,33.9336],[133.6782,33.9337],[133.6795,33.9342],[133.6801,33.9344],[133.6802,33.9345],[133.6804,33.9347],[133.6803,33.9349],[133.6803,33.9357],[133.6804,33.9359],[133.6806,33.9362],[133.6811,33.9365],[133.6812,33.9368],[133.6813,33.9372],[133.6814,33.9376],[133.6816,33.9379],[133.6818,33.9381],[133.6821,33.9383],[133.6828,33.9384],[133.6831,33.9386],[133.6836,33.9389],[133.684,33.9391],[133.6844,33.9391],[133.6858,33.939],[133.6862,33.939],[133.6864,33.939],[133.6871,33.9395],[133.6883,33.9403],[133.6889,33.9408],[133.6891,33.9411],[133.6894,33.9413],[133.6898,33.9414],[133.6902,33.9416],[133.6905,33.942],[133.691,33.9424],[133.6913,33.9427],[133.6916,33.943],[133.6923,33.9434],[133.6924,33.9436],[133.6926,33.944],[133.6925,33.9445],[133.6926,33.945],[133.6925,33.9461],[133.6928,33.9465],[133.6928,33.9468],[133.6928,33.9473],[133.6926,33.9478],[133.6921,33.9484],[133.692,33.9486],[133.6917,33.949],[133.6915,33.9496],[133.6908,33.9504],[133.6906,33.9509],[133.6902,33.9516],[133.6901,33.9519],[133.6895,33.9527],[133.6891,33.9534],[133.689,33.9535],[133.6887,33.9536],[133.688,33.9538],[133.6878,33.9539],[133.6878,33.9541],[133.6876,33.9543],[133.6872,33.9546],[133.6871,33.9549],[133.6871,33.9553],[133.6874,33.9556],[133.6882,33.9563],[133.689,33.9571],[133.6894,33.9576],[133.6903,33.9587],[133.6905,33.959],[133.6908,33.9593],[133.6913,33.9599],[133.6918,33.9605],[133.692,33.9609],[133.6922,33.9619],[133.6924,33.9625],[133.6913,33.9631],[133.6901,33.9637],[133.6894,33.9641],[133.6882,33.9647],[133.6866,33.9654],[133.6863,33.9654],[133.6861,33.9653],[133.6858,33.965],[133.6858,33.9648],[133.686,33.9646],[133.6862,33.9643],[133.6863,33.9641],[133.6861,33.964],[133.6857,33.964],[133.6852,33.9639],[133.6849,33.9639],[133.6841,33.9642],[133.6835,33.9644],[133.6832,33.9645],[133.683,33.9646],[133.6827,33.9653],[133.6826,33.9658],[133.6826,33.9663],[133.6827,33.9667],[133.683,33.9672],[133.6833,33.9676],[133.6833,33.9678],[133.6833,33.9682],[133.6831,33.9687],[133.6829,33.9689],[133.6822,33.9691],[133.6811,33.9695],[133.6805,33.9698],[133.6804,33.97],[133.6803,33.9702],[133.6804,33.9706],[133.6806,33.9712],[133.6809,33.9719],[133.6811,33.9732],[133.6812,33.9736],[133.6815,33.9739],[133.6824,33.9748],[133.6829,33.9751],[133.6831,33.9755],[133.6834,33.9758],[133.6839,33.9762],[133.6841,33.9764],[133.6841,33.9767],[133.6841,33.9769],[133.6838,33.9772],[133.6832,33.9777],[133.683,33.978],[133.6826,33.9783],[133.6819,33.9786],[133.6814,33.9788],[133.6812,33.9791],[133.6812,33.9794],[133.6812,33.98],[133.6812,33.9803],[133.6809,33.9808],[133.6809,33.9811],[133.6809,33.9813],[133.681,33.9815],[133.6818,33.9824],[133.6821,33.9829],[133.6822,33.9833],[133.682,33.9835],[133.6817,33.9837],[133.6806,33.9842],[133.6803,33.9843],[133.6799,33.9843],[133.6794,33.9841],[133.679,33.9841],[133.6782,33.9841],[133.6775,33.9843],[133.6771,33.9843],[133.6767,33.9843],[133.6764,33.9842],[133.676,33.9838],[133.6758,33.9836],[133.6753,33.9835],[133.6752,33.9836],[133.6751,33.9837],[133.6752,33.984],[133.6754,33.9844],[133.6755,33.9851],[133.6756,33.9855],[133.6759,33.986],[133.6761,33.9866],[133.6762,33.987],[133.6764,33.9878],[133.6765,33.9884],[133.6764,33.989],[133.6764,33.9898],[133.6764,33.9901],[133.6763,33.9909],[133.6763,33.9915],[133.6764,33.9921],[133.6765,33.9925],[133.677,33.9935],[133.6773,33.9943],[133.6777,33.9948],[133.6782,33.9948],[133.6787,33.995],[133.6798,33.9956],[133.6802,33.9959],[133.6807,33.9963],[133.6814,33.9971],[133.682,33.9982],[133.6821,33.9988],[133.6822,33.9992],[133.6821,33.9996],[133.6818,34.0001],[133.6818,34.0003],[133.6821,34.0009],[133.6825,34.0014],[133.6828,34.0017],[133.683,34.0018],[133.6846,34.0026],[133.6856,34.0035],[133.6857,34.0037],[133.6858,34.0048],[133.6857,34.0052],[133.6856,34.0057],[133.6853,34.0068],[133.685,34.0072],[133.6845,34.0074],[133.6842,34.0074],[133.6833,34.0074],[133.683,34.0076],[133.6827,34.008],[133.6824,34.0088],[133.6822,34.0091],[133.6817,34.0094],[133.6814,34.01],[133.6811,34.0105],[133.6808,34.0107],[133.6797,34.0113],[133.6794,34.0115],[133.6792,34.0118],[133.6792,34.012],[133.6795,34.0125],[133.679,34.0136],[133.6786,34.0143],[133.6783,34.0148],[133.678,34.0153],[133.6775,34.0158],[133.6776,34.0163],[133.6779,34.0167],[133.6781,34.0172],[133.6783,34.0175],[133.6783,34.0179],[133.6782,34.0182],[133.678,34.0183],[133.6771,34.0184],[133.6764,34.0186],[133.6762,34.0187],[133.6756,34.0194],[133.6753,34.0196],[133.6748,34.0198],[133.6741,34.0198],[133.6739,34.0199],[133.6734,34.0203],[133.6726,34.0206],[133.6719,34.0207],[133.6717,34.0208],[133.6715,34.0211],[133.6714,34.0214],[133.6713,34.0217],[133.6712,34.0226],[133.6712,34.0228],[133.6706,34.0235],[133.6704,34.0238],[133.6704,34.0241],[133.6702,34.0243],[133.67,34.0244],[133.6693,34.0247],[133.6687,34.025],[133.6684,34.0253],[133.6682,34.0255],[133.668,34.0258],[133.6678,34.026],[133.6675,34.026],[133.6672,34.0257],[133.6671,34.0255],[133.6669,34.0257],[133.6665,34.0263],[133.6654,34.0271],[133.6652,34.0272],[133.6644,34.0275],[133.6638,34.0275],[133.6636,34.0274],[133.6632,34.0271],[133.6628,34.0271],[133.6623,34.0271],[133.662,34.027],[133.6618,34.0271],[133.6616,34.0274],[133.6614,34.0275],[133.6609,34.0277],[133.6603,34.0277],[133.6594,34.0276],[133.659,34.0276],[133.6586,34.0277],[133.6584,34.0278],[133.658,34.0282],[133.6575,34.0284],[133.6575,34.0288],[133.6575,34.0293],[133.6574,34.0295],[133.6572,34.0298],[133.6568,34.03],[133.6566,34.0298],[133.6564,34.0294],[133.656,34.0291],[133.6551,34.0287],[133.6546,34.0284],[133.6539,34.0282],[133.6536,34.0279],[133.6533,34.0277],[133.6523,34.0277],[133.6515,34.0274],[133.6508,34.0273],[133.6498,34.0272],[133.6492,34.0271],[133.6488,34.0272],[133.6482,34.0274],[133.648,34.0274],[133.6473,34.0274],[133.6462,34.0274],[133.6458,34.0274],[133.6452,34.0275],[133.6444,34.0277],[133.6437,34.027],[133.6432,34.0266],[133.6425,34.0267],[133.6423,34.0266],[133.6416,34.0261],[133.6413,34.026],[133.6408,34.0262],[133.6406,34.0262],[133.6399,34.0259],[133.6397,34.0259],[133.6395,34.0259],[133.6393,34.0261],[133.6389,34.0266],[133.6385,34.0268],[133.6379,34.027],[133.6375,34.027],[133.6374,34.0271],[133.6371,34.0275],[133.637,34.0277],[133.6368,34.0279],[133.6366,34.0287],[133.6362,34.0295],[133.636,34.0296],[133.6357,34.0296],[133.6353,34.0295],[133.635,34.0296],[133.6345,34.0297],[133.6339,34.03],[133.6335,34.0301],[133.6329,34.0302],[133.6329,34.0306],[133.633,34.031],[133.6329,34.0312],[133.6326,34.0316],[133.6323,34.0321],[133.6321,34.0324],[133.6316,34.0328],[133.6313,34.0331],[133.6309,34.0338],[133.6305,34.0341],[133.63,34.0345],[133.6297,34.0349],[133.6297,34.0355],[133.6296,34.0359],[133.629,34.0361],[133.6286,34.0363],[133.6282,34.0366],[133.6275,34.0372],[133.6272,34.0375],[133.6269,34.0378],[133.6267,34.0378],[133.6263,34.0378],[133.6257,34.0375],[133.6247,34.0369],[133.6243,34.0366],[133.6238,34.0362],[133.623,34.0359],[133.6224,34.0354],[133.6224,34.0352],[133.6216,34.0349],[133.6211,34.0346],[133.6209,34.0345],[133.6204,34.0347],[133.6196,34.035],[133.6192,34.0351],[133.6189,34.0351],[133.6187,34.0349],[133.6185,34.0347],[133.6181,34.0342],[133.6171,34.0337],[133.6169,34.0335],[133.6165,34.0329],[133.6163,34.0328],[133.6157,34.0328],[133.6155,34.0328],[133.6153,34.0325],[133.6149,34.0324],[133.6144,34.0323],[133.6137,34.0322],[133.6133,34.0323],[133.6131,34.0325],[133.6128,34.0329],[133.6122,34.0333],[133.6121,34.0334],[133.6117,34.0332],[133.6114,34.0332],[133.6111,34.0334],[133.6104,34.034],[133.6098,34.0342],[133.6087,34.0343],[133.6086,34.0344],[133.6084,34.0348],[133.6082,34.0353],[133.6079,34.036],[133.6078,34.0365],[133.6075,34.0368],[133.6073,34.0369],[133.607,34.0368],[133.6068,34.0367],[133.6063,34.0365],[133.606,34.0363],[133.6049,34.0361],[133.6047,34.0361],[133.6042,34.0359],[133.6036,34.0367],[133.603,34.0381],[133.6028,34.0385],[133.602,34.0395],[133.6017,34.0399],[133.6012,34.0403],[133.601,34.0406],[133.6008,34.0411],[133.6006,34.0413],[133.5999,34.0416],[133.5991,34.0423],[133.5989,34.0427],[133.5988,34.043],[133.5985,34.0436],[133.5984,34.0434],[133.5982,34.0434],[133.5981,34.0432],[133.5979,34.0428],[133.5978,34.0426],[133.5974,34.0427],[133.5974,34.0426],[133.5978,34.0425],[133.5978,34.0422],[133.5975,34.0415],[133.5974,34.0412],[133.5973,34.0412],[133.5954,34.0379],[133.5948,34.0372],[133.5945,34.0374],[133.5944,34.0373],[133.5948,34.0372],[133.5937,34.036],[133.5925,34.0347],[133.5922,34.0344],[133.5918,34.0341],[133.5913,34.0338],[133.5906,34.0335],[133.5896,34.0336],[133.5897,34.0337],[133.5891,34.034],[133.5889,34.0342],[133.5891,34.0348],[133.5891,34.0349],[133.5888,34.0342],[133.5891,34.0339],[133.5895,34.0337],[133.5891,34.0333],[133.5884,34.034],[133.5888,34.0346],[133.5889,34.0352],[133.5887,34.0346],[133.5879,34.0341],[133.5868,34.0344],[133.5867,34.0346],[133.5862,34.0345],[133.5862,34.0343],[133.5859,34.0338],[133.585,34.0319],[133.5849,34.0317],[133.5843,34.0311],[133.584,34.0306],[133.584,34.0305],[133.5837,34.0299],[133.5834,34.0295],[133.5831,34.0296],[133.5816,34.0302],[133.5788,34.0313],[133.5785,34.0313],[133.5779,34.0303],[133.5773,34.0292],[133.5763,34.0276],[133.5765,34.0274],[133.5799,34.0239],[133.58,34.0238],[133.5796,34.0235],[133.5794,34.0235],[133.5792,34.0233],[133.5789,34.023],[133.5783,34.0224],[133.578,34.0224],[133.5765,34.0226],[133.5749,34.0228],[133.5738,34.023],[133.5724,34.0236],[133.5725,34.0235],[133.5735,34.023],[133.5733,34.0228],[133.5729,34.022],[133.5725,34.021],[133.5718,34.0212],[133.5715,34.0208],[133.5727,34.0202],[133.5728,34.0204],[133.5731,34.0212],[133.5738,34.0209],[133.5739,34.0211],[133.5741,34.0209],[133.5733,34.0193],[133.5733,34.0192],[133.5729,34.0185],[133.5722,34.0172],[133.5717,34.0173],[133.5719,34.0179],[133.5719,34.0181],[133.5713,34.0182],[133.5713,34.0184],[133.5716,34.0188],[133.5722,34.0186],[133.5724,34.0189],[133.5718,34.0192],[133.5719,34.0194],[133.5719,34.0196],[133.5717,34.0198],[133.5712,34.02],[133.5711,34.02],[133.5708,34.0202],[133.5705,34.0203],[133.5704,34.0205],[133.5704,34.0207],[133.5705,34.0215],[133.571,34.0235],[133.5711,34.0236],[133.5712,34.0239],[133.5709,34.0248],[133.571,34.0248],[133.5709,34.025],[133.5708,34.025],[133.5702,34.0252],[133.5707,34.0249],[133.5708,34.0248],[133.571,34.0242],[133.571,34.0239],[133.5709,34.0235],[133.5708,34.0236],[133.5702,34.0208],[133.57,34.0205],[133.5703,34.0203],[133.57,34.0199],[133.5697,34.0201],[133.5694,34.0196],[133.568,34.0202],[133.5695,34.0226],[133.5678,34.0234],[133.5688,34.025],[133.5697,34.0245],[133.5698,34.0246],[133.5688,34.025],[133.5694,34.026],[133.5697,34.0262],[133.5694,34.0263],[133.5693,34.026],[133.5679,34.0239],[133.5668,34.0221],[133.5657,34.0202],[133.5646,34.0185],[133.568,34.0163],[133.568,34.0161],[133.5678,34.0158],[133.568,34.0158],[133.5686,34.0169],[133.5689,34.0172],[133.5692,34.0171],[133.5692,34.0169],[133.5682,34.0153],[133.568,34.0151],[133.5677,34.0153],[133.5679,34.0156],[133.5677,34.0156],[133.5675,34.0153],[133.5673,34.0148],[133.5669,34.0145],[133.5667,34.0144],[133.5666,34.014],[133.5665,34.0137],[133.5663,34.0136],[133.5659,34.0135],[133.5656,34.0132],[133.5655,34.0132],[133.5652,34.0134],[133.5641,34.0141],[133.5625,34.0152],[133.5624,34.0152],[133.562,34.0146],[133.5605,34.0124],[133.5603,34.012],[133.5602,34.0119],[133.5622,34.0106],[133.5617,34.0098],[133.5613,34.009],[133.5595,34.0097],[133.5532,34.0124],[133.5517,34.013],[133.549,34.0106],[133.5523,34.0081],[133.5519,34.0076],[133.5519,34.0074],[133.5553,34.0048],[133.5549,34.0042],[133.5543,34.0037],[133.5558,34.0026],[133.556,34.0024],[133.5565,34.002],[133.5556,34.001],[133.553,34.0028],[133.5505,34.0047],[133.5461,34.0078],[133.5458,34.0076],[133.5457,34.0077],[133.5454,34.0074],[133.5451,34.0071],[133.5445,34.0065],[133.544,34.006],[133.5436,34.0057],[133.5417,34.004],[133.5412,34.0035],[133.5411,34.0033],[133.5484,33.9982],[133.552,33.9956],[133.5521,33.9954],[133.5523,33.9953],[133.5524,33.9951],[133.5521,33.9946],[133.5517,33.9947],[133.5504,33.9935],[133.5503,33.9934],[133.5501,33.9937],[133.5496,33.9929],[133.5501,33.9921],[133.5492,33.9917],[133.5484,33.9928],[133.5483,33.9928],[133.5476,33.9921],[133.546,33.9927],[133.5476,33.9921],[133.5484,33.991],[133.5482,33.991],[133.5468,33.9897],[133.547,33.9892],[133.5469,33.989],[133.5446,33.9868],[133.5443,33.9867],[133.544,33.9871],[133.5435,33.9869],[133.544,33.986],[133.5439,33.9858],[133.543,33.9853],[133.5427,33.9854],[133.542,33.986],[133.5419,33.9861],[133.542,33.9865],[133.5429,33.9878],[133.5431,33.9879],[133.5437,33.9876],[133.5438,33.9877],[133.5432,33.988],[133.5435,33.9885],[133.5435,33.9888],[133.5434,33.9888],[133.5434,33.9885],[133.543,33.988],[133.5427,33.988],[133.5414,33.989],[133.5397,33.9901],[133.5401,33.9905],[133.5419,33.9922],[133.5421,33.9921],[133.5422,33.9922],[133.54,33.9937],[133.5391,33.9943],[133.5381,33.995],[133.5393,33.9941],[133.5388,33.9935],[133.5336,33.9884],[133.5358,33.9868],[133.536,33.9854],[133.5359,33.9868],[133.5374,33.9882],[133.5384,33.9875],[133.5372,33.9863],[133.5376,33.986],[133.5387,33.9871],[133.5398,33.9862],[133.5393,33.9857],[133.5381,33.9854],[133.5385,33.9851],[133.5388,33.9837],[133.5382,33.9833],[133.5381,33.9834],[133.5379,33.9833],[133.5373,33.9837],[133.5372,33.9837],[133.5365,33.9842],[133.5364,33.9841],[133.5359,33.9845],[133.536,33.9846],[133.5326,33.987],[133.5324,33.9868],[133.5279,33.9825],[133.5275,33.9821],[133.5231,33.9797],[133.5229,33.9797],[133.523,33.9795],[133.5247,33.9772],[133.5247,33.977],[133.5244,33.9768],[133.5241,33.9768],[133.5242,33.9766],[133.5241,33.9763],[133.5237,33.9761],[133.5237,33.976],[133.5231,33.9755],[133.5228,33.9754],[133.5221,33.9763],[133.5221,33.9762],[133.5208,33.978],[133.5161,33.9755],[133.5173,33.9738],[133.5174,33.9738],[133.5184,33.9726],[133.5174,33.9723],[133.5165,33.972],[133.5163,33.972],[133.5152,33.9715],[133.515,33.9715],[133.5149,33.9719],[133.5148,33.9719],[133.5147,33.9729],[133.5133,33.9728],[133.5133,33.9727],[133.5147,33.9728],[133.5148,33.9719],[133.5123,33.9717],[133.5123,33.9716],[133.512,33.9716],[133.512,33.9711],[133.5121,33.9707],[133.5127,33.9707],[133.5127,33.9706],[133.5132,33.9706],[133.5133,33.9706],[133.5134,33.9704],[133.5128,33.9702],[133.5127,33.9701],[133.5123,33.9699],[133.512,33.9703],[133.5119,33.9702],[133.5117,33.9704],[133.5118,33.9706],[133.5118,33.971],[133.5115,33.9718],[133.5115,33.9719],[133.5122,33.9725],[133.5121,33.9726],[133.5127,33.9731],[133.5138,33.9737],[133.5139,33.9737],[133.5142,33.9738],[133.514,33.974],[133.5127,33.9732],[133.5118,33.9725],[133.5118,33.9724],[133.5114,33.972],[133.5114,33.9718],[133.5113,33.9717],[133.5108,33.9715],[133.5104,33.9723],[133.5095,33.9723],[133.5095,33.9735],[133.5094,33.9735],[133.5024,33.9728],[133.5021,33.9702],[133.5021,33.97],[133.5019,33.9699],[133.502,33.9697],[133.5019,33.9697],[133.5018,33.97],[133.5015,33.9699],[133.5009,33.9697],[133.5003,33.9696],[133.5,33.9696],[133.4999,33.9696],[133.4995,33.9696],[133.4987,33.9697],[133.4983,33.9699],[133.4981,33.9699],[133.4982,33.9705],[133.4981,33.9709],[133.4979,33.9712],[133.4977,33.9713],[133.4973,33.9715],[133.4969,33.9715],[133.4967,33.9714],[133.4972,33.9714],[133.4974,33.9713],[133.4977,33.9712],[133.4974,33.9708],[133.4971,33.9705],[133.4967,33.9703],[133.4962,33.9702],[133.4956,33.97],[133.4952,33.97],[133.4947,33.9702],[133.4942,33.9704],[133.4944,33.9707],[133.4946,33.9708],[133.495,33.971],[133.495,33.9711],[133.4945,33.9709],[133.4943,33.9707],[133.4941,33.9703],[133.4941,33.97],[133.4943,33.9695],[133.494,33.9694],[133.4939,33.9693],[133.4935,33.9692],[133.4928,33.9691],[133.4926,33.9691],[133.4924,33.9693],[133.4922,33.9692],[133.4911,33.9692],[133.4905,33.9693],[133.4896,33.9694],[133.4893,33.9697],[133.4892,33.969],[133.489,33.9692],[133.489,33.9693],[133.4891,33.9697],[133.489,33.97],[133.4885,33.9701],[133.4881,33.9702],[133.4874,33.9704],[133.4868,33.971],[133.4866,33.9712],[133.4866,33.9715],[133.4863,33.9717],[133.4863,33.9719],[133.4856,33.9724],[133.4852,33.9723],[133.4849,33.9722],[133.4841,33.972],[133.4836,33.972],[133.4835,33.9719],[133.4832,33.972],[133.4829,33.9719],[133.4828,33.9719],[133.4824,33.9719],[133.482,33.9719],[133.4814,33.9721],[133.4799,33.9724],[133.4797,33.9723],[133.4797,33.9726],[133.4793,33.9727],[133.4787,33.9726],[133.4784,33.9726],[133.4768,33.9727],[133.4762,33.9728],[133.4755,33.973],[133.4757,33.9733],[133.4751,33.9735],[133.4747,33.9737],[133.4748,33.9739],[133.4746,33.9739],[133.4745,33.9741],[133.4742,33.9741],[133.474,33.9744],[133.4737,33.9746],[133.4736,33.9744],[133.4734,33.9744],[133.4734,33.9746],[133.473,33.9745],[133.4728,33.9745],[133.4725,33.9746],[133.4725,33.9744],[133.4721,33.9743],[133.472,33.9741],[133.4719,33.9741],[133.472,33.9744],[133.4715,33.9744],[133.4708,33.9744],[133.4701,33.9744],[133.4701,33.9748],[133.4706,33.9748],[133.4713,33.975],[133.4715,33.977],[133.4712,33.9751],[133.4707,33.9749],[133.47,33.9749],[133.47,33.9748],[133.47,33.9744],[133.4698,33.9744],[133.4692,33.9744],[133.4688,33.9744],[133.4674,33.9745],[133.4666,33.9746],[133.4662,33.9746],[133.4656,33.9748],[133.4652,33.975],[133.4649,33.9751],[133.4648,33.9754],[133.4648,33.9755],[133.4647,33.9758],[133.4649,33.9761],[133.4649,33.9764],[133.4648,33.9767],[133.4641,33.9771],[133.4599,33.9799],[133.459,33.9805],[133.4593,33.9808],[133.4589,33.9805],[133.4583,33.9809],[133.4585,33.981],[133.4586,33.981],[133.459,33.9808],[133.459,33.9809],[133.4586,33.9811],[133.4585,33.9811],[133.4583,33.981],[133.458,33.9811],[133.4567,33.982],[133.4549,33.9832],[133.4535,33.9841],[133.4531,33.9842],[133.4528,33.9841],[133.4526,33.984],[133.4524,33.9839],[133.4522,33.9833],[133.4519,33.9829],[133.4519,33.9826],[133.4516,33.9817],[133.4515,33.9813],[133.4511,33.9814],[133.4509,33.9815],[133.4505,33.9816],[133.4503,33.9818],[133.4501,33.9817],[133.4497,33.9818],[133.4491,33.9821],[133.4491,33.9822],[133.4493,33.9825],[133.4491,33.9826],[133.449,33.9822],[133.4485,33.9822],[133.4483,33.9823],[133.4484,33.9828],[133.4483,33.983],[133.4484,33.9831],[133.4483,33.9834],[133.4481,33.9833],[133.4479,33.9829],[133.4477,33.9826],[133.4477,33.9825],[133.4475,33.9825],[133.447,33.9822],[133.4462,33.982],[133.4463,33.9821],[133.4466,33.9824],[133.4468,33.9825],[133.4467,33.9827],[133.4465,33.9827],[133.4464,33.9829],[133.4463,33.9831],[133.4461,33.9831],[133.4459,33.983],[133.4454,33.9828],[133.4454,33.9831],[133.4453,33.9831],[133.4453,33.9835],[133.444,33.9835],[133.4438,33.9832],[133.4436,33.9831],[133.4434,33.983],[133.4436,33.9835],[133.4435,33.9838],[133.4432,33.9834],[133.4429,33.983],[133.4428,33.9827],[133.4426,33.9826],[133.4425,33.9827],[133.4424,33.9831],[133.4423,33.9832],[133.4422,33.9836],[133.4423,33.9838],[133.4423,33.9842],[133.4425,33.9845],[133.4426,33.9845],[133.4427,33.9842],[133.4429,33.9837],[133.4431,33.9835],[133.4433,33.9837],[133.4431,33.9843],[133.4429,33.9847],[133.4428,33.985],[133.4427,33.9851],[133.4424,33.9852],[133.4421,33.9851],[133.4417,33.9851],[133.4416,33.9852],[133.4412,33.9851],[133.441,33.9851],[133.4401,33.9848],[133.4398,33.9847],[133.4395,33.9847],[133.4385,33.9847],[133.4379,33.9849],[133.4374,33.9853],[133.437,33.9852],[133.4368,33.9852],[133.4367,33.9854],[133.4355,33.9857],[133.4352,33.9857],[133.4351,33.9858],[133.4348,33.9858],[133.4344,33.9858],[133.4333,33.9862],[133.433,33.9863],[133.4328,33.9863],[133.4316,33.9864],[133.4311,33.9865],[133.431,33.9866],[133.4311,33.9867],[133.4308,33.9867],[133.43,33.9868],[133.4299,33.9864],[133.4304,33.9864],[133.4305,33.9863],[133.4291,33.9862],[133.4293,33.9863],[133.4293,33.9865],[133.4298,33.987],[133.43,33.9874],[133.4304,33.9873],[133.4313,33.9871],[133.4313,33.9872],[133.4304,33.9873],[133.4299,33.9875],[133.4297,33.9871],[133.4292,33.9866],[133.4288,33.9865],[133.428,33.9864],[133.4276,33.9863],[133.427,33.9861],[133.4259,33.986],[133.4256,33.9859],[133.4251,33.986],[133.4248,33.986],[133.4243,33.986],[133.4237,33.9858],[133.4234,33.9858],[133.4225,33.9857],[133.4215,33.9859],[133.4206,33.9859],[133.4201,33.9859],[133.4199,33.986],[133.4195,33.9859],[133.4188,33.9859],[133.4183,33.9859],[133.418,33.9859],[133.4168,33.986],[133.4164,33.9859],[133.416,33.986],[133.4157,33.9859],[133.4154,33.9859],[133.4149,33.986],[133.4148,33.986],[133.4144,33.9859],[133.4141,33.986],[133.4138,33.9862],[133.4135,33.9865],[133.4133,33.9867],[133.4131,33.9868],[133.4133,33.9869],[133.4129,33.9874],[133.4133,33.9876],[133.4132,33.9877],[133.4125,33.9874],[133.4123,33.9881],[133.4129,33.9887],[133.4131,33.9885],[133.4131,33.9881],[133.4133,33.988],[133.4143,33.9877],[133.4146,33.9876],[133.4151,33.9877],[133.4151,33.9878],[133.4147,33.9878],[133.4143,33.9879],[133.4141,33.9879],[133.4137,33.9881],[133.4136,33.9883],[133.4135,33.9887],[133.4127,33.9892],[133.4125,33.9893],[133.4122,33.9899],[133.412,33.9902],[133.4113,33.9905],[133.4112,33.9906],[133.411,33.9906],[133.4106,33.9906],[133.4104,33.9905],[133.4102,33.9903],[133.4096,33.9902],[133.4093,33.99],[133.4091,33.9898],[133.4087,33.9896],[133.4083,33.9895],[133.4079,33.9894],[133.4075,33.9893],[133.407,33.9893],[133.4065,33.9893],[133.4059,33.9893],[133.4058,33.9892],[133.4059,33.989],[133.4058,33.9889],[133.4055,33.9887],[133.4052,33.9886],[133.4048,33.9885],[133.4038,33.9884],[133.4031,33.9884],[133.4022,33.9884],[133.4017,33.9885],[133.4008,33.9887],[133.4003,33.9889],[133.3998,33.9891],[133.3991,33.9895],[133.3993,33.9898],[133.3985,33.9901],[133.3983,33.9902],[133.3981,33.9906],[133.3978,33.9908],[133.3975,33.9909],[133.3969,33.9911],[133.3964,33.9912],[133.3958,33.9913],[133.3955,33.9913],[133.3953,33.9913],[133.3933,33.9904],[133.3928,33.99],[133.3922,33.9896],[133.392,33.9894],[133.3916,33.989],[133.391,33.9884],[133.3904,33.9879],[133.3905,33.9878],[133.3902,33.9875],[133.3901,33.9871],[133.3896,33.9865],[133.3892,33.9861],[133.3888,33.9858],[133.3893,33.985],[133.3898,33.9841],[133.39,33.9834],[133.3903,33.9827],[133.3912,33.9819],[133.3917,33.9814],[133.3915,33.9812],[133.3912,33.9811],[133.3911,33.981],[133.391,33.9808],[133.3908,33.9807],[133.3907,33.9804],[133.3904,33.9803],[133.3902,33.9803],[133.3899,33.9802],[133.3897,33.9801],[133.3894,33.9796],[133.3893,33.9792],[133.389,33.9788],[133.3888,33.9787],[133.3884,33.9787],[133.3877,33.9787],[133.3877,33.9785],[133.3873,33.9776],[133.3872,33.9774],[133.3868,33.977],[133.3866,33.9766],[133.3866,33.9762],[133.3865,33.9759],[133.3864,33.9756],[133.3861,33.9749],[133.3859,33.9745],[133.3855,33.9741],[133.3851,33.9738],[133.3848,33.9736],[133.3846,33.9733],[133.3844,33.9722],[133.3841,33.9715],[133.3839,33.9714],[133.3835,33.9711],[133.3829,33.9708],[133.3825,33.9707],[133.3821,33.9707],[133.3819,33.9706],[133.3816,33.9706],[133.3813,33.9705],[133.3811,33.9703],[133.3808,33.9702],[133.3803,33.9701],[133.3797,33.9702],[133.3795,33.9693],[133.3794,33.9691],[133.379,33.9687],[133.3787,33.9684],[133.3785,33.9681],[133.3783,33.9676],[133.3781,33.9672],[133.3777,33.9669],[133.3775,33.9665],[133.3774,33.9662],[133.3773,33.9652],[133.377,33.965],[133.3766,33.9645],[133.3763,33.9638],[133.376,33.9637],[133.376,33.9636],[133.3764,33.9631],[133.3764,33.9627],[133.3764,33.9623],[133.3762,33.9619],[133.3759,33.9613],[133.3757,33.9607],[133.3757,33.9604],[133.3756,33.9601],[133.3756,33.9598],[133.3754,33.9595],[133.3752,33.9593],[133.3751,33.9591],[133.375,33.9588],[133.3747,33.9584],[133.3741,33.958],[133.3738,33.9579],[133.3736,33.9577],[133.3735,33.9575],[133.3738,33.9567],[133.3739,33.9563],[133.3737,33.9556],[133.3735,33.9555],[133.3734,33.9556],[133.3731,33.9559],[133.3728,33.9559],[133.3726,33.9558],[133.3724,33.9556],[133.372,33.9553],[133.3715,33.9555],[133.3711,33.9553],[133.371,33.955],[133.3706,33.9544],[133.3706,33.9542],[133.3707,33.9538],[133.3707,33.9534],[133.3702,33.9527],[133.3699,33.9522],[133.37,33.952],[133.3702,33.9517],[133.3707,33.9511],[133.3707,33.9509],[133.3707,33.9508],[133.3704,33.9505],[133.3704,33.9502],[133.3709,33.9496],[133.3712,33.9492],[133.3713,33.9489],[133.3712,33.9487],[133.3707,33.9486],[133.3701,33.9484],[133.3699,33.9483],[133.3697,33.9479],[133.3693,33.9475],[133.3691,33.9472],[133.3689,33.9466],[133.3689,33.9462],[133.3683,33.9459],[133.3682,33.9458],[133.3681,33.9448],[133.3681,33.9446],[133.3683,33.9442],[133.3684,33.944],[133.3684,33.9436],[133.3686,33.9429],[133.3688,33.9426],[133.3689,33.9422],[133.369,33.942],[133.3684,33.94],[133.3682,33.9397],[133.3677,33.9393],[133.3677,33.9391],[133.3681,33.9387],[133.3681,33.9386],[133.3681,33.9383],[133.3677,33.9379],[133.3674,33.9376],[133.3668,33.9372],[133.3667,33.9371],[133.3667,33.9369],[133.3667,33.9365],[133.3667,33.9356],[133.3666,33.934],[133.3668,33.9336],[133.3669,33.9334],[133.3668,33.9331],[133.3665,33.9325],[133.3663,33.9318],[133.3663,33.9314],[133.3663,33.931],[133.3664,33.9306],[133.3665,33.9303],[133.3668,33.9298],[133.3672,33.929],[133.3673,33.9288],[133.3672,33.9282],[133.3669,33.9275],[133.3667,33.9272],[133.3666,33.9269],[133.3667,33.9265],[133.3669,33.9262],[133.3675,33.9256],[133.3676,33.9254],[133.3678,33.925],[133.3678,33.9247],[133.3679,33.9241],[133.3679,33.9235],[133.368,33.9233],[133.3688,33.9224],[133.369,33.9219],[133.3692,33.9214],[133.3693,33.921],[133.3695,33.92],[133.3694,33.9196],[133.3695,33.9188],[133.3694,33.9184],[133.3692,33.9178],[133.3689,33.9174],[133.3685,33.9171],[133.3684,33.917],[133.3683,33.9166],[133.3679,33.9161],[133.3676,33.9156],[133.3675,33.9153],[133.3676,33.915],[133.3675,33.9145],[133.3674,33.9138],[133.3674,33.9134],[133.3674,33.9132],[133.3677,33.9123],[133.3678,33.9118],[133.3678,33.9111],[133.3679,33.9107],[133.368,33.9104],[133.3676,33.91],[133.3672,33.9098],[133.3669,33.9096],[133.3667,33.9091],[133.3665,33.9088],[133.3665,33.9087],[133.3664,33.9083],[133.3661,33.9075],[133.366,33.9073],[133.3658,33.9071],[133.3655,33.9066],[133.3652,33.9062],[133.3651,33.906],[133.3651,33.9056],[133.365,33.9049],[133.3649,33.9046],[133.3648,33.9042],[133.3648,33.9036],[133.3648,33.903],[133.3648,33.902],[133.3646,33.9017],[133.3644,33.9014],[133.3641,33.9008],[133.364,33.9007],[133.3635,33.9003],[133.3632,33.9002],[133.3625,33.8997],[133.3621,33.8996],[133.3615,33.8996],[133.3609,33.8995],[133.3605,33.8993],[133.36,33.8993],[133.3594,33.8992],[133.3593,33.899],[133.3593,33.898],[133.3594,33.8976],[133.3594,33.8968],[133.3593,33.8964],[133.359,33.8962],[133.3586,33.896],[133.358,33.8953],[133.3574,33.8948],[133.3573,33.8947],[133.357,33.8944],[133.357,33.8943],[133.3568,33.8941],[133.3564,33.8938],[133.3559,33.8936],[133.3551,33.8934],[133.3548,33.8934],[133.3543,33.8936],[133.3542,33.8935],[133.3542,33.8933],[133.3538,33.893],[133.3535,33.8924],[133.3532,33.892],[133.353,33.8919],[133.3524,33.8916],[133.352,33.8915],[133.3518,33.8912],[133.3516,33.8908],[133.3515,33.8901],[133.3513,33.8898],[133.3508,33.8895],[133.3507,33.8894],[133.3507,33.8892],[133.3511,33.8883],[133.3512,33.8879],[133.3512,33.8877],[133.3509,33.8875],[133.35,33.8867],[133.3501,33.8865],[133.3502,33.8863],[133.3505,33.886],[133.3507,33.886],[133.351,33.8858],[133.351,33.8856],[133.3511,33.8848],[133.3511,33.8841],[133.3516,33.8833],[133.3518,33.8829],[133.3522,33.8826],[133.3524,33.8824],[133.3529,33.8817],[133.3533,33.8813],[133.3534,33.8812],[133.3538,33.8798],[133.3539,33.8795],[133.3543,33.8795],[133.3556,33.8797],[133.3559,33.8796],[133.3568,33.8794],[133.3573,33.8791],[133.3575,33.8789],[133.3577,33.8788],[133.358,33.8787],[133.3589,33.8787],[133.3591,33.8786],[133.3594,33.8785],[133.3598,33.8782],[133.3603,33.8779],[133.361,33.8775],[133.3616,33.8772],[133.3619,33.877],[133.3624,33.8768],[133.3628,33.8768],[133.3635,33.8771],[133.364,33.8771],[133.3644,33.8773],[133.3649,33.8773],[133.3658,33.8772],[133.3664,33.8771],[133.3671,33.8768],[133.3675,33.8767],[133.3678,33.8767],[133.3683,33.8767],[133.369,33.8765],[133.3696,33.8762],[133.3702,33.876],[133.3709,33.8759],[133.3715,33.8756],[133.3721,33.8753],[133.3723,33.8752],[133.3729,33.8754],[133.3742,33.8753],[133.375,33.8752],[133.3758,33.8754],[133.3762,33.8756],[133.3768,33.8758],[133.3778,33.8756],[133.3787,33.8757],[133.3798,33.8758],[133.381,33.8759],[133.3817,33.8759],[133.3823,33.876],[133.3827,33.8762],[133.3837,33.8763],[133.3841,33.8765],[133.3845,33.8768],[133.3849,33.8771],[133.3851,33.8775],[133.3853,33.8782],[133.3855,33.8784],[133.386,33.8791],[133.3863,33.8794],[133.3865,33.8796],[133.3869,33.8798],[133.3873,33.8799],[133.3877,33.88],[133.3885,33.8801],[133.3889,33.8802],[133.3896,33.8801],[133.39,33.88],[133.3907,33.8797],[133.3913,33.8794],[133.3915,33.8794],[133.3917,33.8795],[133.3921,33.88],[133.3926,33.8805],[133.3934,33.8811],[133.3939,33.8814],[133.3944,33.8818],[133.3949,33.8821],[133.3952,33.8822],[133.3953,33.8824],[133.3956,33.8836],[133.3958,33.884],[133.396,33.8843],[133.3969,33.8849],[133.397,33.8853],[133.3971,33.886],[133.3973,33.8863],[133.398,33.8867],[133.3985,33.887],[133.3991,33.8873],[133.4008,33.8871],[133.4011,33.887],[133.4026,33.8871],[133.4029,33.887],[133.4037,33.8869],[133.4043,33.8869],[133.4045,33.887],[133.4048,33.8871],[133.405,33.8872],[133.4053,33.8872],[133.4056,33.887],[133.4063,33.8866],[133.4066,33.8866],[133.4071,33.8865],[133.4081,33.8867],[133.4085,33.8867],[133.4089,33.8866],[133.4093,33.8866],[133.4097,33.8866],[133.4112,33.887],[133.4122,33.8872],[133.4132,33.8873],[133.4136,33.8873],[133.4139,33.8874],[133.4154,33.8885],[133.4157,33.8886],[133.4163,33.8888],[133.4166,33.8888],[133.4175,33.8893],[133.4179,33.8895],[133.4183,33.8896],[133.4187,33.8896],[133.4196,33.8896],[133.4199,33.8895],[133.4204,33.8894],[133.4211,33.8891],[133.4219,33.8887],[133.4223,33.8884],[133.4225,33.8883],[133.4228,33.8883],[133.4236,33.8885],[133.424,33.8887],[133.4253,33.8895],[133.4259,33.8898],[133.4265,33.89],[133.4272,33.8901],[133.4275,33.8902],[133.4279,33.8903],[133.4285,33.8905],[133.4289,33.8908],[133.4292,33.8909],[133.4299,33.8913],[133.4304,33.8914],[133.4306,33.8915],[133.4316,33.8914],[133.432,33.8912],[133.4329,33.891],[133.4335,33.8907],[133.434,33.8906],[133.4344,33.8906],[133.4349,33.8907],[133.4355,33.8909],[133.4364,33.8914],[133.4375,33.8918],[133.4382,33.892],[133.4387,33.8921],[133.4387,33.892],[133.439,33.8917],[133.4392,33.8915],[133.4396,33.8912],[133.4398,33.8911],[133.4402,33.8906],[133.4403,33.89],[133.4403,33.8894],[133.4405,33.8892],[133.4416,33.8887],[133.4423,33.8883],[133.4428,33.8878],[133.4434,33.8875],[133.4439,33.8875],[133.4447,33.8878],[133.4451,33.8877],[133.4453,33.8876],[133.4459,33.8864],[133.4465,33.8858],[133.4473,33.8855],[133.4475,33.8853],[133.4478,33.885],[133.4481,33.8845],[133.4482,33.8842],[133.4484,33.8834],[133.4483,33.8819],[133.4478,33.8812],[133.4476,33.8808],[133.4475,33.8799],[133.4473,33.8796],[133.4469,33.879],[133.4467,33.8786],[133.4466,33.8782],[133.4466,33.878],[133.4467,33.8776],[133.4469,33.8772],[133.4472,33.877],[133.4472,33.8764],[133.4475,33.8761],[133.4484,33.8754],[133.4489,33.8749],[133.4492,33.8743],[133.4493,33.8739],[133.4493,33.8735],[133.4492,33.8732],[133.4492,33.8731],[133.4493,33.8727],[133.4496,33.8724],[133.4498,33.8723],[133.4502,33.8721],[133.4505,33.8717],[133.4507,33.8717],[133.4523,33.8713],[133.4527,33.8711],[133.4531,33.8709],[133.4538,33.8699],[133.454,33.8697],[133.4541,33.8691],[133.4541,33.8683],[133.4534,33.8683],[133.4518,33.8687],[133.4515,33.8687],[133.4509,33.8685],[133.4501,33.8678],[133.4498,33.8676],[133.4492,33.8675],[133.4487,33.8674],[133.448,33.8669],[133.4478,33.8666],[133.4476,33.8664],[133.4471,33.8661],[133.4469,33.866],[133.4467,33.8654],[133.4466,33.8651],[133.4466,33.8643],[133.4466,33.864],[133.4467,33.8638],[133.4471,33.8633],[133.4476,33.8629],[133.4479,33.8625],[133.4484,33.8621],[133.4489,33.8616],[133.4494,33.861],[133.4497,33.8597],[133.4497,33.8594],[133.4499,33.859],[133.4504,33.8585],[133.4511,33.858],[133.4513,33.8577],[133.4514,33.8574],[133.4514,33.8567],[133.4515,33.856],[133.4516,33.8557],[133.4519,33.8553],[133.4522,33.855],[133.4526,33.8547],[133.4528,33.8544],[133.4529,33.8537],[133.4529,33.853],[133.4529,33.8526],[133.4527,33.8521],[133.4527,33.8519],[133.4528,33.8517],[133.4531,33.8514],[133.4535,33.851],[133.4537,33.8508],[133.4539,33.8504],[133.4542,33.8498],[133.4544,33.8488],[133.4544,33.8479],[133.4543,33.8474],[133.4543,33.847],[133.4544,33.8465],[133.4543,33.8462],[133.4541,33.8453],[133.4541,33.8446],[133.4542,33.8444],[133.4546,33.8438],[133.4548,33.8436],[133.4549,33.8432],[133.4549,33.8423],[133.4547,33.841],[133.4546,33.8401],[133.4546,33.8399],[133.4548,33.8393],[133.4552,33.8385],[133.4554,33.8381],[133.4554,33.8378],[133.455,33.8369]],[[133.4718,33.9753],[133.4717,33.9753],[133.4719,33.977],[133.4718,33.9753]],[[133.4958,33.971],[133.4957,33.971],[133.4961,33.9711],[133.4961,33.971],[133.4958,33.971]],[[133.5429,33.9917],[133.543,33.9888],[133.5429,33.9888],[133.5429,33.9927],[133.5429,33.9917]],[[133.5433,33.9926],[133.5429,33.9927],[133.5446,33.9927],[133.5446,33.9926],[133.5433,33.9926]],[[133.5345,34],[133.5351,33.9981],[133.5354,33.9973],[133.5358,33.996],[133.5358,33.9958],[133.5349,33.995],[133.5358,33.9959],[133.535,33.9984],[133.5334,34.0034],[133.5335,34.0033],[133.5345,34]],[[133.5395,34.0083],[133.5371,34.006],[133.536,34.0059],[133.5371,34.0061],[133.5429,34.0117],[133.543,34.0117],[133.5395,34.0083]],[[133.5706,34.0279],[133.5709,34.0284],[133.5709,34.0283],[133.5699,34.0268],[133.5695,34.0267],[133.5692,34.0266],[133.5692,34.0267],[133.5699,34.0269],[133.5701,34.0273],[133.5702,34.0273],[133.5706,34.0279]],[[133.5831,34.031],[133.5836,34.0319],[133.5837,34.0318],[133.5832,34.0309],[133.5831,34.031]],[[133.5842,34.033],[133.5843,34.0331],[133.5839,34.0322],[133.5838,34.0322],[133.5842,34.033]]]},"properties":{"N03_001":"愛媛県","N03_002":"","N03_003":"","N03_004":"四国中央市","N03_007":"38213"}},
{"type":"Feature","geometry":{"type":"MultiPolygon","coordinates":[]},"properties":{"N03_001":"愛媛県","N03_002":"","N03_003":"","N03_004":"西予市","N03_007":"38214"}},
{"type":"Feature","geometry":{"type":"Polygon","coordinates":[[[132.9256,33.9055],[132.9253,33.9052],[132.9248,33.9047],[132.9246,33.9045],[132.924,33.9043],[132.9238,33.9039],[132.9236,33.9037],[132.9233,33.9033],[132.9231,33.9032],[132.9228,33.903],[132.922,33.9027],[132.9217,33.9025],[132.9212,33.902],[132.9211,33.9017],[132.921,33.9014],[132.9211,33.901],[132.9209,33.9006],[132.9206,33.9004],[132.9204,33.9003],[132.92,33.9002],[132.92,33.9001],[132.9202,33.8992],[132.9202,33.8986],[132.9203,33.8985],[132.9208,33.8979],[132.9209,33.8976],[132.9209,33.8974],[132.9206,33.897],[132.9203,33.8967],[132.9202,33.8965],[132.92,33.8962],[132.9198,33.896],[132.9195,33.8959],[132.9186,33.8952],[132.9182,33.8947],[132.9179,33.8943],[132.9178,33.894],[132.9177,33.894],[132.9174,33.8943],[132.9172,33.8943],[132.9168,33.8944],[132.9164,33.8942],[132.9158,33.8941],[132.9154,33.8939],[132.915,33.8938],[132.9146,33.8938],[132.9144,33.8938],[132.9141,33.8936],[132.9138,33.8932],[132.9137,33.8929],[132.9137,33.8926],[132.9135,33.8923],[132.9133,33.8921],[132.913,33.892],[132.9126,33.8916],[132.9123,33.8915],[132.912,33.8914],[132.9115,33.8914],[132.911,33.8912],[132.9108,33.8909],[132.9107,33.8908],[132.9104,33.8908],[132.9099,33.891],[132.9096,33.891],[132.9091,33.8911],[132.9087,33.8912],[132.9085,33.8912],[132.9081,33.8911],[132.9077,33.8909],[132.9076,33.8908],[132.9075,33.8906],[132.9074,33.8904],[132.9071,33.8902],[132.9071,33.8899],[132.907,33.8898],[132.9068,33.8895],[132.9063,33.8892],[132.9058,33.8892],[132.9053,33.8892],[132.905,33.8892],[132.9042,33.8892],[132.9037,33.8891],[132.9032,33.889],[132.9027,33.8891],[132.9024,33.8893],[132.9017,33.8895],[132.9016,33.8896],[132.9014,33.8898],[132.9012,33.89],[132.901,33.89],[132.9007,33.8898],[132.9005,33.8896],[132.9002,33.8894],[132.8999,33.8892],[132.8996,33.889],[132.8991,33.8889],[132.8989,33.8888],[132.8982,33.8886],[132.8977,33.8886],[132.8974,33.8885],[132.8968,33.888],[132.8964,33.8877],[132.8959,33.8875],[132.8953,33.887],[132.8951,33.8867],[132.8948,33.8863],[132.8943,33.886],[132.8942,33.8858],[132.8941,33.8856],[132.894,33.8852],[132.8939,33.885],[132.8937,33.8849],[132.8933,33.8849],[132.8926,33.885],[132.8921,33.8849],[132.8917,33.8849],[132.8913,33.8849],[132.8909,33.8848],[132.8908,33.8846],[132.8901,33.884],[132.89,33.8838],[132.8898,33.8836],[132.8893,33.8835],[132.8888,33.8833],[132.8887,33.8831],[132.8884,33.8827],[132.8881,33.8825],[132.8877,33.8823],[132.8876,33.8821],[132.8875,33.8818],[132.8873,33.8817],[132.8871,33.8815],[132.8866,33.8815],[132.8859,33.8813],[132.8851,33.8813],[132.885,33.8812],[132.8847,33.881],[132.8846,33.8808],[132.8846,33.8805],[132.8844,33.8802],[132.884,33.88],[132.8837,33.8799],[132.8836,33.8797],[132.8837,33.8795],[132.8838,33.8788],[132.8837,33.8786],[132.8834,33.8784],[132.8829,33.8783],[132.8828,33.8782],[132.8826,33.8778],[132.8825,33.8771],[132.8824,33.8769],[132.8822,33.8768],[132.8819,33.8766],[132.8816,33.8763],[132.8809,33.8759],[132.8807,33.8757],[132.8804,33.8754],[132.8803,33.8751],[132.8803,33.8749],[132.8807,33.8745],[132.881,33.8743],[132.8811,33.874],[132.8812,33.8736],[132.8815,33.8731],[132.8816,33.8727],[132.8817,33.8723],[132.8817,33.8719],[132.8816,33.8717],[132.8812,33.8714],[132.8809,33.8711],[132.8805,33.8706],[132.8802,33.8704],[132.8795,33.8701],[132.8791,33.8701],[132.8789,33.87],[132.8785,33.8693],[132.8785,33.869],[132.8783,33.8686],[132.8781,33.868],[132.878,33.8675],[132.8779,33.8666],[132.8778,33.8662],[132.8775,33.8656],[132.8774,33.8653],[132.8772,33.8647],[132.8766,33.8645],[132.8764,33.8644],[132.8762,33.8642],[132.8759,33.8637],[132.8759,33.8635],[132.8763,33.863],[132.8763,33.8626],[132.8767,33.8619],[132.877,33.8616],[132.8777,33.8606],[132.8778,33.8603],[132.8781,33.8593],[132.8782,33.8589],[132.8785,33.8587],[132.8786,33.8585],[132.8787,33.8579],[132.8791,33.8574],[132.8791,33.857],[132.8793,33.8566],[132.8795,33.8562],[132.8798,33.8558],[132.8806,33.8551],[132.8808,33.8548],[132.881,33.8545],[132.8811,33.8544],[132.8818,33.8545],[132.882,33.8544],[132.8822,33.8539],[132.8825,33.8535],[132.8827,33.8532],[132.8828,33.853],[132.8831,33.8526],[132.8831,33.852],[132.8831,33.8515],[132.8831,33.8511],[132.8829,33.8507],[132.8832,33.8502],[132.8834,33.8497],[132.8834,33.8493],[132.8835,33.849],[132.8843,33.848],[132.8845,33.8477],[132.8845,33.8475],[132.8845,33.8473],[132.8839,33.8467],[132.8837,33.8464],[132.8835,33.8462],[132.883,33.8461],[132.8829,33.8461],[132.8828,33.8455],[132.8827,33.8452],[132.8824,33.845],[132.8823,33.8449],[132.8822,33.8441],[132.8822,33.8437],[132.882,33.8434],[132.8817,33.8432],[132.8817,33.843],[132.8816,33.8428],[132.8816,33.8425],[132.8813,33.8423],[132.8813,33.8418],[132.8813,33.8415],[132.8811,33.8412],[132.8809,33.8411],[132.8803,33.8408],[132.8801,33.8406],[132.8799,33.8404],[132.8795,33.8398],[132.8793,33.8394],[132.879,33.8393],[132.8788,33.839],[132.8785,33.8384],[132.8781,33.8383],[132.8779,33.838],[132.8776,33.8371],[132.8775,33.837],[132.8772,33.8368],[132.877,33.8366],[132.877,33.8362],[132.877,33.8358],[132.8769,33.8355],[132.8768,33.8353],[132.8765,33.8352],[132.8762,33.8351],[132.876,33.835],[132.8754,33.8342],[132.8751,33.834],[132.875,33.8335],[132.8748,33.833],[132.8747,33.8328],[132.8744,33.8323],[132.8744,33.8321],[132.8748,33.8311],[132.8748,33.8309],[132.8747,33.8305],[132.874,33.8295],[132.8739,33.8293],[132.874,33.829],[132.874,33.8288],[132.8742,33.8285],[132.8743,33.828],[132.8741,33.8277],[132.8736,33.8269],[132.8733,33.8266],[132.8731,33.8264],[132.8728,33.8259],[132.872,33.8254],[132.8712,33.8251],[132.8709,33.8247],[132.8705,33.8246],[132.87,33.8246],[132.8694,33.8244],[132.869,33.8243],[132.8685,33.8239],[132.8686,33.8236],[132.8688,33.8228],[132.869,33.8226],[132.8692,33.8214],[132.8691,33.821],[132.8692,33.8207],[132.8692,33.8203],[132.8694,33.8199],[132.8698,33.8195],[132.8698,33.819],[132.8698,33.8187],[132.8697,33.8181],[132.8696,33.8177],[132.8697,33.8169],[132.8696,33.8164],[132.8694,33.8159],[132.8693,33.8156],[132.8693,33.8154],[132.8691,33.8151],[132.8685,33.8151],[132.8683,33.815],[132.8677,33.8147],[132.8672,33.8145],[132.8669,33.8143],[132.8666,33.8141],[132.8663,33.8134],[132.8661,33.8123],[132.8654,33.8098],[132.8652,33.809],[132.8653,33.8087],[132.8653,33.8085],[132.8651,33.8082],[132.865,33.8076],[132.8651,33.8065],[132.8646,33.8064],[132.8643,33.8062],[132.8632,33.806],[132.8628,33.806],[132.8601,33.8055],[132.859,33.8051],[132.8587,33.8049],[132.8583,33.8046],[132.8572,33.804],[132.8568,33.8039],[132.8562,33.8039],[132.8561,33.8039],[132.8557,33.8034],[132.8555,33.8033],[132.8551,33.8032],[132.8548,33.8031],[132.8538,33.8027],[132.8528,33.8023],[132.8523,33.802],[132.8512,33.8017],[132.8506,33.8018],[132.8497,33.8013],[132.8489,33.8009],[132.8475,33.8004],[132.8473,33.8001],[132.8473,33.799],[132.8475,33.7985],[132.8457,33.7982],[132.8455,33.7981],[132.8448,33.7976],[132.8445,33.7978],[132.8438,33.7973],[132.8432,33.7971],[132.8429,33.797],[132.8422,33.7969],[132.8418,33.7968],[132.8412,33.7967],[132.8397,33.7966],[132.8388,33.7966],[132.8378,33.7966],[132.8371,33.7965],[132.8367,33.7966],[132.8359,33.7965],[132.8351,33.7965],[132.8337,33.7963],[132.833,33.7962],[132.8325,33.7962],[132.8315,33.7963],[132.8307,33.7965],[132.8309,33.7973],[132.8312,33.7979],[132.8313,33.7982],[132.8313,33.7988],[132.8312,33.7988],[132.8308,33.7988],[132.8301,33.7988],[132.8288,33.7989],[132.8283,33.7989],[132.8271,33.799],[132.8257,33.799],[132.825,33.7991],[132.8244,33.7992],[132.8238,33.7992],[132.8235,33.7992],[132.8226,33.799],[132.8225,33.7988],[132.8225,33.7984],[132.8224,33.7967],[132.8231,33.7966],[132.8245,33.7965],[132.8255,33.7965],[132.826,33.7965],[132.826,33.7964],[132.8259,33.7953],[132.8261,33.7953],[132.827,33.7954],[132.827,33.7952],[132.8275,33.7954],[132.8278,33.7956],[132.8282,33.7956],[132.8288,33.7956],[132.8297,33.7956],[132.8299,33.7955],[132.8301,33.7952],[132.8301,33.7949],[132.83,33.7935],[132.83,33.7918],[132.8296,33.7919],[132.8288,33.7919],[132.8286,33.7919],[132.8284,33.7917],[132.8275,33.7917],[132.8274,33.7916],[132.8274,33.7915],[132.8275,33.7908],[132.8274,33.7903],[132.8267,33.7903],[132.8255,33.7902],[132.8253,33.7902],[132.8252,33.7896],[132.8248,33.7896],[132.8248,33.789],[132.8248,33.7866],[132.8247,33.7856],[132.8248,33.7852],[132.8258,33.7851],[132.8269,33.7851],[132.8278,33.7851],[132.8284,33.785],[132.8295,33.7848],[132.8307,33.7846],[132.8317,33.7843],[132.8328,33.784],[132.8345,33.7837],[132.8364,33.7833],[132.838,33.783],[132.8404,33.7826],[132.8404,33.7805],[132.8409,33.7802],[132.842,33.7796],[132.8421,33.7794],[132.841,33.7794],[132.8406,33.7793],[132.84,33.7792],[132.8396,33.7792],[132.8384,33.7791],[132.8378,33.779],[132.8376,33.779],[132.8377,33.7786],[132.8364,33.7785],[132.8367,33.778],[132.8371,33.7771],[132.8371,33.7769],[132.8371,33.7766],[132.8372,33.7757],[132.8373,33.7752],[132.8386,33.7743],[132.8388,33.7743],[132.8395,33.7746],[132.841,33.7733],[132.8418,33.7726],[132.8418,33.7724],[132.8418,33.7717],[132.8418,33.7716],[132.842,33.7715],[132.8424,33.7715],[132.8425,33.7713],[132.8429,33.7715],[132.843,33.7714],[132.8437,33.7703],[132.8439,33.7698],[132.8441,33.7695],[132.8453,33.7684],[132.8458,33.7672],[132.846,33.7669],[132.8463,33.7667],[132.8465,33.7665],[132.8468,33.7658],[132.8474,33.7649],[132.8478,33.7642],[132.8482,33.7638],[132.8483,33.7635],[132.8484,33.7632],[132.8483,33.7629],[132.8481,33.7626],[132.8478,33.7623],[132.8476,33.7622],[132.8475,33.7617],[132.8474,33.7613],[132.8472,33.7606],[132.8469,33.7596],[132.8469,33.7594],[132.847,33.7591],[132.8469,33.7584],[132.847,33.7583],[132.8472,33.758],[132.8474,33.7579],[132.8477,33.7579],[132.8482,33.7577],[132.8488,33.7577],[132.8489,33.7576],[132.8493,33.7571],[132.8495,33.757],[132.8498,33.7569],[132.8503,33.7569],[132.8507,33.7571],[132.851,33.7572],[132.8513,33.7572],[132.8516,33.7572],[132.8519,33.7571],[132.8522,33.7569],[132.8529,33.7565],[132.853,33.7564],[132.8531,33.7555],[132.8532,33.7551],[132.8533,33.7548],[132.8534,33.7546],[132.8535,33.7544],[132.8535,33.7538],[132.8536,33.7533],[132.8538,33.7531],[132.8541,33.7525],[132.8545,33.7522],[132.8547,33.752],[132.8548,33.7517],[132.855,33.7511],[132.8551,33.7508],[132.8553,33.7506],[132.8555,33.7505],[132.8558,33.7504],[132.8565,33.7502],[132.857,33.7501],[132.8576,33.7499],[132.8585,33.7497],[132.8593,33.7496],[132.8597,33.7496],[132.86,33.7495],[132.8603,33.7492],[132.8608,33.7491],[132.8611,33.749],[132.8613,33.7488],[132.8613,33.7486],[132.8615,33.7484],[132.8621,33.7478],[132.8624,33.7476],[132.8628,33.7474],[132.8629,33.7473],[132.8629,33.7468],[132.8628,33.7466],[132.8621,33.7462],[132.8621,33.7459],[132.8622,33.7457],[132.8624,33.7453],[132.8628,33.7447],[132.8629,33.7445],[132.8632,33.7442],[132.8635,33.7438],[132.8641,33.743],[132.8644,33.7428],[132.8652,33.7424],[132.8655,33.742],[132.8658,33.7416],[132.8658,33.7415],[132.8656,33.741],[132.8656,33.7408],[132.8658,33.7404],[132.8658,33.7402],[132.8657,33.7399],[132.8654,33.7396],[132.8654,33.7394],[132.8654,33.7393],[132.8659,33.7389],[132.8661,33.7387],[132.8663,33.7383],[132.8665,33.7379],[132.8668,33.7376],[132.8673,33.7375],[132.8675,33.7373],[132.8678,33.7371],[132.8681,33.7367],[132.8684,33.7363],[132.869,33.7356],[132.8695,33.7352],[132.8701,33.7348],[132.8704,33.7345],[132.871,33.7337],[132.8712,33.7335],[132.8715,33.7333],[132.8721,33.7332],[132.8722,33.7331],[132.8725,33.7327],[132.8734,33.7327],[132.8736,33.7326],[132.8739,33.732],[132.8742,33.7316],[132.8747,33.7312],[132.8749,33.7309],[132.8749,33.7307],[132.875,33.7303],[132.8751,33.73],[132.8757,33.7294],[132.8758,33.7291],[132.8756,33.7286],[132.8751,33.7279],[132.8752,33.7278],[132.8753,33.7275],[132.8753,33.7273],[132.8746,33.7262],[132.8746,33.7261],[132.8748,33.7258],[132.8749,33.7256],[132.8754,33.7252],[132.8757,33.7248],[132.876,33.7246],[132.8764,33.7244],[132.8767,33.7241],[132.8771,33.7238],[132.878,33.7233],[132.878,33.7231],[132.878,33.7226],[132.8783,33.7225],[132.8797,33.7222],[132.88,33.7221],[132.8803,33.7219],[132.8806,33.7218],[132.8812,33.7218],[132.8819,33.7217],[132.8821,33.7217],[132.8825,33.7215],[132.8828,33.7214],[132.8833,33.7212],[132.8836,33.721],[132.8842,33.7208],[132.8851,33.7202],[132.8859,33.72],[132.8862,33.72],[132.8868,33.7201],[132.8873,33.72],[132.8883,33.7201],[132.8888,33.7201],[132.8892,33.72],[132.89,33.7197],[132.8902,33.7197],[132.891,33.7199],[132.8915,33.7199],[132.8919,33.7198],[132.8924,33.7197],[132.8933,33.7195],[132.8934,33.7196],[132.8945,33.7214],[132.8949,33.722],[132.8954,33.7227],[132.8955,33.7229],[132.8954,33.7235],[132.8956,33.7239],[132.8957,33.7239],[132.8964,33.724],[132.8971,33.7241],[132.8979,33.7243],[132.8984,33.7246],[132.899,33.7248],[132.9,33.725],[132.9008,33.725],[132.9016,33.725],[132.9026,33.725],[132.9033,33.725],[132.9038,33.725],[132.9042,33.7248],[132.9044,33.7248],[132.9047,33.7249],[132.905,33.7251],[132.9054,33.7254],[132.9058,33.7258],[132.9061,33.726],[132.9067,33.7264],[132.907,33.7266],[132.907,33.7268],[132.907,33.7271],[132.9069,33.7274],[132.9069,33.7275],[132.9073,33.7278],[132.908,33.728],[132.9086,33.728],[132.9096,33.7279],[132.9116,33.7277],[132.9122,33.7276],[132.9125,33.7273],[132.9135,33.7265],[132.9137,33.7265],[132.9144,33.7269],[132.9152,33.7273],[132.9157,33.7276],[132.916,33.7278],[132.9163,33.7279],[132.9171,33.728],[132.9179,33.7283],[132.9185,33.7284],[132.919,33.7285],[132.9196,33.7284],[132.9198,33.7284],[132.9211,33.7288],[132.9213,33.7289],[132.9219,33.7296],[132.9223,33.7299],[132.9225,33.73],[132.9232,33.7302],[132.9238,33.7306],[132.924,33.7307],[132.9248,33.7311],[132.925,33.7312],[132.9261,33.7311],[132.9265,33.7311],[132.9268,33.7311],[132.9271,33.7312],[132.9284,33.731],[132.9296,33.7305],[132.9304,33.7303],[132.9305,33.7304],[132.9304,33.7311],[132.9305,33.7315],[132.9307,33.7319],[132.9308,33.7321],[132.931,33.7323],[132.9319,33.7329],[132.9322,33.733],[132.9326,33.7332],[132.9333,33.7331],[132.9339,33.7332],[132.9343,33.7332],[132.9352,33.7332],[132.936,33.7333],[132.9362,33.7333],[132.9365,33.7332],[132.9373,33.733],[132.9383,33.7329],[132.9387,33.7329],[132.9399,33.7331],[132.941,33.733],[132.9417,33.733],[132.9422,33.733],[132.9428,33.7328],[132.9441,33.7325],[132.9444,33.7325],[132.9455,33.7331],[132.946,33.7333],[132.9464,33.7334],[132.9476,33.7335],[132.9479,33.7335],[132.9481,33.7337],[132.9483,33.7339],[132.9486,33.7342],[132.949,33.7344],[132.9494,33.7345],[132.9501,33.7344],[132.9511,33.7342],[132.9521,33.7339],[132.9531,33.7337],[132.9533,33.7337],[132.9536,33.7339],[132.9538,33.7342],[132.9539,33.7345],[132.9539,33.7348],[132.9537,33.735],[132.953,33.7355],[132.9528,33.7357],[132.9527,33.7361],[132.9527,33.7362],[132.9531,33.7366],[132.9534,33.7368],[132.9536,33.7373],[132.9537,33.738],[132.9536,33.7386],[132.9535,33.7388],[132.9534,33.7395],[132.9533,33.7398],[132.9532,33.7405],[132.9531,33.7413],[132.9538,33.7416],[132.9549,33.7418],[132.9552,33.7423],[132.9558,33.7428],[132.956,33.743],[132.9562,33.7432],[132.9563,33.7436],[132.9564,33.7436],[132.957,33.7438],[132.9571,33.7439],[132.9572,33.744],[132.9572,33.7447],[132.9573,33.7448],[132.958,33.745],[132.9585,33.7452],[132.9596,33.7455],[132.9601,33.7459],[132.9607,33.746],[132.9611,33.746],[132.9614,33.7461],[132.9616,33.7463],[132.9618,33.7466],[132.962,33.7471],[132.962,33.7477],[132.9622,33.7477],[132.9626,33.7475],[132.963,33.7473],[132.9636,33.7473],[132.9639,33.7474],[132.9642,33.7475],[132.9644,33.7476],[132.965,33.7473],[132.9654,33.7472],[132.9662,33.7472],[132.9665,33.7471],[132.9669,33.7468],[132.9672,33.7463],[132.9672,33.7458],[132.9674,33.7457],[132.9679,33.7456],[132.9683,33.7456],[132.9686,33.7455],[132.97,33.7449],[132.9707,33.7447],[132.971,33.7448],[132.9713,33.7449],[132.9719,33.7452],[132.9721,33.7453],[132.9726,33.7453],[132.9731,33.745],[132.9737,33.7448],[132.9743,33.7447],[132.9747,33.7444],[132.975,33.7438],[132.9754,33.7436],[132.9765,33.7434],[132.9766,33.7433],[132.9767,33.743],[132.9772,33.7421],[132.9783,33.7413],[132.979,33.7409],[132.9798,33.7402],[132.9804,33.7398],[132.981,33.7406],[132.9813,33.7413],[132.9816,33.7418],[132.982,33.7423],[132.9829,33.7433],[132.9831,33.7433],[132.9834,33.7434],[132.9845,33.7442],[132.9848,33.7444],[132.985,33.7447],[132.9852,33.745],[132.9858,33.7457],[132.9859,33.7459],[132.986,33.7467],[132.986,33.7469],[132.9863,33.7471],[132.9869,33.7472],[132.9874,33.7472],[132.9877,33.7473],[132.988,33.7474],[132.9883,33.7476],[132.9887,33.7482],[132.9894,33.7485],[132.9895,33.7486],[132.99,33.7498],[132.9904,33.7505],[132.9907,33.7508],[132.9911,33.7516],[132.9913,33.7518],[132.9915,33.7519],[132.9922,33.7523],[132.9924,33.7524],[132.9925,33.7526],[132.9925,33.7529],[132.9925,33.7533],[132.9925,33.7536],[132.9928,33.7539],[132.9927,33.7544],[132.9925,33.7546],[132.9923,33.7547],[132.9922,33.7549],[132.9922,33.7555],[132.9921,33.7557],[132.9917,33.7559],[132.9916,33.7561],[132.9916,33.7564],[132.9919,33.757],[132.992,33.7572],[132.9917,33.7581],[132.9917,33.7585],[132.992,33.7587],[132.9925,33.7591],[132.9934,33.7589],[132.9953,33.7583],[132.9956,33.7581],[132.9967,33.7578],[132.9972,33.7575],[132.9974,33.7574],[132.9981,33.7574],[132.9984,33.7574],[132.999,33.7573],[132.9997,33.7573],[133.0001,33.7572],[133.0007,33.7569],[133.0009,33.7568],[133.0015,33.7566],[133.002,33.7565],[133.003,33.7563],[133.0038,33.7561],[133.0046,33.7561],[133.0049,33.7561],[133.0057,33.7561],[133.0063,33.7561],[133.0066,33.7562],[133.0073,33.7562],[133.0076,33.7563],[133.0082,33.7565],[133.0086,33.7565],[133.0089,33.7565],[133.0093,33.7564],[133.0099,33.7562],[133.0102,33.7562],[133.0105,33.7564],[133.0109,33.7564],[133.0119,33.7567],[133.0125,33.7569],[133.0128,33.757],[133.0138,33.7575],[133.0141,33.7576],[133.0146,33.7575],[133.0154,33.7576],[133.0156,33.7578],[133.0168,33.7581],[133.0177,33.7582],[133.0182,33.7583],[133.0189,33.7587],[133.0192,33.7587],[133.0201,33.7588],[133.0204,33.7588],[133.0207,33.759],[133.0218,33.7599],[133.0219,33.76],[133.0221,33.7605],[133.0222,33.7606],[133.0227,33.7608],[133.0231,33.7612],[133.0236,33.7617],[133.0239,33.7622],[133.0241,33.7625],[133.0241,33.7629],[133.024,33.7631],[133.0238,33.7632],[133.0236,33.7633],[133.0233,33.7637],[133.0232,33.7639],[133.0229,33.7641],[133.0225,33.7643],[133.0219,33.7644],[133.0216,33.7646],[133.0211,33.7649],[133.0207,33.7652],[133.0204,33.7653],[133.0201,33.7655],[133.02,33.7658],[133.0198,33.7658],[133.0194,33.7659],[133.0192,33.7662],[133.0191,33.7668],[133.019,33.7671],[133.0187,33.7676],[133.0182,33.7678],[133.0181,33.768],[133.0181,33.7682],[133.0181,33.7688],[133.0182,33.7692],[133.018,33.7696],[133.0182,33.7699],[133.0182,33.7707],[133.0185,33.7713],[133.0186,33.7718],[133.0188,33.7724],[133.019,33.7727],[133.0191,33.7728],[133.0191,33.7733],[133.0185,33.7739],[133.0181,33.7742],[133.0177,33.7745],[133.0175,33.7747],[133.0174,33.7751],[133.0175,33.7753],[133.0174,33.7755],[133.0175,33.7758],[133.0176,33.7759],[133.0176,33.7763],[133.0174,33.7766],[133.017,33.777],[133.017,33.7772],[133.0171,33.7774],[133.0171,33.7777],[133.0171,33.7779],[133.017,33.7781],[133.0169,33.7786],[133.0168,33.7789],[133.0168,33.7794],[133.0169,33.7796],[133.0173,33.7802],[133.0175,33.7803],[133.0178,33.7804],[133.0187,33.7813],[133.0189,33.7814],[133.0197,33.7816],[133.02,33.7817],[133.0204,33.782],[133.0206,33.7821],[133.021,33.7821],[133.0214,33.7821],[133.0217,33.7822],[133.0219,33.7823],[133.0232,33.783],[133.0234,33.7831],[133.0234,33.7834],[133.0233,33.7838],[133.0233,33.7844],[133.0233,33.785],[133.0232,33.7856],[133.0231,33.7857],[133.0229,33.7861],[133.0228,33.7861],[133.0225,33.7862],[133.0222,33.7863],[133.0217,33.7864],[133.0214,33.7865],[133.0213,33.7866],[133.0211,33.7872],[133.0209,33.7876],[133.021,33.7879],[133.0211,33.788],[133.0216,33.7882],[133.0219,33.7884],[133.0221,33.7889],[133.0222,33.7895],[133.0221,33.7897],[133.0217,33.7902],[133.0216,33.7909],[133.0215,33.791],[133.0214,33.7917],[133.021,33.7918],[133.0205,33.7918],[133.0201,33.7921],[133.0198,33.7925],[133.0194,33.7928],[133.0192,33.793],[133.019,33.7934],[133.0188,33.7942],[133.0187,33.7951],[133.0185,33.7956],[133.0184,33.7961],[133.0183,33.7965],[133.0183,33.7968],[133.0184,33.7972],[133.0183,33.7973],[133.0182,33.7975],[133.0179,33.7976],[133.0175,33.798],[133.0174,33.7984],[133.0175,33.799],[133.0174,33.7994],[133.0169,33.7998],[133.0167,33.8001],[133.0161,33.8007],[133.0158,33.8009],[133.0156,33.8013],[133.0156,33.8016],[133.0155,33.8017],[133.0143,33.8021],[133.0141,33.8024],[133.014,33.8026],[133.014,33.8029],[133.0138,33.8032],[133.0132,33.8035],[133.0131,33.8037],[133.0129,33.804],[133.0129,33.8043],[133.013,33.8046],[133.0132,33.8048],[133.0134,33.8052],[133.0136,33.8058],[133.0135,33.8062],[133.0134,33.8064],[133.0135,33.8067],[133.0135,33.8073],[133.0133,33.8077],[133.0132,33.8079],[133.0133,33.8083],[133.0131,33.8086],[133.013,33.8088],[133.0123,33.8097],[133.0121,33.8101],[133.0118,33.8105],[133.0118,33.8107],[133.0125,33.8119],[133.013,33.8129],[133.013,33.8133],[133.0129,33.8135],[133.0124,33.814],[133.0121,33.8142],[133.0116,33.8143],[133.0112,33.8144],[133.0108,33.8145],[133.0099,33.8148],[133.0097,33.8149],[133.0096,33.815],[133.0092,33.8147],[133.009,33.8147],[133.0084,33.8146],[133.008,33.8145],[133.0077,33.8144],[133.0074,33.8142],[133.0071,33.814],[133.0068,33.8141],[133.0066,33.8142],[133.0065,33.8145],[133.0063,33.8146],[133.0057,33.8147],[133.0052,33.8149],[133.0048,33.8151],[133.0042,33.8156],[133.0039,33.8157],[133.0035,33.8158],[133.0031,33.8158],[133.0026,33.8159],[133.0019,33.8163],[133.0015,33.8165],[133.0011,33.8167],[133.0008,33.8168],[133.0005,33.8168],[133,33.817],[132.9998,33.817],[132.9993,33.8168],[132.9988,33.8164],[132.9984,33.816],[132.9982,33.8159],[132.998,33.8158],[132.9974,33.8158],[132.9968,33.8159],[132.9962,33.8163],[132.9954,33.8169],[132.9952,33.8171],[132.995,33.8171],[132.9941,33.8166],[132.9931,33.8161],[132.9929,33.816],[132.992,33.8155],[132.9918,33.8154],[132.9917,33.815],[132.9913,33.8142],[132.9908,33.8136],[132.9905,33.8134],[132.9903,33.8133],[132.9896,33.8132],[132.9893,33.813],[132.9889,33.8127],[132.9886,33.8122],[132.9884,33.812],[132.988,33.8118],[132.9876,33.8117],[132.9873,33.8117],[132.9864,33.8119],[132.9862,33.8119],[132.9861,33.8119],[132.9859,33.8125],[132.9853,33.8133],[132.9849,33.8137],[132.9846,33.814],[132.9842,33.8142],[132.9834,33.8145],[132.9835,33.8146],[132.9839,33.8149],[132.9836,33.8153],[132.9827,33.8167],[132.9826,33.8169],[132.9826,33.8171],[132.983,33.818],[132.983,33.8185],[132.9828,33.819],[132.9827,33.8193],[132.982,33.8199],[132.9816,33.82],[132.9814,33.8202],[132.9809,33.821],[132.9808,33.8215],[132.9808,33.8217],[132.9811,33.8223],[132.9808,33.823],[132.9805,33.8233],[132.9802,33.824],[132.9799,33.8248],[132.9798,33.8252],[132.9795,33.8256],[132.9795,33.8259],[132.9797,33.8263],[132.9798,33.8265],[132.9796,33.8268],[132.9796,33.827],[132.9797,33.8274],[132.9795,33.8274],[132.9791,33.8275],[132.9788,33.8276],[132.9786,33.8276],[132.9781,33.8274],[132.9774,33.8278],[132.9772,33.8281],[132.9767,33.8283],[132.9765,33.8285],[132.9764,33.8289],[132.9761,33.8291],[132.9756,33.8292],[132.975,33.8292],[132.9747,33.8295],[132.9744,33.8296],[132.974,33.8297],[132.9732,33.8301],[132.9731,33.8304],[132.9731,33.8307],[132.9732,33.8311],[132.9733,33.8319],[132.9733,33.8323],[132.9732,33.8326],[132.9731,33.8333],[132.9732,33.8336],[132.9734,33.8344],[132.9734,33.8351],[132.9733,33.8357],[132.9732,33.8366],[132.9728,33.8374],[132.9727,33.8376],[132.9728,33.8384],[132.9726,33.8388],[132.9723,33.8391],[132.972,33.8396],[132.9717,33.84],[132.9708,33.8403],[132.9706,33.8406],[132.9699,33.8409],[132.9695,33.8413],[132.9695,33.8416],[132.9697,33.8425],[132.9697,33.8427],[132.9693,33.8432],[132.9691,33.8436],[132.9689,33.844],[132.9688,33.8442],[132.9687,33.8447],[132.9683,33.8453],[132.9681,33.8457],[132.9679,33.8461],[132.9678,33.8465],[132.968,33.8467],[132.9682,33.8468],[132.9685,33.8472],[132.9686,33.8474],[132.9687,33.848],[132.9688,33.8483],[132.9691,33.8486],[132.9692,33.8488],[132.9694,33.8489],[132.9696,33.8492],[132.9698,33.8494],[132.9701,33.8497],[132.9705,33.8499],[132.9713,33.8503],[132.9714,33.8505],[132.9718,33.851],[132.972,33.8513],[132.9723,33.8519],[132.9724,33.8522],[132.9724,33.8526],[132.9725,33.8529],[132.9726,33.8531],[132.9728,33.8533],[132.9729,33.8535],[132.9729,33.8539],[132.9731,33.854],[132.9735,33.8543],[132.9736,33.8545],[132.9739,33.8547],[132.9742,33.8548],[132.9744,33.8549],[132.9745,33.8552],[132.9745,33.8556],[132.9746,33.8561],[132.9745,33.8567],[132.9744,33.857],[132.9742,33.8579],[132.9739,33.8584],[132.9739,33.8587],[132.9737,33.8588],[132.9736,33.8588],[132.9733,33.8586],[132.9729,33.8586],[132.9728,33.8587],[132.9726,33.8589],[132.9724,33.859],[132.9721,33.8592],[132.9717,33.8594],[132.9715,33.8597],[132.971,33.8604],[132.9709,33.8608],[132.9706,33.8612],[132.9707,33.8613],[132.9708,33.8619],[132.9709,33.8622],[132.9709,33.863],[132.9709,33.8634],[132.9713,33.8638],[132.9714,33.8641],[132.9714,33.8643],[132.9713,33.8644],[132.9709,33.8645],[132.9707,33.8647],[132.9707,33.865],[132.9705,33.8653],[132.9704,33.8656],[132.97,33.8663],[132.9699,33.8665],[132.9698,33.8667],[132.9693,33.8674],[132.9691,33.8677],[132.9689,33.8681],[132.9689,33.8684],[132.9685,33.8689],[132.9683,33.8689],[132.9678,33.8688],[132.9675,33.8689],[132.967,33.8693],[132.9667,33.8693],[132.9663,33.8693],[132.9653,33.8696],[132.9648,33.8698],[132.9642,33.8703],[132.9636,33.8706],[132.9634,33.8707],[132.963,33.8708],[132.9624,33.871],[132.9621,33.8714],[132.9619,33.8717],[132.9617,33.872],[132.9615,33.8726],[132.9614,33.8728],[132.9611,33.8735],[132.9609,33.8737],[132.9606,33.8739],[132.9603,33.8741],[132.9601,33.8743],[132.9599,33.8748],[132.9597,33.8752],[132.9597,33.8753],[132.9599,33.8755],[132.9602,33.8754],[132.9605,33.8756],[132.9605,33.8762],[132.9605,33.8764],[132.9607,33.8768],[132.9607,33.8771],[132.9607,33.8773],[132.9607,33.8783],[132.9604,33.879],[132.9602,33.8794],[132.96,33.8797],[132.9595,33.8803],[132.9592,33.8806],[132.959,33.8809],[132.9589,33.8812],[132.9582,33.8819],[132.9581,33.8822],[132.9576,33.8836],[132.9574,33.8839],[132.9568,33.8844],[132.9567,33.8847],[132.9569,33.8855],[132.9569,33.8858],[132.9569,33.8862],[132.957,33.8865],[132.9573,33.8869],[132.9585,33.8874],[132.959,33.8878],[132.9592,33.888],[132.9593,33.8881],[132.9593,33.8883],[132.959,33.8889],[132.959,33.8891],[132.9591,33.8895],[132.959,33.8902],[132.9587,33.8907],[132.9586,33.8909],[132.9587,33.8911],[132.9589,33.8914],[132.9594,33.8919],[132.9597,33.8923],[132.9599,33.8926],[132.9602,33.8928],[132.9603,33.893],[132.9603,33.8935],[132.9605,33.8943],[132.9605,33.8947],[132.9605,33.895],[132.9603,33.8955],[132.9597,33.896],[132.9596,33.8964],[132.9597,33.8968],[132.9596,33.8972],[132.9596,33.8974],[132.9597,33.8979],[132.9597,33.8982],[132.9596,33.8988],[132.9595,33.899],[132.959,33.8995],[132.9586,33.8997],[132.9587,33.9],[132.9591,33.9003],[132.9593,33.9007],[132.9596,33.9009],[132.9597,33.9011],[132.9597,33.9014],[132.9597,33.9017],[132.9597,33.9021],[132.9597,33.9023],[132.9601,33.9027],[132.9596,33.9027],[132.9595,33.9029],[132.9591,33.9033],[132.959,33.9034],[132.959,33.9038],[132.9592,33.9041],[132.9592,33.9044],[132.9591,33.9046],[132.9584,33.9051],[132.9582,33.9051],[132.9578,33.9054],[132.9577,33.9058],[132.9575,33.9059],[132.957,33.9059],[132.9567,33.9059],[132.9564,33.9062],[132.9563,33.9063],[132.9558,33.9063],[132.9555,33.9064],[132.9551,33.9066],[132.9547,33.9067],[132.9544,33.9067],[132.9538,33.9065],[132.9536,33.9062],[132.953,33.906],[132.9525,33.9059],[132.952,33.906],[132.9519,33.9061],[132.9517,33.9065],[132.9512,33.9066],[132.951,33.9069],[132.9506,33.9071],[132.9504,33.9076],[132.9502,33.9079],[132.9499,33.908],[132.9495,33.9082],[132.9489,33.9083],[132.9485,33.9083],[132.9481,33.9083],[132.9475,33.9077],[132.9472,33.9074],[132.9467,33.9074],[132.9462,33.9072],[132.9459,33.9072],[132.9454,33.9072],[132.9449,33.9074],[132.9446,33.9074],[132.9444,33.9073],[132.9441,33.9069],[132.9438,33.9069],[132.9435,33.9069],[132.9432,33.907],[132.943,33.9071],[132.9426,33.9072],[132.9425,33.9072],[132.9423,33.9071],[132.9419,33.907],[132.9415,33.9068],[132.9412,33.9067],[132.941,33.9065],[132.941,33.9062],[132.9407,33.906],[132.9402,33.9059],[132.9399,33.9057],[132.9397,33.9057],[132.9394,33.9054],[132.9392,33.9053],[132.9388,33.9053],[132.9386,33.905],[132.9384,33.9043],[132.9381,33.9039],[132.9378,33.9033],[132.9377,33.9031],[132.9374,33.903],[132.9372,33.9028],[132.9371,33.9025],[132.9369,33.9019],[132.9366,33.9018],[132.9357,33.9022],[132.9354,33.9021],[132.9348,33.9025],[132.9346,33.9027],[132.934,33.9029],[132.9338,33.9028],[132.9331,33.9026],[132.9328,33.9025],[132.9326,33.9027],[132.9324,33.9029],[132.9322,33.9033],[132.9313,33.9038],[132.9311,33.9039],[132.9306,33.9039],[132.9303,33.9039],[132.9297,33.9042],[132.9292,33.9049],[132.9285,33.905],[132.9279,33.9053],[132.9278,33.9055],[132.9277,33.9059],[132.9276,33.906],[132.9271,33.9058],[132.9267,33.9058],[132.9262,33.9059],[132.9258,33.9057],[132.9256,33.9055]]]},"properties":{"N03_001":"愛媛県","N03_002":"","N03_003":"","N03_004":"東温市","N03_007":"38215"}},
{"type":"Feature","geometry":{"type":"Polygon","coordinates":[[[133.1484,34.2166],[133.1486,34.2165],[133.1486,34.2164],[133.1488,34.2162],[133.1489,34.2161],[133.149,34.216],[133.1495,34.2159],[133.1501,34.2161],[133.1505,34.2163],[133.1508,34.2163],[133.1509,34.2165],[133.1509,34.2168],[133.1511,34.217],[133.1513,34.217],[133.1516,34.2172],[133.1517,34.2173],[133.152,34.2175],[133.1519,34.2177],[133.1521,34.2178],[133.1525,34.2181],[133.1528,34.2185],[133.1528,34.2192],[133.1529,34.2194],[133.153,34.2196],[133.1528,34.2198],[133.1525,34.2201],[133.1523,34.2202],[133.1523,34.2204],[133.1524,34.2209],[133.1531,34.2208],[133.1531,34.2209],[133.1527,34.2209],[133.1526,34.2213],[133.1527,34.2216],[133.153,34.2224],[133.1533,34.223],[133.1536,34.2234],[133.1541,34.2237],[133.1543,34.2237],[133.1544,34.2231],[133.1545,34.2231],[133.1543,34.2238],[133.1546,34.2238],[133.1549,34.2239],[133.1557,34.2243],[133.1559,34.2243],[133.1565,34.2246],[133.1567,34.2248],[133.1565,34.2251],[133.1561,34.2252],[133.1559,34.2254],[133.1558,34.2259],[133.1559,34.2267],[133.156,34.227],[133.156,34.2273],[133.1558,34.2275],[133.1558,34.2278],[133.1559,34.2281],[133.1563,34.2286],[133.1565,34.2289],[133.1569,34.2294],[133.1575,34.23],[133.1582,34.2306],[133.1581,34.2307],[133.1578,34.2307],[133.1574,34.2306],[133.1573,34.2304],[133.1571,34.2303],[133.1571,34.2301],[133.1569,34.23],[133.1567,34.2302],[133.1565,34.2302],[133.1564,34.2301],[133.1562,34.23],[133.1562,34.2299],[133.156,34.2298],[133.1558,34.2298],[133.1556,34.2299],[133.1554,34.2299],[133.1551,34.2298],[133.155,34.2296],[133.1545,34.2296],[133.1543,34.2296],[133.1541,34.2292],[133.1539,34.2291],[133.154,34.229],[133.154,34.2286],[133.154,34.2285],[133.1539,34.2279],[133.1535,34.2277],[133.1535,34.2275],[133.1539,34.2273],[133.1539,34.2268],[133.1537,34.2264],[133.1533,34.2253],[133.1529,34.2249],[133.1525,34.2246],[133.1522,34.2248],[133.1518,34.2245],[133.1515,34.2248],[133.1514,34.2247],[133.1517,34.2244],[133.1516,34.2243],[133.1515,34.2244],[133.1511,34.2246],[133.151,34.2246],[133.1507,34.2247],[133.1506,34.2242],[133.1507,34.2241],[133.1505,34.2238],[133.1504,34.2234],[133.1507,34.2234],[133.1507,34.2233],[133.1506,34.2227],[133.1504,34.2224],[133.15,34.222],[133.1499,34.2218],[133.1495,34.2216],[133.1493,34.2216],[133.1492,34.2217],[133.1485,34.2217],[133.1485,34.2218],[133.1482,34.2222],[133.1477,34.2221],[133.1477,34.2219],[133.1477,34.2218],[133.1478,34.2216],[133.1477,34.2209],[133.1478,34.2208],[133.1477,34.2206],[133.1479,34.2205],[133.148,34.2204],[133.1482,34.2199],[133.1482,34.2196],[133.1482,34.2194],[133.148,34.2192],[133.1479,34.2187],[133.148,34.2186],[133.1481,34.2178],[133.148,34.2172],[133.1483,34.2169],[133.1484,34.2167],[133.1484,34.2166]]]},"properties":{"N03_001":"愛媛県","N03_002":"","N03_003":"越智郡","N03_004":"上島町","N03_007":"38356"}},
{"type":"Feature","geometry":{"type":"Polygon","coordinates":[[[132.896,33.4978],[132.896,33.4977],[132.896,33.497],[132.896,33.4969],[132.896,33.4968],[132.8961,33.4966],[132.8962,33.4964],[132.8963,33.4961],[132.8963,33.496],[132.8963,33.4959],[132.8965,33.4957],[132.8966,33.4956],[132.8967,33.4955],[132.8967,33.4953],[132.8967,33.4951],[132.8968,33.495],[132.8969,33.4948],[132.8971,33.4947],[132.8971,33.4945],[132.8971,33.4942],[132.8971,33.4941],[132.8971,33.4939],[132.8971,33.4938],[132.897,33.4937],[132.8969,33.4935],[132.8969,33.4934],[132.8969,33.4932],[132.897,33.493],[132.897,33.4929],[132.897,33.4927],[132.897,33.4925],[132.897,33.4922],[132.897,33.492],[132.897,33.4918],[132.897,33.4917],[132.8971,33.4912],[132.8972,33.4909],[132.8973,33.4906],[132.8975,33.4905],[132.8978,33.4902],[132.8981,33.4901],[132.8982,33.49],[132.8983,33.4897],[132.8984,33.4895],[132.8984,33.4894],[132.8984,33.4893],[132.8985,33.4892],[132.8986,33.489],[132.8988,33.4889],[132.8991,33.4888],[132.8994,33.4886],[132.8995,33.4886],[132.8996,33.4885],[132.8997,33.4884],[132.8996,33.4881],[132.8996,33.4879],[132.8997,33.4875],[132.8997,33.4871],[132.8998,33.4869],[132.8999,33.4868],[132.8999,33.4867],[132.9,33.4866],[132.9001,33.4865],[132.9002,33.4865],[132.9003,33.4866],[132.9004,33.4867],[132.9005,33.4868],[132.9006,33.4868],[132.9008,33.4866],[132.9009,33.4865],[132.901,33.4863],[132.901,33.4862],[132.901,33.4859],[132.9009,33.4857],[132.9009,33.4856],[132.9009,33.4853],[132.9009,33.485],[132.901,33.4847],[132.901,33.4845],[132.9011,33.4844],[132.9011,33.4843],[132.9012,33.4841],[132.9014,33.4838],[132.9014,33.4836],[132.9014,33.4834],[132.9014,33.4833],[132.9014,33.4831],[132.9014,33.4827],[132.9014,33.4825],[132.9014,33.4823],[132.9014,33.4822],[132.9013,33.482],[132.9012,33.4818],[132.9012,33.4814],[132.9011,33.4813],[132.901,33.4811],[132.9008,33.481],[132.9007,33.4809],[132.9005,33.4808],[132.9003,33.4808],[132.9,33.4808],[132.8998,33.4808],[132.8996,33.4808],[132.8995,33.4807],[132.8994,33.4807],[132.8994,33.4805],[132.8993,33.4803],[132.8991,33.4802],[132.899,33.4799],[132.8988,33.4797],[132.8987,33.4795],[132.8985,33.4793],[132.8984,33.4792],[132.8982,33.479],[132.898,33.4789],[132.8978,33.4788],[132.8974,33.4786],[132.8973,33.4785],[132.897,33.4784],[132.8968,33.4782],[132.8966,33.478],[132.8965,33.4779],[132.8964,33.4775],[132.8963,33.4771],[132.8962,33.4768],[132.8961,33.4767],[132.8959,33.4762],[132.896,33.476],[132.8963,33.4758],[132.8968,33.4754],[132.897,33.4752],[132.8972,33.475],[132.8974,33.4748],[132.8975,33.4746],[132.8976,33.4743],[132.8978,33.4741],[132.8979,33.4739],[132.898,33.4739],[132.898,33.4737],[132.898,33.4734],[132.898,33.4732],[132.898,33.473],[132.8981,33.4729],[132.8982,33.4727],[132.8983,33.4726],[132.8985,33.4723],[132.8989,33.472],[132.8991,33.4717],[132.8993,33.4716],[132.8995,33.4713],[132.8998,33.4708],[132.8999,33.4707],[132.9,33.4706],[132.9002,33.4705],[132.9005,33.4704],[132.9007,33.4704],[132.901,33.4705],[132.9012,33.4705],[132.9017,33.4702],[132.9019,33.47],[132.902,33.4699],[132.903,33.4697],[132.9034,33.4697],[132.9038,33.4695],[132.9048,33.4692],[132.9053,33.4692],[132.9059,33.4692],[132.9063,33.4691],[132.9078,33.4685],[132.908,33.4684],[132.9083,33.4685],[132.909,33.4686],[132.9096,33.4688],[132.9099,33.4688],[132.9115,33.4684],[132.912,33.4683],[132.9125,33.4681],[132.914,33.4679],[132.9152,33.4677],[132.9158,33.4677],[132.9163,33.4678],[132.917,33.4679],[132.9175,33.468],[132.919,33.4681],[132.9198,33.4681],[132.9211,33.4681],[132.9215,33.4682],[132.9218,33.4683],[132.9222,33.4685],[132.9228,33.4686],[132.9237,33.4687],[132.9242,33.4687],[132.9255,33.4685],[132.9258,33.4686],[132.9266,33.4687],[132.9271,33.4687],[132.9275,33.4687],[132.9284,33.4685],[132.929,33.4686],[132.93,33.4691],[132.9305,33.4694],[132.9307,33.4696],[132.9309,33.47],[132.931,33.4701],[132.9315,33.4703],[132.9321,33.4704],[132.9323,33.4704],[132.9329,33.4705],[132.9331,33.4707],[132.9336,33.4709],[132.9343,33.471],[132.9355,33.4713],[132.9359,33.4714],[132.9365,33.4708],[132.9368,33.4709],[132.9373,33.4711],[132.9375,33.4713],[132.9378,33.4717],[132.9381,33.4719],[132.9385,33.4721],[132.9387,33.4721],[132.9392,33.4721],[132.9396,33.472],[132.9405,33.4719],[132.9415,33.4717],[132.9418,33.4716],[132.9425,33.4718],[132.9432,33.4718],[132.944,33.472],[132.9442,33.4719],[132.9445,33.4715],[132.9449,33.471],[132.9454,33.4707],[132.9457,33.4704],[132.9458,33.4701],[132.9458,33.4699],[132.946,33.4692],[132.9462,33.469],[132.9465,33.4687],[132.9468,33.4686],[132.9483,33.4683],[132.9485,33.4682],[132.9496,33.4681],[132.9502,33.4678],[132.9505,33.4676],[132.9514,33.4668],[132.9517,33.4666],[132.9519,33.4665],[132.9525,33.4666],[132.954,33.4667],[132.9549,33.4666],[132.9557,33.4665],[132.9563,33.4665],[132.9565,33.4664],[132.9578,33.4663],[132.9584,33.4663],[132.959,33.4663],[132.9596,33.4663],[132.9608,33.4665],[132.9615,33.4667],[132.9619,33.467],[132.9623,33.4671],[132.9641,33.4675],[132.965,33.4678],[132.9653,33.4679],[132.9661,33.4681],[132.9669,33.4683],[132.9673,33.4683],[132.9682,33.4687],[132.969,33.469],[132.9693,33.4691],[132.9702,33.4693],[132.9705,33.4694],[132.9717,33.4695],[132.972,33.4696],[132.9727,33.4698],[132.9734,33.4702],[132.9748,33.4709],[132.9763,33.4715],[132.9768,33.4718],[132.9783,33.4726],[132.9785,33.4728],[132.9788,33.4729],[132.9791,33.4729],[132.9797,33.4728],[132.9812,33.4725],[132.9816,33.4725],[132.9822,33.4725],[132.9832,33.4726],[132.9841,33.4728],[132.9859,33.4728],[132.9865,33.4728],[132.9869,33.4729],[132.9876,33.4732],[132.9879,33.4733],[132.9894,33.4739],[132.9903,33.4744],[132.9906,33.4746],[132.991,33.4751],[132.9914,33.4755],[132.9925,33.4759],[132.9927,33.4758],[132.9932,33.4756],[132.9939,33.4753],[132.9946,33.475],[132.995,33.4749],[132.9954,33.475],[132.9958,33.4752],[132.9963,33.4755],[132.997,33.476],[132.9972,33.476],[132.9976,33.4759],[132.9989,33.4757],[132.999,33.4758],[132.9997,33.476],[133.0009,33.4763],[133.002,33.4766],[133.0024,33.4767],[133.0029,33.477],[133.0037,33.4773],[133.0048,33.4775],[133.0058,33.4778],[133.0065,33.4779],[133.0071,33.4781],[133.0078,33.4783],[133.0087,33.4786],[133.0092,33.4788],[133.0096,33.479],[133.0099,33.4791],[133.0107,33.4793],[133.0114,33.4795],[133.0123,33.4796],[133.0127,33.4797],[133.0134,33.4798],[133.0144,33.4803],[133.0149,33.4806],[133.0153,33.4808],[133.0154,33.4809],[133.0153,33.4812],[133.0152,33.4815],[133.015,33.482],[133.0148,33.4823],[133.0146,33.4829],[133.0146,33.4835],[133.0145,33.4838],[133.0139,33.4853],[133.0137,33.4859],[133.0137,33.4862],[133.0138,33.487],[133.0138,33.4874],[133.0136,33.4878],[133.0135,33.4881],[133.0135,33.4887],[133.0134,33.4892],[133.0133,33.49],[133.0133,33.4904],[133.0134,33.4906],[133.0138,33.4907],[133.0141,33.4909],[133.0144,33.491],[133.0149,33.4914],[133.0155,33.4923],[133.016,33.4928],[133.0165,33.4932],[133.0173,33.4938],[133.0177,33.4943],[133.0182,33.4945],[133.0189,33.4947],[133.0197,33.4951],[133.0203,33.4956],[133.0207,33.4961],[133.021,33.4967],[133.0214,33.4975],[133.0216,33.4977],[133.0219,33.4979],[133.0227,33.4984],[133.0228,33.4985],[133.0229,33.4988],[133.023,33.499],[133.0231,33.4992],[133.0232,33.4994],[133.0237,33.4997],[133.0239,33.5],[133.0241,33.5002],[133.0249,33.5016],[133.0254,33.5022],[133.0255,33.5024],[133.0257,33.5029],[133.0258,33.5034],[133.0258,33.5038],[133.0259,33.5046],[133.026,33.5049],[133.0262,33.5052],[133.0265,33.5054],[133.0273,33.5058],[133.0287,33.5068],[133.0292,33.5072],[133.0294,33.5073],[133.0302,33.5076],[133.0306,33.5078],[133.0318,33.5088],[133.0321,33.509],[133.0321,33.5093],[133.0319,33.5098],[133.0319,33.51],[133.0324,33.5104],[133.0333,33.5111],[133.0343,33.5118],[133.0344,33.512],[133.0345,33.5122],[133.0347,33.5131],[133.0349,33.5135],[133.035,33.5141],[133.0352,33.5143],[133.0357,33.5145],[133.036,33.5147],[133.0363,33.515],[133.0369,33.5164],[133.0375,33.5181],[133.0379,33.5186],[133.0383,33.5193],[133.0382,33.5196],[133.0382,33.5206],[133.0384,33.5215],[133.0385,33.5217],[133.0383,33.522],[133.0382,33.5223],[133.0378,33.5227],[133.0375,33.5231],[133.0374,33.5234],[133.0372,33.5238],[133.0372,33.5243],[133.0372,33.5245],[133.0374,33.5247],[133.0376,33.5255],[133.0377,33.526],[133.0378,33.5262],[133.0379,33.5264],[133.0385,33.5267],[133.0393,33.527],[133.0398,33.5273],[133.0411,33.5278],[133.0421,33.5282],[133.0428,33.5285],[133.0437,33.5291],[133.0445,33.5297],[133.0448,33.5299],[133.0451,33.53],[133.0457,33.5301],[133.0463,33.5303],[133.0472,33.5309],[133.0488,33.532],[133.0497,33.5326],[133.0511,33.5336],[133.0518,33.5341],[133.0531,33.5349],[133.0539,33.5353],[133.0546,33.5361],[133.0554,33.5367],[133.0559,33.5374],[133.0563,33.5377],[133.0567,33.5381],[133.0573,33.5384],[133.0577,33.5385],[133.058,33.5385],[133.0586,33.5385],[133.0589,33.5386],[133.0592,33.5387],[133.06,33.5397],[133.0604,33.5402],[133.0606,33.5409],[133.0608,33.5414],[133.0612,33.5419],[133.0613,33.5419],[133.0622,33.5412],[133.0633,33.5419],[133.0638,33.5422],[133.0641,33.5425],[133.0642,33.5427],[133.0641,33.543],[133.0638,33.5434],[133.0632,33.5442],[133.0626,33.5454],[133.0625,33.5457],[133.0625,33.5462],[133.0623,33.5481],[133.0622,33.5491],[133.062,33.5498],[133.062,33.5508],[133.0617,33.5516],[133.0614,33.5521],[133.061,33.5527],[133.0605,33.5536],[133.0603,33.5541],[133.0603,33.5545],[133.0605,33.5551],[133.0605,33.5559],[133.0605,33.5561],[133.0608,33.5568],[133.0608,33.5571],[133.0607,33.5574],[133.0605,33.5578],[133.0605,33.558],[133.0606,33.5583],[133.0609,33.5589],[133.0613,33.5598],[133.0623,33.5615],[133.0623,33.5616],[133.0622,33.5618],[133.0618,33.562],[133.0616,33.5623],[133.0612,33.5629],[133.0606,33.5635],[133.0599,33.5642],[133.0591,33.5647],[133.0582,33.5654],[133.0564,33.5669],[133.0558,33.5672],[133.0555,33.5674],[133.0551,33.5681],[133.0549,33.5686],[133.0548,33.5693],[133.0547,33.5695],[133.054,33.5704],[133.0535,33.5709],[133.0531,33.5711],[133.0526,33.5713],[133.0522,33.5716],[133.0516,33.5718],[133.0511,33.5719],[133.0504,33.5722],[133.0494,33.5727],[133.0489,33.5732],[133.0486,33.5735],[133.0484,33.5739],[133.0479,33.5745],[133.0477,33.5747],[133.0471,33.575],[133.0468,33.5752],[133.0466,33.5755],[133.0466,33.5763],[133.0471,33.578],[133.0474,33.579],[133.0475,33.5797],[133.0475,33.5814],[133.0476,33.5819],[133.0478,33.5828],[133.0481,33.5833],[133.0487,33.5839],[133.0489,33.5843],[133.0492,33.585],[133.0495,33.5853],[133.05,33.5857],[133.0503,33.5862],[133.0509,33.5867],[133.0517,33.5871],[133.0522,33.5876],[133.0524,33.5878],[133.0531,33.5886],[133.0534,33.5889],[133.054,33.5892],[133.0551,33.5897],[133.0552,33.5898],[133.0552,33.59],[133.0549,33.591],[133.0548,33.5914],[133.0547,33.5917],[133.0544,33.5921],[133.0544,33.5923],[133.0546,33.5926],[133.0544,33.5931],[133.0545,33.5933],[133.0546,33.5935],[133.0558,33.5949],[133.0566,33.5958],[133.057,33.5961],[133.0574,33.5964],[133.0577,33.5964],[133.0584,33.5966],[133.0593,33.5968],[133.0597,33.597],[133.0602,33.5972],[133.0605,33.5973],[133.0608,33.5972],[133.0617,33.5973],[133.063,33.5973],[133.0634,33.5975],[133.0636,33.5977],[133.0638,33.5982],[133.064,33.5995],[133.0642,33.5997],[133.0644,33.5998],[133.0651,33.5997],[133.0653,33.5998],[133.0655,33.5999],[133.066,33.6003],[133.0663,33.6004],[133.0666,33.6004],[133.067,33.6005],[133.0677,33.6007],[133.0684,33.6008],[133.0691,33.6009],[133.0697,33.601],[133.07,33.6011],[133.071,33.6018],[133.0712,33.602],[133.0719,33.6025],[133.0733,33.6037],[133.0736,33.6041],[133.0738,33.6042],[133.0746,33.6046],[133.0753,33.6051],[133.0757,33.6056],[133.0763,33.606],[133.0769,33.6065],[133.0771,33.6068],[133.077,33.6071],[133.0769,33.6075],[133.0767,33.608],[133.0768,33.6082],[133.077,33.6084],[133.0774,33.6085],[133.0781,33.6085],[133.0788,33.6086],[133.0796,33.6087],[133.0797,33.6091],[133.0797,33.6095],[133.0796,33.6103],[133.0794,33.6109],[133.0792,33.6112],[133.079,33.6117],[133.0788,33.6119],[133.0785,33.6123],[133.0781,33.6126],[133.0774,33.6131],[133.0767,33.6133],[133.0761,33.6134],[133.0755,33.6135],[133.0748,33.6138],[133.0743,33.6139],[133.074,33.6139],[133.0737,33.6141],[133.0732,33.6144],[133.073,33.6145],[133.0727,33.6149],[133.0721,33.6159],[133.0716,33.6166],[133.0712,33.6174],[133.0707,33.6187],[133.0704,33.6191],[133.0701,33.6196],[133.0699,33.6197],[133.0697,33.6198],[133.0692,33.6198],[133.0687,33.6198],[133.0683,33.62],[133.0681,33.6201],[133.0677,33.6204],[133.0674,33.6208],[133.0673,33.6212],[133.0672,33.6217],[133.0672,33.6226],[133.0673,33.623],[133.0675,33.6236],[133.0678,33.6243],[133.068,33.6248],[133.0682,33.6252],[133.0689,33.6261],[133.0689,33.6263],[133.0687,33.6272],[133.0685,33.6278],[133.0683,33.6284],[133.0684,33.6285],[133.0685,33.6287],[133.0689,33.6291],[133.0693,33.6296],[133.0696,33.6302],[133.0699,33.6306],[133.0701,33.6309],[133.0703,33.6321],[133.0704,33.6326],[133.0705,33.6331],[133.0705,33.6336],[133.0707,33.6343],[133.0706,33.6345],[133.0704,33.635],[133.0702,33.6359],[133.0703,33.6364],[133.0706,33.6369],[133.0715,33.6377],[133.0724,33.6384],[133.0725,33.6385],[133.0726,33.639],[133.0727,33.6393],[133.0728,33.6397],[133.0732,33.6403],[133.0733,33.6405],[133.0733,33.6411],[133.0736,33.6416],[133.0738,33.6425],[133.0738,33.6428],[133.0739,33.6434],[133.074,33.6437],[133.0742,33.6442],[133.0742,33.6447],[133.0741,33.645],[133.0741,33.6456],[133.0739,33.6465],[133.074,33.6469],[133.074,33.6473],[133.0741,33.6478],[133.0741,33.6481],[133.0743,33.6486],[133.0745,33.649],[133.0748,33.6499],[133.075,33.6506],[133.0753,33.6511],[133.0758,33.6515],[133.0761,33.6517],[133.0767,33.6524],[133.077,33.6527],[133.0773,33.653],[133.0775,33.6536],[133.0782,33.6534],[133.0788,33.6534],[133.0794,33.6534],[133.0796,33.6535],[133.0804,33.6539],[133.0815,33.6544],[133.0818,33.6546],[133.0821,33.6545],[133.0826,33.6543],[133.0832,33.6541],[133.0838,33.654],[133.0841,33.6541],[133.0845,33.6547],[133.0848,33.6549],[133.0857,33.6555],[133.0865,33.6556],[133.0868,33.6557],[133.0871,33.656],[133.0875,33.6563],[133.088,33.6565],[133.0883,33.6566],[133.0891,33.6566],[133.0894,33.6566],[133.0897,33.6569],[133.0904,33.6577],[133.0905,33.6578],[133.0908,33.6578],[133.0913,33.6576],[133.0918,33.6574],[133.0921,33.6573],[133.0924,33.6573],[133.0927,33.6574],[133.0934,33.6578],[133.0939,33.658],[133.0941,33.658],[133.0947,33.6581],[133.0952,33.6581],[133.0964,33.6581],[133.0971,33.6582],[133.0974,33.6582],[133.0979,33.6582],[133.0984,33.6581],[133.0995,33.6581],[133.1007,33.6579],[133.1014,33.6578],[133.1023,33.6574],[133.1028,33.6572],[133.1037,33.657],[133.1045,33.6568],[133.105,33.6567],[133.1059,33.6567],[133.1067,33.6567],[133.1075,33.6572],[133.1077,33.6573],[133.1085,33.6575],[133.1093,33.658],[133.1099,33.6582],[133.1109,33.6585],[133.1115,33.6586],[133.112,33.6586],[133.1124,33.6585],[133.1129,33.6584],[133.1133,33.6585],[133.1137,33.6586],[133.1142,33.6588],[133.1147,33.6589],[133.1153,33.6595],[133.1159,33.6598],[133.1165,33.6601],[133.1167,33.6604],[133.1167,33.6607],[133.1165,33.6618],[133.1165,33.6619],[133.1167,33.6623],[133.117,33.6627],[133.1171,33.6629],[133.1176,33.6632],[133.1177,33.6638],[133.1177,33.6641],[133.1177,33.6644],[133.1178,33.6647],[133.118,33.665],[133.1184,33.6659],[133.1184,33.6665],[133.1185,33.6669],[133.1184,33.6678],[133.1189,33.6687],[133.1193,33.6692],[133.1196,33.6696],[133.1199,33.6709],[133.12,33.6714],[133.12,33.672],[133.12,33.6723],[133.1205,33.6732],[133.1208,33.6735],[133.1211,33.6738],[133.1215,33.674],[133.1211,33.6748],[133.1209,33.6753],[133.1204,33.6755],[133.1202,33.6757],[133.12,33.6759],[133.1198,33.6765],[133.1196,33.677],[133.1195,33.6776],[133.1196,33.6787],[133.1195,33.6795],[133.1196,33.6797],[133.1199,33.68],[133.12,33.6803],[133.1201,33.6812],[133.1201,33.6816],[133.1205,33.6824],[133.1206,33.6831],[133.1207,33.6835],[133.1209,33.6838],[133.1211,33.6843],[133.1214,33.6859],[133.1215,33.6863],[133.1214,33.6865],[133.1209,33.6869],[133.1207,33.6872],[133.1203,33.6878],[133.1196,33.6882],[133.1192,33.6886],[133.1199,33.6899],[133.1203,33.6906],[133.1208,33.6912],[133.1214,33.6917],[133.1219,33.6921],[133.1224,33.6925],[133.1226,33.6928],[133.1227,33.6932],[133.1228,33.6937],[133.1231,33.6942],[133.1234,33.6947],[133.1235,33.695],[133.124,33.6956],[133.1242,33.6959],[133.1244,33.696],[133.1247,33.6961],[133.125,33.6964],[133.1251,33.6967],[133.1253,33.6972],[133.1253,33.6979],[133.1253,33.6983],[133.1255,33.6984],[133.1259,33.6984],[133.1265,33.6986],[133.1282,33.6986],[133.1285,33.6987],[133.1293,33.6989],[133.13,33.6989],[133.1305,33.699],[133.1311,33.6991],[133.1332,33.6996],[133.1338,33.6997],[133.1342,33.6999],[133.1346,33.7003],[133.1353,33.7007],[133.1356,33.7008],[133.136,33.7009],[133.1364,33.701],[133.1368,33.7012],[133.137,33.7015],[133.1373,33.7016],[133.1376,33.7016],[133.1386,33.7016],[133.139,33.7018],[133.1396,33.7021],[133.1402,33.7026],[133.1404,33.7027],[133.1413,33.7029],[133.1417,33.703],[133.1428,33.7035],[133.1441,33.7042],[133.1444,33.7044],[133.1446,33.7047],[133.1448,33.7052],[133.1451,33.7056],[133.1452,33.706],[133.1452,33.7065],[133.145,33.7069],[133.1449,33.7071],[133.1447,33.7074],[133.1441,33.7078],[133.1437,33.7084],[133.1434,33.7085],[133.1429,33.7091],[133.1427,33.7094],[133.1424,33.7097],[133.1422,33.7098],[133.1414,33.7101],[133.1413,33.7104],[133.1414,33.711],[133.1414,33.7115],[133.1414,33.7117],[133.1406,33.7135],[133.1402,33.7145],[133.14,33.715],[133.1398,33.7157],[133.1408,33.7162],[133.1412,33.7165],[133.1423,33.7177],[133.1427,33.718],[133.1435,33.7185],[133.1451,33.7192],[133.1458,33.7195],[133.1458,33.7204],[133.1458,33.7217],[133.1458,33.7219],[133.1461,33.7222],[133.1465,33.7226],[133.1469,33.7229],[133.1475,33.7231],[133.1486,33.7236],[133.1493,33.7237],[133.1503,33.7242],[133.1508,33.7244],[133.1514,33.7245],[133.1517,33.7247],[133.1525,33.7253],[133.1533,33.7259],[133.1538,33.7263],[133.1543,33.7266],[133.1553,33.7272],[133.1562,33.7279],[133.157,33.7286],[133.1573,33.7288],[133.1578,33.7294],[133.158,33.7296],[133.1582,33.7297],[133.1586,33.7298],[133.159,33.7301],[133.1594,33.7305],[133.1596,33.7308],[133.1601,33.7311],[133.1606,33.7313],[133.1611,33.7314],[133.1612,33.7315],[133.1612,33.7317],[133.1611,33.7321],[133.1609,33.7324],[133.1605,33.7328],[133.1601,33.7331],[133.1596,33.7334],[133.1594,33.7337],[133.1593,33.7339],[133.1593,33.7364],[133.1592,33.737],[133.1589,33.7378],[133.1589,33.738],[133.1592,33.7384],[133.1593,33.7387],[133.1594,33.739],[133.1594,33.7393],[133.1592,33.74],[133.1589,33.7408],[133.1589,33.741],[133.1591,33.7418],[133.1591,33.7426],[133.159,33.7432],[133.1588,33.7436],[133.1584,33.7444],[133.1581,33.7449],[133.1578,33.7456],[133.1577,33.7458],[133.1579,33.7461],[133.1582,33.7465],[133.1584,33.7469],[133.1584,33.7471],[133.1583,33.7479],[133.1582,33.7494],[133.1582,33.7498],[133.1581,33.75],[133.1578,33.7502],[133.1578,33.7503],[133.1572,33.7507],[133.1568,33.7508],[133.1561,33.751],[133.155,33.7515],[133.1548,33.7516],[133.1545,33.7519],[133.1542,33.7519],[133.1534,33.752],[133.1528,33.7522],[133.1521,33.7525],[133.1516,33.7529],[133.1514,33.7531],[133.1506,33.7533],[133.1503,33.7533],[133.1499,33.7535],[133.1496,33.7536],[133.149,33.7539],[133.1487,33.7542],[133.1483,33.7546],[133.148,33.7549],[133.1474,33.7553],[133.147,33.7555],[133.1466,33.756],[133.1463,33.7565],[133.1459,33.7569],[133.1458,33.757],[133.1455,33.7571],[133.1448,33.7572],[133.1437,33.7572],[133.1434,33.7572],[133.1424,33.7576],[133.1419,33.7579],[133.1416,33.7579],[133.1413,33.758],[133.1407,33.7581],[133.1404,33.7581],[133.1402,33.7581],[133.1395,33.7585],[133.1389,33.759],[133.1383,33.7595],[133.138,33.7598],[133.1375,33.7602],[133.1371,33.7604],[133.1368,33.7605],[133.1362,33.7605],[133.1357,33.7607],[133.1352,33.7611],[133.1348,33.7614],[133.1344,33.7618],[133.1341,33.7622],[133.134,33.7627],[133.134,33.7634],[133.1341,33.7637],[133.134,33.764],[133.1339,33.7642],[133.1335,33.7647],[133.1331,33.7649],[133.1326,33.765],[133.1318,33.7651],[133.1313,33.765],[133.1307,33.765],[133.1302,33.7651],[133.1298,33.7654],[133.1296,33.7655],[133.1292,33.7655],[133.1285,33.7655],[133.1278,33.7657],[133.1275,33.7658],[133.1272,33.7658],[133.1267,33.7661],[133.1264,33.7664],[133.1263,33.7666],[133.1258,33.7667],[133.1249,33.7669],[133.1244,33.7671],[133.1241,33.7671],[133.1231,33.7666],[133.1227,33.7664],[133.1217,33.7663],[133.1212,33.7662],[133.121,33.7663],[133.1207,33.7664],[133.1205,33.7665],[133.1203,33.7664],[133.1199,33.7664],[133.1194,33.7666],[133.119,33.7667],[133.1183,33.7668],[133.1181,33.7667],[133.1178,33.7665],[133.1174,33.7664],[133.1171,33.7664],[133.1167,33.7666],[133.1162,33.7669],[133.116,33.767],[133.1156,33.7672],[133.1152,33.7677],[133.1149,33.7679],[133.1146,33.7681],[133.1142,33.7684],[133.1135,33.7689],[133.113,33.7694],[133.1123,33.7701],[133.1119,33.7707],[133.1118,33.7709],[133.1116,33.771],[133.1112,33.7712],[133.1107,33.7714],[133.1104,33.7718],[133.1099,33.7721],[133.1097,33.7723],[133.1093,33.7727],[133.1092,33.7728],[133.1086,33.7728],[133.1079,33.7727],[133.1075,33.7726],[133.1071,33.7723],[133.1066,33.7721],[133.1062,33.772],[133.1059,33.772],[133.1055,33.772],[133.1051,33.7719],[133.1045,33.7717],[133.1043,33.7714],[133.104,33.7708],[133.1038,33.7707],[133.1035,33.7703],[133.1028,33.7694],[133.1026,33.7693],[133.1023,33.7692],[133.1021,33.7691],[133.102,33.7689],[133.102,33.7685],[133.1022,33.7677],[133.1021,33.7667],[133.102,33.7665],[133.1018,33.766],[133.1016,33.7654],[133.1013,33.7639],[133.1012,33.7637],[133.1009,33.7632],[133.101,33.763],[133.1008,33.7626],[133.1006,33.7624],[133.1006,33.7623],[133.1003,33.7622],[133.1,33.7622],[133.0995,33.7621],[133.0988,33.762],[133.0982,33.7619],[133.098,33.7617],[133.0973,33.7613],[133.0969,33.761],[133.0966,33.7608],[133.0961,33.7606],[133.0956,33.7603],[133.0942,33.7591],[133.0938,33.7585],[133.0929,33.7584],[133.0922,33.7583],[133.0909,33.7584],[133.0907,33.7583],[133.0896,33.758],[133.089,33.7577],[133.0885,33.7576],[133.0883,33.7576],[133.0879,33.7577],[133.0874,33.7577],[133.0867,33.758],[133.0861,33.7573],[133.0855,33.7568],[133.0854,33.7567],[133.085,33.7566],[133.084,33.7566],[133.0833,33.7564],[133.0829,33.7564],[133.0825,33.7564],[133.0821,33.7564],[133.0817,33.7565],[133.0813,33.7566],[133.0809,33.7568],[133.0804,33.757],[133.0798,33.7573],[133.0793,33.7574],[133.0788,33.7577],[133.0785,33.7578],[133.0783,33.7578],[133.0777,33.7579],[133.0775,33.758],[133.0773,33.7582],[133.077,33.7583],[133.0767,33.7584],[133.0762,33.7585],[133.0754,33.7585],[133.075,33.7586],[133.0748,33.7586],[133.0736,33.7589],[133.0733,33.7588],[133.0728,33.7584],[133.0718,33.7577],[133.0715,33.7576],[133.0706,33.7575],[133.0702,33.7575],[133.0694,33.7575],[133.0693,33.7573],[133.069,33.757],[133.0683,33.7567],[133.0677,33.7564],[133.0676,33.7562],[133.0667,33.756],[133.0665,33.756],[133.0663,33.7561],[133.0656,33.7562],[133.0652,33.7562],[133.0647,33.7562],[133.0642,33.7561],[133.0635,33.7561],[133.0629,33.7561],[133.0624,33.756],[133.0618,33.7562],[133.0614,33.7562],[133.0609,33.7561],[133.0606,33.756],[133.06,33.7556],[133.0595,33.7555],[133.0593,33.7555],[133.0589,33.7552],[133.0581,33.7552],[133.0577,33.7553],[133.0573,33.7554],[133.0568,33.7557],[133.0565,33.7557],[133.0559,33.7558],[133.0554,33.7562],[133.0549,33.7566],[133.0548,33.7567],[133.0548,33.757],[133.0548,33.7571],[133.0545,33.7573],[133.0544,33.7574],[133.0541,33.758],[133.0538,33.7584],[133.0536,33.7586],[133.0531,33.7589],[133.0523,33.7588],[133.0518,33.7588],[133.0513,33.7587],[133.0509,33.7587],[133.0506,33.7588],[133.0503,33.7589],[133.0494,33.7593],[133.0486,33.7596],[133.0483,33.7596],[133.0479,33.7596],[133.0476,33.7595],[133.047,33.7593],[133.0467,33.7591],[133.0465,33.7591],[133.0458,33.7591],[133.0451,33.7589],[133.0449,33.7589],[133.0441,33.7589],[133.044,33.759],[133.0434,33.7594],[133.0432,33.7596],[133.0425,33.7598],[133.042,33.7602],[133.0417,33.7603],[133.0413,33.7604],[133.0407,33.7605],[133.0405,33.7605],[133.0398,33.7608],[133.0393,33.7609],[133.0388,33.7609],[133.0379,33.761],[133.0377,33.761],[133.0376,33.7611],[133.0374,33.7615],[133.0372,33.7616],[133.0361,33.7617],[133.0355,33.762],[133.0352,33.7621],[133.0351,33.7622],[133.0346,33.7628],[133.0342,33.7631],[133.034,33.7632],[133.0335,33.7632],[133.0329,33.7632],[133.0317,33.7634],[133.0314,33.7634],[133.0308,33.7631],[133.0303,33.7627],[133.0299,33.7625],[133.0293,33.7623],[133.0287,33.7622],[133.0269,33.7622],[133.0259,33.7623],[133.0257,33.7624],[133.0254,33.7627],[133.0251,33.7629],[133.0248,33.763],[133.0242,33.7629],[133.0241,33.7629],[133.0241,33.7625],[133.0239,33.7622],[133.0236,33.7617],[133.0231,33.7612],[133.0227,33.7608],[133.0222,33.7606],[133.0221,33.7605],[133.0219,33.76],[133.0218,33.7599],[133.0207,33.759],[133.0204,33.7588],[133.0201,33.7588],[133.0192,33.7587],[133.0189,33.7587],[133.0182,33.7583],[133.0177,33.7582],[133.0168,33.7581],[133.0156,33.7578],[133.0154,33.7576],[133.0146,33.7575],[133.0141,33.7576],[133.0138,33.7575],[133.0128,33.757],[133.0125,33.7569],[133.0119,33.7567],[133.0109,33.7564],[133.0105,33.7564],[133.0102,33.7562],[133.0099,33.7562],[133.0093,33.7564],[133.0089,33.7565],[133.0086,33.7565],[133.0082,33.7565],[133.0076,33.7563],[133.0073,33.7562],[133.0066,33.7562],[133.0063,33.7561],[133.0057,33.7561],[133.0049,33.7561],[133.0046,33.7561],[133.0038,33.7561],[133.003,33.7563],[133.002,33.7565],[133.0015,33.7566],[133.0009,33.7568],[133.0007,33.7569],[133.0001,33.7572],[132.9997,33.7573],[132.999,33.7573],[132.9984,33.7574],[132.9981,33.7574],[132.9974,33.7574],[132.9972,33.7575],[132.9967,33.7578],[132.9956,33.7581],[132.9953,33.7583],[132.9934,33.7589],[132.9925,33.7591],[132.992,33.7587],[132.9917,33.7585],[132.9917,33.7581],[132.992,33.7572],[132.9919,33.757],[132.9916,33.7564],[132.9916,33.7561],[132.9917,33.7559],[132.9921,33.7557],[132.9922,33.7555],[132.9922,33.7549],[132.9923,33.7547],[132.9925,33.7546],[132.9927,33.7544],[132.9928,33.7539],[132.9925,33.7536],[132.9925,33.7533],[132.9925,33.7529],[132.9925,33.7526],[132.9924,33.7524],[132.9922,33.7523],[132.9915,33.7519],[132.9913,33.7518],[132.9911,33.7516],[132.9907,33.7508],[132.9904,33.7505],[132.99,33.7498],[132.9895,33.7486],[132.9894,33.7485],[132.9887,33.7482],[132.9883,33.7476],[132.988,33.7474],[132.9877,33.7473],[132.9874,33.7472],[132.9869,33.7472],[132.9863,33.7471],[132.986,33.7469],[132.986,33.7467],[132.9859,33.7459],[132.9858,33.7457],[132.9852,33.745],[132.985,33.7447],[132.9848,33.7444],[132.9845,33.7442],[132.9834,33.7434],[132.9831,33.7433],[132.9829,33.7433],[132.982,33.7423],[132.9816,33.7418],[132.9813,33.7413],[132.981,33.7406],[132.9804,33.7398],[132.9798,33.7402],[132.979,33.7409],[132.9783,33.7413],[132.9772,33.7421],[132.9767,33.743],[132.9766,33.7433],[132.9765,33.7434],[132.9754,33.7436],[132.975,33.7438],[132.9747,33.7444],[132.9743,33.7447],[132.9737,33.7448],[132.9731,33.745],[132.9726,33.7453],[132.9721,33.7453],[132.9719,33.7452],[132.9713,33.7449],[132.971,33.7448],[132.9707,33.7447],[132.97,33.7449],[132.9686,33.7455],[132.9683,33.7456],[132.9679,33.7456],[132.9674,33.7457],[132.9672,33.7458],[132.9672,33.7463],[132.9669,33.7468],[132.9665,33.7471],[132.9662,33.7472],[132.9654,33.7472],[132.965,33.7473],[132.9644,33.7476],[132.9642,33.7475],[132.9639,33.7474],[132.9636,33.7473],[132.963,33.7473],[132.9626,33.7475],[132.9622,33.7477],[132.962,33.7477],[132.962,33.7471],[132.9618,33.7466],[132.9616,33.7463],[132.9614,33.7461],[132.9611,33.746],[132.9607,33.746],[132.9601,33.7459],[132.9596,33.7455],[132.9585,33.7452],[132.958,33.745],[132.9573,33.7448],[132.9572,33.7447],[132.9572,33.744],[132.9571,33.7439],[132.957,33.7438],[132.9564,33.7436],[132.9563,33.7436],[132.9562,33.7432],[132.956,33.743],[132.9558,33.7428],[132.9552,33.7423],[132.9549,33.7418],[132.9538,33.7416],[132.9531,33.7413],[132.9532,33.7405],[132.9533,33.7398],[132.9534,33.7395],[132.9535,33.7388],[132.9536,33.7386],[132.9537,33.738],[132.9536,33.7373],[132.9534,33.7368],[132.9531,33.7366],[132.9527,33.7362],[132.9527,33.7361],[132.9528,33.7357],[132.953,33.7355],[132.9537,33.735],[132.9539,33.7348],[132.9539,33.7345],[132.9538,33.7342],[132.9536,33.7339],[132.9533,33.7337],[132.9531,33.7337],[132.9521,33.7339],[132.9511,33.7342],[132.9501,33.7344],[132.9494,33.7345],[132.949,33.7344],[132.9486,33.7342],[132.9483,33.7339],[132.9481,33.7337],[132.9479,33.7335],[132.9476,33.7335],[132.9464,33.7334],[132.946,33.7333],[132.9455,33.7331],[132.9444,33.7325],[132.9441,33.7325],[132.9428,33.7328],[132.9422,33.733],[132.9417,33.733],[132.941,33.733],[132.9399,33.7331],[132.9387,33.7329],[132.9383,33.7329],[132.9373,33.733],[132.9365,33.7332],[132.9362,33.7333],[132.936,33.7333],[132.9352,33.7332],[132.9343,33.7332],[132.9339,33.7332],[132.9333,33.7331],[132.9326,33.7332],[132.9322,33.733],[132.9319,33.7329],[132.931,33.7323],[132.9308,33.7321],[132.9307,33.7319],[132.9305,33.7315],[132.9304,33.7311],[132.9305,33.7304],[132.9304,33.7303],[132.9296,33.7305],[132.9284,33.731],[132.9271,33.7312],[132.9268,33.7311],[132.9265,33.7311],[132.9261,33.7311],[132.925,33.7312],[132.9248,33.7311],[132.924,33.7307],[132.9238,33.7306],[132.9232,33.7302],[132.9225,33.73],[132.9223,33.7299],[132.9219,33.7296],[132.9213,33.7289],[132.9211,33.7288],[132.9198,33.7284],[132.9196,33.7284],[132.919,33.7285],[132.9185,33.7284],[132.9179,33.7283],[132.9171,33.728],[132.9163,33.7279],[132.916,33.7278],[132.9157,33.7276],[132.9152,33.7273],[132.9144,33.7269],[132.9137,33.7265],[132.9135,33.7265],[132.9125,33.7273],[132.9122,33.7276],[132.9116,33.7277],[132.9096,33.7279],[132.9086,33.728],[132.908,33.728],[132.9073,33.7278],[132.9069,33.7275],[132.9069,33.7274],[132.907,33.7271],[132.907,33.7268],[132.907,33.7266],[132.9067,33.7264],[132.9061,33.726],[132.9058,33.7258],[132.9054,33.7254],[132.905,33.7251],[132.9047,33.7249],[132.9044,33.7248],[132.9042,33.7248],[132.9038,33.725],[132.9033,33.725],[132.9026,33.725],[132.9016,33.725],[132.9008,33.725],[132.9,33.725],[132.899,33.7248],[132.8984,33.7246],[132.8979,33.7243],[132.8971,33.7241],[132.8964,33.724],[132.8957,33.7239],[132.8956,33.7239],[132.8954,33.7235],[132.8955,33.7229],[132.8954,33.7227],[132.8949,33.722],[132.8945,33.7214],[132.8934,33.7196],[132.8933,33.7195],[132.8924,33.7197],[132.8919,33.7198],[132.8915,33.7199],[132.891,33.7199],[132.8902,33.7197],[132.89,33.7197],[132.8892,33.72],[132.8888,33.7201],[132.8883,33.7201],[132.8873,33.72],[132.8868,33.7201],[132.8862,33.72],[132.8859,33.72],[132.8851,33.7202],[132.8842,33.7208],[132.8836,33.721],[132.8833,33.7212],[132.8828,33.7214],[132.8825,33.7215],[132.8821,33.7217],[132.8819,33.7217],[132.8812,33.7218],[132.8806,33.7218],[132.8803,33.7219],[132.88,33.7221],[132.8797,33.7222],[132.8783,33.7225],[132.878,33.7226],[132.878,33.7231],[132.878,33.7233],[132.8771,33.7238],[132.8767,33.7241],[132.8764,33.7244],[132.876,33.7246],[132.8757,33.7248],[132.8754,33.7252],[132.8749,33.7256],[132.8748,33.7258],[132.8746,33.7261],[132.8746,33.7262],[132.8753,33.7273],[132.8753,33.7275],[132.8752,33.7278],[132.8751,33.7279],[132.8749,33.7278],[132.8744,33.7276],[132.8742,33.7274],[132.8734,33.7267],[132.8731,33.7263],[132.8729,33.7261],[132.8725,33.7249],[132.8722,33.7247],[132.8722,33.7245],[132.8723,33.724],[132.8723,33.7237],[132.8721,33.7227],[132.8714,33.7217],[132.8715,33.7212],[132.8714,33.7207],[132.8716,33.7203],[132.8716,33.7201],[132.8714,33.7198],[132.8714,33.7195],[132.8713,33.7191],[132.8711,33.7187],[132.8713,33.7183],[132.8713,33.718],[132.871,33.7176],[132.8709,33.7176],[132.8709,33.7173],[132.8715,33.7168],[132.8716,33.7167],[132.8714,33.7164],[132.8713,33.7159],[132.8714,33.7157],[132.8716,33.7156],[132.8722,33.7155],[132.8723,33.7154],[132.8724,33.715],[132.8722,33.7142],[132.8721,33.7139],[132.8715,33.7131],[132.8712,33.713],[132.871,33.713],[132.8704,33.7129],[132.8699,33.7127],[132.8694,33.7127],[132.8691,33.7126],[132.8686,33.7126],[132.8684,33.7126],[132.8682,33.7125],[132.868,33.7121],[132.8677,33.7119],[132.8673,33.7116],[132.8671,33.7115],[132.8668,33.7113],[132.8662,33.7114],[132.8655,33.7113],[132.8651,33.7112],[132.8649,33.7111],[132.8646,33.7106],[132.8645,33.7104],[132.8641,33.7102],[132.8637,33.7098],[132.8635,33.7096],[132.863,33.7094],[132.8625,33.7093],[132.8616,33.7088],[132.8615,33.7083],[132.8615,33.7071],[132.8615,33.7069],[132.8615,33.7066],[132.8611,33.7064],[132.8608,33.7061],[132.8605,33.7057],[132.8602,33.7055],[132.8592,33.7055],[132.8589,33.7054],[132.858,33.705],[132.8571,33.7045],[132.8567,33.7043],[132.8564,33.7041],[132.856,33.7033],[132.8557,33.7029],[132.8555,33.7027],[132.8551,33.7019],[132.855,33.7017],[132.8546,33.7015],[132.8544,33.7014],[132.8541,33.7008],[132.8537,33.6999],[132.8535,33.6998],[132.853,33.6994],[132.8526,33.6989],[132.8525,33.6986],[132.8525,33.6982],[132.8526,33.6975],[132.8529,33.6968],[132.853,33.6959],[132.8531,33.6958],[132.8534,33.6955],[132.8536,33.6953],[132.8537,33.695],[132.8537,33.6947],[132.8535,33.6943],[132.8533,33.694],[132.8533,33.6939],[132.8535,33.6935],[132.8532,33.6931],[132.8531,33.6928],[132.8533,33.6923],[132.8533,33.6917],[132.8532,33.6916],[132.8528,33.6915],[132.8526,33.6913],[132.8516,33.6908],[132.8512,33.6907],[132.851,33.6906],[132.8507,33.6903],[132.8506,33.6902],[132.8499,33.6902],[132.8496,33.69],[132.8494,33.6898],[132.8491,33.6895],[132.8491,33.6891],[132.8491,33.689],[132.8487,33.6888],[132.8483,33.6887],[132.8479,33.6887],[132.8477,33.6888],[132.8472,33.6887],[132.8468,33.6887],[132.8462,33.6888],[132.8453,33.6888],[132.8449,33.6889],[132.8446,33.6889],[132.8444,33.6888],[132.8442,33.6888],[132.8437,33.6889],[132.8435,33.6889],[132.8431,33.6893],[132.8429,33.6894],[132.8422,33.6896],[132.8419,33.6895],[132.8416,33.6893],[132.841,33.6891],[132.8406,33.6889],[132.8404,33.6889],[132.8398,33.689],[132.8393,33.6891],[132.8389,33.6892],[132.8385,33.689],[132.8382,33.6889],[132.8379,33.6891],[132.8377,33.6891],[132.8376,33.689],[132.8373,33.6886],[132.8372,33.6886],[132.8366,33.6888],[132.8364,33.6888],[132.8357,33.6883],[132.8353,33.688],[132.835,33.6881],[132.8348,33.6881],[132.8346,33.6879],[132.8344,33.6879],[132.834,33.6881],[132.8335,33.6883],[132.8331,33.6883],[132.833,33.6882],[132.8327,33.6879],[132.8325,33.6877],[132.8319,33.6874],[132.8318,33.6871],[132.8316,33.6864],[132.8314,33.6858],[132.8315,33.6854],[132.8315,33.6852],[132.8314,33.685],[132.8311,33.685],[132.8308,33.685],[132.8304,33.6849],[132.8297,33.6846],[132.8295,33.6844],[132.8291,33.6842],[132.8288,33.6841],[132.8281,33.6836],[132.8276,33.6833],[132.8274,33.6834],[132.8266,33.6837],[132.8265,33.6836],[132.8263,33.6835],[132.8262,33.6832],[132.8259,33.6829],[132.8259,33.6826],[132.8258,33.6823],[132.8256,33.6822],[132.8251,33.6821],[132.8246,33.6823],[132.8243,33.6823],[132.8241,33.6822],[132.8238,33.682],[132.8235,33.6818],[132.8232,33.6814],[132.8228,33.6808],[132.8227,33.6807],[132.8221,33.6806],[132.8218,33.6805],[132.8217,33.6801],[132.8218,33.6797],[132.8218,33.6794],[132.8218,33.6791],[132.8216,33.6785],[132.8216,33.6783],[132.8217,33.6778],[132.8217,33.6771],[132.8216,33.6769],[132.8217,33.6766],[132.8219,33.6763],[132.8222,33.6759],[132.8226,33.6756],[132.823,33.6751],[132.8233,33.675],[132.8236,33.6745],[132.8238,33.6742],[132.8239,33.6741],[132.8246,33.6737],[132.8248,33.6735],[132.8248,33.6733],[132.8248,33.6728],[132.8249,33.6726],[132.8252,33.6725],[132.8254,33.6723],[132.8254,33.6721],[132.8254,33.6718],[132.825,33.6714],[132.825,33.6711],[132.8252,33.671],[132.826,33.6709],[132.8268,33.6709],[132.827,33.6707],[132.8272,33.6705],[132.8276,33.6702],[132.8279,33.67],[132.828,33.6698],[132.8283,33.6695],[132.8286,33.6693],[132.8289,33.6692],[132.8291,33.6692],[132.8295,33.6693],[132.8298,33.6695],[132.8301,33.67],[132.8304,33.6702],[132.8314,33.6705],[132.8317,33.6702],[132.8321,33.6698],[132.8325,33.6696],[132.8332,33.6694],[132.8334,33.6689],[132.8335,33.6686],[132.8339,33.6681],[132.8345,33.6677],[132.8348,33.6674],[132.8354,33.6669],[132.8355,33.6668],[132.8356,33.6665],[132.8358,33.6662],[132.8358,33.6657],[132.8358,33.6656],[132.8353,33.6654],[132.8348,33.6654],[132.8345,33.6651],[132.8343,33.6648],[132.8341,33.664],[132.8339,33.6636],[132.8335,33.6634],[132.8331,33.6632],[132.833,33.6631],[132.8329,33.6628],[132.8327,33.662],[132.8327,33.6617],[132.8328,33.6614],[132.8325,33.6608],[132.8324,33.6601],[132.8324,33.6597],[132.8321,33.6593],[132.8321,33.6591],[132.8321,33.6584],[132.832,33.6582],[132.8318,33.6579],[132.8316,33.6576],[132.8316,33.6573],[132.8318,33.6567],[132.8319,33.6563],[132.832,33.6556],[132.8327,33.6554],[132.833,33.6553],[132.8338,33.6552],[132.834,33.6549],[132.8342,33.6547],[132.8345,33.6545],[132.8351,33.6541],[132.8354,33.6538],[132.8356,33.6535],[132.8356,33.6531],[132.8356,33.652],[132.8356,33.6516],[132.8355,33.6514],[132.8353,33.651],[132.835,33.6508],[132.8348,33.6507],[132.8344,33.6506],[132.8343,33.6505],[132.8346,33.65],[132.8347,33.6497],[132.8346,33.6496],[132.8341,33.6488],[132.8337,33.6485],[132.8334,33.6484],[132.8327,33.6482],[132.8324,33.648],[132.8323,33.6479],[132.8319,33.6471],[132.8317,33.6466],[132.8313,33.6458],[132.8308,33.6451],[132.8308,33.645],[132.8316,33.6445],[132.8316,33.6442],[132.8316,33.6437],[132.8315,33.6432],[132.8317,33.6429],[132.8316,33.6426],[132.8314,33.6423],[132.8312,33.642],[132.831,33.6414],[132.8313,33.6413],[132.8315,33.6413],[132.8321,33.6413],[132.8324,33.6413],[132.8328,33.6412],[132.8331,33.6411],[132.8333,33.641],[132.8338,33.6413],[132.834,33.6413],[132.8343,33.6413],[132.835,33.6411],[132.8355,33.6411],[132.8359,33.6413],[132.8362,33.6412],[132.8369,33.6407],[132.8377,33.6405],[132.8384,33.6403],[132.8395,33.6401],[132.8397,33.64],[132.8402,33.6396],[132.8404,33.6393],[132.8407,33.6391],[132.8412,33.6389],[132.8421,33.6385],[132.8426,33.6383],[132.843,33.638],[132.8432,33.6378],[132.8435,33.6374],[132.8442,33.6367],[132.8449,33.6362],[132.8452,33.6359],[132.8459,33.6354],[132.8463,33.6353],[132.8472,33.635],[132.8474,33.6348],[132.8478,33.6344],[132.8481,33.634],[132.8483,33.6339],[132.8489,33.6341],[132.8493,33.6343],[132.8496,33.6343],[132.8501,33.634],[132.8502,33.6341],[132.8504,33.6343],[132.8507,33.6343],[132.8512,33.6339],[132.8514,33.6337],[132.8514,33.6334],[132.8513,33.6332],[132.8512,33.6329],[132.8512,33.6326],[132.8516,33.6324],[132.8518,33.6323],[132.8522,33.6317],[132.8525,33.6314],[132.8529,33.6313],[132.8526,33.6308],[132.8526,33.6305],[132.8531,33.6298],[132.8535,33.6296],[132.8539,33.6295],[132.854,33.6295],[132.854,33.6292],[132.8542,33.6287],[132.8541,33.6286],[132.8537,33.6281],[132.8539,33.628],[132.8543,33.6278],[132.8544,33.6277],[132.8545,33.6276],[132.8546,33.6271],[132.8547,33.6265],[132.8549,33.6261],[132.8548,33.6254],[132.8549,33.6251],[132.855,33.6249],[132.8555,33.6246],[132.8553,33.6242],[132.8551,33.624],[132.8551,33.6235],[132.8553,33.623],[132.8556,33.6227],[132.8561,33.6225],[132.8562,33.6224],[132.8563,33.6221],[132.8566,33.6218],[132.8569,33.6217],[132.857,33.6216],[132.857,33.6212],[132.8571,33.6205],[132.8572,33.62],[132.8573,33.6198],[132.8575,33.6195],[132.8575,33.6192],[132.8575,33.6189],[132.8572,33.6183],[132.857,33.6181],[132.8568,33.6175],[132.8569,33.6172],[132.8564,33.6171],[132.8559,33.6169],[132.8556,33.6167],[132.8554,33.6163],[132.8552,33.616],[132.855,33.616],[132.8544,33.6161],[132.8537,33.6161],[132.8534,33.6159],[132.8533,33.6157],[132.8532,33.6154],[132.8531,33.6146],[132.853,33.6143],[132.8527,33.614],[132.8523,33.6137],[132.8522,33.6135],[132.8522,33.6131],[132.8523,33.6129],[132.8526,33.6123],[132.8526,33.6119],[132.8525,33.6116],[132.852,33.611],[132.8517,33.6106],[132.8513,33.6102],[132.8507,33.6097],[132.8502,33.6095],[132.85,33.6094],[132.8498,33.6091],[132.8494,33.6085],[132.8492,33.6084],[132.8489,33.6084],[132.8479,33.6087],[132.8475,33.6087],[132.8472,33.6087],[132.8469,33.6087],[132.8467,33.6086],[132.8461,33.608],[132.8458,33.6076],[132.8448,33.6076],[132.8445,33.6076],[132.8443,33.6075],[132.8443,33.6073],[132.8443,33.6068],[132.8443,33.606],[132.8443,33.6058],[132.8449,33.6049],[132.845,33.6045],[132.8447,33.6036],[132.8447,33.6032],[132.8449,33.6028],[132.8456,33.6018],[132.8456,33.6015],[132.8454,33.6011],[132.8455,33.6006],[132.8458,33.6002],[132.8459,33.6],[132.846,33.5995],[132.8461,33.5991],[132.8461,33.5984],[132.8462,33.5979],[132.8462,33.5976],[132.8461,33.5974],[132.846,33.597],[132.846,33.5968],[132.8463,33.596],[132.8463,33.5955],[132.8465,33.5952],[132.8465,33.5948],[132.8466,33.5946],[132.8471,33.5945],[132.8473,33.5944],[132.8477,33.5937],[132.848,33.5935],[132.8483,33.5928],[132.8484,33.5926],[132.8486,33.5925],[132.8491,33.5925],[132.8494,33.5926],[132.8498,33.5928],[132.8503,33.5931],[132.8505,33.5931],[132.8508,33.5929],[132.8514,33.5923],[132.8517,33.5918],[132.8518,33.5917],[132.8524,33.592],[132.8529,33.5924],[132.8533,33.5926],[132.8535,33.593],[132.8535,33.5935],[132.8531,33.5941],[132.8531,33.5943],[132.8533,33.5946],[132.8539,33.595],[132.8542,33.595],[132.8549,33.5949],[132.855,33.5947],[132.8552,33.5948],[132.8555,33.5948],[132.8564,33.5944],[132.8567,33.5946],[132.857,33.5947],[132.8572,33.5946],[132.8575,33.5946],[132.858,33.5948],[132.8583,33.5947],[132.8586,33.5946],[132.8587,33.5945],[132.8595,33.5946],[132.8598,33.5948],[132.8601,33.5948],[132.8608,33.5947],[132.8611,33.5946],[132.8614,33.5945],[132.8617,33.5947],[132.8624,33.595],[132.863,33.5952],[132.8633,33.5956],[132.8637,33.5956],[132.8641,33.5958],[132.8645,33.5951],[132.8647,33.595],[132.8649,33.595],[132.8652,33.5949],[132.8654,33.595],[132.8657,33.595],[132.8661,33.595],[132.8665,33.5949],[132.8667,33.5948],[132.8668,33.5946],[132.8664,33.5942],[132.8663,33.594],[132.8658,33.594],[132.8655,33.594],[132.8653,33.5938],[132.8649,33.5935],[132.8645,33.593],[132.8645,33.5926],[132.8641,33.5924],[132.8636,33.5923],[132.8634,33.5921],[132.863,33.5919],[132.8628,33.5916],[132.8625,33.5909],[132.8626,33.5907],[132.8631,33.5906],[132.8636,33.5902],[132.865,33.5901],[132.8652,33.59],[132.8653,33.5898],[132.8655,33.5894],[132.8657,33.5893],[132.8663,33.5889],[132.8667,33.5888],[132.8673,33.5887],[132.8675,33.5888],[132.8676,33.5891],[132.8678,33.5892],[132.8682,33.5892],[132.8704,33.5894],[132.8706,33.5894],[132.8709,33.5893],[132.8711,33.5893],[132.8715,33.5899],[132.8717,33.59],[132.8725,33.5901],[132.8729,33.5902],[132.8735,33.5899],[132.874,33.59],[132.8743,33.5901],[132.8747,33.5903],[132.8751,33.5904],[132.8753,33.5903],[132.876,33.5903],[132.8767,33.5904],[132.8773,33.5905],[132.8783,33.5911],[132.8788,33.5912],[132.8791,33.5911],[132.8793,33.5911],[132.8796,33.5912],[132.88,33.5913],[132.8802,33.5914],[132.8811,33.5913],[132.8824,33.5912],[132.8828,33.5911],[132.8833,33.5904],[132.8836,33.5903],[132.8839,33.5903],[132.8842,33.5904],[132.8854,33.5908],[132.8857,33.5908],[132.8861,33.5908],[132.8866,33.5908],[132.8873,33.5906],[132.8894,33.5897],[132.8899,33.5896],[132.8906,33.5896],[132.8912,33.5894],[132.8914,33.5893],[132.892,33.5887],[132.8921,33.5886],[132.8924,33.5885],[132.893,33.5883],[132.8938,33.5882],[132.8948,33.5879],[132.8951,33.5879],[132.8955,33.5879],[132.8962,33.5884],[132.8965,33.5884],[132.8969,33.5883],[132.8975,33.588],[132.8975,33.5878],[132.8974,33.5871],[132.8975,33.5867],[132.8978,33.5862],[132.8981,33.5855],[132.8982,33.5853],[132.899,33.5847],[132.8992,33.5844],[132.8993,33.584],[132.8994,33.5838],[132.8993,33.5834],[132.8992,33.5831],[132.8993,33.5828],[132.8997,33.5824],[132.8998,33.582],[132.8997,33.5818],[132.8995,33.5817],[132.8992,33.5816],[132.8989,33.5817],[132.8987,33.5816],[132.8984,33.5814],[132.898,33.5813],[132.8979,33.5811],[132.8979,33.581],[132.8982,33.5804],[132.8984,33.5802],[132.8988,33.58],[132.9004,33.5794],[132.9009,33.5792],[132.9014,33.5791],[132.9017,33.579],[132.9024,33.5791],[132.9028,33.579],[132.9031,33.5789],[132.9034,33.5786],[132.904,33.578],[132.9042,33.5776],[132.9044,33.5772],[132.9045,33.577],[132.9049,33.5766],[132.9051,33.5763],[132.9052,33.5761],[132.9053,33.5758],[132.9055,33.5756],[132.9061,33.5753],[132.9066,33.5751],[132.9071,33.575],[132.9079,33.575],[132.9092,33.575],[132.9096,33.575],[132.9098,33.5752],[132.9101,33.5754],[132.9107,33.5761],[132.9109,33.5763],[132.9112,33.5764],[132.9112,33.5755],[132.9114,33.5752],[132.9117,33.5749],[132.9119,33.5748],[132.9123,33.5745],[132.9124,33.5743],[132.9125,33.574],[132.9126,33.5737],[132.9127,33.5735],[132.913,33.5729],[132.9132,33.5723],[132.9136,33.5719],[132.9138,33.5716],[132.914,33.5713],[132.9142,33.5711],[132.9146,33.5709],[132.9148,33.5707],[132.9149,33.5702],[132.9152,33.5698],[132.9152,33.5696],[132.9152,33.5692],[132.9152,33.5686],[132.9152,33.5682],[132.9153,33.568],[132.9156,33.5677],[132.9159,33.5676],[132.9163,33.5675],[132.9171,33.5675],[132.918,33.5674],[132.9182,33.5673],[132.9184,33.5671],[132.9191,33.5661],[132.9192,33.566],[132.9195,33.5659],[132.9199,33.5659],[132.9204,33.5657],[132.9206,33.5655],[132.921,33.5653],[132.9218,33.5649],[132.9226,33.5646],[132.9225,33.5642],[132.9225,33.5641],[132.9231,33.5637],[132.9239,33.5629],[132.9243,33.5624],[132.9246,33.5622],[132.925,33.5619],[132.9252,33.5618],[132.9254,33.5615],[132.9255,33.5613],[132.926,33.5609],[132.9263,33.5606],[132.9263,33.5605],[132.9263,33.5603],[132.9261,33.56],[132.9258,33.5595],[132.9258,33.5592],[132.926,33.5587],[132.926,33.5585],[132.9254,33.5581],[132.9253,33.5579],[132.9252,33.5577],[132.9253,33.5573],[132.9253,33.5572],[132.9251,33.5569],[132.9245,33.5564],[132.9241,33.5562],[132.9236,33.556],[132.9229,33.5557],[132.9226,33.5555],[132.9216,33.5552],[132.9214,33.555],[132.9214,33.5548],[132.9216,33.5544],[132.9216,33.5541],[132.9214,33.5536],[132.921,33.5527],[132.9207,33.5524],[132.9208,33.5517],[132.9205,33.5513],[132.9204,33.5507],[132.9206,33.55],[132.9205,33.5498],[132.9204,33.5494],[132.9204,33.5492],[132.9207,33.5488],[132.9207,33.5483],[132.9208,33.5477],[132.9207,33.5473],[132.9208,33.5466],[132.9207,33.5464],[132.9201,33.5458],[132.9195,33.5454],[132.9192,33.5449],[132.9189,33.5447],[132.9188,33.5443],[132.9187,33.544],[132.9186,33.5437],[132.9183,33.5433],[132.9181,33.5428],[132.918,33.5423],[132.9179,33.5422],[132.9172,33.5418],[132.9171,33.5417],[132.9171,33.5415],[132.9176,33.5408],[132.9179,33.5405],[132.9181,33.5402],[132.9183,33.5398],[132.9185,33.5394],[132.9187,33.5391],[132.9191,33.5388],[132.9195,33.5383],[132.9197,33.5381],[132.9197,33.5377],[132.9198,33.5374],[132.9199,33.5369],[132.92,33.5364],[132.9203,33.5361],[132.9204,33.5359],[132.9205,33.5356],[132.9206,33.5354],[132.9207,33.5348],[132.9209,33.5346],[132.9214,33.5337],[132.9214,33.5336],[132.9211,33.5334],[132.9205,33.5331],[132.9199,33.5328],[132.9194,33.5326],[132.9191,33.5326],[132.9187,33.5326],[132.9181,33.5326],[132.9175,33.5323],[132.917,33.5322],[132.9165,33.5321],[132.9163,33.532],[132.9163,33.5317],[132.9164,33.5316],[132.9164,33.5311],[132.9164,33.5309],[132.9162,33.5307],[132.9157,33.5306],[132.915,33.5304],[132.9142,33.5304],[132.9141,33.5303],[132.9142,33.53],[132.9146,33.5296],[132.9153,33.5286],[132.9155,33.5285],[132.9157,33.5284],[132.9159,33.5281],[132.916,33.5278],[132.9161,33.5274],[132.9161,33.5271],[132.9159,33.5268],[132.9158,33.5263],[132.9156,33.5259],[132.9153,33.5255],[132.915,33.525],[132.9149,33.5246],[132.9147,33.5243],[132.9144,33.5238],[132.914,33.5234],[132.9138,33.5233],[132.9134,33.5232],[132.9123,33.5229],[132.9118,33.5228],[132.9115,33.5227],[132.9111,33.5224],[132.9108,33.5221],[132.9108,33.5219],[132.9108,33.5217],[132.9109,33.5211],[132.9111,33.5207],[132.9111,33.5204],[132.911,33.52],[132.9109,33.5197],[132.9106,33.5194],[132.9103,33.5186],[132.9098,33.5178],[132.9095,33.5176],[132.9088,33.5173],[132.9079,33.5167],[132.9076,33.5167],[132.9072,33.5167],[132.907,33.5167],[132.9062,33.517],[132.9058,33.517],[132.9048,33.5167],[132.9046,33.5167],[132.9041,33.5166],[132.904,33.5164],[132.9039,33.5162],[132.9036,33.516],[132.9024,33.5157],[132.9018,33.5154],[132.9015,33.5153],[132.9013,33.515],[132.9006,33.5146],[132.9005,33.5145],[132.9004,33.5139],[132.9004,33.5138],[132.9004,33.5129],[132.9003,33.5126],[132.9003,33.512],[132.9003,33.5117],[132.9004,33.5099],[132.9005,33.5095],[132.9005,33.5091],[132.9005,33.5088],[132.9004,33.5086],[132.9001,33.5081],[132.9001,33.5078],[132.9003,33.5068],[132.9002,33.5064],[132.8999,33.506],[132.9,33.5054],[132.9003,33.5041],[132.9003,33.5038],[132.9003,33.5036],[132.8997,33.5029],[132.8995,33.5028],[132.8988,33.5024],[132.8982,33.5022],[132.8977,33.5019],[132.8976,33.5017],[132.8976,33.5013],[132.8977,33.5012],[132.8976,33.5008],[132.8975,33.5003],[132.8973,33.4996],[132.8972,33.4994],[132.8969,33.4989],[132.8965,33.4985],[132.8961,33.4983],[132.896,33.4981],[132.896,33.4978]]]},"properties":{"N03_001":"愛媛県","N03_002":"","N03_003":"上浮穴郡","N03_004":"久万高原町","N03_007":"38386"}},
{"type":"Feature","geometry":{"type":"Polygon","coordinates":[[[132.6985,33.7764],[132.6992,33.7764],[132.7,33.7765],[132.7008,33.7766],[132.7021,33.7767],[132.704,33.7768],[132.704,33.7753],[132.7048,33.7753],[132.705,33.7741],[132.7051,33.7728],[132.7053,33.7713],[132.7065,33.7713],[132.7065,33.7721],[132.7071,33.7721],[132.7071,33.7726],[132.7072,33.7731],[132.7071,33.7735],[132.7072,33.7739],[132.7074,33.7741],[132.7078,33.7742],[132.7088,33.7742],[132.7094,33.7743],[132.7096,33.7743],[132.7097,33.7735],[132.7097,33.773],[132.7098,33.7712],[132.7098,33.7703],[132.711,33.7703],[132.7133,33.7708],[132.7136,33.7709],[132.7138,33.771],[132.7139,33.7715],[132.7141,33.7725],[132.7158,33.7725],[132.7159,33.7734],[132.7158,33.7758],[132.7159,33.7779],[132.7163,33.7779],[132.7188,33.7779],[132.7204,33.7779],[132.7209,33.778],[132.7222,33.778],[132.7241,33.7779],[132.7253,33.778],[132.7256,33.777],[132.7256,33.7764],[132.7256,33.7757],[132.7257,33.7739],[132.7257,33.7733],[132.7255,33.7726],[132.7255,33.7725],[132.7257,33.7722],[132.7258,33.7721],[132.7262,33.7721],[132.7264,33.772],[132.7267,33.7718],[132.7271,33.7718],[132.7276,33.7718],[132.7283,33.7718],[132.7295,33.7716],[132.7304,33.7715],[132.7312,33.7715],[132.7323,33.7714],[132.7325,33.7715],[132.7325,33.7717],[132.7323,33.7729],[132.7323,33.7741],[132.7324,33.7758],[132.7324,33.7759],[132.7331,33.7764],[132.7327,33.7773],[132.7327,33.7777],[132.735,33.7777],[132.7368,33.7778],[132.7388,33.7779],[132.7394,33.7778],[132.7402,33.7778],[132.7426,33.7778],[132.7433,33.7778],[132.7455,33.7778],[132.7455,33.7781],[132.7456,33.7792],[132.7456,33.7798],[132.7455,33.7804],[132.7454,33.7823],[132.7454,33.7828],[132.7453,33.7831],[132.7452,33.7834],[132.745,33.7836],[132.7447,33.7838],[132.7447,33.7839],[132.745,33.784],[132.746,33.7842],[132.7465,33.7844],[132.7469,33.7843],[132.7473,33.7844],[132.7475,33.7846],[132.748,33.7846],[132.7487,33.7845],[132.7494,33.7843],[132.7501,33.7839],[132.751,33.7837],[132.7512,33.7837],[132.7516,33.7839],[132.7519,33.7839],[132.7525,33.784],[132.7532,33.784],[132.7538,33.7842],[132.7544,33.7844],[132.7542,33.785],[132.7542,33.7857],[132.7543,33.7863],[132.7544,33.7863],[132.7546,33.7863],[132.7557,33.7862],[132.7562,33.7861],[132.7568,33.786],[132.7577,33.7859],[132.7584,33.7859],[132.7587,33.7859],[132.7598,33.786],[132.7609,33.786],[132.7613,33.786],[132.7615,33.7861],[132.7616,33.7862],[132.7611,33.7876],[132.7611,33.7877],[132.7613,33.7883],[132.7614,33.7883],[132.762,33.7881],[132.7622,33.7881],[132.7624,33.7882],[132.7633,33.7886],[132.7636,33.7885],[132.7638,33.7883],[132.7639,33.7883],[132.7639,33.7888],[132.7641,33.7893],[132.7641,33.7894],[132.7638,33.7897],[132.7636,33.7902],[132.7636,33.7903],[132.7647,33.7903],[132.765,33.7901],[132.7653,33.79],[132.7658,33.7898],[132.7666,33.7897],[132.7667,33.7896],[132.7668,33.7892],[132.767,33.7893],[132.7674,33.7897],[132.7673,33.7899],[132.7675,33.7901],[132.7677,33.7905],[132.7678,33.7908],[132.7682,33.7908],[132.7684,33.7909],[132.7684,33.791],[132.7703,33.7908],[132.7705,33.7907],[132.7708,33.7905],[132.7707,33.791],[132.7701,33.7914],[132.77,33.7916],[132.7694,33.7937],[132.7696,33.7941],[132.7707,33.7957],[132.7699,33.796],[132.7666,33.7981],[132.7637,33.7999],[132.7615,33.8011],[132.7599,33.8019],[132.7581,33.8024],[132.7568,33.8029],[132.7553,33.8035],[132.7544,33.804],[132.7534,33.8045],[132.7528,33.8047],[132.752,33.805],[132.7503,33.8053],[132.7491,33.8055],[132.7481,33.8055],[132.747,33.8055],[132.7462,33.8054],[132.746,33.8054],[132.7446,33.8055],[132.7437,33.8056],[132.7424,33.8055],[132.7408,33.8055],[132.7392,33.8053],[132.7388,33.8053],[132.7382,33.8053],[132.7375,33.8053],[132.736,33.8052],[132.7352,33.8051],[132.7331,33.8051],[132.7314,33.805],[132.7298,33.805],[132.7283,33.8051],[132.7275,33.8053],[132.7265,33.8056],[132.7244,33.8064],[132.7221,33.8073],[132.721,33.8077],[132.7201,33.8081],[132.7197,33.8083],[132.7195,33.8083],[132.7179,33.8082],[132.7173,33.8082],[132.7156,33.808],[132.715,33.808],[132.7143,33.808],[132.7131,33.8079],[132.7115,33.8077],[132.7111,33.8076],[132.7102,33.8072],[132.7089,33.8064],[132.7085,33.8062],[132.7078,33.8061],[132.7073,33.806],[132.7065,33.8057],[132.7057,33.8055],[132.7052,33.8054],[132.7043,33.8053],[132.7029,33.8053],[132.7017,33.8052],[132.7012,33.8052],[132.7004,33.8052],[132.6982,33.8052],[132.692,33.8051],[132.6858,33.805],[132.6862,33.8047],[132.6869,33.8044],[132.6873,33.8042],[132.6875,33.804],[132.6878,33.8034],[132.6881,33.803],[132.6883,33.803],[132.6885,33.803],[132.6886,33.803],[132.6887,33.8034],[132.6889,33.8035],[132.6891,33.8034],[132.6893,33.8031],[132.6894,33.8027],[132.6895,33.8023],[132.6897,33.8021],[132.6898,33.8018],[132.6897,33.8016],[132.69,33.8011],[132.6901,33.8008],[132.6903,33.8005],[132.6905,33.8],[132.6907,33.7997],[132.6908,33.7994],[132.6909,33.7989],[132.6912,33.7982],[132.6913,33.7978],[132.6914,33.7973],[132.6915,33.7969],[132.6916,33.7965],[132.6917,33.7962],[132.6918,33.7959],[132.6917,33.7956],[132.6912,33.7956],[132.6912,33.7955],[132.6924,33.7956],[132.6925,33.7952],[132.6924,33.7948],[132.6882,33.7934],[132.6881,33.7934],[132.6881,33.7932],[132.6899,33.7883],[132.69,33.7883],[132.6936,33.7881],[132.6944,33.7861],[132.6941,33.786],[132.6942,33.7859],[132.6964,33.7865],[132.6972,33.7865],[132.6992,33.7867],[132.6992,33.7869],[132.6996,33.7872],[132.7,33.7879],[132.7002,33.788],[132.702,33.7879],[132.7022,33.7878],[132.7022,33.7871],[132.7018,33.7871],[132.7018,33.787],[132.7006,33.7872],[132.7004,33.7871],[132.7003,33.7853],[132.7004,33.7852],[132.7004,33.7846],[132.7003,33.7846],[132.6998,33.7847],[132.6998,33.7853],[132.6997,33.7863],[132.6997,33.7853],[132.6996,33.7851],[132.6997,33.7849],[132.6996,33.7845],[132.6995,33.7845],[132.6994,33.7843],[132.6984,33.7843],[132.6974,33.7843],[132.6974,33.7844],[132.6952,33.7846],[132.6937,33.7848],[132.6931,33.7859],[132.693,33.7859],[132.6922,33.7864],[132.6929,33.7858],[132.6934,33.7849],[132.6936,33.7836],[132.6937,33.7831],[132.6937,33.7829],[132.6939,33.7826],[132.6964,33.7823],[132.6969,33.7822],[132.697,33.782],[132.6973,33.7811],[132.6974,33.7807],[132.6977,33.7798],[132.6978,33.7793],[132.698,33.7785],[132.698,33.7782],[132.6982,33.7774],[132.6983,33.777],[132.6985,33.7764]]]},"properties":{"N03_001":"愛媛県","N03_002":"","N03_003":"伊予郡","N03_004":"松前町","N03_007":"38401"}},
{"type":"Feature","geometry":{"type":"Polygon","coordinates":[[[132.7708,33.7905],[132.771,33.7898],[132.771,33.7896],[132.7714,33.7892],[132.7715,33.789],[132.7721,33.789],[132.7726,33.7889],[132.7735,33.7886],[132.7743,33.7884],[132.7743,33.7879],[132.7743,33.7869],[132.7743,33.786],[132.7743,33.7855],[132.7743,33.7846],[132.7743,33.7836],[132.7742,33.7834],[132.7739,33.7824],[132.7735,33.7816],[132.7734,33.781],[132.7728,33.7805],[132.7727,33.7799],[132.7728,33.7795],[132.7727,33.7791],[132.7728,33.7788],[132.7722,33.7778],[132.772,33.7777],[132.7716,33.7773],[132.7712,33.777],[132.7706,33.7767],[132.7698,33.7761],[132.7693,33.7757],[132.7688,33.7755],[132.7685,33.7753],[132.7683,33.7747],[132.7681,33.7745],[132.7674,33.7741],[132.767,33.774],[132.7669,33.7738],[132.7661,33.7725],[132.7658,33.7721],[132.7653,33.7717],[132.7646,33.7714],[132.764,33.7712],[132.7635,33.7711],[132.7632,33.771],[132.7624,33.771],[132.7622,33.7709],[132.7621,33.7708],[132.762,33.7705],[132.7622,33.77],[132.7621,33.7695],[132.7623,33.7689],[132.7624,33.7685],[132.7628,33.7682],[132.7628,33.7679],[132.7626,33.7675],[132.7625,33.7673],[132.7625,33.767],[132.7627,33.7665],[132.7625,33.7661],[132.7621,33.7652],[132.7618,33.7646],[132.7617,33.7639],[132.7616,33.7638],[132.7607,33.7635],[132.7605,33.7633],[132.7603,33.7632],[132.76,33.7627],[132.7599,33.7625],[132.7595,33.7622],[132.7595,33.7616],[132.7594,33.761],[132.7594,33.7608],[132.7589,33.7603],[132.7589,33.76],[132.7588,33.7598],[132.7584,33.7599],[132.758,33.76],[132.7575,33.7604],[132.757,33.7608],[132.7566,33.7606],[132.7562,33.7604],[132.7559,33.7604],[132.7553,33.7604],[132.7552,33.7604],[132.7549,33.7602],[132.7543,33.7603],[132.7538,33.7602],[132.7529,33.76],[132.7524,33.7599],[132.7517,33.7596],[132.7515,33.7596],[132.7512,33.7597],[132.7508,33.7595],[132.7501,33.759],[132.7498,33.7588],[132.7494,33.7588],[132.7489,33.7587],[132.7482,33.7586],[132.7477,33.7586],[132.7475,33.7588],[132.7472,33.759],[132.7469,33.7591],[132.7461,33.7591],[132.7457,33.7593],[132.7449,33.7594],[132.7447,33.7594],[132.744,33.7591],[132.7435,33.759],[132.7431,33.7589],[132.7429,33.7588],[132.7425,33.7584],[132.7417,33.7575],[132.7418,33.7574],[132.7422,33.7571],[132.7424,33.7569],[132.7423,33.7568],[132.742,33.7564],[132.7421,33.756],[132.7421,33.7558],[132.7425,33.7556],[132.7427,33.7554],[132.7431,33.7548],[132.7438,33.7533],[132.7439,33.7532],[132.7444,33.7529],[132.7448,33.7526],[132.7453,33.7521],[132.7455,33.7519],[132.746,33.7513],[132.7463,33.7508],[132.7464,33.7504],[132.7465,33.7501],[132.7467,33.7486],[132.7468,33.7484],[132.7467,33.748],[132.7466,33.7474],[132.7462,33.7463],[132.746,33.746],[132.7455,33.7456],[132.7453,33.7453],[132.7448,33.7446],[132.7444,33.7444],[132.7428,33.7435],[132.7426,33.7434],[132.7423,33.7427],[132.7421,33.7425],[132.7419,33.7424],[132.7413,33.7423],[132.741,33.7421],[132.7408,33.7419],[132.7406,33.7416],[132.7404,33.7414],[132.7401,33.7412],[132.7395,33.741],[132.7391,33.7409],[132.7385,33.7408],[132.7382,33.7406],[132.7381,33.7405],[132.738,33.7399],[132.7379,33.7395],[132.7376,33.7391],[132.7374,33.739],[132.7373,33.7387],[132.7374,33.7383],[132.7374,33.7382],[132.7372,33.7378],[132.737,33.7375],[132.7364,33.7369],[132.7364,33.7367],[132.7369,33.7361],[132.7371,33.7359],[132.7375,33.7358],[132.7382,33.7356],[132.7385,33.7355],[132.7388,33.7352],[132.7392,33.7349],[132.7396,33.7347],[132.7399,33.7346],[132.74,33.7344],[132.7401,33.7342],[132.7408,33.7342],[132.7412,33.7341],[132.7415,33.734],[132.7418,33.734],[132.742,33.734],[132.7423,33.7339],[132.7428,33.7338],[132.743,33.7337],[132.7434,33.7336],[132.7436,33.7334],[132.7436,33.7333],[132.7435,33.7331],[132.7431,33.7327],[132.7429,33.7323],[132.7425,33.7314],[132.7424,33.7312],[132.7424,33.731],[132.7426,33.7308],[132.7429,33.7306],[132.7429,33.73],[132.7427,33.729],[132.7427,33.7288],[132.7429,33.7286],[132.7431,33.7284],[132.7434,33.7283],[132.7439,33.7282],[132.7443,33.7279],[132.7444,33.7275],[132.7444,33.7271],[132.7444,33.7265],[132.7443,33.7263],[132.7446,33.7256],[132.7447,33.7254],[132.7449,33.7252],[132.7452,33.7251],[132.7458,33.725],[132.7466,33.725],[132.7475,33.7251],[132.7478,33.7251],[132.7485,33.7254],[132.7488,33.7254],[132.7493,33.7254],[132.7497,33.7253],[132.7502,33.7252],[132.7508,33.7253],[132.7513,33.7254],[132.7518,33.7255],[132.7524,33.7257],[132.7527,33.7257],[132.7532,33.7257],[132.7535,33.7256],[132.7538,33.7254],[132.7539,33.7252],[132.7544,33.7249],[132.7546,33.7247],[132.7551,33.7243],[132.7556,33.7235],[132.7557,33.7234],[132.7563,33.7235],[132.7568,33.7233],[132.7572,33.7232],[132.7575,33.723],[132.7577,33.7228],[132.7587,33.7225],[132.7589,33.7224],[132.7591,33.7222],[132.7592,33.7218],[132.7594,33.7215],[132.7598,33.7209],[132.7598,33.7207],[132.7597,33.7203],[132.7591,33.7194],[132.759,33.719],[132.759,33.7187],[132.7591,33.7184],[132.7594,33.7177],[132.7594,33.7175],[132.7593,33.7168],[132.7595,33.7163],[132.7597,33.7161],[132.7601,33.7159],[132.7603,33.7156],[132.7605,33.7154],[132.7606,33.7151],[132.7608,33.7147],[132.7612,33.7139],[132.7619,33.7132],[132.7628,33.7125],[132.7629,33.7122],[132.7629,33.712],[132.7629,33.7118],[132.7632,33.7107],[132.7633,33.7101],[132.7633,33.7097],[132.7633,33.7095],[132.7636,33.7087],[132.7636,33.7082],[132.7637,33.708],[132.7641,33.707],[132.7645,33.7065],[132.7647,33.7061],[132.7652,33.7053],[132.7655,33.7051],[132.7662,33.7048],[132.7666,33.7047],[132.7667,33.7046],[132.7669,33.7039],[132.7671,33.7036],[132.7677,33.7028],[132.7679,33.7026],[132.7682,33.7024],[132.7686,33.7023],[132.769,33.7019],[132.7692,33.7017],[132.7698,33.7015],[132.7707,33.701],[132.7709,33.7007],[132.7708,33.7005],[132.7714,33.7002],[132.7723,33.6997],[132.7727,33.6994],[132.7729,33.6993],[132.7732,33.6993],[132.7736,33.6994],[132.7742,33.6994],[132.7746,33.6993],[132.7753,33.6992],[132.7754,33.6992],[132.776,33.6994],[132.7765,33.6994],[132.7769,33.699],[132.7771,33.6982],[132.7773,33.6979],[132.7775,33.6977],[132.7778,33.6975],[132.7779,33.6972],[132.778,33.6963],[132.7784,33.6964],[132.7787,33.6963],[132.7788,33.6961],[132.7786,33.696],[132.7785,33.6956],[132.7786,33.6951],[132.7785,33.6943],[132.7785,33.6941],[132.7791,33.6933],[132.7793,33.6929],[132.7797,33.6924],[132.7798,33.6922],[132.7794,33.6918],[132.7792,33.6917],[132.7787,33.6916],[132.7785,33.6915],[132.7782,33.6912],[132.7781,33.691],[132.778,33.6908],[132.7778,33.6905],[132.7774,33.6904],[132.7771,33.6902],[132.7769,33.69],[132.7767,33.6898],[132.7762,33.6894],[132.7757,33.6883],[132.7756,33.6881],[132.775,33.6873],[132.7747,33.6871],[132.7746,33.6868],[132.7743,33.6863],[132.7742,33.6859],[132.7741,33.6856],[132.7741,33.6854],[132.7745,33.685],[132.7746,33.6848],[132.7746,33.6846],[132.7745,33.6843],[132.7743,33.684],[132.7742,33.6837],[132.7744,33.6832],[132.7747,33.6828],[132.7748,33.6821],[132.7748,33.6814],[132.7746,33.6809],[132.7743,33.6805],[132.7742,33.6802],[132.7738,33.6797],[132.7739,33.6796],[132.7749,33.6793],[132.7755,33.6791],[132.776,33.6789],[132.7764,33.6789],[132.7771,33.6796],[132.7773,33.6796],[132.7777,33.6797],[132.7779,33.6797],[132.7784,33.6801],[132.7787,33.6803],[132.7789,33.6804],[132.779,33.6807],[132.7792,33.6813],[132.7793,33.6815],[132.7795,33.6817],[132.7797,33.6818],[132.7808,33.6821],[132.7812,33.6821],[132.7816,33.6817],[132.7817,33.6816],[132.7818,33.6811],[132.7818,33.6806],[132.7821,33.68],[132.7822,33.6796],[132.7818,33.6792],[132.7809,33.6787],[132.7809,33.6784],[132.7807,33.6781],[132.7805,33.678],[132.7802,33.6778],[132.7796,33.6778],[132.7793,33.6778],[132.779,33.6777],[132.7787,33.6774],[132.7781,33.6771],[132.7774,33.677],[132.777,33.6767],[132.7768,33.6765],[132.7765,33.6765],[132.7762,33.6765],[132.7758,33.6764],[132.7754,33.6763],[132.7752,33.6761],[132.775,33.676],[132.775,33.6758],[132.7749,33.6751],[132.7746,33.6746],[132.7742,33.6744],[132.7737,33.6741],[132.7732,33.6737],[132.7728,33.6735],[132.7723,33.6729],[132.7722,33.6727],[132.7716,33.6721],[132.7715,33.6718],[132.7716,33.671],[132.7716,33.6703],[132.7718,33.6701],[132.7719,33.6698],[132.7722,33.6697],[132.773,33.6693],[132.7732,33.6692],[132.7731,33.6687],[132.7732,33.668],[132.773,33.6678],[132.7722,33.6676],[132.7717,33.6675],[132.7715,33.6674],[132.7713,33.6672],[132.7709,33.6669],[132.7705,33.6666],[132.77,33.6664],[132.7699,33.6663],[132.7697,33.6659],[132.7692,33.6656],[132.7692,33.6655],[132.7691,33.665],[132.7692,33.6644],[132.7692,33.6642],[132.769,33.6641],[132.7686,33.6638],[132.7683,33.6636],[132.7682,33.6633],[132.768,33.6629],[132.7673,33.6621],[132.7668,33.6617],[132.7657,33.6608],[132.7655,33.6605],[132.7655,33.6603],[132.7657,33.6597],[132.7656,33.6593],[132.7655,33.6589],[132.7655,33.6587],[132.7658,33.6586],[132.7659,33.6585],[132.7659,33.6583],[132.7659,33.658],[132.7662,33.6576],[132.7662,33.6573],[132.7661,33.657],[132.7661,33.6564],[132.7659,33.6561],[132.7657,33.6557],[132.7653,33.6552],[132.7652,33.655],[132.7648,33.6539],[132.7646,33.6533],[132.7644,33.6523],[132.7642,33.6517],[132.764,33.6512],[132.764,33.651],[132.7642,33.6508],[132.7643,33.6506],[132.7645,33.6499],[132.7647,33.6494],[132.7644,33.649],[132.7643,33.6488],[132.7643,33.6485],[132.7646,33.6476],[132.7645,33.6475],[132.7636,33.6466],[132.763,33.6459],[132.7628,33.6457],[132.7625,33.6456],[132.7621,33.6456],[132.76,33.6459],[132.7587,33.6461],[132.7575,33.6462],[132.7571,33.6461],[132.7565,33.6458],[132.7562,33.6457],[132.7549,33.6443],[132.7548,33.6441],[132.7542,33.6441],[132.7539,33.6441],[132.7536,33.6439],[132.7529,33.6433],[132.7528,33.6431],[132.7534,33.6432],[132.7535,33.6427],[132.7535,33.6424],[132.754,33.6421],[132.7542,33.6414],[132.7543,33.6412],[132.7542,33.6409],[132.7539,33.6403],[132.7532,33.6398],[132.753,33.6396],[132.7529,33.6392],[132.7529,33.6388],[132.7527,33.6381],[132.7527,33.6379],[132.7525,33.6376],[132.7523,33.6373],[132.7519,33.6371],[132.7515,33.6369],[132.751,33.6366],[132.7507,33.6363],[132.7505,33.6357],[132.7504,33.6354],[132.7504,33.6347],[132.7502,33.6346],[132.7499,33.6345],[132.7497,33.6343],[132.7496,33.6342],[132.7495,33.6333],[132.7496,33.6329],[132.7496,33.6323],[132.7492,33.632],[132.7491,33.6318],[132.7489,33.6315],[132.7488,33.6313],[132.7477,33.631],[132.7475,33.6309],[132.7471,33.6306],[132.747,33.6305],[132.747,33.6301],[132.7469,33.6299],[132.7467,33.6297],[132.7466,33.6291],[132.7462,33.6288],[132.7459,33.6283],[132.7458,33.6279],[132.7456,33.6277],[132.746,33.6278],[132.7469,33.6278],[132.7473,33.6276],[132.7475,33.6273],[132.7478,33.6275],[132.748,33.6276],[132.7487,33.6276],[132.7491,33.6276],[132.7496,33.6276],[132.75,33.6276],[132.7503,33.6275],[132.7506,33.6273],[132.7507,33.6272],[132.7507,33.6267],[132.7508,33.6263],[132.7511,33.6261],[132.7517,33.6255],[132.752,33.6252],[132.7524,33.6249],[132.7526,33.6246],[132.753,33.6243],[132.7533,33.6241],[132.7542,33.6234],[132.755,33.6229],[132.7551,33.6229],[132.7556,33.6229],[132.7558,33.6229],[132.7561,33.6228],[132.7564,33.6225],[132.7569,33.6219],[132.7571,33.6218],[132.7574,33.6217],[132.7578,33.6215],[132.7586,33.6209],[132.7594,33.6207],[132.7592,33.62],[132.7592,33.6197],[132.7593,33.6193],[132.7594,33.6189],[132.7596,33.6186],[132.7599,33.6184],[132.76,33.6181],[132.7602,33.6174],[132.7603,33.617],[132.7604,33.6163],[132.7606,33.6161],[132.7606,33.6157],[132.7609,33.6155],[132.7612,33.6154],[132.7615,33.615],[132.762,33.6147],[132.7622,33.6145],[132.7624,33.6142],[132.7624,33.6133],[132.7626,33.6129],[132.7627,33.6127],[132.7629,33.6124],[132.7634,33.6116],[132.7638,33.6108],[132.7639,33.6104],[132.7642,33.6102],[132.7646,33.6095],[132.7651,33.6091],[132.7656,33.6084],[132.766,33.608],[132.7662,33.6076],[132.7663,33.6072],[132.7669,33.6072],[132.768,33.6073],[132.769,33.6074],[132.7699,33.6075],[132.7702,33.6077],[132.7704,33.6078],[132.7705,33.6081],[132.7707,33.6084],[132.7712,33.6089],[132.7723,33.6096],[132.7724,33.6098],[132.7728,33.6108],[132.773,33.611],[132.7734,33.6111],[132.7743,33.6112],[132.7746,33.6112],[132.7749,33.6115],[132.7758,33.6119],[132.7763,33.6121],[132.7768,33.6124],[132.7776,33.6123],[132.7779,33.6123],[132.7784,33.6125],[132.7788,33.6127],[132.779,33.613],[132.7792,33.6135],[132.7794,33.6137],[132.7797,33.6139],[132.7803,33.6143],[132.7805,33.6145],[132.7809,33.615],[132.7811,33.6155],[132.7816,33.6166],[132.7829,33.6166],[132.7836,33.6171],[132.7843,33.6173],[132.7845,33.6173],[132.7851,33.6178],[132.7857,33.6185],[132.7858,33.6188],[132.7855,33.6195],[132.7856,33.6199],[132.7855,33.62],[132.7851,33.6207],[132.7851,33.6209],[132.7852,33.621],[132.7852,33.6212],[132.7851,33.6215],[132.785,33.6219],[132.7848,33.6224],[132.7848,33.6229],[132.785,33.6234],[132.785,33.6238],[132.7849,33.6243],[132.785,33.6244],[132.7854,33.6244],[132.7859,33.6242],[132.7861,33.6239],[132.7865,33.6235],[132.787,33.623],[132.7874,33.6223],[132.7877,33.6219],[132.7881,33.6216],[132.7884,33.6213],[132.7887,33.6208],[132.7892,33.6204],[132.7894,33.6203],[132.7903,33.6201],[132.7909,33.6201],[132.7913,33.62],[132.7917,33.6198],[132.793,33.6205],[132.7934,33.6205],[132.794,33.6202],[132.7946,33.6198],[132.7949,33.6196],[132.7954,33.6191],[132.796,33.619],[132.7964,33.6187],[132.7973,33.6191],[132.7975,33.6193],[132.7978,33.6196],[132.798,33.6198],[132.7983,33.62],[132.7984,33.6199],[132.7988,33.62],[132.7992,33.6197],[132.7995,33.6197],[132.7996,33.62],[132.7999,33.6206],[132.8,33.6207],[132.8005,33.6209],[132.8008,33.6208],[132.8013,33.6207],[132.8016,33.6206],[132.8027,33.6209],[132.8031,33.6211],[132.8034,33.6216],[132.8036,33.622],[132.804,33.6226],[132.8041,33.623],[132.8043,33.6233],[132.8048,33.6243],[132.8051,33.6245],[132.8058,33.6247],[132.8061,33.6241],[132.8093,33.6247],[132.8095,33.6245],[132.8098,33.6245],[132.8104,33.6243],[132.8108,33.6241],[132.8111,33.6241],[132.8116,33.6241],[132.8126,33.624],[132.8136,33.6238],[132.8138,33.6238],[132.8139,33.6239],[132.8141,33.6244],[132.8144,33.6246],[132.8143,33.6249],[132.8141,33.6254],[132.8133,33.6257],[132.8134,33.6265],[132.8135,33.6269],[132.8133,33.6273],[132.8132,33.6275],[132.8128,33.6277],[132.8128,33.6282],[132.8128,33.6284],[132.8131,33.6285],[132.8137,33.6286],[132.814,33.6286],[132.8142,33.6285],[132.8146,33.6285],[132.8149,33.6287],[132.8155,33.6289],[132.8163,33.6289],[132.8168,33.629],[132.8171,33.6295],[132.8173,33.6296],[132.8179,33.6295],[132.8183,33.6293],[132.8186,33.6292],[132.8189,33.6292],[132.8193,33.6292],[132.8198,33.629],[132.82,33.629],[132.8206,33.6291],[132.8214,33.6294],[132.8218,33.6295],[132.8226,33.6293],[132.823,33.6294],[132.8238,33.6296],[132.8242,33.6296],[132.8246,33.6296],[132.8248,33.6303],[132.825,33.6304],[132.8256,33.6306],[132.8265,33.631],[132.8267,33.6311],[132.827,33.6312],[132.8272,33.6312],[132.8276,33.6311],[132.828,33.6313],[132.8283,33.6314],[132.829,33.6318],[132.8294,33.6321],[132.8298,33.6322],[132.8302,33.6325],[132.831,33.633],[132.8313,33.6332],[132.8318,33.6334],[132.8324,33.6338],[132.8328,33.6339],[132.8334,33.6343],[132.8338,33.6344],[132.8342,33.6347],[132.8346,33.6348],[132.8353,33.635],[132.8357,33.6352],[132.836,33.6355],[132.8363,33.6358],[132.8366,33.6361],[132.837,33.637],[132.8372,33.6372],[132.8376,33.6376],[132.8379,33.6378],[132.838,33.6381],[132.838,33.6385],[132.8377,33.6388],[132.8375,33.6393],[132.8375,33.6399],[132.8374,33.6403],[132.8372,33.6406],[132.8369,33.6407],[132.8362,33.6412],[132.8359,33.6413],[132.8355,33.6411],[132.835,33.6411],[132.8343,33.6413],[132.834,33.6413],[132.8338,33.6413],[132.8333,33.641],[132.8331,33.6411],[132.8328,33.6412],[132.8324,33.6413],[132.8321,33.6413],[132.8315,33.6413],[132.8313,33.6413],[132.831,33.6414],[132.8312,33.642],[132.8314,33.6423],[132.8316,33.6426],[132.8317,33.6429],[132.8315,33.6432],[132.8316,33.6437],[132.8316,33.6442],[132.8316,33.6445],[132.8308,33.645],[132.8308,33.6451],[132.8313,33.6458],[132.8317,33.6466],[132.8319,33.6471],[132.8323,33.6479],[132.8324,33.648],[132.8327,33.6482],[132.8334,33.6484],[132.8337,33.6485],[132.8341,33.6488],[132.8346,33.6496],[132.8347,33.6497],[132.8346,33.65],[132.8343,33.6505],[132.8344,33.6506],[132.8348,33.6507],[132.835,33.6508],[132.8353,33.651],[132.8355,33.6514],[132.8356,33.6516],[132.8356,33.652],[132.8356,33.6531],[132.8356,33.6535],[132.8354,33.6538],[132.8351,33.6541],[132.8345,33.6545],[132.8342,33.6547],[132.834,33.6549],[132.8338,33.6552],[132.833,33.6553],[132.8327,33.6554],[132.832,33.6556],[132.8319,33.6563],[132.8318,33.6567],[132.8316,33.6573],[132.8316,33.6576],[132.8318,33.6579],[132.832,33.6582],[132.8321,33.6584],[132.8321,33.6591],[132.8321,33.6593],[132.8324,33.6597],[132.8324,33.6601],[132.8325,33.6608],[132.8328,33.6614],[132.8327,33.6617],[132.8327,33.662],[132.8329,33.6628],[132.833,33.6631],[132.8331,33.6632],[132.8335,33.6634],[132.8339,33.6636],[132.8341,33.664],[132.8343,33.6648],[132.8345,33.6651],[132.8348,33.6654],[132.8353,33.6654],[132.8358,33.6656],[132.8358,33.6657],[132.8358,33.6662],[132.8356,33.6665],[132.8355,33.6668],[132.8354,33.6669],[132.8348,33.6674],[132.8345,33.6677],[132.8339,33.6681],[132.8335,33.6686],[132.8334,33.6689],[132.8332,33.6694],[132.8325,33.6696],[132.8321,33.6698],[132.8317,33.6702],[132.8314,33.6705],[132.8304,33.6702],[132.8301,33.67],[132.8298,33.6695],[132.8295,33.6693],[132.8291,33.6692],[132.8289,33.6692],[132.8286,33.6693],[132.8283,33.6695],[132.828,33.6698],[132.8279,33.67],[132.8276,33.6702],[132.8272,33.6705],[132.827,33.6707],[132.8268,33.6709],[132.826,33.6709],[132.8252,33.671],[132.825,33.6711],[132.825,33.6714],[132.8254,33.6718],[132.8254,33.6721],[132.8254,33.6723],[132.8252,33.6725],[132.8249,33.6726],[132.8248,33.6728],[132.8248,33.6733],[132.8248,33.6735],[132.8246,33.6737],[132.8239,33.6741],[132.8238,33.6742],[132.8236,33.6745],[132.8233,33.675],[132.823,33.6751],[132.8226,33.6756],[132.8222,33.6759],[132.8219,33.6763],[132.8217,33.6766],[132.8216,33.6769],[132.8217,33.6771],[132.8217,33.6778],[132.8216,33.6783],[132.8216,33.6785],[132.8218,33.6791],[132.8218,33.6794],[132.8218,33.6797],[132.8217,33.6801],[132.8218,33.6805],[132.8221,33.6806],[132.8227,33.6807],[132.8228,33.6808],[132.8232,33.6814],[132.8235,33.6818],[132.8238,33.682],[132.8241,33.6822],[132.8243,33.6823],[132.8246,33.6823],[132.8251,33.6821],[132.8256,33.6822],[132.8258,33.6823],[132.8259,33.6826],[132.8259,33.6829],[132.8262,33.6832],[132.8263,33.6835],[132.8265,33.6836],[132.8266,33.6837],[132.8274,33.6834],[132.8276,33.6833],[132.8281,33.6836],[132.8288,33.6841],[132.8291,33.6842],[132.8295,33.6844],[132.8297,33.6846],[132.8304,33.6849],[132.8308,33.685],[132.8311,33.685],[132.8314,33.685],[132.8315,33.6852],[132.8315,33.6854],[132.8314,33.6858],[132.8316,33.6864],[132.8318,33.6871],[132.8319,33.6874],[132.8314,33.6876],[132.8307,33.688],[132.8306,33.6883],[132.8299,33.6895],[132.8295,33.6899],[132.8293,33.6902],[132.8291,33.6907],[132.829,33.6908],[132.8285,33.6911],[132.828,33.6915],[132.8277,33.6923],[132.8274,33.6927],[132.8267,33.6934],[132.8265,33.6935],[132.8257,33.6936],[132.8255,33.6936],[132.825,33.6938],[132.8244,33.694],[132.8241,33.6942],[132.8239,33.6947],[132.824,33.6958],[132.824,33.6961],[132.8241,33.6968],[132.8243,33.6975],[132.8246,33.698],[132.8247,33.6983],[132.8246,33.6985],[132.8244,33.6992],[132.8242,33.6995],[132.8239,33.6998],[132.8236,33.7006],[132.8235,33.7011],[132.8235,33.7017],[132.8236,33.7022],[132.8237,33.703],[132.8236,33.7034],[132.8234,33.7037],[132.8239,33.7037],[132.8245,33.7036],[132.8245,33.7037],[132.8243,33.7039],[132.8243,33.704],[132.8246,33.7041],[132.8246,33.7042],[132.8241,33.7044],[132.8238,33.7044],[132.824,33.7048],[132.8237,33.7049],[132.8235,33.7052],[132.8232,33.7057],[132.8229,33.706],[132.8225,33.7064],[132.8222,33.7067],[132.8222,33.7071],[132.822,33.7073],[132.8216,33.7076],[132.8214,33.7078],[132.8213,33.7085],[132.8213,33.709],[132.8213,33.7094],[132.8216,33.7105],[132.822,33.7111],[132.8222,33.7118],[132.8223,33.7124],[132.8227,33.7128],[132.8232,33.713],[132.8235,33.7132],[132.8245,33.7134],[132.8249,33.7142],[132.8252,33.7148],[132.8256,33.7155],[132.8256,33.716],[132.8254,33.7166],[132.8252,33.717],[132.8249,33.7175],[132.8243,33.718],[132.8242,33.7182],[132.8242,33.7185],[132.8242,33.7189],[132.8241,33.7193],[132.824,33.7195],[132.8236,33.72],[132.8236,33.7202],[132.8235,33.7213],[132.8235,33.7218],[132.8234,33.7221],[132.8231,33.7224],[132.8223,33.7229],[132.822,33.723],[132.8216,33.7231],[132.8207,33.7232],[132.8203,33.7234],[132.8201,33.7237],[132.8197,33.7243],[132.8194,33.7245],[132.8189,33.7248],[132.8186,33.7249],[132.8183,33.7251],[132.8181,33.7258],[132.8181,33.7261],[132.818,33.7263],[132.8179,33.7269],[132.8183,33.727],[132.8184,33.7272],[132.8179,33.7277],[132.8178,33.7282],[132.8177,33.7287],[132.8177,33.729],[132.8178,33.7296],[132.8179,33.7299],[132.8181,33.7306],[132.818,33.7308],[132.8178,33.7311],[132.8176,33.7318],[132.8176,33.7321],[132.8174,33.7326],[132.8173,33.7327],[132.8167,33.7331],[132.8166,33.7333],[132.8159,33.7339],[132.8154,33.7342],[132.8146,33.7348],[132.8138,33.7351],[132.8136,33.7353],[132.8133,33.7356],[132.813,33.736],[132.8126,33.7364],[132.8122,33.7366],[132.812,33.7369],[132.812,33.7373],[132.8119,33.7379],[132.8116,33.7382],[132.8115,33.7384],[132.8111,33.7386],[132.811,33.7388],[132.8105,33.739],[132.8101,33.7391],[132.8098,33.7392],[132.8093,33.7391],[132.809,33.7391],[132.8092,33.7393],[132.8091,33.7397],[132.8085,33.7405],[132.8083,33.7409],[132.8077,33.7414],[132.8069,33.7416],[132.8068,33.7418],[132.8067,33.7421],[132.8068,33.7425],[132.807,33.7429],[132.8069,33.7436],[132.8069,33.7439],[132.8072,33.7443],[132.8073,33.7445],[132.8072,33.7449],[132.807,33.7456],[132.8065,33.7467],[132.8065,33.747],[132.8066,33.7474],[132.807,33.748],[132.8072,33.7487],[132.8071,33.749],[132.8071,33.7492],[132.807,33.7495],[132.8067,33.7501],[132.8065,33.7504],[132.806,33.751],[132.8057,33.7513],[132.8056,33.7517],[132.8055,33.7522],[132.8051,33.7529],[132.805,33.7533],[132.8047,33.7536],[132.8039,33.7541],[132.8037,33.7544],[132.8034,33.7545],[132.8029,33.7545],[132.8025,33.7545],[132.8015,33.7548],[132.8011,33.7548],[132.8004,33.7548],[132.8001,33.7549],[132.7988,33.7557],[132.7986,33.756],[132.7984,33.7568],[132.7979,33.7573],[132.7978,33.7575],[132.7978,33.758],[132.7978,33.7582],[132.7976,33.7584],[132.7971,33.7587],[132.797,33.7588],[132.797,33.759],[132.7971,33.7593],[132.7975,33.76],[132.7977,33.7602],[132.7977,33.7607],[132.7975,33.762],[132.7974,33.7624],[132.7968,33.7632],[132.7964,33.7637],[132.7963,33.7639],[132.7962,33.764],[132.7953,33.7644],[132.795,33.7645],[132.7946,33.7649],[132.7944,33.7652],[132.7944,33.7655],[132.7945,33.766],[132.7947,33.7663],[132.7949,33.7666],[132.7949,33.7668],[132.7947,33.767],[132.7943,33.7673],[132.7942,33.7674],[132.7942,33.7677],[132.7945,33.768],[132.7949,33.7683],[132.7958,33.7689],[132.7968,33.7696],[132.797,33.7697],[132.7973,33.7702],[132.7974,33.7708],[132.7972,33.7711],[132.7968,33.7717],[132.7968,33.7722],[132.7968,33.7729],[132.7968,33.7732],[132.7969,33.7738],[132.7969,33.7748],[132.7968,33.7752],[132.7969,33.7754],[132.7969,33.7761],[132.7968,33.7763],[132.7966,33.7764],[132.7964,33.7765],[132.7964,33.7767],[132.7965,33.7776],[132.7966,33.7782],[132.7967,33.7785],[132.797,33.7788],[132.7974,33.779],[132.7976,33.7795],[132.798,33.7794],[132.7985,33.7796],[132.7987,33.7795],[132.799,33.7798],[132.7995,33.7796],[132.7996,33.7803],[132.7997,33.7805],[132.8001,33.781],[132.8001,33.7814],[132.8002,33.7815],[132.8004,33.7817],[132.8006,33.7819],[132.8008,33.7821],[132.8012,33.7819],[132.8016,33.782],[132.8019,33.782],[132.8024,33.782],[132.8027,33.7821],[132.8029,33.782],[132.8034,33.7814],[132.8036,33.7813],[132.8039,33.7814],[132.8041,33.7813],[132.8049,33.7806],[132.8051,33.7805],[132.8054,33.7805],[132.8059,33.7802],[132.8061,33.7803],[132.8058,33.7806],[132.806,33.7807],[132.8057,33.7811],[132.8057,33.7812],[132.8059,33.7815],[132.8063,33.7816],[132.8068,33.7815],[132.8069,33.7815],[132.8069,33.7817],[132.8068,33.7819],[132.8064,33.7821],[132.8048,33.7823],[132.8042,33.7824],[132.8039,33.7823],[132.8036,33.7824],[132.8033,33.7825],[132.8029,33.7828],[132.8024,33.783],[132.8016,33.783],[132.8014,33.7831],[132.799,33.7845],[132.799,33.7847],[132.7991,33.786],[132.7958,33.7861],[132.7936,33.7863],[132.7921,33.7863],[132.791,33.7864],[132.7901,33.7865],[132.788,33.7869],[132.7873,33.7871],[132.7865,33.7874],[132.7859,33.7876],[132.7848,33.7883],[132.7834,33.7893],[132.7823,33.79],[132.7788,33.7918],[132.7767,33.7928],[132.7755,33.7934],[132.7742,33.7941],[132.7714,33.7954],[132.7707,33.7957],[132.7696,33.7941],[132.7694,33.7937],[132.77,33.7916],[132.7701,33.7914],[132.7707,33.791],[132.7708,33.7905]]]},"properties":{"N03_001":"愛媛県","N03_002":"","N03_003":"伊予郡","N03_004":"砥部町","N03_007":"38402"}},
{"type":"Feature","geometry":{"type":"Polygon","coordinates":[[[132.6031,33.623],[132.6033,33.6228],[132.6039,33.6226],[132.6046,33.6224],[132.6051,33.6219],[132.6052,33.6217],[132.6053,33.6212],[132.6054,33.6204],[132.6054,33.62],[132.6052,33.6193],[132.6053,33.6191],[132.6056,33.6187],[132.606,33.6184],[132.6064,33.6179],[132.6065,33.6177],[132.6067,33.6175],[132.6074,33.6173],[132.6078,33.6171],[132.608,33.6168],[132.6084,33.6167],[132.6088,33.6164],[132.6093,33.6163],[132.6095,33.6161],[132.6098,33.6158],[132.6105,33.6154],[132.6109,33.615],[132.6113,33.6147],[132.6118,33.6145],[132.6123,33.6141],[132.6127,33.6137],[132.6129,33.6136],[132.6136,33.6133],[132.6139,33.6131],[132.614,33.6128],[132.6139,33.6124],[132.6139,33.6117],[132.614,33.6114],[132.614,33.6103],[132.614,33.61],[132.6139,33.6097],[132.6137,33.6093],[132.6137,33.6091],[132.6138,33.6084],[132.6138,33.6079],[132.6139,33.6074],[132.614,33.607],[132.6144,33.6063],[132.6145,33.6059],[132.6146,33.6054],[132.6146,33.6049],[132.6146,33.6046],[132.6148,33.6044],[132.6155,33.6041],[132.6158,33.6039],[132.6159,33.6037],[132.6159,33.6033],[132.6162,33.6018],[132.6162,33.6016],[132.6161,33.6014],[132.6162,33.6008],[132.6161,33.6005],[132.6161,33.6003],[132.6163,33.5998],[132.6164,33.5995],[132.6165,33.5993],[132.6164,33.5988],[132.6161,33.5984],[132.6161,33.5982],[132.6161,33.598],[132.6164,33.5979],[132.6167,33.5978],[132.6172,33.5973],[132.6175,33.5972],[132.618,33.5972],[132.6186,33.5969],[132.6194,33.5964],[132.62,33.596],[132.6206,33.5958],[132.6208,33.5958],[132.6211,33.5955],[132.6215,33.5948],[132.6218,33.5945],[132.6223,33.5942],[132.6228,33.5942],[132.6232,33.5943],[132.6232,33.5939],[132.6234,33.5934],[132.6237,33.5929],[132.6239,33.5924],[132.6239,33.5922],[132.6236,33.5918],[132.6235,33.5916],[132.6235,33.5914],[132.6234,33.5905],[132.6233,33.5897],[132.6233,33.5895],[132.6234,33.5893],[132.6238,33.5889],[132.624,33.5887],[132.6242,33.5878],[132.6243,33.5875],[132.6245,33.587],[132.6247,33.5867],[132.6251,33.5859],[132.6254,33.5855],[132.6258,33.5853],[132.6265,33.585],[132.6269,33.5849],[132.6275,33.5847],[132.6283,33.5842],[132.6287,33.5841],[132.6292,33.5838],[132.6296,33.5836],[132.6297,33.5834],[132.6296,33.583],[132.6298,33.5825],[132.6299,33.5822],[132.63,33.582],[132.6306,33.5815],[132.6307,33.581],[132.6309,33.5806],[132.631,33.5802],[132.6314,33.5794],[132.6317,33.5788],[132.6318,33.5786],[132.6322,33.5785],[132.6323,33.5784],[132.6323,33.5779],[132.6322,33.5775],[132.632,33.577],[132.6319,33.5766],[132.6313,33.5759],[132.6307,33.5755],[132.6303,33.5749],[132.6302,33.5748],[132.6296,33.5747],[132.6291,33.5744],[132.6284,33.5738],[132.628,33.5735],[132.6277,33.5732],[132.627,33.5724],[132.6264,33.5722],[132.6258,33.572],[132.6255,33.5719],[132.6252,33.5718],[132.6243,33.5716],[132.6243,33.5714],[132.6245,33.5712],[132.6248,33.5709],[132.625,33.5704],[132.6251,33.5697],[132.6254,33.5693],[132.6256,33.569],[132.6257,33.5687],[132.6257,33.5683],[132.6255,33.5681],[132.6255,33.5677],[132.6255,33.5674],[132.6257,33.567],[132.6259,33.5668],[132.6267,33.5666],[132.627,33.5664],[132.6272,33.5661],[132.6274,33.566],[132.6277,33.5661],[132.6285,33.5664],[132.629,33.5668],[132.6293,33.5669],[132.6297,33.567],[132.6307,33.5671],[132.6311,33.5671],[132.6317,33.5672],[132.6321,33.5674],[132.6325,33.5674],[132.6327,33.5673],[132.6329,33.5671],[132.633,33.5667],[132.6332,33.5661],[132.6335,33.5656],[132.6337,33.5646],[132.6338,33.564],[132.6336,33.5636],[132.6337,33.5633],[132.634,33.563],[132.6341,33.5627],[132.634,33.5618],[132.634,33.5614],[132.6341,33.561],[132.6339,33.5606],[132.6339,33.5601],[132.634,33.5597],[132.634,33.5595],[132.6337,33.559],[132.6337,33.5589],[132.634,33.5585],[132.6341,33.5583],[132.6341,33.5578],[132.6341,33.5576],[132.6343,33.5571],[132.6344,33.5568],[132.6345,33.5564],[132.6347,33.556],[132.6352,33.5559],[132.6355,33.5558],[132.6357,33.5556],[132.6358,33.5553],[132.6361,33.5549],[132.6362,33.5546],[132.6362,33.5538],[132.6363,33.5536],[132.6366,33.5533],[132.6367,33.5532],[132.6374,33.5531],[132.6378,33.553],[132.6385,33.5529],[132.6389,33.5529],[132.6392,33.5528],[132.6394,33.5525],[132.6395,33.5523],[132.6397,33.5521],[132.6397,33.5518],[132.6396,33.5516],[132.6392,33.5514],[132.6389,33.5514],[132.6385,33.5513],[132.6387,33.5511],[132.639,33.5509],[132.6391,33.5508],[132.6393,33.5503],[132.6392,33.5498],[132.6393,33.5494],[132.6393,33.5492],[132.6392,33.5491],[132.6388,33.5491],[132.6385,33.5491],[132.6384,33.5488],[132.6384,33.5484],[132.6383,33.5481],[132.6383,33.5475],[132.6382,33.5472],[132.6382,33.5466],[132.6382,33.5464],[132.638,33.5462],[132.6377,33.546],[132.6375,33.5458],[132.637,33.5451],[132.6369,33.5445],[132.6369,33.5441],[132.6371,33.5439],[132.6375,33.5436],[132.638,33.5432],[132.6382,33.5427],[132.6382,33.5421],[132.6383,33.5416],[132.6382,33.5414],[132.6376,33.5406],[132.637,33.5397],[132.6368,33.5396],[132.6362,33.5394],[132.6359,33.5392],[132.6357,33.5389],[132.6351,33.5387],[132.6347,33.5384],[132.6343,33.5384],[132.634,33.5381],[132.6339,33.5382],[132.6335,33.5386],[132.6332,33.5387],[132.6331,33.5386],[132.6329,33.5381],[132.6327,33.5382],[132.6323,33.5381],[132.6319,33.5378],[132.6313,33.5381],[132.631,33.5381],[132.6307,33.5381],[132.6305,33.538],[132.6304,33.5377],[132.6305,33.5372],[132.6302,33.5368],[132.63,33.5363],[132.6298,33.5359],[132.6296,33.5356],[132.63,33.5351],[132.6306,33.5344],[132.6309,33.5338],[132.6314,33.5331],[132.6315,33.5329],[132.6315,33.5326],[132.6314,33.5321],[132.6311,33.5315],[132.6309,33.531],[132.6308,33.5306],[132.6307,33.5302],[132.6306,33.5299],[132.6307,33.5294],[132.6308,33.5289],[132.6309,33.5286],[132.6312,33.528],[132.6313,33.5277],[132.6314,33.5272],[132.6319,33.5262],[132.6319,33.5259],[132.6319,33.5254],[132.6318,33.5248],[132.6317,33.5242],[132.6317,33.5236],[132.6316,33.5232],[132.6314,33.5225],[132.6312,33.5218],[132.6312,33.5213],[132.6312,33.521],[132.6311,33.5207],[132.6307,33.5203],[132.6308,33.52],[132.6312,33.5195],[132.6313,33.5193],[132.6318,33.5188],[132.6321,33.5186],[132.6322,33.5184],[132.6323,33.5181],[132.6325,33.5178],[132.6327,33.5176],[132.633,33.5176],[132.6337,33.5174],[132.6339,33.5172],[132.634,33.5167],[132.6341,33.5166],[132.6348,33.5168],[132.6351,33.5166],[132.6355,33.5162],[132.6361,33.5159],[132.6366,33.5157],[132.6369,33.5156],[132.6373,33.5155],[132.6376,33.5156],[132.6382,33.5158],[132.6386,33.5158],[132.6392,33.5158],[132.6395,33.5157],[132.6399,33.5154],[132.6402,33.5153],[132.6409,33.5152],[132.6419,33.5147],[132.6422,33.5146],[132.6436,33.5144],[132.6438,33.5143],[132.6439,33.5138],[132.6442,33.5132],[132.6445,33.5128],[132.6447,33.5123],[132.6449,33.5119],[132.6451,33.5113],[132.6456,33.5101],[132.6455,33.51],[132.6453,33.5096],[132.6451,33.5094],[132.6446,33.5086],[132.6442,33.5082],[132.6437,33.5077],[132.6431,33.507],[132.643,33.5066],[132.6429,33.5061],[132.6429,33.5053],[132.6429,33.5049],[132.6429,33.5044],[132.6431,33.5042],[132.6434,33.5038],[132.6438,33.5035],[132.6439,33.5033],[132.6447,33.5025],[132.6455,33.5023],[132.646,33.502],[132.6464,33.502],[132.6475,33.5021],[132.6478,33.5021],[132.6481,33.5023],[132.6485,33.5025],[132.6488,33.5027],[132.6492,33.503],[132.6496,33.5032],[132.65,33.5033],[132.6501,33.5034],[132.6509,33.5036],[132.6514,33.5038],[132.6522,33.5041],[132.6532,33.5044],[132.6535,33.5045],[132.654,33.5049],[132.6552,33.5055],[132.6553,33.5056],[132.6557,33.5056],[132.6563,33.5057],[132.6567,33.5058],[132.6572,33.5058],[132.6578,33.5057],[132.6581,33.5056],[132.6586,33.5053],[132.659,33.505],[132.6595,33.5048],[132.6601,33.5044],[132.6605,33.504],[132.6608,33.5037],[132.661,33.5035],[132.6611,33.5034],[132.6615,33.503],[132.6616,33.5028],[132.6619,33.5025],[132.6621,33.5022],[132.6622,33.5015],[132.6624,33.501],[132.6624,33.5007],[132.6627,33.5005],[132.6631,33.5003],[132.6642,33.4998],[132.6644,33.4995],[132.6645,33.4993],[132.6645,33.4988],[132.6646,33.4978],[132.6648,33.4975],[132.6649,33.4974],[132.6654,33.4972],[132.6658,33.497],[132.6659,33.4969],[132.666,33.4965],[132.666,33.4963],[132.666,33.496],[132.6659,33.4959],[132.6656,33.4956],[132.6655,33.4954],[132.6654,33.4948],[132.6655,33.4942],[132.6656,33.4939],[132.6658,33.4936],[132.6659,33.4934],[132.6659,33.4929],[132.6658,33.4926],[132.6655,33.4923],[132.6652,33.4922],[132.6646,33.4918],[132.6642,33.4916],[132.6645,33.4914],[132.6651,33.4911],[132.6658,33.4909],[132.6662,33.4908],[132.6666,33.4907],[132.6675,33.4909],[132.6681,33.4911],[132.6685,33.4913],[132.6688,33.4915],[132.6693,33.492],[132.6701,33.4931],[132.6704,33.4935],[132.6705,33.4943],[132.6708,33.4947],[132.6711,33.4951],[132.6713,33.4956],[132.6715,33.4964],[132.6718,33.4966],[132.6722,33.4968],[132.6726,33.497],[132.673,33.4972],[132.6735,33.4979],[132.6737,33.4981],[132.674,33.4983],[132.6743,33.4984],[132.6746,33.4984],[132.675,33.4984],[132.6754,33.4983],[132.6759,33.498],[132.6762,33.4978],[132.6766,33.4976],[132.6769,33.4978],[132.677,33.498],[132.677,33.4987],[132.6773,33.4994],[132.6773,33.5],[132.6775,33.5008],[132.6778,33.5009],[132.6781,33.5008],[132.6787,33.5008],[132.6791,33.5009],[132.6796,33.501],[132.6802,33.5013],[132.6805,33.5014],[132.6808,33.5014],[132.6814,33.5012],[132.6816,33.5015],[132.6817,33.5019],[132.6817,33.5021],[132.6819,33.5021],[132.6825,33.502],[132.6829,33.502],[132.6831,33.5024],[132.6832,33.5024],[132.6834,33.5024],[132.6838,33.5023],[132.6841,33.5023],[132.6842,33.5024],[132.6845,33.5028],[132.6845,33.5031],[132.6843,33.5035],[132.6844,33.5038],[132.6845,33.5039],[132.685,33.5038],[132.6862,33.5037],[132.6865,33.5037],[132.6868,33.5039],[132.687,33.5042],[132.687,33.5046],[132.6869,33.505],[132.6867,33.5056],[132.6867,33.5067],[132.6868,33.507],[132.687,33.5074],[132.6874,33.5075],[132.6879,33.5076],[132.6885,33.5076],[132.6895,33.5078],[132.69,33.5078],[132.6904,33.5076],[132.6907,33.5078],[132.691,33.5082],[132.6911,33.5083],[132.6915,33.5083],[132.6919,33.5085],[132.692,33.5085],[132.6924,33.5083],[132.6926,33.5082],[132.6929,33.5082],[132.6934,33.5083],[132.694,33.5082],[132.6946,33.5081],[132.695,33.5082],[132.6958,33.5084],[132.6963,33.5088],[132.6967,33.5089],[132.697,33.5089],[132.6975,33.5091],[132.6977,33.5092],[132.6977,33.5094],[132.6979,33.5095],[132.6991,33.5094],[132.6994,33.5094],[132.6996,33.5093],[132.7004,33.5091],[132.7008,33.5091],[132.7014,33.5091],[132.7017,33.5092],[132.7023,33.5093],[132.7026,33.5095],[132.7033,33.5098],[132.7036,33.51],[132.704,33.5101],[132.7042,33.51],[132.7044,33.5099],[132.705,33.5097],[132.7055,33.5096],[132.706,33.5093],[132.7065,33.5091],[132.7069,33.509],[132.7071,33.5088],[132.7072,33.5087],[132.7077,33.5088],[132.7081,33.5089],[132.7085,33.5089],[132.7092,33.5091],[132.7095,33.5092],[132.7099,33.5094],[132.71,33.5095],[132.7104,33.5094],[132.7109,33.5091],[132.7111,33.5094],[132.7113,33.5096],[132.7113,33.5098],[132.7115,33.51],[132.7117,33.5101],[132.7123,33.5102],[132.7128,33.5102],[132.7129,33.5101],[132.7136,33.5098],[132.7139,33.5097],[132.7142,33.5098],[132.7144,33.51],[132.7144,33.5104],[132.7144,33.5106],[132.7146,33.5107],[132.7151,33.5108],[132.7156,33.511],[132.7159,33.5113],[132.7163,33.5114],[132.7166,33.5116],[132.7169,33.5118],[132.7173,33.5119],[132.7177,33.5121],[132.7183,33.5123],[132.7187,33.5124],[132.7191,33.5125],[132.7198,33.5123],[132.72,33.5124],[132.7204,33.5126],[132.7206,33.5127],[132.7208,33.513],[132.7211,33.5134],[132.7212,33.5137],[132.7214,33.5141],[132.7222,33.5149],[132.7224,33.5153],[132.7225,33.5155],[132.7225,33.516],[132.7225,33.5162],[132.7229,33.5165],[132.7226,33.5172],[132.7227,33.5174],[132.7237,33.518],[132.7244,33.5174],[132.7254,33.5173],[132.7258,33.5172],[132.7259,33.5172],[132.7263,33.5175],[132.7265,33.518],[132.7266,33.5183],[132.7268,33.5185],[132.7273,33.5188],[132.7275,33.5191],[132.7281,33.5194],[132.7281,33.5197],[132.7282,33.52],[132.7284,33.5204],[132.7289,33.5207],[132.7292,33.5208],[132.7296,33.5209],[132.73,33.521],[132.7302,33.521],[132.7307,33.5209],[132.7309,33.5209],[132.7315,33.5209],[132.7324,33.5207],[132.7329,33.5207],[132.7338,33.521],[132.7342,33.5212],[132.7345,33.5212],[132.7349,33.5211],[132.7352,33.5209],[132.7354,33.5209],[132.7361,33.5208],[132.7366,33.5209],[132.7372,33.5213],[132.7377,33.5218],[132.7378,33.5219],[132.7377,33.5224],[132.738,33.5225],[132.7385,33.5229],[132.7385,33.5232],[132.7376,33.5244],[132.7376,33.5248],[132.7378,33.5251],[132.7385,33.5249],[132.7386,33.525],[132.7391,33.5256],[132.7392,33.5257],[132.7397,33.5256],[132.7398,33.5258],[132.7404,33.5258],[132.7404,33.5259],[132.7408,33.5259],[132.7408,33.5264],[132.7407,33.5266],[132.7402,33.5275],[132.7401,33.5278],[132.7401,33.5282],[132.7399,33.5285],[132.7398,33.5288],[132.7398,33.5292],[132.7399,33.5295],[132.74,33.5297],[132.7407,33.5301],[132.7411,33.5303],[132.7413,33.5304],[132.7418,33.5305],[132.7424,33.5305],[132.7426,33.5308],[132.7435,33.5304],[132.7437,33.5302],[132.7442,33.53],[132.7447,33.5298],[132.7451,33.5299],[132.7454,33.5301],[132.7458,33.5302],[132.7466,33.5299],[132.7468,33.5298],[132.747,33.5295],[132.7475,33.5292],[132.7483,33.5285],[132.7488,33.528],[132.7491,33.5276],[132.7494,33.5275],[132.7497,33.5275],[132.7502,33.5277],[132.7513,33.5281],[132.7515,33.5282],[132.7517,33.5283],[132.7522,33.5282],[132.7525,33.5283],[132.7533,33.5289],[132.7537,33.5292],[132.7542,33.5298],[132.7548,33.5307],[132.7553,33.5312],[132.7556,33.5315],[132.7558,33.532],[132.756,33.5324],[132.7566,33.5324],[132.757,33.5324],[132.758,33.5326],[132.7585,33.5326],[132.7593,33.5326],[132.7608,33.5323],[132.7611,33.5324],[132.7617,33.5325],[132.7624,33.5327],[132.7631,33.5333],[132.7636,33.5336],[132.7639,33.5338],[132.7641,33.534],[132.7646,33.5349],[132.765,33.5354],[132.7651,33.5356],[132.7654,33.537],[132.7656,33.5374],[132.7659,33.5378],[132.7662,33.5382],[132.7664,33.5386],[132.7665,33.5392],[132.7665,33.5396],[132.7668,33.5397],[132.7677,33.5398],[132.7681,33.54],[132.7685,33.5401],[132.7689,33.5405],[132.7691,33.5406],[132.7694,33.5406],[132.7697,33.5406],[132.7701,33.5404],[132.7708,33.5403],[132.7718,33.54],[132.7722,33.5399],[132.7733,33.5398],[132.7735,33.5398],[132.7752,33.5404],[132.7757,33.5404],[132.7762,33.5403],[132.7766,33.5401],[132.7768,33.5399],[132.7774,33.5392],[132.7777,33.5388],[132.7779,33.5385],[132.7781,33.5384],[132.7787,33.5384],[132.7791,33.5383],[132.7795,33.5381],[132.7796,33.538],[132.7797,33.5373],[132.7798,33.5364],[132.7799,33.5361],[132.7805,33.5353],[132.7806,33.535],[132.7807,33.5347],[132.7813,33.5339],[132.7823,33.5324],[132.783,33.5315],[132.7836,33.5306],[132.784,33.5299],[132.7843,33.5299],[132.7859,33.5305],[132.786,33.5305],[132.7862,33.53],[132.7864,33.5299],[132.7867,33.5296],[132.787,33.5295],[132.788,33.5293],[132.79,33.5288],[132.7903,33.5288],[132.7905,33.5289],[132.7911,33.5304],[132.7913,33.5308],[132.7918,33.5316],[132.792,33.5318],[132.7925,33.532],[132.7938,33.5325],[132.7945,33.5326],[132.795,33.5328],[132.796,33.5332],[132.7967,33.5335],[132.7976,33.5341],[132.7987,33.5348],[132.7997,33.5355],[132.8004,33.5361],[132.8009,33.5364],[132.8011,33.5367],[132.8012,33.5369],[132.8013,33.5387],[132.8013,33.5402],[132.8013,33.541],[132.8011,33.5414],[132.8011,33.5416],[132.8013,33.5419],[132.8019,33.5426],[132.8023,33.5431],[132.8026,33.5432],[132.8028,33.5432],[132.8032,33.5431],[132.8036,33.5432],[132.8042,33.5435],[132.8045,33.5437],[132.8049,33.5435],[132.8052,33.5433],[132.8059,33.5432],[132.8065,33.5431],[132.8071,33.5429],[132.8073,33.543],[132.8084,33.5437],[132.8091,33.5441],[132.8094,33.5443],[132.8096,33.5444],[132.8104,33.5442],[132.8107,33.5443],[132.8114,33.5444],[132.8121,33.5447],[132.8127,33.5449],[132.8131,33.545],[132.8137,33.545],[132.8143,33.5451],[132.815,33.5452],[132.8153,33.5452],[132.8156,33.5454],[132.8166,33.5462],[132.8169,33.5465],[132.817,33.5468],[132.817,33.5472],[132.8171,33.5476],[132.8169,33.5487],[132.817,33.549],[132.8171,33.5491],[132.818,33.5492],[132.8186,33.5494],[132.8193,33.5495],[132.8198,33.5496],[132.8201,33.5495],[132.8201,33.5493],[132.8202,33.5483],[132.8202,33.5481],[132.8203,33.548],[132.8209,33.5476],[132.8212,33.5473],[132.8213,33.5471],[132.8216,33.5469],[132.8221,33.5467],[132.8234,33.5461],[132.8238,33.5459],[132.8238,33.5457],[132.8238,33.5454],[132.8243,33.545],[132.8248,33.5447],[132.8251,33.5444],[132.8252,33.5439],[132.8258,33.5433],[132.8259,33.543],[132.8265,33.5425],[132.8268,33.5423],[132.8269,33.5422],[132.827,33.5419],[132.8272,33.5416],[132.8274,33.5412],[132.8275,33.5409],[132.8275,33.5406],[132.8274,33.5405],[132.8272,33.5403],[132.8267,33.5398],[132.8262,33.5395],[132.8255,33.5391],[132.8253,33.5389],[132.8251,33.5385],[132.8251,33.5382],[132.8252,33.538],[132.8254,33.5375],[132.8257,33.5374],[132.8264,33.5374],[132.827,33.5371],[132.8276,33.5369],[132.828,33.5367],[132.8282,33.5365],[132.8284,33.5364],[132.829,33.5364],[132.8298,33.5364],[132.8299,33.5358],[132.83,33.5355],[132.8303,33.5354],[132.8312,33.5351],[132.8316,33.5348],[132.832,33.5343],[132.8324,33.5337],[132.8328,33.5328],[132.833,33.5326],[132.8333,33.5324],[132.8338,33.532],[132.8342,33.5312],[132.8346,33.53],[132.8346,33.5295],[132.8347,33.5293],[132.8351,33.5288],[132.8356,33.5283],[132.8359,33.5279],[132.8361,33.5274],[132.8362,33.527],[132.8363,33.5265],[132.8365,33.5261],[132.8369,33.5256],[132.8372,33.5251],[132.8375,33.5246],[132.838,33.5237],[132.8382,33.5232],[132.8384,33.523],[132.8386,33.5228],[132.8389,33.5227],[132.8391,33.5225],[132.8394,33.5223],[132.8395,33.5219],[132.8406,33.522],[132.841,33.522],[132.8417,33.522],[132.8418,33.522],[132.8428,33.522],[132.8431,33.5219],[132.8432,33.5218],[132.8433,33.5215],[132.8434,33.5212],[132.8436,33.5209],[132.8439,33.5206],[132.8444,33.5203],[132.8447,33.5202],[132.8448,33.52],[132.8448,33.5197],[132.8448,33.5193],[132.8448,33.5189],[132.8448,33.5185],[132.845,33.5178],[132.8452,33.5176],[132.8454,33.5175],[132.8459,33.5173],[132.8461,33.5171],[132.8461,33.5169],[132.8462,33.5167],[132.8464,33.516],[132.8466,33.5151],[132.8467,33.5146],[132.8467,33.5142],[132.8468,33.514],[132.8467,33.5137],[132.8467,33.5132],[132.8467,33.513],[132.8466,33.5127],[132.8464,33.5122],[132.8464,33.512],[132.8465,33.5119],[132.8469,33.5115],[132.8471,33.5114],[132.8474,33.5113],[132.8482,33.5111],[132.8487,33.5109],[132.8492,33.5106],[132.8494,33.5104],[132.8496,33.5103],[132.8499,33.5101],[132.85,33.51],[132.8502,33.5099],[132.8504,33.5098],[132.8505,33.5098],[132.8509,33.5098],[132.8514,33.5098],[132.8517,33.5098],[132.8519,33.5098],[132.8524,33.5096],[132.8526,33.5095],[132.8528,33.5094],[132.8532,33.5095],[132.8536,33.5095],[132.854,33.5095],[132.8549,33.5092],[132.8554,33.5091],[132.8561,33.5088],[132.8566,33.5085],[132.8568,33.5083],[132.857,33.5081],[132.8572,33.5079],[132.8573,33.5078],[132.8578,33.5075],[132.8582,33.5074],[132.8583,33.5073],[132.8586,33.5072],[132.8591,33.5069],[132.8594,33.5067],[132.8594,33.5066],[132.8599,33.5062],[132.86,33.5062],[132.861,33.5057],[132.8618,33.5052],[132.8625,33.505],[132.8634,33.5046],[132.8638,33.5045],[132.8643,33.5044],[132.8649,33.5044],[132.8652,33.5044],[132.8654,33.5044],[132.8655,33.5043],[132.8658,33.5042],[132.8659,33.5039],[132.8658,33.5037],[132.8658,33.5035],[132.8656,33.5034],[132.8655,33.5032],[132.8654,33.503],[132.8654,33.5028],[132.8654,33.5027],[132.8654,33.5024],[132.8654,33.5022],[132.8653,33.502],[132.865,33.5016],[132.865,33.5014],[132.865,33.5013],[132.8651,33.5011],[132.8653,33.5009],[132.8654,33.5008],[132.8655,33.5007],[132.8657,33.5005],[132.8658,33.5005],[132.8661,33.5004],[132.8663,33.5004],[132.8664,33.5003],[132.8667,33.5003],[132.8672,33.5002],[132.8672,33.5001],[132.8675,33.5001],[132.8679,33.5001],[132.8684,33.5001],[132.8686,33.5001],[132.8691,33.5001],[132.8695,33.5001],[132.8697,33.5],[132.8698,33.5],[132.8702,33.4999],[132.8706,33.4998],[132.871,33.4996],[132.8715,33.4994],[132.8718,33.4993],[132.8721,33.4991],[132.8725,33.4987],[132.8729,33.4984],[132.8731,33.4982],[132.8733,33.4981],[132.8735,33.4979],[132.8736,33.4978],[132.8737,33.4978],[132.8738,33.4978],[132.8738,33.4979],[132.8738,33.498],[132.8738,33.4982],[132.8739,33.4983],[132.874,33.4984],[132.8741,33.4985],[132.8742,33.4987],[132.8743,33.4988],[132.8745,33.4989],[132.8747,33.4991],[132.875,33.4992],[132.8752,33.4992],[132.8755,33.4993],[132.8758,33.4993],[132.8762,33.4995],[132.8766,33.4995],[132.8769,33.4995],[132.8771,33.4995],[132.8773,33.4995],[132.8779,33.4995],[132.8783,33.4995],[132.8785,33.4994],[132.8787,33.4994],[132.8788,33.4995],[132.8789,33.4995],[132.8792,33.4998],[132.8793,33.4999],[132.8795,33.4999],[132.8796,33.4999],[132.8798,33.4999],[132.8801,33.4998],[132.8804,33.4997],[132.8806,33.4996],[132.8808,33.4996],[132.8811,33.4995],[132.8813,33.4995],[132.8815,33.4994],[132.8816,33.4994],[132.8818,33.4993],[132.8819,33.4991],[132.8823,33.4988],[132.8825,33.4987],[132.8827,33.4985],[132.8829,33.4982],[132.8831,33.4981],[132.8832,33.498],[132.8833,33.498],[132.8834,33.4979],[132.8836,33.4979],[132.884,33.4979],[132.8842,33.4979],[132.885,33.4979],[132.8852,33.4979],[132.8853,33.4978],[132.8854,33.4977],[132.8856,33.4977],[132.8858,33.4977],[132.886,33.4976],[132.8862,33.4976],[132.8865,33.4976],[132.8867,33.4976],[132.887,33.4977],[132.8871,33.4977],[132.8872,33.4977],[132.8875,33.4978],[132.8877,33.4979],[132.8882,33.4981],[132.8886,33.498],[132.889,33.498],[132.8891,33.498],[132.8893,33.498],[132.8895,33.4981],[132.8896,33.4982],[132.8899,33.4983],[132.8901,33.4983],[132.8903,33.4983],[132.8906,33.4984],[132.8908,33.4984],[132.891,33.4984],[132.8912,33.4984],[132.8914,33.4984],[132.8915,33.4984],[132.8916,33.4983],[132.8917,33.4982],[132.8917,33.4981],[132.8918,33.498],[132.8919,33.4979],[132.892,33.4979],[132.8922,33.4979],[132.8924,33.4979],[132.8927,33.498],[132.893,33.4981],[132.8932,33.4982],[132.8935,33.4983],[132.8938,33.4983],[132.894,33.4984],[132.8941,33.4984],[132.8943,33.4984],[132.8945,33.4983],[132.8947,33.4982],[132.8949,33.4982],[132.8951,33.4981],[132.8953,33.498],[132.8955,33.4979],[132.8956,33.4979],[132.8958,33.4979],[132.8959,33.4978],[132.896,33.4978],[132.896,33.4981],[132.8961,33.4983],[132.8965,33.4985],[132.8969,33.4989],[132.8972,33.4994],[132.8973,33.4996],[132.8975,33.5003],[132.8976,33.5008],[132.8977,33.5012],[132.8976,33.5013],[132.8976,33.5017],[132.8977,33.5019],[132.8982,33.5022],[132.8988,33.5024],[132.8995,33.5028],[132.8997,33.5029],[132.9003,33.5036],[132.9003,33.5038],[132.9003,33.5041],[132.9,33.5054],[132.8999,33.506],[132.9002,33.5064],[132.9003,33.5068],[132.9001,33.5078],[132.9001,33.5081],[132.9004,33.5086],[132.9005,33.5088],[132.9005,33.5091],[132.9005,33.5095],[132.9004,33.5099],[132.9003,33.5117],[132.9003,33.512],[132.9003,33.5126],[132.9004,33.5129],[132.9004,33.5138],[132.9004,33.5139],[132.9005,33.5145],[132.9006,33.5146],[132.9013,33.515],[132.9015,33.5153],[132.9018,33.5154],[132.9024,33.5157],[132.9036,33.516],[132.9039,33.5162],[132.904,33.5164],[132.9041,33.5166],[132.9046,33.5167],[132.9048,33.5167],[132.9058,33.517],[132.9062,33.517],[132.907,33.5167],[132.9072,33.5167],[132.9076,33.5167],[132.9079,33.5167],[132.9088,33.5173],[132.9095,33.5176],[132.9098,33.5178],[132.9103,33.5186],[132.9106,33.5194],[132.9109,33.5197],[132.911,33.52],[132.9111,33.5204],[132.9111,33.5207],[132.9109,33.5211],[132.9108,33.5217],[132.9108,33.5219],[132.9108,33.5221],[132.9111,33.5224],[132.9115,33.5227],[132.9118,33.5228],[132.9123,33.5229],[132.9134,33.5232],[132.9138,33.5233],[132.914,33.5234],[132.9144,33.5238],[132.9147,33.5243],[132.9149,33.5246],[132.915,33.525],[132.9153,33.5255],[132.9156,33.5259],[132.9158,33.5263],[132.9159,33.5268],[132.9161,33.5271],[132.9161,33.5274],[132.916,33.5278],[132.9159,33.5281],[132.9157,33.5284],[132.9155,33.5285],[132.9153,33.5286],[132.9146,33.5296],[132.9142,33.53],[132.9141,33.5303],[132.9142,33.5304],[132.915,33.5304],[132.9157,33.5306],[132.9162,33.5307],[132.9164,33.5309],[132.9164,33.5311],[132.9164,33.5316],[132.9163,33.5317],[132.9163,33.532],[132.9165,33.5321],[132.917,33.5322],[132.9175,33.5323],[132.9181,33.5326],[132.9187,33.5326],[132.9191,33.5326],[132.9194,33.5326],[132.9199,33.5328],[132.9205,33.5331],[132.9211,33.5334],[132.9214,33.5336],[132.9214,33.5337],[132.9209,33.5346],[132.9207,33.5348],[132.9206,33.5354],[132.9205,33.5356],[132.9204,33.5359],[132.9203,33.5361],[132.92,33.5364],[132.9199,33.5369],[132.9198,33.5374],[132.9197,33.5377],[132.9197,33.5381],[132.9195,33.5383],[132.9191,33.5388],[132.9187,33.5391],[132.9185,33.5394],[132.9183,33.5398],[132.9181,33.5402],[132.9179,33.5405],[132.9176,33.5408],[132.9171,33.5415],[132.9171,33.5417],[132.9172,33.5418],[132.9179,33.5422],[132.918,33.5423],[132.9181,33.5428],[132.9183,33.5433],[132.9186,33.5437],[132.9187,33.544],[132.9188,33.5443],[132.9189,33.5447],[132.9192,33.5449],[132.9195,33.5454],[132.9201,33.5458],[132.9207,33.5464],[132.9208,33.5466],[132.9207,33.5473],[132.9208,33.5477],[132.9207,33.5483],[132.9207,33.5488],[132.9204,33.5492],[132.9204,33.5494],[132.9205,33.5498],[132.9206,33.55],[132.9204,33.5507],[132.9205,33.5513],[132.9208,33.5517],[132.9207,33.5524],[132.921,33.5527],[132.9214,33.5536],[132.9216,33.5541],[132.9216,33.5544],[132.9214,33.5548],[132.9214,33.555],[132.9216,33.5552],[132.9226,33.5555],[132.9229,33.5557],[132.9236,33.556],[132.9241,33.5562],[132.9245,33.5564],[132.9251,33.5569],[132.9253,33.5572],[132.9253,33.5573],[132.9252,33.5577],[132.9253,33.5579],[132.9254,33.5581],[132.926,33.5585],[132.926,33.5587],[132.9258,33.5592],[132.9258,33.5595],[132.9261,33.56],[132.9263,33.5603],[132.9263,33.5605],[132.9263,33.5606],[132.926,33.5609],[132.9255,33.5613],[132.9254,33.5615],[132.9252,33.5618],[132.925,33.5619],[132.9246,33.5622],[132.9243,33.5624],[132.9239,33.5629],[132.9231,33.5637],[132.9225,33.5641],[132.9225,33.5642],[132.9226,33.5646],[132.9218,33.5649],[132.921,33.5653],[132.9206,33.5655],[132.9204,33.5657],[132.9199,33.5659],[132.9195,33.5659],[132.9192,33.566],[132.9191,33.5661],[132.9184,33.5671],[132.9182,33.5673],[132.918,33.5674],[132.9171,33.5675],[132.9163,33.5675],[132.9159,33.5676],[132.9156,33.5677],[132.9153,33.568],[132.9152,33.5682],[132.9152,33.5686],[132.9152,33.5692],[132.9152,33.5696],[132.9152,33.5698],[132.9149,33.5702],[132.9148,33.5707],[132.9146,33.5709],[132.9142,33.5711],[132.914,33.5713],[132.9138,33.5716],[132.9136,33.5719],[132.9132,33.5723],[132.913,33.5729],[132.9127,33.5735],[132.9126,33.5737],[132.9125,33.574],[132.9124,33.5743],[132.9123,33.5745],[132.9119,33.5748],[132.9117,33.5749],[132.9114,33.5752],[132.9112,33.5755],[132.9112,33.5764],[132.9109,33.5763],[132.9107,33.5761],[132.9101,33.5754],[132.9098,33.5752],[132.9096,33.575],[132.9092,33.575],[132.9079,33.575],[132.9071,33.575],[132.9066,33.5751],[132.9061,33.5753],[132.9055,33.5756],[132.9053,33.5758],[132.9052,33.5761],[132.9051,33.5763],[132.9049,33.5766],[132.9045,33.577],[132.9044,33.5772],[132.9042,33.5776],[132.904,33.578],[132.9034,33.5786],[132.9031,33.5789],[132.9028,33.579],[132.9024,33.5791],[132.9017,33.579],[132.9014,33.5791],[132.9009,33.5792],[132.9004,33.5794],[132.8988,33.58],[132.8984,33.5802],[132.8982,33.5804],[132.8979,33.581],[132.8979,33.5811],[132.898,33.5813],[132.8984,33.5814],[132.8987,33.5816],[132.8989,33.5817],[132.8992,33.5816],[132.8995,33.5817],[132.8997,33.5818],[132.8998,33.582],[132.8997,33.5824],[132.8993,33.5828],[132.8992,33.5831],[132.8993,33.5834],[132.8994,33.5838],[132.8993,33.584],[132.8992,33.5844],[132.899,33.5847],[132.8982,33.5853],[132.8981,33.5855],[132.8978,33.5862],[132.8975,33.5867],[132.8974,33.5871],[132.8975,33.5878],[132.8975,33.588],[132.8969,33.5883],[132.8965,33.5884],[132.8962,33.5884],[132.8955,33.5879],[132.8951,33.5879],[132.8948,33.5879],[132.8938,33.5882],[132.893,33.5883],[132.8924,33.5885],[132.8921,33.5886],[132.892,33.5887],[132.8914,33.5893],[132.8912,33.5894],[132.8906,33.5896],[132.8899,33.5896],[132.8894,33.5897],[132.8873,33.5906],[132.8866,33.5908],[132.8861,33.5908],[132.8857,33.5908],[132.8854,33.5908],[132.8842,33.5904],[132.8839,33.5903],[132.8836,33.5903],[132.8833,33.5904],[132.8828,33.5911],[132.8824,33.5912],[132.8811,33.5913],[132.8802,33.5914],[132.88,33.5913],[132.8796,33.5912],[132.8793,33.5911],[132.8791,33.5911],[132.8788,33.5912],[132.8783,33.5911],[132.8773,33.5905],[132.8767,33.5904],[132.876,33.5903],[132.8753,33.5903],[132.8751,33.5904],[132.8747,33.5903],[132.8743,33.5901],[132.874,33.59],[132.8735,33.5899],[132.8729,33.5902],[132.8725,33.5901],[132.8717,33.59],[132.8715,33.5899],[132.8711,33.5893],[132.8709,33.5893],[132.8706,33.5894],[132.8704,33.5894],[132.8682,33.5892],[132.8678,33.5892],[132.8676,33.5891],[132.8675,33.5888],[132.8673,33.5887],[132.8667,33.5888],[132.8663,33.5889],[132.8657,33.5893],[132.8655,33.5894],[132.8653,33.5898],[132.8652,33.59],[132.865,33.5901],[132.8636,33.5902],[132.8631,33.5906],[132.8626,33.5907],[132.8625,33.5909],[132.8628,33.5916],[132.863,33.5919],[132.8634,33.5921],[132.8636,33.5923],[132.8641,33.5924],[132.8645,33.5926],[132.8645,33.593],[132.8649,33.5935],[132.8653,33.5938],[132.8655,33.594],[132.8658,33.594],[132.8663,33.594],[132.8664,33.5942],[132.8668,33.5946],[132.8667,33.5948],[132.8665,33.5949],[132.8661,33.595],[132.8657,33.595],[132.8654,33.595],[132.8652,33.5949],[132.8649,33.595],[132.8647,33.595],[132.8645,33.5951],[132.8641,33.5958],[132.8637,33.5956],[132.8633,33.5956],[132.863,33.5952],[132.8624,33.595],[132.8617,33.5947],[132.8614,33.5945],[132.8611,33.5946],[132.8608,33.5947],[132.8601,33.5948],[132.8598,33.5948],[132.8595,33.5946],[132.8587,33.5945],[132.8586,33.5946],[132.8583,33.5947],[132.858,33.5948],[132.8575,33.5946],[132.8572,33.5946],[132.857,33.5947],[132.8567,33.5946],[132.8564,33.5944],[132.8555,33.5948],[132.8552,33.5948],[132.855,33.5947],[132.8549,33.5949],[132.8542,33.595],[132.8539,33.595],[132.8533,33.5946],[132.8531,33.5943],[132.8531,33.5941],[132.8535,33.5935],[132.8535,33.593],[132.8533,33.5926],[132.8529,33.5924],[132.8524,33.592],[132.8518,33.5917],[132.8517,33.5918],[132.8514,33.5923],[132.8508,33.5929],[132.8505,33.5931],[132.8503,33.5931],[132.8498,33.5928],[132.8494,33.5926],[132.8491,33.5925],[132.8486,33.5925],[132.8484,33.5926],[132.8483,33.5928],[132.848,33.5935],[132.8477,33.5937],[132.8473,33.5944],[132.8471,33.5945],[132.8466,33.5946],[132.8465,33.5948],[132.8465,33.5952],[132.8463,33.5955],[132.8463,33.596],[132.846,33.5968],[132.846,33.597],[132.8461,33.5974],[132.8462,33.5976],[132.8462,33.5979],[132.8461,33.5984],[132.8461,33.5991],[132.846,33.5995],[132.8459,33.6],[132.8458,33.6002],[132.8455,33.6006],[132.8454,33.6011],[132.8456,33.6015],[132.8456,33.6018],[132.8449,33.6028],[132.8447,33.6032],[132.8447,33.6036],[132.845,33.6045],[132.8449,33.6049],[132.8443,33.6058],[132.8443,33.606],[132.8443,33.6068],[132.8443,33.6073],[132.8443,33.6075],[132.8445,33.6076],[132.8448,33.6076],[132.8458,33.6076],[132.8461,33.608],[132.8467,33.6086],[132.8469,33.6087],[132.8472,33.6087],[132.8475,33.6087],[132.8479,33.6087],[132.8489,33.6084],[132.8492,33.6084],[132.8494,33.6085],[132.8498,33.6091],[132.85,33.6094],[132.8502,33.6095],[132.8507,33.6097],[132.8513,33.6102],[132.8517,33.6106],[132.852,33.611],[132.8525,33.6116],[132.8526,33.6119],[132.8526,33.6123],[132.8523,33.6129],[132.8522,33.6131],[132.8522,33.6135],[132.8523,33.6137],[132.8527,33.614],[132.853,33.6143],[132.8531,33.6146],[132.8532,33.6154],[132.8533,33.6157],[132.8534,33.6159],[132.8537,33.6161],[132.8544,33.6161],[132.855,33.616],[132.8552,33.616],[132.8554,33.6163],[132.8556,33.6167],[132.8559,33.6169],[132.8564,33.6171],[132.8569,33.6172],[132.8568,33.6175],[132.857,33.6181],[132.8572,33.6183],[132.8575,33.6189],[132.8575,33.6192],[132.8575,33.6195],[132.8573,33.6198],[132.8572,33.62],[132.8571,33.6205],[132.857,33.6212],[132.857,33.6216],[132.8569,33.6217],[132.8566,33.6218],[132.8563,33.6221],[132.8562,33.6224],[132.8561,33.6225],[132.8556,33.6227],[132.8553,33.623],[132.8551,33.6235],[132.8551,33.624],[132.8553,33.6242],[132.8555,33.6246],[132.855,33.6249],[132.8549,33.6251],[132.8548,33.6254],[132.8549,33.6261],[132.8547,33.6265],[132.8546,33.6271],[132.8545,33.6276],[132.8544,33.6277],[132.8543,33.6278],[132.8539,33.628],[132.8537,33.6281],[132.8541,33.6286],[132.8542,33.6287],[132.854,33.6292],[132.854,33.6295],[132.8539,33.6295],[132.8535,33.6296],[132.8531,33.6298],[132.8526,33.6305],[132.8526,33.6308],[132.8529,33.6313],[132.8525,33.6314],[132.8522,33.6317],[132.8518,33.6323],[132.8516,33.6324],[132.8512,33.6326],[132.8512,33.6329],[132.8513,33.6332],[132.8514,33.6334],[132.8514,33.6337],[132.8512,33.6339],[132.8507,33.6343],[132.8504,33.6343],[132.8502,33.6341],[132.8501,33.634],[132.8496,33.6343],[132.8493,33.6343],[132.8489,33.6341],[132.8483,33.6339],[132.8481,33.634],[132.8478,33.6344],[132.8474,33.6348],[132.8472,33.635],[132.8463,33.6353],[132.8459,33.6354],[132.8452,33.6359],[132.8449,33.6362],[132.8442,33.6367],[132.8435,33.6374],[132.8432,33.6378],[132.843,33.638],[132.8426,33.6383],[132.8421,33.6385],[132.8412,33.6389],[132.8407,33.6391],[132.8404,33.6393],[132.8402,33.6396],[132.8397,33.64],[132.8395,33.6401],[132.8384,33.6403],[132.8377,33.6405],[132.8369,33.6407],[132.8372,33.6406],[132.8374,33.6403],[132.8375,33.6399],[132.8375,33.6393],[132.8377,33.6388],[132.838,33.6385],[132.838,33.6381],[132.8379,33.6378],[132.8376,33.6376],[132.8372,33.6372],[132.837,33.637],[132.8366,33.6361],[132.8363,33.6358],[132.836,33.6355],[132.8357,33.6352],[132.8353,33.635],[132.8346,33.6348],[132.8342,33.6347],[132.8338,33.6344],[132.8334,33.6343],[132.8328,33.6339],[132.8324,33.6338],[132.8318,33.6334],[132.8313,33.6332],[132.831,33.633],[132.8302,33.6325],[132.8298,33.6322],[132.8294,33.6321],[132.829,33.6318],[132.8283,33.6314],[132.828,33.6313],[132.8276,33.6311],[132.8272,33.6312],[132.827,33.6312],[132.8267,33.6311],[132.8265,33.631],[132.8256,33.6306],[132.825,33.6304],[132.8248,33.6303],[132.8246,33.6296],[132.8242,33.6296],[132.8238,33.6296],[132.823,33.6294],[132.8226,33.6293],[132.8218,33.6295],[132.8214,33.6294],[132.8206,33.6291],[132.82,33.629],[132.8198,33.629],[132.8193,33.6292],[132.8189,33.6292],[132.8186,33.6292],[132.8183,33.6293],[132.8179,33.6295],[132.8173,33.6296],[132.8171,33.6295],[132.8168,33.629],[132.8163,33.6289],[132.8155,33.6289],[132.8149,33.6287],[132.8146,33.6285],[132.8142,33.6285],[132.814,33.6286],[132.8137,33.6286],[132.8131,33.6285],[132.8128,33.6284],[132.8128,33.6282],[132.8128,33.6277],[132.8132,33.6275],[132.8133,33.6273],[132.8135,33.6269],[132.8134,33.6265],[132.8133,33.6257],[132.8141,33.6254],[132.8143,33.6249],[132.8144,33.6246],[132.8141,33.6244],[132.8139,33.6239],[132.8138,33.6238],[132.8136,33.6238],[132.8126,33.624],[132.8116,33.6241],[132.8111,33.6241],[132.8108,33.6241],[132.8104,33.6243],[132.8098,33.6245],[132.8095,33.6245],[132.8093,33.6247],[132.8061,33.6241],[132.8058,33.6247],[132.8051,33.6245],[132.8048,33.6243],[132.8043,33.6233],[132.8041,33.623],[132.804,33.6226],[132.8036,33.622],[132.8034,33.6216],[132.8031,33.6211],[132.8027,33.6209],[132.8016,33.6206],[132.8013,33.6207],[132.8008,33.6208],[132.8005,33.6209],[132.8,33.6207],[132.7999,33.6206],[132.7996,33.62],[132.7995,33.6197],[132.7992,33.6197],[132.7988,33.62],[132.7984,33.6199],[132.7983,33.62],[132.798,33.6198],[132.7978,33.6196],[132.7975,33.6193],[132.7973,33.6191],[132.7964,33.6187],[132.796,33.619],[132.7954,33.6191],[132.7949,33.6196],[132.7946,33.6198],[132.794,33.6202],[132.7934,33.6205],[132.793,33.6205],[132.7917,33.6198],[132.7913,33.62],[132.7909,33.6201],[132.7903,33.6201],[132.7894,33.6203],[132.7892,33.6204],[132.7887,33.6208],[132.7884,33.6213],[132.7881,33.6216],[132.7877,33.6219],[132.7874,33.6223],[132.787,33.623],[132.7865,33.6235],[132.7861,33.6239],[132.7859,33.6242],[132.7854,33.6244],[132.785,33.6244],[132.7849,33.6243],[132.785,33.6238],[132.785,33.6234],[132.7848,33.6229],[132.7848,33.6224],[132.785,33.6219],[132.7851,33.6215],[132.7852,33.6212],[132.7852,33.621],[132.7851,33.6209],[132.7851,33.6207],[132.7855,33.62],[132.7856,33.6199],[132.7855,33.6195],[132.7858,33.6188],[132.7857,33.6185],[132.7851,33.6178],[132.7845,33.6173],[132.7843,33.6173],[132.7836,33.6171],[132.7829,33.6166],[132.7816,33.6166],[132.7811,33.6155],[132.7809,33.615],[132.7805,33.6145],[132.7803,33.6143],[132.7797,33.6139],[132.7794,33.6137],[132.7792,33.6135],[132.779,33.613],[132.7788,33.6127],[132.7784,33.6125],[132.7779,33.6123],[132.7776,33.6123],[132.7768,33.6124],[132.7763,33.6121],[132.7758,33.6119],[132.7749,33.6115],[132.7746,33.6112],[132.7743,33.6112],[132.7734,33.6111],[132.773,33.611],[132.7728,33.6108],[132.7724,33.6098],[132.7723,33.6096],[132.7712,33.6089],[132.7707,33.6084],[132.7705,33.6081],[132.7704,33.6078],[132.7702,33.6077],[132.7699,33.6075],[132.769,33.6074],[132.768,33.6073],[132.7669,33.6072],[132.7663,33.6072],[132.7662,33.6076],[132.766,33.608],[132.7656,33.6084],[132.7651,33.6091],[132.7646,33.6095],[132.7642,33.6102],[132.7639,33.6104],[132.7638,33.6108],[132.7634,33.6116],[132.7629,33.6124],[132.7627,33.6127],[132.7626,33.6129],[132.7624,33.6133],[132.7624,33.6142],[132.7622,33.6145],[132.762,33.6147],[132.7615,33.615],[132.7612,33.6154],[132.7609,33.6155],[132.7606,33.6157],[132.7606,33.6161],[132.7604,33.6163],[132.7603,33.617],[132.7602,33.6174],[132.76,33.6181],[132.7599,33.6184],[132.7596,33.6186],[132.7594,33.6189],[132.7593,33.6193],[132.7592,33.6197],[132.7592,33.62],[132.7594,33.6207],[132.7586,33.6209],[132.7578,33.6215],[132.7574,33.6217],[132.7571,33.6218],[132.7569,33.6219],[132.7564,33.6225],[132.7561,33.6228],[132.7558,33.6229],[132.7556,33.6229],[132.7551,33.6229],[132.755,33.6229],[132.7542,33.6234],[132.7533,33.6241],[132.753,33.6243],[132.7526,33.6246],[132.7524,33.6249],[132.752,33.6252],[132.7517,33.6255],[132.7511,33.6261],[132.7508,33.6263],[132.7507,33.6267],[132.7507,33.6272],[132.7506,33.6273],[132.7503,33.6275],[132.75,33.6276],[132.7496,33.6276],[132.7491,33.6276],[132.7487,33.6276],[132.748,33.6276],[132.7478,33.6275],[132.7475,33.6273],[132.7473,33.6276],[132.7469,33.6278],[132.746,33.6278],[132.7456,33.6277],[132.7449,33.6275],[132.7446,33.6272],[132.7444,33.6271],[132.7435,33.6271],[132.743,33.6273],[132.7427,33.6273],[132.7425,33.6271],[132.7424,33.6268],[132.742,33.6264],[132.7418,33.6264],[132.7416,33.6262],[132.7413,33.6253],[132.741,33.625],[132.7403,33.6246],[132.7401,33.6245],[132.7393,33.6245],[132.7391,33.6243],[132.7389,33.6242],[132.7383,33.6242],[132.7381,33.6241],[132.7378,33.6238],[132.7376,33.6238],[132.7374,33.6238],[132.737,33.6243],[132.7369,33.6246],[132.7365,33.6257],[132.7362,33.626],[132.7361,33.6262],[132.7359,33.6267],[132.7357,33.6268],[132.7352,33.627],[132.7347,33.627],[132.734,33.6269],[132.7337,33.6268],[132.7331,33.6265],[132.7324,33.6264],[132.7318,33.6261],[132.7312,33.6259],[132.7309,33.6258],[132.73,33.6255],[132.7292,33.6254],[132.729,33.6253],[132.7288,33.6251],[132.7283,33.6249],[132.7283,33.6246],[132.7283,33.6241],[132.7283,33.6238],[132.7282,33.6233],[132.7281,33.6228],[132.7279,33.6226],[132.7278,33.6221],[132.7278,33.6218],[132.7277,33.6213],[132.7274,33.6211],[132.7269,33.6207],[132.7265,33.6204],[132.7257,33.6196],[132.7257,33.6192],[132.7254,33.6188],[132.7252,33.6187],[132.7249,33.6186],[132.7248,33.6182],[132.7249,33.6175],[132.7248,33.617],[132.7243,33.6163],[132.7237,33.6156],[132.7232,33.6149],[132.7231,33.6147],[132.7229,33.6145],[132.7225,33.614],[132.7224,33.6136],[132.7221,33.6132],[132.7218,33.6129],[132.7215,33.6126],[132.7213,33.6125],[132.7207,33.6126],[132.7203,33.6123],[132.7198,33.612],[132.7193,33.6118],[132.7188,33.6116],[132.7181,33.6114],[132.7177,33.6114],[132.7174,33.6116],[132.7172,33.6117],[132.717,33.6117],[132.7166,33.6115],[132.7153,33.6109],[132.7146,33.6106],[132.7142,33.6104],[132.7131,33.6098],[132.7128,33.6096],[132.7124,33.6094],[132.7118,33.609],[132.7114,33.6088],[132.7107,33.6086],[132.7097,33.6084],[132.7095,33.6083],[132.7092,33.6075],[132.7088,33.607],[132.7088,33.6068],[132.7088,33.6061],[132.7086,33.6058],[132.7083,33.6058],[132.7082,33.6059],[132.7079,33.6062],[132.7077,33.6064],[132.7073,33.6067],[132.707,33.6069],[132.7066,33.607],[132.7064,33.6073],[132.7064,33.6078],[132.7064,33.608],[132.706,33.6089],[132.7059,33.6091],[132.7053,33.6094],[132.7047,33.6094],[132.7037,33.6096],[132.7028,33.61],[132.7023,33.6101],[132.7009,33.6102],[132.7005,33.6102],[132.7002,33.6102],[132.6996,33.6105],[132.6988,33.6113],[132.6983,33.6116],[132.698,33.6118],[132.6972,33.6123],[132.6971,33.6123],[132.6967,33.6127],[132.6964,33.6129],[132.6952,33.6136],[132.6948,33.6138],[132.6947,33.6139],[132.6941,33.614],[132.6937,33.6141],[132.6931,33.6144],[132.6925,33.6151],[132.6918,33.6151],[132.6915,33.6151],[132.6913,33.6152],[132.6912,33.6154],[132.6912,33.6164],[132.6911,33.6169],[132.691,33.617],[132.6908,33.6171],[132.6905,33.617],[132.6894,33.6162],[132.6891,33.6163],[132.6889,33.6163],[132.6887,33.6162],[132.6884,33.6161],[132.6878,33.616],[132.6876,33.616],[132.6872,33.6163],[132.687,33.6167],[132.6867,33.617],[132.6863,33.6173],[132.6862,33.6174],[132.686,33.6175],[132.6857,33.6174],[132.6852,33.6175],[132.6848,33.6177],[132.6845,33.6177],[132.6843,33.6178],[132.6841,33.6181],[132.6839,33.6181],[132.6835,33.6181],[132.6834,33.6182],[132.683,33.6184],[132.6828,33.6183],[132.6827,33.6181],[132.6822,33.618],[132.6819,33.6181],[132.6816,33.6182],[132.6813,33.6182],[132.6809,33.618],[132.6807,33.6179],[132.68,33.618],[132.6798,33.6179],[132.6798,33.6177],[132.68,33.6174],[132.68,33.6171],[132.6798,33.6169],[132.6794,33.6166],[132.6791,33.6164],[132.6787,33.6163],[132.6786,33.616],[132.6783,33.6159],[132.678,33.6162],[132.6779,33.6166],[132.6775,33.6172],[132.6774,33.6175],[132.6775,33.6178],[132.6775,33.6181],[132.6775,33.6183],[132.6768,33.6193],[132.6765,33.6194],[132.6765,33.6198],[132.6766,33.6201],[132.6765,33.6205],[132.6764,33.6209],[132.6763,33.621],[132.6757,33.621],[132.6753,33.6211],[132.6752,33.6211],[132.6748,33.6209],[132.6746,33.6208],[132.6742,33.6208],[132.6737,33.6206],[132.6734,33.6205],[132.6729,33.6205],[132.6722,33.6202],[132.6718,33.6202],[132.6715,33.6203],[132.6714,33.6202],[132.6713,33.62],[132.6711,33.6199],[132.6704,33.62],[132.67,33.62],[132.669,33.6199],[132.6682,33.62],[132.6679,33.6201],[132.6675,33.6202],[132.6671,33.62],[132.6667,33.6197],[132.6665,33.6195],[132.6662,33.6191],[132.6658,33.6186],[132.6655,33.6184],[132.6648,33.618],[132.6642,33.6178],[132.6636,33.6174],[132.663,33.6171],[132.6622,33.6167],[132.6618,33.6164],[132.6613,33.6162],[132.6611,33.6162],[132.6605,33.6166],[132.6603,33.6167],[132.66,33.6169],[132.6598,33.6171],[132.6595,33.6178],[132.6594,33.6183],[132.6593,33.6187],[132.6593,33.6195],[132.6592,33.6199],[132.6588,33.6204],[132.6585,33.6206],[132.6582,33.6209],[132.6577,33.6209],[132.6572,33.621],[132.6565,33.6209],[132.656,33.6208],[132.6552,33.6206],[132.6545,33.6203],[132.6541,33.6201],[132.6539,33.6201],[132.6535,33.6204],[132.653,33.6211],[132.6528,33.6216],[132.6526,33.6217],[132.6522,33.6219],[132.6517,33.6223],[132.6512,33.6227],[132.651,33.623],[132.6509,33.6231],[132.651,33.6236],[132.6515,33.6242],[132.6515,33.6244],[132.6514,33.6249],[132.6514,33.6251],[132.6515,33.6253],[132.6517,33.6255],[132.6522,33.6259],[132.6523,33.626],[132.6527,33.6267],[132.653,33.6273],[132.6536,33.6277],[132.6538,33.6279],[132.6539,33.6287],[132.6537,33.6289],[132.6535,33.6292],[132.6534,33.6294],[132.6535,33.6298],[132.6533,33.6304],[132.6534,33.6307],[132.6535,33.631],[132.6536,33.6318],[132.6537,33.6322],[132.654,33.6326],[132.654,33.6328],[132.6539,33.6335],[132.6539,33.6337],[132.6538,33.6341],[132.6536,33.6347],[132.6535,33.635],[132.6534,33.6353],[132.6535,33.6356],[132.6538,33.6359],[132.654,33.6362],[132.654,33.6367],[132.654,33.637],[132.6541,33.6374],[132.6542,33.6378],[132.6545,33.6384],[132.6546,33.6385],[132.6546,33.6389],[132.6544,33.6392],[132.6542,33.6395],[132.6538,33.64],[132.6537,33.6401],[132.6537,33.6405],[132.6537,33.641],[132.6537,33.6414],[132.6537,33.6415],[132.6534,33.6417],[132.6532,33.6419],[132.6529,33.6423],[132.6525,33.6426],[132.6522,33.6428],[132.6519,33.6431],[132.6519,33.6436],[132.652,33.6441],[132.6522,33.6443],[132.6524,33.6448],[132.6525,33.645],[132.6528,33.6459],[132.6527,33.6461],[132.6526,33.6467],[132.6525,33.6469],[132.6522,33.6474],[132.652,33.648],[132.652,33.6484],[132.6519,33.6487],[132.6519,33.649],[132.6521,33.6494],[132.652,33.65],[132.6518,33.6505],[132.6517,33.6508],[132.6518,33.6511],[132.6519,33.6515],[132.6519,33.6519],[132.6519,33.6521],[132.6516,33.6523],[132.6514,33.6526],[132.651,33.6527],[132.6508,33.6529],[132.6501,33.6536],[132.6499,33.6539],[132.6496,33.6544],[132.6494,33.6548],[132.6493,33.6549],[132.649,33.655],[132.6486,33.6551],[132.648,33.655],[132.6477,33.655],[132.6472,33.6547],[132.6469,33.6547],[132.6466,33.6545],[132.6462,33.6543],[132.646,33.6542],[132.6456,33.6542],[132.6449,33.6543],[132.6447,33.6544],[132.6443,33.6547],[132.6436,33.6551],[132.6433,33.6551],[132.6428,33.655],[132.6424,33.655],[132.6422,33.6549],[132.6418,33.6549],[132.6411,33.6547],[132.6406,33.6548],[132.6397,33.6548],[132.639,33.6547],[132.6382,33.6545],[132.6377,33.6543],[132.6369,33.654],[132.6364,33.6539],[132.6357,33.6537],[132.635,33.6534],[132.6347,33.6533],[132.6339,33.6533],[132.6335,33.6531],[132.6334,33.6528],[132.633,33.6525],[132.6329,33.6522],[132.6321,33.6511],[132.6319,33.6507],[132.6319,33.6503],[132.6317,33.6499],[132.6314,33.6498],[132.6312,33.6497],[132.6309,33.6497],[132.6306,33.6496],[132.6303,33.6495],[132.6297,33.6494],[132.6295,33.6493],[132.6293,33.649],[132.6291,33.649],[132.6281,33.6492],[132.6279,33.6491],[132.6273,33.649],[132.627,33.6491],[132.6264,33.6494],[132.626,33.6495],[132.6254,33.6496],[132.6248,33.6496],[132.6243,33.6497],[132.624,33.6498],[132.6234,33.6502],[132.6226,33.6505],[132.6225,33.6505],[132.6218,33.6504],[132.6211,33.6504],[132.6208,33.6502],[132.6207,33.6501],[132.6206,33.6501],[132.6203,33.6503],[132.6202,33.6504],[132.6198,33.6504],[132.6196,33.6503],[132.6194,33.6502],[132.6189,33.6499],[132.6186,33.6497],[132.6185,33.6495],[132.6184,33.6493],[132.6185,33.6489],[132.6187,33.6482],[132.6188,33.6476],[132.6188,33.6471],[132.6188,33.6466],[132.6187,33.6465],[132.6178,33.646],[132.6173,33.6456],[132.6172,33.6452],[132.6169,33.6443],[132.6168,33.6439],[132.6165,33.6436],[132.6162,33.6433],[132.616,33.6431],[132.6155,33.6426],[132.6137,33.6407],[132.6132,33.6402],[132.613,33.64],[132.612,33.6395],[132.6117,33.6394],[132.6113,33.6395],[132.6109,33.6392],[132.6103,33.6387],[132.6099,33.6385],[132.6092,33.638],[132.6091,33.6377],[132.609,33.6372],[132.6088,33.637],[132.6087,33.6368],[132.6087,33.6363],[132.6085,33.6359],[132.6083,33.6357],[132.6079,33.6353],[132.6078,33.6351],[132.6078,33.6348],[132.6075,33.6341],[132.6074,33.6337],[132.6074,33.6336],[132.6071,33.6335],[132.6066,33.6331],[132.606,33.6325],[132.6058,33.6323],[132.6057,33.6321],[132.6058,33.6318],[132.6057,33.6315],[132.6056,33.6312],[132.6052,33.6307],[132.6049,33.6304],[132.6045,33.6303],[132.6044,33.6301],[132.6041,33.6296],[132.604,33.6292],[132.6036,33.6287],[132.6031,33.6278],[132.6024,33.6269],[132.6022,33.6266],[132.6022,33.6264],[132.6027,33.6258],[132.6031,33.625],[132.6032,33.6245],[132.6032,33.6242],[132.6031,33.6237],[132.6031,33.6235],[132.6033,33.6233],[132.6033,33.6231],[132.6031,33.623]]]},"properties":{"N03_001":"愛媛県","N03_002":"","N03_003":"喜多郡","N03_004":"内子町","N03_007":"38422"}},
{"type":"Feature","geometry":{"type":"Polygon","coordinates":[[[132.013,33.3381],[132.0124,33.338],[132.0123,33.3379],[132.0125,33.3378],[132.0129,33.3379],[132.0131,33.338],[132.013,33.3381]]]},"properties":{"N03_001":"愛媛県","N03_002":"","N03_003":"西宇和郡","N03_004":"伊方町","N03_007":"38442"}},
{"type":"Feature","geometry":{"type":"Polygon","coordinates":[[[132.6371,33.1848],[132.6372,33.1846],[132.6372,33.1837],[132.6371,33.1828],[132.637,33.1824],[132.6367,33.182],[132.6359,33.1815],[132.6352,33.1811],[132.6348,33.1808],[132.6348,33.1806],[132.6347,33.1802],[132.6345,33.1794],[132.6344,33.1788],[132.6345,33.1784],[132.6347,33.1782],[132.6351,33.1779],[132.6356,33.1775],[132.6358,33.1774],[132.6363,33.1772],[132.6364,33.1771],[132.6367,33.1764],[132.637,33.176],[132.6373,33.1759],[132.6379,33.175],[132.6383,33.1742],[132.6387,33.1736],[132.6392,33.1733],[132.6396,33.173],[132.6399,33.1728],[132.6403,33.1727],[132.6411,33.1727],[132.642,33.1728],[132.6423,33.1728],[132.6427,33.1728],[132.643,33.1729],[132.6432,33.1728],[132.6435,33.1728],[132.6442,33.1729],[132.6445,33.1728],[132.6449,33.1724],[132.6457,33.1721],[132.6462,33.1719],[132.6467,33.1719],[132.647,33.1717],[132.6471,33.1715],[132.6471,33.1712],[132.6471,33.1707],[132.6475,33.1701],[132.6476,33.1698],[132.6482,33.169],[132.6485,33.1684],[132.6488,33.1679],[132.6491,33.1677],[132.65,33.1673],[132.6503,33.1672],[132.6512,33.1671],[132.6517,33.1667],[132.6522,33.1663],[132.6531,33.1657],[132.6533,33.1656],[132.6534,33.1654],[132.6536,33.1651],[132.6539,33.1649],[132.6547,33.1645],[132.6551,33.1642],[132.6554,33.1639],[132.6558,33.1635],[132.6562,33.1632],[132.6569,33.1627],[132.6572,33.1625],[132.6576,33.162],[132.6579,33.1615],[132.6582,33.1613],[132.6586,33.1611],[132.659,33.1607],[132.6591,33.1605],[132.6594,33.1603],[132.6597,33.16],[132.6597,33.1595],[132.6601,33.1588],[132.6602,33.1586],[132.6606,33.1581],[132.6608,33.1578],[132.6608,33.1571],[132.6607,33.1569],[132.6607,33.1567],[132.661,33.1562],[132.6613,33.1558],[132.6618,33.1552],[132.6622,33.1546],[132.6624,33.1544],[132.6636,33.154],[132.6638,33.1539],[132.6647,33.1536],[132.6659,33.1531],[132.6667,33.1526],[132.6672,33.1521],[132.6678,33.1517],[132.6681,33.1515],[132.6686,33.1514],[132.6696,33.1512],[132.6706,33.1509],[132.6715,33.1508],[132.6718,33.1508],[132.6725,33.1509],[132.6729,33.1509],[132.6733,33.1508],[132.6734,33.1504],[132.6734,33.1502],[132.6736,33.15],[132.674,33.1495],[132.6743,33.1492],[132.6748,33.1487],[132.6757,33.1483],[132.6761,33.148],[132.6767,33.1474],[132.6774,33.1466],[132.6782,33.1458],[132.679,33.1451],[132.6797,33.1446],[132.6804,33.1442],[132.6809,33.1433],[132.6814,33.1427],[132.6823,33.1413],[132.6823,33.1411],[132.6825,33.1409],[132.6827,33.1404],[132.683,33.1401],[132.6833,33.1393],[132.6835,33.1391],[132.6847,33.1377],[132.6855,33.1366],[132.6857,33.1365],[132.6859,33.1362],[132.686,33.1354],[132.6861,33.1353],[132.6862,33.1351],[132.6869,33.1348],[132.6874,33.135],[132.6879,33.1352],[132.6888,33.1352],[132.6894,33.1353],[132.6901,33.1358],[132.6907,33.136],[132.6912,33.136],[132.692,33.1364],[132.6922,33.1366],[132.6926,33.137],[132.693,33.1373],[132.6934,33.1374],[132.6939,33.1374],[132.6943,33.1374],[132.6947,33.1373],[132.6952,33.1374],[132.6958,33.1376],[132.6961,33.1377],[132.6962,33.138],[132.6961,33.1385],[132.696,33.1389],[132.6958,33.1393],[132.6954,33.1399],[132.6952,33.1401],[132.6952,33.1403],[132.6954,33.1409],[132.6956,33.1411],[132.6958,33.1416],[132.6958,33.1421],[132.6959,33.1426],[132.6959,33.1428],[132.6966,33.1438],[132.6969,33.1441],[132.6975,33.1444],[132.6979,33.145],[132.6983,33.1457],[132.6984,33.1461],[132.6986,33.1464],[132.6988,33.1466],[132.6991,33.1467],[132.6997,33.1469],[132.6999,33.147],[132.7003,33.1474],[132.701,33.148],[132.7012,33.1481],[132.7016,33.1484],[132.7024,33.1484],[132.7026,33.1486],[132.7033,33.149],[132.704,33.1495],[132.7045,33.1497],[132.7054,33.1502],[132.706,33.1504],[132.7063,33.1505],[132.7068,33.1506],[132.7072,33.1509],[132.7074,33.1511],[132.7077,33.1515],[132.708,33.1519],[132.7083,33.1522],[132.7091,33.1524],[132.7099,33.1526],[132.7101,33.1527],[132.7106,33.1532],[132.711,33.154],[132.7111,33.1545],[132.7113,33.155],[132.7115,33.1552],[132.7118,33.1558],[132.712,33.1561],[132.7131,33.1563],[132.7142,33.1566],[132.7145,33.1567],[132.7142,33.1569],[132.7142,33.1571],[132.7144,33.1576],[132.7148,33.158],[132.715,33.1584],[132.7154,33.159],[132.7156,33.1591],[132.7162,33.1595],[132.7166,33.1596],[132.7172,33.1599],[132.7173,33.16],[132.7174,33.1603],[132.7174,33.1607],[132.7176,33.161],[132.7181,33.1615],[132.7182,33.1621],[132.7185,33.163],[132.719,33.1636],[132.7192,33.1641],[132.7192,33.1643],[132.7191,33.1647],[132.719,33.1652],[132.7192,33.1658],[132.7192,33.1663],[132.7194,33.1667],[132.7196,33.1668],[132.7202,33.1671],[132.7206,33.1672],[132.7213,33.1668],[132.7216,33.1668],[132.722,33.1669],[132.7224,33.1671],[132.7228,33.1672],[132.7235,33.1676],[132.7243,33.168],[132.7245,33.168],[132.7248,33.1681],[132.7253,33.1681],[132.7256,33.1681],[132.7258,33.1683],[132.7261,33.1688],[132.7266,33.169],[132.7269,33.1691],[132.7273,33.1694],[132.7278,33.1698],[132.7281,33.1699],[132.7285,33.1703],[132.7285,33.1709],[132.7287,33.1713],[132.7289,33.1718],[132.7292,33.1723],[132.7296,33.1727],[132.7306,33.1734],[132.7309,33.1736],[132.7313,33.174],[132.7315,33.1745],[132.7314,33.1748],[132.7313,33.1749],[132.7313,33.1751],[132.7313,33.1755],[132.7313,33.1758],[132.7316,33.1764],[132.7319,33.1769],[132.7321,33.1771],[132.7327,33.1779],[132.7335,33.1787],[132.734,33.1794],[132.7347,33.1802],[132.7352,33.1807],[132.7355,33.181],[132.7358,33.1811],[132.7363,33.1812],[132.7369,33.1813],[132.7376,33.1816],[132.7378,33.1818],[132.7378,33.1822],[132.7375,33.1825],[132.7373,33.183],[132.7372,33.1833],[132.7371,33.1835],[132.7369,33.184],[132.7369,33.1844],[132.7371,33.1848],[132.7372,33.1854],[132.7371,33.1859],[132.7372,33.1863],[132.7373,33.1865],[132.7376,33.1868],[132.7384,33.1873],[132.7385,33.1875],[132.7387,33.1881],[132.7388,33.1882],[132.7391,33.1883],[132.7394,33.1883],[132.7398,33.1885],[132.7402,33.1888],[132.7404,33.1889],[132.7415,33.1895],[132.7419,33.1897],[132.7417,33.19],[132.7416,33.1903],[132.7415,33.1906],[132.7413,33.191],[132.741,33.1915],[132.7405,33.1918],[132.7399,33.1921],[132.7394,33.1921],[132.7393,33.1924],[132.7393,33.1927],[132.7394,33.1932],[132.7394,33.1938],[132.7394,33.1942],[132.7391,33.1947],[132.7384,33.1958],[132.7384,33.196],[132.7387,33.1962],[132.7389,33.1964],[132.7391,33.1968],[132.7398,33.198],[132.7399,33.1982],[132.74,33.1985],[132.7398,33.199],[132.7399,33.1993],[132.7402,33.1997],[132.7403,33.2],[132.7405,33.2009],[132.7406,33.2013],[132.7408,33.2015],[132.741,33.2015],[132.7413,33.2011],[132.7416,33.2009],[132.7419,33.2009],[132.7422,33.201],[132.7426,33.2009],[132.7429,33.201],[132.7431,33.2012],[132.7431,33.2015],[132.7432,33.2016],[132.7434,33.2017],[132.7439,33.2017],[132.7443,33.2017],[132.7445,33.2019],[132.7448,33.2023],[132.745,33.2025],[132.7459,33.2027],[132.7461,33.2029],[132.7463,33.2031],[132.7466,33.2033],[132.7468,33.2033],[132.7474,33.203],[132.7481,33.2033],[132.7485,33.2035],[132.7492,33.2031],[132.7496,33.2029],[132.7501,33.2028],[132.7504,33.2027],[132.7506,33.2026],[132.7507,33.2025],[132.7508,33.2021],[132.7509,33.2019],[132.7513,33.2018],[132.7516,33.2019],[132.7524,33.2021],[132.7533,33.2021],[132.7536,33.202],[132.7539,33.2017],[132.7544,33.2018],[132.7549,33.2019],[132.7555,33.2019],[132.7564,33.2018],[132.7567,33.2017],[132.7576,33.2018],[132.7578,33.2014],[132.7582,33.2015],[132.7587,33.2015],[132.759,33.2016],[132.7594,33.2017],[132.7603,33.2023],[132.761,33.2025],[132.7613,33.2028],[132.7615,33.2031],[132.7618,33.2033],[132.7622,33.2034],[132.7635,33.2036],[132.7646,33.204],[132.7655,33.2042],[132.7658,33.2043],[132.7661,33.2042],[132.7665,33.2041],[132.7677,33.2034],[132.768,33.2033],[132.7687,33.2035],[132.7691,33.2036],[132.7698,33.2044],[132.7705,33.2049],[132.7715,33.2054],[132.7719,33.2055],[132.7724,33.2056],[132.7726,33.2055],[132.7739,33.2054],[132.7743,33.2055],[132.7746,33.2056],[132.7754,33.2058],[132.7756,33.206],[132.7756,33.2063],[132.7755,33.2067],[132.7754,33.2071],[132.7754,33.2074],[132.7759,33.2082],[132.7759,33.2084],[132.7756,33.2086],[132.7752,33.2089],[132.7749,33.209],[132.7746,33.2094],[132.7745,33.2096],[132.7741,33.2101],[132.774,33.2103],[132.7737,33.2118],[132.7736,33.212],[132.7733,33.2122],[132.7732,33.2124],[132.7731,33.2127],[132.7731,33.213],[132.773,33.2135],[132.773,33.2138],[132.773,33.2143],[132.7731,33.2145],[132.7734,33.215],[132.7735,33.2153],[132.7732,33.2155],[132.7731,33.2157],[132.773,33.2162],[132.7726,33.2165],[132.7727,33.2168],[132.7732,33.2173],[132.7735,33.2177],[132.7736,33.218],[132.7736,33.2185],[132.7735,33.2188],[132.7735,33.219],[132.7733,33.2194],[132.773,33.2198],[132.7727,33.22],[132.7724,33.22],[132.7717,33.22],[132.7711,33.2206],[132.7709,33.221],[132.7709,33.2213],[132.7711,33.222],[132.7712,33.2225],[132.771,33.2231],[132.7709,33.2234],[132.771,33.2237],[132.771,33.2243],[132.7712,33.2251],[132.7712,33.2255],[132.7711,33.2258],[132.7711,33.2262],[132.7711,33.2263],[132.7718,33.2266],[132.7726,33.2268],[132.7731,33.2269],[132.7733,33.227],[132.7734,33.2272],[132.7737,33.2275],[132.7743,33.228],[132.7746,33.2284],[132.7746,33.2285],[132.7745,33.2292],[132.7744,33.2299],[132.7745,33.2301],[132.7745,33.2308],[132.7746,33.2313],[132.7749,33.2318],[132.7751,33.2324],[132.7751,33.2325],[132.7751,33.2333],[132.775,33.2336],[132.7749,33.234],[132.7745,33.2346],[132.7741,33.2351],[132.7741,33.2355],[132.7741,33.236],[132.7741,33.2363],[132.774,33.2366],[132.7738,33.237],[132.7733,33.2374],[132.7731,33.2377],[132.7725,33.2383],[132.7722,33.2386],[132.772,33.2391],[132.772,33.2399],[132.772,33.2401],[132.7719,33.2411],[132.772,33.2413],[132.7724,33.2416],[132.7725,33.2417],[132.7733,33.2418],[132.7736,33.2421],[132.7739,33.2424],[132.774,33.2427],[132.7741,33.2432],[132.7744,33.2436],[132.7745,33.2437],[132.7754,33.2441],[132.7762,33.2446],[132.7766,33.2448],[132.7768,33.2451],[132.777,33.2453],[132.7775,33.2459],[132.7776,33.2461],[132.7781,33.2471],[132.7783,33.2478],[132.7784,33.2482],[132.7783,33.2484],[132.7779,33.2491],[132.7777,33.2496],[132.7777,33.2501],[132.7778,33.2508],[132.7777,33.2511],[132.7777,33.2515],[132.7779,33.2521],[132.7782,33.2525],[132.7788,33.2536],[132.7793,33.2546],[132.7793,33.2555],[132.7794,33.2557],[132.7796,33.2562],[132.7798,33.2563],[132.7802,33.2564],[132.7805,33.2565],[132.7811,33.2566],[132.7818,33.2568],[132.7822,33.257],[132.7827,33.2573],[132.7829,33.2576],[132.7831,33.2578],[132.7834,33.2584],[132.7836,33.2586],[132.7842,33.2592],[132.7849,33.2598],[132.7852,33.2602],[132.7855,33.2608],[132.7861,33.2617],[132.7865,33.262],[132.7872,33.2624],[132.7873,33.2626],[132.7875,33.2628],[132.7876,33.2632],[132.7876,33.2642],[132.7875,33.2646],[132.7875,33.2651],[132.7877,33.266],[132.7876,33.2663],[132.7875,33.2665],[132.7871,33.267],[132.7865,33.267],[132.7856,33.267],[132.7852,33.267],[132.7845,33.2672],[132.7842,33.2674],[132.7835,33.2678],[132.7833,33.2681],[132.7827,33.2688],[132.7822,33.2693],[132.7814,33.2698],[132.7811,33.27],[132.7808,33.2703],[132.7808,33.2706],[132.7803,33.2711],[132.7801,33.2716],[132.7798,33.2725],[132.7797,33.2728],[132.7798,33.2731],[132.7798,33.2737],[132.7798,33.2739],[132.7799,33.274],[132.78,33.2743],[132.7798,33.2747],[132.7796,33.2749],[132.7792,33.2751],[132.7786,33.2752],[132.7783,33.2753],[132.7776,33.2756],[132.7769,33.2756],[132.7767,33.2757],[132.7761,33.2761],[132.7759,33.2764],[132.7756,33.2769],[132.7754,33.2771],[132.7752,33.2772],[132.7749,33.2772],[132.7746,33.2771],[132.774,33.2773],[132.7737,33.2774],[132.773,33.2774],[132.7727,33.2773],[132.7723,33.2775],[132.7723,33.2772],[132.7723,33.2771],[132.7721,33.2763],[132.7718,33.2755],[132.7714,33.2747],[132.7713,33.2745],[132.7712,33.2743],[132.771,33.274],[132.7707,33.2736],[132.7705,33.2732],[132.7704,33.2727],[132.7703,33.2725],[132.7701,33.2723],[132.7694,33.2718],[132.7691,33.2715],[132.7689,33.2712],[132.7684,33.2707],[132.7682,33.2704],[132.7679,33.2698],[132.7678,33.2695],[132.7677,33.2693],[132.7668,33.269],[132.7664,33.2688],[132.7659,33.2687],[132.7657,33.2686],[132.7653,33.2683],[132.765,33.2679],[132.7648,33.2676],[132.7647,33.2674],[132.7645,33.2668],[132.7644,33.2664],[132.7641,33.2659],[132.7641,33.2655],[132.7639,33.2651],[132.7635,33.2648],[132.7632,33.2646],[132.7627,33.2641],[132.7625,33.264],[132.7619,33.263],[132.7615,33.2625],[132.7615,33.2624],[132.7612,33.262],[132.761,33.2617],[132.7608,33.2616],[132.7602,33.2615],[132.7597,33.2615],[132.7589,33.2613],[132.7582,33.2612],[132.7574,33.2608],[132.7567,33.2604],[132.7566,33.2601],[132.7563,33.2596],[132.7561,33.2594],[132.7557,33.2592],[132.7553,33.259],[132.755,33.259],[132.754,33.2591],[132.7537,33.259],[132.7533,33.2588],[132.7529,33.2587],[132.7524,33.2588],[132.7521,33.2589],[132.7517,33.2592],[132.751,33.2592],[132.75,33.2589],[132.7497,33.259],[132.7492,33.2594],[132.7484,33.2598],[132.7481,33.2601],[132.7479,33.2604],[132.7475,33.2608],[132.7472,33.2608],[132.7468,33.2612],[132.7465,33.2612],[132.7458,33.2613],[132.7449,33.2612],[132.7446,33.2613],[132.7441,33.2613],[132.7437,33.2615],[132.7434,33.2616],[132.743,33.2616],[132.7428,33.2615],[132.7425,33.2612],[132.7424,33.2609],[132.7422,33.2599],[132.742,33.2597],[132.7414,33.2593],[132.7406,33.2585],[132.74,33.2579],[132.7396,33.2573],[132.7391,33.2567],[132.7385,33.2563],[132.7378,33.256],[132.7369,33.2555],[132.7363,33.2553],[132.7358,33.2549],[132.7354,33.2545],[132.7353,33.2544],[132.7348,33.2543],[132.7345,33.2541],[132.7344,33.2539],[132.7344,33.2528],[132.7344,33.2524],[132.7343,33.2522],[132.7337,33.2518],[132.7337,33.2516],[132.7336,33.2512],[132.7335,33.2508],[132.7333,33.2506],[132.733,33.2503],[132.7327,33.25],[132.7325,33.2496],[132.7323,33.2487],[132.7321,33.2475],[132.732,33.2472],[132.7318,33.2468],[132.7314,33.2463],[132.7312,33.2462],[132.7307,33.246],[132.7303,33.2459],[132.73,33.2455],[132.7297,33.245],[132.7298,33.2445],[132.73,33.2437],[132.73,33.2434],[132.7298,33.2433],[132.7295,33.2434],[132.7291,33.2435],[132.7288,33.2437],[132.7283,33.2435],[132.7281,33.2435],[132.7274,33.2437],[132.7267,33.2439],[132.7264,33.2439],[132.7257,33.2441],[132.7248,33.2443],[132.7235,33.2442],[132.7233,33.2443],[132.7228,33.2443],[132.7227,33.2445],[132.7226,33.2451],[132.7224,33.2455],[132.7222,33.2457],[132.7216,33.246],[132.721,33.2464],[132.7205,33.2468],[132.7201,33.247],[132.7195,33.2473],[132.7192,33.2474],[132.7188,33.2473],[132.7188,33.2472],[132.719,33.2469],[132.7191,33.2463],[132.7191,33.2446],[132.719,33.244],[132.7189,33.2438],[132.7183,33.2431],[132.7181,33.2428],[132.7176,33.2426],[132.717,33.2425],[132.7164,33.2426],[132.716,33.2426],[132.7152,33.2424],[132.7144,33.2422],[132.7142,33.2421],[132.7135,33.242],[132.7133,33.2422],[132.7134,33.2428],[132.7132,33.2429],[132.7128,33.243],[132.7124,33.2432],[132.7116,33.2435],[132.7112,33.2439],[132.7108,33.2441],[132.7107,33.2448],[132.7105,33.2452],[132.7101,33.2458],[132.71,33.2463],[132.7099,33.2464],[132.7094,33.2464],[132.7087,33.2463],[132.7084,33.2462],[132.7083,33.2461],[132.7081,33.2458],[132.7077,33.2455],[132.7076,33.2453],[132.7076,33.2449],[132.7075,33.2445],[132.707,33.2444],[132.7067,33.2444],[132.7063,33.2447],[132.7061,33.2446],[132.7055,33.244],[132.7051,33.2438],[132.7048,33.2435],[132.7045,33.2432],[132.7044,33.2431],[132.704,33.2432],[132.7038,33.2433],[132.7037,33.2437],[132.7038,33.2441],[132.7039,33.2444],[132.7043,33.2449],[132.7042,33.2452],[132.704,33.2452],[132.7036,33.2451],[132.7034,33.2449],[132.7032,33.2446],[132.7029,33.2446],[132.7024,33.2453],[132.7024,33.2456],[132.7023,33.2457],[132.7017,33.2458],[132.7014,33.2458],[132.7009,33.2456],[132.7007,33.2455],[132.7002,33.2453],[132.6998,33.2452],[132.6996,33.2451],[132.6995,33.2448],[132.6991,33.2445],[132.6988,33.2444],[132.6986,33.2444],[132.6983,33.2445],[132.6977,33.2447],[132.6974,33.2447],[132.6972,33.2445],[132.6968,33.2444],[132.696,33.2444],[132.6959,33.2443],[132.6957,33.244],[132.6956,33.2438],[132.6953,33.2434],[132.695,33.2431],[132.6945,33.2429],[132.6941,33.2429],[132.6935,33.2424],[132.6933,33.2423],[132.6931,33.2423],[132.6924,33.2427],[132.6923,33.2427],[132.6919,33.2425],[132.6913,33.2427],[132.6904,33.2429],[132.69,33.2431],[132.6898,33.2434],[132.6897,33.2435],[132.6895,33.2434],[132.6893,33.2433],[132.6891,33.2431],[132.6885,33.243],[132.6878,33.2431],[132.6866,33.2428],[132.6857,33.2426],[132.6855,33.2425],[132.6849,33.2422],[132.6843,33.2419],[132.6836,33.2415],[132.6831,33.2411],[132.6828,33.2409],[132.6826,33.2407],[132.6822,33.2406],[132.6819,33.2405],[132.6816,33.24],[132.6814,33.2398],[132.6807,33.2394],[132.6802,33.2393],[132.6799,33.2393],[132.6796,33.2392],[132.6795,33.2391],[132.6794,33.2385],[132.6791,33.238],[132.6791,33.2374],[132.6791,33.2358],[132.6791,33.2356],[132.6792,33.2349],[132.679,33.2344],[132.679,33.2341],[132.6793,33.2338],[132.68,33.2333],[132.6805,33.2331],[132.6807,33.2329],[132.6806,33.2319],[132.6804,33.2315],[132.68,33.231],[132.6799,33.2305],[132.6797,33.2294],[132.6796,33.2291],[132.6791,33.229],[132.679,33.2289],[132.6789,33.2284],[132.6787,33.2283],[132.6782,33.2282],[132.6778,33.228],[132.6772,33.2276],[132.6771,33.2274],[132.6769,33.2269],[132.6765,33.2267],[132.6759,33.2266],[132.6756,33.2264],[132.6747,33.2263],[132.6746,33.2263],[132.6742,33.2259],[132.6737,33.2252],[132.6729,33.2244],[132.6727,33.2243],[132.6722,33.2242],[132.6715,33.2242],[132.671,33.2241],[132.6706,33.2239],[132.6699,33.2233],[132.6694,33.2228],[132.6689,33.2225],[132.6684,33.2223],[132.6682,33.2222],[132.6678,33.2216],[132.6673,33.2209],[132.6672,33.2208],[132.6668,33.2198],[132.6665,33.2195],[132.6661,33.2187],[132.666,33.2183],[132.6658,33.218],[132.6654,33.2176],[132.6651,33.2171],[132.665,33.2169],[132.6645,33.2167],[132.6638,33.2163],[132.6637,33.2163],[132.6627,33.2157],[132.6621,33.2154],[132.6615,33.2151],[132.6611,33.2151],[132.661,33.215],[132.6602,33.2145],[132.6593,33.2142],[132.6586,33.2137],[132.6588,33.2136],[132.659,33.2135],[132.6592,33.2135],[132.6595,33.2133],[132.6599,33.2131],[132.66,33.2129],[132.6602,33.2127],[132.6605,33.2124],[132.6606,33.2123],[132.6608,33.2122],[132.6609,33.2121],[132.6614,33.2117],[132.6615,33.2116],[132.6617,33.2116],[132.6618,33.2114],[132.662,33.2113],[132.6621,33.2112],[132.6621,33.2111],[132.662,33.2108],[132.662,33.2107],[132.662,33.2105],[132.6622,33.2102],[132.6623,33.21],[132.6625,33.2099],[132.6626,33.2098],[132.6628,33.2097],[132.6633,33.2095],[132.6635,33.2093],[132.6636,33.2092],[132.6637,33.209],[132.6641,33.2087],[132.6643,33.2086],[132.6644,33.2085],[132.6646,33.2083],[132.6649,33.2082],[132.6651,33.2079],[132.6653,33.2078],[132.6654,33.2076],[132.6655,33.2076],[132.6655,33.2075],[132.6655,33.2072],[132.6655,33.207],[132.6655,33.2068],[132.6655,33.2067],[132.6655,33.2065],[132.6656,33.2065],[132.6657,33.2064],[132.6658,33.2064],[132.6661,33.2064],[132.6663,33.2063],[132.6665,33.2063],[132.6666,33.2063],[132.6667,33.2061],[132.6669,33.2059],[132.6671,33.2058],[132.6672,33.2057],[132.6674,33.2057],[132.6676,33.2056],[132.6676,33.2055],[132.6677,33.2053],[132.6679,33.2053],[132.6681,33.2052],[132.6681,33.2051],[132.6682,33.2051],[132.6685,33.205],[132.6685,33.2049],[132.6686,33.2049],[132.6686,33.2048],[132.6685,33.2047],[132.6682,33.2045],[132.6681,33.2044],[132.6679,33.2043],[132.6676,33.2041],[132.6675,33.2039],[132.6675,33.2037],[132.6674,33.2036],[132.6673,33.2035],[132.6672,33.2034],[132.6672,33.2033],[132.6667,33.2032],[132.6666,33.2031],[132.6665,33.2031],[132.6663,33.203],[132.666,33.2028],[132.6658,33.2026],[132.6657,33.2025],[132.6656,33.2024],[132.6655,33.2022],[132.6651,33.2019],[132.6649,33.2017],[132.6643,33.2014],[132.6642,33.2013],[132.6641,33.2013],[132.6639,33.2011],[132.6638,33.201],[132.6637,33.2009],[132.6635,33.2008],[132.6634,33.2007],[132.6633,33.2007],[132.6632,33.2006],[132.6631,33.2005],[132.663,33.2004],[132.6628,33.2002],[132.6627,33.2],[132.6626,33.1999],[132.6623,33.1997],[132.6622,33.1996],[132.6617,33.1992],[132.6615,33.1991],[132.6613,33.199],[132.6612,33.1989],[132.6607,33.1985],[132.6605,33.1984],[132.6604,33.1983],[132.6602,33.1982],[132.6601,33.1982],[132.6601,33.1978],[132.66,33.1976],[132.6599,33.1975],[132.6599,33.1974],[132.6597,33.1972],[132.6595,33.197],[132.6594,33.1969],[132.6592,33.1968],[132.6591,33.1967],[132.6586,33.1964],[132.6585,33.1963],[132.6583,33.1962],[132.6582,33.196],[132.658,33.1958],[132.6577,33.1957],[132.6576,33.1956],[132.6574,33.1955],[132.6573,33.1953],[132.6572,33.195],[132.657,33.1947],[132.6569,33.1946],[132.6565,33.1946],[132.656,33.1947],[132.6559,33.1947],[132.6557,33.1947],[132.6555,33.1947],[132.6551,33.1947],[132.6547,33.1947],[132.6545,33.1947],[132.6543,33.1948],[132.6537,33.1949],[132.6535,33.1949],[132.6533,33.1948],[132.653,33.1947],[132.6527,33.1946],[132.6525,33.1946],[132.6523,33.1945],[132.6521,33.1945],[132.6518,33.1944],[132.6517,33.1944],[132.6515,33.1943],[132.6514,33.1942],[132.6512,33.194],[132.6512,33.1938],[132.6511,33.1937],[132.6511,33.1935],[132.651,33.1933],[132.6508,33.1932],[132.6505,33.193],[132.6504,33.1929],[132.6503,33.1927],[132.6502,33.1925],[132.6501,33.1922],[132.65,33.192],[132.65,33.1919],[132.6499,33.1918],[132.6498,33.1917],[132.6498,33.1916],[132.6495,33.1913],[132.6494,33.1912],[132.6493,33.1911],[132.6491,33.191],[132.6489,33.1909],[132.6486,33.1909],[132.6483,33.1907],[132.6482,33.1906],[132.648,33.1904],[132.6479,33.1903],[132.6478,33.1903],[132.6477,33.1902],[132.6474,33.19],[132.6472,33.19],[132.647,33.1899],[132.6468,33.1898],[132.6463,33.1895],[132.6462,33.1894],[132.646,33.1894],[132.6453,33.1889],[132.6452,33.1888],[132.645,33.1887],[132.6448,33.1886],[132.6442,33.1884],[132.6441,33.1883],[132.6439,33.1882],[132.6438,33.1881],[132.6433,33.1877],[132.6432,33.1876],[132.6431,33.1875],[132.6429,33.1874],[132.6424,33.187],[132.6423,33.1869],[132.6422,33.1868],[132.6419,33.1866],[132.6417,33.1865],[132.6414,33.1864],[132.6413,33.1863],[132.6411,33.1863],[132.6409,33.1862],[132.6407,33.1861],[132.6404,33.1861],[132.6401,33.1861],[132.6399,33.1861],[132.6397,33.1861],[132.6393,33.1861],[132.6391,33.1861],[132.6389,33.1859],[132.6388,33.1858],[132.6387,33.1856],[132.6387,33.1855],[132.6385,33.1853],[132.6384,33.1853],[132.6382,33.1852],[132.6381,33.1851],[132.6377,33.185],[132.6374,33.1849],[132.6371,33.1848]]]},"properties":{"N03_001":"愛媛県","N03_002":"","N03_003":"北宇和郡","N03_004":"松野町","N03_007":"38484"}},
{"type":"Feature","geometry":{"type":"Polygon","coordinates":[[[132.6569,33.3323],[132.6571,33.3323],[132.6581,33.332],[132.6583,33.3319],[132.6584,33.3318],[132.6587,33.3316],[132.6589,33.3313],[132.6592,33.331],[132.6598,33.3307],[132.6608,33.33],[132.6611,33.3298],[132.6617,33.3297],[132.6623,33.3292],[132.6626,33.329],[132.6629,33.3286],[132.6632,33.328],[132.6633,33.3279],[132.6636,33.3276],[132.6641,33.3271],[132.6643,33.3268],[132.6645,33.3264],[132.6645,33.3263],[132.6646,33.326],[132.6646,33.3253],[132.6647,33.3252],[132.665,33.325],[132.6653,33.325],[132.6657,33.325],[132.6659,33.3249],[132.6664,33.3246],[132.6667,33.3245],[132.6668,33.3244],[132.6675,33.3238],[132.668,33.3232],[132.6681,33.3231],[132.6679,33.3226],[132.6678,33.3223],[132.6678,33.3221],[132.6679,33.322],[132.6679,33.3218],[132.6679,33.3215],[132.6679,33.3208],[132.6679,33.3207],[132.6678,33.3197],[132.6677,33.3193],[132.6676,33.3189],[132.6674,33.3184],[132.6673,33.3181],[132.6673,33.3179],[132.6675,33.3174],[132.6677,33.317],[132.6678,33.3167],[132.6678,33.3165],[132.6678,33.3163],[132.6678,33.315],[132.6677,33.3145],[132.6675,33.3137],[132.6673,33.3132],[132.6672,33.3129],[132.6671,33.3126],[132.6667,33.3122],[132.6667,33.3121],[132.6664,33.3118],[132.6662,33.3116],[132.6662,33.3114],[132.6662,33.311],[132.6663,33.3106],[132.6663,33.3103],[132.6663,33.3102],[132.6663,33.3096],[132.6663,33.3094],[132.6666,33.3089],[132.6666,33.3087],[132.6665,33.3083],[132.6665,33.308],[132.6665,33.3078],[132.6666,33.3073],[132.6662,33.3072],[132.666,33.307],[132.6658,33.307],[132.6655,33.3072],[132.6653,33.3071],[132.6652,33.307],[132.6652,33.3069],[132.6652,33.3068],[132.6654,33.3066],[132.6657,33.3062],[132.6663,33.3058],[132.6667,33.3055],[132.6668,33.3053],[132.6668,33.305],[132.6668,33.3049],[132.6667,33.3046],[132.6667,33.3044],[132.6666,33.3044],[132.6666,33.3038],[132.6666,33.3033],[132.6666,33.303],[132.6666,33.3029],[132.6665,33.3027],[132.6665,33.3022],[132.6666,33.3019],[132.6667,33.3016],[132.6668,33.3012],[132.6671,33.3005],[132.6673,33.3003],[132.6676,33.3002],[132.6679,33.3001],[132.668,33.3],[132.6681,33.3],[132.6681,33.2998],[132.6681,33.2995],[132.668,33.2991],[132.6679,33.2988],[132.6679,33.2986],[132.668,33.2983],[132.6683,33.298],[132.6684,33.2977],[132.6685,33.2976],[132.6686,33.2972],[132.6688,33.2966],[132.669,33.2964],[132.6693,33.2962],[132.6695,33.2961],[132.6696,33.2958],[132.6696,33.2955],[132.6697,33.2951],[132.6699,33.295],[132.67,33.2949],[132.6703,33.2946],[132.6704,33.2944],[132.6704,33.2942],[132.6701,33.294],[132.6698,33.2938],[132.6695,33.2938],[132.6691,33.2937],[132.6691,33.2936],[132.6692,33.2934],[132.6691,33.2932],[132.6689,33.2929],[132.6688,33.2927],[132.6688,33.2924],[132.6688,33.2922],[132.6689,33.2921],[132.669,33.2918],[132.669,33.2917],[132.6691,33.2913],[132.6691,33.291],[132.669,33.2907],[132.6691,33.2906],[132.6698,33.2907],[132.6704,33.2906],[132.6708,33.2905],[132.671,33.2903],[132.6712,33.2901],[132.6714,33.2891],[132.6715,33.2888],[132.6718,33.2884],[132.6719,33.2884],[132.6722,33.2881],[132.6724,33.2879],[132.6726,33.2876],[132.6729,33.2864],[132.673,33.286],[132.6731,33.2859],[132.673,33.2855],[132.673,33.2852],[132.673,33.2849],[132.6733,33.2843],[132.6734,33.284],[132.6734,33.2836],[132.6733,33.2833],[132.6732,33.2829],[132.6731,33.2827],[132.6732,33.2824],[132.6732,33.2822],[132.673,33.2818],[132.6728,33.2815],[132.6727,33.2809],[132.6727,33.2806],[132.6728,33.2804],[132.673,33.2802],[132.6732,33.28],[132.6732,33.2799],[132.6732,33.2798],[132.6731,33.2795],[132.6729,33.279],[132.6728,33.2787],[132.6729,33.2784],[132.6731,33.278],[132.673,33.2778],[132.6728,33.2771],[132.6726,33.2764],[132.6723,33.2761],[132.6721,33.2757],[132.6719,33.2756],[132.6715,33.2755],[132.6713,33.2754],[132.671,33.2751],[132.6709,33.275],[132.6709,33.2749],[132.6708,33.2749],[132.6707,33.275],[132.6703,33.2752],[132.6699,33.2754],[132.6693,33.2756],[132.6692,33.2758],[132.6691,33.276],[132.6689,33.2761],[132.6686,33.276],[132.6686,33.2759],[132.6684,33.2754],[132.6682,33.2752],[132.668,33.2752],[132.6677,33.2751],[132.6675,33.2752],[132.6674,33.2753],[132.6674,33.2756],[132.6674,33.2759],[132.6673,33.276],[132.6667,33.2768],[132.6662,33.2772],[132.666,33.2774],[132.666,33.2776],[132.666,33.2779],[132.6661,33.2782],[132.6664,33.2785],[132.6664,33.2787],[132.6662,33.279],[132.6659,33.2795],[132.6658,33.2798],[132.6658,33.28],[132.666,33.2805],[132.6659,33.2807],[132.6656,33.2809],[132.6653,33.2811],[132.6648,33.2812],[132.6645,33.2814],[132.6643,33.2817],[132.6641,33.2817],[132.6637,33.2817],[132.6634,33.2818],[132.6633,33.2818],[132.6631,33.2819],[132.6629,33.2818],[132.6626,33.2817],[132.6624,33.2817],[132.6622,33.2818],[132.6618,33.282],[132.6612,33.2825],[132.661,33.2826],[132.6608,33.2829],[132.6604,33.2832],[132.6602,33.2833],[132.6601,33.2834],[132.6599,33.2834],[132.6597,33.2834],[132.6597,33.2833],[132.6593,33.2831],[132.6588,33.2826],[132.6583,33.2823],[132.658,33.282],[132.6576,33.2816],[132.6573,33.2811],[132.6572,33.2805],[132.6571,33.2805],[132.6564,33.2807],[132.6561,33.2806],[132.6554,33.2802],[132.6553,33.2801],[132.6551,33.2799],[132.6544,33.2783],[132.654,33.2776],[132.6539,33.2767],[132.6538,33.2761],[132.6539,33.2752],[132.6539,33.275],[132.6539,33.2748],[132.6529,33.2748],[132.6528,33.2748],[132.6526,33.2748],[132.6526,33.275],[132.6526,33.2751],[132.6526,33.2752],[132.6525,33.2755],[132.6523,33.2757],[132.652,33.2759],[132.6519,33.276],[132.6517,33.2761],[132.6514,33.2762],[132.6511,33.2762],[132.6509,33.2761],[132.6508,33.2761],[132.6507,33.276],[132.6505,33.2759],[132.6503,33.2758],[132.6501,33.2757],[132.65,33.2755],[132.6497,33.2752],[132.6494,33.2751],[132.6492,33.2751],[132.6487,33.2752],[132.648,33.2753],[132.6474,33.2753],[132.6471,33.2752],[132.647,33.2752],[132.6469,33.2751],[132.6468,33.2751],[132.6466,33.275],[132.6465,33.275],[132.6462,33.2749],[132.6458,33.2749],[132.6454,33.2749],[132.6453,33.2749],[132.6445,33.275],[132.644,33.2749],[132.6438,33.2749],[132.6435,33.2747],[132.6432,33.2746],[132.6429,33.2746],[132.6427,33.2747],[132.6424,33.2749],[132.6423,33.275],[132.642,33.2753],[132.6417,33.2755],[132.6416,33.2756],[132.6413,33.2757],[132.6408,33.2757],[132.6406,33.2757],[132.6403,33.2756],[132.64,33.2754],[132.6399,33.2754],[132.6397,33.2752],[132.6398,33.275],[132.6399,33.2748],[132.6402,33.2743],[132.6404,33.2739],[132.6406,33.2737],[132.6405,33.2735],[132.6405,33.2734],[132.6403,33.2734],[132.64,33.2735],[132.6398,33.2735],[132.6395,33.2733],[132.6393,33.2733],[132.6392,33.2734],[132.639,33.2738],[132.6388,33.2742],[132.6385,33.2745],[132.6383,33.2746],[132.6382,33.2749],[132.6379,33.275],[132.6378,33.275],[132.6376,33.2753],[132.6375,33.2754],[132.6372,33.2753],[132.6367,33.275],[132.6366,33.2749],[132.6365,33.275],[132.6365,33.2753],[132.6364,33.2756],[132.6364,33.2759],[132.6365,33.2761],[132.6367,33.2762],[132.6371,33.2764],[132.6373,33.2765],[132.6374,33.2768],[132.6373,33.277],[132.6371,33.2771],[132.6367,33.2773],[132.6366,33.2775],[132.6365,33.2777],[132.6363,33.2778],[132.636,33.2778],[132.6357,33.2778],[132.6355,33.2779],[132.6354,33.2778],[132.6352,33.2775],[132.635,33.2774],[132.6349,33.2774],[132.6345,33.2773],[132.6342,33.2774],[132.6339,33.2775],[132.6335,33.2774],[132.6333,33.2774],[132.6332,33.2774],[132.6325,33.2775],[132.6316,33.2777],[132.6312,33.2778],[132.6308,33.2778],[132.6305,33.2778],[132.6301,33.2776],[132.6291,33.2772],[132.629,33.2772],[132.6288,33.2772],[132.6286,33.2774],[132.6284,33.2776],[132.6282,33.2776],[132.628,33.2776],[132.6278,33.2775],[132.6276,33.2774],[132.6274,33.2771],[132.6272,33.2769],[132.6269,33.2768],[132.6265,33.2768],[132.626,33.2768],[132.6251,33.2769],[132.625,33.277],[132.6249,33.277],[132.6241,33.2772],[132.624,33.2773],[132.6235,33.2774],[132.6228,33.2776],[132.6225,33.2777],[132.6223,33.2777],[132.6215,33.2784],[132.6213,33.2785],[132.6211,33.2787],[132.6209,33.2788],[132.6207,33.2788],[132.6206,33.2787],[132.6204,33.2785],[132.6203,33.2782],[132.6202,33.278],[132.6202,33.2775],[132.6203,33.2773],[132.6203,33.277],[132.6203,33.2769],[132.6202,33.2766],[132.6201,33.2764],[132.62,33.2761],[132.62,33.2754],[132.6201,33.2752],[132.6201,33.275],[132.6202,33.2747],[132.6206,33.274],[132.6207,33.2738],[132.6207,33.2735],[132.6207,33.2732],[132.6205,33.2727],[132.6205,33.2726],[132.62,33.2719],[132.6197,33.2712],[132.6197,33.2711],[132.6197,33.2708],[132.6197,33.2707],[132.62,33.2693],[132.6201,33.2689],[132.6201,33.2688],[132.6201,33.2687],[132.6198,33.2685],[132.6195,33.2681],[132.6194,33.2679],[132.6193,33.2678],[132.6193,33.2674],[132.6192,33.2667],[132.6191,33.2659],[132.6191,33.2656],[132.6191,33.2654],[132.6193,33.2651],[132.6193,33.265],[132.6193,33.2648],[132.6193,33.2645],[132.6192,33.2642],[132.619,33.2639],[132.6181,33.2631],[132.6177,33.2628],[132.6176,33.2626],[132.6176,33.2625],[132.6174,33.2621],[132.6172,33.2618],[132.6172,33.2617],[132.617,33.2615],[132.6167,33.2611],[132.6166,33.261],[132.6163,33.2609],[132.6162,33.2608],[132.6159,33.2609],[132.6156,33.261],[132.6142,33.2611],[132.6139,33.2611],[132.6137,33.2612],[132.6135,33.2611],[132.6128,33.2608],[132.6121,33.2607],[132.6114,33.2608],[132.6111,33.2609],[132.6109,33.2611],[132.6105,33.2614],[132.6102,33.2615],[132.6099,33.2615],[132.6092,33.2613],[132.609,33.2613],[132.6084,33.2614],[132.6083,33.2614],[132.6081,33.2614],[132.6081,33.2612],[132.6078,33.2607],[132.6074,33.2602],[132.6074,33.26],[132.6073,33.2599],[132.6073,33.2598],[132.6073,33.2594],[132.6073,33.2584],[132.6073,33.2583],[132.6072,33.2582],[132.6067,33.2575],[132.6059,33.2564],[132.6047,33.2551],[132.6045,33.2549],[132.6039,33.2545],[132.6038,33.2543],[132.6035,33.2539],[132.6031,33.2534],[132.6029,33.2531],[132.6027,33.2529],[132.6026,33.2528],[132.6024,33.2527],[132.6023,33.2526],[132.6019,33.2522],[132.6018,33.2522],[132.6017,33.252],[132.6018,33.2519],[132.6018,33.2517],[132.6019,33.2516],[132.6021,33.2511],[132.6022,33.2509],[132.6022,33.2507],[132.6023,33.2506],[132.6025,33.2502],[132.6027,33.25],[132.6029,33.2499],[132.603,33.2498],[132.6035,33.2496],[132.6037,33.2494],[132.6037,33.2493],[132.6038,33.2491],[132.6039,33.2489],[132.6038,33.2486],[132.6038,33.2485],[132.6038,33.2483],[132.6038,33.2481],[132.6038,33.2476],[132.6037,33.2475],[132.6037,33.2473],[132.6037,33.2472],[132.6037,33.2466],[132.6037,33.2465],[132.6037,33.2463],[132.6037,33.246],[132.6037,33.2457],[132.6039,33.2457],[132.604,33.2457],[132.6041,33.2458],[132.6041,33.2459],[132.6042,33.2459],[132.6042,33.246],[132.6043,33.2463],[132.6043,33.2466],[132.6043,33.2467],[132.6044,33.2469],[132.6046,33.2472],[132.6047,33.2473],[132.6048,33.2474],[132.605,33.2475],[132.6052,33.2476],[132.6054,33.2475],[132.6057,33.2475],[132.6059,33.2475],[132.6063,33.2475],[132.6064,33.2474],[132.6065,33.2474],[132.6067,33.2473],[132.6074,33.2471],[132.6075,33.247],[132.6077,33.247],[132.6079,33.2469],[132.6082,33.2466],[132.6083,33.2466],[132.6084,33.2466],[132.6086,33.2465],[132.6088,33.2465],[132.6092,33.2464],[132.6093,33.2463],[132.6092,33.2461],[132.6092,33.246],[132.6091,33.2459],[132.6089,33.2457],[132.6088,33.2456],[132.6087,33.2454],[132.6087,33.2452],[132.6087,33.245],[132.6087,33.2449],[132.6087,33.2447],[132.6087,33.2445],[132.6086,33.2444],[132.6085,33.2441],[132.6084,33.2439],[132.6083,33.2439],[132.6083,33.2437],[132.608,33.2434],[132.608,33.2432],[132.608,33.2431],[132.608,33.243],[132.6079,33.2428],[132.6079,33.2426],[132.608,33.2423],[132.6081,33.2421],[132.6082,33.242],[132.6083,33.2418],[132.6084,33.2417],[132.6087,33.2413],[132.6089,33.2411],[132.609,33.241],[132.6091,33.2408],[132.6094,33.2404],[132.6096,33.2403],[132.6097,33.2401],[132.6098,33.24],[132.6099,33.2397],[132.61,33.2394],[132.61,33.2392],[132.61,33.2389],[132.6101,33.2387],[132.6101,33.2385],[132.6102,33.2384],[132.6102,33.2382],[132.6103,33.2381],[132.6103,33.2379],[132.6103,33.2378],[132.6104,33.2377],[132.6106,33.2375],[132.6107,33.2374],[132.6109,33.2373],[132.611,33.2372],[132.6112,33.2371],[132.6115,33.2368],[132.6116,33.2367],[132.6117,33.2366],[132.612,33.2365],[132.6121,33.2364],[132.6124,33.2362],[132.6125,33.2361],[132.6126,33.236],[132.6127,33.2358],[132.6128,33.2357],[132.6127,33.2353],[132.6127,33.2351],[132.6127,33.235],[132.6127,33.2348],[132.6126,33.2343],[132.6126,33.2341],[132.6126,33.2339],[132.6126,33.2338],[132.6126,33.2335],[132.6126,33.2333],[132.6127,33.2331],[132.6127,33.233],[132.6129,33.2324],[132.6129,33.2322],[132.6129,33.232],[132.6129,33.2318],[132.6129,33.2316],[132.6128,33.2313],[132.6128,33.2311],[132.6129,33.2309],[132.6129,33.2307],[132.6129,33.2304],[132.6129,33.2301],[132.6129,33.2297],[132.6129,33.2296],[132.6128,33.2294],[132.6128,33.2292],[132.6129,33.229],[132.613,33.2289],[132.613,33.2287],[132.6132,33.2283],[132.6134,33.228],[132.6134,33.2278],[132.6134,33.2277],[132.6135,33.2275],[132.6134,33.2271],[132.6133,33.2269],[132.6133,33.2268],[132.6135,33.2263],[132.6136,33.2262],[132.6136,33.2261],[132.6136,33.226],[132.6138,33.2256],[132.6138,33.2255],[132.6138,33.2254],[132.6138,33.2253],[132.6138,33.2251],[132.6138,33.225],[132.6138,33.2249],[132.6139,33.2247],[132.614,33.2245],[132.614,33.2244],[132.614,33.2243],[132.614,33.224],[132.6142,33.2237],[132.6143,33.2235],[132.6144,33.2233],[132.6144,33.2232],[132.6146,33.2229],[132.6147,33.2227],[132.6148,33.2226],[132.6148,33.2225],[132.6149,33.2224],[132.6151,33.2222],[132.6151,33.2221],[132.6151,33.2219],[132.6151,33.2218],[132.6151,33.2216],[132.6151,33.2211],[132.6151,33.2209],[132.6151,33.2207],[132.6151,33.2206],[132.6151,33.2202],[132.615,33.22],[132.615,33.2199],[132.615,33.2198],[132.6149,33.2195],[132.6147,33.2193],[132.6146,33.2191],[132.6145,33.219],[132.6144,33.2188],[132.6142,33.2186],[132.614,33.2183],[132.6139,33.2182],[132.6139,33.2181],[132.6138,33.218],[132.6137,33.2179],[132.6135,33.2174],[132.6134,33.2173],[132.6134,33.2171],[132.6134,33.2169],[132.6133,33.2167],[132.6133,33.2165],[132.6133,33.2164],[132.6133,33.2162],[132.6133,33.216],[132.6133,33.2159],[132.6135,33.2155],[132.6136,33.2153],[132.6136,33.2152],[132.6136,33.215],[132.6135,33.2146],[132.6135,33.2145],[132.6134,33.2144],[132.6134,33.2142],[132.6134,33.2141],[132.6133,33.2138],[132.6132,33.2137],[132.6132,33.2135],[132.6132,33.2133],[132.6132,33.2131],[132.6133,33.2127],[132.6134,33.2124],[132.6135,33.2123],[132.6139,33.2117],[132.614,33.2116],[132.6141,33.2114],[132.6141,33.2113],[132.6143,33.2109],[132.6143,33.2108],[132.6142,33.2106],[132.6142,33.2104],[132.6141,33.2103],[132.6139,33.2101],[132.6138,33.2099],[132.6137,33.2098],[132.6136,33.2096],[132.6135,33.2094],[132.6135,33.2093],[132.6135,33.2087],[132.6135,33.2086],[132.6135,33.2085],[132.6135,33.2084],[132.6135,33.2083],[132.6136,33.2081],[132.6136,33.2079],[132.6136,33.2078],[132.6135,33.2076],[132.6133,33.2075],[132.6132,33.2073],[132.6128,33.2071],[132.6127,33.207],[132.6126,33.2069],[132.6125,33.2067],[132.6124,33.2066],[132.6124,33.2064],[132.6124,33.2063],[132.6123,33.2062],[132.6122,33.206],[132.6122,33.2059],[132.6121,33.2057],[132.6122,33.2055],[132.6122,33.205],[132.6122,33.2049],[132.6122,33.2047],[132.6122,33.2045],[132.6123,33.2041],[132.6123,33.204],[132.6123,33.2038],[132.6124,33.2036],[132.6124,33.2035],[132.6123,33.2033],[132.6122,33.2031],[132.6123,33.203],[132.6126,33.203],[132.6127,33.2029],[132.613,33.2029],[132.6134,33.2028],[132.6137,33.2027],[132.6138,33.2026],[132.614,33.2025],[132.6141,33.2024],[132.6142,33.2024],[132.6143,33.2022],[132.6145,33.202],[132.6147,33.2019],[132.6148,33.2018],[132.615,33.2017],[132.6154,33.2015],[132.6155,33.2016],[132.6157,33.2016],[132.6159,33.2015],[132.616,33.2013],[132.6162,33.2013],[132.6164,33.201],[132.6166,33.2009],[132.6167,33.2009],[132.6168,33.2009],[132.6169,33.2009],[132.6172,33.201],[132.6174,33.2011],[132.6178,33.2011],[132.6182,33.2012],[132.6184,33.2012],[132.6189,33.2013],[132.6192,33.2014],[132.6195,33.2014],[132.6199,33.2015],[132.6202,33.2015],[132.6204,33.2016],[132.6206,33.2016],[132.6208,33.2016],[132.6214,33.2018],[132.6216,33.2019],[132.6218,33.2019],[132.622,33.202],[132.6225,33.2022],[132.6229,33.2023],[132.623,33.2024],[132.6234,33.2025],[132.6238,33.2026],[132.625,33.2027],[132.6257,33.2027],[132.6258,33.2027],[132.626,33.2028],[132.6263,33.2029],[132.6267,33.2031],[132.6268,33.2032],[132.627,33.2033],[132.6271,33.2035],[132.6272,33.2037],[132.6273,33.2039],[132.6274,33.204],[132.6275,33.2042],[132.628,33.2045],[132.6281,33.2046],[132.6285,33.2048],[132.6287,33.2049],[132.6291,33.2052],[132.6292,33.2053],[132.6296,33.2054],[132.63,33.2056],[132.6302,33.2056],[132.6307,33.2057],[132.6311,33.2059],[132.6313,33.2059],[132.6315,33.206],[132.6317,33.2062],[132.6318,33.2062],[132.6321,33.2064],[132.6323,33.2065],[132.6324,33.2066],[132.6327,33.2068],[132.633,33.207],[132.6332,33.2071],[132.6333,33.2071],[132.6334,33.2072],[132.6336,33.2072],[132.634,33.2073],[132.6344,33.2073],[132.6345,33.2074],[132.6347,33.2076],[132.6345,33.2081],[132.6345,33.2083],[132.6344,33.2083],[132.6344,33.2084],[132.6345,33.2087],[132.6346,33.2088],[132.6348,33.2091],[132.6349,33.2092],[132.635,33.2093],[132.6351,33.2097],[132.6352,33.2102],[132.6353,33.2103],[132.6353,33.2105],[132.6355,33.2108],[132.6357,33.2111],[132.6357,33.2112],[132.6359,33.2114],[132.6362,33.212],[132.6363,33.2121],[132.6364,33.2123],[132.6366,33.2125],[132.6367,33.2127],[132.6368,33.2127],[132.6369,33.2128],[132.6371,33.2129],[132.6374,33.213],[132.6379,33.213],[132.638,33.213],[132.6382,33.213],[132.6385,33.2131],[132.6391,33.2131],[132.6393,33.2131],[132.6395,33.2131],[132.6399,33.2131],[132.6403,33.2131],[132.6405,33.2132],[132.6407,33.2132],[132.6409,33.2133],[132.6415,33.2134],[132.6417,33.2134],[132.6421,33.2134],[132.6424,33.2134],[132.6428,33.2131],[132.643,33.213],[132.6432,33.2129],[132.6435,33.2127],[132.6438,33.2126],[132.644,33.2127],[132.6443,33.2127],[132.6448,33.213],[132.645,33.2131],[132.6451,33.2131],[132.6454,33.2133],[132.6459,33.2135],[132.646,33.2135],[132.6462,33.2136],[132.6465,33.2137],[132.6466,33.2138],[132.6469,33.2138],[132.6471,33.2137],[132.6473,33.2137],[132.6476,33.2136],[132.6478,33.2136],[132.6482,33.2134],[132.6484,33.2134],[132.6487,33.2133],[132.6489,33.2133],[132.649,33.2133],[132.6492,33.2134],[132.6494,33.2134],[132.6496,33.2135],[132.6499,33.2136],[132.65,33.2136],[132.6502,33.2136],[132.6504,33.2136],[132.6506,33.2137],[132.6507,33.2137],[132.651,33.2138],[132.6514,33.2139],[132.6517,33.2139],[132.6519,33.2139],[132.6522,33.214],[132.6525,33.2141],[132.6529,33.2142],[132.6531,33.2142],[132.6535,33.2142],[132.6539,33.2142],[132.6541,33.2142],[132.6543,33.2142],[132.6545,33.2142],[132.655,33.2141],[132.6553,33.2141],[132.6555,33.214],[132.6558,33.214],[132.6561,33.2138],[132.6562,33.2137],[132.6564,33.2137],[132.6566,33.2136],[132.6568,33.2135],[132.6572,33.2134],[132.6575,33.2134],[132.6577,33.2134],[132.658,33.2134],[132.6582,33.2135],[132.6583,33.2136],[132.6586,33.2137],[132.6593,33.2142],[132.6602,33.2145],[132.661,33.215],[132.6611,33.2151],[132.6615,33.2151],[132.6621,33.2154],[132.6627,33.2157],[132.6637,33.2163],[132.6638,33.2163],[132.6645,33.2167],[132.665,33.2169],[132.6651,33.2171],[132.6654,33.2176],[132.6658,33.218],[132.666,33.2183],[132.6661,33.2187],[132.6665,33.2195],[132.6668,33.2198],[132.6672,33.2208],[132.6673,33.2209],[132.6678,33.2216],[132.6682,33.2222],[132.6684,33.2223],[132.6689,33.2225],[132.6694,33.2228],[132.6699,33.2233],[132.6706,33.2239],[132.671,33.2241],[132.6715,33.2242],[132.6722,33.2242],[132.6727,33.2243],[132.6729,33.2244],[132.6737,33.2252],[132.6742,33.2259],[132.6746,33.2263],[132.6747,33.2263],[132.6756,33.2264],[132.6759,33.2266],[132.6765,33.2267],[132.6769,33.2269],[132.6771,33.2274],[132.6772,33.2276],[132.6778,33.228],[132.6782,33.2282],[132.6787,33.2283],[132.6789,33.2284],[132.679,33.2289],[132.6791,33.229],[132.6796,33.2291],[132.6797,33.2294],[132.6799,33.2305],[132.68,33.231],[132.6804,33.2315],[132.6806,33.2319],[132.6807,33.2329],[132.6805,33.2331],[132.68,33.2333],[132.6793,33.2338],[132.679,33.2341],[132.679,33.2344],[132.6792,33.2349],[132.6791,33.2356],[132.6791,33.2358],[132.6791,33.2374],[132.6791,33.238],[132.6794,33.2385],[132.6795,33.2391],[132.6796,33.2392],[132.6799,33.2393],[132.6802,33.2393],[132.6807,33.2394],[132.6814,33.2398],[132.6816,33.24],[132.6819,33.2405],[132.6822,33.2406],[132.6826,33.2407],[132.6828,33.2409],[132.6831,33.2411],[132.6836,33.2415],[132.6843,33.2419],[132.6849,33.2422],[132.6855,33.2425],[132.6857,33.2426],[132.6866,33.2428],[132.6878,33.2431],[132.6885,33.243],[132.6891,33.2431],[132.6893,33.2433],[132.6895,33.2434],[132.6897,33.2435],[132.6898,33.2434],[132.69,33.2431],[132.6904,33.2429],[132.6913,33.2427],[132.6919,33.2425],[132.6923,33.2427],[132.6924,33.2427],[132.6931,33.2423],[132.6933,33.2423],[132.6935,33.2424],[132.6941,33.2429],[132.6945,33.2429],[132.695,33.2431],[132.6953,33.2434],[132.6956,33.2438],[132.6957,33.244],[132.6959,33.2443],[132.696,33.2444],[132.6968,33.2444],[132.6972,33.2445],[132.6974,33.2447],[132.6977,33.2447],[132.6983,33.2445],[132.6986,33.2444],[132.6988,33.2444],[132.6991,33.2445],[132.6995,33.2448],[132.6996,33.2451],[132.6998,33.2452],[132.7002,33.2453],[132.7007,33.2455],[132.7009,33.2456],[132.7014,33.2458],[132.7017,33.2458],[132.7023,33.2457],[132.7024,33.2456],[132.7024,33.2453],[132.7029,33.2446],[132.7032,33.2446],[132.7034,33.2449],[132.7036,33.2451],[132.704,33.2452],[132.7042,33.2452],[132.7043,33.2449],[132.7039,33.2444],[132.7038,33.2441],[132.7037,33.2437],[132.7038,33.2433],[132.704,33.2432],[132.7044,33.2431],[132.7045,33.2432],[132.7048,33.2435],[132.7051,33.2438],[132.7055,33.244],[132.7061,33.2446],[132.7063,33.2447],[132.7067,33.2444],[132.707,33.2444],[132.7075,33.2445],[132.7076,33.2449],[132.7076,33.2453],[132.7077,33.2455],[132.7081,33.2458],[132.7083,33.2461],[132.7084,33.2462],[132.7087,33.2463],[132.7094,33.2464],[132.7099,33.2464],[132.71,33.2463],[132.7101,33.2458],[132.7105,33.2452],[132.7107,33.2448],[132.7108,33.2441],[132.7112,33.2439],[132.7116,33.2435],[132.7124,33.2432],[132.7128,33.243],[132.7132,33.2429],[132.7134,33.2428],[132.7133,33.2422],[132.7135,33.242],[132.7142,33.2421],[132.7144,33.2422],[132.7152,33.2424],[132.716,33.2426],[132.7164,33.2426],[132.717,33.2425],[132.7176,33.2426],[132.7181,33.2428],[132.7183,33.2431],[132.7189,33.2438],[132.719,33.244],[132.7191,33.2446],[132.7191,33.2463],[132.719,33.2469],[132.7188,33.2472],[132.7188,33.2473],[132.7192,33.2474],[132.7195,33.2473],[132.7201,33.247],[132.7205,33.2468],[132.721,33.2464],[132.7216,33.246],[132.7222,33.2457],[132.7224,33.2455],[132.7226,33.2451],[132.7227,33.2445],[132.7228,33.2443],[132.7233,33.2443],[132.7235,33.2442],[132.7248,33.2443],[132.7257,33.2441],[132.7264,33.2439],[132.7267,33.2439],[132.7274,33.2437],[132.7281,33.2435],[132.7283,33.2435],[132.7288,33.2437],[132.7291,33.2435],[132.7295,33.2434],[132.7298,33.2433],[132.73,33.2434],[132.73,33.2437],[132.7298,33.2445],[132.7297,33.245],[132.73,33.2455],[132.7303,33.2459],[132.7307,33.246],[132.7312,33.2462],[132.7314,33.2463],[132.7318,33.2468],[132.732,33.2472],[132.7321,33.2475],[132.7323,33.2487],[132.7325,33.2496],[132.7327,33.25],[132.733,33.2503],[132.7333,33.2506],[132.7335,33.2508],[132.7336,33.2512],[132.7337,33.2516],[132.7337,33.2518],[132.7343,33.2522],[132.7344,33.2524],[132.7344,33.2528],[132.7344,33.2539],[132.7345,33.2541],[132.7348,33.2543],[132.7353,33.2544],[132.7354,33.2545],[132.7358,33.2549],[132.7363,33.2553],[132.7369,33.2555],[132.7378,33.256],[132.7385,33.2563],[132.7391,33.2567],[132.7396,33.2573],[132.74,33.2579],[132.7406,33.2585],[132.7414,33.2593],[132.742,33.2597],[132.7422,33.2599],[132.7424,33.2609],[132.7425,33.2612],[132.7428,33.2615],[132.743,33.2616],[132.7434,33.2616],[132.7437,33.2615],[132.7441,33.2613],[132.7446,33.2613],[132.7449,33.2612],[132.7458,33.2613],[132.7465,33.2612],[132.7468,33.2612],[132.7472,33.2608],[132.7475,33.2608],[132.7479,33.2604],[132.7481,33.2601],[132.7484,33.2598],[132.7492,33.2594],[132.7497,33.259],[132.75,33.2589],[132.751,33.2592],[132.7517,33.2592],[132.7521,33.2589],[132.7524,33.2588],[132.7529,33.2587],[132.7533,33.2588],[132.7537,33.259],[132.754,33.2591],[132.755,33.259],[132.7553,33.259],[132.7557,33.2592],[132.7561,33.2594],[132.7563,33.2596],[132.7566,33.2601],[132.7567,33.2604],[132.7574,33.2608],[132.7582,33.2612],[132.7589,33.2613],[132.7597,33.2615],[132.7602,33.2615],[132.7608,33.2616],[132.761,33.2617],[132.7612,33.262],[132.7615,33.2624],[132.7615,33.2625],[132.7619,33.263],[132.7625,33.264],[132.7627,33.2641],[132.7632,33.2646],[132.7635,33.2648],[132.7639,33.2651],[132.7641,33.2655],[132.7641,33.2659],[132.7644,33.2664],[132.7645,33.2668],[132.7647,33.2674],[132.7648,33.2676],[132.765,33.2679],[132.7653,33.2683],[132.7657,33.2686],[132.7659,33.2687],[132.7664,33.2688],[132.7668,33.269],[132.7677,33.2693],[132.7678,33.2695],[132.7679,33.2698],[132.7682,33.2704],[132.7684,33.2707],[132.7689,33.2712],[132.7691,33.2715],[132.7694,33.2718],[132.7701,33.2723],[132.7703,33.2725],[132.7704,33.2727],[132.7705,33.2732],[132.7707,33.2736],[132.771,33.274],[132.7712,33.2743],[132.7713,33.2745],[132.7714,33.2747],[132.7718,33.2755],[132.7721,33.2763],[132.7723,33.2771],[132.7723,33.2772],[132.7723,33.2775],[132.7727,33.2773],[132.773,33.2774],[132.7737,33.2774],[132.774,33.2773],[132.7746,33.2771],[132.7749,33.2772],[132.7752,33.2772],[132.7754,33.2771],[132.7756,33.2769],[132.7759,33.2764],[132.7761,33.2761],[132.7767,33.2757],[132.7769,33.2756],[132.7776,33.2756],[132.7783,33.2753],[132.7786,33.2752],[132.7792,33.2751],[132.7796,33.2749],[132.7798,33.2747],[132.78,33.2743],[132.7799,33.274],[132.7798,33.2739],[132.7798,33.2737],[132.7798,33.2731],[132.7797,33.2728],[132.7798,33.2725],[132.7801,33.2716],[132.7803,33.2711],[132.7808,33.2706],[132.7808,33.2703],[132.7811,33.27],[132.7814,33.2698],[132.7822,33.2693],[132.7827,33.2688],[132.7833,33.2681],[132.7835,33.2678],[132.7842,33.2674],[132.7845,33.2672],[132.7852,33.267],[132.7856,33.267],[132.7865,33.267],[132.7871,33.267],[132.7873,33.2673],[132.7875,33.2677],[132.7875,33.2681],[132.7877,33.2683],[132.7879,33.2684],[132.7882,33.2684],[132.7884,33.2685],[132.7886,33.269],[132.7887,33.2692],[132.7887,33.2697],[132.7891,33.2705],[132.7901,33.2713],[132.7904,33.2715],[132.7907,33.2719],[132.7911,33.2725],[132.7913,33.273],[132.7916,33.2736],[132.792,33.2739],[132.7923,33.2742],[132.7926,33.2746],[132.7931,33.2748],[132.7935,33.2749],[132.7941,33.2748],[132.7946,33.2746],[132.7951,33.2744],[132.7953,33.2744],[132.7959,33.2742],[132.7964,33.2742],[132.7972,33.2743],[132.7976,33.2745],[132.7985,33.2751],[132.7989,33.2752],[132.7996,33.2752],[132.8002,33.2754],[132.8005,33.2755],[132.8015,33.276],[132.8025,33.2766],[132.8033,33.2773],[132.8036,33.2775],[132.804,33.2777],[132.8047,33.2778],[132.8053,33.278],[132.8063,33.2783],[132.8067,33.2786],[132.8072,33.2789],[132.8077,33.2792],[132.8081,33.2794],[132.8085,33.2797],[132.809,33.2799],[132.8093,33.2799],[132.8099,33.2802],[132.8103,33.2802],[132.8114,33.2798],[132.8118,33.2798],[132.812,33.2798],[132.8127,33.28],[132.8135,33.2803],[132.8138,33.2804],[132.8145,33.2807],[132.8147,33.2808],[132.8147,33.281],[132.8148,33.2816],[132.8148,33.2818],[132.8148,33.2822],[132.8149,33.2824],[132.8157,33.2831],[132.8159,33.2832],[132.8162,33.2833],[132.8165,33.2836],[132.8169,33.2837],[132.8174,33.2838],[132.8176,33.2838],[132.8184,33.2837],[132.8203,33.2835],[132.8212,33.2835],[132.8215,33.2834],[132.8218,33.2831],[132.8227,33.2829],[132.8231,33.2828],[132.8235,33.2827],[132.8239,33.2824],[132.8242,33.2822],[132.8244,33.2822],[132.8246,33.2824],[132.8249,33.2826],[132.8256,33.2831],[132.826,33.2831],[132.8265,33.283],[132.827,33.283],[132.8279,33.2832],[132.8281,33.2833],[132.8286,33.2835],[132.829,33.2836],[132.8291,33.2837],[132.8298,33.284],[132.8301,33.2843],[132.8303,33.2845],[132.8305,33.2848],[132.8308,33.285],[132.8311,33.2852],[132.8316,33.2853],[132.8319,33.2854],[132.8326,33.2854],[132.8328,33.2855],[132.8329,33.2857],[132.8332,33.2861],[132.8333,33.2865],[132.8335,33.2869],[132.8341,33.2872],[132.8343,33.2874],[132.8347,33.2879],[132.8348,33.288],[132.8355,33.2883],[132.8359,33.2885],[132.8362,33.2886],[132.8365,33.2889],[132.8366,33.2892],[132.8368,33.2894],[132.8371,33.2895],[132.8373,33.2895],[132.8376,33.2894],[132.8381,33.2891],[132.8382,33.2889],[132.8384,33.2885],[132.8385,33.2883],[132.8389,33.2881],[132.8396,33.2879],[132.8404,33.2878],[132.8407,33.2878],[132.8411,33.2879],[132.8414,33.288],[132.8418,33.2882],[132.8421,33.2883],[132.8423,33.2882],[132.8432,33.2883],[132.8435,33.2883],[132.845,33.2885],[132.8454,33.2888],[132.8457,33.2889],[132.8461,33.289],[132.8464,33.2889],[132.8469,33.2889],[132.8472,33.2889],[132.8481,33.2894],[132.8485,33.2895],[132.849,33.2896],[132.8495,33.2895],[132.8497,33.2896],[132.85,33.29],[132.8503,33.2902],[132.8511,33.2912],[132.8514,33.2916],[132.8518,33.2917],[132.8523,33.2918],[132.8526,33.2919],[132.8528,33.292],[132.8533,33.2923],[132.8536,33.2928],[132.8538,33.2929],[132.8541,33.2929],[132.8545,33.2927],[132.8547,33.2928],[132.855,33.2926],[132.8552,33.2925],[132.8557,33.2926],[132.8563,33.2927],[132.8569,33.2928],[132.8573,33.2929],[132.8576,33.2931],[132.8577,33.2932],[132.8581,33.2939],[132.8582,33.294],[132.8589,33.294],[132.859,33.294],[132.8598,33.2947],[132.8608,33.2957],[132.8615,33.2962],[132.8622,33.2968],[132.8623,33.297],[132.8631,33.2978],[132.8633,33.2979],[132.864,33.2981],[132.8644,33.2983],[132.8649,33.2986],[132.8652,33.2989],[132.8658,33.2995],[132.8665,33.3],[132.8668,33.3003],[132.8676,33.3005],[132.8682,33.3008],[132.8687,33.301],[132.8692,33.3014],[132.8696,33.3018],[132.87,33.3021],[132.8712,33.3028],[132.8716,33.3031],[132.8719,33.3034],[132.8721,33.3039],[132.8722,33.3045],[132.8725,33.3049],[132.8729,33.3049],[132.8733,33.3049],[132.8739,33.305],[132.8741,33.3051],[132.8744,33.305],[132.8748,33.3049],[132.8751,33.3049],[132.8756,33.3051],[132.8759,33.3052],[132.8763,33.3053],[132.8774,33.3055],[132.879,33.3059],[132.8797,33.3061],[132.8801,33.3061],[132.8808,33.3059],[132.8809,33.3059],[132.8812,33.3061],[132.8815,33.3064],[132.882,33.3068],[132.8823,33.3069],[132.8831,33.307],[132.8835,33.3071],[132.8843,33.3072],[132.8846,33.3072],[132.8849,33.3071],[132.8854,33.3073],[132.8864,33.3079],[132.8874,33.3085],[132.8876,33.3086],[132.8883,33.309],[132.8888,33.3092],[132.8894,33.3095],[132.8905,33.3103],[132.8912,33.3108],[132.8921,33.3113],[132.8923,33.3115],[132.8931,33.3119],[132.894,33.312],[132.8947,33.3119],[132.8952,33.3119],[132.8955,33.312],[132.8958,33.3121],[132.8962,33.3124],[132.8968,33.3132],[132.8971,33.3134],[132.8977,33.3137],[132.8982,33.3143],[132.8985,33.3147],[132.8987,33.3149],[132.8988,33.3154],[132.8988,33.3158],[132.8987,33.3168],[132.8989,33.3172],[132.8992,33.3177],[132.9,33.3185],[132.9004,33.3189],[132.9005,33.3193],[132.9005,33.3197],[132.9007,33.3206],[132.9006,33.3209],[132.9004,33.3212],[132.9001,33.3221],[132.8999,33.3225],[132.8997,33.3231],[132.8996,33.3233],[132.899,33.3245],[132.899,33.3246],[132.8992,33.3248],[132.8997,33.3253],[132.9001,33.3255],[132.9004,33.3258],[132.9008,33.3262],[132.9012,33.3267],[132.9014,33.3269],[132.9016,33.3271],[132.9019,33.3275],[132.902,33.3278],[132.9026,33.3289],[132.903,33.3295],[132.9033,33.3301],[132.9035,33.3307],[132.9035,33.331],[132.9033,33.3316],[132.9029,33.3319],[132.9026,33.3326],[132.9024,33.3332],[132.9024,33.3335],[132.9021,33.3341],[132.9019,33.3351],[132.9018,33.3358],[132.9018,33.3361],[132.9019,33.3365],[132.9022,33.3368],[132.9026,33.3369],[132.9028,33.337],[132.903,33.3377],[132.9029,33.338],[132.9024,33.3387],[132.9021,33.3392],[132.9017,33.3397],[132.9014,33.34],[132.9012,33.3404],[132.9011,33.341],[132.9009,33.3414],[132.9005,33.3422],[132.9004,33.3424],[132.9007,33.3427],[132.9007,33.3429],[132.9007,33.3432],[132.9004,33.3437],[132.9003,33.3439],[132.8999,33.3442],[132.8995,33.3449],[132.8992,33.3453],[132.8988,33.3456],[132.8981,33.346],[132.8976,33.3465],[132.8976,33.3467],[132.8973,33.3471],[132.8971,33.3473],[132.8969,33.348],[132.8967,33.3483],[132.8961,33.3488],[132.8956,33.3491],[132.8952,33.3492],[132.8949,33.3494],[132.8947,33.3495],[132.8945,33.3498],[132.8943,33.3504],[132.8939,33.3511],[132.8936,33.3516],[132.8937,33.3522],[132.8938,33.3525],[132.8935,33.353],[132.8931,33.3534],[132.8929,33.3536],[132.8922,33.354],[132.8921,33.3542],[132.8913,33.3546],[132.8911,33.3547],[132.891,33.3549],[132.8908,33.3552],[132.8909,33.3557],[132.8907,33.3562],[132.8905,33.3566],[132.8901,33.3575],[132.8899,33.3577],[132.8891,33.3581],[132.8887,33.3582],[132.8878,33.3584],[132.8875,33.3585],[132.8871,33.3587],[132.8857,33.36],[132.8853,33.3603],[132.8849,33.3608],[132.8847,33.361],[132.8842,33.3618],[132.884,33.3622],[132.8838,33.3623],[132.8831,33.3626],[132.883,33.3626],[132.8819,33.3625],[132.8811,33.3625],[132.8794,33.3625],[132.8791,33.3626],[132.8784,33.3629],[132.8771,33.3637],[132.8765,33.364],[132.8762,33.3641],[132.8759,33.3641],[132.8746,33.3639],[132.8741,33.364],[132.8738,33.3641],[132.8736,33.3643],[132.8728,33.3648],[132.8725,33.365],[132.8724,33.3651],[132.872,33.3659],[132.8718,33.3661],[132.8713,33.3664],[132.8709,33.3666],[132.8704,33.3667],[132.8704,33.3668],[132.8702,33.3672],[132.87,33.3674],[132.8695,33.3675],[132.8691,33.3673],[132.8688,33.3673],[132.8682,33.3675],[132.8676,33.3677],[132.8667,33.3681],[132.8666,33.3681],[132.8663,33.3681],[132.8657,33.3678],[132.8652,33.3675],[132.865,33.3674],[132.8639,33.3674],[132.8627,33.3675],[132.8618,33.3675],[132.8613,33.3676],[132.8606,33.368],[132.8603,33.3682],[132.86,33.3685],[132.8599,33.3686],[132.8598,33.3688],[132.8598,33.3694],[132.8596,33.37],[132.8596,33.3703],[132.8596,33.3711],[132.8596,33.3716],[132.8592,33.3721],[132.8591,33.3723],[132.8591,33.3727],[132.8593,33.3733],[132.8592,33.3737],[132.8591,33.3739],[132.8586,33.3744],[132.8581,33.3749],[132.8578,33.3755],[132.8576,33.376],[132.8573,33.3768],[132.8571,33.3772],[132.8568,33.3776],[132.8566,33.3781],[132.8565,33.3785],[132.8565,33.3788],[132.8565,33.3797],[132.8567,33.3807],[132.8566,33.3809],[132.8566,33.3817],[132.8565,33.3823],[132.8565,33.3826],[132.8563,33.383],[132.856,33.3837],[132.8558,33.384],[132.8556,33.3844],[132.8552,33.3849],[132.855,33.3854],[132.8549,33.3856],[132.8546,33.3859],[132.8545,33.3861],[132.8543,33.3866],[132.8542,33.3869],[132.854,33.3872],[132.8534,33.3877],[132.853,33.3882],[132.853,33.388],[132.8528,33.3876],[132.8527,33.3875],[132.8525,33.3874],[132.8523,33.3873],[132.8523,33.3872],[132.8522,33.387],[132.8521,33.3868],[132.852,33.3867],[132.852,33.3865],[132.852,33.3863],[132.852,33.3862],[132.8519,33.3861],[132.8516,33.386],[132.8515,33.386],[132.8513,33.386],[132.8511,33.3859],[132.851,33.3858],[132.8509,33.3858],[132.8509,33.3857],[132.8508,33.3856],[132.8507,33.3854],[132.8506,33.3853],[132.8504,33.385],[132.8503,33.3849],[132.8502,33.3848],[132.8501,33.3846],[132.85,33.3846],[132.8499,33.3845],[132.8498,33.3844],[132.8497,33.3843],[132.8495,33.3842],[132.8493,33.3841],[132.8492,33.384],[132.849,33.3839],[132.8486,33.3837],[132.8484,33.3835],[132.8482,33.3835],[132.8481,33.3833],[132.848,33.3831],[132.8479,33.383],[132.8478,33.3827],[132.8477,33.3826],[132.8476,33.3825],[132.8475,33.3823],[132.8473,33.3821],[132.847,33.382],[132.8469,33.3819],[132.8468,33.3817],[132.8467,33.3815],[132.8467,33.3814],[132.8466,33.3813],[132.8463,33.3811],[132.8462,33.381],[132.846,33.3809],[132.8459,33.3809],[132.8457,33.3808],[132.8454,33.3807],[132.8452,33.3807],[132.845,33.3806],[132.8449,33.3804],[132.8447,33.3803],[132.8445,33.3801],[132.8444,33.3799],[132.8442,33.3797],[132.8439,33.3794],[132.8437,33.3792],[132.8435,33.3791],[132.8434,33.3789],[132.8432,33.3789],[132.8429,33.3788],[132.8426,33.3787],[132.8424,33.3786],[132.8422,33.3786],[132.8421,33.3785],[132.8419,33.3784],[132.8417,33.3783],[132.8416,33.3782],[132.8415,33.3782],[132.8413,33.378],[132.8409,33.3779],[132.8408,33.3778],[132.8406,33.3777],[132.8404,33.3777],[132.8402,33.3776],[132.8401,33.3776],[132.8398,33.3777],[132.8395,33.3777],[132.8393,33.3777],[132.8391,33.3777],[132.839,33.3778],[132.8389,33.3778],[132.8386,33.3779],[132.8385,33.378],[132.8384,33.3781],[132.8383,33.3782],[132.838,33.3785],[132.8379,33.3785],[132.8378,33.3786],[132.8377,33.3787],[132.8375,33.3787],[132.8373,33.3788],[132.8372,33.3788],[132.8371,33.3787],[132.837,33.3787],[132.837,33.3785],[132.8369,33.3783],[132.8368,33.378],[132.8367,33.3777],[132.8366,33.3775],[132.8365,33.3774],[132.8364,33.3773],[132.8363,33.3772],[132.8361,33.3772],[132.8359,33.3772],[132.8358,33.3772],[132.8355,33.3771],[132.8354,33.3771],[132.8353,33.377],[132.8353,33.3769],[132.8352,33.3768],[132.8351,33.3766],[132.8351,33.3765],[132.8349,33.3765],[132.8347,33.3764],[132.8345,33.3763],[132.8343,33.3762],[132.8342,33.3761],[132.834,33.376],[132.8339,33.3759],[132.8337,33.3758],[132.8335,33.3758],[132.8334,33.3757],[132.8333,33.3757],[132.8332,33.3757],[132.833,33.3757],[132.8328,33.3756],[132.8324,33.3755],[132.8323,33.3754],[132.8321,33.3754],[132.8319,33.3754],[132.8317,33.3754],[132.8315,33.3753],[132.8313,33.3753],[132.8311,33.3753],[132.8309,33.3752],[132.8307,33.3752],[132.8305,33.3752],[132.8303,33.3751],[132.8301,33.375],[132.8299,33.3749],[132.8297,33.3748],[132.8295,33.3746],[132.8293,33.3745],[132.8291,33.3744],[132.829,33.3744],[132.8287,33.3743],[132.8284,33.3743],[132.828,33.3742],[132.8278,33.3742],[132.8276,33.3741],[132.8273,33.374],[132.8272,33.3738],[132.827,33.3737],[132.8269,33.3736],[132.8266,33.3734],[132.8264,33.3733],[132.8262,33.3732],[132.8261,33.3732],[132.8256,33.3731],[132.8255,33.373],[132.8255,33.3729],[132.8256,33.3728],[132.8256,33.3727],[132.8257,33.3725],[132.8257,33.3723],[132.8257,33.3722],[132.8257,33.372],[132.8257,33.3718],[132.8257,33.3714],[132.8258,33.3713],[132.8258,33.3712],[132.8258,33.371],[132.8259,33.3709],[132.826,33.3706],[132.826,33.3705],[132.826,33.3704],[132.826,33.3702],[132.826,33.3701],[132.826,33.3699],[132.826,33.3697],[132.8259,33.3695],[132.8258,33.3693],[132.8258,33.3692],[132.8257,33.369],[132.8255,33.3687],[132.8254,33.3684],[132.8253,33.3683],[132.8253,33.3681],[132.8252,33.3679],[132.8253,33.3678],[132.8253,33.3677],[132.8253,33.3676],[132.8253,33.3674],[132.8253,33.3672],[132.8253,33.367],[132.8252,33.3668],[132.8252,33.3667],[132.8251,33.3667],[132.8251,33.3666],[132.825,33.3664],[132.8249,33.3663],[132.8248,33.3662],[132.8248,33.3661],[132.8247,33.3659],[132.8246,33.3658],[132.8246,33.3657],[132.8245,33.3656],[132.8244,33.3654],[132.8242,33.3652],[132.8241,33.3651],[132.8241,33.365],[132.824,33.3649],[132.8239,33.3648],[132.8238,33.3646],[132.8237,33.3645],[132.8235,33.3643],[132.8234,33.3642],[132.8233,33.3641],[132.8233,33.364],[132.8233,33.3639],[132.8232,33.3638],[132.8232,33.3637],[132.8231,33.3635],[132.823,33.3634],[132.8229,33.3632],[132.8229,33.3629],[132.8228,33.3627],[132.8228,33.3626],[132.8227,33.3625],[132.8227,33.3623],[132.8226,33.3621],[132.8225,33.3619],[132.8223,33.3617],[132.8222,33.3616],[132.8221,33.3614],[132.822,33.3613],[132.822,33.3612],[132.822,33.3611],[132.822,33.3609],[132.8221,33.3608],[132.8221,33.3604],[132.8221,33.36],[132.8221,33.3599],[132.8221,33.3597],[132.8221,33.3596],[132.822,33.3594],[132.822,33.3592],[132.822,33.3591],[132.8219,33.359],[132.8218,33.3588],[132.8217,33.3587],[132.8216,33.3585],[132.8215,33.3584],[132.8215,33.3583],[132.8215,33.3581],[132.8215,33.358],[132.8215,33.3579],[132.8215,33.3578],[132.8215,33.3576],[132.8214,33.3573],[132.8214,33.3572],[132.8214,33.3571],[132.8213,33.357],[132.8212,33.3569],[132.821,33.3568],[132.8209,33.3567],[132.8208,33.3567],[132.8207,33.3567],[132.8206,33.3567],[132.8203,33.3567],[132.8201,33.3567],[132.8199,33.3568],[132.8196,33.3568],[132.8194,33.3568],[132.8193,33.3568],[132.8192,33.3567],[132.819,33.3566],[132.8188,33.3564],[132.8186,33.3562],[132.8185,33.356],[132.8184,33.3559],[132.8182,33.3558],[132.8181,33.3557],[132.8179,33.3556],[132.8177,33.3555],[132.8176,33.3554],[132.8174,33.3554],[132.8172,33.3553],[132.817,33.3553],[132.8169,33.3552],[132.8168,33.3552],[132.8167,33.355],[132.8166,33.3549],[132.8165,33.3548],[132.8164,33.3547],[132.8162,33.3546],[132.8161,33.3545],[132.816,33.3543],[132.8159,33.3542],[132.8159,33.354],[132.8158,33.3539],[132.8157,33.3537],[132.8156,33.3535],[132.8153,33.3534],[132.8152,33.3534],[132.8151,33.3533],[132.815,33.3533],[132.8149,33.3532],[132.8147,33.353],[132.8146,33.3529],[132.8144,33.3527],[132.8143,33.3525],[132.8141,33.3523],[132.8139,33.352],[132.8138,33.3518],[132.8137,33.3517],[132.8136,33.3516],[132.8135,33.3515],[132.8134,33.3513],[132.8132,33.351],[132.8132,33.3509],[132.8131,33.3508],[132.8131,33.3507],[132.8129,33.3505],[132.8128,33.3504],[132.8127,33.3502],[132.8126,33.3501],[132.8125,33.35],[132.8124,33.3499],[132.8122,33.3497],[132.8121,33.3497],[132.8119,33.3495],[132.8118,33.3494],[132.8116,33.3493],[132.8115,33.3491],[132.8114,33.349],[132.8112,33.3488],[132.8111,33.3487],[132.811,33.3486],[132.8109,33.3486],[132.8107,33.3486],[132.8104,33.3486],[132.8102,33.3486],[132.81,33.3486],[132.8098,33.3486],[132.8095,33.3485],[132.8094,33.3485],[132.8092,33.3485],[132.8091,33.3484],[132.8089,33.3483],[132.8089,33.3482],[132.8088,33.3481],[132.8088,33.348],[132.8088,33.3478],[132.8087,33.3475],[132.8086,33.3474],[132.8086,33.3472],[132.8084,33.347],[132.8083,33.3468],[132.8083,33.3467],[132.8082,33.3466],[132.8082,33.3465],[132.8081,33.3465],[132.8079,33.3464],[132.8077,33.3464],[132.8076,33.3463],[132.8074,33.3461],[132.8071,33.3459],[132.807,33.3458],[132.8069,33.3456],[132.8066,33.3453],[132.8066,33.3452],[132.8064,33.3451],[132.8062,33.345],[132.806,33.3449],[132.8055,33.3448],[132.8053,33.3448],[132.8052,33.3447],[132.805,33.3447],[132.8049,33.3446],[132.8048,33.3445],[132.8046,33.3444],[132.8045,33.3442],[132.8043,33.3441],[132.8042,33.344],[132.804,33.3438],[132.8039,33.3436],[132.8036,33.3434],[132.8035,33.3432],[132.8034,33.3432],[132.8033,33.3431],[132.803,33.343],[132.8027,33.343],[132.8023,33.3429],[132.8021,33.3428],[132.8018,33.3427],[132.8016,33.3427],[132.8015,33.3427],[132.8014,33.3427],[132.8011,33.3428],[132.8009,33.3428],[132.8007,33.3428],[132.8004,33.3428],[132.8002,33.3428],[132.8,33.3429],[132.7999,33.3429],[132.7997,33.343],[132.7996,33.3431],[132.7995,33.3432],[132.7994,33.3433],[132.7992,33.3435],[132.7991,33.3435],[132.7989,33.3436],[132.7988,33.3436],[132.7986,33.3437],[132.7984,33.3438],[132.7982,33.3439],[132.7981,33.3439],[132.7979,33.3439],[132.7977,33.3439],[132.7975,33.3439],[132.7973,33.3439],[132.7971,33.3438],[132.7968,33.3437],[132.7966,33.3437],[132.7964,33.3436],[132.7962,33.3437],[132.7958,33.3437],[132.7956,33.3437],[132.7954,33.3437],[132.7953,33.3437],[132.7951,33.3437],[132.7948,33.3437],[132.7945,33.3437],[132.7943,33.3437],[132.7942,33.3437],[132.794,33.3437],[132.7937,33.3437],[132.7936,33.3438],[132.7934,33.3438],[132.7933,33.3438],[132.7933,33.3439],[132.7932,33.344],[132.7931,33.344],[132.7931,33.3442],[132.7929,33.3447],[132.7928,33.3448],[132.7927,33.345],[132.7925,33.3452],[132.7924,33.3452],[132.7923,33.3452],[132.7922,33.3452],[132.7921,33.3451],[132.7921,33.3449],[132.792,33.3448],[132.7919,33.3445],[132.7919,33.3444],[132.7918,33.3441],[132.7917,33.344],[132.7917,33.3439],[132.7916,33.3438],[132.7915,33.3437],[132.7914,33.3437],[132.7911,33.3436],[132.791,33.3436],[132.7909,33.3436],[132.7907,33.3436],[132.7905,33.3438],[132.7904,33.3438],[132.7902,33.3439],[132.7899,33.3442],[132.7897,33.3443],[132.7897,33.3444],[132.7896,33.3445],[132.7895,33.3447],[132.7894,33.3448],[132.7893,33.3449],[132.7893,33.345],[132.7892,33.3451],[132.7891,33.3454],[132.789,33.3455],[132.7889,33.3456],[132.7889,33.3457],[132.7888,33.3458],[132.7888,33.3459],[132.7887,33.3461],[132.7887,33.3462],[132.7886,33.3463],[132.7885,33.3464],[132.7884,33.3464],[132.7882,33.3463],[132.7879,33.3462],[132.7878,33.3462],[132.7876,33.3461],[132.7874,33.3461],[132.7873,33.346],[132.7871,33.346],[132.787,33.3459],[132.7869,33.346],[132.7868,33.346],[132.7866,33.3462],[132.7865,33.3463],[132.7863,33.3464],[132.7861,33.3465],[132.786,33.3465],[132.7859,33.3465],[132.7856,33.3465],[132.7854,33.3465],[132.7852,33.3465],[132.785,33.3464],[132.7848,33.3464],[132.7847,33.3465],[132.7846,33.3466],[132.7845,33.3468],[132.7844,33.347],[132.7843,33.3471],[132.7842,33.3472],[132.7841,33.3475],[132.7841,33.3477],[132.784,33.348],[132.784,33.3481],[132.7839,33.3482],[132.7839,33.3483],[132.7839,33.3485],[132.7838,33.3487],[132.7838,33.3488],[132.7838,33.3491],[132.7838,33.3495],[132.7838,33.3496],[132.7838,33.3498],[132.7838,33.3499],[132.7839,33.35],[132.784,33.3504],[132.784,33.3505],[132.7841,33.3507],[132.7843,33.3508],[132.7844,33.3509],[132.7844,33.3511],[132.7842,33.3514],[132.7842,33.3515],[132.7842,33.3517],[132.7841,33.3519],[132.784,33.352],[132.7838,33.3523],[132.7837,33.3524],[132.7836,33.3526],[132.7835,33.3527],[132.7833,33.3529],[132.7832,33.353],[132.7831,33.3531],[132.7829,33.3533],[132.7829,33.3534],[132.7828,33.3535],[132.7828,33.3536],[132.7828,33.3538],[132.7828,33.3539],[132.7828,33.3541],[132.7828,33.3542],[132.7828,33.3545],[132.7827,33.3546],[132.7827,33.3547],[132.7825,33.3548],[132.7824,33.3548],[132.7823,33.3549],[132.7821,33.3549],[132.7819,33.3549],[132.7818,33.3549],[132.7816,33.355],[132.7814,33.3551],[132.7813,33.3552],[132.7811,33.3553],[132.7809,33.3555],[132.7808,33.3556],[132.7808,33.3557],[132.7807,33.3558],[132.7807,33.3559],[132.7806,33.356],[132.7805,33.356],[132.7803,33.3559],[132.7802,33.3559],[132.7801,33.3558],[132.78,33.3558],[132.7799,33.3557],[132.7799,33.3555],[132.7798,33.3554],[132.7798,33.3553],[132.7798,33.3551],[132.7798,33.355],[132.7797,33.3549],[132.7795,33.3548],[132.7794,33.3547],[132.7792,33.3546],[132.779,33.3545],[132.7788,33.3544],[132.7787,33.3543],[132.7785,33.3543],[132.7784,33.3542],[132.7783,33.3542],[132.7782,33.3541],[132.7781,33.3541],[132.7779,33.354],[132.7776,33.3539],[132.7772,33.3538],[132.777,33.3537],[132.7766,33.3536],[132.7764,33.3535],[132.7763,33.3535],[132.7762,33.3534],[132.7761,33.3531],[132.776,33.353],[132.776,33.3529],[132.7759,33.3528],[132.7757,33.3527],[132.7754,33.3524],[132.7751,33.3522],[132.775,33.3522],[132.7747,33.352],[132.7745,33.3519],[132.7743,33.3518],[132.7743,33.3517],[132.7742,33.3516],[132.7741,33.3512],[132.774,33.3511],[132.7739,33.351],[132.7739,33.3509],[132.7737,33.3509],[132.7735,33.3508],[132.7732,33.3507],[132.7731,33.3507],[132.773,33.3507],[132.7728,33.3506],[132.7726,33.3506],[132.7722,33.3506],[132.772,33.3505],[132.7719,33.3504],[132.7717,33.3504],[132.7715,33.3504],[132.7712,33.3503],[132.7711,33.3503],[132.7707,33.3503],[132.7706,33.3502],[132.7703,33.3502],[132.77,33.3502],[132.7697,33.3502],[132.7695,33.3502],[132.7693,33.3502],[132.7692,33.3501],[132.7691,33.35],[132.769,33.3499],[132.7688,33.3497],[132.7687,33.3495],[132.7686,33.3494],[132.7684,33.3493],[132.7683,33.3492],[132.7679,33.3492],[132.7679,33.3491],[132.7677,33.349],[132.7675,33.349],[132.7674,33.3489],[132.7672,33.3488],[132.7669,33.3487],[132.7667,33.3486],[132.7665,33.3485],[132.7664,33.3485],[132.7661,33.3485],[132.766,33.3484],[132.7658,33.3483],[132.7656,33.3483],[132.7654,33.3483],[132.7652,33.3483],[132.765,33.3484],[132.7648,33.3483],[132.7646,33.3483],[132.7643,33.3482],[132.7641,33.3481],[132.7639,33.3481],[132.7637,33.3481],[132.7635,33.348],[132.7634,33.348],[132.7632,33.348],[132.763,33.348],[132.7629,33.3479],[132.7627,33.3479],[132.7624,33.3478],[132.7623,33.3477],[132.7621,33.3477],[132.7619,33.3476],[132.7618,33.3476],[132.7616,33.3475],[132.7615,33.3475],[132.7612,33.3474],[132.761,33.3473],[132.7608,33.3473],[132.7607,33.3472],[132.7605,33.3472],[132.7603,33.3471],[132.7602,33.3471],[132.76,33.3469],[132.7598,33.3468],[132.7597,33.3467],[132.7595,33.3466],[132.7593,33.3466],[132.7592,33.3466],[132.759,33.3465],[132.7589,33.3465],[132.7588,33.3465],[132.7587,33.3464],[132.7586,33.3463],[132.7585,33.3462],[132.7585,33.3461],[132.7585,33.346],[132.7585,33.3459],[132.7584,33.3458],[132.7583,33.3458],[132.7582,33.3457],[132.758,33.3457],[132.7578,33.3457],[132.7577,33.3457],[132.7577,33.3456],[132.7576,33.3455],[132.7575,33.3453],[132.7573,33.345],[132.7572,33.3446],[132.757,33.3444],[132.757,33.3443],[132.7569,33.3442],[132.7568,33.3441],[132.7567,33.3441],[132.7566,33.344],[132.7563,33.3439],[132.7561,33.3438],[132.7559,33.3437],[132.7557,33.3437],[132.7554,33.3436],[132.7552,33.3436],[132.7551,33.3435],[132.755,33.3434],[132.7548,33.3433],[132.7546,33.3431],[132.7545,33.343],[132.7544,33.343],[132.7544,33.3431],[132.7543,33.3432],[132.7543,33.3434],[132.7543,33.3436],[132.7542,33.3437],[132.754,33.3438],[132.7539,33.3439],[132.7536,33.3441],[132.7534,33.3442],[132.7531,33.3443],[132.7529,33.3444],[132.7528,33.3445],[132.7525,33.3446],[132.7524,33.3447],[132.7523,33.3448],[132.7521,33.3449],[132.7519,33.3449],[132.7518,33.3449],[132.7512,33.345],[132.7509,33.3451],[132.7507,33.3451],[132.7504,33.3452],[132.7501,33.3454],[132.75,33.3454],[132.7498,33.3455],[132.7496,33.3456],[132.7495,33.3457],[132.7492,33.3458],[132.7491,33.3458],[132.749,33.3458],[132.7487,33.3458],[132.7485,33.3458],[132.7484,33.3457],[132.7482,33.3457],[132.748,33.3457],[132.7479,33.3456],[132.7478,33.3456],[132.7477,33.3457],[132.7476,33.3457],[132.7475,33.3457],[132.7472,33.3457],[132.7469,33.3457],[132.7468,33.3456],[132.7462,33.3454],[132.7457,33.3453],[132.7455,33.3453],[132.7453,33.3453],[132.7451,33.3454],[132.7448,33.3456],[132.7446,33.3456],[132.744,33.3455],[132.7434,33.3452],[132.7431,33.345],[132.7427,33.3449],[132.7424,33.3449],[132.7422,33.3449],[132.7419,33.345],[132.7417,33.345],[132.7414,33.3449],[132.741,33.3447],[132.74,33.3442],[132.7391,33.3439],[132.7387,33.3438],[132.7384,33.3438],[132.7382,33.3439],[132.738,33.344],[132.7377,33.3442],[132.7375,33.3444],[132.7372,33.3446],[132.737,33.3447],[132.7369,33.3447],[132.7368,33.3447],[132.7365,33.3445],[132.735,33.3434],[132.7345,33.343],[132.734,33.3428],[132.7338,33.3427],[132.7337,33.3427],[132.7337,33.3428],[132.7337,33.343],[132.7337,33.3433],[132.7337,33.3435],[132.7334,33.3438],[132.7333,33.3438],[132.7328,33.3442],[132.7326,33.3444],[132.7326,33.3445],[132.7326,33.3447],[132.7326,33.3451],[132.7323,33.3454],[132.7322,33.3455],[132.732,33.3456],[132.7315,33.346],[132.7312,33.3461],[132.7307,33.346],[132.7301,33.3458],[132.7296,33.3456],[132.7293,33.3454],[132.729,33.3454],[132.7287,33.3452],[132.728,33.3449],[132.7271,33.3445],[132.7266,33.3444],[132.7263,33.3443],[132.7259,33.3443],[132.7257,33.3443],[132.7252,33.3443],[132.725,33.3443],[132.7249,33.3444],[132.7249,33.3445],[132.725,33.3447],[132.725,33.3448],[132.7251,33.3449],[132.7251,33.345],[132.7252,33.3452],[132.7253,33.3453],[132.7254,33.3455],[132.7254,33.3456],[132.7253,33.346],[132.7253,33.3462],[132.7253,33.3466],[132.7251,33.3469],[132.725,33.3471],[132.7249,33.3473],[132.7249,33.3475],[132.7248,33.3479],[132.7249,33.3483],[132.7249,33.3484],[132.7249,33.3486],[132.7245,33.3488],[132.7244,33.3489],[132.7243,33.3492],[132.7241,33.3496],[132.7238,33.3499],[132.7238,33.35],[132.7236,33.3503],[132.7232,33.3505],[132.7231,33.3505],[132.7228,33.3505],[132.7226,33.3505],[132.7224,33.3506],[132.7223,33.3507],[132.7221,33.3507],[132.7219,33.3507],[132.7205,33.3508],[132.72,33.3508],[132.7198,33.3507],[132.7197,33.3506],[132.7194,33.3503],[132.7192,33.3501],[132.7191,33.35],[132.7191,33.3498],[132.719,33.3496],[132.7191,33.3493],[132.7191,33.349],[132.7189,33.3488],[132.7185,33.3485],[132.7184,33.3484],[132.7181,33.3477],[132.7179,33.3476],[132.7178,33.3475],[132.7175,33.3472],[132.7174,33.3471],[132.7169,33.3469],[132.7167,33.3467],[132.7163,33.3464],[132.7158,33.3462],[132.7155,33.346],[132.7152,33.3456],[132.7147,33.3451],[132.7143,33.345],[132.714,33.3449],[132.7137,33.345],[132.7132,33.345],[132.7126,33.3452],[132.7118,33.3454],[132.7111,33.3457],[132.7109,33.3458],[132.7098,33.3462],[132.7089,33.3465],[132.7083,33.3466],[132.7078,33.3465],[132.7077,33.3465],[132.7073,33.3463],[132.7067,33.346],[132.7064,33.3459],[132.706,33.3459],[132.7057,33.346],[132.7055,33.3462],[132.7054,33.3462],[132.7053,33.3463],[132.7052,33.3466],[132.705,33.3469],[132.7047,33.3474],[132.7042,33.3478],[132.7038,33.3479],[132.7037,33.3479],[132.7034,33.348],[132.7029,33.3479],[132.7022,33.3478],[132.7019,33.3476],[132.7015,33.3475],[132.7011,33.3474],[132.7006,33.3473],[132.7,33.3473],[132.6992,33.3474],[132.6983,33.3476],[132.6979,33.3477],[132.6975,33.3478],[132.6969,33.3481],[132.6965,33.3484],[132.6962,33.3488],[132.696,33.3489],[132.6958,33.3489],[132.6957,33.349],[132.6954,33.349],[132.6951,33.349],[132.6945,33.349],[132.6941,33.3489],[132.6937,33.3489],[132.6932,33.349],[132.6926,33.349],[132.6919,33.349],[132.6917,33.3491],[132.6915,33.3491],[132.6906,33.3494],[132.6903,33.3494],[132.6899,33.3494],[132.6896,33.3494],[132.689,33.3495],[132.6887,33.3495],[132.688,33.3493],[132.6878,33.3493],[132.6875,33.3494],[132.6874,33.3493],[132.6874,33.3491],[132.6874,33.3487],[132.6875,33.3484],[132.6875,33.3482],[132.6874,33.348],[132.6872,33.3478],[132.6869,33.3477],[132.6866,33.3476],[132.6863,33.3477],[132.6858,33.3478],[132.6845,33.3482],[132.6839,33.3486],[132.6836,33.3487],[132.6833,33.3487],[132.6832,33.3487],[132.6829,33.3486],[132.6824,33.3483],[132.6822,33.3482],[132.6819,33.3482],[132.6813,33.3483],[132.6807,33.3483],[132.6802,33.3482],[132.6797,33.3482],[132.6794,33.3483],[132.6793,33.3484],[132.6793,33.3485],[132.6793,33.3486],[132.6792,33.3488],[132.679,33.3494],[132.6788,33.3498],[132.6787,33.35],[132.6786,33.35],[132.6785,33.35],[132.6783,33.35],[132.678,33.35],[132.6777,33.35],[132.6775,33.3499],[132.6771,33.3499],[132.6768,33.3499],[132.6764,33.3499],[132.6758,33.3498],[132.6752,33.3497],[132.675,33.3496],[132.6747,33.3496],[132.6743,33.3496],[132.674,33.3497],[132.6733,33.3496],[132.6726,33.3496],[132.6719,33.3495],[132.6715,33.3495],[132.6711,33.3497],[132.6709,33.3496],[132.6706,33.3496],[132.6704,33.3496],[132.67,33.3496],[132.6697,33.3496],[132.6694,33.3494],[132.6689,33.3492],[132.6686,33.349],[132.6684,33.349],[132.6678,33.3491],[132.6677,33.3491],[132.6675,33.3491],[132.6672,33.3491],[132.6667,33.3491],[132.666,33.349],[132.6649,33.3489],[132.6642,33.3489],[132.6636,33.349],[132.6633,33.349],[132.6628,33.349],[132.6625,33.349],[132.6624,33.349],[132.6619,33.3486],[132.6615,33.3481],[132.6614,33.3477],[132.6614,33.3474],[132.6612,33.3468],[132.6611,33.3464],[132.6611,33.3462],[132.6611,33.3458],[132.6611,33.3454],[132.661,33.3448],[132.661,33.3447],[132.6609,33.3444],[132.6609,33.3442],[132.661,33.344],[132.6611,33.3438],[132.6615,33.3432],[132.6616,33.3429],[132.6616,33.3427],[132.6616,33.3425],[132.6616,33.3424],[132.6615,33.3422],[132.6613,33.342],[132.6609,33.3418],[132.6607,33.3417],[132.6606,33.3416],[132.6604,33.3413],[132.6603,33.341],[132.6602,33.3404],[132.6601,33.3402],[132.6601,33.3399],[132.6601,33.3397],[132.6603,33.3394],[132.6604,33.3391],[132.6602,33.3387],[132.66,33.3383],[132.6598,33.338],[132.6598,33.3378],[132.6597,33.3376],[132.6596,33.3374],[132.6596,33.3372],[132.6595,33.3371],[132.6593,33.3369],[132.6589,33.3367],[132.6587,33.3366],[132.6586,33.3365],[132.658,33.3365],[132.6579,33.3365],[132.6577,33.3364],[132.6576,33.3362],[132.6576,33.336],[132.6577,33.3357],[132.6576,33.3355],[132.6573,33.3351],[132.6571,33.3349],[132.657,33.3346],[132.657,33.3344],[132.657,33.3342],[132.6569,33.3337],[132.6568,33.3335],[132.6569,33.3334],[132.657,33.3333],[132.6571,33.3332],[132.6571,33.3331],[132.657,33.3329],[132.6569,33.3327],[132.6569,33.3323]]]},"properties":{"N03_001":"愛媛県","N03_002":"","N03_003":"北宇和郡","N03_004":"鬼北町","N03_007":"38488"}},
{"type":"Feature","geometry":{"type":"Polygon","coordinates":[[[132.4535,32.8854],[132.4535,32.8855],[132.4532,32.8856],[132.453,32.8855],[132.4529,32.8853],[132.4529,32.8851],[132.4533,32.885],[132.4535,32.8852],[132.4535,32.8854]]]},"properties":{"N03_001":"愛媛県","N03_002":"","N03_003":"南宇和郡","N03_004":"愛南町","N03_007":"38506"}}
]}