{"type":"FeatureCollection", "features": [
{"type":"Feature","geometry":{"type":"Polygon","coordinates":[[[130.7095,32.8209],[130.7094,32.8206],[130.7094,32.8205],[130.7093,32.8205],[130.7093,32.8204],[130.7092,32.8203],[130.7092,32.8202],[130.709,32.8203],[130.7089,32.8203],[130.7089,32.8204],[130.7088,32.8204],[130.7087,32.8204],[130.7086,32.8203],[130.7086,32.8202],[130.7085,32.8202],[130.7085,32.8201],[130.7085,32.82],[130.7084,32.8199],[130.7085,32.8199],[130.7084,32.8199],[130.7084,32.8197],[130.7083,32.8197],[130.7083,32.8196],[130.7083,32.8195],[130.7082,32.8193],[130.7081,32.8193],[130.7081,32.8192],[130.7081,32.8191],[130.7081,32.819],[130.7081,32.8189],[130.7081,32.8188],[130.708,32.8188],[130.7079,32.8187],[130.7079,32.8186],[130.708,32.8185],[130.7079,32.8185],[130.7078,32.8185],[130.7077,32.8185],[130.7075,32.8185],[130.7074,32.8185],[130.7072,32.8185],[130.707,32.8186],[130.7069,32.8186],[130.7067,32.8186],[130.7067,32.8187],[130.7067,32.8188],[130.7067,32.8189],[130.7066,32.8189],[130.7064,32.819],[130.7062,32.819],[130.7061,32.819],[130.706,32.819],[130.706,32.8189],[130.706,32.8188],[130.706,32.8187],[130.7059,32.8186],[130.7059,32.8185],[130.7057,32.8185],[130.7056,32.8185],[130.7056,32.8186],[130.7056,32.8187],[130.7056,32.8188],[130.7056,32.8189],[130.7055,32.8189],[130.7053,32.8189],[130.7051,32.8189],[130.7047,32.819],[130.7047,32.8192],[130.7046,32.8192],[130.7042,32.8192],[130.7042,32.8193],[130.7038,32.8193],[130.7035,32.8194],[130.7034,32.8195],[130.7033,32.8195],[130.7032,32.8195],[130.7031,32.8195],[130.703,32.8195],[130.7029,32.8195],[130.7028,32.8195],[130.7027,32.8195],[130.7026,32.8195],[130.7025,32.8195],[130.7024,32.8194],[130.7024,32.8193],[130.7024,32.8191],[130.7024,32.819],[130.7024,32.8189],[130.7023,32.8188],[130.7023,32.8187],[130.7023,32.8186],[130.7023,32.8185],[130.7024,32.8184],[130.7023,32.8184],[130.7023,32.8183],[130.7024,32.8183],[130.7025,32.8183],[130.7026,32.8183],[130.7026,32.8182],[130.7027,32.8182],[130.7028,32.8182],[130.7028,32.8181],[130.7029,32.8181],[130.7033,32.8181],[130.7033,32.8179],[130.7031,32.8179],[130.703,32.8179],[130.7029,32.8179],[130.7028,32.8179],[130.7028,32.8177],[130.7029,32.8177],[130.703,32.8177],[130.703,32.8176],[130.703,32.8175],[130.703,32.8174],[130.7029,32.8174],[130.7028,32.8174],[130.7028,32.8172],[130.7028,32.8171],[130.7028,32.8168],[130.7028,32.8167],[130.7028,32.8166],[130.7029,32.8166],[130.7032,32.8165],[130.7032,32.8164],[130.703,32.8164],[130.7029,32.8164],[130.7029,32.8163],[130.703,32.8163],[130.703,32.8161],[130.7029,32.8161],[130.7027,32.8162],[130.7027,32.8161],[130.7024,32.8161],[130.7023,32.8161],[130.7022,32.8161],[130.7021,32.8161],[130.702,32.816],[130.7019,32.816],[130.7019,32.8159],[130.7017,32.8158],[130.7018,32.8157],[130.7019,32.8156],[130.7019,32.8155],[130.702,32.8155],[130.7021,32.8154],[130.7021,32.8153],[130.7022,32.8152],[130.7022,32.8151],[130.7023,32.815],[130.7024,32.815],[130.7024,32.8149],[130.7025,32.8148],[130.7025,32.8146],[130.7026,32.8145],[130.7026,32.8144],[130.7027,32.8143],[130.7027,32.8142],[130.7028,32.814],[130.7028,32.8139],[130.7028,32.8138],[130.7028,32.8136],[130.7028,32.8134],[130.7028,32.8132],[130.7028,32.813],[130.7028,32.8129],[130.7028,32.8128],[130.7028,32.8127],[130.7028,32.8126],[130.7029,32.8126],[130.7029,32.8125],[130.7029,32.8124],[130.7028,32.8124],[130.7028,32.8122],[130.7028,32.8121],[130.7029,32.812],[130.7029,32.8119],[130.7029,32.8118],[130.7029,32.8116],[130.7029,32.8114],[130.7029,32.8112],[130.7029,32.8111],[130.7029,32.811],[130.7028,32.8109],[130.7027,32.8107],[130.7027,32.8106],[130.7027,32.8104],[130.7027,32.8102],[130.7026,32.8102],[130.7026,32.81],[130.7025,32.81],[130.7023,32.81],[130.7022,32.81],[130.7021,32.81],[130.702,32.81],[130.7019,32.81],[130.7018,32.81],[130.7012,32.81],[130.7009,32.8101],[130.7008,32.8101],[130.7007,32.8101],[130.7006,32.8101],[130.7005,32.8102],[130.7004,32.8102],[130.7002,32.8102],[130.7,32.8103],[130.6999,32.8103],[130.6998,32.8104],[130.6997,32.8104],[130.6996,32.8105],[130.6986,32.8105],[130.6982,32.8105],[130.6981,32.8105],[130.698,32.8104],[130.6979,32.8103],[130.6978,32.8103],[130.6974,32.8104],[130.6972,32.8105],[130.697,32.8106],[130.6967,32.8106],[130.6966,32.8107],[130.6965,32.8107],[130.6964,32.8107],[130.6963,32.8106],[130.6963,32.8104],[130.6962,32.8103],[130.6962,32.8102],[130.6961,32.8101],[130.696,32.8102],[130.6959,32.8102],[130.6956,32.8103],[130.6955,32.8104],[130.6954,32.8104],[130.6953,32.8105],[130.6952,32.8105],[130.6951,32.8105],[130.695,32.8106],[130.6947,32.8107],[130.6945,32.8108],[130.6945,32.8107],[130.6944,32.8108],[130.6942,32.8109],[130.6941,32.8109],[130.6933,32.8096],[130.6931,32.8092],[130.693,32.8091],[130.6929,32.8089],[130.6927,32.8085],[130.6926,32.8083],[130.6925,32.8083],[130.6921,32.8075],[130.6918,32.8071],[130.6917,32.8068],[130.6915,32.8065],[130.6912,32.806],[130.6908,32.8055],[130.6907,32.8053],[130.6906,32.8051],[130.6905,32.805],[130.6904,32.8049],[130.6903,32.8048],[130.6901,32.8046],[130.6899,32.8045],[130.6899,32.8044],[130.6897,32.8038],[130.6897,32.8034],[130.6896,32.8031],[130.6896,32.8029],[130.6895,32.8028],[130.6895,32.8027],[130.6894,32.8023],[130.6895,32.8022],[130.6896,32.8021],[130.6897,32.8019],[130.6898,32.8019],[130.6899,32.8019],[130.6901,32.8019],[130.6903,32.8018],[130.6904,32.8018],[130.6905,32.8018],[130.6906,32.8018],[130.6907,32.8018],[130.6907,32.8016],[130.6908,32.8016],[130.6908,32.8015],[130.6908,32.8014],[130.6908,32.8013],[130.6908,32.8012],[130.6908,32.8011],[130.6908,32.801],[130.6908,32.8009],[130.6908,32.8008],[130.6908,32.8007],[130.6908,32.8006],[130.6909,32.8006],[130.6909,32.8005],[130.691,32.8005],[130.6911,32.8004],[130.6913,32.8003],[130.6914,32.8002],[130.6915,32.8002],[130.6916,32.8001],[130.6915,32.8001],[130.6914,32.8001],[130.6913,32.8],[130.6912,32.7999],[130.6911,32.7999],[130.6911,32.7998],[130.691,32.7998],[130.691,32.7999],[130.6909,32.8],[130.6909,32.8001],[130.6908,32.8001],[130.6907,32.8001],[130.6906,32.8001],[130.6905,32.8001],[130.6904,32.8001],[130.6903,32.8],[130.6904,32.7999],[130.6904,32.7998],[130.6903,32.7999],[130.6902,32.7999],[130.6901,32.8],[130.69,32.8],[130.6898,32.8],[130.6898,32.8001],[130.6897,32.8],[130.6896,32.8],[130.6895,32.8],[130.6895,32.7999],[130.6892,32.7998],[130.6893,32.7997],[130.6893,32.7995],[130.6891,32.7994],[130.6889,32.7993],[130.6889,32.7994],[130.6888,32.7994],[130.6888,32.7993],[130.6889,32.799],[130.6888,32.799],[130.6887,32.799],[130.6887,32.7989],[130.6886,32.7989],[130.6887,32.7988],[130.6886,32.7988],[130.6887,32.7987],[130.6887,32.7986],[130.6886,32.7986],[130.6886,32.7987],[130.6885,32.7988],[130.6884,32.7988],[130.6884,32.7989],[130.6883,32.7989],[130.6883,32.7988],[130.6882,32.7988],[130.6882,32.7987],[130.6881,32.7987],[130.688,32.7987],[130.688,32.7988],[130.6879,32.7988],[130.6878,32.7988],[130.6878,32.7987],[130.6878,32.7986],[130.6877,32.7986],[130.6876,32.7987],[130.6875,32.7987],[130.6874,32.7987],[130.6874,32.7986],[130.6873,32.7987],[130.6872,32.7987],[130.6871,32.7987],[130.6871,32.7986],[130.687,32.7986],[130.6869,32.7986],[130.6869,32.7987],[130.6868,32.7987],[130.6867,32.7987],[130.6866,32.7988],[130.6865,32.7988],[130.6864,32.7988],[130.6863,32.7989],[130.6862,32.7989],[130.6861,32.7989],[130.686,32.7989],[130.6859,32.7989],[130.6859,32.7988],[130.6859,32.7987],[130.686,32.7987],[130.686,32.7986],[130.6861,32.7987],[130.6862,32.7987],[130.6862,32.7986],[130.6863,32.7986],[130.6864,32.7986],[130.6865,32.7985],[130.6865,32.7984],[130.6866,32.7984],[130.6865,32.7983],[130.6869,32.7982],[130.6868,32.7981],[130.6869,32.7981],[130.6869,32.798],[130.6868,32.7979],[130.6867,32.7979],[130.6866,32.798],[130.6866,32.7979],[130.6867,32.7978],[130.6867,32.7977],[130.6867,32.7976],[130.6867,32.7975],[130.6867,32.7973],[130.6867,32.7971],[130.687,32.797],[130.6871,32.797],[130.6875,32.7969],[130.6876,32.7969],[130.6876,32.797],[130.6877,32.797],[130.6877,32.7969],[130.6877,32.7968],[130.6877,32.7967],[130.6876,32.7967],[130.6878,32.7967],[130.688,32.7967],[130.6881,32.7967],[130.6881,32.7968],[130.6882,32.7969],[130.6882,32.797],[130.6883,32.797],[130.6884,32.7969],[130.6885,32.7968],[130.6887,32.7969],[130.6889,32.7966],[130.6891,32.7967],[130.6894,32.7963],[130.6895,32.7962],[130.6896,32.7961],[130.6897,32.796],[130.6899,32.7959],[130.6898,32.7958],[130.69,32.7958],[130.6902,32.7957],[130.6903,32.7958],[130.6904,32.7958],[130.6903,32.7958],[130.6903,32.7956],[130.6903,32.7955],[130.6904,32.7955],[130.6904,32.7954],[130.6904,32.7953],[130.6904,32.7952],[130.6904,32.7951],[130.6905,32.7951],[130.6906,32.7949],[130.6907,32.7948],[130.6908,32.7947],[130.6909,32.7947],[130.691,32.7947],[130.6911,32.7947],[130.6912,32.7947],[130.6913,32.7947],[130.6915,32.7947],[130.6916,32.7947],[130.6917,32.7947],[130.6917,32.7948],[130.6918,32.7948],[130.6919,32.7948],[130.692,32.7948],[130.6921,32.7948],[130.6923,32.7948],[130.6926,32.7948],[130.6926,32.7947],[130.6926,32.7946],[130.6925,32.7946],[130.6925,32.7945],[130.6924,32.7944],[130.6923,32.7943],[130.6924,32.7943],[130.6924,32.7944],[130.6925,32.7945],[130.6926,32.7946],[130.6927,32.7946],[130.6927,32.7945],[130.6928,32.7946],[130.6929,32.7947],[130.693,32.7949],[130.6931,32.7951],[130.6931,32.7952],[130.6932,32.7953],[130.6933,32.7955],[130.6935,32.7953],[130.6935,32.7951],[130.6934,32.795],[130.6934,32.7949],[130.6935,32.7949],[130.6934,32.7948],[130.6935,32.7947],[130.6935,32.7946],[130.6937,32.7942],[130.6939,32.7937],[130.6939,32.7935],[130.6939,32.7934],[130.6939,32.7933],[130.6939,32.7932],[130.6939,32.7931],[130.6939,32.793],[130.6937,32.7927],[130.6936,32.7925],[130.6934,32.7925],[130.6934,32.7924],[130.6933,32.7923],[130.6932,32.7922],[130.6931,32.7921],[130.693,32.792],[130.6929,32.7919],[130.6928,32.7918],[130.6927,32.7918],[130.6927,32.7917],[130.6926,32.7917],[130.6925,32.7917],[130.6925,32.7916],[130.6924,32.7916],[130.6924,32.7915],[130.6924,32.7914],[130.6923,32.7912],[130.6922,32.7911],[130.6922,32.791],[130.6922,32.7909],[130.6921,32.7909],[130.6921,32.7908],[130.692,32.7905],[130.6919,32.7905],[130.6918,32.7903],[130.6917,32.7903],[130.6917,32.7902],[130.6916,32.7902],[130.6917,32.7901],[130.6918,32.79],[130.6918,32.7898],[130.6918,32.7896],[130.6924,32.7896],[130.6929,32.7897],[130.6929,32.7893],[130.693,32.7887],[130.693,32.7885],[130.693,32.7883],[130.6931,32.7879],[130.6933,32.7874],[130.6934,32.7869],[130.6935,32.7866],[130.6936,32.7864],[130.6936,32.7863],[130.6937,32.786],[130.6937,32.7859],[130.6938,32.7857],[130.6938,32.7856],[130.6939,32.7854],[130.6939,32.7852],[130.694,32.785],[130.694,32.7849],[130.694,32.7848],[130.694,32.7844],[130.694,32.7841],[130.694,32.7839],[130.694,32.7834],[130.694,32.7833],[130.6939,32.7833],[130.6939,32.7832],[130.6939,32.783],[130.6938,32.7827],[130.6938,32.7825],[130.6937,32.7822],[130.6936,32.7818],[130.6935,32.7818],[130.6935,32.7816],[130.6934,32.7815],[130.6934,32.7814],[130.6934,32.7813],[130.6933,32.7812],[130.6923,32.7798],[130.6923,32.7797],[130.6921,32.7795],[130.6921,32.7794],[130.6919,32.7792],[130.6919,32.7791],[130.6948,32.7784],[130.6962,32.7785],[130.699,32.7796],[130.7006,32.7786],[130.702,32.7791],[130.7034,32.7791],[130.7036,32.7774],[130.708,32.7776],[130.7104,32.7788],[130.7135,32.7792],[130.7187,32.7794],[130.7194,32.7781],[130.7194,32.7743],[130.7208,32.7743],[130.7216,32.7733],[130.7269,32.773],[130.7277,32.7721],[130.7286,32.7695],[130.7305,32.7693],[130.7308,32.7701],[130.7307,32.7722],[130.7311,32.7744],[130.7317,32.7756],[130.7311,32.7782],[130.7349,32.7787],[130.7343,32.7812],[130.7333,32.7815],[130.7332,32.7836],[130.7347,32.7823],[130.7367,32.7815],[130.7385,32.7812],[130.7381,32.7798],[130.7386,32.7772],[130.7403,32.7774],[130.74,32.7784],[130.7432,32.7799],[130.7449,32.7822],[130.7466,32.7824],[130.7463,32.7835],[130.7471,32.7855],[130.7492,32.788],[130.7494,32.791],[130.7503,32.793],[130.7465,32.7936],[130.7474,32.7974],[130.7494,32.797],[130.7514,32.7961],[130.7525,32.7969],[130.7542,32.7989],[130.7553,32.7993],[130.7561,32.7985],[130.7573,32.7989],[130.758,32.8016],[130.7592,32.802],[130.759,32.803],[130.764,32.8054],[130.7633,32.8064],[130.7619,32.8058],[130.7592,32.8095],[130.7572,32.809],[130.7534,32.8088],[130.7519,32.8082],[130.7509,32.8071],[130.7489,32.8069],[130.7463,32.8076],[130.7446,32.8062],[130.7433,32.8078],[130.7413,32.8079],[130.7394,32.8107],[130.7389,32.8121],[130.7413,32.8145],[130.7419,32.8162],[130.7438,32.8182],[130.7467,32.8184],[130.7474,32.8192],[130.7459,32.8201],[130.746,32.8214],[130.744,32.8221],[130.7415,32.8252],[130.7399,32.8263],[130.7397,32.8278],[130.7382,32.8297],[130.7366,32.8294],[130.7349,32.8265],[130.7337,32.8267],[130.7315,32.8247],[130.7279,32.8231],[130.7257,32.8226],[130.7216,32.8236],[130.7205,32.8222],[130.7181,32.8224],[130.7176,32.8215],[130.716,32.8219],[130.7149,32.8228],[130.713,32.8207],[130.7118,32.8217],[130.7098,32.8215],[130.7095,32.8209]]]},"properties":{"N03_001":"熊本県","N03_002":"","N03_003":"熊本市","N03_004":"中央区","N03_007":"43101"}},
{"type":"Feature","geometry":{"type":"Polygon","coordinates":[[[130.7289,32.7503],[130.7306,32.7513],[130.7326,32.7507],[130.7344,32.7517],[130.7376,32.7522],[130.7406,32.7543],[130.7419,32.7525],[130.7434,32.7517],[130.7443,32.7521],[130.7456,32.7502],[130.7475,32.7511],[130.7465,32.7538],[130.7484,32.7548],[130.7509,32.7576],[130.7532,32.7596],[130.7533,32.7607],[130.7544,32.7622],[130.7558,32.7629],[130.7592,32.7624],[130.7584,32.7639],[130.7612,32.7644],[130.7617,32.762],[130.7608,32.7606],[130.7647,32.7603],[130.7677,32.7609],[130.7681,32.76],[130.7706,32.7605],[130.7708,32.763],[130.7718,32.7626],[130.7732,32.7634],[130.7739,32.7631],[130.7783,32.7634],[130.7792,32.7639],[130.7809,32.7636],[130.7811,32.7648],[130.7899,32.768],[130.7904,32.7674],[130.7951,32.7691],[130.7955,32.7699],[130.7916,32.7779],[130.7874,32.7769],[130.7876,32.7787],[130.7863,32.7807],[130.7858,32.7825],[130.7844,32.7835],[130.7846,32.7845],[130.7814,32.7849],[130.7819,32.7866],[130.7833,32.788],[130.7827,32.7887],[130.7841,32.7897],[130.7833,32.7911],[130.7824,32.7943],[130.7835,32.7964],[130.7804,32.8001],[130.78,32.8013],[130.7781,32.8045],[130.7803,32.8046],[130.7822,32.8056],[130.783,32.8052],[130.7873,32.7996],[130.791,32.801],[130.7929,32.8013],[130.7962,32.8025],[130.7992,32.8042],[130.7997,32.8034],[130.8033,32.8051],[130.8062,32.8058],[130.8071,32.8069],[130.8072,32.8081],[130.8081,32.8095],[130.8087,32.8123],[130.8131,32.8148],[130.8157,32.8154],[130.8208,32.8143],[130.8243,32.8145],[130.8255,32.8152],[130.8291,32.8154],[130.8286,32.8219],[130.8278,32.8254],[130.8276,32.829],[130.8281,32.8312],[130.8236,32.8354],[130.8233,32.8364],[130.8219,32.8365],[130.8207,32.8385],[130.8194,32.8383],[130.8179,32.8389],[130.8156,32.8382],[130.8128,32.8379],[130.8118,32.8382],[130.8077,32.8374],[130.8069,32.8387],[130.8057,32.8394],[130.805,32.841],[130.8048,32.8427],[130.8065,32.8432],[130.8066,32.8444],[130.8058,32.8462],[130.8048,32.8467],[130.8055,32.8481],[130.805,32.8492],[130.8048,32.8522],[130.7976,32.8523],[130.7976,32.8514],[130.7959,32.8514],[130.7936,32.8544],[130.7918,32.8545],[130.7905,32.8533],[130.7872,32.8505],[130.7859,32.8456],[130.7847,32.8455],[130.7827,32.8474],[130.7811,32.8481],[130.776,32.8483],[130.7737,32.8478],[130.7722,32.8466],[130.7723,32.8448],[130.7732,32.843],[130.7725,32.842],[130.7706,32.8415],[130.7674,32.8419],[130.7664,32.8389],[130.7656,32.8347],[130.7641,32.8341],[130.7614,32.8349],[130.7604,32.8347],[130.7598,32.8333],[130.7614,32.831],[130.7624,32.8289],[130.7621,32.8278],[130.7607,32.8264],[130.7593,32.8261],[130.7587,32.8277],[130.7571,32.8289],[130.7558,32.8288],[130.754,32.8272],[130.7544,32.8256],[130.7556,32.8241],[130.7546,32.8222],[130.7538,32.8222],[130.7528,32.8239],[130.7516,32.824],[130.7482,32.8206],[130.7474,32.8192],[130.7467,32.8184],[130.7438,32.8182],[130.7419,32.8162],[130.7413,32.8145],[130.7389,32.8121],[130.7394,32.8107],[130.7413,32.8079],[130.7433,32.8078],[130.7446,32.8062],[130.7463,32.8076],[130.7489,32.8069],[130.7509,32.8071],[130.7519,32.8082],[130.7534,32.8088],[130.7572,32.809],[130.7592,32.8095],[130.7619,32.8058],[130.7633,32.8064],[130.764,32.8054],[130.759,32.803],[130.7592,32.802],[130.758,32.8016],[130.7573,32.7989],[130.7561,32.7985],[130.7553,32.7993],[130.7542,32.7989],[130.7525,32.7969],[130.7514,32.7961],[130.7494,32.797],[130.7474,32.7974],[130.7465,32.7936],[130.7503,32.793],[130.7494,32.791],[130.7492,32.788],[130.7471,32.7855],[130.7463,32.7835],[130.7466,32.7824],[130.7449,32.7822],[130.7432,32.7799],[130.74,32.7784],[130.7403,32.7774],[130.7386,32.7772],[130.7381,32.7798],[130.7385,32.7812],[130.7367,32.7815],[130.7347,32.7823],[130.7332,32.7836],[130.7333,32.7815],[130.7343,32.7812],[130.7349,32.7787],[130.7311,32.7782],[130.7317,32.7756],[130.7311,32.7744],[130.7307,32.7722],[130.7308,32.7701],[130.7305,32.7693],[130.7286,32.7695],[130.7277,32.7664],[130.7279,32.7636],[130.7284,32.7606],[130.7291,32.7588],[130.7286,32.757],[130.729,32.7542],[130.7279,32.7521],[130.7289,32.7503]]]},"properties":{"N03_001":"熊本県","N03_002":"","N03_003":"熊本市","N03_004":"東区","N03_007":"43102"}},
{"type":"Feature","geometry":{"type":"MultiPolygon","coordinates":[]},"properties":{"N03_001":"熊本県","N03_002":"","N03_003":"熊本市","N03_004":"西区","N03_007":"43103"}},
{"type":"Feature","geometry":{"type":"Polygon","coordinates":[[[130.7168,32.6811],[130.7169,32.6809],[130.7171,32.6807],[130.7173,32.6805],[130.7175,32.6804],[130.7177,32.6803],[130.7178,32.6801],[130.718,32.6799],[130.7181,32.6799],[130.7182,32.6798],[130.7183,32.6797],[130.7184,32.6797],[130.7185,32.6796],[130.7186,32.6795],[130.7187,32.6793],[130.7188,32.6792],[130.7189,32.6791],[130.719,32.6789],[130.7191,32.6788],[130.7192,32.6786],[130.7195,32.6784],[130.7197,32.6781],[130.7199,32.678],[130.7202,32.6779],[130.7206,32.6777],[130.7209,32.6776],[130.7211,32.6774],[130.7213,32.6773],[130.7215,32.6772],[130.7217,32.677],[130.7219,32.6768],[130.7221,32.6767],[130.7223,32.6766],[130.7228,32.6765],[130.7235,32.6765],[130.7236,32.6764],[130.7238,32.6764],[130.724,32.6764],[130.7242,32.6764],[130.7245,32.6765],[130.7247,32.6766],[130.7249,32.6767],[130.725,32.6767],[130.725,32.6768],[130.7254,32.6769],[130.7255,32.6769],[130.7256,32.6767],[130.7257,32.6767],[130.7258,32.6765],[130.726,32.6764],[130.7259,32.6763],[130.7256,32.6762],[130.7254,32.676],[130.7253,32.6758],[130.7252,32.6757],[130.7252,32.6756],[130.7253,32.6754],[130.7254,32.6752],[130.7255,32.675],[130.7255,32.6749],[130.7256,32.6747],[130.7256,32.6744],[130.7256,32.6743],[130.7256,32.6741],[130.7256,32.674],[130.7256,32.6739],[130.7258,32.6737],[130.7259,32.6737],[130.7262,32.6737],[130.7265,32.6737],[130.7268,32.6737],[130.727,32.6738],[130.7271,32.6738],[130.7272,32.6737],[130.7273,32.6736],[130.7274,32.6734],[130.7276,32.6732],[130.7277,32.6731],[130.7278,32.673],[130.7278,32.6728],[130.7277,32.6726],[130.7278,32.6724],[130.7278,32.6722],[130.7278,32.672],[130.7279,32.6719],[130.728,32.6717],[130.7282,32.6716],[130.7282,32.6714],[130.7282,32.6711],[130.7283,32.6708],[130.7284,32.6706],[130.7285,32.6705],[130.7287,32.6703],[130.7288,32.6703],[130.7292,32.6701],[130.7294,32.6698],[130.7295,32.6697],[130.7298,32.6696],[130.73,32.6696],[130.7303,32.6695],[130.7307,32.6695],[130.7312,32.6694],[130.7315,32.6694],[130.7317,32.6692],[130.7318,32.6691],[130.7319,32.6689],[130.7321,32.6685],[130.7323,32.6683],[130.7325,32.6682],[130.7326,32.6679],[130.7329,32.6677],[130.7331,32.6676],[130.7333,32.6675],[130.7333,32.6674],[130.7335,32.6673],[130.7337,32.6671],[130.7339,32.6668],[130.7339,32.6667],[130.734,32.6665],[130.734,32.6664],[130.734,32.6663],[130.734,32.6658],[130.734,32.6654],[130.734,32.665],[130.7341,32.6648],[130.7343,32.6647],[130.7344,32.6646],[130.7344,32.6644],[130.7343,32.6642],[130.7341,32.664],[130.734,32.6637],[130.734,32.6632],[130.734,32.6629],[130.7339,32.6625],[130.734,32.6624],[130.734,32.6621],[130.7341,32.6617],[130.7342,32.6614],[130.7342,32.6613],[130.7343,32.6611],[130.7344,32.661],[130.7346,32.6609],[130.7348,32.6607],[130.735,32.6606],[130.7351,32.6606],[130.7353,32.6606],[130.7355,32.6606],[130.7357,32.6605],[130.736,32.6603],[130.7363,32.6603],[130.7365,32.6604],[130.7367,32.6604],[130.7369,32.6604],[130.7372,32.6604],[130.7375,32.6604],[130.7377,32.6605],[130.7378,32.6605],[130.7381,32.6605],[130.7383,32.6604],[130.7386,32.6605],[130.7388,32.6605],[130.7389,32.6606],[130.7389,32.6607],[130.7388,32.6609],[130.7387,32.6611],[130.7387,32.6612],[130.7387,32.6615],[130.7387,32.6617],[130.7387,32.662],[130.7386,32.6621],[130.7387,32.6622],[130.7389,32.6624],[130.739,32.6625],[130.7391,32.6625],[130.7393,32.6625],[130.7398,32.6626],[130.7403,32.6626],[130.7406,32.6626],[130.7407,32.6627],[130.7408,32.6628],[130.7409,32.663],[130.741,32.6631],[130.7411,32.6632],[130.7415,32.6635],[130.7417,32.6637],[130.7419,32.6639],[130.742,32.664],[130.7421,32.6641],[130.7421,32.6643],[130.7421,32.6646],[130.7421,32.6648],[130.7421,32.665],[130.742,32.6652],[130.7421,32.6653],[130.7422,32.6653],[130.7425,32.6655],[130.7426,32.6657],[130.7427,32.6659],[130.7428,32.666],[130.7428,32.6661],[130.7429,32.6663],[130.7429,32.6665],[130.7429,32.6667],[130.743,32.6667],[130.743,32.6668],[130.7431,32.6668],[130.7432,32.6669],[130.7434,32.667],[130.7437,32.6669],[130.7439,32.6669],[130.7442,32.6669],[130.7446,32.667],[130.7448,32.6671],[130.745,32.6672],[130.7452,32.6674],[130.7454,32.6676],[130.7456,32.6678],[130.7458,32.6681],[130.7461,32.6685],[130.7462,32.6686],[130.7461,32.6688],[130.7461,32.6689],[130.7461,32.6692],[130.746,32.6694],[130.7458,32.6697],[130.7457,32.6699],[130.7457,32.67],[130.7459,32.6701],[130.746,32.6702],[130.7461,32.6704],[130.746,32.6705],[130.7459,32.6706],[130.7457,32.6708],[130.7457,32.6709],[130.7457,32.6712],[130.7458,32.6716],[130.7459,32.6719],[130.7461,32.6722],[130.7463,32.6724],[130.7463,32.6726],[130.7463,32.6728],[130.7464,32.6729],[130.7465,32.6731],[130.7467,32.6732],[130.7469,32.6734],[130.7472,32.6737],[130.7474,32.6739],[130.7475,32.674],[130.7476,32.6741],[130.7477,32.6742],[130.7478,32.6742],[130.7479,32.6742],[130.748,32.6741],[130.7482,32.6741],[130.7483,32.674],[130.7485,32.6739],[130.7485,32.6737],[130.7486,32.6734],[130.7486,32.6733],[130.7487,32.673],[130.7487,32.6729],[130.7488,32.6729],[130.749,32.6729],[130.7493,32.6731],[130.7497,32.6733],[130.75,32.6733],[130.7501,32.6733],[130.7502,32.6733],[130.7504,32.6732],[130.7505,32.6731],[130.7507,32.6731],[130.7511,32.673],[130.7513,32.6729],[130.7515,32.6728],[130.7515,32.6727],[130.7516,32.6726],[130.7516,32.6722],[130.7517,32.672],[130.7517,32.6719],[130.7518,32.6718],[130.7519,32.6717],[130.7521,32.6717],[130.7523,32.6715],[130.7524,32.6714],[130.7525,32.6713],[130.7526,32.671],[130.7527,32.6708],[130.7527,32.6706],[130.7528,32.6703],[130.7529,32.6702],[130.7529,32.67],[130.7529,32.6699],[130.7528,32.6696],[130.7527,32.6695],[130.7528,32.6693],[130.7528,32.6691],[130.7529,32.6687],[130.7528,32.6683],[130.7527,32.6681],[130.7526,32.6679],[130.7524,32.6676],[130.7522,32.6675],[130.7521,32.6673],[130.7521,32.6672],[130.7522,32.6669],[130.7522,32.6667],[130.7522,32.6666],[130.7523,32.6665],[130.7524,32.6664],[130.7526,32.6662],[130.7527,32.6662],[130.753,32.6661],[130.7532,32.6662],[130.7534,32.6662],[130.7536,32.6662],[130.7539,32.6661],[130.7541,32.6661],[130.7544,32.6661],[130.7548,32.6661],[130.755,32.6662],[130.7552,32.6663],[130.7554,32.6663],[130.7557,32.6663],[130.7559,32.6663],[130.7561,32.6662],[130.7562,32.6659],[130.7563,32.6658],[130.7564,32.6658],[130.7566,32.6658],[130.7567,32.6659],[130.7568,32.666],[130.7569,32.666],[130.7571,32.666],[130.7573,32.666],[130.7574,32.6659],[130.7576,32.6658],[130.7577,32.6659],[130.7578,32.6659],[130.7578,32.666],[130.7579,32.6661],[130.7579,32.6663],[130.758,32.6663],[130.7583,32.6665],[130.7584,32.6665],[130.7588,32.6665],[130.7589,32.6665],[130.759,32.6665],[130.7591,32.6665],[130.7592,32.6665],[130.7592,32.6664],[130.7593,32.6663],[130.7594,32.6661],[130.7596,32.6659],[130.7597,32.6658],[130.7597,32.6657],[130.7598,32.6656],[130.7599,32.6656],[130.7602,32.6656],[130.7604,32.6656],[130.7604,32.6655],[130.7605,32.6656],[130.7606,32.6656],[130.7606,32.6657],[130.7608,32.6658],[130.7609,32.6658],[130.7611,32.6659],[130.7612,32.6659],[130.7614,32.6659],[130.7615,32.666],[130.7615,32.6661],[130.7615,32.6662],[130.7615,32.6663],[130.7617,32.6665],[130.7618,32.6667],[130.7619,32.6668],[130.7621,32.6669],[130.7623,32.6672],[130.7625,32.6674],[130.7627,32.6676],[130.7628,32.6676],[130.7629,32.6677],[130.763,32.6678],[130.7631,32.6679],[130.7633,32.668],[130.7634,32.6681],[130.7635,32.6681],[130.7636,32.668],[130.7637,32.6677],[130.7638,32.6676],[130.7638,32.6674],[130.7639,32.6672],[130.7641,32.6669],[130.7641,32.6668],[130.7641,32.6667],[130.7642,32.6665],[130.7643,32.6664],[130.7645,32.6664],[130.7648,32.6664],[130.765,32.6664],[130.7651,32.6665],[130.7651,32.6666],[130.7651,32.6667],[130.7652,32.6667],[130.7652,32.6669],[130.7653,32.667],[130.7654,32.667],[130.7655,32.667],[130.7656,32.6668],[130.7657,32.6668],[130.7658,32.6669],[130.766,32.667],[130.7661,32.667],[130.7663,32.6669],[130.7664,32.6668],[130.7665,32.6668],[130.7667,32.6669],[130.7669,32.6669],[130.767,32.6669],[130.7675,32.667],[130.7677,32.667],[130.7679,32.6669],[130.768,32.6669],[130.7681,32.6668],[130.7683,32.6667],[130.7684,32.6667],[130.7685,32.6666],[130.7686,32.6665],[130.769,32.6666],[130.7692,32.6666],[130.7695,32.6666],[130.7696,32.6666],[130.7698,32.6666],[130.7702,32.6665],[130.7705,32.6665],[130.7711,32.6666],[130.7713,32.6666],[130.7714,32.6667],[130.7717,32.6668],[130.7719,32.6668],[130.7721,32.6669],[130.7722,32.6669],[130.7724,32.6669],[130.7726,32.6669],[130.7727,32.6669],[130.7729,32.6668],[130.773,32.6667],[130.7731,32.6666],[130.7732,32.6663],[130.7733,32.6663],[130.7734,32.6662],[130.7736,32.6662],[130.7739,32.6663],[130.7741,32.6663],[130.7744,32.6662],[130.7747,32.6661],[130.7749,32.6661],[130.775,32.666],[130.7751,32.666],[130.7753,32.666],[130.7755,32.6661],[130.7758,32.6662],[130.776,32.6662],[130.7763,32.6662],[130.7766,32.6662],[130.7769,32.6661],[130.7778,32.6674],[130.7753,32.6704],[130.7741,32.6727],[130.7749,32.6739],[130.7753,32.6758],[130.7748,32.6767],[130.7724,32.678],[130.7723,32.6805],[130.7732,32.6813],[130.7705,32.6831],[130.7643,32.6865],[130.764,32.6883],[130.7628,32.6895],[130.7642,32.6904],[130.7648,32.6926],[130.7625,32.6942],[130.7555,32.6984],[130.7538,32.6997],[130.7535,32.7033],[130.7528,32.7044],[130.7534,32.7087],[130.7561,32.7085],[130.7578,32.7094],[130.7595,32.7097],[130.7618,32.7117],[130.7609,32.7139],[130.7597,32.7203],[130.7601,32.7217],[130.7596,32.7233],[130.757,32.7283],[130.7545,32.7311],[130.752,32.7332],[130.749,32.7346],[130.7472,32.7349],[130.7382,32.7351],[130.7318,32.7362],[130.7286,32.7365],[130.7248,32.7371],[130.7216,32.7363],[130.7176,32.7357],[130.714,32.7354],[130.7082,32.7363],[130.6995,32.7359],[130.6961,32.7351],[130.6953,32.7372],[130.6962,32.738],[130.6975,32.7403],[130.6977,32.7426],[130.6994,32.7435],[130.7,32.7418],[130.7015,32.7396],[130.7068,32.7407],[130.7077,32.7406],[130.7091,32.7393],[130.7125,32.7383],[130.7134,32.7388],[130.7149,32.7407],[130.7149,32.7423],[130.7155,32.7432],[130.7175,32.7446],[130.7198,32.7454],[130.7213,32.7452],[130.7227,32.7445],[130.7237,32.7425],[130.7244,32.7422],[130.7258,32.7434],[130.7258,32.7451],[130.7266,32.7466],[130.7271,32.749],[130.7289,32.7503],[130.7279,32.7521],[130.729,32.7542],[130.7286,32.757],[130.7291,32.7588],[130.7284,32.7606],[130.7279,32.7636],[130.7277,32.7664],[130.7286,32.7695],[130.7277,32.7721],[130.7269,32.773],[130.7216,32.7733],[130.7208,32.7743],[130.7194,32.7743],[130.7194,32.7781],[130.7187,32.7794],[130.7135,32.7792],[130.7104,32.7788],[130.708,32.7776],[130.7036,32.7774],[130.7034,32.7791],[130.702,32.7791],[130.7006,32.7786],[130.699,32.7796],[130.6962,32.7785],[130.6948,32.7784],[130.6919,32.7791],[130.6918,32.779],[130.6917,32.7788],[130.6916,32.7788],[130.6916,32.7787],[130.6915,32.7785],[130.6914,32.7784],[130.6913,32.7782],[130.6912,32.7778],[130.6912,32.7775],[130.6911,32.7773],[130.6911,32.7772],[130.6911,32.7771],[130.6911,32.7767],[130.6911,32.7765],[130.6911,32.776],[130.6911,32.7758],[130.6911,32.7757],[130.6912,32.775],[130.6913,32.773],[130.6913,32.7728],[130.6913,32.7725],[130.6913,32.7722],[130.6913,32.7721],[130.6912,32.7719],[130.6912,32.7718],[130.6911,32.7717],[130.6908,32.7712],[130.6907,32.771],[130.6904,32.7708],[130.6904,32.7707],[130.6902,32.7705],[130.69,32.7703],[130.6894,32.77],[130.6891,32.7698],[130.689,32.7698],[130.6887,32.7698],[130.6883,32.7698],[130.6877,32.7698],[130.6864,32.77],[130.686,32.77],[130.6852,32.7702],[130.6844,32.7703],[130.684,32.7704],[130.6835,32.7705],[130.6833,32.7705],[130.683,32.7706],[130.6824,32.7707],[130.6817,32.7709],[130.6815,32.771],[130.6813,32.7711],[130.6812,32.7711],[130.6808,32.7713],[130.6803,32.7715],[130.6794,32.7718],[130.6786,32.7721],[130.6777,32.7723],[130.6774,32.7723],[130.6773,32.7724],[130.6767,32.7726],[130.6766,32.7726],[130.6761,32.7727],[130.6757,32.7728],[130.6753,32.7728],[130.6752,32.7728],[130.675,32.7728],[130.6749,32.7728],[130.6747,32.7728],[130.6743,32.7729],[130.674,32.7729],[130.6736,32.7729],[130.6731,32.7729],[130.6718,32.7728],[130.6713,32.7728],[130.6697,32.7728],[130.6695,32.7728],[130.669,32.7727],[130.6689,32.7727],[130.6683,32.7727],[130.668,32.7726],[130.6678,32.7726],[130.6677,32.7726],[130.6674,32.7726],[130.667,32.7725],[130.6668,32.7725],[130.6667,32.7725],[130.6666,32.7725],[130.6663,32.7724],[130.6661,32.7724],[130.6659,32.7723],[130.6658,32.7723],[130.6657,32.7723],[130.6656,32.7723],[130.6655,32.7722],[130.6653,32.7722],[130.6651,32.7721],[130.6648,32.772],[130.6646,32.772],[130.6643,32.7719],[130.664,32.7718],[130.6638,32.7717],[130.6632,32.7714],[130.6628,32.7712],[130.6625,32.7711],[130.6621,32.7708],[130.6619,32.7707],[130.6618,32.7707],[130.6613,32.7705],[130.6609,32.7702],[130.6604,32.77],[130.66,32.7699],[130.6596,32.7697],[130.6589,32.7695],[130.6584,32.7694],[130.6583,32.7694],[130.6578,32.7692],[130.6574,32.7692],[130.657,32.7691],[130.6567,32.7691],[130.6561,32.769],[130.6552,32.769],[130.6545,32.769],[130.6539,32.769],[130.6534,32.769],[130.6527,32.769],[130.6517,32.769],[130.65,32.7691],[130.6497,32.7691],[130.6493,32.7692],[130.6486,32.7692],[130.6475,32.7694],[130.6473,32.7694],[130.6465,32.7696],[130.6463,32.7697],[130.6462,32.7692],[130.6463,32.7691],[130.6464,32.769],[130.6465,32.7689],[130.6466,32.7688],[130.6466,32.7687],[130.6467,32.7685],[130.6467,32.7684],[130.6468,32.7683],[130.6469,32.7683],[130.6469,32.7682],[130.647,32.7682],[130.647,32.7681],[130.6471,32.7681],[130.6472,32.7681],[130.6473,32.768],[130.6474,32.768],[130.6475,32.768],[130.6476,32.7681],[130.6477,32.7681],[130.6478,32.7681],[130.6479,32.768],[130.648,32.768],[130.6481,32.7679],[130.6479,32.7679],[130.6478,32.7679],[130.6476,32.7678],[130.6475,32.7677],[130.6474,32.7677],[130.6473,32.7677],[130.6473,32.7676],[130.6472,32.7676],[130.6471,32.7676],[130.647,32.7676],[130.6469,32.7676],[130.6468,32.7677],[130.6466,32.7677],[130.6465,32.7677],[130.6464,32.7677],[130.6463,32.7677],[130.6462,32.7677],[130.6461,32.7677],[130.646,32.7677],[130.646,32.7676],[130.646,32.7675],[130.646,32.7674],[130.6459,32.7673],[130.6459,32.7672],[130.6458,32.7672],[130.6458,32.7671],[130.6458,32.767],[130.6458,32.7669],[130.6458,32.7668],[130.6458,32.7667],[130.6457,32.7667],[130.6457,32.7666],[130.6456,32.7666],[130.6455,32.7665],[130.6455,32.7664],[130.6456,32.7663],[130.6457,32.7662],[130.6456,32.7662],[130.6455,32.7661],[130.6454,32.7661],[130.6453,32.766],[130.6452,32.7659],[130.6451,32.7659],[130.6451,32.7658],[130.6452,32.7656],[130.6452,32.7655],[130.6451,32.7655],[130.6451,32.7654],[130.6451,32.7653],[130.645,32.7653],[130.6451,32.7653],[130.645,32.7653],[130.6448,32.7652],[130.6447,32.7652],[130.6445,32.7652],[130.6441,32.7652],[130.6439,32.7652],[130.6438,32.7652],[130.6436,32.7652],[130.6435,32.7652],[130.6432,32.7652],[130.6431,32.7652],[130.6431,32.765],[130.6431,32.7649],[130.6431,32.7647],[130.643,32.7645],[130.6429,32.7642],[130.6428,32.7639],[130.6427,32.7635],[130.6426,32.7629],[130.6425,32.7626],[130.6424,32.762],[130.6422,32.7614],[130.6421,32.7609],[130.6421,32.7608],[130.642,32.7608],[130.6419,32.7608],[130.6418,32.7608],[130.6417,32.7608],[130.6416,32.7609],[130.6415,32.7609],[130.6414,32.7609],[130.641,32.761],[130.6409,32.761],[130.6408,32.761],[130.6406,32.761],[130.6405,32.761],[130.6401,32.7611],[130.64,32.7611],[130.6399,32.7611],[130.6398,32.7611],[130.6397,32.7611],[130.6396,32.7612],[130.6394,32.7612],[130.6391,32.7612],[130.6386,32.7613],[130.6385,32.7613],[130.6382,32.7613],[130.6378,32.7614],[130.6378,32.7615],[130.6376,32.7616],[130.6371,32.7618],[130.637,32.7618],[130.6368,32.7618],[130.6363,32.7619],[130.6361,32.7619],[130.6359,32.7619],[130.6356,32.7619],[130.6356,32.762],[130.6351,32.7621],[130.6347,32.7621],[130.6346,32.7622],[130.6345,32.7622],[130.6343,32.7622],[130.6333,32.7624],[130.6326,32.7625],[130.6322,32.7626],[130.6316,32.7626],[130.6315,32.7626],[130.6314,32.7626],[130.6309,32.7625],[130.6307,32.7625],[130.6306,32.7625],[130.6304,32.7625],[130.6303,32.7625],[130.6302,32.7624],[130.6301,32.7624],[130.6299,32.7623],[130.6298,32.7622],[130.6297,32.7622],[130.6297,32.7621],[130.6296,32.762],[130.6295,32.7619],[130.6295,32.7618],[130.6294,32.7617],[130.6293,32.7616],[130.6292,32.7615],[130.6291,32.7615],[130.629,32.7615],[130.6287,32.7614],[130.6284,32.7614],[130.6281,32.7614],[130.6278,32.7614],[130.6271,32.7613],[130.627,32.7613],[130.6269,32.7613],[130.6268,32.7614],[130.6267,32.7614],[130.6266,32.7614],[130.6263,32.7615],[130.6259,32.7617],[130.6258,32.7618],[130.6256,32.7618],[130.6255,32.7618],[130.6254,32.7618],[130.6252,32.7618],[130.6251,32.7618],[130.625,32.7618],[130.6249,32.7617],[130.6247,32.7616],[130.6245,32.7614],[130.6243,32.7613],[130.6242,32.7612],[130.6241,32.7611],[130.6241,32.761],[130.624,32.761],[130.624,32.7608],[130.6239,32.7607],[130.6239,32.7606],[130.6238,32.7605],[130.6237,32.7603],[130.6235,32.7601],[130.6231,32.7597],[130.623,32.7596],[130.6228,32.7594],[130.6226,32.7593],[130.6225,32.7593],[130.6224,32.7592],[130.6222,32.7592],[130.6216,32.759],[130.6207,32.7586],[130.6201,32.7583],[130.6192,32.758],[130.6188,32.7578],[130.6186,32.7577],[130.6174,32.7573],[130.6171,32.7571],[130.6167,32.757],[130.6166,32.757],[130.6159,32.7567],[130.6156,32.7565],[130.6152,32.7563],[130.6146,32.7561],[130.614,32.7559],[130.6136,32.7557],[130.6135,32.7557],[130.6133,32.7557],[130.6131,32.7556],[130.6128,32.7556],[130.6125,32.7555],[130.6122,32.7554],[130.612,32.7555],[130.6116,32.7554],[130.6114,32.7554],[130.6112,32.7553],[130.611,32.7553],[130.6109,32.7553],[130.6109,32.7552],[130.6108,32.7552],[130.6108,32.7551],[130.6107,32.7551],[130.6103,32.755],[130.6101,32.755],[130.6098,32.7549],[130.6096,32.7549],[130.6091,32.7548],[130.6086,32.7547],[130.6083,32.7546],[130.6081,32.7546],[130.6077,32.7545],[130.6072,32.7544],[130.607,32.7543],[130.6069,32.7543],[130.6068,32.7543],[130.6068,32.7544],[130.6066,32.7544],[130.6065,32.7544],[130.6063,32.7544],[130.6062,32.7544],[130.6061,32.7544],[130.6061,32.7543],[130.606,32.7536],[130.6042,32.7529],[130.605,32.7505],[130.6054,32.7455],[130.6071,32.7455],[130.6064,32.7439],[130.6073,32.7426],[130.6037,32.7312],[130.6064,32.7308],[130.6051,32.7218],[130.6079,32.7178],[130.6076,32.7158],[130.616,32.7142],[130.6227,32.7115],[130.6273,32.7093],[130.6306,32.709],[130.6323,32.7099],[130.6355,32.7106],[130.637,32.7112],[130.6414,32.7137],[130.6427,32.7148],[130.644,32.7173],[130.6463,32.7152],[130.65,32.7129],[130.6549,32.7107],[130.6562,32.7094],[130.657,32.7076],[130.6572,32.7061],[130.6565,32.7019],[130.6583,32.7034],[130.6594,32.7063],[130.6639,32.7071],[130.6651,32.7062],[130.6653,32.7045],[130.666,32.7035],[130.6688,32.7026],[130.6689,32.7007],[130.6698,32.7003],[130.6702,32.6991],[130.6684,32.6979],[130.6691,32.6973],[130.6708,32.697],[130.6712,32.6956],[130.6728,32.6953],[130.6739,32.6959],[130.6749,32.6952],[130.6762,32.6963],[130.6772,32.6944],[130.6783,32.6939],[130.68,32.6944],[130.6816,32.6942],[130.6837,32.6957],[130.6849,32.6944],[130.6866,32.694],[130.6899,32.6911],[130.6914,32.6918],[130.697,32.693],[130.6985,32.6919],[130.6989,32.6898],[130.7001,32.6897],[130.701,32.6888],[130.7036,32.6888],[130.7051,32.6881],[130.7073,32.6878],[130.71,32.6884],[130.7121,32.6872],[130.7133,32.6853],[130.716,32.6846],[130.7172,32.6823],[130.7168,32.6811]]]},"properties":{"N03_001":"熊本県","N03_002":"","N03_003":"熊本市","N03_004":"南区","N03_007":"43104"}},
{"type":"Feature","geometry":{"type":"Polygon","coordinates":[[[130.6348,32.8609],[130.6354,32.8608],[130.6357,32.8606],[130.6359,32.8606],[130.6359,32.8605],[130.636,32.8605],[130.6361,32.8605],[130.6362,32.8604],[130.6363,32.8604],[130.6364,32.8604],[130.6365,32.8603],[130.6366,32.8603],[130.6366,32.8602],[130.6367,32.8602],[130.6368,32.8602],[130.6369,32.8601],[130.637,32.8601],[130.6371,32.86],[130.6372,32.86],[130.6373,32.86],[130.6374,32.8599],[130.6375,32.8599],[130.6376,32.8599],[130.6377,32.8598],[130.6378,32.8598],[130.6379,32.8598],[130.638,32.8598],[130.6381,32.8597],[130.6383,32.8597],[130.6385,32.8597],[130.6386,32.8597],[130.6388,32.8596],[130.6391,32.8596],[130.6393,32.8596],[130.6395,32.8596],[130.6397,32.8597],[130.6398,32.8597],[130.6399,32.8597],[130.6402,32.8596],[130.6404,32.8595],[130.6405,32.8594],[130.6406,32.8594],[130.6407,32.8593],[130.6408,32.8593],[130.6409,32.8593],[130.641,32.8593],[130.6411,32.8593],[130.6412,32.8592],[130.6413,32.8592],[130.6414,32.8592],[130.6415,32.8591],[130.6416,32.8591],[130.6417,32.8591],[130.6418,32.8591],[130.6419,32.8591],[130.642,32.859],[130.6421,32.8589],[130.6422,32.8589],[130.6422,32.8588],[130.6423,32.8588],[130.6424,32.8588],[130.6424,32.8587],[130.6425,32.8587],[130.6426,32.8587],[130.6427,32.8587],[130.6429,32.8587],[130.643,32.8587],[130.6431,32.8587],[130.6432,32.8588],[130.6433,32.8588],[130.6435,32.8588],[130.6436,32.8588],[130.6437,32.8588],[130.6438,32.8589],[130.6439,32.8589],[130.644,32.8589],[130.6442,32.859],[130.6443,32.8591],[130.6445,32.8592],[130.6447,32.8593],[130.6448,32.8594],[130.6449,32.8594],[130.6449,32.8595],[130.645,32.8595],[130.6452,32.8596],[130.6452,32.8597],[130.6453,32.8597],[130.6454,32.8597],[130.6456,32.8597],[130.6457,32.8597],[130.6457,32.8598],[130.6459,32.8598],[130.646,32.8599],[130.6461,32.86],[130.6462,32.8601],[130.6463,32.8601],[130.6464,32.8601],[130.6465,32.8601],[130.6467,32.8602],[130.6469,32.8603],[130.6471,32.8604],[130.6472,32.8604],[130.6472,32.8605],[130.6473,32.8605],[130.6474,32.8605],[130.6474,32.8606],[130.6475,32.8606],[130.6476,32.8606],[130.6476,32.8607],[130.6477,32.8607],[130.6478,32.8607],[130.6479,32.8608],[130.648,32.8608],[130.6481,32.8608],[130.6482,32.8608],[130.6483,32.8608],[130.6483,32.8609],[130.6484,32.8609],[130.6485,32.8609],[130.6485,32.861],[130.6486,32.861],[130.6487,32.8611],[130.6488,32.8611],[130.6488,32.8612],[130.6489,32.8612],[130.6489,32.8613],[130.649,32.8613],[130.6491,32.8614],[130.6492,32.8614],[130.6492,32.8615],[130.6493,32.8615],[130.6494,32.8615],[130.6494,32.8616],[130.6495,32.8616],[130.6496,32.8616],[130.6496,32.8617],[130.6497,32.8617],[130.6498,32.8618],[130.6499,32.8618],[130.65,32.8619],[130.6501,32.8619],[130.6502,32.862],[130.6503,32.862],[130.6503,32.8621],[130.6504,32.8621],[130.6505,32.8622],[130.6506,32.8622],[130.6506,32.8623],[130.6507,32.8623],[130.6508,32.8624],[130.6509,32.8624],[130.651,32.8625],[130.6511,32.8625],[130.6511,32.8626],[130.6512,32.8626],[130.6513,32.8626],[130.6514,32.8627],[130.6515,32.8627],[130.6515,32.8628],[130.6516,32.8629],[130.6517,32.8629],[130.6518,32.863],[130.6519,32.863],[130.652,32.8631],[130.6521,32.8632],[130.6522,32.8633],[130.6523,32.8634],[130.6524,32.8634],[130.6524,32.8635],[130.6525,32.8635],[130.6526,32.8635],[130.6527,32.8636],[130.6528,32.8636],[130.6529,32.8635],[130.6528,32.8634],[130.6527,32.8633],[130.6526,32.8632],[130.6525,32.8631],[130.6525,32.863],[130.6524,32.8629],[130.6522,32.8627],[130.6521,32.8625],[130.6522,32.8623],[130.6522,32.8622],[130.6523,32.8621],[130.6524,32.862],[130.6525,32.8619],[130.6527,32.8617],[130.6528,32.8618],[130.6529,32.8618],[130.653,32.862],[130.6531,32.862],[130.6532,32.862],[130.6534,32.8621],[130.6536,32.8621],[130.6537,32.8621],[130.6537,32.8622],[130.6538,32.8622],[130.6539,32.8623],[130.6541,32.8623],[130.6542,32.8624],[130.6543,32.8624],[130.6544,32.8624],[130.6545,32.8625],[130.6547,32.8625],[130.6548,32.8625],[130.6549,32.8625],[130.655,32.8626],[130.6551,32.8625],[130.6552,32.8625],[130.6553,32.8625],[130.6554,32.8625],[130.6555,32.8625],[130.6556,32.8626],[130.6557,32.8626],[130.6558,32.8626],[130.6559,32.8626],[130.656,32.8626],[130.656,32.8627],[130.6561,32.8628],[130.6563,32.8629],[130.6565,32.863],[130.6569,32.8631],[130.657,32.8631],[130.6571,32.8631],[130.6572,32.8631],[130.6573,32.8631],[130.6575,32.8631],[130.6577,32.8631],[130.6579,32.8631],[130.6579,32.8632],[130.658,32.8632],[130.6582,32.8633],[130.6583,32.8634],[130.6584,32.8635],[130.6586,32.8635],[130.6587,32.8635],[130.6588,32.8635],[130.6589,32.8636],[130.659,32.8635],[130.6592,32.8634],[130.6593,32.8633],[130.6594,32.8633],[130.6596,32.8632],[130.6596,32.8631],[130.6597,32.8631],[130.6598,32.8631],[130.6598,32.8632],[130.66,32.8632],[130.6601,32.8632],[130.6602,32.8632],[130.6603,32.8633],[130.6604,32.8633],[130.6605,32.8633],[130.6606,32.8633],[130.6608,32.8633],[130.6609,32.8633],[130.661,32.8633],[130.6611,32.8633],[130.6612,32.8634],[130.6613,32.8634],[130.6614,32.8634],[130.6614,32.8633],[130.6615,32.8632],[130.6617,32.8632],[130.6619,32.8633],[130.662,32.8634],[130.6623,32.8633],[130.6626,32.8633],[130.663,32.8634],[130.663,32.8632],[130.6631,32.8631],[130.6633,32.863],[130.6634,32.8628],[130.6637,32.8627],[130.6643,32.8625],[130.6645,32.8626],[130.6646,32.8625],[130.6646,32.8624],[130.6648,32.8623],[130.6651,32.8622],[130.6653,32.8621],[130.6654,32.8619],[130.6655,32.8618],[130.6656,32.8619],[130.6658,32.8619],[130.6659,32.8619],[130.666,32.8619],[130.6661,32.862],[130.6662,32.8618],[130.6663,32.8618],[130.6664,32.8618],[130.6666,32.8618],[130.6667,32.8618],[130.6668,32.8618],[130.6669,32.8618],[130.6672,32.8618],[130.6673,32.8618],[130.6674,32.8619],[130.6675,32.8619],[130.6676,32.862],[130.6677,32.8619],[130.6679,32.8619],[130.668,32.862],[130.6683,32.862],[130.6682,32.8618],[130.6684,32.8617],[130.6685,32.8617],[130.6685,32.8616],[130.6686,32.8616],[130.6687,32.8616],[130.6688,32.8617],[130.6689,32.8618],[130.669,32.8619],[130.6693,32.8619],[130.6695,32.8619],[130.6696,32.8619],[130.6696,32.8618],[130.6694,32.8615],[130.6693,32.8614],[130.6694,32.8614],[130.6693,32.8613],[130.6692,32.8613],[130.6692,32.8609],[130.6693,32.8609],[130.6694,32.8609],[130.6698,32.8608],[130.6698,32.8607],[130.6699,32.8607],[130.6701,32.8607],[130.6702,32.8606],[130.6703,32.8605],[130.6703,32.8604],[130.6704,32.8603],[130.6704,32.8602],[130.6705,32.86],[130.6705,32.8599],[130.6705,32.8596],[130.6705,32.8595],[130.6706,32.8595],[130.6706,32.8594],[130.6707,32.8594],[130.6708,32.8594],[130.6709,32.8594],[130.671,32.8592],[130.671,32.8591],[130.6709,32.8591],[130.6708,32.859],[130.6707,32.8589],[130.6706,32.8588],[130.6707,32.8587],[130.6709,32.8588],[130.671,32.8588],[130.6717,32.8584],[130.6717,32.8583],[130.6717,32.8582],[130.6718,32.8581],[130.672,32.858],[130.6721,32.8579],[130.6721,32.8578],[130.6722,32.8578],[130.6723,32.8577],[130.6724,32.8577],[130.6725,32.8576],[130.6726,32.8575],[130.6727,32.8574],[130.6728,32.8573],[130.6728,32.8572],[130.6729,32.8571],[130.6729,32.857],[130.673,32.8569],[130.6731,32.8569],[130.6731,32.8568],[130.6732,32.8568],[130.6733,32.8567],[130.6734,32.8566],[130.6735,32.8566],[130.6736,32.8565],[130.6737,32.8564],[130.6737,32.8563],[130.6737,32.8562],[130.6736,32.8562],[130.6735,32.856],[130.6734,32.8559],[130.6732,32.8558],[130.673,32.8558],[130.6729,32.8557],[130.6728,32.8557],[130.6726,32.8555],[130.6725,32.8553],[130.6724,32.8551],[130.6725,32.855],[130.6724,32.8548],[130.6723,32.8547],[130.6722,32.8546],[130.6722,32.8545],[130.6723,32.8544],[130.6722,32.8543],[130.6721,32.8543],[130.672,32.8542],[130.6719,32.8542],[130.6718,32.8542],[130.6718,32.8541],[130.6718,32.854],[130.6717,32.854],[130.6716,32.854],[130.6715,32.854],[130.6714,32.854],[130.6712,32.8541],[130.6711,32.8541],[130.671,32.8542],[130.6709,32.8542],[130.6708,32.8542],[130.6706,32.8542],[130.6705,32.8542],[130.6704,32.8542],[130.6703,32.8541],[130.6702,32.8541],[130.6701,32.8541],[130.6699,32.8541],[130.6698,32.854],[130.6696,32.854],[130.6695,32.854],[130.6695,32.8539],[130.6693,32.8539],[130.6691,32.8538],[130.669,32.8537],[130.6689,32.8537],[130.6688,32.8536],[130.6687,32.8535],[130.6687,32.8534],[130.6686,32.8534],[130.6685,32.8534],[130.6685,32.8533],[130.6683,32.8531],[130.6683,32.853],[130.6682,32.853],[130.668,32.8529],[130.6678,32.8528],[130.6678,32.8527],[130.6675,32.8526],[130.6674,32.8525],[130.6673,32.8524],[130.6672,32.8523],[130.6671,32.8521],[130.667,32.852],[130.667,32.8519],[130.6669,32.8518],[130.6669,32.8517],[130.667,32.8517],[130.6671,32.8517],[130.6672,32.8518],[130.6672,32.8519],[130.6673,32.8519],[130.6674,32.8519],[130.6674,32.8518],[130.6675,32.8518],[130.6676,32.8518],[130.6677,32.8518],[130.6678,32.8518],[130.6679,32.8518],[130.668,32.8519],[130.6681,32.8519],[130.6682,32.8519],[130.6683,32.852],[130.6684,32.852],[130.6685,32.852],[130.6686,32.852],[130.6687,32.852],[130.6687,32.8521],[130.6688,32.8521],[130.6689,32.8521],[130.6691,32.8522],[130.6692,32.8522],[130.6695,32.8524],[130.6696,32.8523],[130.6697,32.8522],[130.6698,32.8523],[130.6699,32.8526],[130.67,32.8527],[130.6702,32.8526],[130.6704,32.8525],[130.6704,32.8524],[130.6705,32.8524],[130.6704,32.8523],[130.6705,32.8524],[130.6705,32.8523],[130.6706,32.8523],[130.6706,32.8522],[130.6706,32.8521],[130.6706,32.852],[130.6705,32.8519],[130.6705,32.8518],[130.6705,32.8516],[130.6705,32.8515],[130.6704,32.8515],[130.6704,32.8514],[130.6703,32.8512],[130.6702,32.8511],[130.6701,32.851],[130.6699,32.8509],[130.6698,32.8508],[130.6697,32.8508],[130.6696,32.8507],[130.6696,32.8506],[130.6695,32.8506],[130.6695,32.8505],[130.6695,32.8504],[130.6694,32.8503],[130.6694,32.8502],[130.6694,32.8501],[130.6694,32.85],[130.6694,32.8499],[130.6694,32.8498],[130.6694,32.8497],[130.6693,32.8496],[130.6694,32.8494],[130.6696,32.8493],[130.6697,32.8493],[130.6697,32.8492],[130.6698,32.8492],[130.6699,32.8492],[130.67,32.8491],[130.6701,32.8491],[130.6703,32.849],[130.6703,32.8489],[130.6704,32.8488],[130.6705,32.8488],[130.6706,32.8488],[130.6707,32.8487],[130.6709,32.8487],[130.6711,32.8487],[130.6712,32.8486],[130.6713,32.8486],[130.6714,32.8486],[130.6715,32.8486],[130.6715,32.8487],[130.6716,32.8487],[130.6719,32.8488],[130.672,32.8489],[130.6721,32.8489],[130.6722,32.8488],[130.6723,32.8488],[130.6724,32.8488],[130.6725,32.8488],[130.6725,32.8489],[130.6726,32.8489],[130.6726,32.849],[130.6727,32.849],[130.6728,32.8491],[130.6728,32.8492],[130.6729,32.8493],[130.6729,32.8494],[130.6729,32.8495],[130.673,32.8496],[130.673,32.8497],[130.6731,32.8498],[130.6732,32.8498],[130.6732,32.8499],[130.6733,32.8499],[130.6735,32.85],[130.6736,32.85],[130.6737,32.85],[130.6738,32.85],[130.6739,32.8501],[130.674,32.8501],[130.6741,32.8502],[130.6742,32.8502],[130.6743,32.8503],[130.6744,32.8503],[130.6745,32.8503],[130.6746,32.8503],[130.6748,32.8504],[130.6749,32.8504],[130.675,32.8504],[130.6752,32.8502],[130.6753,32.8501],[130.6753,32.85],[130.6755,32.8501],[130.6756,32.8501],[130.6757,32.85],[130.6758,32.8498],[130.6758,32.8497],[130.6759,32.8495],[130.676,32.8493],[130.6761,32.8493],[130.6761,32.8492],[130.6761,32.8491],[130.676,32.8491],[130.6761,32.849],[130.6761,32.8489],[130.6761,32.8488],[130.6761,32.8487],[130.6761,32.8486],[130.676,32.8485],[130.6759,32.8484],[130.6759,32.8482],[130.6759,32.8481],[130.6759,32.848],[130.6758,32.848],[130.6756,32.848],[130.6755,32.848],[130.6754,32.848],[130.675,32.848],[130.6749,32.848],[130.6747,32.848],[130.6743,32.8479],[130.6741,32.8478],[130.6739,32.8478],[130.6738,32.8478],[130.6735,32.8477],[130.6734,32.8477],[130.6734,32.8476],[130.673,32.8475],[130.6729,32.8474],[130.6728,32.8473],[130.6726,32.8472],[130.6724,32.8471],[130.6722,32.847],[130.6721,32.8469],[130.6721,32.8468],[130.672,32.8467],[130.672,32.8466],[130.672,32.8464],[130.6721,32.8463],[130.6721,32.8461],[130.6721,32.846],[130.6721,32.8459],[130.672,32.8454],[130.6719,32.8451],[130.6718,32.845],[130.6717,32.845],[130.6717,32.8449],[130.6717,32.8448],[130.6717,32.8445],[130.6716,32.8445],[130.6715,32.8446],[130.6714,32.8446],[130.6713,32.8446],[130.6712,32.8447],[130.6711,32.8445],[130.671,32.8445],[130.6708,32.8445],[130.6707,32.8445],[130.6706,32.8444],[130.6704,32.8443],[130.6703,32.8443],[130.6702,32.8444],[130.6701,32.8445],[130.67,32.8446],[130.6698,32.8446],[130.6697,32.8447],[130.6695,32.8448],[130.6694,32.8449],[130.6693,32.845],[130.669,32.845],[130.6688,32.8447],[130.6687,32.8445],[130.6686,32.8444],[130.6684,32.8442],[130.6682,32.844],[130.668,32.8437],[130.6678,32.8434],[130.6679,32.843],[130.6679,32.8429],[130.6678,32.8427],[130.6678,32.8423],[130.6678,32.842],[130.6678,32.8417],[130.6678,32.8416],[130.6678,32.8413],[130.6678,32.8411],[130.6675,32.8408],[130.6673,32.8406],[130.6672,32.8404],[130.6671,32.8402],[130.6671,32.8401],[130.6673,32.8402],[130.6674,32.8402],[130.6674,32.8403],[130.6675,32.8403],[130.6674,32.8402],[130.6673,32.8401],[130.6672,32.8401],[130.6672,32.84],[130.6671,32.84],[130.6671,32.8399],[130.667,32.8398],[130.667,32.8396],[130.6669,32.8396],[130.6668,32.8396],[130.6667,32.8396],[130.6666,32.8396],[130.6666,32.8394],[130.6665,32.8393],[130.6664,32.8393],[130.6663,32.8392],[130.6662,32.8391],[130.6661,32.839],[130.666,32.8389],[130.6659,32.8388],[130.6658,32.8388],[130.6657,32.8387],[130.6656,32.8386],[130.6655,32.8386],[130.6654,32.8385],[130.6653,32.8385],[130.6651,32.8384],[130.6649,32.8383],[130.6648,32.8383],[130.6647,32.8383],[130.6646,32.8382],[130.6644,32.8381],[130.6642,32.8381],[130.6641,32.8381],[130.664,32.838],[130.6639,32.8379],[130.6637,32.8379],[130.6637,32.8378],[130.6635,32.8377],[130.6634,32.8376],[130.6633,32.8375],[130.663,32.8373],[130.6628,32.8372],[130.6626,32.837],[130.6625,32.8369],[130.6624,32.8368],[130.6624,32.8367],[130.6624,32.8365],[130.6624,32.8364],[130.6623,32.8364],[130.6623,32.8362],[130.6623,32.8361],[130.6622,32.836],[130.6621,32.8359],[130.662,32.8357],[130.6619,32.8357],[130.6619,32.8356],[130.6618,32.8355],[130.6616,32.8354],[130.6616,32.8353],[130.6614,32.8353],[130.6614,32.8352],[130.6613,32.8352],[130.6611,32.835],[130.661,32.8349],[130.6609,32.8348],[130.6608,32.8347],[130.6607,32.8347],[130.6606,32.8346],[130.6605,32.8346],[130.6603,32.8344],[130.6601,32.8343],[130.66,32.8343],[130.6599,32.8342],[130.6598,32.8341],[130.6596,32.8341],[130.6594,32.8339],[130.6592,32.8338],[130.6591,32.8337],[130.659,32.8337],[130.6589,32.8336],[130.6586,32.8336],[130.6584,32.8335],[130.6583,32.8335],[130.6581,32.8334],[130.6579,32.8333],[130.6578,32.8333],[130.6577,32.8332],[130.6575,32.8331],[130.6573,32.833],[130.6572,32.833],[130.6571,32.8329],[130.6569,32.8328],[130.6568,32.8327],[130.6566,32.8325],[130.6564,32.8324],[130.6563,32.8323],[130.6561,32.8323],[130.6561,32.8322],[130.6562,32.8321],[130.6564,32.8319],[130.6564,32.8318],[130.6565,32.8318],[130.6565,32.8317],[130.6566,32.8316],[130.6566,32.8315],[130.6566,32.8314],[130.6566,32.8313],[130.6566,32.8312],[130.6566,32.8311],[130.6565,32.8311],[130.6565,32.831],[130.6564,32.8309],[130.6563,32.8308],[130.6561,32.8306],[130.656,32.8305],[130.656,32.8304],[130.6559,32.8303],[130.6558,32.8302],[130.6559,32.8301],[130.656,32.83],[130.656,32.8299],[130.6561,32.8299],[130.6561,32.8298],[130.6561,32.8297],[130.6559,32.8296],[130.6558,32.8296],[130.6559,32.8294],[130.656,32.8293],[130.6561,32.8292],[130.6562,32.8292],[130.6563,32.8291],[130.6566,32.829],[130.6569,32.8288],[130.657,32.8287],[130.657,32.8286],[130.657,32.8285],[130.6569,32.8284],[130.6567,32.8282],[130.6567,32.8281],[130.6565,32.8278],[130.6565,32.8277],[130.6566,32.8276],[130.6569,32.8274],[130.657,32.8272],[130.6573,32.8267],[130.6576,32.8265],[130.6578,32.8265],[130.658,32.8264],[130.6582,32.8264],[130.6583,32.8263],[130.6585,32.8262],[130.6586,32.8262],[130.6587,32.8261],[130.6589,32.8261],[130.659,32.8261],[130.6591,32.8261],[130.6593,32.826],[130.6594,32.826],[130.6596,32.826],[130.6599,32.826],[130.6602,32.8261],[130.6605,32.8259],[130.6608,32.8257],[130.6609,32.8256],[130.661,32.8257],[130.6613,32.8257],[130.6615,32.8257],[130.6619,32.8258],[130.6621,32.8259],[130.6623,32.8259],[130.6624,32.826],[130.6629,32.8262],[130.6634,32.8264],[130.6639,32.8265],[130.6642,32.8267],[130.6644,32.8268],[130.6646,32.8268],[130.6648,32.8269],[130.6649,32.8269],[130.6651,32.8269],[130.6655,32.8269],[130.6656,32.8269],[130.6658,32.8269],[130.6659,32.827],[130.666,32.827],[130.6661,32.8271],[130.6663,32.8272],[130.6666,32.8274],[130.6667,32.8274],[130.6668,32.8275],[130.667,32.8276],[130.6672,32.8277],[130.6673,32.8278],[130.6674,32.8278],[130.6675,32.828],[130.6677,32.8281],[130.6678,32.8282],[130.6678,32.8283],[130.6679,32.8283],[130.668,32.8284],[130.6681,32.8285],[130.6682,32.8286],[130.6684,32.8288],[130.6685,32.8289],[130.6686,32.829],[130.6687,32.829],[130.6687,32.8291],[130.6689,32.8291],[130.669,32.8291],[130.6692,32.8292],[130.6694,32.8293],[130.6695,32.8294],[130.6697,32.8295],[130.6699,32.8296],[130.67,32.8297],[130.6702,32.8298],[130.6703,32.8298],[130.6703,32.8299],[130.6704,32.8299],[130.6704,32.83],[130.6704,32.8301],[130.6705,32.8302],[130.6706,32.8304],[130.6707,32.8304],[130.6709,32.8306],[130.671,32.8307],[130.6711,32.8308],[130.6712,32.8309],[130.6712,32.831],[130.6713,32.8312],[130.6714,32.8313],[130.6716,32.8314],[130.6716,32.8315],[130.6717,32.8315],[130.6718,32.8317],[130.6718,32.8318],[130.6718,32.8321],[130.6719,32.8323],[130.6719,32.8324],[130.6719,32.8326],[130.6719,32.8327],[130.6719,32.8328],[130.672,32.8329],[130.6721,32.833],[130.6722,32.833],[130.6723,32.8331],[130.6723,32.8332],[130.6724,32.8333],[130.6725,32.8334],[130.6726,32.8335],[130.6726,32.8336],[130.6727,32.8338],[130.6728,32.834],[130.6729,32.8341],[130.673,32.8344],[130.6732,32.8346],[130.6733,32.8349],[130.6734,32.8349],[130.6735,32.8349],[130.6736,32.835],[130.6737,32.835],[130.6738,32.835],[130.674,32.8351],[130.6741,32.8352],[130.6742,32.8353],[130.6743,32.8354],[130.6745,32.8355],[130.6746,32.8356],[130.6747,32.8357],[130.6747,32.8358],[130.6748,32.8359],[130.6749,32.836],[130.6749,32.8361],[130.675,32.8361],[130.6751,32.8362],[130.6754,32.8365],[130.6756,32.8366],[130.6757,32.8366],[130.6758,32.8366],[130.676,32.8365],[130.6761,32.8365],[130.6762,32.8365],[130.6763,32.8365],[130.6764,32.8365],[130.6766,32.8364],[130.6767,32.8364],[130.6772,32.8366],[130.6774,32.8367],[130.6776,32.8367],[130.6777,32.8368],[130.6779,32.8369],[130.6781,32.8369],[130.6789,32.8371],[130.6793,32.8372],[130.6795,32.8373],[130.6796,32.8372],[130.6797,32.8372],[130.6798,32.8372],[130.6799,32.8372],[130.68,32.8372],[130.6801,32.8373],[130.6802,32.8374],[130.6803,32.8374],[130.6806,32.8374],[130.6808,32.8375],[130.6809,32.8375],[130.681,32.8375],[130.681,32.8374],[130.6811,32.8374],[130.6812,32.8373],[130.6813,32.8373],[130.6814,32.8373],[130.6815,32.8373],[130.6816,32.8373],[130.6817,32.8373],[130.6818,32.8373],[130.6819,32.8373],[130.6819,32.8374],[130.682,32.8374],[130.682,32.8375],[130.6821,32.8376],[130.6822,32.8377],[130.6823,32.8377],[130.6825,32.8377],[130.6826,32.8376],[130.6827,32.8376],[130.6829,32.8375],[130.6831,32.8375],[130.6832,32.8375],[130.6833,32.8374],[130.6834,32.8374],[130.6836,32.8373],[130.6837,32.8373],[130.6838,32.8373],[130.6838,32.8372],[130.6839,32.8372],[130.6841,32.8373],[130.6841,32.8376],[130.6841,32.8377],[130.6841,32.838],[130.6845,32.8379],[130.6848,32.8377],[130.6851,32.8374],[130.6856,32.8375],[130.6857,32.8375],[130.6858,32.8374],[130.686,32.8373],[130.6862,32.8371],[130.6862,32.837],[130.6863,32.837],[130.6865,32.8368],[130.6867,32.8367],[130.6868,32.8366],[130.6869,32.8366],[130.6869,32.8365],[130.687,32.8364],[130.687,32.8363],[130.6871,32.8362],[130.6872,32.8362],[130.6872,32.8361],[130.6873,32.8361],[130.6873,32.836],[130.6874,32.836],[130.6875,32.836],[130.6876,32.8359],[130.6877,32.8357],[130.6877,32.8356],[130.6878,32.8354],[130.6878,32.8353],[130.6878,32.8352],[130.6879,32.8352],[130.688,32.835],[130.688,32.8349],[130.688,32.8347],[130.6881,32.8347],[130.6881,32.8346],[130.6881,32.8345],[130.6882,32.8345],[130.6883,32.8344],[130.6883,32.8343],[130.6883,32.8342],[130.6883,32.8341],[130.6884,32.834],[130.6884,32.8339],[130.6885,32.8338],[130.6885,32.8337],[130.6886,32.8337],[130.6886,32.8336],[130.6887,32.8336],[130.6888,32.8335],[130.6889,32.8334],[130.689,32.8333],[130.6891,32.8333],[130.6891,32.8332],[130.6892,32.8332],[130.6893,32.8331],[130.6895,32.833],[130.6896,32.8329],[130.6898,32.8328],[130.69,32.8327],[130.6901,32.8327],[130.6901,32.8326],[130.6902,32.8326],[130.6902,32.8325],[130.6903,32.8325],[130.6903,32.8324],[130.6903,32.8323],[130.6904,32.8323],[130.6904,32.8322],[130.6905,32.8321],[130.6905,32.832],[130.6905,32.8319],[130.6906,32.8319],[130.6908,32.8317],[130.6909,32.8317],[130.691,32.8316],[130.6911,32.8316],[130.6911,32.8315],[130.6912,32.8315],[130.6913,32.8315],[130.6914,32.8314],[130.6916,32.8314],[130.6917,32.8313],[130.6917,32.8312],[130.6916,32.8311],[130.6916,32.831],[130.6917,32.831],[130.6918,32.8311],[130.6919,32.8311],[130.692,32.8312],[130.6921,32.8312],[130.6922,32.8312],[130.6923,32.8312],[130.6923,32.8313],[130.6924,32.8314],[130.6925,32.8314],[130.6926,32.8314],[130.6927,32.8315],[130.6928,32.8315],[130.6929,32.8316],[130.693,32.8317],[130.6931,32.8317],[130.6932,32.8318],[130.6933,32.8318],[130.6933,32.8319],[130.6934,32.8319],[130.6935,32.8319],[130.6936,32.832],[130.6937,32.832],[130.6937,32.8321],[130.6938,32.8322],[130.6938,32.8321],[130.6939,32.8321],[130.694,32.8321],[130.6941,32.8322],[130.6943,32.8322],[130.6943,32.8323],[130.6944,32.8323],[130.6944,32.8324],[130.6945,32.8328],[130.6946,32.8328],[130.6947,32.8328],[130.6948,32.8328],[130.6949,32.8328],[130.695,32.8327],[130.6951,32.8327],[130.6951,32.8328],[130.6951,32.8329],[130.6951,32.8331],[130.6951,32.8332],[130.6951,32.8333],[130.6951,32.8334],[130.6951,32.8335],[130.6952,32.8335],[130.6952,32.8336],[130.6952,32.8337],[130.6952,32.8338],[130.6951,32.8338],[130.695,32.8338],[130.6949,32.8338],[130.6947,32.8338],[130.6947,32.8339],[130.6947,32.834],[130.6946,32.834],[130.6945,32.834],[130.6945,32.8341],[130.6945,32.8342],[130.6945,32.8343],[130.6946,32.8344],[130.6946,32.8345],[130.6946,32.8346],[130.6946,32.8347],[130.6947,32.8348],[130.6947,32.8349],[130.6947,32.835],[130.6948,32.835],[130.6948,32.8352],[130.6948,32.8353],[130.6948,32.8354],[130.6948,32.8355],[130.6948,32.8356],[130.6949,32.8356],[130.6949,32.8357],[130.6949,32.8358],[130.6949,32.8359],[130.695,32.8359],[130.695,32.836],[130.695,32.8361],[130.6951,32.8361],[130.6953,32.8362],[130.6953,32.8363],[130.6954,32.8363],[130.6955,32.8364],[130.6956,32.8364],[130.6958,32.8366],[130.6959,32.8367],[130.696,32.8368],[130.6961,32.8368],[130.6962,32.8369],[130.6964,32.837],[130.6966,32.8371],[130.697,32.8372],[130.6971,32.8372],[130.6972,32.8371],[130.6973,32.8371],[130.6974,32.837],[130.6976,32.837],[130.6976,32.8369],[130.6977,32.8369],[130.6978,32.8369],[130.698,32.8369],[130.6981,32.8368],[130.6982,32.8368],[130.6984,32.8368],[130.6985,32.8369],[130.6986,32.8369],[130.6987,32.8369],[130.6988,32.8369],[130.6989,32.8369],[130.699,32.8369],[130.6991,32.8369],[130.6991,32.837],[130.699,32.8371],[130.699,32.8372],[130.699,32.8373],[130.6991,32.8373],[130.6991,32.8374],[130.6992,32.8375],[130.6993,32.8375],[130.6993,32.8376],[130.6994,32.8376],[130.6994,32.8377],[130.6995,32.8377],[130.6996,32.8378],[130.6997,32.8377],[130.6996,32.8375],[130.6996,32.8374],[130.6995,32.8374],[130.6995,32.8373],[130.6995,32.8372],[130.6994,32.8371],[130.6993,32.837],[130.6993,32.8369],[130.6993,32.8368],[130.6994,32.8369],[130.6995,32.8368],[130.6995,32.8367],[130.6995,32.8366],[130.6995,32.8365],[130.6995,32.8364],[130.6995,32.8363],[130.6992,32.8361],[130.6991,32.836],[130.699,32.8359],[130.6989,32.8359],[130.699,32.8359],[130.699,32.8358],[130.6991,32.8358],[130.6991,32.8357],[130.6989,32.8355],[130.6989,32.8354],[130.6991,32.8353],[130.6991,32.8352],[130.6993,32.8351],[130.6994,32.8351],[130.6995,32.835],[130.6996,32.8349],[130.6997,32.8349],[130.6998,32.8349],[130.6999,32.8348],[130.7,32.8348],[130.7,32.8347],[130.7,32.8346],[130.7,32.8345],[130.7001,32.8343],[130.7001,32.8342],[130.7001,32.8341],[130.7001,32.834],[130.7002,32.8339],[130.7002,32.8338],[130.7002,32.8337],[130.7002,32.8336],[130.7002,32.8335],[130.7002,32.8333],[130.7001,32.8333],[130.7001,32.8332],[130.7,32.8332],[130.6999,32.8332],[130.6999,32.8331],[130.7,32.8331],[130.7,32.833],[130.7,32.8329],[130.7,32.8328],[130.7,32.8327],[130.7,32.8326],[130.7,32.8325],[130.7,32.8324],[130.7,32.8323],[130.7001,32.8323],[130.7001,32.8322],[130.7002,32.8322],[130.7003,32.8322],[130.7004,32.8322],[130.7005,32.8322],[130.7006,32.8321],[130.7008,32.8321],[130.7011,32.8321],[130.7014,32.832],[130.7016,32.832],[130.7017,32.832],[130.7018,32.8321],[130.7018,32.8322],[130.7018,32.8323],[130.7017,32.8323],[130.7017,32.8324],[130.7015,32.8324],[130.7014,32.8323],[130.7014,32.8326],[130.7014,32.8328],[130.7017,32.8328],[130.7017,32.8329],[130.7017,32.833],[130.7017,32.8331],[130.7016,32.8331],[130.7014,32.8331],[130.7013,32.8331],[130.7012,32.8331],[130.7012,32.8332],[130.7011,32.8332],[130.701,32.8332],[130.7009,32.8332],[130.7008,32.8332],[130.7006,32.8332],[130.7007,32.8333],[130.7007,32.8335],[130.7007,32.8336],[130.7007,32.8337],[130.7007,32.8339],[130.7007,32.834],[130.7008,32.8341],[130.7007,32.8341],[130.7008,32.8341],[130.7008,32.8342],[130.7009,32.8342],[130.7009,32.8343],[130.701,32.8343],[130.7011,32.8343],[130.7012,32.8342],[130.7013,32.8342],[130.7014,32.8342],[130.7015,32.8342],[130.7015,32.834],[130.7015,32.8339],[130.7016,32.8339],[130.7018,32.8338],[130.7021,32.8338],[130.7021,32.8336],[130.702,32.8335],[130.702,32.8334],[130.702,32.8333],[130.7021,32.8334],[130.7021,32.8335],[130.7022,32.8336],[130.7022,32.8337],[130.7022,32.8338],[130.7023,32.8338],[130.7023,32.8339],[130.7023,32.834],[130.7023,32.8341],[130.7024,32.8341],[130.7025,32.8341],[130.7026,32.8341],[130.7027,32.8341],[130.7028,32.8341],[130.7029,32.8341],[130.703,32.834],[130.7031,32.834],[130.7032,32.834],[130.7032,32.8339],[130.7032,32.8338],[130.7032,32.8337],[130.7032,32.8338],[130.7033,32.8338],[130.7034,32.8337],[130.7036,32.8337],[130.7037,32.8337],[130.7037,32.8336],[130.7038,32.8336],[130.7038,32.8335],[130.7038,32.8334],[130.7039,32.8334],[130.7039,32.8333],[130.704,32.8332],[130.704,32.8331],[130.7041,32.833],[130.7042,32.8328],[130.7043,32.8328],[130.7043,32.8327],[130.7044,32.8326],[130.7044,32.8325],[130.7043,32.8325],[130.7042,32.8324],[130.7041,32.8323],[130.704,32.8321],[130.7039,32.832],[130.7038,32.832],[130.7038,32.8319],[130.7037,32.8319],[130.7037,32.8318],[130.7037,32.8317],[130.7038,32.8317],[130.7038,32.8316],[130.7039,32.8316],[130.704,32.8316],[130.7041,32.8315],[130.7042,32.8315],[130.7043,32.8315],[130.7044,32.8314],[130.7045,32.8314],[130.7046,32.8314],[130.7047,32.8314],[130.7048,32.8314],[130.7049,32.8314],[130.705,32.8315],[130.7051,32.8315],[130.7052,32.8315],[130.7054,32.8316],[130.7056,32.8316],[130.7057,32.8316],[130.7058,32.8317],[130.7059,32.8317],[130.7058,32.8317],[130.7057,32.8317],[130.7056,32.8317],[130.7056,32.8318],[130.7055,32.8318],[130.7054,32.8319],[130.7053,32.8319],[130.7052,32.832],[130.7052,32.8321],[130.7053,32.8321],[130.7054,32.8321],[130.7056,32.8322],[130.7057,32.8322],[130.7058,32.8322],[130.7059,32.8322],[130.706,32.8323],[130.7061,32.8323],[130.7062,32.8323],[130.7063,32.8323],[130.7063,32.8322],[130.7063,32.8321],[130.7064,32.8321],[130.7064,32.832],[130.7064,32.8319],[130.7065,32.8319],[130.7066,32.8319],[130.7067,32.8319],[130.7068,32.8319],[130.707,32.8319],[130.707,32.832],[130.7071,32.832],[130.7072,32.832],[130.7074,32.8321],[130.7075,32.8321],[130.7078,32.8322],[130.7079,32.8322],[130.708,32.8323],[130.708,32.8322],[130.7081,32.8322],[130.7082,32.8322],[130.7083,32.8322],[130.7084,32.8321],[130.7085,32.8321],[130.7086,32.832],[130.7087,32.8319],[130.7088,32.8318],[130.709,32.8316],[130.7091,32.8316],[130.7091,32.8315],[130.7092,32.8315],[130.7093,32.8314],[130.7094,32.8313],[130.7095,32.8313],[130.7096,32.8313],[130.7098,32.8312],[130.71,32.8311],[130.7101,32.8311],[130.7102,32.831],[130.7103,32.831],[130.7104,32.831],[130.7104,32.8309],[130.7104,32.8308],[130.7104,32.8307],[130.7105,32.8305],[130.7105,32.8304],[130.7105,32.8303],[130.7105,32.8302],[130.7105,32.8299],[130.7105,32.8298],[130.7105,32.8297],[130.7105,32.8295],[130.7105,32.8294],[130.7105,32.8293],[130.7104,32.8291],[130.7104,32.8288],[130.7103,32.8286],[130.7103,32.8285],[130.7102,32.8283],[130.7102,32.8282],[130.7103,32.8281],[130.7105,32.828],[130.7106,32.828],[130.7107,32.8279],[130.7108,32.8279],[130.7109,32.8278],[130.7109,32.8277],[130.7109,32.8276],[130.7108,32.8276],[130.7107,32.8275],[130.7106,32.8274],[130.7106,32.8273],[130.7107,32.8273],[130.7105,32.8272],[130.7105,32.8271],[130.7104,32.8271],[130.7103,32.8271],[130.7103,32.827],[130.7101,32.827],[130.7101,32.8269],[130.71,32.8269],[130.7099,32.8269],[130.7099,32.8268],[130.7098,32.8268],[130.7098,32.8267],[130.7097,32.8266],[130.7097,32.8265],[130.7096,32.8265],[130.7096,32.8264],[130.7095,32.8263],[130.7096,32.8263],[130.7096,32.8262],[130.7095,32.8262],[130.7095,32.8261],[130.7096,32.826],[130.7097,32.826],[130.7097,32.8259],[130.7098,32.8259],[130.7098,32.8258],[130.7098,32.8257],[130.7098,32.8256],[130.7098,32.8255],[130.7097,32.8254],[130.7096,32.8254],[130.7095,32.8254],[130.7096,32.8253],[130.7097,32.8252],[130.7098,32.8251],[130.7099,32.825],[130.71,32.825],[130.71,32.8249],[130.7101,32.8248],[130.7102,32.8247],[130.7103,32.8247],[130.7102,32.8246],[130.7101,32.8246],[130.71,32.8247],[130.7099,32.8246],[130.7099,32.8245],[130.7098,32.8245],[130.7098,32.8244],[130.7098,32.8243],[130.7098,32.8244],[130.7098,32.8245],[130.7098,32.8246],[130.7097,32.8246],[130.7097,32.8247],[130.7095,32.8248],[130.7094,32.8248],[130.7093,32.8248],[130.7092,32.8248],[130.7092,32.8247],[130.7091,32.8247],[130.709,32.8247],[130.7089,32.8247],[130.7088,32.8246],[130.7088,32.8245],[130.7088,32.8244],[130.7088,32.8243],[130.7088,32.8242],[130.7088,32.824],[130.7088,32.8239],[130.7088,32.8238],[130.7086,32.8238],[130.7086,32.8235],[130.7087,32.8232],[130.7089,32.8232],[130.7089,32.8231],[130.7089,32.823],[130.7089,32.8229],[130.709,32.8229],[130.7091,32.8229],[130.7092,32.8228],[130.7093,32.8226],[130.7093,32.8225],[130.7093,32.8224],[130.7093,32.8223],[130.7093,32.8222],[130.7092,32.8221],[130.7092,32.8218],[130.7092,32.8217],[130.7093,32.8217],[130.7093,32.8216],[130.7093,32.8215],[130.7092,32.8215],[130.7092,32.8214],[130.7092,32.8213],[130.7092,32.8212],[130.7092,32.8211],[130.7093,32.8211],[130.7093,32.821],[130.7093,32.8209],[130.7094,32.8209],[130.7095,32.8209],[130.7098,32.8215],[130.7118,32.8217],[130.713,32.8207],[130.7149,32.8228],[130.716,32.8219],[130.7176,32.8215],[130.7181,32.8224],[130.7205,32.8222],[130.7216,32.8236],[130.7257,32.8226],[130.7279,32.8231],[130.7315,32.8247],[130.7337,32.8267],[130.7349,32.8265],[130.7366,32.8294],[130.7382,32.8297],[130.7397,32.8278],[130.7399,32.8263],[130.7415,32.8252],[130.744,32.8221],[130.746,32.8214],[130.7459,32.8201],[130.7474,32.8192],[130.7482,32.8206],[130.7516,32.824],[130.7528,32.8239],[130.7538,32.8222],[130.7546,32.8222],[130.7556,32.8241],[130.7544,32.8256],[130.754,32.8272],[130.7558,32.8288],[130.7571,32.8289],[130.7587,32.8277],[130.7593,32.8261],[130.7607,32.8264],[130.7621,32.8278],[130.7624,32.8289],[130.7614,32.831],[130.7598,32.8333],[130.7604,32.8347],[130.7614,32.8349],[130.7641,32.8341],[130.7656,32.8347],[130.7664,32.8389],[130.7674,32.8419],[130.7706,32.8415],[130.7725,32.842],[130.7732,32.843],[130.7723,32.8448],[130.7722,32.8466],[130.7737,32.8478],[130.776,32.8483],[130.7811,32.8481],[130.7827,32.8474],[130.7847,32.8455],[130.7859,32.8456],[130.7872,32.8505],[130.7905,32.8533],[130.7894,32.8535],[130.7884,32.8566],[130.7874,32.8583],[130.7838,32.8571],[130.7797,32.8564],[130.7792,32.8577],[130.7773,32.8575],[130.7763,32.8579],[130.7732,32.8573],[130.768,32.8569],[130.7682,32.8561],[130.7656,32.8554],[130.765,32.8543],[130.7618,32.8543],[130.7621,32.8536],[130.7597,32.8529],[130.7593,32.8523],[130.7572,32.8525],[130.7559,32.8532],[130.7592,32.8552],[130.7601,32.8573],[130.7549,32.8563],[130.7522,32.8554],[130.751,32.8567],[130.7486,32.8578],[130.7481,32.8571],[130.7457,32.8559],[130.7431,32.8552],[130.741,32.8538],[130.7366,32.8531],[130.7349,32.8522],[130.7327,32.8525],[130.7318,32.8516],[130.7265,32.8515],[130.7251,32.852],[130.7256,32.8537],[130.7274,32.8563],[130.7297,32.8603],[130.7309,32.862],[130.7312,32.864],[130.7307,32.8664],[130.7309,32.868],[130.7317,32.8692],[130.731,32.8699],[130.731,32.8721],[130.7323,32.8747],[130.7323,32.8787],[130.7306,32.8787],[130.7299,32.8798],[130.7301,32.8882],[130.7242,32.8879],[130.7224,32.8904],[130.7225,32.8926],[130.7201,32.8954],[130.72,32.897],[130.7212,32.8979],[130.7229,32.9005],[130.722,32.9059],[130.7221,32.9069],[130.7237,32.9131],[130.7247,32.9157],[130.725,32.9177],[130.7262,32.9207],[130.7278,32.9233],[130.7286,32.9265],[130.7298,32.9275],[130.7289,32.9311],[130.7308,32.9337],[130.731,32.9363],[130.7308,32.9391],[130.7292,32.9421],[130.7284,32.9442],[130.7286,32.9464],[130.7294,32.9464],[130.7294,32.9484],[130.7302,32.9501],[130.7292,32.9507],[130.7299,32.9533],[130.7294,32.955],[130.7299,32.959],[130.7286,32.9612],[130.7289,32.9629],[130.7281,32.9643],[130.7283,32.9659],[130.7336,32.972],[130.7287,32.9752],[130.7247,32.977],[130.7229,32.9747],[130.7211,32.9757],[130.7186,32.9746],[130.7155,32.9764],[130.715,32.9758],[130.7121,32.9774],[130.7081,32.9799],[130.7072,32.9789],[130.7093,32.977],[130.7075,32.975],[130.7093,32.9733],[130.7091,32.9723],[130.7067,32.9708],[130.7063,32.9694],[130.7045,32.9688],[130.704,32.9681],[130.704,32.9662],[130.7031,32.9655],[130.7024,32.9636],[130.7027,32.9618],[130.7012,32.9596],[130.6981,32.957],[130.6964,32.9549],[130.6945,32.9552],[130.6932,32.9565],[130.6935,32.9577],[130.6915,32.9596],[130.6902,32.9593],[130.6891,32.9582],[130.6862,32.9577],[130.6849,32.9571],[130.6829,32.9574],[130.6814,32.9564],[130.6798,32.9546],[130.6736,32.9523],[130.6728,32.9509],[130.6716,32.9507],[130.6708,32.9497],[130.6709,32.9474],[130.6695,32.9444],[130.6674,32.9438],[130.6674,32.9422],[130.6681,32.9411],[130.6666,32.9383],[130.6671,32.9369],[130.6636,32.9349],[130.662,32.9343],[130.6593,32.9349],[130.6566,32.9343],[130.6549,32.9353],[130.6518,32.9333],[130.6516,32.9322],[130.6513,32.9312],[130.6493,32.9309],[130.6462,32.9316],[130.6445,32.9308],[130.6417,32.9303],[130.6422,32.929],[130.6408,32.9282],[130.6394,32.9268],[130.6389,32.9255],[130.6419,32.9239],[130.6393,32.921],[130.638,32.9183],[130.6366,32.9175],[130.6372,32.9162],[130.6391,32.9156],[130.6391,32.9144],[130.6402,32.9141],[130.6452,32.909],[130.6466,32.908],[130.6464,32.9067],[130.6473,32.9046],[130.6497,32.9028],[130.6495,32.9019],[130.648,32.9003],[130.648,32.8993],[130.649,32.898],[130.6489,32.8965],[130.6494,32.8925],[130.6513,32.8911],[130.6518,32.8899],[130.652,32.8879],[130.6484,32.8859],[130.6464,32.886],[130.6449,32.8849],[130.6437,32.8808],[130.6421,32.8786],[130.643,32.8776],[130.6426,32.8756],[130.6398,32.8734],[130.64,32.8702],[130.6385,32.865],[130.6356,32.8623],[130.6348,32.8609]]]},"properties":{"N03_001":"熊本県","N03_002":"","N03_003":"熊本市","N03_004":"北区","N03_007":"43105"}},
{"type":"Feature","geometry":{"type":"Polygon","coordinates":[[[130.5381,32.4103],[130.5407,32.4095],[130.5429,32.4075],[130.5434,32.4058],[130.5423,32.4039],[130.5398,32.4017],[130.5394,32.3996],[130.5371,32.3994],[130.5347,32.3981],[130.5343,32.3963],[130.5348,32.3956],[130.5348,32.3931],[130.5308,32.3885],[130.5305,32.3864],[130.5325,32.3849],[130.5338,32.3846],[130.5342,32.3833],[130.5326,32.3812],[130.5319,32.3809],[130.5292,32.3815],[130.5283,32.3814],[130.5294,32.3776],[130.529,32.3757],[130.528,32.374],[130.5297,32.3732],[130.531,32.3718],[130.5314,32.3703],[130.5309,32.3692],[130.5308,32.3671],[130.5322,32.3665],[130.5339,32.3663],[130.5353,32.3655],[130.5376,32.365],[130.5411,32.3651],[130.5432,32.3661],[130.5458,32.3681],[130.5479,32.368],[130.5469,32.3696],[130.5471,32.3717],[130.5485,32.3729],[130.5499,32.3731],[130.5506,32.3749],[130.5513,32.3754],[130.5516,32.3776],[130.5524,32.3784],[130.5531,32.3805],[130.5574,32.3817],[130.559,32.3826],[130.5608,32.3824],[130.5613,32.381],[130.5625,32.3805],[130.5643,32.3815],[130.5653,32.3813],[130.5642,32.379],[130.5673,32.3766],[130.5702,32.3749],[130.5721,32.3753],[130.5733,32.375],[130.5768,32.3722],[130.5778,32.3717],[130.5821,32.3746],[130.5836,32.3745],[130.5862,32.3759],[130.5872,32.3757],[130.5884,32.3766],[130.5911,32.3755],[130.595,32.3754],[130.5947,32.3738],[130.5985,32.3728],[130.6003,32.3732],[130.6029,32.3744],[130.6046,32.3756],[130.6066,32.3761],[130.611,32.3755],[130.6113,32.3743],[130.6125,32.3741],[130.6143,32.3747],[130.6166,32.3746],[130.6186,32.3736],[130.6197,32.374],[130.6216,32.3728],[130.6216,32.3712],[130.6232,32.369],[130.623,32.3682],[130.6242,32.3658],[130.6252,32.3645],[130.6278,32.3641],[130.6302,32.366],[130.631,32.3673],[130.6332,32.3676],[130.6361,32.3654],[130.6405,32.3652],[130.6422,32.3649],[130.6424,32.3666],[130.6434,32.3685],[130.6451,32.3703],[130.648,32.3717],[130.6512,32.3728],[130.6525,32.3735],[130.6531,32.3747],[130.6531,32.3764],[130.6519,32.3782],[130.6532,32.3782],[130.6557,32.3764],[130.6573,32.3732],[130.6573,32.3708],[130.6568,32.3696],[130.6567,32.3677],[130.6574,32.3653],[130.6582,32.3645],[130.6573,32.363],[130.6592,32.3603],[130.6614,32.3584],[130.6637,32.3556],[130.6642,32.3545],[130.6653,32.354],[130.6658,32.3508],[130.6667,32.349],[130.6681,32.3483],[130.6697,32.3458],[130.6686,32.3428],[130.6698,32.342],[130.6708,32.3401],[130.6728,32.3403],[130.6787,32.3428],[130.6803,32.3421],[130.681,32.3411],[130.6823,32.3412],[130.684,32.3386],[130.6859,32.3393],[130.6886,32.3409],[130.6906,32.341],[130.6938,32.3422],[130.6963,32.344],[130.6968,32.3448],[130.7009,32.347],[130.6996,32.3478],[130.6991,32.3489],[130.7001,32.3497],[130.6984,32.3508],[130.6973,32.3541],[130.7004,32.3553],[130.7025,32.3567],[130.7034,32.3595],[130.7025,32.3608],[130.7019,32.3629],[130.7033,32.3636],[130.7046,32.3657],[130.7077,32.3667],[130.7098,32.3681],[130.7111,32.3702],[130.7111,32.3729],[130.7123,32.3741],[130.7145,32.3755],[130.7145,32.3765],[130.7159,32.3782],[130.7173,32.3791],[130.7177,32.3814],[130.7202,32.3834],[130.7205,32.3852],[130.7213,32.3864],[130.7228,32.387],[130.7246,32.3891],[130.7263,32.3894],[130.7294,32.3908],[130.7314,32.3921],[130.7339,32.3925],[130.7358,32.3922],[130.7392,32.3929],[130.7385,32.3952],[130.7392,32.3964],[130.7398,32.399],[130.7427,32.3989],[130.7418,32.4009],[130.7398,32.4024],[130.7376,32.4029],[130.7358,32.4046],[130.73,32.4042],[130.7243,32.4056],[130.7238,32.4095],[130.7223,32.4107],[130.7228,32.4123],[130.7243,32.4132],[130.7243,32.4142],[130.7231,32.4151],[130.7222,32.4173],[130.7216,32.4172],[130.7205,32.4191],[130.7213,32.421],[130.7234,32.4212],[130.7253,32.423],[130.7265,32.4255],[130.729,32.4271],[130.7293,32.4282],[130.7263,32.4318],[130.7277,32.4335],[130.7277,32.4356],[130.7266,32.4372],[130.7252,32.4384],[130.7257,32.4403],[130.7247,32.4409],[130.7248,32.4421],[130.723,32.4435],[130.7234,32.4474],[130.7222,32.4493],[130.7249,32.4523],[130.7258,32.4511],[130.7279,32.4515],[130.7286,32.4523],[130.7314,32.4526],[130.7335,32.4523],[130.7352,32.4527],[130.7366,32.4519],[130.7385,32.4523],[130.7392,32.453],[130.7411,32.4534],[130.7413,32.4556],[130.7407,32.4575],[130.7382,32.4577],[130.7384,32.4587],[130.737,32.4604],[130.738,32.4616],[130.7372,32.4633],[130.7378,32.4643],[130.7383,32.4693],[130.737,32.4701],[130.7366,32.4711],[130.7379,32.4718],[130.7412,32.4717],[130.7425,32.4694],[130.746,32.4691],[130.7481,32.4685],[130.7518,32.4686],[130.7523,32.4711],[130.7508,32.4736],[130.7513,32.4746],[130.7552,32.4754],[130.7569,32.4767],[130.7581,32.4784],[130.7593,32.4789],[130.7618,32.4787],[130.7641,32.4791],[130.7652,32.4803],[130.7668,32.4804],[130.7684,32.4798],[130.7692,32.4812],[130.7708,32.4806],[130.7714,32.4813],[130.7735,32.4817],[130.7767,32.4819],[130.7786,32.4827],[130.7822,32.4837],[130.7847,32.4841],[130.7861,32.4847],[130.7861,32.4859],[130.787,32.4874],[130.7889,32.4887],[130.7901,32.4899],[130.7913,32.4902],[130.793,32.4922],[130.7928,32.4931],[130.7947,32.4942],[130.7984,32.4941],[130.8,32.493],[130.8018,32.493],[130.8034,32.4937],[130.8067,32.4944],[130.8087,32.4933],[130.8107,32.4934],[130.8125,32.4928],[130.8142,32.4916],[130.8158,32.4915],[130.8164,32.4907],[130.8189,32.4913],[130.8227,32.4929],[130.8278,32.4942],[130.8301,32.4954],[130.8319,32.4956],[130.8335,32.4965],[130.8374,32.4977],[130.8398,32.499],[130.842,32.4964],[130.8423,32.4949],[130.8436,32.4939],[130.8442,32.4922],[130.8476,32.4931],[130.8498,32.4907],[130.8509,32.4902],[130.8509,32.4892],[130.8522,32.4878],[130.8539,32.4879],[130.8552,32.4895],[130.855,32.4902],[130.8581,32.4934],[130.8595,32.4931],[130.8625,32.4937],[130.8649,32.4924],[130.8675,32.4901],[130.8698,32.4893],[130.8715,32.4881],[130.8742,32.4854],[130.8764,32.4851],[130.8781,32.4802],[130.8773,32.4793],[130.8789,32.4764],[130.8803,32.4778],[130.8814,32.4779],[130.8843,32.4771],[130.8851,32.4765],[130.8872,32.4771],[130.8897,32.4774],[130.8911,32.477],[130.8934,32.4748],[130.8944,32.4727],[130.8958,32.4729],[130.8963,32.4718],[130.8979,32.4711],[130.8993,32.4687],[130.9009,32.4682],[130.9011,32.4674],[130.8998,32.4655],[130.9003,32.4643],[130.9005,32.4623],[130.9,32.4616],[130.8995,32.4581],[130.9,32.4562],[130.8986,32.454],[130.8981,32.4519],[130.8995,32.449],[130.901,32.4475],[130.9023,32.4453],[130.9028,32.4427],[130.906,32.4411],[130.9087,32.441],[130.91,32.4398],[130.9124,32.4407],[130.9145,32.4405],[130.9157,32.4409],[130.9179,32.4404],[130.9208,32.4413],[130.922,32.4407],[130.9237,32.4414],[130.9287,32.4416],[130.9292,32.4407],[130.9309,32.4397],[130.9328,32.4396],[130.9357,32.4384],[130.9376,32.4392],[130.9411,32.4385],[130.942,32.4399],[130.9429,32.4395],[130.9448,32.4398],[130.9467,32.4414],[130.9487,32.4405],[130.9509,32.4408],[130.952,32.4418],[130.953,32.4419],[130.9534,32.4436],[130.9545,32.4447],[130.9563,32.4475],[130.9563,32.4483],[130.9589,32.4504],[130.9616,32.4505],[130.964,32.4511],[130.9655,32.4521],[130.9682,32.4513],[130.9692,32.4503],[130.9731,32.451],[130.9778,32.4512],[130.9793,32.4498],[130.9802,32.4478],[130.9827,32.4478],[130.9852,32.4471],[130.9871,32.4471],[130.9895,32.4477],[130.9937,32.449],[130.9954,32.4498],[130.9971,32.4514],[130.9999,32.4524],[131.0005,32.4541],[131.0018,32.4556],[131.0037,32.4569],[131.0064,32.4582],[131.0082,32.4604],[131.0101,32.4609],[131.0131,32.461],[131.0143,32.4627],[131.0144,32.4637],[131.0156,32.4654],[131.0173,32.4672],[131.0159,32.4681],[131.0152,32.4698],[131.0154,32.4715],[131.0164,32.4733],[131.0151,32.4758],[131.0139,32.477],[131.0139,32.48],[131.0124,32.4811],[131.0106,32.483],[131.0095,32.4849],[131.0085,32.4877],[131.007,32.4901],[131.007,32.4932],[131.0074,32.4951],[131.0091,32.4978],[131.0082,32.4994],[131.0081,32.5027],[131.0088,32.5034],[131.0097,32.5092],[131.0092,32.5108],[131.0095,32.5134],[131.0094,32.5154],[131.0106,32.5157],[131.0152,32.5158],[131.0184,32.5196],[131.0218,32.5202],[131.0247,32.5202],[131.0256,32.5211],[131.0255,32.5232],[131.024,32.5276],[131.0242,32.5303],[131.0249,32.5316],[131.0236,32.535],[131.0235,32.5361],[131.0214,32.5379],[131.0191,32.5415],[131.018,32.5464],[131.0195,32.5492],[131.0167,32.5515],[131.0172,32.5528],[131.0162,32.5545],[131.0138,32.5553],[131.0126,32.5561],[131.012,32.5575],[131.0123,32.5593],[131.011,32.5596],[131.0097,32.561],[131.0107,32.562],[131.0114,32.5637],[131.01,32.565],[131.0047,32.5659],[131.0024,32.5676],[131.0019,32.5688],[131.0002,32.57],[130.9979,32.569],[130.9962,32.5688],[130.9944,32.5693],[130.9923,32.5703],[130.9908,32.5715],[130.988,32.5713],[130.9869,32.5718],[130.9851,32.5736],[130.983,32.5737],[130.9821,32.5752],[130.9803,32.5757],[130.9786,32.5772],[130.9751,32.5789],[130.9724,32.5799],[130.9693,32.5804],[130.9681,32.5793],[130.9634,32.5778],[130.9604,32.5787],[130.9589,32.5769],[130.9544,32.5771],[130.952,32.5783],[130.9506,32.5795],[130.95,32.5785],[130.9469,32.5766],[130.9435,32.5765],[130.9423,32.577],[130.9399,32.577],[130.939,32.5779],[130.9358,32.5773],[130.9319,32.5769],[130.929,32.5751],[130.9263,32.5743],[130.9233,32.5746],[130.9222,32.5764],[130.923,32.5777],[130.9221,32.5794],[130.9199,32.5806],[130.9191,32.5807],[130.9158,32.5836],[130.9136,32.5848],[130.9102,32.5839],[130.9073,32.5838],[130.9072,32.5826],[130.9059,32.5804],[130.9066,32.5802],[130.9083,32.5784],[130.909,32.5759],[130.9063,32.5748],[130.9044,32.5744],[130.9024,32.5745],[130.8999,32.5733],[130.8983,32.5722],[130.8979,32.5712],[130.8952,32.5708],[130.8922,32.5707],[130.8905,32.5718],[130.8884,32.5715],[130.8867,32.5721],[130.8851,32.5738],[130.8838,32.5741],[130.8787,32.5734],[130.8782,32.5726],[130.8752,32.5723],[130.8724,32.5728],[130.8705,32.5722],[130.8686,32.5731],[130.867,32.5729],[130.8615,32.5742],[130.8594,32.5733],[130.8565,32.5737],[130.8549,32.573],[130.8523,32.5727],[130.8507,32.5714],[130.8463,32.5695],[130.8422,32.5708],[130.8398,32.5689],[130.8396,32.5682],[130.8357,32.5657],[130.8321,32.5646],[130.8312,32.5634],[130.8279,32.5618],[130.8267,32.562],[130.8226,32.5614],[130.821,32.5608],[130.8196,32.5626],[130.8182,32.5632],[130.8151,32.5669],[130.8139,32.5675],[130.8113,32.5677],[130.8097,32.567],[130.8072,32.5684],[130.8049,32.5678],[130.8039,32.5683],[130.8024,32.5704],[130.801,32.5713],[130.7998,32.5728],[130.7996,32.5737],[130.7984,32.5752],[130.7971,32.5761],[130.7953,32.5763],[130.793,32.5786],[130.7925,32.581],[130.7939,32.5825],[130.7939,32.5841],[130.7924,32.5849],[130.7917,32.586],[130.7905,32.5904],[130.7893,32.5923],[130.7888,32.5944],[130.7875,32.5944],[130.7858,32.5953],[130.7827,32.5954],[130.7824,32.5949],[130.7822,32.5944],[130.7816,32.5938],[130.7814,32.5935],[130.7811,32.5931],[130.781,32.5929],[130.781,32.5927],[130.781,32.5926],[130.7811,32.5925],[130.7813,32.5924],[130.7813,32.5922],[130.7811,32.5921],[130.7809,32.592],[130.7807,32.5919],[130.7806,32.5919],[130.7804,32.5919],[130.7803,32.5918],[130.7801,32.5917],[130.78,32.5914],[130.7798,32.591],[130.7797,32.5907],[130.7796,32.5905],[130.7796,32.5903],[130.7796,32.5902],[130.7796,32.59],[130.7795,32.5898],[130.7794,32.5896],[130.7793,32.5894],[130.7791,32.5891],[130.7789,32.5889],[130.7787,32.5887],[130.7785,32.5886],[130.7783,32.5885],[130.7782,32.5884],[130.7781,32.5883],[130.778,32.5882],[130.7779,32.5881],[130.778,32.588],[130.778,32.5879],[130.778,32.5878],[130.7781,32.5876],[130.7781,32.5874],[130.7781,32.5873],[130.7779,32.5872],[130.7778,32.5871],[130.7777,32.587],[130.7777,32.5868],[130.7777,32.5867],[130.7777,32.5864],[130.7776,32.5862],[130.7777,32.586],[130.7778,32.5858],[130.7779,32.5856],[130.7779,32.5853],[130.7778,32.5851],[130.7776,32.5849],[130.7773,32.5849],[130.7765,32.5848],[130.7755,32.5847],[130.775,32.5844],[130.7749,32.5844],[130.7744,32.584],[130.7738,32.5835],[130.7735,32.5833],[130.773,32.583],[130.7717,32.5823],[130.7715,32.5821],[130.7715,32.5818],[130.7716,32.5816],[130.7715,32.5815],[130.7709,32.5813],[130.7706,32.5812],[130.7702,32.5811],[130.7698,32.5808],[130.7696,32.5808],[130.7694,32.5807],[130.7693,32.5807],[130.7692,32.5806],[130.769,32.5802],[130.7689,32.58],[130.7685,32.5794],[130.7683,32.579],[130.7683,32.5788],[130.7679,32.5785],[130.7678,32.5784],[130.7676,32.5783],[130.7675,32.5782],[130.7674,32.5779],[130.7676,32.5776],[130.7677,32.5773],[130.7676,32.577],[130.7676,32.5766],[130.7677,32.5763],[130.7676,32.5761],[130.7674,32.5758],[130.7672,32.5755],[130.767,32.5753],[130.7668,32.575],[130.7667,32.575],[130.7664,32.5748],[130.7661,32.5747],[130.7658,32.5745],[130.7655,32.5741],[130.7654,32.574],[130.7653,32.574],[130.765,32.574],[130.7646,32.5741],[130.764,32.5742],[130.7632,32.5742],[130.7629,32.5742],[130.7627,32.5741],[130.7624,32.574],[130.7618,32.5739],[130.7613,32.5739],[130.7609,32.5739],[130.7608,32.5738],[130.7607,32.5738],[130.7605,32.5738],[130.7604,32.5738],[130.7603,32.5739],[130.7602,32.574],[130.7602,32.5742],[130.7601,32.5745],[130.7601,32.5746],[130.7601,32.5747],[130.76,32.5747],[130.7599,32.5746],[130.7598,32.5745],[130.7596,32.5743],[130.7592,32.5742],[130.7591,32.574],[130.759,32.5736],[130.7589,32.5734],[130.7587,32.5733],[130.7586,32.5732],[130.7586,32.573],[130.7584,32.5729],[130.7583,32.5729],[130.7581,32.5729],[130.7575,32.5729],[130.7574,32.5729],[130.7573,32.5728],[130.7572,32.5728],[130.7571,32.5726],[130.757,32.5724],[130.7568,32.5723],[130.7566,32.5721],[130.7565,32.5719],[130.7563,32.5717],[130.7563,32.5715],[130.7564,32.5713],[130.7564,32.5711],[130.7563,32.5709],[130.7564,32.5706],[130.7564,32.5704],[130.7562,32.5702],[130.7555,32.5696],[130.7552,32.5693],[130.7551,32.5688],[130.755,32.5686],[130.7547,32.5684],[130.7543,32.5682],[130.7539,32.5678],[130.7536,32.5675],[130.7536,32.5673],[130.7536,32.5672],[130.7539,32.5668],[130.754,32.5667],[130.7539,32.566],[130.7537,32.565],[130.7537,32.5643],[130.7537,32.5638],[130.7535,32.5636],[130.7528,32.5632],[130.7517,32.5628],[130.7505,32.5625],[130.7501,32.5622],[130.75,32.5622],[130.7498,32.5621],[130.7493,32.5621],[130.7487,32.562],[130.7481,32.5619],[130.7477,32.5618],[130.7475,32.5617],[130.7473,32.5616],[130.7467,32.5613],[130.7459,32.5611],[130.7456,32.5609],[130.7452,32.5606],[130.745,32.5604],[130.7446,32.5601],[130.7443,32.5598],[130.7441,32.5595],[130.744,32.5594],[130.7437,32.5593],[130.7431,32.5591],[130.7426,32.559],[130.7422,32.5589],[130.7417,32.5589],[130.7413,32.559],[130.7409,32.5592],[130.7407,32.5593],[130.7405,32.5593],[130.7402,32.5595],[130.74,32.5599],[130.7397,32.5601],[130.7395,32.5603],[130.7393,32.5603],[130.7391,32.5603],[130.739,32.5603],[130.7389,32.5603],[130.7388,32.5603],[130.7385,32.5604],[130.7381,32.5605],[130.7378,32.5605],[130.7376,32.5607],[130.7371,32.561],[130.7368,32.5612],[130.7366,32.5613],[130.7364,32.5615],[130.7362,32.5616],[130.7359,32.5617],[130.7356,32.5617],[130.7354,32.5617],[130.7351,32.5617],[130.7349,32.5617],[130.7346,32.5616],[130.7346,32.5614],[130.7345,32.5612],[130.7343,32.5611],[130.7339,32.5611],[130.7336,32.5611],[130.7333,32.561],[130.7332,32.561],[130.7328,32.5608],[130.7326,32.5606],[130.7325,32.5606],[130.7324,32.5606],[130.7322,32.5606],[130.7321,32.5607],[130.7319,32.5609],[130.7316,32.5611],[130.7313,32.5613],[130.731,32.5613],[130.7303,32.5613],[130.7296,32.5611],[130.7295,32.561],[130.7292,32.5608],[130.7288,32.5607],[130.7285,32.5605],[130.7283,32.5605],[130.728,32.5606],[130.7277,32.5607],[130.7273,32.5607],[130.7267,32.5606],[130.7266,32.5606],[130.7264,32.5605],[130.7261,32.5604],[130.7259,32.5603],[130.7254,32.5603],[130.7251,32.5603],[130.725,32.5603],[130.7249,32.5603],[130.7246,32.5602],[130.7245,32.56],[130.7245,32.5597],[130.7244,32.5596],[130.7243,32.5595],[130.724,32.5594],[130.724,32.5592],[130.724,32.559],[130.724,32.5589],[130.7239,32.5587],[130.7238,32.5586],[130.7225,32.5577],[130.7224,32.5565],[130.7202,32.5569],[130.7195,32.5564],[130.7147,32.5573],[130.7137,32.5568],[130.7143,32.5552],[130.7145,32.5536],[130.7123,32.5508],[130.7112,32.5488],[130.7083,32.5487],[130.7076,32.5463],[130.7058,32.5445],[130.7045,32.5437],[130.7028,32.5441],[130.6996,32.5454],[130.6965,32.5444],[130.6964,32.5431],[130.6975,32.5407],[130.6987,32.5399],[130.6998,32.5383],[130.7006,32.5356],[130.6979,32.5344],[130.6936,32.5315],[130.6924,32.5313],[130.6897,32.5298],[130.6885,32.5287],[130.6867,32.5276],[130.6853,32.5287],[130.6849,32.5303],[130.6836,32.5306],[130.6824,32.5333],[130.6794,32.5345],[130.6781,32.5371],[130.6771,32.538],[130.676,32.5397],[130.6751,32.5399],[130.6737,32.5411],[130.6704,32.5423],[130.6666,32.5442],[130.664,32.5449],[130.665,32.5463],[130.6682,32.5498],[130.6699,32.5505],[130.6706,32.5515],[130.6702,32.5528],[130.6645,32.5555],[130.666,32.5578],[130.668,32.5569],[130.67,32.5566],[130.6705,32.5575],[130.6703,32.559],[130.6705,32.5611],[130.6724,32.5605],[130.6735,32.562],[130.6767,32.5628],[130.6753,32.566],[130.674,32.5681],[130.671,32.5711],[130.6688,32.5735],[130.6671,32.575],[130.6639,32.5762],[130.6611,32.5775],[130.659,32.5796],[130.6576,32.5815],[130.6513,32.5865],[130.6448,32.5918],[130.6409,32.5957],[130.6328,32.6021],[130.6285,32.5992],[130.6187,32.5915],[130.6186,32.5904],[130.6159,32.5884],[130.6114,32.593],[130.6106,32.5934],[130.6087,32.5931],[130.5899,32.5762],[130.589,32.575],[130.5835,32.5687],[130.5769,32.5593],[130.5759,32.5584],[130.5624,32.538],[130.5592,32.5388],[130.5591,32.5399],[130.5581,32.5407],[130.5564,32.5406],[130.5563,32.5414],[130.5573,32.5427],[130.556,32.5429],[130.5529,32.542],[130.5515,32.5412],[130.5499,32.539],[130.5484,32.538],[130.5466,32.5362],[130.5457,32.5373],[130.5438,32.5382],[130.5376,32.5286],[130.5362,32.5259],[130.5493,32.5196],[130.5551,32.517],[130.5546,32.5161],[130.5633,32.5123],[130.5669,32.5123],[130.5676,32.5115],[130.5733,32.5096],[130.5726,32.5074],[130.5707,32.5075],[130.5676,32.5067],[130.559,32.5105],[130.5587,32.5097],[130.5567,32.5105],[130.5569,32.5114],[130.5544,32.5125],[130.5525,32.5126],[130.552,32.5137],[130.5382,32.5202],[130.5329,32.5227],[130.5312,32.52],[130.5405,32.5157],[130.5417,32.5159],[130.5474,32.5118],[130.5527,32.5096],[130.556,32.5087],[130.5563,32.5092],[130.5651,32.5054],[130.5627,32.4986],[130.5523,32.5009],[130.5498,32.501],[130.5468,32.5002],[130.5447,32.4989],[130.5433,32.4974],[130.5424,32.4952],[130.5422,32.4936],[130.5425,32.4845],[130.5431,32.4822],[130.545,32.4791],[130.5471,32.4776],[130.5492,32.4772],[130.559,32.477],[130.565,32.476],[130.5661,32.4703],[130.5651,32.4681],[130.5692,32.4647],[130.5692,32.4643],[130.565,32.456],[130.5724,32.442],[130.5738,32.4396],[130.5731,32.4391],[130.5703,32.4395],[130.5686,32.4371],[130.5691,32.4362],[130.5708,32.4355],[130.57,32.4342],[130.571,32.4337],[130.5727,32.4349],[130.574,32.4342],[130.5715,32.433],[130.5692,32.4343],[130.5621,32.4287],[130.5639,32.4271],[130.5629,32.4267],[130.5596,32.4274],[130.5591,32.426],[130.5579,32.4255],[130.5561,32.4234],[130.5545,32.4226],[130.5536,32.423],[130.5514,32.4225],[130.5482,32.4228],[130.5449,32.4204],[130.5448,32.4185],[130.5427,32.4149],[130.5419,32.4143],[130.5412,32.4125],[130.5381,32.4103]]]},"properties":{"N03_001":"熊本県","N03_002":"","N03_003":"","N03_004":"八代市","N03_007":"43202"}},
{"type":"Feature","geometry":{"type":"Polygon","coordinates":[[[130.6516,32.1513],[130.6526,32.1498],[130.6526,32.1462],[130.6541,32.1454],[130.6541,32.1426],[130.6554,32.1408],[130.655,32.1382],[130.6544,32.1376],[130.655,32.1357],[130.6569,32.1349],[130.6588,32.1332],[130.6613,32.1324],[130.6626,32.1328],[130.664,32.1314],[130.6646,32.1299],[130.6672,32.128],[130.6679,32.1285],[130.6704,32.1289],[130.6707,32.128],[130.6731,32.1257],[130.6729,32.1246],[130.676,32.1238],[130.6768,32.124],[130.6804,32.1213],[130.6829,32.1188],[130.6839,32.1186],[130.686,32.1173],[130.6901,32.115],[130.6912,32.1134],[130.6928,32.1122],[130.6938,32.111],[130.6958,32.1102],[130.698,32.1084],[130.6991,32.107],[130.7023,32.1058],[130.706,32.1062],[130.7083,32.1056],[130.7091,32.1048],[130.7113,32.1039],[130.7141,32.104],[130.7163,32.1024],[130.718,32.102],[130.7206,32.1008],[130.7247,32.101],[130.7277,32.1019],[130.7312,32.1051],[130.7335,32.1084],[130.7352,32.1089],[130.7368,32.1082],[130.7369,32.1071],[130.7382,32.1068],[130.7399,32.1049],[130.7389,32.1013],[130.7399,32.1006],[130.7409,32.099],[130.7421,32.0979],[130.744,32.0992],[130.7448,32.1002],[130.7454,32.1019],[130.7477,32.1033],[130.7511,32.1041],[130.7536,32.1034],[130.755,32.1019],[130.7551,32.1005],[130.7563,32.0986],[130.7581,32.0971],[130.7595,32.0968],[130.7605,32.0979],[130.7638,32.1],[130.7669,32.1015],[130.7682,32.1016],[130.77,32.1005],[130.7728,32.1004],[130.7754,32.1019],[130.7766,32.1014],[130.7769,32.1004],[130.7794,32.0995],[130.7826,32.1002],[130.7888,32.099],[130.7908,32.0997],[130.7941,32.0989],[130.7973,32.099],[130.8008,32.0989],[130.8079,32.0993],[130.81,32.099],[130.8165,32.0965],[130.8188,32.0953],[130.8208,32.0949],[130.8222,32.0967],[130.8229,32.0997],[130.8253,32.1011],[130.8276,32.1031],[130.8292,32.1036],[130.831,32.1048],[130.8337,32.1048],[130.8367,32.1069],[130.839,32.1072],[130.8411,32.1059],[130.8445,32.104],[130.8476,32.1047],[130.8492,32.1042],[130.8535,32.1018],[130.8553,32.1002],[130.8571,32.0997],[130.8605,32.1017],[130.8624,32.1018],[130.866,32.108],[130.867,32.1118],[130.8694,32.1151],[130.8713,32.1148],[130.8732,32.1153],[130.8764,32.1167],[130.8773,32.1197],[130.8784,32.1213],[130.8747,32.1243],[130.8743,32.1258],[130.8721,32.1263],[130.8706,32.1287],[130.8696,32.1319],[130.8697,32.1334],[130.8687,32.1372],[130.868,32.1381],[130.8665,32.1375],[130.8659,32.1363],[130.8616,32.1349],[130.8593,32.1337],[130.8583,32.1314],[130.8563,32.1295],[130.8535,32.1295],[130.8508,32.129],[130.8497,32.1297],[130.8497,32.1308],[130.8488,32.132],[130.8475,32.1327],[130.8452,32.1367],[130.8436,32.138],[130.8441,32.1404],[130.8407,32.1416],[130.838,32.1413],[130.8343,32.14],[130.8326,32.137],[130.8311,32.1353],[130.8277,32.1352],[130.8259,32.1374],[130.8261,32.1384],[130.8251,32.1389],[130.8246,32.1401],[130.8253,32.1421],[130.8243,32.1439],[130.8224,32.1445],[130.8218,32.1461],[130.8205,32.1469],[130.8196,32.1488],[130.8198,32.1501],[130.8192,32.151],[130.8212,32.1513],[130.8215,32.1524],[130.8197,32.1529],[130.8191,32.1545],[130.817,32.1561],[130.8181,32.1575],[130.8169,32.1594],[130.816,32.1594],[130.8149,32.1606],[130.8158,32.1616],[130.8175,32.1622],[130.8175,32.1634],[130.8186,32.1647],[130.8182,32.1667],[130.8168,32.1688],[130.8165,32.1699],[130.8143,32.1695],[130.8136,32.1702],[130.8141,32.1727],[130.8134,32.1736],[130.814,32.1769],[130.8148,32.1784],[130.8147,32.1792],[130.8127,32.1799],[130.8123,32.1814],[130.8128,32.1822],[130.8118,32.183],[130.8094,32.1826],[130.808,32.1817],[130.8048,32.1823],[130.804,32.1838],[130.8019,32.1863],[130.7998,32.1865],[130.7982,32.1877],[130.797,32.1903],[130.7953,32.1908],[130.7929,32.193],[130.7908,32.1935],[130.789,32.1945],[130.7848,32.1933],[130.7837,32.194],[130.7843,32.1949],[130.7829,32.1965],[130.7825,32.1981],[130.7831,32.1993],[130.7828,32.2009],[130.7815,32.2021],[130.7812,32.2042],[130.7816,32.2052],[130.7812,32.2063],[130.7821,32.2112],[130.7819,32.2125],[130.7803,32.2141],[130.7818,32.2152],[130.7836,32.2153],[130.7869,32.2144],[130.7862,32.2177],[130.7865,32.2199],[130.7857,32.2203],[130.785,32.2221],[130.7865,32.2236],[130.7879,32.224],[130.7899,32.2256],[130.7896,32.2278],[130.7873,32.2314],[130.7858,32.2324],[130.7859,32.2347],[130.7849,32.2365],[130.7826,32.2378],[130.7805,32.2364],[130.7789,32.2341],[130.7777,32.2332],[130.7727,32.2317],[130.7697,32.2303],[130.7688,32.2289],[130.7651,32.2294],[130.7635,32.2293],[130.7612,32.2301],[130.7593,32.2314],[130.7585,32.2315],[130.7567,32.2342],[130.7567,32.2369],[130.7545,32.2373],[130.7552,32.2395],[130.7548,32.2413],[130.7534,32.2428],[130.7521,32.2462],[130.7525,32.2477],[130.7518,32.248],[130.7485,32.2473],[130.7472,32.2487],[130.7413,32.2472],[130.7412,32.2515],[130.7422,32.2523],[130.742,32.2544],[130.741,32.2555],[130.742,32.2578],[130.743,32.2616],[130.7417,32.2617],[130.7403,32.2629],[130.7398,32.2658],[130.7406,32.2667],[130.7403,32.2678],[130.7406,32.2696],[130.7392,32.2717],[130.7387,32.2738],[130.7392,32.2748],[130.738,32.2772],[130.7368,32.2778],[130.7353,32.2775],[130.7312,32.2795],[130.7305,32.2823],[130.7312,32.2838],[130.7315,32.2876],[130.7306,32.2899],[130.7283,32.2906],[130.7264,32.2918],[130.7239,32.2925],[130.7229,32.2935],[130.7211,32.293],[130.719,32.2937],[130.7179,32.2951],[130.7169,32.2955],[130.7151,32.294],[130.7138,32.2936],[130.713,32.2918],[130.7141,32.2894],[130.7125,32.2868],[130.7109,32.2849],[130.7121,32.2832],[130.7144,32.2831],[130.7158,32.2815],[130.7178,32.2785],[130.7195,32.2773],[130.7203,32.2762],[130.7203,32.2741],[130.7216,32.273],[130.7205,32.2724],[130.7201,32.2704],[130.7202,32.2691],[130.7196,32.2679],[130.7197,32.2663],[130.7206,32.266],[130.7212,32.2645],[130.7237,32.264],[130.7268,32.2649],[130.7291,32.2638],[130.7296,32.263],[130.731,32.2625],[130.7317,32.2585],[130.7323,32.2574],[130.7343,32.2564],[130.7343,32.2558],[130.7326,32.2531],[130.7318,32.2506],[130.7302,32.2486],[130.7294,32.2469],[130.7285,32.247],[130.7261,32.2452],[130.7257,32.2437],[130.7246,32.2424],[130.7238,32.2401],[130.7221,32.2394],[130.7207,32.2409],[130.7188,32.2406],[130.7185,32.2391],[130.7176,32.239],[130.7169,32.2371],[130.7174,32.2345],[130.7165,32.2338],[130.716,32.2325],[130.7139,32.2302],[130.7141,32.2283],[130.7124,32.2283],[130.7097,32.2293],[130.708,32.2289],[130.7052,32.2276],[130.7028,32.2274],[130.7007,32.2278],[130.7008,32.2255],[130.6978,32.2239],[130.6982,32.2224],[130.6956,32.2201],[130.6955,32.2176],[130.694,32.2162],[130.6923,32.214],[130.6903,32.2145],[130.6875,32.2122],[130.6857,32.2095],[130.6805,32.2052],[130.6787,32.2027],[130.6784,32.2],[130.6788,32.1983],[130.6799,32.1965],[130.6797,32.1951],[130.6776,32.1941],[130.6768,32.1905],[130.6734,32.1888],[130.6731,32.1869],[130.6721,32.1852],[130.6672,32.1851],[130.6652,32.1838],[130.6651,32.182],[130.6634,32.1796],[130.6633,32.1786],[130.6643,32.1765],[130.6636,32.1744],[130.665,32.173],[130.6655,32.1714],[130.6668,32.1702],[130.6667,32.1694],[130.6606,32.1685],[130.6575,32.1685],[130.6573,32.1652],[130.6568,32.1641],[130.6566,32.1615],[130.6555,32.1592],[130.6555,32.157],[130.6534,32.154],[130.6541,32.153],[130.6516,32.1513]]]},"properties":{"N03_001":"熊本県","N03_002":"","N03_003":"","N03_004":"人吉市","N03_007":"43203"}},
{"type":"Feature","geometry":{"type":"Polygon","coordinates":[[[130.4378,32.9419],[130.4414,32.9433],[130.4421,32.9446],[130.4437,32.9455],[130.4479,32.9456],[130.4488,32.9449],[130.4505,32.9457],[130.4528,32.9459],[130.4542,32.9456],[130.4548,32.9441],[130.4542,32.9436],[130.4556,32.9425],[130.4563,32.9427],[130.4578,32.9414],[130.4585,32.9398],[130.4624,32.9391],[130.4658,32.9395],[130.4658,32.9402],[130.468,32.9423],[130.4668,32.9457],[130.4688,32.9461],[130.4703,32.9456],[130.4756,32.9512],[130.4772,32.9511],[130.4767,32.9492],[130.4781,32.9489],[130.4823,32.9504],[130.483,32.9494],[130.4861,32.9496],[130.4872,32.9488],[130.4898,32.9493],[130.4908,32.9487],[130.4919,32.9493],[130.4939,32.9521],[130.4953,32.9526],[130.4952,32.9508],[130.496,32.9482],[130.4975,32.9462],[130.4944,32.9446],[130.4936,32.9428],[130.4924,32.9419],[130.4925,32.9394],[130.4961,32.9386],[130.497,32.9367],[130.4973,32.9367],[130.4973,32.9368],[130.4975,32.9369],[130.4976,32.937],[130.4977,32.937],[130.4977,32.9371],[130.4978,32.9374],[130.4979,32.9375],[130.498,32.9376],[130.4981,32.9376],[130.4983,32.9378],[130.4985,32.9379],[130.4987,32.9386],[130.4987,32.9389],[130.4988,32.9391],[130.4989,32.9392],[130.4989,32.9395],[130.499,32.9398],[130.499,32.94],[130.4989,32.9405],[130.4988,32.9408],[130.4988,32.9409],[130.499,32.9409],[130.4994,32.9409],[130.4998,32.9409],[130.5,32.9408],[130.5003,32.9408],[130.5009,32.9407],[130.5011,32.9407],[130.5013,32.9407],[130.5018,32.9408],[130.5022,32.9408],[130.5024,32.9408],[130.5026,32.9408],[130.5027,32.9408],[130.5032,32.9408],[130.504,32.9408],[130.5041,32.9407],[130.5042,32.9405],[130.5046,32.9405],[130.5047,32.9404],[130.5048,32.9404],[130.5049,32.9401],[130.505,32.9403],[130.505,32.9405],[130.5052,32.9405],[130.5052,32.9408],[130.5053,32.9409],[130.5054,32.9409],[130.5055,32.941],[130.5056,32.9411],[130.5055,32.9413],[130.5054,32.9415],[130.5054,32.9417],[130.5054,32.9418],[130.5056,32.9421],[130.5056,32.9422],[130.5053,32.9426],[130.5053,32.9428],[130.5054,32.9428],[130.5057,32.943],[130.5063,32.9433],[130.5064,32.9432],[130.5067,32.9433],[130.5071,32.9434],[130.5072,32.9436],[130.5072,32.9438],[130.5072,32.9439],[130.5073,32.9439],[130.5075,32.9439],[130.5076,32.9439],[130.5077,32.9441],[130.5078,32.9442],[130.508,32.9443],[130.5082,32.9442],[130.5083,32.9444],[130.5085,32.9446],[130.5085,32.9448],[130.5085,32.945],[130.5084,32.9453],[130.5085,32.9455],[130.5086,32.9457],[130.5087,32.9457],[130.5091,32.9458],[130.5094,32.946],[130.5096,32.9462],[130.5097,32.9463],[130.5101,32.9466],[130.5102,32.9467],[130.5104,32.9468],[130.5108,32.947],[130.511,32.9471],[130.5115,32.9474],[130.5115,32.9475],[130.5116,32.9476],[130.5114,32.9478],[130.5113,32.9479],[130.5114,32.9484],[130.5112,32.9486],[130.5113,32.9488],[130.5113,32.9489],[130.5113,32.949],[130.5111,32.9492],[130.5106,32.9497],[130.5104,32.95],[130.5103,32.9502],[130.5104,32.9503],[130.5107,32.9503],[130.5108,32.9503],[130.511,32.9504],[130.5111,32.9505],[130.5116,32.9512],[130.5116,32.9513],[130.5116,32.9514],[130.5115,32.952],[130.5117,32.9523],[130.5118,32.9526],[130.5118,32.9528],[130.512,32.9533],[130.5123,32.9542],[130.5125,32.9547],[130.5126,32.9548],[130.5128,32.955],[130.5132,32.9555],[130.5135,32.9557],[130.5138,32.9558],[130.5141,32.9561],[130.5144,32.9563],[130.5147,32.9567],[130.5151,32.9571],[130.5153,32.9573],[130.5158,32.9576],[130.5159,32.9578],[130.5162,32.9582],[130.5163,32.9583],[130.5165,32.9586],[130.5167,32.9588],[130.5172,32.9594],[130.5175,32.9598],[130.5177,32.9601],[130.5179,32.9602],[130.5182,32.9606],[130.5183,32.9607],[130.5184,32.9608],[130.5186,32.9608],[130.5187,32.9608],[130.519,32.9605],[130.519,32.9606],[130.5192,32.9607],[130.5196,32.9611],[130.5202,32.9617],[130.5209,32.9623],[130.5219,32.9633],[130.522,32.9634],[130.5221,32.9635],[130.5223,32.9636],[130.5226,32.9641],[130.5234,32.9653],[130.5241,32.9665],[130.5242,32.9667],[130.525,32.9678],[130.5251,32.968],[130.5252,32.9681],[130.5257,32.9689],[130.5258,32.969],[130.526,32.9692],[130.5261,32.9693],[130.5262,32.9695],[130.5263,32.9697],[130.5264,32.9699],[130.5264,32.9701],[130.5261,32.9701],[130.5259,32.9702],[130.5257,32.9702],[130.5253,32.9704],[130.5252,32.9705],[130.5253,32.9707],[130.5255,32.9709],[130.5258,32.9711],[130.526,32.9713],[130.5262,32.9718],[130.5263,32.972],[130.5265,32.9721],[130.527,32.9723],[130.5272,32.9724],[130.5277,32.9728],[130.5279,32.9731],[130.5281,32.9733],[130.5285,32.9737],[130.5289,32.9741],[130.5296,32.9744],[130.5297,32.9745],[130.5298,32.9746],[130.5299,32.9748],[130.5301,32.975],[130.5301,32.9751],[130.5301,32.9753],[130.53,32.9756],[130.5301,32.9757],[130.5303,32.9759],[130.5305,32.9761],[130.5306,32.9763],[130.5307,32.9765],[130.5308,32.9768],[130.5308,32.977],[130.5308,32.9771],[130.5308,32.9773],[130.5306,32.9776],[130.5305,32.9777],[130.5301,32.9779],[130.5296,32.9782],[130.5294,32.9784],[130.5291,32.9786],[130.5289,32.9789],[130.5285,32.9792],[130.5281,32.9793],[130.5278,32.9795],[130.5277,32.9796],[130.5276,32.9797],[130.5275,32.9807],[130.5274,32.981],[130.5273,32.9811],[130.5273,32.9814],[130.5274,32.9815],[130.5277,32.9815],[130.5281,32.9817],[130.5284,32.9819],[130.5285,32.982],[130.5285,32.9822],[130.5283,32.9825],[130.5281,32.983],[130.5281,32.9833],[130.528,32.9833],[130.5278,32.9839],[130.5275,32.9844],[130.5273,32.9847],[130.5272,32.9851],[130.5273,32.9854],[130.5272,32.9856],[130.527,32.9859],[130.5268,32.9862],[130.5269,32.9863],[130.527,32.9865],[130.5274,32.9866],[130.5276,32.9867],[130.5277,32.9868],[130.5281,32.9869],[130.5281,32.987],[130.5283,32.9871],[130.5283,32.9873],[130.5282,32.9875],[130.5281,32.9876],[130.528,32.9881],[130.5277,32.9884],[130.5262,32.9906],[130.5234,32.9919],[130.5204,32.9966],[130.5214,32.9983],[130.5211,33.0008],[130.5188,33.0043],[130.5189,33.0055],[130.5179,33.0061],[130.5184,33.009],[130.5173,33.0095],[130.5169,33.0118],[130.5159,33.012],[130.5143,33.0118],[130.5138,33.0099],[130.5124,33.0089],[130.5126,33.0076],[130.5109,33.0071],[130.5087,33.0074],[130.5082,33.0066],[130.5067,33.0061],[130.5071,33.0039],[130.5061,33.0028],[130.505,33.0034],[130.5042,33.0048],[130.5003,33.0064],[130.4991,33.0066],[130.4909,33.003],[130.486,33.0024],[130.484,33.0016],[130.482,33.0029],[130.4792,33.0035],[130.4763,33.0019],[130.4746,33.0014],[130.4684,33.0029],[130.4656,33.003],[130.462,33.0027],[130.4598,33.0035],[130.456,33.0039],[130.4523,33.0036],[130.4507,33.0039],[130.4485,33.0025],[130.4464,33.003],[130.4449,33.0025],[130.4423,33.0031],[130.4418,33.0036],[130.4362,33.0051],[130.427,33.0054],[130.4248,33.0052],[130.4141,33.0023],[130.4184,32.9933],[130.4192,32.9934],[130.4268,32.996],[130.427,32.9953],[130.4256,32.9938],[130.4271,32.9872],[130.43,32.9871],[130.4305,32.9785],[130.4306,32.9718],[130.4306,32.9687],[130.431,32.9686],[130.4313,32.9649],[130.4319,32.9595],[130.434,32.9519],[130.4358,32.9478],[130.4361,32.9461],[130.4369,32.9449],[130.4378,32.9419]]]},"properties":{"N03_001":"熊本県","N03_002":"","N03_003":"","N03_004":"荒尾市","N03_007":"43204"}},
{"type":"Feature","geometry":{"type":"Polygon","coordinates":[[[130.4322,32.2311],[130.4303,32.2336],[130.4288,32.2335],[130.4279,32.2346],[130.4265,32.2347],[130.4249,32.2339],[130.4237,32.2339],[130.4241,32.2368],[130.4225,32.2382],[130.4205,32.2362],[130.4202,32.2353],[130.4181,32.2358],[130.4184,32.2369],[130.4161,32.2367],[130.4176,32.2356],[130.4168,32.2344],[130.4151,32.2328],[130.4132,32.233],[130.4111,32.234],[130.411,32.2311],[130.4099,32.2306],[130.4074,32.2311],[130.4066,32.2332],[130.4054,32.2344],[130.4038,32.2345],[130.4024,32.2354],[130.4021,32.2336],[130.4009,32.2325],[130.3994,32.2301],[130.3986,32.2282],[130.3959,32.228],[130.3942,32.2274],[130.3914,32.2234],[130.3883,32.2184],[130.3873,32.2184],[130.3861,32.2165],[130.3865,32.2156],[130.3879,32.2154],[130.3882,32.2143],[130.3867,32.2137],[130.3836,32.2138],[130.3805,32.2131],[130.3796,32.2121],[130.3781,32.2118],[130.3782,32.2104],[130.3798,32.2108],[130.3813,32.2103],[130.3826,32.2092],[130.3848,32.2085],[130.3845,32.2075],[130.3818,32.2068],[130.3806,32.2072],[130.379,32.2056],[130.3732,32.2047],[130.3726,32.2021],[130.3718,32.2013],[130.3742,32.1976],[130.3777,32.1993],[130.3789,32.1979],[130.3764,32.1966],[130.3779,32.1947],[130.379,32.1947],[130.3802,32.1921],[130.3788,32.1912],[130.3782,32.1897],[130.3772,32.1885],[130.376,32.1886],[130.3746,32.1872],[130.3752,32.1861],[130.3745,32.1842],[130.375,32.1836],[130.3768,32.1834],[130.3777,32.1823],[130.3765,32.1812],[130.3765,32.1799],[130.3789,32.1796],[130.378,32.1765],[130.3709,32.1771],[130.3701,32.1784],[130.3722,32.1802],[130.3727,32.1812],[130.3745,32.1825],[130.3721,32.184],[130.3707,32.1833],[130.3697,32.1819],[130.3678,32.1813],[130.3669,32.1821],[130.3657,32.1818],[130.3639,32.1823],[130.3604,32.1823],[130.36,32.1808],[130.3617,32.1786],[130.3646,32.179],[130.3671,32.1765],[130.3678,32.1747],[130.3673,32.1736],[130.3644,32.175],[130.3632,32.174],[130.3644,32.1717],[130.3624,32.172],[130.3609,32.1694],[130.3614,32.1672],[130.3627,32.1655],[130.3659,32.1625],[130.3675,32.1627],[130.372,32.1595],[130.3737,32.1565],[130.3757,32.1561],[130.3775,32.1547],[130.3779,32.1532],[130.38,32.1506],[130.3816,32.1504],[130.3829,32.1494],[130.3867,32.1474],[130.3875,32.143],[130.3896,32.1391],[130.3907,32.138],[130.392,32.1342],[130.3947,32.1319],[130.3976,32.1298],[130.3987,32.1281],[130.4003,32.1271],[130.4033,32.1244],[130.4008,32.1228],[130.402,32.1206],[130.4027,32.1202],[130.4114,32.1184],[130.4132,32.1189],[130.4164,32.1185],[130.418,32.1177],[130.4202,32.1175],[130.4222,32.1178],[130.4249,32.117],[130.429,32.1139],[130.4304,32.1149],[130.4317,32.1145],[130.4342,32.1149],[130.4376,32.1145],[130.4394,32.1138],[130.4412,32.114],[130.443,32.1154],[130.4454,32.1163],[130.4477,32.1168],[130.4495,32.1166],[130.4509,32.116],[130.4525,32.1146],[130.4537,32.1129],[130.4546,32.1139],[130.4563,32.1137],[130.4572,32.1145],[130.4572,32.1167],[130.4598,32.1171],[130.4601,32.1176],[130.4633,32.1188],[130.4639,32.1179],[130.4657,32.118],[130.4659,32.1162],[130.467,32.1157],[130.4698,32.1173],[130.4735,32.1186],[130.4736,32.1219],[130.476,32.1225],[130.4756,32.1243],[130.4764,32.1271],[130.4755,32.1288],[130.4767,32.1316],[130.4764,32.1329],[130.4772,32.1346],[130.4762,32.1374],[130.4769,32.139],[130.4804,32.1397],[130.4823,32.1396],[130.4866,32.1372],[130.487,32.1353],[130.4924,32.1337],[130.4942,32.1349],[130.4962,32.1352],[130.4976,32.1359],[130.4991,32.1355],[130.5008,32.1366],[130.5032,32.1385],[130.5049,32.1395],[130.5054,32.1407],[130.5092,32.1405],[130.5103,32.1402],[130.5141,32.1381],[130.5162,32.1363],[130.5172,32.1359],[130.5207,32.1352],[130.5252,32.1359],[130.5273,32.1371],[130.53,32.1366],[130.5316,32.1367],[130.5337,32.1377],[130.5375,32.1373],[130.5402,32.1374],[130.5397,32.1396],[130.5407,32.1409],[130.5414,32.1432],[130.5427,32.1443],[130.5425,32.1453],[130.5412,32.1468],[130.5423,32.1496],[130.5461,32.1493],[130.5478,32.1502],[130.5494,32.1503],[130.5502,32.1516],[130.5517,32.1518],[130.5575,32.1541],[130.5596,32.154],[130.5628,32.1552],[130.5659,32.1544],[130.5695,32.1541],[130.5703,32.1538],[130.5717,32.1547],[130.5731,32.1549],[130.5751,32.1546],[130.5782,32.1551],[130.5805,32.1542],[130.5827,32.1549],[130.5827,32.1565],[130.5841,32.1593],[130.5868,32.161],[130.5866,32.1629],[130.5879,32.1647],[130.589,32.1678],[130.5929,32.1726],[130.5935,32.1736],[130.5958,32.1755],[130.5967,32.1759],[130.5958,32.1794],[130.5963,32.1806],[130.5952,32.1819],[130.5952,32.1835],[130.593,32.1848],[130.5917,32.186],[130.5886,32.1858],[130.5874,32.1865],[130.5873,32.1894],[130.5853,32.1902],[130.5836,32.1918],[130.5823,32.1922],[130.5794,32.1944],[130.5771,32.1938],[130.575,32.1938],[130.5746,32.1932],[130.572,32.1931],[130.5715,32.1941],[130.5697,32.1948],[130.5682,32.1948],[130.5658,32.1938],[130.5638,32.1944],[130.5601,32.1948],[130.5582,32.1953],[130.5556,32.1973],[130.5515,32.1953],[130.5472,32.1963],[130.5433,32.1942],[130.5394,32.1934],[130.5366,32.1923],[130.5354,32.1907],[130.5328,32.1902],[130.5316,32.1897],[130.5299,32.1896],[130.5294,32.1887],[130.5279,32.1882],[130.525,32.1862],[130.5221,32.1856],[130.5199,32.1861],[130.517,32.1841],[130.5161,32.1827],[130.5146,32.1825],[130.5122,32.1833],[130.5113,32.1842],[130.5088,32.185],[130.5089,32.1878],[130.5095,32.19],[130.5068,32.1891],[130.5057,32.1898],[130.5031,32.1889],[130.5019,32.1905],[130.4989,32.1954],[130.4971,32.1952],[130.4963,32.1961],[130.4939,32.1973],[130.4928,32.1983],[130.4877,32.1982],[130.4853,32.1985],[130.4826,32.1993],[130.48,32.2015],[130.4716,32.2062],[130.4698,32.2098],[130.468,32.2096],[130.4657,32.2087],[130.4641,32.2093],[130.4591,32.2101],[130.4579,32.2098],[130.457,32.2105],[130.4543,32.2093],[130.4528,32.2099],[130.4496,32.2102],[130.4476,32.2136],[130.4459,32.2133],[130.4443,32.2136],[130.4431,32.2144],[130.4419,32.2143],[130.4396,32.2152],[130.4382,32.2167],[130.4382,32.2176],[130.4393,32.2205],[130.4385,32.221],[130.4369,32.2245],[130.4369,32.2259],[130.435,32.2278],[130.4341,32.2292],[130.4324,32.2304],[130.4322,32.2311]],[[130.3656,32.2],[130.3669,32.1997],[130.368,32.2001],[130.3679,32.1977],[130.3654,32.1964],[130.3644,32.195],[130.3609,32.1971],[130.3626,32.1972],[130.3625,32.1985],[130.3656,32.2]]]},"properties":{"N03_001":"熊本県","N03_002":"","N03_003":"","N03_004":"水俣市","N03_007":"43205"}},
{"type":"Feature","geometry":{"type":"MultiPolygon","coordinates":[]},"properties":{"N03_001":"熊本県","N03_002":"","N03_003":"","N03_004":"玉名市","N03_007":"43206"}},
{"type":"Feature","geometry":{"type":"Polygon","coordinates":[[[130.7336,32.972],[130.7353,32.971],[130.7371,32.9717],[130.7367,32.9742],[130.7371,32.9756],[130.7395,32.9748],[130.743,32.9749],[130.7441,32.9762],[130.7489,32.9796],[130.75,32.9799],[130.7546,32.9839],[130.7556,32.9853],[130.7595,32.989],[130.7606,32.9896],[130.7619,32.9911],[130.7624,32.9926],[130.7634,32.9932],[130.7656,32.9959],[130.7672,32.9965],[130.7699,32.9962],[130.7707,32.9955],[130.7734,32.9941],[130.7775,32.9934],[130.7809,32.9925],[130.7835,32.9936],[130.784,32.9943],[130.7827,32.9961],[130.7829,32.9969],[130.7849,32.9976],[130.7853,32.9984],[130.7881,32.999],[130.7893,32.9998],[130.7909,33],[130.7914,32.9992],[130.7933,33.0002],[130.795,33.0005],[130.7962,33.0019],[130.7957,33.0029],[130.7946,33.0032],[130.7947,33.0048],[130.7967,33.0066],[130.7969,33.008],[130.7952,33.0099],[130.7959,33.0106],[130.7979,33.009],[130.7993,33.009],[130.8012,33.01],[130.8037,33.0104],[130.8043,33.0112],[130.806,33.0116],[130.8083,33.0149],[130.8084,33.0159],[130.8074,33.0175],[130.8069,33.0195],[130.8057,33.0213],[130.8068,33.0222],[130.8064,33.024],[130.807,33.0247],[130.8066,33.0265],[130.8083,33.0288],[130.8076,33.03],[130.8083,33.0324],[130.8078,33.0349],[130.8097,33.0377],[130.8105,33.0393],[130.8107,33.0417],[130.8119,33.0433],[130.8119,33.0442],[130.8135,33.0449],[130.8149,33.0474],[130.8148,33.0486],[130.816,33.049],[130.8179,33.0504],[130.8185,33.0515],[130.8197,33.0524],[130.8219,33.0526],[130.8231,33.054],[130.821,33.0587],[130.8185,33.061],[130.817,33.0635],[130.816,33.0644],[130.8169,33.0661],[130.8184,33.0673],[130.8205,33.0683],[130.8233,33.0686],[130.8244,33.0702],[130.8258,33.0714],[130.8282,33.0727],[130.8318,33.0734],[130.8343,33.0728],[130.835,33.0718],[130.8362,33.0715],[130.8385,33.0738],[130.8392,33.0749],[130.8377,33.0773],[130.8388,33.0793],[130.8372,33.0809],[130.8379,33.0832],[130.8378,33.0846],[130.8394,33.0849],[130.8401,33.0856],[130.8416,33.0856],[130.845,33.088],[130.8441,33.0897],[130.8451,33.0904],[130.8457,33.0922],[130.8444,33.0935],[130.843,33.0941],[130.8435,33.0951],[130.843,33.0967],[130.8408,33.0988],[130.8398,33.1002],[130.8405,33.1029],[130.8398,33.1041],[130.8374,33.104],[130.8366,33.1053],[130.8345,33.1056],[130.8334,33.1052],[130.8322,33.1057],[130.8307,33.1052],[130.8296,33.1065],[130.8266,33.1066],[130.8243,33.1056],[130.8204,33.1066],[130.8205,33.108],[130.8215,33.1088],[130.821,33.1114],[130.8198,33.1119],[130.8185,33.1134],[130.8183,33.1144],[130.8166,33.1139],[130.8133,33.1151],[130.8118,33.1166],[130.8073,33.1159],[130.804,33.1178],[130.8024,33.1182],[130.8005,33.1192],[130.7994,33.1204],[130.7967,33.1205],[130.7956,33.1216],[130.794,33.1217],[130.7928,33.1234],[130.7892,33.124],[130.786,33.123],[130.7839,33.1245],[130.7819,33.1248],[130.7776,33.1232],[130.7769,33.1241],[130.7744,33.1251],[130.7709,33.1243],[130.77,33.1259],[130.7689,33.1265],[130.7683,33.1278],[130.7652,33.1286],[130.7636,33.131],[130.7639,33.1321],[130.7586,33.1316],[130.755,33.1335],[130.7538,33.1359],[130.7539,33.1374],[130.7522,33.1384],[130.7498,33.1389],[130.7491,33.14],[130.7477,33.1406],[130.7454,33.1428],[130.7437,33.1433],[130.7418,33.1431],[130.7412,33.1441],[130.7375,33.1464],[130.7371,33.1488],[130.7357,33.1504],[130.7355,33.1517],[130.7346,33.1521],[130.7345,33.1534],[130.7325,33.1544],[130.7312,33.1547],[130.7277,33.1543],[130.7266,33.1532],[130.723,33.1519],[130.7215,33.152],[130.72,33.153],[130.7187,33.1527],[130.7171,33.1541],[130.7124,33.1553],[130.7094,33.1518],[130.7079,33.152],[130.7043,33.1517],[130.7031,33.1529],[130.7018,33.1534],[130.7011,33.1523],[130.7,33.1532],[130.6971,33.1536],[130.6961,33.1527],[130.6949,33.1529],[130.6934,33.1513],[130.6912,33.1521],[130.691,33.1549],[130.692,33.1571],[130.6919,33.1582],[130.6931,33.16],[130.6922,33.1616],[130.6908,33.1629],[130.6908,33.1641],[130.6894,33.1642],[130.6871,33.1664],[130.687,33.1676],[130.6852,33.1691],[130.6825,33.17],[130.6818,33.1708],[130.68,33.1713],[130.6778,33.1674],[130.6791,33.1665],[130.6787,33.1642],[130.6769,33.1628],[130.6745,33.162],[130.6731,33.1612],[130.6725,33.1593],[130.6694,33.1573],[130.6675,33.157],[130.6665,33.155],[130.6666,33.1521],[130.6663,33.1506],[130.6673,33.1471],[130.6663,33.1434],[130.668,33.141],[130.6689,33.139],[130.6675,33.1366],[130.6647,33.1359],[130.663,33.1346],[130.6625,33.1322],[130.6624,33.1302],[130.6614,33.1298],[130.6614,33.1268],[130.66,33.1247],[130.6604,33.1234],[130.6596,33.121],[130.6603,33.1181],[130.6596,33.1166],[130.6596,33.1155],[130.6587,33.115],[130.6547,33.1154],[130.6544,33.1139],[130.6549,33.112],[130.6565,33.1121],[130.6584,33.1114],[130.6596,33.1095],[130.658,33.1089],[130.6557,33.1086],[130.6539,33.1062],[130.6521,33.1052],[130.6512,33.1032],[130.6521,33.102],[130.6538,33.1004],[130.6541,33.0988],[130.6559,33.0966],[130.6574,33.0966],[130.6585,33.0951],[130.6563,33.0931],[130.6561,33.0909],[130.6554,33.0892],[130.6525,33.0869],[130.6519,33.0847],[130.6507,33.0836],[130.6478,33.0838],[130.6467,33.0832],[130.6434,33.0822],[130.642,33.0811],[130.6395,33.08],[130.6391,33.0782],[130.6376,33.0774],[130.6362,33.0756],[130.636,33.074],[130.6349,33.0736],[130.6325,33.0735],[130.6323,33.072],[130.6327,33.0699],[130.6318,33.0691],[130.6328,33.0668],[130.6344,33.0654],[130.6345,33.0642],[130.6355,33.063],[130.6365,33.0609],[130.6362,33.0591],[130.6344,33.0564],[130.6353,33.0552],[130.6353,33.0537],[130.6434,33.052],[130.6458,33.0525],[130.6495,33.0523],[130.6507,33.0494],[130.6517,33.0495],[130.6531,33.0482],[130.6528,33.0455],[130.653,33.044],[130.6525,33.0431],[130.6528,33.041],[130.651,33.0401],[130.6506,33.0382],[130.6517,33.0358],[130.6513,33.0353],[130.6508,33.0322],[130.649,33.0306],[130.6485,33.0295],[130.6484,33.0264],[130.6469,33.0258],[130.6437,33.0252],[130.6385,33.0238],[130.6372,33.0226],[130.636,33.023],[130.6321,33.0196],[130.6343,33.0169],[130.6383,33.0139],[130.6386,33.0121],[130.6374,33.0094],[130.6377,33.0088],[130.6403,33.0071],[130.642,33.0065],[130.645,33.0066],[130.6467,33.0061],[130.6475,33.0036],[130.6464,33.0021],[130.6459,32.9999],[130.646,32.9981],[130.6436,32.9967],[130.6416,32.9944],[130.6419,32.993],[130.6445,32.9915],[130.647,32.9891],[130.6479,32.9889],[130.6479,32.9873],[130.6471,32.986],[130.6465,32.9833],[130.6445,32.9813],[130.6426,32.9802],[130.643,32.9822],[130.6425,32.983],[130.6411,32.983],[130.6408,32.9816],[130.6414,32.9795],[130.6413,32.9781],[130.6431,32.9762],[130.6451,32.9759],[130.6474,32.976],[130.6507,32.9753],[130.6531,32.9739],[130.6546,32.9719],[130.6529,32.9689],[130.6519,32.9642],[130.6528,32.9628],[130.6508,32.9627],[130.6482,32.9632],[130.6467,32.9639],[130.6444,32.9638],[130.6444,32.9644],[130.6424,32.9648],[130.6408,32.9646],[130.6395,32.9656],[130.6361,32.9661],[130.6336,32.9642],[130.6329,32.9628],[130.6334,32.9615],[130.632,32.9607],[130.6323,32.9578],[130.6302,32.9543],[130.6296,32.9521],[130.6305,32.9498],[130.6297,32.9485],[130.6303,32.9468],[130.6293,32.9455],[130.6294,32.9447],[130.6322,32.9437],[130.6352,32.9436],[130.6373,32.9426],[130.6382,32.9416],[130.6384,32.9393],[130.6403,32.9385],[130.6436,32.9397],[130.6443,32.9379],[130.6502,32.9344],[130.6516,32.9322],[130.6518,32.9333],[130.6549,32.9353],[130.6566,32.9343],[130.6593,32.9349],[130.662,32.9343],[130.6636,32.9349],[130.6671,32.9369],[130.6666,32.9383],[130.6681,32.9411],[130.6674,32.9422],[130.6674,32.9438],[130.6695,32.9444],[130.6709,32.9474],[130.6708,32.9497],[130.6716,32.9507],[130.6728,32.9509],[130.6736,32.9523],[130.6798,32.9546],[130.6814,32.9564],[130.6829,32.9574],[130.6849,32.9571],[130.6862,32.9577],[130.6891,32.9582],[130.6902,32.9593],[130.6915,32.9596],[130.6935,32.9577],[130.6932,32.9565],[130.6945,32.9552],[130.6964,32.9549],[130.6981,32.957],[130.7012,32.9596],[130.7027,32.9618],[130.7024,32.9636],[130.7031,32.9655],[130.704,32.9662],[130.704,32.9681],[130.7045,32.9688],[130.7063,32.9694],[130.7067,32.9708],[130.7091,32.9723],[130.7093,32.9733],[130.7075,32.975],[130.7093,32.977],[130.7072,32.9789],[130.7081,32.9799],[130.7121,32.9774],[130.715,32.9758],[130.7155,32.9764],[130.7186,32.9746],[130.7211,32.9757],[130.7229,32.9747],[130.7247,32.977],[130.7287,32.9752],[130.7336,32.972]]]},"properties":{"N03_001":"熊本県","N03_002":"","N03_003":"","N03_004":"山鹿市","N03_007":"43208"}},
{"type":"Feature","geometry":{"type":"Polygon","coordinates":[[[130.8317,32.9016],[130.8325,32.9017],[130.8332,32.9039],[130.8347,32.905],[130.8351,32.9069],[130.8379,32.9084],[130.838,32.91],[130.8394,32.9152],[130.8389,32.9165],[130.837,32.9184],[130.8369,32.9195],[130.8385,32.9219],[130.8393,32.922],[130.8404,32.9244],[130.8402,32.9263],[130.8427,32.9249],[130.8454,32.9238],[130.846,32.9241],[130.849,32.9235],[130.8488,32.9224],[130.8515,32.9225],[130.8584,32.9214],[130.8583,32.9206],[130.8654,32.9194],[130.8662,32.9174],[130.8699,32.9158],[130.8699,32.9146],[130.8715,32.9141],[130.8723,32.917],[130.8713,32.9178],[130.8691,32.9185],[130.8698,32.9195],[130.8692,32.9207],[130.8666,32.9223],[130.8645,32.9249],[130.8642,32.9259],[130.8617,32.9259],[130.8614,32.9275],[130.8629,32.931],[130.867,32.9304],[130.8694,32.9307],[130.8708,32.9313],[130.8746,32.9306],[130.8757,32.93],[130.8799,32.9302],[130.8807,32.9297],[130.8825,32.9302],[130.8838,32.9299],[130.8881,32.9299],[130.8898,32.9307],[130.8911,32.9308],[130.8953,32.9317],[130.8981,32.9328],[130.9014,32.9334],[130.9046,32.9333],[130.9061,32.9338],[130.9091,32.9356],[130.9111,32.9356],[130.914,32.9347],[130.9165,32.9355],[130.9186,32.9352],[130.9201,32.9356],[130.9245,32.9345],[130.9273,32.9367],[130.9287,32.9373],[130.9297,32.9405],[130.9326,32.9426],[130.9349,32.9433],[130.9368,32.945],[130.9368,32.9473],[130.9381,32.949],[130.9381,32.9497],[130.942,32.9498],[130.9432,32.9493],[130.9451,32.95],[130.9484,32.9491],[130.95,32.9498],[130.9515,32.9494],[130.9529,32.9505],[130.9562,32.9537],[130.9542,32.9549],[130.9542,32.9561],[130.9549,32.9582],[130.9529,32.9581],[130.9516,32.9575],[130.948,32.9589],[130.9462,32.9592],[130.9464,32.9602],[130.9438,32.9617],[130.9427,32.9637],[130.9457,32.9669],[130.9467,32.9674],[130.9476,32.9693],[130.9497,32.971],[130.9498,32.9716],[130.952,32.9739],[130.9534,32.9757],[130.9553,32.9807],[130.9564,32.9868],[130.957,32.9887],[130.9569,32.9919],[130.9573,32.9942],[130.9572,32.9967],[130.9557,32.9985],[130.9554,33.0001],[130.9557,33.0042],[130.9647,33.0164],[130.9703,33.0238],[130.9672,33.0283],[130.9619,33.0332],[130.9597,33.0359],[130.9592,33.0372],[130.9597,33.0399],[130.9591,33.0405],[130.9591,33.0438],[130.9588,33.0448],[130.9572,33.0464],[130.957,33.0471],[130.9552,33.0486],[130.9539,33.0485],[130.9503,33.0509],[130.948,33.0517],[130.9468,33.0528],[130.9449,33.0529],[130.9424,33.0523],[130.9406,33.0535],[130.939,33.0521],[130.937,33.0524],[130.9352,33.0551],[130.9296,33.0528],[130.9286,33.0522],[130.925,33.0529],[130.9234,33.0519],[130.9206,33.0527],[130.9194,33.0535],[130.9174,33.0529],[130.9159,33.0535],[130.9165,33.0556],[130.9144,33.0577],[130.9135,33.059],[130.9122,33.0596],[130.9108,33.0622],[130.9094,33.0625],[130.908,33.0642],[130.9068,33.0649],[130.9023,33.0646],[130.9,33.0641],[130.8974,33.0652],[130.8971,33.0658],[130.8981,33.0673],[130.8966,33.0704],[130.8968,33.0729],[130.894,33.074],[130.8906,33.0758],[130.8906,33.0772],[130.8912,33.0786],[130.89,33.0818],[130.8897,33.0836],[130.8872,33.0858],[130.8862,33.0875],[130.8843,33.0879],[130.8838,33.0885],[130.8819,33.0887],[130.88,33.0895],[130.8767,33.0919],[130.8729,33.0922],[130.8712,33.092],[130.8696,33.091],[130.867,33.0907],[130.8662,33.0924],[130.8638,33.0937],[130.8639,33.095],[130.8608,33.0955],[130.8595,33.0946],[130.856,33.0938],[130.8553,33.0945],[130.8528,33.0939],[130.8511,33.0946],[130.8499,33.0938],[130.8476,33.0938],[130.8472,33.0925],[130.8457,33.0922],[130.8451,33.0904],[130.8441,33.0897],[130.845,33.088],[130.8416,33.0856],[130.8401,33.0856],[130.8394,33.0849],[130.8378,33.0846],[130.8379,33.0832],[130.8372,33.0809],[130.8388,33.0793],[130.8377,33.0773],[130.8392,33.0749],[130.8385,33.0738],[130.8362,33.0715],[130.835,33.0718],[130.8343,33.0728],[130.8318,33.0734],[130.8282,33.0727],[130.8258,33.0714],[130.8244,33.0702],[130.8233,33.0686],[130.8205,33.0683],[130.8184,33.0673],[130.8169,33.0661],[130.816,33.0644],[130.817,33.0635],[130.8185,33.061],[130.821,33.0587],[130.8231,33.054],[130.8219,33.0526],[130.8197,33.0524],[130.8185,33.0515],[130.8179,33.0504],[130.816,33.049],[130.8148,33.0486],[130.8149,33.0474],[130.8135,33.0449],[130.8119,33.0442],[130.8119,33.0433],[130.8107,33.0417],[130.8105,33.0393],[130.8097,33.0377],[130.8078,33.0349],[130.8083,33.0324],[130.8076,33.03],[130.8083,33.0288],[130.8066,33.0265],[130.807,33.0247],[130.8064,33.024],[130.8068,33.0222],[130.8057,33.0213],[130.8069,33.0195],[130.8074,33.0175],[130.8084,33.0159],[130.8083,33.0149],[130.806,33.0116],[130.8043,33.0112],[130.8037,33.0104],[130.8012,33.01],[130.7993,33.009],[130.7979,33.009],[130.7959,33.0106],[130.7952,33.0099],[130.7969,33.008],[130.7967,33.0066],[130.7947,33.0048],[130.7946,33.0032],[130.7957,33.0029],[130.7962,33.0019],[130.795,33.0005],[130.7933,33.0002],[130.7914,32.9992],[130.7909,33],[130.7893,32.9998],[130.7881,32.999],[130.7853,32.9984],[130.7849,32.9976],[130.7829,32.9969],[130.7827,32.9961],[130.784,32.9943],[130.7835,32.9936],[130.7809,32.9925],[130.7775,32.9934],[130.7734,32.9941],[130.7707,32.9955],[130.7699,32.9962],[130.7672,32.9965],[130.7656,32.9959],[130.7634,32.9932],[130.7624,32.9926],[130.7619,32.9911],[130.7606,32.9896],[130.7595,32.989],[130.7556,32.9853],[130.7546,32.9839],[130.75,32.9799],[130.7489,32.9796],[130.7441,32.9762],[130.743,32.9749],[130.7395,32.9748],[130.7371,32.9756],[130.7367,32.9742],[130.7371,32.9717],[130.7353,32.971],[130.7336,32.972],[130.7283,32.9659],[130.7281,32.9643],[130.7289,32.9629],[130.7286,32.9612],[130.7299,32.959],[130.7294,32.955],[130.7299,32.9533],[130.7292,32.9507],[130.7302,32.9501],[130.7294,32.9484],[130.7294,32.9464],[130.7286,32.9464],[130.7284,32.9442],[130.7292,32.9421],[130.7308,32.9391],[130.731,32.9363],[130.7308,32.9337],[130.7289,32.9311],[130.7298,32.9275],[130.732,32.9271],[130.7326,32.9263],[130.7355,32.9256],[130.7358,32.9241],[130.7377,32.9215],[130.7397,32.9206],[130.7413,32.9237],[130.7419,32.9256],[130.745,32.925],[130.7455,32.9265],[130.7477,32.9262],[130.7513,32.9264],[130.7522,32.927],[130.7556,32.9258],[130.7563,32.9258],[130.7604,32.9246],[130.7626,32.9234],[130.764,32.9222],[130.7657,32.9214],[130.7675,32.9214],[130.7702,32.9205],[130.7739,32.92],[130.7734,32.9185],[130.7776,32.917],[130.7799,32.9168],[130.7905,32.9112],[130.792,32.9125],[130.792,32.9144],[130.7937,32.9149],[130.7954,32.9142],[130.7964,32.9127],[130.798,32.9121],[130.7987,32.9109],[130.8026,32.9118],[130.8022,32.914],[130.8084,32.913],[130.8126,32.911],[130.8139,32.9107],[130.8161,32.9092],[130.8177,32.9089],[130.8206,32.9095],[130.8225,32.9066],[130.8244,32.9075],[130.8265,32.9075],[130.8285,32.9061],[130.8287,32.9031],[130.831,32.9027],[130.8317,32.9016]]]},"properties":{"N03_001":"熊本県","N03_002":"","N03_003":"","N03_004":"菊池市","N03_007":"43210"}},
{"type":"Feature","geometry":{"type":"Polygon","coordinates":[[[130.4995,32.654],[130.4997,32.6538],[130.4998,32.6537],[130.4999,32.6536],[130.5,32.6535],[130.5001,32.6534],[130.5002,32.6531],[130.5002,32.6529],[130.5003,32.6528],[130.5002,32.6522],[130.5002,32.6519],[130.5002,32.6516],[130.5003,32.6513],[130.5002,32.651],[130.5002,32.6506],[130.5003,32.65],[130.5005,32.6494],[130.5007,32.649],[130.5008,32.6486],[130.5009,32.648],[130.501,32.6476],[130.5012,32.6474],[130.5016,32.6473],[130.502,32.6471],[130.5031,32.6468],[130.5039,32.6467],[130.5044,32.6467],[130.5048,32.6468],[130.5049,32.6469],[130.505,32.6469],[130.5052,32.6472],[130.5056,32.6474],[130.506,32.6474],[130.5064,32.6473],[130.507,32.6471],[130.5073,32.6471],[130.508,32.6468],[130.5083,32.6467],[130.5084,32.6467],[130.5091,32.6468],[130.5092,32.6468],[130.5097,32.6467],[130.51,32.6466],[130.5102,32.6465],[130.5103,32.6464],[130.5106,32.6463],[130.5111,32.6464],[130.5117,32.6466],[130.5119,32.6466],[130.5124,32.6467],[130.5127,32.6468],[130.5132,32.647],[130.5137,32.6471],[130.514,32.6472],[130.5143,32.6471],[130.5147,32.6471],[130.515,32.6472],[130.5154,32.6473],[130.5158,32.6473],[130.5162,32.6474],[130.5165,32.6475],[130.5167,32.6475],[130.5168,32.6475],[130.5172,32.6475],[130.5175,32.6474],[130.5178,32.6473],[130.5182,32.6473],[130.5185,32.6474],[130.5187,32.6474],[130.5189,32.6474],[130.5194,32.6472],[130.5198,32.6471],[130.5206,32.647],[130.521,32.6471],[130.5216,32.6473],[130.5217,32.6473],[130.522,32.6474],[130.5222,32.6476],[130.5223,32.6477],[130.5224,32.6477],[130.5226,32.6477],[130.5229,32.6478],[130.5231,32.6479],[130.5231,32.648],[130.5235,32.6483],[130.5239,32.6485],[130.5241,32.6486],[130.5243,32.6487],[130.5244,32.6486],[130.5248,32.6484],[130.525,32.6483],[130.5254,32.6481],[130.5257,32.648],[130.5263,32.6479],[130.5267,32.6478],[130.5274,32.6478],[130.5278,32.6478],[130.5281,32.6478],[130.5282,32.6479],[130.5287,32.6482],[130.5288,32.6482],[130.529,32.6482],[130.5294,32.6481],[130.5299,32.6481],[130.5303,32.6482],[130.5307,32.6484],[130.531,32.6485],[130.5312,32.6485],[130.5316,32.6484],[130.532,32.6482],[130.5323,32.6482],[130.5327,32.6483],[130.5333,32.6485],[130.5336,32.6486],[130.534,32.6487],[130.5344,32.6488],[130.5346,32.649],[130.5349,32.649],[130.535,32.6491],[130.5352,32.6493],[130.5354,32.6494],[130.5356,32.6495],[130.5361,32.6495],[130.5366,32.6495],[130.5369,32.6496],[130.5374,32.6499],[130.5377,32.65],[130.5381,32.65],[130.5382,32.65],[130.5383,32.65],[130.5384,32.6501],[130.5385,32.6502],[130.5388,32.6504],[130.539,32.6504],[130.5394,32.6504],[130.5398,32.6505],[130.5401,32.6506],[130.5407,32.6507],[130.541,32.6508],[130.5412,32.651],[130.5416,32.6513],[130.5417,32.6513],[130.5418,32.6513],[130.542,32.6512],[130.5423,32.6513],[130.5427,32.6515],[130.5428,32.6516],[130.5431,32.6515],[130.5434,32.6515],[130.5437,32.6515],[130.5439,32.6516],[130.5441,32.6516],[130.5443,32.6517],[130.545,32.6517],[130.5455,32.6518],[130.5466,32.6518],[130.5474,32.6517],[130.5476,32.6517],[130.5478,32.6519],[130.5479,32.6519],[130.5484,32.652],[130.5486,32.652],[130.5487,32.652],[130.5488,32.6521],[130.5489,32.6521],[130.5491,32.6522],[130.5496,32.6524],[130.55,32.6526],[130.5503,32.6529],[130.5506,32.6533],[130.5514,32.654],[130.5522,32.6547],[130.5525,32.6548],[130.5527,32.6549],[130.5532,32.6551],[130.5537,32.6554],[130.554,32.6555],[130.5542,32.6554],[130.5546,32.6553],[130.555,32.6552],[130.5554,32.6552],[130.5556,32.6552],[130.556,32.6553],[130.5563,32.6553],[130.5567,32.6551],[130.5573,32.6549],[130.5579,32.6548],[130.5583,32.6548],[130.5586,32.6549],[130.5587,32.6549],[130.5593,32.655],[130.5596,32.6552],[130.56,32.6555],[130.5603,32.6558],[130.5609,32.6561],[130.5615,32.6562],[130.5621,32.6562],[130.5629,32.6562],[130.5636,32.6563],[130.5641,32.6565],[130.5644,32.6567],[130.5646,32.6567],[130.565,32.6565],[130.5653,32.6565],[130.5655,32.6565],[130.5657,32.6566],[130.5658,32.6566],[130.566,32.6566],[130.5664,32.6566],[130.5667,32.6566],[130.567,32.6568],[130.5671,32.6569],[130.5673,32.6569],[130.5677,32.6568],[130.568,32.6567],[130.5681,32.6567],[130.5683,32.6566],[130.5686,32.6564],[130.5688,32.6563],[130.5689,32.6562],[130.5693,32.656],[130.5697,32.656],[130.57,32.656],[130.5701,32.656],[130.5703,32.656],[130.5704,32.6558],[130.5714,32.6551],[130.5718,32.6548],[130.5721,32.6547],[130.5724,32.6547],[130.573,32.6549],[130.5734,32.655],[130.5736,32.6552],[130.5737,32.6552],[130.5738,32.6552],[130.5739,32.655],[130.5743,32.6545],[130.5746,32.654],[130.5747,32.6537],[130.5749,32.6535],[130.575,32.6535],[130.5752,32.6534],[130.5757,32.6533],[130.5758,32.6532],[130.5761,32.6531],[130.5764,32.6532],[130.5769,32.6534],[130.5775,32.6535],[130.5779,32.6535],[130.5783,32.6533],[130.5785,32.6532],[130.5789,32.6531],[130.5792,32.6531],[130.5793,32.6531],[130.5794,32.6532],[130.5795,32.6533],[130.5798,32.6533],[130.5805,32.6535],[130.5816,32.6538],[130.5822,32.654],[130.5826,32.6543],[130.5829,32.6543],[130.5833,32.6543],[130.5839,32.6543],[130.5846,32.654],[130.5849,32.6539],[130.585,32.6539],[130.5852,32.6538],[130.5858,32.6536],[130.5862,32.6534],[130.5866,32.6533],[130.5868,32.6534],[130.5869,32.6535],[130.587,32.6537],[130.5872,32.654],[130.5875,32.6543],[130.5878,32.6545],[130.5881,32.6548],[130.5883,32.655],[130.5885,32.6551],[130.5886,32.6552],[130.5888,32.6552],[130.5888,32.6551],[130.589,32.6549],[130.5892,32.6548],[130.5894,32.6548],[130.5896,32.6548],[130.5896,32.6549],[130.5897,32.6549],[130.5897,32.655],[130.5897,32.6551],[130.5898,32.6552],[130.5899,32.6554],[130.5901,32.6556],[130.5903,32.6557],[130.5905,32.6558],[130.5912,32.656],[130.5917,32.6561],[130.5919,32.6561],[130.5921,32.656],[130.5922,32.6557],[130.5924,32.6556],[130.5927,32.6555],[130.593,32.6555],[130.5936,32.6558],[130.5943,32.6561],[130.5944,32.6561],[130.5945,32.6562],[130.5946,32.6563],[130.5947,32.6563],[130.5949,32.6562],[130.5951,32.6561],[130.5953,32.6559],[130.5954,32.6556],[130.5956,32.6554],[130.5958,32.6553],[130.5962,32.6553],[130.5968,32.6554],[130.597,32.6554],[130.5974,32.6554],[130.598,32.6555],[130.5989,32.6556],[130.5991,32.6558],[130.5993,32.656],[130.5993,32.6563],[130.5995,32.6567],[130.5997,32.6568],[130.6,32.657],[130.6001,32.657],[130.6002,32.6572],[130.6003,32.6573],[130.6003,32.6576],[130.6005,32.6583],[130.6005,32.6586],[130.6006,32.6588],[130.6008,32.6589],[130.601,32.6589],[130.6017,32.659],[130.6022,32.6592],[130.6028,32.6593],[130.6029,32.6594],[130.6032,32.6596],[130.6034,32.6596],[130.6036,32.6597],[130.6038,32.6597],[130.6039,32.6596],[130.604,32.6594],[130.6044,32.6592],[130.6046,32.6591],[130.6048,32.6591],[130.605,32.6593],[130.6051,32.6594],[130.6052,32.6596],[130.6055,32.6597],[130.6057,32.6597],[130.6058,32.6597],[130.6061,32.6598],[130.6064,32.6599],[130.6065,32.6601],[130.6067,32.6604],[130.6068,32.6607],[130.6069,32.6609],[130.607,32.661],[130.6071,32.6612],[130.607,32.6613],[130.6069,32.6615],[130.6067,32.6618],[130.6065,32.6622],[130.6063,32.6627],[130.6061,32.663],[130.6058,32.6634],[130.6055,32.6638],[130.6054,32.6639],[130.6054,32.664],[130.6055,32.664],[130.606,32.664],[130.6065,32.6641],[130.6068,32.6643],[130.607,32.6644],[130.607,32.6645],[130.6072,32.6647],[130.6073,32.6648],[130.6075,32.6648],[130.6077,32.6648],[130.608,32.6649],[130.6082,32.665],[130.6083,32.6651],[130.6082,32.6653],[130.6083,32.6655],[130.6083,32.6656],[130.6085,32.6658],[130.6085,32.666],[130.6085,32.6663],[130.6085,32.6666],[130.6086,32.6667],[130.6087,32.6667],[130.6088,32.6666],[130.6091,32.6666],[130.6094,32.6667],[130.6097,32.6668],[130.6103,32.6672],[130.6106,32.6674],[130.6108,32.6674],[130.611,32.6674],[130.6113,32.6674],[130.6115,32.6675],[130.612,32.6679],[130.6122,32.6681],[130.6123,32.6682],[130.6123,32.6683],[130.6121,32.6685],[130.612,32.6687],[130.612,32.669],[130.6121,32.6698],[130.6122,32.6699],[130.6123,32.6699],[130.6127,32.67],[130.613,32.6701],[130.6132,32.6701],[130.6134,32.6702],[130.6137,32.6704],[130.6142,32.6706],[130.6145,32.6708],[130.6149,32.6711],[130.6152,32.6711],[130.6154,32.6711],[130.6157,32.671],[130.6159,32.6709],[130.6162,32.6707],[130.6163,32.6704],[130.6163,32.6701],[130.6163,32.67],[130.6163,32.6698],[130.6162,32.6696],[130.6162,32.6694],[130.6164,32.6691],[130.6166,32.6689],[130.6167,32.6689],[130.617,32.6689],[130.6174,32.6687],[130.6178,32.6686],[130.6181,32.6684],[130.6184,32.6683],[130.6189,32.6683],[130.6192,32.6685],[130.6194,32.6687],[130.6198,32.6691],[130.6203,32.6694],[130.6206,32.6696],[130.6212,32.6696],[130.6221,32.6696],[130.6224,32.6697],[130.6227,32.6701],[130.6228,32.6701],[130.6229,32.6702],[130.6231,32.6702],[130.6233,32.6702],[130.6235,32.6701],[130.6236,32.6701],[130.6239,32.67],[130.6244,32.6698],[130.625,32.6696],[130.626,32.6691],[130.6268,32.6687],[130.6269,32.6686],[130.627,32.6686],[130.6275,32.6683],[130.6282,32.6679],[130.6288,32.6676],[130.629,32.6675],[130.629,32.6674],[130.629,32.6673],[130.6288,32.6672],[130.6286,32.6671],[130.6283,32.6669],[130.6282,32.6667],[130.6278,32.6663],[130.6276,32.6659],[130.6276,32.6658],[130.6276,32.6657],[130.6277,32.6656],[130.628,32.6655],[130.6284,32.6653],[130.6287,32.6651],[130.6293,32.6649],[130.6294,32.6649],[130.6297,32.6649],[130.63,32.6649],[130.6302,32.6648],[130.6303,32.6648],[130.6304,32.6647],[130.6305,32.6646],[130.6307,32.6644],[130.631,32.6644],[130.6314,32.6645],[130.6317,32.6646],[130.6319,32.6647],[130.6321,32.6647],[130.6324,32.6645],[130.6325,32.6645],[130.6327,32.6644],[130.6329,32.6642],[130.6331,32.6642],[130.6332,32.6642],[130.6333,32.6642],[130.6334,32.6642],[130.6336,32.6641],[130.6339,32.664],[130.634,32.6641],[130.6342,32.6642],[130.6343,32.6643],[130.6344,32.6643],[130.6345,32.6644],[130.6347,32.6645],[130.6353,32.6645],[130.6356,32.6646],[130.636,32.6646],[130.636,32.6645],[130.6363,32.6645],[130.6366,32.6645],[130.6369,32.6644],[130.637,32.6643],[130.6372,32.6642],[130.6373,32.6641],[130.6376,32.6641],[130.6379,32.664],[130.6382,32.6639],[130.6389,32.664],[130.6391,32.664],[130.6393,32.6641],[130.6393,32.6642],[130.6397,32.665],[130.6403,32.6659],[130.6405,32.6663],[130.6407,32.6667],[130.6408,32.6669],[130.6412,32.6676],[130.6413,32.6677],[130.6414,32.6679],[130.6415,32.6682],[130.6416,32.6683],[130.6417,32.6684],[130.6419,32.6684],[130.6423,32.6683],[130.643,32.6684],[130.6439,32.6685],[130.6442,32.6685],[130.6446,32.6685],[130.6448,32.6685],[130.6449,32.6684],[130.645,32.6683],[130.6451,32.6681],[130.6453,32.6679],[130.6458,32.6678],[130.6461,32.6676],[130.6463,32.6675],[130.6465,32.6673],[130.6467,32.6672],[130.6473,32.6667],[130.6474,32.6666],[130.6476,32.6664],[130.6483,32.6658],[130.6486,32.6656],[130.649,32.6654],[130.6494,32.6653],[130.6497,32.6651],[130.65,32.6649],[130.6502,32.6648],[130.651,32.6642],[130.6511,32.6641],[130.6515,32.6636],[130.6516,32.6635],[130.6519,32.663],[130.652,32.6629],[130.6522,32.6629],[130.6524,32.6629],[130.6527,32.6631],[130.653,32.6632],[130.6533,32.6633],[130.6536,32.6632],[130.6542,32.6632],[130.6544,32.6632],[130.6547,32.6632],[130.6552,32.6634],[130.6554,32.6636],[130.6557,32.6638],[130.656,32.664],[130.6562,32.6642],[130.6563,32.6645],[130.6565,32.6649],[130.6566,32.665],[130.6567,32.665],[130.6568,32.6649],[130.6569,32.665],[130.6569,32.6651],[130.657,32.6654],[130.6571,32.6656],[130.6573,32.6662],[130.6574,32.6667],[130.6575,32.6671],[130.6576,32.6672],[130.6576,32.6673],[130.6577,32.6674],[130.658,32.6675],[130.6583,32.6677],[130.6584,32.6677],[130.6587,32.6679],[130.6589,32.6681],[130.659,32.6682],[130.6591,32.6682],[130.6595,32.6682],[130.6598,32.6681],[130.66,32.668],[130.6601,32.6679],[130.6602,32.6679],[130.6602,32.6678],[130.6604,32.6677],[130.6608,32.6675],[130.661,32.6673],[130.6614,32.6667],[130.6618,32.6661],[130.6619,32.666],[130.6621,32.6659],[130.6623,32.6657],[130.663,32.6648],[130.6634,32.6643],[130.6635,32.6642],[130.6636,32.664],[130.6637,32.664],[130.6639,32.6637],[130.6641,32.6634],[130.6641,32.6633],[130.6642,32.6629],[130.6643,32.6627],[130.6645,32.6623],[130.6646,32.6622],[130.6648,32.6619],[130.6651,32.6617],[130.6652,32.6616],[130.6652,32.6615],[130.6653,32.6614],[130.6653,32.6612],[130.6654,32.6611],[130.6655,32.661],[130.6658,32.661],[130.6662,32.661],[130.6666,32.661],[130.6667,32.661],[130.667,32.6609],[130.6673,32.6609],[130.6675,32.661],[130.6675,32.6611],[130.6675,32.6612],[130.6676,32.6614],[130.6678,32.6616],[130.6681,32.6617],[130.6682,32.6618],[130.6684,32.6618],[130.6685,32.6617],[130.6686,32.6617],[130.6688,32.6617],[130.6689,32.6618],[130.669,32.6618],[130.6691,32.6619],[130.6692,32.662],[130.6694,32.6621],[130.6696,32.6621],[130.6698,32.6622],[130.6699,32.6625],[130.6701,32.6626],[130.6702,32.6627],[130.6703,32.6627],[130.6704,32.6628],[130.6705,32.6629],[130.6705,32.663],[130.6708,32.6632],[130.6709,32.6632],[130.671,32.6633],[130.6713,32.6634],[130.6713,32.6635],[130.6715,32.6635],[130.6716,32.6635],[130.6717,32.6635],[130.6718,32.6628],[130.6718,32.6627],[130.672,32.6627],[130.6726,32.6629],[130.6727,32.6629],[130.6728,32.6629],[130.6728,32.6627],[130.673,32.6626],[130.6732,32.6625],[130.6735,32.6625],[130.674,32.6627],[130.6742,32.6627],[130.6744,32.6626],[130.6745,32.6626],[130.6746,32.6623],[130.6747,32.6622],[130.6749,32.6622],[130.675,32.6622],[130.6752,32.6622],[130.6753,32.6622],[130.6753,32.6621],[130.6753,32.6619],[130.6753,32.6615],[130.6754,32.6614],[130.6753,32.6612],[130.6754,32.661],[130.6754,32.6609],[130.6755,32.6609],[130.6756,32.6608],[130.6756,32.6607],[130.6757,32.6606],[130.6756,32.6604],[130.6753,32.6599],[130.6752,32.6598],[130.6753,32.6597],[130.6755,32.6594],[130.6756,32.6593],[130.6756,32.6592],[130.6756,32.659],[130.6757,32.659],[130.6758,32.6589],[130.6759,32.659],[130.676,32.6589],[130.6761,32.6588],[130.6761,32.6586],[130.6761,32.6583],[130.676,32.6582],[130.6759,32.658],[130.6758,32.6577],[130.6763,32.6578],[130.6765,32.6577],[130.6769,32.6575],[130.6771,32.6575],[130.6774,32.6575],[130.6776,32.6577],[130.6778,32.6577],[130.6781,32.6577],[130.6784,32.6577],[130.6785,32.6578],[130.6787,32.6578],[130.6789,32.6579],[130.6791,32.658],[130.6793,32.6583],[130.6794,32.6583],[130.6795,32.6586],[130.6796,32.6588],[130.6798,32.6591],[130.68,32.6593],[130.6802,32.6595],[130.6806,32.66],[130.6808,32.6602],[130.681,32.6605],[130.6812,32.6609],[130.6812,32.6611],[130.6813,32.6612],[130.6814,32.6612],[130.6815,32.6612],[130.6817,32.6612],[130.682,32.6612],[130.6821,32.6613],[130.6822,32.6615],[130.6823,32.6615],[130.6823,32.6616],[130.6824,32.6617],[130.6825,32.6618],[130.6827,32.662],[130.6828,32.6622],[130.683,32.6624],[130.6831,32.6627],[130.6831,32.6629],[130.6832,32.6632],[130.6832,32.6635],[130.6833,32.6637],[130.6833,32.6638],[130.6835,32.664],[130.6836,32.6641],[130.6838,32.6642],[130.6841,32.6644],[130.6842,32.6644],[130.6844,32.6644],[130.6847,32.6643],[130.6848,32.6644],[130.6849,32.6644],[130.6851,32.6644],[130.6854,32.6647],[130.6857,32.665],[130.6859,32.6652],[130.6859,32.6654],[130.6859,32.6657],[130.6859,32.6659],[130.686,32.6663],[130.6861,32.6665],[130.6862,32.6667],[130.6862,32.6668],[130.6862,32.667],[130.6861,32.667],[130.686,32.667],[130.6858,32.667],[130.6856,32.6671],[130.6856,32.6672],[130.6856,32.6673],[130.6856,32.6674],[130.6855,32.6676],[130.6854,32.668],[130.6854,32.6686],[130.6854,32.6687],[130.6855,32.6688],[130.6855,32.6689],[130.6856,32.6689],[130.686,32.6689],[130.6862,32.6689],[130.6863,32.6689],[130.6865,32.669],[130.6866,32.6691],[130.6867,32.6691],[130.687,32.669],[130.6871,32.669],[130.6872,32.6689],[130.6873,32.6689],[130.6875,32.6688],[130.6876,32.6687],[130.6877,32.6688],[130.6879,32.6688],[130.688,32.6689],[130.688,32.669],[130.6881,32.669],[130.6881,32.6691],[130.6885,32.6691],[130.6886,32.6691],[130.6887,32.6693],[130.6888,32.6694],[130.6887,32.6695],[130.6887,32.6697],[130.6887,32.6698],[130.6889,32.67],[130.6891,32.67],[130.6893,32.67],[130.6897,32.67],[130.6899,32.67],[130.69,32.6701],[130.6901,32.6701],[130.6902,32.6703],[130.6904,32.6704],[130.6907,32.6707],[130.6908,32.6708],[130.691,32.6709],[130.6912,32.671],[130.6913,32.6711],[130.6914,32.6713],[130.6915,32.6716],[130.6915,32.6718],[130.6916,32.672],[130.6917,32.6721],[130.6918,32.6722],[130.6919,32.6722],[130.6921,32.6723],[130.6923,32.6724],[130.6924,32.6725],[130.6925,32.6727],[130.6924,32.6729],[130.6923,32.673],[130.6923,32.6732],[130.6922,32.6734],[130.6922,32.6735],[130.6923,32.6737],[130.6922,32.6742],[130.6923,32.6744],[130.6923,32.675],[130.6923,32.6751],[130.6925,32.6752],[130.6927,32.6752],[130.6928,32.6751],[130.6929,32.675],[130.6929,32.6749],[130.6931,32.6748],[130.6932,32.6746],[130.6933,32.6746],[130.6934,32.6743],[130.6934,32.674],[130.6934,32.6737],[130.6934,32.6736],[130.6933,32.6734],[130.6934,32.6733],[130.6935,32.6733],[130.6936,32.6733],[130.6936,32.6734],[130.6937,32.6736],[130.6936,32.6737],[130.6936,32.6738],[130.6937,32.674],[130.6937,32.6743],[130.6937,32.6745],[130.6937,32.6747],[130.6938,32.6749],[130.6939,32.675],[130.694,32.675],[130.6942,32.6751],[130.6944,32.6753],[130.6947,32.6755],[130.6948,32.6756],[130.6948,32.6757],[130.6951,32.6757],[130.6952,32.6756],[130.6954,32.6755],[130.6955,32.6753],[130.6956,32.6752],[130.6956,32.675],[130.6957,32.675],[130.6958,32.6748],[130.696,32.6747],[130.6961,32.6745],[130.6961,32.6744],[130.6962,32.6742],[130.6963,32.674],[130.6964,32.6739],[130.6967,32.6737],[130.6969,32.6734],[130.697,32.6732],[130.697,32.673],[130.697,32.6729],[130.697,32.6727],[130.697,32.6725],[130.697,32.6724],[130.6971,32.6723],[130.6972,32.6722],[130.6972,32.6721],[130.6972,32.6719],[130.6974,32.6718],[130.6975,32.6717],[130.6977,32.6717],[130.6978,32.6717],[130.6979,32.6716],[130.698,32.6714],[130.698,32.6713],[130.698,32.6712],[130.6981,32.671],[130.6981,32.6709],[130.6983,32.6708],[130.6985,32.6707],[130.6988,32.6707],[130.6989,32.6707],[130.699,32.6707],[130.6991,32.6707],[130.6991,32.6705],[130.6992,32.6703],[130.6993,32.6702],[130.6995,32.6701],[130.6995,32.67],[130.6995,32.6699],[130.6996,32.6698],[130.6997,32.6697],[130.6998,32.6697],[130.6999,32.6697],[130.7,32.6698],[130.7,32.6699],[130.6999,32.67],[130.6999,32.6701],[130.6997,32.6702],[130.6997,32.6703],[130.6997,32.6704],[130.6997,32.6705],[130.6996,32.6707],[130.6996,32.6708],[130.6995,32.6709],[130.6993,32.6711],[130.6992,32.6712],[130.6989,32.6714],[130.6987,32.6714],[130.6985,32.6716],[130.6984,32.6718],[130.698,32.6722],[130.698,32.6723],[130.6978,32.6725],[130.6975,32.6729],[130.6974,32.6732],[130.6973,32.6733],[130.6971,32.6738],[130.6969,32.6741],[130.6966,32.6745],[130.6963,32.6749],[130.6963,32.675],[130.6962,32.6751],[130.696,32.6752],[130.6958,32.6753],[130.6958,32.6755],[130.6957,32.6756],[130.6957,32.6757],[130.6957,32.6759],[130.6956,32.676],[130.6956,32.6762],[130.6955,32.6763],[130.6955,32.6764],[130.6955,32.6766],[130.6955,32.6768],[130.6955,32.677],[130.6956,32.677],[130.6956,32.6771],[130.6958,32.6771],[130.6961,32.6772],[130.6965,32.6772],[130.697,32.6773],[130.6973,32.6773],[130.6976,32.6773],[130.6981,32.6774],[130.6986,32.6774],[130.6988,32.6774],[130.6991,32.6774],[130.6993,32.6774],[130.6995,32.6774],[130.6996,32.6775],[130.6997,32.6774],[130.6998,32.6773],[130.7,32.6772],[130.7001,32.6771],[130.7005,32.6769],[130.7006,32.6768],[130.7007,32.6767],[130.701,32.6765],[130.7012,32.6764],[130.7014,32.6762],[130.7015,32.6762],[130.7016,32.6761],[130.7017,32.676],[130.7019,32.6758],[130.702,32.6756],[130.7021,32.6755],[130.7023,32.6754],[130.7025,32.6753],[130.7028,32.6752],[130.7029,32.6751],[130.7031,32.675],[130.7032,32.6749],[130.7033,32.6748],[130.7035,32.6748],[130.7037,32.6747],[130.7039,32.6747],[130.7041,32.6746],[130.7042,32.6746],[130.7046,32.6745],[130.7049,32.6745],[130.705,32.6745],[130.7052,32.6744],[130.7055,32.6744],[130.7058,32.6745],[130.7063,32.6744],[130.7067,32.6744],[130.7072,32.6745],[130.7076,32.6745],[130.7079,32.6745],[130.708,32.6745],[130.7083,32.6746],[130.7085,32.6746],[130.7089,32.6746],[130.7092,32.6747],[130.7094,32.6747],[130.7096,32.6748],[130.7097,32.6748],[130.7098,32.6747],[130.71,32.6746],[130.7102,32.6746],[130.7104,32.6745],[130.7105,32.6746],[130.7108,32.6747],[130.7109,32.6747],[130.711,32.6746],[130.7111,32.6745],[130.7111,32.6744],[130.7112,32.6743],[130.7113,32.6743],[130.7116,32.6742],[130.7117,32.6744],[130.7119,32.6746],[130.712,32.6748],[130.712,32.675],[130.7121,32.6751],[130.7122,32.6756],[130.7123,32.6758],[130.7124,32.6762],[130.7125,32.6764],[130.7126,32.6767],[130.7128,32.6771],[130.7128,32.6772],[130.7129,32.6777],[130.7129,32.678],[130.713,32.6781],[130.7131,32.6784],[130.7131,32.6786],[130.7131,32.6787],[130.7132,32.6789],[130.7133,32.6791],[130.7134,32.6793],[130.7135,32.6795],[130.7134,32.6797],[130.7133,32.68],[130.7133,32.6801],[130.7133,32.6802],[130.7136,32.6803],[130.7139,32.6804],[130.7142,32.6805],[130.7147,32.6806],[130.7153,32.6808],[130.7159,32.6809],[130.7165,32.681],[130.7167,32.6811],[130.7168,32.6811],[130.7172,32.6823],[130.716,32.6846],[130.7133,32.6853],[130.7121,32.6872],[130.71,32.6884],[130.7073,32.6878],[130.7051,32.6881],[130.7036,32.6888],[130.701,32.6888],[130.7001,32.6897],[130.6989,32.6898],[130.6985,32.6919],[130.697,32.693],[130.6914,32.6918],[130.6899,32.6911],[130.6866,32.694],[130.6849,32.6944],[130.6837,32.6957],[130.6816,32.6942],[130.68,32.6944],[130.6783,32.6939],[130.6772,32.6944],[130.6762,32.6963],[130.6749,32.6952],[130.6739,32.6959],[130.6728,32.6953],[130.6712,32.6956],[130.6708,32.697],[130.6691,32.6973],[130.6684,32.6979],[130.6702,32.6991],[130.6698,32.7003],[130.6689,32.7007],[130.6688,32.7026],[130.666,32.7035],[130.6653,32.7045],[130.6651,32.7062],[130.6639,32.7071],[130.6594,32.7063],[130.6583,32.7034],[130.6565,32.7019],[130.6572,32.7061],[130.657,32.7076],[130.6562,32.7094],[130.6549,32.7107],[130.65,32.7129],[130.6463,32.7152],[130.644,32.7173],[130.6427,32.7148],[130.6414,32.7137],[130.637,32.7112],[130.6355,32.7106],[130.6323,32.7099],[130.6306,32.709],[130.6273,32.7093],[130.6227,32.7115],[130.616,32.7142],[130.6076,32.7158],[130.607,32.713],[130.6012,32.7126],[130.5969,32.7113],[130.5928,32.7083],[130.5915,32.709],[130.5897,32.7085],[130.5907,32.7065],[130.59,32.7053],[130.5885,32.7044],[130.5837,32.7036],[130.5814,32.7044],[130.5801,32.7039],[130.5797,32.7027],[130.5749,32.7015],[130.5747,32.7019],[130.5679,32.6993],[130.5667,32.6983],[130.5645,32.6939],[130.5624,32.6955],[130.5611,32.6946],[130.5621,32.6935],[130.5601,32.6922],[130.5596,32.6906],[130.5551,32.6881],[130.553,32.6867],[130.5462,32.6762],[130.5428,32.6724],[130.5422,32.6705],[130.5412,32.6695],[130.5415,32.6686],[130.5386,32.6662],[130.5379,32.665],[130.5339,32.6647],[130.5328,32.6642],[130.5269,32.6633],[130.5253,32.6626],[130.5239,32.6635],[130.5201,32.6621],[130.5205,32.6613],[130.518,32.6607],[130.5147,32.6591],[130.5153,32.658],[130.5138,32.6575],[130.5101,32.6553],[130.5062,32.6543],[130.5019,32.6545],[130.4995,32.654]]]},"properties":{"N03_001":"熊本県","N03_002":"","N03_003":"","N03_004":"宇土市","N03_007":"43211"}},
{"type":"Feature","geometry":{"type":"Polygon","coordinates":[[[130.3083,32.3729],[130.3082,32.3718],[130.307,32.3697],[130.3059,32.3697],[130.3049,32.3667],[130.3085,32.3684],[130.3104,32.37],[130.3107,32.3707],[130.3098,32.3725],[130.3083,32.3729]]]},"properties":{"N03_001":"熊本県","N03_002":"","N03_003":"","N03_004":"上天草市","N03_007":"43212"}},
{"type":"Feature","geometry":{"type":"Polygon","coordinates":[[[130.4998,32.5833],[130.5014,32.5864],[130.5045,32.5883],[130.5076,32.5909],[130.5093,32.5917],[130.5101,32.5943],[130.5104,32.599],[130.5094,32.6006],[130.5094,32.6042],[130.511,32.6054],[130.5091,32.6072],[130.5078,32.6074],[130.5056,32.6067],[130.4989,32.6082],[130.497,32.6091],[130.4931,32.6097],[130.4902,32.6095],[130.4866,32.6086],[130.4861,32.607],[130.4838,32.6073],[130.4812,32.6067],[130.4793,32.6055],[130.4754,32.6049],[130.4735,32.6039],[130.474,32.6032],[130.4767,32.6021],[130.4792,32.6004],[130.4829,32.5999],[130.4836,32.5988],[130.4821,32.5981],[130.4804,32.5982],[130.481,32.5968],[130.4806,32.5936],[130.4815,32.594],[130.482,32.5922],[130.4806,32.5918],[130.4801,32.5904],[130.4837,32.5905],[130.4865,32.5921],[130.4878,32.5917],[130.4883,32.5908],[130.4895,32.591],[130.4905,32.5921],[130.4926,32.5896],[130.4924,32.5888],[130.4943,32.5868],[130.4917,32.5871],[130.4904,32.5855],[130.4865,32.5826],[130.4871,32.582],[130.4867,32.5802],[130.488,32.5782],[130.4878,32.5766],[130.4888,32.576],[130.4921,32.5762],[130.4939,32.5774],[130.497,32.5809],[130.4998,32.5833]]]},"properties":{"N03_001":"熊本県","N03_002":"","N03_003":"","N03_004":"宇城市","N03_007":"43213"}},
{"type":"Feature","geometry":{"type":"Polygon","coordinates":[[[130.9668,32.9033],[130.9672,32.903],[130.9758,32.9003],[130.9792,32.9],[130.9853,32.902],[130.9884,32.9027],[130.9877,32.9038],[130.986,32.9044],[130.9846,32.9072],[130.9848,32.908],[130.9873,32.9084],[130.9876,32.9099],[130.9935,32.9099],[130.9964,32.909],[130.9976,32.9096],[131.0003,32.909],[131.0019,32.9072],[131.0064,32.9064],[131.0086,32.9056],[131.0105,32.9054],[131.0148,32.904],[131.0186,32.9031],[131.02,32.9023],[131.02,32.8973],[131.0215,32.8966],[131.026,32.8956],[131.0275,32.8969],[131.0297,32.8972],[131.0318,32.8982],[131.0361,32.8971],[131.0375,32.8954],[131.0416,32.8946],[131.0429,32.8929],[131.0449,32.8925],[131.0494,32.89],[131.0517,32.889],[131.0525,32.8881],[131.0525,32.8868],[131.0612,32.8854],[131.0636,32.8835],[131.0665,32.8803],[131.0902,32.8847],[131.0914,32.884],[131.0938,32.8843],[131.0966,32.884],[131.0976,32.8833],[131.0996,32.8837],[131.1018,32.8829],[131.1029,32.8829],[131.1041,32.8851],[131.1066,32.8863],[131.1082,32.8863],[131.1107,32.8858],[131.1126,32.8867],[131.1159,32.8871],[131.1186,32.8868],[131.1209,32.886],[131.1247,32.8858],[131.1261,32.8861],[131.1273,32.8857],[131.1307,32.8859],[131.134,32.885],[131.137,32.8851],[131.139,32.8848],[131.14,32.8833],[131.142,32.8834],[131.1426,32.8829],[131.1445,32.8835],[131.1461,32.8849],[131.1506,32.8851],[131.1519,32.8868],[131.1533,32.8869],[131.1573,32.8883],[131.1597,32.8882],[131.1617,32.8886],[131.1638,32.8877],[131.1663,32.8871],[131.1671,32.8855],[131.1707,32.8838],[131.1702,32.8811],[131.1729,32.8792],[131.1754,32.8784],[131.1768,32.8786],[131.1776,32.8779],[131.1776,32.8746],[131.1795,32.8749],[131.1811,32.8759],[131.183,32.8761],[131.1847,32.8781],[131.1868,32.878],[131.1879,32.8787],[131.19,32.8787],[131.1921,32.8794],[131.1966,32.8804],[131.1979,32.8822],[131.1999,32.883],[131.2006,32.8826],[131.205,32.8839],[131.2069,32.8847],[131.2084,32.8859],[131.2088,32.8868],[131.2105,32.8882],[131.2133,32.8896],[131.2177,32.8917],[131.2228,32.896],[131.225,32.8966],[131.2279,32.899],[131.2288,32.8992],[131.2304,32.9022],[131.2332,32.9026],[131.2356,32.9023],[131.2363,32.9035],[131.242,32.9049],[131.2446,32.9058],[131.2461,32.9058],[131.2493,32.9067],[131.2538,32.9087],[131.253,32.9107],[131.2529,32.9158],[131.2537,32.9196],[131.2532,32.9214],[131.253,32.9245],[131.2512,32.9269],[131.2497,32.9298],[131.2482,32.9315],[131.2471,32.9355],[131.2471,32.9364],[131.2458,32.9392],[131.246,32.9403],[131.2486,32.9419],[131.2526,32.9465],[131.2516,32.9479],[131.2499,32.9484],[131.2484,32.9479],[131.2473,32.9499],[131.2467,32.9526],[131.2472,32.9533],[131.2505,32.9532],[131.2523,32.9537],[131.253,32.9557],[131.2518,32.9569],[131.2504,32.9571],[131.2481,32.9582],[131.2461,32.9587],[131.2463,32.9608],[131.244,32.9612],[131.2422,32.9612],[131.2411,32.9617],[131.2373,32.9621],[131.2279,32.9598],[131.2244,32.9635],[131.2235,32.963],[131.2206,32.963],[131.2193,32.9623],[131.2192,32.9645],[131.2187,32.9664],[131.2175,32.9674],[131.2166,32.9708],[131.2157,32.9719],[131.2139,32.9727],[131.2104,32.9731],[131.2066,32.973],[131.2025,32.9721],[131.2005,32.9721],[131.1982,32.9727],[131.197,32.972],[131.1932,32.9709],[131.1901,32.9721],[131.1868,32.9723],[131.1874,32.9744],[131.1885,32.9757],[131.1863,32.9787],[131.1854,32.9835],[131.186,32.985],[131.185,32.9882],[131.1855,32.9906],[131.1841,32.9918],[131.1812,32.9933],[131.1808,32.9942],[131.1818,32.9954],[131.1843,32.9972],[131.1844,32.9985],[131.1855,32.9991],[131.1846,33.0002],[131.1833,33.0008],[131.1815,33.0005],[131.1816,33.0018],[131.181,33.0031],[131.1792,33.004],[131.1777,33.0039],[131.1759,33.0054],[131.1744,33.006],[131.1729,33.0055],[131.1711,33.0065],[131.1713,33.0079],[131.1703,33.0081],[131.169,33.0096],[131.1679,33.0097],[131.1672,33.0115],[131.165,33.0126],[131.1639,33.0122],[131.1612,33.0127],[131.1573,33.0112],[131.1549,33.0111],[131.1539,33.0126],[131.154,33.0142],[131.1535,33.0157],[131.1536,33.017],[131.1525,33.0191],[131.1512,33.0226],[131.1518,33.0236],[131.1575,33.0246],[131.1619,33.0266],[131.1626,33.0279],[131.1631,33.0311],[131.1648,33.0325],[131.1648,33.0351],[131.1654,33.0366],[131.1653,33.0392],[131.1634,33.0387],[131.1623,33.0404],[131.1608,33.0414],[131.1585,33.0412],[131.1558,33.0421],[131.1537,33.0418],[131.1513,33.042],[131.1481,33.0411],[131.144,33.0422],[131.1428,33.0411],[131.1398,33.0416],[131.1383,33.0424],[131.1357,33.0429],[131.1337,33.0437],[131.1307,33.0436],[131.1293,33.0448],[131.128,33.0441],[131.1273,33.0457],[131.1258,33.0444],[131.1255,33.043],[131.1216,33.04],[131.1181,33.0393],[131.116,33.0396],[131.1148,33.0409],[131.1136,33.0406],[131.1133,33.0384],[131.1128,33.0381],[131.1077,33.036],[131.0943,33.0315],[131.0934,33.0324],[131.0934,33.0336],[131.0905,33.0391],[131.0897,33.0417],[131.089,33.0427],[131.0879,33.0428],[131.0833,33.0411],[131.0787,33.0407],[131.0773,33.04],[131.0745,33.0395],[131.073,33.0397],[131.0687,33.0396],[131.0669,33.0385],[131.0667,33.0367],[131.0642,33.032],[131.0625,33.03],[131.0592,33.0294],[131.0399,33.0258],[131.0328,33.0244],[131.0204,33.022],[131.0074,33.0193],[131.0013,33.0254],[130.9982,33.0283],[130.9958,33.0266],[130.9933,33.0262],[130.9909,33.0238],[130.9883,33.0236],[130.9858,33.0243],[130.9842,33.0238],[130.9771,33.025],[130.977,33.0231],[130.975,33.0231],[130.9727,33.0237],[130.9703,33.0238],[130.9647,33.0164],[130.9557,33.0042],[130.9554,33.0001],[130.9557,32.9985],[130.9572,32.9967],[130.9573,32.9942],[130.9569,32.9919],[130.957,32.9887],[130.9564,32.9868],[130.9553,32.9807],[130.9534,32.9757],[130.952,32.9739],[130.9498,32.9716],[130.9497,32.971],[130.9476,32.9693],[130.9467,32.9674],[130.9457,32.9669],[130.9427,32.9637],[130.9438,32.9617],[130.9464,32.9602],[130.9462,32.9592],[130.948,32.9589],[130.9516,32.9575],[130.9529,32.9581],[130.9549,32.9582],[130.9542,32.9561],[130.9542,32.9549],[130.9562,32.9537],[130.9589,32.9526],[130.9592,32.9521],[130.9589,32.9491],[130.9611,32.948],[130.9646,32.9468],[130.9639,32.9447],[130.9608,32.9445],[130.9582,32.9417],[130.9576,32.9397],[130.959,32.9385],[130.959,32.9372],[130.9599,32.9351],[130.9616,32.9344],[130.9616,32.9331],[130.9634,32.931],[130.9637,32.9294],[130.9649,32.928],[130.9651,32.9265],[130.9664,32.9243],[130.9642,32.9235],[130.9633,32.9212],[130.9624,32.9204],[130.963,32.9193],[130.9619,32.9184],[130.9615,32.9169],[130.9602,32.9165],[130.9573,32.9138],[130.9668,32.9033]]]},"properties":{"N03_001":"熊本県","N03_002":"","N03_003":"","N03_004":"阿蘇市","N03_007":"43214"}},
{"type":"Feature","geometry":{"type":"Polygon","coordinates":[[[129.9714,32.1454],[129.9732,32.1441],[129.9748,32.1442],[129.9722,32.1471],[129.9714,32.1454]]]},"properties":{"N03_001":"熊本県","N03_002":"","N03_003":"","N03_004":"天草市","N03_007":"43215"}},
{"type":"Feature","geometry":{"type":"Polygon","coordinates":[[[130.7298,32.9275],[130.7286,32.9265],[130.7278,32.9233],[130.7262,32.9207],[130.725,32.9177],[130.7247,32.9157],[130.7237,32.9131],[130.7221,32.9069],[130.722,32.9059],[130.7229,32.9005],[130.7212,32.8979],[130.72,32.897],[130.7201,32.8954],[130.7225,32.8926],[130.7224,32.8904],[130.7242,32.8879],[130.7301,32.8882],[130.7299,32.8798],[130.7306,32.8787],[130.7323,32.8787],[130.7323,32.8747],[130.731,32.8721],[130.731,32.8699],[130.7317,32.8692],[130.7309,32.868],[130.7307,32.8664],[130.7312,32.864],[130.7309,32.862],[130.7297,32.8603],[130.7274,32.8563],[130.7256,32.8537],[130.7251,32.852],[130.7265,32.8515],[130.7318,32.8516],[130.7327,32.8525],[130.7349,32.8522],[130.7366,32.8531],[130.741,32.8538],[130.7431,32.8552],[130.7457,32.8559],[130.7481,32.8571],[130.7486,32.8578],[130.7493,32.8594],[130.7527,32.8619],[130.7563,32.8642],[130.7562,32.8653],[130.7553,32.8672],[130.7549,32.8693],[130.7558,32.8708],[130.7572,32.8683],[130.7602,32.8645],[130.7609,32.8632],[130.7627,32.8639],[130.766,32.8656],[130.7685,32.8606],[130.7748,32.8619],[130.7745,32.8643],[130.7783,32.8644],[130.7818,32.8657],[130.7807,32.8683],[130.7877,32.8706],[130.7861,32.8735],[130.7884,32.8756],[130.7919,32.8757],[130.7942,32.8746],[130.7959,32.8753],[130.8034,32.8767],[130.8033,32.8781],[130.7985,32.8783],[130.7959,32.8778],[130.7935,32.8778],[130.7922,32.8769],[130.7889,32.8772],[130.7894,32.8791],[130.7926,32.8783],[130.7937,32.8788],[130.7979,32.8792],[130.8012,32.879],[130.8031,32.8792],[130.8056,32.879],[130.8072,32.8796],[130.8127,32.8795],[130.8146,32.8817],[130.8176,32.8808],[130.8216,32.8829],[130.8249,32.8836],[130.8251,32.8852],[130.8259,32.8866],[130.8294,32.8879],[130.8323,32.8895],[130.8333,32.8909],[130.8359,32.892],[130.8339,32.8944],[130.8328,32.8964],[130.8341,32.8968],[130.8378,32.895],[130.8385,32.8944],[130.841,32.8933],[130.8465,32.8925],[130.8471,32.8933],[130.8401,32.8946],[130.8367,32.8969],[130.8324,32.8995],[130.8317,32.9016],[130.831,32.9027],[130.8287,32.9031],[130.8285,32.9061],[130.8265,32.9075],[130.8244,32.9075],[130.8225,32.9066],[130.8206,32.9095],[130.8177,32.9089],[130.8161,32.9092],[130.8139,32.9107],[130.8126,32.911],[130.8084,32.913],[130.8022,32.914],[130.8026,32.9118],[130.7987,32.9109],[130.798,32.9121],[130.7964,32.9127],[130.7954,32.9142],[130.7937,32.9149],[130.792,32.9144],[130.792,32.9125],[130.7905,32.9112],[130.7799,32.9168],[130.7776,32.917],[130.7734,32.9185],[130.7739,32.92],[130.7702,32.9205],[130.7675,32.9214],[130.7657,32.9214],[130.764,32.9222],[130.7626,32.9234],[130.7604,32.9246],[130.7563,32.9258],[130.7556,32.9258],[130.7522,32.927],[130.7513,32.9264],[130.7477,32.9262],[130.7455,32.9265],[130.745,32.925],[130.7419,32.9256],[130.7413,32.9237],[130.7397,32.9206],[130.7377,32.9215],[130.7358,32.9241],[130.7355,32.9256],[130.7326,32.9263],[130.732,32.9271],[130.7298,32.9275]]]},"properties":{"N03_001":"熊本県","N03_002":"","N03_003":"","N03_004":"合志市","N03_007":"43216"}},
{"type":"Feature","geometry":{"type":"Polygon","coordinates":[[[130.7827,32.5954],[130.7858,32.5953],[130.7875,32.5944],[130.7888,32.5944],[130.7893,32.5923],[130.7905,32.5904],[130.7917,32.586],[130.7924,32.5849],[130.7939,32.5841],[130.7939,32.5825],[130.7925,32.581],[130.793,32.5786],[130.7953,32.5763],[130.7971,32.5761],[130.7984,32.5752],[130.7996,32.5737],[130.7998,32.5728],[130.801,32.5713],[130.8024,32.5704],[130.8039,32.5683],[130.8049,32.5678],[130.8072,32.5684],[130.8097,32.567],[130.8113,32.5677],[130.8139,32.5675],[130.8151,32.5669],[130.8182,32.5632],[130.8196,32.5626],[130.821,32.5608],[130.8226,32.5614],[130.8267,32.562],[130.8279,32.5618],[130.8312,32.5634],[130.8321,32.5646],[130.8357,32.5657],[130.8396,32.5682],[130.8398,32.5689],[130.8422,32.5708],[130.8463,32.5695],[130.8507,32.5714],[130.8523,32.5727],[130.8549,32.573],[130.8565,32.5737],[130.8594,32.5733],[130.8615,32.5742],[130.867,32.5729],[130.8686,32.5731],[130.8705,32.5722],[130.8724,32.5728],[130.8752,32.5723],[130.8782,32.5726],[130.8787,32.5734],[130.8838,32.5741],[130.8851,32.5738],[130.8867,32.5721],[130.8884,32.5715],[130.8905,32.5718],[130.8922,32.5707],[130.8952,32.5708],[130.8979,32.5712],[130.8983,32.5722],[130.8999,32.5733],[130.9024,32.5745],[130.9044,32.5744],[130.9063,32.5748],[130.909,32.5759],[130.9083,32.5784],[130.9066,32.5802],[130.9059,32.5804],[130.9072,32.5826],[130.9073,32.5838],[130.9102,32.5839],[130.9136,32.5848],[130.9158,32.5836],[130.9191,32.5807],[130.9199,32.5806],[130.9221,32.5794],[130.923,32.5777],[130.9222,32.5764],[130.9233,32.5746],[130.9263,32.5743],[130.929,32.5751],[130.9319,32.5769],[130.9358,32.5773],[130.939,32.5779],[130.9399,32.577],[130.9423,32.577],[130.9435,32.5765],[130.9469,32.5766],[130.95,32.5785],[130.9506,32.5795],[130.9497,32.5814],[130.9496,32.583],[130.9482,32.5844],[130.9484,32.585],[130.9514,32.5867],[130.9514,32.5881],[130.952,32.5891],[130.9546,32.5909],[130.9556,32.5929],[130.9578,32.595],[130.9598,32.5954],[130.9615,32.5967],[130.9631,32.5973],[130.9662,32.5993],[130.9665,32.6008],[130.9661,32.6019],[130.9667,32.6037],[130.9661,32.6045],[130.9653,32.6071],[130.9644,32.6089],[130.9647,32.61],[130.9641,32.6139],[130.9632,32.6144],[130.962,32.6196],[130.9604,32.6212],[130.9606,32.6223],[130.9601,32.6253],[130.9588,32.6268],[130.9576,32.6273],[130.9568,32.6295],[130.9538,32.6311],[130.9526,32.6326],[130.9517,32.6327],[130.9492,32.6345],[130.9513,32.6352],[130.9534,32.6386],[130.9553,32.6389],[130.9585,32.6378],[130.961,32.6381],[130.9635,32.6407],[130.9645,32.6408],[130.9658,32.6386],[130.9672,32.6383],[130.9694,32.6402],[130.9711,32.641],[130.9726,32.6411],[130.9752,32.6391],[130.9763,32.6405],[130.9772,32.6427],[130.9767,32.6435],[130.9769,32.6476],[130.9753,32.6481],[130.9744,32.6471],[130.9727,32.6465],[130.9689,32.6463],[130.9671,32.6465],[130.965,32.6464],[130.9634,32.6472],[130.962,32.6466],[130.9607,32.6473],[130.959,32.649],[130.9571,32.6484],[130.9552,32.6486],[130.9545,32.6476],[130.9515,32.6479],[130.9507,32.6475],[130.9477,32.6479],[130.9471,32.6493],[130.9453,32.6496],[130.9428,32.6505],[130.943,32.6534],[130.9419,32.655],[130.9401,32.6557],[130.9392,32.6575],[130.9359,32.6584],[130.9347,32.6577],[130.9325,32.6575],[130.931,32.6577],[130.929,32.6572],[130.9265,32.6571],[130.9241,32.6582],[130.9208,32.6568],[130.9182,32.6575],[130.9167,32.6583],[130.9157,32.6594],[130.9131,32.6599],[130.9117,32.6611],[130.9092,32.6612],[130.908,32.6625],[130.9072,32.6627],[130.9064,32.6647],[130.9042,32.6643],[130.9032,32.6649],[130.9012,32.6634],[130.895,32.6627],[130.8919,32.6619],[130.8895,32.6619],[130.8869,32.6622],[130.8848,32.6619],[130.8816,32.6628],[130.8786,32.6633],[130.8761,32.6642],[130.8741,32.6637],[130.8723,32.6621],[130.8723,32.658],[130.8738,32.655],[130.8732,32.6533],[130.8739,32.6516],[130.8712,32.6522],[130.87,32.6496],[130.8686,32.6483],[130.8681,32.647],[130.867,32.6466],[130.8649,32.6467],[130.8627,32.6463],[130.8617,32.6468],[130.8583,32.6458],[130.8569,32.645],[130.856,32.6453],[130.8542,32.644],[130.8527,32.6439],[130.8516,32.6424],[130.8474,32.6411],[130.8453,32.6401],[130.8429,32.6403],[130.8418,32.638],[130.8426,32.6353],[130.841,32.6332],[130.8391,32.6312],[130.8391,32.6295],[130.8376,32.6282],[130.8365,32.6284],[130.833,32.628],[130.8316,32.6283],[130.8308,32.6268],[130.8297,32.6263],[130.827,32.6263],[130.8253,32.6279],[130.8239,32.6278],[130.8231,32.6267],[130.8202,32.6263],[130.8193,32.6276],[130.8181,32.6278],[130.8156,32.6294],[130.8141,32.6288],[130.8118,32.6309],[130.8129,32.6322],[130.81,32.6362],[130.8086,32.6364],[130.8073,32.639],[130.8081,32.6431],[130.806,32.6455],[130.8057,32.6469],[130.8045,32.6485],[130.8004,32.6526],[130.7998,32.6548],[130.8018,32.6577],[130.8003,32.6589],[130.7975,32.6592],[130.7965,32.6583],[130.7929,32.6577],[130.7892,32.6599],[130.7869,32.6601],[130.7853,32.661],[130.7849,32.6624],[130.7815,32.6625],[130.7783,32.6634],[130.7763,32.6633],[130.7761,32.663],[130.7761,32.6629],[130.7761,32.6628],[130.7761,32.6627],[130.7761,32.6624],[130.7761,32.662],[130.7761,32.6617],[130.7761,32.6614],[130.7761,32.6611],[130.776,32.661],[130.7757,32.6609],[130.7754,32.6607],[130.7753,32.6606],[130.7752,32.6604],[130.7751,32.6603],[130.7751,32.6602],[130.7751,32.6599],[130.7752,32.6598],[130.7752,32.6596],[130.7753,32.6593],[130.7754,32.6591],[130.7755,32.6589],[130.7756,32.6588],[130.7755,32.6587],[130.7754,32.6585],[130.7754,32.6583],[130.7754,32.658],[130.7754,32.6578],[130.7754,32.6576],[130.7754,32.6574],[130.7754,32.6572],[130.7754,32.6569],[130.7753,32.6568],[130.7751,32.6567],[130.775,32.6566],[130.7748,32.6565],[130.7747,32.6565],[130.7745,32.6564],[130.7744,32.6563],[130.7744,32.6561],[130.7745,32.6559],[130.7745,32.6558],[130.7745,32.6555],[130.7746,32.6551],[130.7746,32.6549],[130.7746,32.6547],[130.7747,32.6546],[130.7746,32.6545],[130.7746,32.6544],[130.7744,32.6543],[130.7744,32.6542],[130.7744,32.654],[130.7745,32.6537],[130.7745,32.6536],[130.7744,32.6534],[130.7744,32.6532],[130.7742,32.6529],[130.7742,32.6528],[130.7742,32.6526],[130.7743,32.6523],[130.7743,32.652],[130.7742,32.6518],[130.7742,32.6515],[130.7742,32.6513],[130.7744,32.6509],[130.7745,32.6505],[130.7745,32.6503],[130.7745,32.6502],[130.7745,32.65],[130.7746,32.6498],[130.7748,32.6495],[130.7749,32.649],[130.775,32.6489],[130.7752,32.6486],[130.7754,32.6485],[130.7756,32.6484],[130.7757,32.6483],[130.7758,32.6482],[130.776,32.648],[130.776,32.6479],[130.7761,32.6478],[130.7762,32.6477],[130.7762,32.6476],[130.7762,32.6473],[130.7762,32.647],[130.7763,32.6466],[130.7763,32.6464],[130.7764,32.6463],[130.7765,32.6462],[130.7765,32.6461],[130.7764,32.646],[130.7764,32.6458],[130.7764,32.6456],[130.7765,32.6456],[130.7766,32.6455],[130.7767,32.6453],[130.7767,32.6452],[130.7767,32.6449],[130.7765,32.6446],[130.7764,32.6444],[130.7764,32.6441],[130.7763,32.6438],[130.7763,32.6436],[130.7764,32.6434],[130.7767,32.6431],[130.7768,32.6428],[130.7769,32.6423],[130.777,32.6422],[130.7772,32.6421],[130.7773,32.642],[130.7773,32.6419],[130.7774,32.6417],[130.7774,32.6416],[130.7774,32.6414],[130.7773,32.6411],[130.7773,32.641],[130.7772,32.6409],[130.7772,32.6408],[130.7773,32.6408],[130.7776,32.6409],[130.7778,32.6407],[130.7781,32.6405],[130.7782,32.6403],[130.7783,32.6402],[130.7783,32.6401],[130.7782,32.6398],[130.7782,32.6396],[130.7781,32.6393],[130.7782,32.639],[130.7782,32.6389],[130.7782,32.6388],[130.7782,32.6386],[130.7781,32.6385],[130.778,32.6384],[130.7779,32.6382],[130.7779,32.6379],[130.7779,32.6377],[130.778,32.6375],[130.7781,32.6374],[130.7781,32.6372],[130.7782,32.637],[130.7782,32.6367],[130.7781,32.6364],[130.778,32.6363],[130.7778,32.6361],[130.7776,32.6359],[130.7776,32.6358],[130.7775,32.6356],[130.7775,32.6355],[130.7774,32.6352],[130.7773,32.6351],[130.7772,32.6349],[130.7772,32.6348],[130.7774,32.6344],[130.7775,32.6341],[130.7776,32.634],[130.7777,32.6339],[130.7778,32.6338],[130.7779,32.6337],[130.778,32.6334],[130.778,32.6333],[130.778,32.633],[130.7781,32.6324],[130.7781,32.6319],[130.7781,32.6315],[130.778,32.6311],[130.7778,32.6305],[130.7776,32.6301],[130.7774,32.6297],[130.7772,32.6294],[130.7772,32.6292],[130.777,32.6291],[130.7769,32.629],[130.7766,32.6289],[130.7763,32.6287],[130.7762,32.6287],[130.7762,32.6286],[130.7764,32.6286],[130.7768,32.6285],[130.7771,32.6285],[130.7775,32.6284],[130.7777,32.6285],[130.7779,32.6285],[130.7781,32.6285],[130.7785,32.6285],[130.7786,32.6285],[130.7788,32.6284],[130.779,32.6282],[130.7792,32.628],[130.7794,32.6279],[130.7796,32.6278],[130.7798,32.6277],[130.7799,32.6276],[130.7799,32.6275],[130.7799,32.6272],[130.78,32.627],[130.78,32.6267],[130.78,32.6266],[130.7799,32.6266],[130.7798,32.6265],[130.7797,32.6264],[130.7794,32.6263],[130.7793,32.6262],[130.7793,32.6261],[130.7794,32.626],[130.7795,32.6259],[130.7797,32.6257],[130.7798,32.6255],[130.7799,32.6253],[130.7799,32.6251],[130.7799,32.625],[130.7799,32.6248],[130.7799,32.6246],[130.7798,32.6245],[130.7796,32.6244],[130.7796,32.6242],[130.7796,32.6241],[130.7796,32.624],[130.7797,32.6238],[130.7798,32.6237],[130.7799,32.6236],[130.78,32.6235],[130.7799,32.6232],[130.7799,32.623],[130.78,32.6226],[130.7801,32.6225],[130.7801,32.6223],[130.7801,32.6221],[130.7799,32.6219],[130.7798,32.6219],[130.7796,32.6218],[130.7796,32.6217],[130.7795,32.6216],[130.7795,32.6215],[130.7796,32.6213],[130.7796,32.6211],[130.7798,32.6208],[130.7798,32.6206],[130.7798,32.6204],[130.7798,32.6202],[130.7798,32.6201],[130.7795,32.6196],[130.7794,32.6193],[130.7794,32.619],[130.7795,32.6189],[130.7796,32.6188],[130.7796,32.6187],[130.7796,32.6186],[130.7796,32.6183],[130.7797,32.6182],[130.7797,32.6181],[130.7796,32.6179],[130.7794,32.6178],[130.7793,32.6176],[130.7794,32.6175],[130.7795,32.6172],[130.7797,32.6169],[130.7797,32.6167],[130.7796,32.6164],[130.7796,32.6161],[130.7794,32.6157],[130.7795,32.6154],[130.7795,32.6151],[130.7795,32.6148],[130.7794,32.6146],[130.7794,32.6145],[130.7794,32.6142],[130.7793,32.6141],[130.7792,32.6138],[130.7792,32.6136],[130.7793,32.6134],[130.7794,32.6131],[130.7795,32.6129],[130.7797,32.6127],[130.7797,32.6126],[130.7799,32.6124],[130.7799,32.6123],[130.7797,32.6121],[130.7796,32.612],[130.7794,32.6119],[130.7793,32.6116],[130.7793,32.6115],[130.7792,32.6113],[130.7791,32.6111],[130.779,32.6109],[130.779,32.6106],[130.7788,32.6103],[130.7787,32.61],[130.7786,32.6099],[130.7784,32.6098],[130.778,32.6091],[130.7778,32.6088],[130.7777,32.6086],[130.7775,32.6084],[130.7774,32.6083],[130.7774,32.6082],[130.7775,32.6081],[130.7775,32.6079],[130.7775,32.6078],[130.7776,32.6076],[130.7777,32.6074],[130.7776,32.6073],[130.7774,32.6072],[130.7772,32.6071],[130.7771,32.607],[130.7769,32.6067],[130.7767,32.6064],[130.7765,32.6062],[130.7763,32.6061],[130.7761,32.6059],[130.7759,32.6057],[130.7757,32.6056],[130.7756,32.6055],[130.7754,32.6055],[130.7751,32.6055],[130.775,32.6055],[130.7748,32.6054],[130.7747,32.6054],[130.7746,32.6053],[130.7745,32.6051],[130.7744,32.6049],[130.7743,32.6048],[130.7741,32.6045],[130.774,32.6043],[130.774,32.6042],[130.7739,32.6041],[130.7738,32.6038],[130.7741,32.6036],[130.7743,32.6036],[130.7746,32.6035],[130.7748,32.6035],[130.7749,32.6034],[130.775,32.6033],[130.7751,32.6032],[130.7752,32.6031],[130.7753,32.603],[130.7757,32.603],[130.7761,32.6029],[130.7766,32.6028],[130.7768,32.6027],[130.777,32.6026],[130.7771,32.6026],[130.7773,32.6026],[130.7773,32.6024],[130.7774,32.6021],[130.7774,32.602],[130.7774,32.6018],[130.7775,32.6017],[130.7776,32.6015],[130.7777,32.6014],[130.7779,32.6013],[130.7782,32.6014],[130.7783,32.6014],[130.7784,32.6014],[130.7786,32.6013],[130.7787,32.601],[130.7789,32.6005],[130.779,32.6001],[130.7791,32.6],[130.7791,32.5999],[130.7791,32.5998],[130.7791,32.5995],[130.7792,32.5993],[130.7794,32.5991],[130.7795,32.5989],[130.7795,32.5986],[130.7795,32.5983],[130.7795,32.5979],[130.7794,32.5977],[130.7794,32.5976],[130.7797,32.5974],[130.7799,32.5973],[130.78,32.5972],[130.7802,32.597],[130.7804,32.5968],[130.7805,32.5965],[130.7806,32.5964],[130.7807,32.5962],[130.7809,32.596],[130.7812,32.5959],[130.7815,32.5958],[130.7818,32.5956],[130.7821,32.5955],[130.7824,32.5955],[130.7826,32.5954],[130.7827,32.5954]]]},"properties":{"N03_001":"熊本県","N03_002":"","N03_003":"下益城郡","N03_004":"美里町","N03_007":"43348"}},
{"type":"Feature","geometry":{"type":"Polygon","coordinates":[[[130.6264,32.9413],[130.6257,32.9407],[130.6254,32.9406],[130.625,32.9406],[130.6248,32.9406],[130.6244,32.9406],[130.6242,32.9405],[130.6238,32.9401],[130.6235,32.9394],[130.6231,32.9389],[130.6227,32.9384],[130.6224,32.9383],[130.6221,32.9382],[130.6218,32.9381],[130.6214,32.938],[130.6213,32.9378],[130.6214,32.9377],[130.6216,32.9376],[130.622,32.9372],[130.622,32.937],[130.6222,32.9368],[130.6222,32.9367],[130.6221,32.9364],[130.622,32.936],[130.6219,32.936],[130.6218,32.9358],[130.6216,32.9355],[130.6216,32.9351],[130.6216,32.935],[130.6216,32.9348],[130.6215,32.9344],[130.6215,32.9342],[130.6214,32.9341],[130.6214,32.9339],[130.6213,32.9337],[130.6212,32.9336],[130.621,32.9335],[130.6207,32.9334],[130.6207,32.9333],[130.6203,32.9332],[130.6201,32.933],[130.6199,32.9329],[130.6198,32.9328],[130.6197,32.9327],[130.6195,32.9322],[130.6194,32.9321],[130.6193,32.932],[130.6192,32.932],[130.6191,32.9319],[130.6188,32.9317],[130.6185,32.9315],[130.6183,32.9313],[130.6179,32.9309],[130.6177,32.9308],[130.6174,32.9306],[130.6171,32.9305],[130.6168,32.9304],[130.6167,32.9302],[130.6165,32.93],[130.6163,32.9297],[130.6162,32.9296],[130.616,32.9293],[130.6157,32.929],[130.6153,32.9287],[130.6151,32.9285],[130.6149,32.9282],[130.6147,32.9281],[130.6146,32.928],[130.6144,32.9278],[130.6141,32.9276],[130.6139,32.9275],[130.6138,32.9274],[130.6132,32.927],[130.613,32.9268],[130.6129,32.9266],[130.6127,32.9264],[130.6127,32.9262],[130.6127,32.926],[130.6126,32.9259],[130.6126,32.9257],[130.6124,32.9256],[130.6117,32.9254],[130.6112,32.9253],[130.6106,32.9252],[130.6101,32.9251],[130.61,32.925],[130.6096,32.9248],[130.6093,32.9246],[130.6091,32.9245],[130.6087,32.9242],[130.6086,32.924],[130.6084,32.9238],[130.6084,32.9236],[130.6083,32.9234],[130.6083,32.9233],[130.6083,32.9232],[130.6081,32.9229],[130.6078,32.9221],[130.6075,32.9215],[130.6071,32.9206],[130.607,32.9203],[130.6069,32.9201],[130.6068,32.92],[130.6068,32.9199],[130.6067,32.9197],[130.6065,32.9195],[130.6064,32.9194],[130.6063,32.9193],[130.6063,32.919],[130.6062,32.9189],[130.6062,32.9184],[130.6062,32.9182],[130.6061,32.918],[130.606,32.9179],[130.606,32.9178],[130.606,32.9176],[130.6062,32.9175],[130.6079,32.9174],[130.6082,32.9174],[130.6083,32.9173],[130.6091,32.9172],[130.6101,32.9171],[130.6103,32.917],[130.6109,32.917],[130.6117,32.917],[130.6119,32.917],[130.6121,32.9169],[130.6121,32.9168],[130.6121,32.9167],[130.6121,32.9166],[130.6121,32.9165],[130.612,32.9161],[130.612,32.916],[130.612,32.9158],[130.612,32.9156],[130.612,32.9155],[130.6121,32.9153],[130.6122,32.9152],[130.6123,32.915],[130.6126,32.9148],[130.6127,32.9148],[130.6126,32.9149],[130.6126,32.915],[130.6124,32.9152],[130.6123,32.9155],[130.6122,32.9159],[130.6122,32.9162],[130.6122,32.9164],[130.6123,32.9163],[130.6125,32.9163],[130.6126,32.9162],[130.6129,32.916],[130.6131,32.9159],[130.6132,32.9159],[130.6134,32.9158],[130.6139,32.9156],[130.6141,32.9155],[130.6146,32.9153],[130.6148,32.9153],[130.6149,32.9153],[130.615,32.9153],[130.6151,32.9153],[130.6152,32.9151],[130.6153,32.915],[130.6153,32.9146],[130.6152,32.9143],[130.6152,32.9142],[130.6152,32.914],[130.6152,32.9139],[130.6153,32.9138],[130.6153,32.9137],[130.6154,32.9137],[130.6154,32.9136],[130.6154,32.9135],[130.6154,32.9134],[130.6155,32.9132],[130.6156,32.913],[130.6157,32.913],[130.616,32.913],[130.6161,32.9131],[130.6163,32.913],[130.6163,32.9128],[130.6163,32.9127],[130.6164,32.9126],[130.6164,32.9125],[130.6164,32.9123],[130.6165,32.9122],[130.6165,32.9121],[130.6166,32.9121],[130.6167,32.912],[130.6167,32.9119],[130.6167,32.9117],[130.6167,32.9116],[130.6166,32.9113],[130.6162,32.9109],[130.6161,32.9107],[130.6161,32.9106],[130.6161,32.9104],[130.6162,32.9102],[130.6164,32.91],[130.6164,32.9098],[130.6165,32.9096],[130.6166,32.9096],[130.6167,32.9091],[130.6168,32.9086],[130.6169,32.9083],[130.6169,32.9082],[130.6169,32.9081],[130.617,32.9072],[130.617,32.907],[130.6171,32.9069],[130.6171,32.9066],[130.6171,32.9062],[130.6171,32.9061],[130.6171,32.906],[130.6172,32.9057],[130.6172,32.9054],[130.6173,32.9052],[130.6173,32.9051],[130.6178,32.9042],[130.6178,32.904],[130.6179,32.9038],[130.6178,32.9035],[130.6178,32.9031],[130.6178,32.9029],[130.6179,32.9026],[130.6179,32.9021],[130.6179,32.9017],[130.6179,32.9011],[130.6178,32.9007],[130.6176,32.9001],[130.6176,32.9],[130.6174,32.8996],[130.6173,32.8993],[130.6173,32.8992],[130.6174,32.8986],[130.6174,32.8981],[130.6175,32.8972],[130.6175,32.8971],[130.6174,32.8969],[130.6174,32.8968],[130.6173,32.8967],[130.6172,32.8966],[130.6171,32.8966],[130.6169,32.8967],[130.6168,32.8967],[130.6167,32.8967],[130.6166,32.8967],[130.6165,32.8968],[130.6164,32.8967],[130.6163,32.8967],[130.615,32.896],[130.6144,32.8956],[130.6139,32.8954],[130.6133,32.895],[130.613,32.8949],[130.6129,32.8948],[130.6128,32.8948],[130.6127,32.8947],[130.6121,32.8943],[130.6119,32.8942],[130.6114,32.8938],[130.611,32.8935],[130.6107,32.8932],[130.6103,32.8929],[130.61,32.8926],[130.6098,32.8925],[130.6097,32.8924],[130.6095,32.8922],[130.6093,32.892],[130.6091,32.8919],[130.6089,32.8919],[130.6086,32.8919],[130.6084,32.8919],[130.6083,32.8919],[130.6081,32.892],[130.608,32.892],[130.6079,32.8919],[130.6078,32.8918],[130.6077,32.8917],[130.6075,32.8914],[130.6073,32.8912],[130.6074,32.8906],[130.6075,32.8903],[130.6075,32.8899],[130.6074,32.8895],[130.6073,32.8893],[130.6071,32.8888],[130.6069,32.8882],[130.6067,32.8875],[130.6067,32.8871],[130.6068,32.8869],[130.607,32.8866],[130.6071,32.8863],[130.6072,32.8861],[130.6072,32.886],[130.6072,32.8856],[130.6073,32.8854],[130.6074,32.8852],[130.6075,32.885],[130.6076,32.8848],[130.6078,32.8847],[130.608,32.8845],[130.608,32.8844],[130.6081,32.8841],[130.6082,32.884],[130.6083,32.8839],[130.6083,32.8838],[130.6084,32.8837],[130.6085,32.8836],[130.6087,32.8835],[130.6088,32.8833],[130.6089,32.8833],[130.6089,32.8832],[130.6091,32.8831],[130.6092,32.883],[130.6093,32.8826],[130.6095,32.8824],[130.6096,32.8822],[130.6099,32.882],[130.6102,32.8817],[130.6104,32.8816],[130.6105,32.8815],[130.6105,32.8814],[130.6105,32.8812],[130.6104,32.881],[130.6104,32.8808],[130.6102,32.8805],[130.61,32.8804],[130.6098,32.8803],[130.6094,32.8803],[130.609,32.8802],[130.6086,32.8801],[130.6084,32.88],[130.6083,32.8799],[130.6083,32.8798],[130.6085,32.8793],[130.6085,32.8792],[130.6084,32.8791],[130.6083,32.879],[130.6081,32.8789],[130.6079,32.8789],[130.6079,32.8788],[130.6078,32.8787],[130.6078,32.8786],[130.6079,32.8784],[130.608,32.8783],[130.6079,32.8781],[130.6077,32.8779],[130.6076,32.8778],[130.6076,32.8777],[130.6075,32.8775],[130.6077,32.8774],[130.6082,32.8771],[130.6083,32.877],[130.6085,32.8769],[130.6094,32.8764],[130.6102,32.8761],[130.6104,32.8761],[130.6114,32.8758],[130.6118,32.8756],[130.6124,32.8753],[130.6124,32.8752],[130.6125,32.8751],[130.6126,32.875],[130.6126,32.8749],[130.6127,32.8746],[130.6128,32.8743],[130.6129,32.8741],[130.6129,32.874],[130.613,32.8739],[130.6131,32.8738],[130.6134,32.8736],[130.6136,32.8735],[130.6136,32.8734],[130.6135,32.8732],[130.6136,32.873],[130.6138,32.8728],[130.6139,32.8727],[130.614,32.8725],[130.6141,32.8725],[130.6142,32.8723],[130.6145,32.8718],[130.6146,32.8717],[130.6149,32.8714],[130.6151,32.8712],[130.6152,32.8711],[130.6153,32.8709],[130.6156,32.8704],[130.6162,32.87],[130.6167,32.8696],[130.6171,32.8696],[130.6175,32.8695],[130.6176,32.8695],[130.618,32.8695],[130.6183,32.8694],[130.6185,32.8694],[130.6188,32.8692],[130.6193,32.8688],[130.6198,32.8685],[130.62,32.8682],[130.6202,32.8681],[130.6205,32.8678],[130.621,32.8673],[130.6213,32.867],[130.6216,32.8667],[130.6219,32.8664],[130.6223,32.8658],[130.6224,32.8657],[130.6225,32.8656],[130.6226,32.8655],[130.6227,32.8654],[130.6229,32.8652],[130.6231,32.865],[130.6232,32.8649],[130.6233,32.8646],[130.6234,32.8645],[130.6234,32.8644],[130.6234,32.8643],[130.6235,32.8643],[130.6238,32.8641],[130.6239,32.8641],[130.6242,32.864],[130.6243,32.8639],[130.6249,32.8633],[130.625,32.8633],[130.6253,32.8631],[130.6256,32.8629],[130.6262,32.862],[130.6265,32.862],[130.6266,32.862],[130.6274,32.8618],[130.6277,32.8618],[130.6278,32.8618],[130.6282,32.8618],[130.6293,32.862],[130.6303,32.8621],[130.6307,32.8622],[130.631,32.8623],[130.6312,32.8623],[130.6314,32.8624],[130.6316,32.8624],[130.6319,32.8624],[130.6321,32.8624],[130.6324,32.8621],[130.6327,32.8619],[130.6328,32.8617],[130.633,32.8616],[130.6331,32.8615],[130.6332,32.8614],[130.6333,32.8613],[130.6334,32.8613],[130.6336,32.8613],[130.6337,32.8613],[130.634,32.8611],[130.6346,32.8608],[130.6348,32.8609],[130.6356,32.8623],[130.6385,32.865],[130.64,32.8702],[130.6398,32.8734],[130.6426,32.8756],[130.643,32.8776],[130.6421,32.8786],[130.6437,32.8808],[130.6449,32.8849],[130.6464,32.886],[130.6484,32.8859],[130.652,32.8879],[130.6518,32.8899],[130.6513,32.8911],[130.6494,32.8925],[130.6489,32.8965],[130.649,32.898],[130.648,32.8993],[130.648,32.9003],[130.6495,32.9019],[130.6497,32.9028],[130.6473,32.9046],[130.6464,32.9067],[130.6466,32.908],[130.6452,32.909],[130.6402,32.9141],[130.6391,32.9144],[130.6391,32.9156],[130.6372,32.9162],[130.6366,32.9175],[130.638,32.9183],[130.6393,32.921],[130.6419,32.9239],[130.6389,32.9255],[130.6394,32.9268],[130.6408,32.9282],[130.6422,32.929],[130.6417,32.9303],[130.6445,32.9308],[130.6462,32.9316],[130.6493,32.9309],[130.6513,32.9312],[130.6516,32.9322],[130.6502,32.9344],[130.6443,32.9379],[130.6436,32.9397],[130.6403,32.9385],[130.6384,32.9393],[130.6382,32.9416],[130.6373,32.9426],[130.6352,32.9436],[130.6322,32.9437],[130.6294,32.9447],[130.6288,32.9434],[130.6264,32.9413]]]},"properties":{"N03_001":"熊本県","N03_002":"","N03_003":"玉名郡","N03_004":"玉東町","N03_007":"43364"}},
{"type":"Feature","geometry":{"type":"Polygon","coordinates":[[[130.5159,33.012],[130.5169,33.0118],[130.5173,33.0095],[130.5184,33.009],[130.5179,33.0061],[130.5189,33.0055],[130.5188,33.0043],[130.5211,33.0008],[130.5214,32.9983],[130.5204,32.9966],[130.5234,32.9919],[130.5262,32.9906],[130.5277,32.9884],[130.5278,32.9884],[130.5283,32.9888],[130.5287,32.989],[130.5292,32.9889],[130.5294,32.989],[130.5296,32.9893],[130.53,32.9894],[130.5304,32.9894],[130.5307,32.9894],[130.5314,32.9892],[130.5318,32.9891],[130.5323,32.989],[130.5326,32.9891],[130.5328,32.9891],[130.533,32.9892],[130.5333,32.9893],[130.5339,32.9895],[130.5345,32.9896],[130.5348,32.9896],[130.535,32.9896],[130.5351,32.9897],[130.5352,32.9897],[130.5359,32.9899],[130.5364,32.99],[130.5371,32.9903],[130.5375,32.9904],[130.5378,32.9903],[130.5381,32.9905],[130.5384,32.9906],[130.539,32.9907],[130.5396,32.9908],[130.54,32.9909],[130.5406,32.9911],[130.5407,32.9912],[130.5413,32.9914],[130.5415,32.9914],[130.5417,32.9915],[130.5418,32.9914],[130.5424,32.9912],[130.5425,32.9912],[130.5427,32.9913],[130.5434,32.9913],[130.5436,32.9913],[130.5438,32.9914],[130.5445,32.9916],[130.5446,32.9917],[130.5447,32.9917],[130.5449,32.9917],[130.5456,32.9917],[130.546,32.9917],[130.5464,32.9918],[130.5466,32.9918],[130.5468,32.9919],[130.547,32.9919],[130.5475,32.9921],[130.5478,32.9922],[130.5479,32.9923],[130.5481,32.9924],[130.5485,32.9925],[130.5489,32.9925],[130.5491,32.9926],[130.5493,32.9926],[130.5498,32.9928],[130.55,32.9928],[130.5501,32.9928],[130.5503,32.9928],[130.5507,32.9928],[130.5512,32.993],[130.5513,32.9931],[130.5516,32.9932],[130.5518,32.9933],[130.5519,32.9934],[130.5521,32.9935],[130.5523,32.9935],[130.5528,32.9935],[130.553,32.9935],[130.5532,32.9936],[130.5534,32.9935],[130.5542,32.9935],[130.5543,32.9935],[130.5555,32.9936],[130.5556,32.9936],[130.5557,32.9935],[130.5558,32.9935],[130.5566,32.9936],[130.5568,32.9936],[130.5572,32.9936],[130.5574,32.9937],[130.5575,32.9939],[130.5577,32.9941],[130.5578,32.9943],[130.558,32.9944],[130.5582,32.9947],[130.5583,32.9949],[130.5583,32.9951],[130.5585,32.9951],[130.5589,32.9951],[130.5591,32.995],[130.5593,32.995],[130.5599,32.9949],[130.56,32.9949],[130.5601,32.9949],[130.5602,32.9948],[130.5603,32.9948],[130.5605,32.9947],[130.5608,32.9947],[130.561,32.9946],[130.5612,32.9946],[130.5614,32.9945],[130.5616,32.9945],[130.562,32.9945],[130.5622,32.9945],[130.5623,32.9945],[130.5624,32.9946],[130.5626,32.9946],[130.5628,32.9946],[130.5634,32.9942],[130.5637,32.994],[130.5644,32.9937],[130.5649,32.9932],[130.5652,32.993],[130.5654,32.993],[130.5655,32.9931],[130.5658,32.9932],[130.566,32.9934],[130.5662,32.9935],[130.5663,32.9936],[130.5664,32.9938],[130.5664,32.994],[130.5664,32.9943],[130.5665,32.9946],[130.5667,32.9946],[130.5673,32.9947],[130.5675,32.9947],[130.5677,32.9948],[130.5679,32.9948],[130.5681,32.9949],[130.5687,32.9949],[130.5688,32.995],[130.569,32.9951],[130.5692,32.995],[130.5693,32.9949],[130.5694,32.9944],[130.5695,32.9941],[130.5695,32.9937],[130.5696,32.9936],[130.5699,32.9935],[130.5701,32.9933],[130.5703,32.9931],[130.5703,32.9929],[130.5704,32.9928],[130.5705,32.9927],[130.5706,32.9925],[130.5705,32.9922],[130.5705,32.992],[130.5706,32.9919],[130.5708,32.9919],[130.5711,32.9917],[130.5711,32.9916],[130.5714,32.9916],[130.5716,32.9917],[130.5718,32.9917],[130.572,32.9918],[130.5723,32.9918],[130.5726,32.9918],[130.5727,32.9918],[130.5729,32.9919],[130.5732,32.992],[130.5734,32.9921],[130.5737,32.992],[130.5738,32.992],[130.574,32.992],[130.5741,32.9921],[130.5744,32.9923],[130.5747,32.9923],[130.5748,32.9924],[130.5748,32.9925],[130.5748,32.9927],[130.575,32.9931],[130.5751,32.9932],[130.5752,32.9934],[130.5754,32.9935],[130.5757,32.9936],[130.5758,32.9935],[130.5759,32.9934],[130.5759,32.9932],[130.5758,32.9931],[130.5757,32.9929],[130.5757,32.9926],[130.5757,32.9924],[130.5757,32.9923],[130.5758,32.9921],[130.5761,32.9919],[130.5762,32.9919],[130.5764,32.9919],[130.5766,32.992],[130.5775,32.9923],[130.5777,32.9924],[130.5778,32.9925],[130.578,32.9925],[130.5784,32.9922],[130.5788,32.9918],[130.5789,32.9917],[130.5792,32.9915],[130.5795,32.9913],[130.5802,32.991],[130.5831,32.9921],[130.583,32.9942],[130.5859,32.9952],[130.5878,32.9963],[130.5889,32.9973],[130.5889,32.9987],[130.5875,32.9992],[130.5862,32.9987],[130.5849,33],[130.5855,33.0009],[130.5852,33.0022],[130.5841,33.0027],[130.5845,33.0045],[130.5862,33.0048],[130.587,33.006],[130.5864,33.0124],[130.587,33.0139],[130.5856,33.0149],[130.5853,33.016],[130.5886,33.0177],[130.5906,33.0181],[130.5927,33.0168],[130.5945,33.0162],[130.5952,33.0179],[130.596,33.0186],[130.5961,33.0202],[130.597,33.0209],[130.5971,33.0236],[130.5988,33.0266],[130.5988,33.0279],[130.601,33.0277],[130.602,33.028],[130.6017,33.0309],[130.6009,33.0316],[130.5998,33.0338],[130.5979,33.0343],[130.5973,33.0357],[130.5984,33.0373],[130.597,33.038],[130.5972,33.0391],[130.5965,33.041],[130.5954,33.0424],[130.594,33.0429],[130.5943,33.0458],[130.5937,33.0478],[130.5919,33.0491],[130.5912,33.0506],[130.591,33.0524],[130.5888,33.0518],[130.587,33.0518],[130.5852,33.051],[130.5837,33.051],[130.5837,33.0521],[130.5818,33.0537],[130.5825,33.0561],[130.5818,33.0571],[130.582,33.0583],[130.5806,33.0591],[130.58,33.0605],[130.5787,33.0615],[130.5794,33.0628],[130.5791,33.0645],[130.5782,33.0651],[130.577,33.0645],[130.5735,33.0676],[130.5737,33.0692],[130.5751,33.0701],[130.5753,33.0726],[130.5763,33.0732],[130.5762,33.0753],[130.5755,33.0764],[130.5753,33.0789],[130.5732,33.0805],[130.5722,33.0839],[130.57,33.0841],[130.5678,33.0848],[130.5657,33.0873],[130.5639,33.0865],[130.5602,33.0861],[130.5595,33.0857],[130.556,33.0861],[130.554,33.0839],[130.5525,33.083],[130.5507,33.0838],[130.5491,33.0841],[130.548,33.0829],[130.5485,33.0818],[130.5481,33.0807],[130.5466,33.0806],[130.5443,33.0823],[130.5428,33.0817],[130.5414,33.082],[130.5398,33.0796],[130.5376,33.0796],[130.5354,33.0781],[130.5352,33.0765],[130.5359,33.0761],[130.5353,33.0738],[130.5337,33.0731],[130.5332,33.0697],[130.5336,33.0687],[130.5323,33.067],[130.5322,33.0655],[130.5315,33.0647],[130.53,33.0645],[130.5294,33.0653],[130.5274,33.0657],[130.5253,33.0667],[130.524,33.066],[130.5169,33.0656],[130.5163,33.0645],[130.5142,33.0636],[130.5138,33.062],[130.5131,33.0615],[130.5065,33.0591],[130.5041,33.058],[130.5037,33.0558],[130.5011,33.0546],[130.4967,33.0518],[130.4952,33.0496],[130.495,33.0487],[130.4967,33.047],[130.4983,33.0436],[130.5008,33.0416],[130.502,33.0395],[130.5032,33.0388],[130.5045,33.0368],[130.5037,33.0341],[130.5039,33.0324],[130.5045,33.0317],[130.5043,33.0303],[130.505,33.0284],[130.5046,33.0276],[130.5056,33.0261],[130.5076,33.025],[130.5077,33.0236],[130.511,33.0231],[130.5121,33.0221],[130.513,33.0193],[130.5129,33.0168],[130.5143,33.0151],[130.5158,33.014],[130.5159,33.012]]]},"properties":{"N03_001":"熊本県","N03_002":"","N03_003":"玉名郡","N03_004":"南関町","N03_007":"43367"}},
{"type":"Feature","geometry":{"type":"Polygon","coordinates":[[[130.4765,32.905],[130.4766,32.905],[130.4767,32.9051],[130.4767,32.9052],[130.4768,32.9053],[130.4769,32.9057],[130.4769,32.9059],[130.477,32.906],[130.4771,32.9062],[130.4772,32.9063],[130.4773,32.9065],[130.4776,32.9068],[130.4778,32.9071],[130.4779,32.9072],[130.4788,32.9083],[130.4789,32.9085],[130.4791,32.9087],[130.4797,32.9093],[130.4807,32.9103],[130.4808,32.9105],[130.4817,32.9117],[130.4817,32.9118],[130.482,32.9121],[130.4821,32.9123],[130.4822,32.9125],[130.4822,32.9127],[130.4826,32.9139],[130.4831,32.9153],[130.4831,32.9155],[130.4832,32.9157],[130.4832,32.9158],[130.4832,32.9159],[130.4833,32.9161],[130.4833,32.9162],[130.4834,32.9162],[130.4835,32.9164],[130.4836,32.9166],[130.4836,32.9167],[130.4837,32.9168],[130.4839,32.9169],[130.484,32.917],[130.4842,32.9172],[130.4845,32.9175],[130.4846,32.9176],[130.4848,32.9177],[130.4861,32.9186],[130.4872,32.9194],[130.4877,32.9197],[130.4879,32.92],[130.488,32.9201],[130.4881,32.9203],[130.4883,32.9207],[130.4884,32.9208],[130.4885,32.921],[130.4887,32.9215],[130.4888,32.9219],[130.4889,32.922],[130.489,32.9223],[130.4894,32.923],[130.4897,32.9237],[130.49,32.9241],[130.4902,32.9247],[130.4903,32.925],[130.4904,32.9252],[130.4908,32.9256],[130.491,32.9257],[130.4913,32.9261],[130.4915,32.9263],[130.4916,32.9264],[130.4917,32.9265],[130.4921,32.9268],[130.4922,32.9269],[130.4926,32.9272],[130.4928,32.9274],[130.4929,32.9275],[130.4931,32.9277],[130.4932,32.9278],[130.4933,32.9278],[130.4935,32.928],[130.4936,32.928],[130.4939,32.9282],[130.4944,32.9284],[130.4951,32.9285],[130.4953,32.9286],[130.4954,32.9287],[130.4955,32.9288],[130.4955,32.9289],[130.4956,32.9291],[130.4959,32.9294],[130.4961,32.9297],[130.4962,32.9298],[130.4965,32.93],[130.4966,32.9301],[130.4967,32.9302],[130.4967,32.9303],[130.4967,32.9305],[130.4969,32.9313],[130.4971,32.9316],[130.4972,32.9318],[130.4972,32.932],[130.4972,32.9325],[130.4973,32.9326],[130.4975,32.9331],[130.4976,32.9332],[130.4977,32.9333],[130.4977,32.9334],[130.4979,32.9336],[130.4981,32.9339],[130.4984,32.9346],[130.4984,32.9349],[130.498,32.9349],[130.4977,32.9349],[130.4975,32.935],[130.4972,32.9353],[130.497,32.9359],[130.497,32.9363],[130.4971,32.9365],[130.497,32.9367],[130.4961,32.9386],[130.4925,32.9394],[130.4924,32.9419],[130.4936,32.9428],[130.4944,32.9446],[130.4975,32.9462],[130.496,32.9482],[130.4952,32.9508],[130.4953,32.9526],[130.4939,32.9521],[130.4919,32.9493],[130.4908,32.9487],[130.4898,32.9493],[130.4872,32.9488],[130.4861,32.9496],[130.483,32.9494],[130.4823,32.9504],[130.4781,32.9489],[130.4767,32.9492],[130.4772,32.9511],[130.4756,32.9512],[130.4703,32.9456],[130.4688,32.9461],[130.4668,32.9457],[130.468,32.9423],[130.4658,32.9402],[130.4658,32.9395],[130.4624,32.9391],[130.4585,32.9398],[130.4578,32.9414],[130.4563,32.9427],[130.4556,32.9425],[130.4542,32.9436],[130.4548,32.9441],[130.4542,32.9456],[130.4528,32.9459],[130.4505,32.9457],[130.4488,32.9449],[130.4479,32.9456],[130.4437,32.9455],[130.4421,32.9446],[130.4414,32.9433],[130.4378,32.9419],[130.4393,32.9369],[130.4399,32.9337],[130.4387,32.9334],[130.439,32.9318],[130.441,32.9312],[130.4416,32.9298],[130.4432,32.9279],[130.4428,32.9263],[130.4408,32.9231],[130.4415,32.9226],[130.4397,32.9209],[130.4441,32.9178],[130.4459,32.9168],[130.4443,32.9148],[130.449,32.9114],[130.4516,32.9091],[130.4563,32.9139],[130.4574,32.9143],[130.4591,32.916],[130.4604,32.9166],[130.4594,32.9193],[130.4622,32.9189],[130.4623,32.9163],[130.462,32.9151],[130.4608,32.9138],[130.4634,32.912],[130.457,32.9054],[130.4626,32.9014],[130.4656,32.904],[130.4708,32.9004],[130.4748,32.9043],[130.4765,32.905]]]},"properties":{"N03_001":"熊本県","N03_002":"","N03_003":"玉名郡","N03_004":"長洲町","N03_007":"43368"}},
{"type":"Feature","geometry":{"type":"Polygon","coordinates":[[[130.5802,32.991],[130.5801,32.9909],[130.58,32.9906],[130.5798,32.9901],[130.5796,32.9898],[130.5795,32.9897],[130.5792,32.9895],[130.5786,32.9891],[130.5784,32.989],[130.5784,32.9889],[130.5785,32.9888],[130.5787,32.9885],[130.5792,32.9879],[130.5793,32.9877],[130.5794,32.9876],[130.5797,32.9876],[130.58,32.9875],[130.5803,32.9874],[130.5804,32.9872],[130.5806,32.9871],[130.5808,32.9868],[130.581,32.9868],[130.5812,32.9867],[130.5813,32.9867],[130.5815,32.9867],[130.5817,32.9868],[130.5821,32.9868],[130.5823,32.9871],[130.5825,32.9874],[130.5827,32.9879],[130.5829,32.988],[130.5831,32.9879],[130.5833,32.9879],[130.5835,32.9879],[130.5841,32.988],[130.5843,32.9881],[130.5845,32.988],[130.5851,32.9878],[130.5853,32.9879],[130.5855,32.988],[130.5858,32.9883],[130.5861,32.9884],[130.5862,32.9884],[130.5865,32.9884],[130.5866,32.9885],[130.5872,32.9885],[130.5873,32.9885],[130.5875,32.9885],[130.5882,32.9887],[130.5884,32.9888],[130.5886,32.9889],[130.5888,32.9892],[130.5891,32.9893],[130.5893,32.9893],[130.5895,32.9893],[130.59,32.9892],[130.5903,32.9892],[130.5907,32.9892],[130.5908,32.9892],[130.591,32.9891],[130.5913,32.9891],[130.5914,32.9891],[130.5916,32.9891],[130.5917,32.9892],[130.592,32.9892],[130.5921,32.9891],[130.5923,32.9889],[130.5925,32.9888],[130.5927,32.9888],[130.593,32.9887],[130.5933,32.9885],[130.5936,32.9882],[130.5939,32.988],[130.5942,32.9878],[130.5944,32.9878],[130.5947,32.9876],[130.5949,32.9874],[130.5951,32.9873],[130.5955,32.9871],[130.5957,32.9869],[130.5958,32.9868],[130.5959,32.9867],[130.596,32.9866],[130.5961,32.9864],[130.5961,32.9863],[130.5961,32.9861],[130.596,32.9856],[130.596,32.9853],[130.5961,32.9851],[130.5962,32.9847],[130.5962,32.9846],[130.5963,32.9844],[130.5964,32.9843],[130.5969,32.9841],[130.5975,32.984],[130.5979,32.984],[130.598,32.984],[130.5982,32.9841],[130.5983,32.9841],[130.5984,32.9842],[130.5985,32.9843],[130.5989,32.9844],[130.599,32.9844],[130.5994,32.9845],[130.5995,32.9845],[130.5998,32.9846],[130.6,32.9843],[130.6005,32.9835],[130.6007,32.9833],[130.6008,32.9832],[130.6012,32.9828],[130.6012,32.9827],[130.6009,32.9825],[130.6004,32.9821],[130.6004,32.982],[130.601,32.9812],[130.6012,32.9809],[130.6017,32.9806],[130.6018,32.9802],[130.6021,32.9796],[130.6022,32.9795],[130.6026,32.9789],[130.6031,32.9779],[130.6031,32.9776],[130.6032,32.9772],[130.6031,32.977],[130.6028,32.9765],[130.6026,32.9762],[130.6025,32.9761],[130.6023,32.9759],[130.6021,32.9757],[130.6018,32.9756],[130.6015,32.9755],[130.6013,32.9754],[130.6007,32.9753],[130.6,32.9752],[130.5994,32.9752],[130.5988,32.9751],[130.5986,32.975],[130.5983,32.9749],[130.5978,32.9747],[130.5975,32.9743],[130.5968,32.9735],[130.5964,32.9728],[130.5964,32.9727],[130.5963,32.9726],[130.5963,32.9725],[130.5962,32.9722],[130.596,32.9718],[130.5957,32.9709],[130.5956,32.9707],[130.5955,32.9702],[130.5954,32.9699],[130.5954,32.9696],[130.5953,32.9689],[130.5954,32.9684],[130.5954,32.968],[130.5954,32.9676],[130.5954,32.9673],[130.5955,32.967],[130.5954,32.9667],[130.5954,32.966],[130.5953,32.9657],[130.5953,32.9651],[130.5952,32.9646],[130.5951,32.9642],[130.595,32.9641],[130.5949,32.9639],[130.5944,32.9634],[130.5938,32.9629],[130.5935,32.9626],[130.593,32.9623],[130.5927,32.9621],[130.5925,32.962],[130.5923,32.9619],[130.5919,32.9617],[130.5917,32.9615],[130.5908,32.961],[130.5906,32.9609],[130.5906,32.9608],[130.5905,32.9607],[130.5906,32.9606],[130.5907,32.9605],[130.591,32.9603],[130.5912,32.9601],[130.5914,32.96],[130.5915,32.9598],[130.5917,32.9598],[130.5918,32.9598],[130.5919,32.9598],[130.5921,32.9597],[130.5923,32.9596],[130.5924,32.9596],[130.5924,32.9595],[130.5921,32.9591],[130.5918,32.9588],[130.5917,32.9585],[130.5916,32.9583],[130.5914,32.958],[130.5912,32.9579],[130.5911,32.9577],[130.5912,32.9577],[130.5913,32.9577],[130.5915,32.9576],[130.5917,32.9575],[130.5918,32.9574],[130.5927,32.9573],[130.5929,32.9574],[130.5932,32.9577],[130.5936,32.958],[130.5937,32.958],[130.5943,32.9583],[130.5944,32.9583],[130.5945,32.9584],[130.5946,32.9585],[130.5948,32.9587],[130.5949,32.9588],[130.5955,32.9589],[130.596,32.959],[130.5962,32.9591],[130.5964,32.9592],[130.5965,32.9593],[130.5968,32.9596],[130.5971,32.9596],[130.5973,32.9596],[130.5977,32.9596],[130.5982,32.9597],[130.5983,32.9597],[130.5986,32.9599],[130.5988,32.9601],[130.5993,32.9606],[130.5995,32.9605],[130.6,32.9603],[130.6001,32.9603],[130.6003,32.9602],[130.6008,32.9601],[130.601,32.9601],[130.6012,32.9601],[130.6014,32.96],[130.6017,32.9596],[130.6019,32.9595],[130.6022,32.9593],[130.603,32.959],[130.6035,32.9587],[130.6038,32.9588],[130.6042,32.959],[130.6046,32.9592],[130.6048,32.9592],[130.6051,32.9593],[130.6054,32.9594],[130.606,32.9596],[130.606,32.9597],[130.6062,32.9598],[130.6065,32.9599],[130.6066,32.9599],[130.6068,32.9598],[130.6069,32.9597],[130.607,32.9597],[130.6073,32.9595],[130.6073,32.9592],[130.6074,32.9591],[130.6075,32.9589],[130.6078,32.9587],[130.6082,32.9584],[130.6082,32.9583],[130.6083,32.9582],[130.6084,32.9581],[130.6085,32.958],[130.6089,32.9577],[130.6089,32.9576],[130.6086,32.9571],[130.6086,32.957],[130.6086,32.9569],[130.6089,32.9568],[130.6091,32.9567],[130.6093,32.9566],[130.6094,32.9565],[130.6095,32.9563],[130.6096,32.9562],[130.61,32.9559],[130.6105,32.9554],[130.6107,32.9553],[130.6108,32.9551],[130.6108,32.9547],[130.6107,32.9545],[130.6107,32.9543],[130.6106,32.9542],[130.6105,32.9541],[130.6104,32.9539],[130.6104,32.9536],[130.6103,32.9533],[130.6102,32.9532],[130.6099,32.953],[130.6096,32.9529],[130.6093,32.9529],[130.6092,32.9529],[130.6089,32.9529],[130.6086,32.9528],[130.6085,32.9526],[130.6085,32.9525],[130.6084,32.9522],[130.6083,32.9522],[130.6079,32.9522],[130.6077,32.9522],[130.6076,32.9522],[130.6075,32.9521],[130.6074,32.9519],[130.6074,32.9517],[130.6076,32.9517],[130.6078,32.9516],[130.6079,32.9514],[130.608,32.9509],[130.6083,32.9501],[130.6084,32.95],[130.6087,32.9491],[130.6088,32.9488],[130.609,32.9483],[130.6091,32.9482],[130.6096,32.9479],[130.6102,32.9476],[130.6108,32.9472],[130.611,32.9472],[130.6111,32.9474],[130.611,32.9475],[130.611,32.9477],[130.6109,32.9479],[130.611,32.9479],[130.6111,32.9478],[130.6112,32.9476],[130.6112,32.9475],[130.6112,32.9474],[130.6112,32.9473],[130.6113,32.9472],[130.6115,32.9469],[130.6115,32.9468],[130.6116,32.9466],[130.6117,32.9464],[130.6119,32.9463],[130.6124,32.9462],[130.6126,32.9462],[130.6129,32.9462],[130.613,32.9463],[130.6131,32.9464],[130.6132,32.9465],[130.6132,32.9466],[130.6132,32.9468],[130.6131,32.947],[130.6131,32.9471],[130.613,32.9473],[130.613,32.9475],[130.6133,32.9476],[130.6135,32.9476],[130.6138,32.9477],[130.6144,32.9478],[130.6146,32.9479],[130.6147,32.948],[130.6149,32.9482],[130.615,32.9485],[130.6152,32.9488],[130.6153,32.9492],[130.6154,32.9494],[130.6157,32.9495],[130.616,32.9495],[130.6166,32.9495],[130.6167,32.9495],[130.6168,32.9495],[130.617,32.9495],[130.6172,32.9494],[130.6174,32.9494],[130.6175,32.9492],[130.6176,32.9491],[130.6178,32.9491],[130.618,32.9491],[130.6181,32.9491],[130.6185,32.9491],[130.6187,32.9492],[130.6188,32.9492],[130.6189,32.9492],[130.6193,32.9493],[130.6196,32.9494],[130.6198,32.9493],[130.62,32.9492],[130.62,32.949],[130.62,32.9488],[130.6196,32.9485],[130.6194,32.9482],[130.6193,32.948],[130.6191,32.9478],[130.6189,32.9476],[130.6188,32.9472],[130.6188,32.947],[130.6188,32.9465],[130.6189,32.9463],[130.6189,32.9461],[130.6191,32.946],[130.6195,32.9454],[130.6198,32.9452],[130.6202,32.9449],[130.6205,32.9447],[130.6211,32.9445],[130.6215,32.9442],[130.6217,32.9441],[130.6222,32.9438],[130.6225,32.9436],[130.6227,32.9435],[130.6228,32.9435],[130.623,32.9434],[130.6233,32.9432],[130.6236,32.9428],[130.6239,32.9421],[130.6243,32.9419],[130.625,32.9417],[130.6253,32.9415],[130.6264,32.9413],[130.6288,32.9434],[130.6294,32.9447],[130.6293,32.9455],[130.6303,32.9468],[130.6297,32.9485],[130.6305,32.9498],[130.6296,32.9521],[130.6302,32.9543],[130.6323,32.9578],[130.632,32.9607],[130.6334,32.9615],[130.6329,32.9628],[130.6336,32.9642],[130.6361,32.9661],[130.6395,32.9656],[130.6408,32.9646],[130.6424,32.9648],[130.6444,32.9644],[130.6444,32.9638],[130.6467,32.9639],[130.6482,32.9632],[130.6508,32.9627],[130.6528,32.9628],[130.6519,32.9642],[130.6529,32.9689],[130.6546,32.9719],[130.6531,32.9739],[130.6507,32.9753],[130.6474,32.976],[130.6451,32.9759],[130.6431,32.9762],[130.6413,32.9781],[130.6414,32.9795],[130.6408,32.9816],[130.6411,32.983],[130.6425,32.983],[130.643,32.9822],[130.6426,32.9802],[130.6445,32.9813],[130.6465,32.9833],[130.6471,32.986],[130.6479,32.9873],[130.6479,32.9889],[130.647,32.9891],[130.6445,32.9915],[130.6419,32.993],[130.6416,32.9944],[130.6436,32.9967],[130.646,32.9981],[130.6459,32.9999],[130.6464,33.0021],[130.6475,33.0036],[130.6467,33.0061],[130.645,33.0066],[130.642,33.0065],[130.6403,33.0071],[130.6377,33.0088],[130.6374,33.0094],[130.6386,33.0121],[130.6383,33.0139],[130.6343,33.0169],[130.6321,33.0196],[130.636,33.023],[130.6372,33.0226],[130.6385,33.0238],[130.6437,33.0252],[130.6469,33.0258],[130.6484,33.0264],[130.6485,33.0295],[130.649,33.0306],[130.6508,33.0322],[130.6513,33.0353],[130.6517,33.0358],[130.6506,33.0382],[130.651,33.0401],[130.6528,33.041],[130.6525,33.0431],[130.653,33.044],[130.6528,33.0455],[130.6531,33.0482],[130.6517,33.0495],[130.6507,33.0494],[130.6495,33.0523],[130.6458,33.0525],[130.6434,33.052],[130.6353,33.0537],[130.6353,33.0552],[130.6344,33.0564],[130.6362,33.0591],[130.6365,33.0609],[130.6355,33.063],[130.6345,33.0642],[130.6344,33.0654],[130.6328,33.0668],[130.6318,33.0691],[130.6327,33.0699],[130.6323,33.072],[130.6325,33.0735],[130.6349,33.0736],[130.636,33.074],[130.6362,33.0756],[130.6376,33.0774],[130.6391,33.0782],[130.6395,33.08],[130.642,33.0811],[130.6434,33.0822],[130.6467,33.0832],[130.6478,33.0838],[130.6507,33.0836],[130.6519,33.0847],[130.6525,33.0869],[130.6554,33.0892],[130.6561,33.0909],[130.6563,33.0931],[130.6585,33.0951],[130.6574,33.0966],[130.6559,33.0966],[130.6541,33.0988],[130.6538,33.1004],[130.6521,33.102],[130.6512,33.1032],[130.6521,33.1052],[130.6539,33.1062],[130.6557,33.1086],[130.654,33.1098],[130.6507,33.1104],[130.649,33.1084],[130.6463,33.1084],[130.6467,33.1102],[130.6454,33.1111],[130.6456,33.1122],[130.6412,33.1122],[130.6401,33.1134],[130.6377,33.1128],[130.6373,33.1116],[130.6359,33.1116],[130.6338,33.1132],[130.632,33.1134],[130.631,33.113],[130.6296,33.1112],[130.6283,33.112],[130.6256,33.1116],[130.6243,33.1111],[130.6213,33.1113],[130.6188,33.111],[130.6186,33.1102],[130.6156,33.1086],[130.6131,33.1086],[130.6125,33.1091],[130.6094,33.1095],[130.607,33.1104],[130.6053,33.1122],[130.6043,33.1126],[130.6027,33.1141],[130.601,33.1148],[130.5967,33.1142],[130.5947,33.1132],[130.5935,33.1138],[130.5898,33.1139],[130.5889,33.1152],[130.5854,33.116],[130.5849,33.1153],[130.5826,33.1148],[130.5802,33.116],[130.5783,33.1149],[130.5769,33.115],[130.5765,33.1139],[130.5732,33.1117],[130.5732,33.111],[130.571,33.1089],[130.5708,33.1067],[130.5674,33.1057],[130.5661,33.1061],[130.5652,33.1053],[130.5632,33.1049],[130.5618,33.1042],[130.5624,33.1023],[130.5612,33.0982],[130.5612,33.0959],[130.5621,33.0954],[130.5629,33.0937],[130.5638,33.0934],[130.5654,33.0916],[130.5648,33.0901],[130.5658,33.0882],[130.5657,33.0873],[130.5678,33.0848],[130.57,33.0841],[130.5722,33.0839],[130.5732,33.0805],[130.5753,33.0789],[130.5755,33.0764],[130.5762,33.0753],[130.5763,33.0732],[130.5753,33.0726],[130.5751,33.0701],[130.5737,33.0692],[130.5735,33.0676],[130.577,33.0645],[130.5782,33.0651],[130.5791,33.0645],[130.5794,33.0628],[130.5787,33.0615],[130.58,33.0605],[130.5806,33.0591],[130.582,33.0583],[130.5818,33.0571],[130.5825,33.0561],[130.5818,33.0537],[130.5837,33.0521],[130.5837,33.051],[130.5852,33.051],[130.587,33.0518],[130.5888,33.0518],[130.591,33.0524],[130.5912,33.0506],[130.5919,33.0491],[130.5937,33.0478],[130.5943,33.0458],[130.594,33.0429],[130.5954,33.0424],[130.5965,33.041],[130.5972,33.0391],[130.597,33.038],[130.5984,33.0373],[130.5973,33.0357],[130.5979,33.0343],[130.5998,33.0338],[130.6009,33.0316],[130.6017,33.0309],[130.602,33.028],[130.601,33.0277],[130.5988,33.0279],[130.5988,33.0266],[130.5971,33.0236],[130.597,33.0209],[130.5961,33.0202],[130.596,33.0186],[130.5952,33.0179],[130.5945,33.0162],[130.5927,33.0168],[130.5906,33.0181],[130.5886,33.0177],[130.5853,33.016],[130.5856,33.0149],[130.587,33.0139],[130.5864,33.0124],[130.587,33.006],[130.5862,33.0048],[130.5845,33.0045],[130.5841,33.0027],[130.5852,33.0022],[130.5855,33.0009],[130.5849,33],[130.5862,32.9987],[130.5875,32.9992],[130.5889,32.9987],[130.5889,32.9973],[130.5878,32.9963],[130.5859,32.9952],[130.583,32.9942],[130.5831,32.9921],[130.5802,32.991]]]},"properties":{"N03_001":"熊本県","N03_002":"","N03_003":"玉名郡","N03_004":"和水町","N03_007":"43369"}},
{"type":"Feature","geometry":{"type":"Polygon","coordinates":[[[130.875,32.8368],[130.8818,32.8377],[130.8828,32.8405],[130.8851,32.8411],[130.8885,32.8429],[130.8863,32.8448],[130.8898,32.8462],[130.8933,32.8483],[130.8941,32.8457],[130.8952,32.8461],[130.8964,32.8455],[130.8968,32.8441],[130.8985,32.8437],[130.901,32.8451],[130.9004,32.8476],[130.9009,32.8485],[130.9001,32.8508],[130.8991,32.8514],[130.8994,32.8529],[130.8983,32.8542],[130.8977,32.857],[130.8968,32.8578],[130.8978,32.8597],[130.9002,32.8581],[130.9024,32.8575],[130.9058,32.8584],[130.9084,32.8587],[130.911,32.8584],[130.9154,32.8601],[130.9178,32.8604],[130.9183,32.8609],[130.9217,32.8615],[130.924,32.861],[130.9265,32.8596],[130.9262,32.8612],[130.9271,32.8626],[130.9288,32.8621],[130.9318,32.8622],[130.9344,32.8627],[130.9377,32.8637],[130.9397,32.8646],[130.9426,32.865],[130.9437,32.8662],[130.9456,32.8669],[130.9511,32.8665],[130.9522,32.8672],[130.9557,32.8669],[130.9611,32.8671],[130.9619,32.8675],[130.9651,32.8669],[130.9668,32.8662],[130.9686,32.8646],[130.9698,32.8641],[130.9717,32.864],[130.9741,32.8626],[130.9781,32.8625],[130.9789,32.8627],[130.9831,32.8662],[130.9848,32.8678],[130.9853,32.8689],[130.9875,32.8719],[130.9885,32.8748],[130.987,32.875],[130.9846,32.8743],[130.9806,32.8723],[130.978,32.8721],[130.9756,32.874],[130.9725,32.8755],[130.9713,32.8756],[130.9697,32.8744],[130.9667,32.8744],[130.9641,32.8749],[130.9607,32.874],[130.9588,32.8731],[130.9574,32.873],[130.9534,32.8738],[130.9501,32.8755],[130.9487,32.8758],[130.9488,32.8775],[130.9668,32.9033],[130.9573,32.9138],[130.9602,32.9165],[130.9615,32.9169],[130.9619,32.9184],[130.963,32.9193],[130.9624,32.9204],[130.9633,32.9212],[130.9642,32.9235],[130.9664,32.9243],[130.9651,32.9265],[130.9649,32.928],[130.9637,32.9294],[130.9634,32.931],[130.9616,32.9331],[130.9616,32.9344],[130.9599,32.9351],[130.959,32.9372],[130.959,32.9385],[130.9576,32.9397],[130.9582,32.9417],[130.9608,32.9445],[130.9639,32.9447],[130.9646,32.9468],[130.9611,32.948],[130.9589,32.9491],[130.9592,32.9521],[130.9589,32.9526],[130.9562,32.9537],[130.9529,32.9505],[130.9515,32.9494],[130.95,32.9498],[130.9484,32.9491],[130.9451,32.95],[130.9432,32.9493],[130.942,32.9498],[130.9381,32.9497],[130.9381,32.949],[130.9368,32.9473],[130.9368,32.945],[130.9349,32.9433],[130.9326,32.9426],[130.9297,32.9405],[130.9287,32.9373],[130.9273,32.9367],[130.9245,32.9345],[130.9201,32.9356],[130.9186,32.9352],[130.9165,32.9355],[130.914,32.9347],[130.9111,32.9356],[130.9091,32.9356],[130.9061,32.9338],[130.9046,32.9333],[130.9014,32.9334],[130.8981,32.9328],[130.8953,32.9317],[130.8911,32.9308],[130.8898,32.9307],[130.8881,32.9299],[130.8838,32.9299],[130.8825,32.9302],[130.8807,32.9297],[130.8799,32.9302],[130.8757,32.93],[130.8746,32.9306],[130.8708,32.9313],[130.8694,32.9307],[130.867,32.9304],[130.8629,32.931],[130.8614,32.9275],[130.8617,32.9259],[130.8642,32.9259],[130.8645,32.9249],[130.8666,32.9223],[130.8692,32.9207],[130.8698,32.9195],[130.8691,32.9185],[130.8713,32.9178],[130.8723,32.917],[130.8715,32.9141],[130.8699,32.9146],[130.8699,32.9158],[130.8662,32.9174],[130.8654,32.9194],[130.8583,32.9206],[130.8584,32.9214],[130.8515,32.9225],[130.8488,32.9224],[130.849,32.9235],[130.846,32.9241],[130.8454,32.9238],[130.8427,32.9249],[130.8402,32.9263],[130.8404,32.9244],[130.8393,32.922],[130.8385,32.9219],[130.8369,32.9195],[130.837,32.9184],[130.8389,32.9165],[130.8394,32.9152],[130.838,32.91],[130.8379,32.9084],[130.8351,32.9069],[130.8347,32.905],[130.8332,32.9039],[130.8325,32.9017],[130.8317,32.9016],[130.8324,32.8995],[130.8367,32.8969],[130.8401,32.8946],[130.8471,32.8933],[130.8483,32.8926],[130.8489,32.8912],[130.8517,32.8879],[130.8517,32.8861],[130.854,32.8847],[130.853,32.8818],[130.8528,32.8793],[130.8533,32.8781],[130.8528,32.8755],[130.8529,32.8743],[130.852,32.8731],[130.8522,32.8712],[130.8497,32.8702],[130.8497,32.8656],[130.8509,32.8645],[130.8532,32.8645],[130.8532,32.858],[130.8541,32.8579],[130.8542,32.8559],[130.8552,32.853],[130.8571,32.8545],[130.8602,32.854],[130.8622,32.8544],[130.8645,32.8539],[130.8633,32.8517],[130.864,32.8496],[130.8637,32.8447],[130.8663,32.8443],[130.8704,32.8432],[130.8721,32.8432],[130.8737,32.8426],[130.8743,32.8417],[130.8744,32.8401],[130.8746,32.8373],[130.875,32.8368]]]},"properties":{"N03_001":"熊本県","N03_002":"","N03_003":"菊池郡","N03_004":"大津町","N03_007":"43403"}},
{"type":"Feature","geometry":{"type":"Polygon","coordinates":[[[130.8278,32.8254],[130.8296,32.8257],[130.8313,32.8235],[130.8337,32.822],[130.8361,32.8243],[130.8364,32.8255],[130.8376,32.8266],[130.8416,32.8287],[130.8439,32.8309],[130.8464,32.8319],[130.8514,32.8319],[130.8514,32.8338],[130.855,32.8346],[130.8602,32.8354],[130.8644,32.8353],[130.8677,32.8373],[130.8694,32.8378],[130.872,32.839],[130.873,32.8398],[130.8744,32.8401],[130.8743,32.8417],[130.8737,32.8426],[130.8721,32.8432],[130.8704,32.8432],[130.8663,32.8443],[130.8637,32.8447],[130.864,32.8496],[130.8633,32.8517],[130.8645,32.8539],[130.8622,32.8544],[130.8602,32.854],[130.8571,32.8545],[130.8552,32.853],[130.8542,32.8559],[130.8541,32.8579],[130.8532,32.858],[130.8532,32.8645],[130.8509,32.8645],[130.8497,32.8656],[130.8497,32.8702],[130.8522,32.8712],[130.852,32.8731],[130.8529,32.8743],[130.8528,32.8755],[130.8533,32.8781],[130.8528,32.8793],[130.853,32.8818],[130.854,32.8847],[130.8517,32.8861],[130.8517,32.8879],[130.8489,32.8912],[130.8483,32.8926],[130.8471,32.8933],[130.8465,32.8925],[130.841,32.8933],[130.8385,32.8944],[130.8378,32.895],[130.8341,32.8968],[130.8328,32.8964],[130.8339,32.8944],[130.8359,32.892],[130.8333,32.8909],[130.8323,32.8895],[130.8294,32.8879],[130.8259,32.8866],[130.8251,32.8852],[130.8249,32.8836],[130.8216,32.8829],[130.8176,32.8808],[130.8146,32.8817],[130.8127,32.8795],[130.8072,32.8796],[130.8056,32.879],[130.8031,32.8792],[130.8012,32.879],[130.7979,32.8792],[130.7937,32.8788],[130.7926,32.8783],[130.7894,32.8791],[130.7889,32.8772],[130.7922,32.8769],[130.7935,32.8778],[130.7959,32.8778],[130.7985,32.8783],[130.8033,32.8781],[130.8034,32.8767],[130.7959,32.8753],[130.7942,32.8746],[130.7919,32.8757],[130.7884,32.8756],[130.7861,32.8735],[130.7877,32.8706],[130.7807,32.8683],[130.7818,32.8657],[130.7783,32.8644],[130.7745,32.8643],[130.7748,32.8619],[130.7685,32.8606],[130.766,32.8656],[130.7627,32.8639],[130.7609,32.8632],[130.7602,32.8645],[130.7572,32.8683],[130.7558,32.8708],[130.7549,32.8693],[130.7553,32.8672],[130.7562,32.8653],[130.7563,32.8642],[130.7527,32.8619],[130.7493,32.8594],[130.7486,32.8578],[130.751,32.8567],[130.7522,32.8554],[130.7549,32.8563],[130.7601,32.8573],[130.7592,32.8552],[130.7559,32.8532],[130.7572,32.8525],[130.7593,32.8523],[130.7597,32.8529],[130.7621,32.8536],[130.7618,32.8543],[130.765,32.8543],[130.7656,32.8554],[130.7682,32.8561],[130.768,32.8569],[130.7732,32.8573],[130.7763,32.8579],[130.7773,32.8575],[130.7792,32.8577],[130.7797,32.8564],[130.7838,32.8571],[130.7874,32.8583],[130.7884,32.8566],[130.7894,32.8535],[130.7905,32.8533],[130.7918,32.8545],[130.7936,32.8544],[130.7959,32.8514],[130.7976,32.8514],[130.7976,32.8523],[130.8048,32.8522],[130.805,32.8492],[130.8055,32.8481],[130.8048,32.8467],[130.8058,32.8462],[130.8066,32.8444],[130.8065,32.8432],[130.8048,32.8427],[130.805,32.841],[130.8057,32.8394],[130.8069,32.8387],[130.8077,32.8374],[130.8118,32.8382],[130.8128,32.8379],[130.8156,32.8382],[130.8179,32.8389],[130.8194,32.8383],[130.8207,32.8385],[130.8219,32.8365],[130.8233,32.8364],[130.8236,32.8354],[130.8281,32.8312],[130.8276,32.829],[130.8278,32.8254]]]},"properties":{"N03_001":"熊本県","N03_002":"","N03_003":"菊池郡","N03_004":"菊陽町","N03_007":"43404"}},
{"type":"Feature","geometry":{"type":"Polygon","coordinates":[[[130.9982,33.0283],[131.0013,33.0254],[131.0074,33.0193],[131.0204,33.022],[131.0328,33.0244],[131.0399,33.0258],[131.0592,33.0294],[131.0625,33.03],[131.0642,33.032],[131.0667,33.0367],[131.0669,33.0385],[131.0687,33.0396],[131.073,33.0397],[131.0745,33.0395],[131.0773,33.04],[131.0787,33.0407],[131.0833,33.0411],[131.0879,33.0428],[131.089,33.0427],[131.0897,33.0417],[131.0905,33.0391],[131.0934,33.0336],[131.0934,33.0324],[131.0943,33.0315],[131.1077,33.036],[131.1128,33.0381],[131.1133,33.0384],[131.1136,33.0406],[131.1148,33.0409],[131.116,33.0396],[131.1181,33.0393],[131.1216,33.04],[131.1255,33.043],[131.1258,33.0444],[131.1273,33.0457],[131.128,33.0441],[131.1293,33.0448],[131.1307,33.0436],[131.1337,33.0437],[131.1357,33.0429],[131.1383,33.0424],[131.1398,33.0416],[131.1428,33.0411],[131.144,33.0422],[131.1481,33.0411],[131.1513,33.042],[131.1537,33.0418],[131.1558,33.0421],[131.1585,33.0412],[131.1608,33.0414],[131.1623,33.0404],[131.1634,33.0387],[131.1653,33.0392],[131.1671,33.0423],[131.1668,33.0447],[131.1684,33.0482],[131.1708,33.0516],[131.1719,33.0525],[131.1732,33.0528],[131.1746,33.0549],[131.1771,33.0567],[131.1777,33.0578],[131.1798,33.0591],[131.1814,33.0593],[131.1818,33.0609],[131.1835,33.0623],[131.1863,33.0641],[131.1892,33.0653],[131.1903,33.0662],[131.1943,33.0684],[131.1966,33.0711],[131.1986,33.0734],[131.1933,33.0775],[131.1912,33.0754],[131.1897,33.0752],[131.1899,33.0736],[131.1877,33.0745],[131.186,33.0738],[131.1849,33.0746],[131.1842,33.0764],[131.1809,33.0782],[131.1782,33.0792],[131.1764,33.0809],[131.1745,33.0831],[131.1735,33.0859],[131.1734,33.0869],[131.1723,33.0897],[131.1731,33.0907],[131.1728,33.0915],[131.1736,33.093],[131.1737,33.0943],[131.1748,33.0968],[131.1742,33.0984],[131.1726,33.1],[131.1732,33.1046],[131.1694,33.1046],[131.1648,33.103],[131.1637,33.1034],[131.1577,33.1045],[131.1554,33.1045],[131.1533,33.1051],[131.1518,33.1063],[131.1494,33.1067],[131.1471,33.1065],[131.1418,33.1042],[131.1417,33.1027],[131.1407,33.101],[131.1391,33.0993],[131.1391,33.0971],[131.1371,33.0971],[131.1345,33.0977],[131.1332,33.0989],[131.131,33.0996],[131.1271,33.0999],[131.1264,33.0993],[131.1241,33.0987],[131.1226,33.0969],[131.1201,33.0966],[131.1159,33.0982],[131.1105,33.0973],[131.1085,33.0976],[131.1058,33.0968],[131.1049,33.0969],[131.1036,33.0981],[131.1009,33.0981],[131.098,33.0997],[131.0963,33.1002],[131.0956,33.0997],[131.092,33.1003],[131.0911,33.0977],[131.0882,33.0972],[131.0865,33.0962],[131.0861,33.0984],[131.0866,33.0998],[131.0856,33.1003],[131.0848,33.1016],[131.0831,33.1027],[131.0815,33.1046],[131.0801,33.1083],[131.0807,33.1092],[131.0802,33.1115],[131.0774,33.1127],[131.0767,33.1145],[131.0731,33.1154],[131.0712,33.1162],[131.0691,33.1117],[131.0667,33.1106],[131.0652,33.1096],[131.065,33.1072],[131.0654,33.1059],[131.0644,33.1057],[131.0628,33.1064],[131.0613,33.1054],[131.061,33.1046],[131.0596,33.1039],[131.0579,33.1016],[131.0579,33.1036],[131.0574,33.1047],[131.0561,33.105],[131.0554,33.1066],[131.0541,33.1078],[131.054,33.1096],[131.0558,33.1132],[131.0549,33.1144],[131.0517,33.1142],[131.0478,33.1111],[131.0452,33.1112],[131.0448,33.1102],[131.043,33.1093],[131.0393,33.1083],[131.0361,33.1078],[131.0356,33.1062],[131.0359,33.1038],[131.0352,33.1022],[131.0357,33.1007],[131.0368,33.1002],[131.0378,33.0978],[131.0365,33.0975],[131.034,33.0982],[131.0323,33.0981],[131.0326,33.097],[131.0312,33.0961],[131.0289,33.0955],[131.028,33.0964],[131.0246,33.0954],[131.0234,33.0965],[131.0195,33.0965],[131.0191,33.0949],[131.0183,33.0941],[131.0193,33.0917],[131.0224,33.0912],[131.024,33.0885],[131.0241,33.0875],[131.0226,33.0859],[131.0208,33.0851],[131.0202,33.0827],[131.0191,33.082],[131.019,33.0808],[131.0162,33.0807],[131.0145,33.0797],[131.0137,33.0772],[131.0124,33.0763],[131.0125,33.0753],[131.0117,33.0741],[131.0107,33.0699],[131.0131,33.069],[131.0143,33.0668],[131.0152,33.0663],[131.0177,33.0637],[131.0163,33.0612],[131.0143,33.059],[131.0152,33.0575],[131.0145,33.0552],[131.0126,33.0542],[131.0127,33.0525],[131.0151,33.0511],[131.014,33.0501],[131.0139,33.0487],[131.0145,33.0477],[131.0129,33.0462],[131.0129,33.0447],[131.0118,33.0431],[131.0096,33.0418],[131.0049,33.0398],[131.004,33.0373],[131.0023,33.036],[131.0036,33.0353],[131.0038,33.034],[131.0033,33.0328],[131.0017,33.0315],[130.9996,33.0309],[130.9995,33.0297],[130.9982,33.0283]]]},"properties":{"N03_001":"熊本県","N03_002":"","N03_003":"阿蘇郡","N03_004":"南小国町","N03_007":"43423"}},
{"type":"Feature","geometry":{"type":"Polygon","coordinates":[[[131.1732,33.1046],[131.1718,33.107],[131.169,33.1075],[131.167,33.1091],[131.1663,33.1111],[131.1675,33.1123],[131.167,33.1138],[131.1653,33.1154],[131.1636,33.1165],[131.1639,33.1191],[131.1659,33.1196],[131.1669,33.1287],[131.1654,33.1325],[131.1654,33.1333],[131.1631,33.1369],[131.1631,33.138],[131.1612,33.1408],[131.1577,33.1418],[131.1557,33.1433],[131.1549,33.1444],[131.1516,33.1473],[131.1495,33.1482],[131.148,33.1498],[131.1453,33.1507],[131.1489,33.152],[131.1478,33.155],[131.1442,33.157],[131.1406,33.1579],[131.1379,33.1595],[131.1356,33.1602],[131.1339,33.1601],[131.1338,33.1615],[131.1328,33.1645],[131.1309,33.1661],[131.1294,33.1667],[131.125,33.1667],[131.125,33.1674],[131.1212,33.1677],[131.1184,33.1703],[131.1183,33.1722],[131.1166,33.175],[131.1172,33.1767],[131.1155,33.1803],[131.1112,33.1833],[131.1082,33.1843],[131.1056,33.1864],[131.1033,33.1872],[131.0995,33.1879],[131.098,33.1864],[131.0954,33.1852],[131.0936,33.1855],[131.0873,33.1873],[131.0853,33.1873],[131.0826,33.1881],[131.082,33.1888],[131.0772,33.1896],[131.0724,33.1906],[131.0675,33.1914],[131.0649,33.193],[131.0625,33.1935],[131.0603,33.1951],[131.0593,33.1951],[131.057,33.1939],[131.053,33.1947],[131.0486,33.1941],[131.0453,33.1946],[131.044,33.1943],[131.0422,33.1946],[131.0388,33.1941],[131.0377,33.1928],[131.0373,33.1905],[131.0359,33.1883],[131.0344,33.1873],[131.0332,33.187],[131.0309,33.1854],[131.0299,33.1867],[131.0282,33.1864],[131.0272,33.1852],[131.0252,33.1842],[131.0196,33.1806],[131.0166,33.1779],[131.0138,33.1773],[131.0112,33.1786],[131.0097,33.1786],[131.0077,33.1777],[131.0057,33.1777],[131.0031,33.1806],[131.0016,33.1812],[130.998,33.1816],[130.9942,33.1838],[130.9932,33.1838],[130.9918,33.1822],[130.9922,33.1805],[130.9933,33.1785],[130.9929,33.1774],[130.9899,33.1769],[130.989,33.176],[130.9885,33.1724],[130.9857,33.1691],[130.9855,33.1684],[130.9864,33.1655],[130.9851,33.1637],[130.9851,33.1611],[130.9824,33.1584],[130.9819,33.1561],[130.9828,33.1547],[130.9839,33.1539],[130.9843,33.1523],[130.9831,33.15],[130.9816,33.1479],[130.9845,33.144],[130.9843,33.1423],[130.9829,33.1426],[130.9808,33.1439],[130.9785,33.1422],[130.9785,33.1406],[130.9792,33.1395],[130.9813,33.1386],[130.9826,33.1364],[130.984,33.1357],[130.9845,33.1346],[130.9895,33.1319],[130.9916,33.1298],[130.9943,33.1295],[130.9947,33.1287],[130.9939,33.1278],[130.9938,33.1253],[130.9931,33.1252],[130.9926,33.1232],[130.9935,33.1218],[130.9934,33.1205],[130.994,33.1194],[130.9971,33.1175],[131.0003,33.1163],[131.0019,33.1143],[131.0021,33.1129],[131.0046,33.1102],[131.0073,33.1089],[131.009,33.1086],[131.0112,33.1053],[131.0127,33.1024],[131.0132,33.0995],[131.0144,33.0989],[131.0154,33.0995],[131.0162,33.0984],[131.0183,33.0941],[131.0191,33.0949],[131.0195,33.0965],[131.0234,33.0965],[131.0246,33.0954],[131.028,33.0964],[131.0289,33.0955],[131.0312,33.0961],[131.0326,33.097],[131.0323,33.0981],[131.034,33.0982],[131.0365,33.0975],[131.0378,33.0978],[131.0368,33.1002],[131.0357,33.1007],[131.0352,33.1022],[131.0359,33.1038],[131.0356,33.1062],[131.0361,33.1078],[131.0393,33.1083],[131.043,33.1093],[131.0448,33.1102],[131.0452,33.1112],[131.0478,33.1111],[131.0517,33.1142],[131.0549,33.1144],[131.0558,33.1132],[131.054,33.1096],[131.0541,33.1078],[131.0554,33.1066],[131.0561,33.105],[131.0574,33.1047],[131.0579,33.1036],[131.0579,33.1016],[131.0596,33.1039],[131.061,33.1046],[131.0613,33.1054],[131.0628,33.1064],[131.0644,33.1057],[131.0654,33.1059],[131.065,33.1072],[131.0652,33.1096],[131.0667,33.1106],[131.0691,33.1117],[131.0712,33.1162],[131.0731,33.1154],[131.0767,33.1145],[131.0774,33.1127],[131.0802,33.1115],[131.0807,33.1092],[131.0801,33.1083],[131.0815,33.1046],[131.0831,33.1027],[131.0848,33.1016],[131.0856,33.1003],[131.0866,33.0998],[131.0861,33.0984],[131.0865,33.0962],[131.0882,33.0972],[131.0911,33.0977],[131.092,33.1003],[131.0956,33.0997],[131.0963,33.1002],[131.098,33.0997],[131.1009,33.0981],[131.1036,33.0981],[131.1049,33.0969],[131.1058,33.0968],[131.1085,33.0976],[131.1105,33.0973],[131.1159,33.0982],[131.1201,33.0966],[131.1226,33.0969],[131.1241,33.0987],[131.1264,33.0993],[131.1271,33.0999],[131.131,33.0996],[131.1332,33.0989],[131.1345,33.0977],[131.1371,33.0971],[131.1391,33.0971],[131.1391,33.0993],[131.1407,33.101],[131.1417,33.1027],[131.1418,33.1042],[131.1471,33.1065],[131.1494,33.1067],[131.1518,33.1063],[131.1533,33.1051],[131.1554,33.1045],[131.1577,33.1045],[131.1637,33.1034],[131.1648,33.103],[131.1694,33.1046],[131.1732,33.1046]]]},"properties":{"N03_001":"熊本県","N03_002":"","N03_003":"阿蘇郡","N03_004":"小国町","N03_007":"43424"}},
{"type":"Feature","geometry":{"type":"Polygon","coordinates":[[[131.2463,32.9608],[131.2474,32.9633],[131.2493,32.964],[131.2508,32.963],[131.256,32.9634],[131.2571,32.9648],[131.2577,32.9665],[131.2586,32.9668],[131.2594,32.9685],[131.2609,32.9695],[131.262,32.9725],[131.2635,32.9747],[131.2637,32.976],[131.2632,32.9772],[131.2614,32.9783],[131.2581,32.9784],[131.2573,32.9788],[131.2567,32.9804],[131.2557,32.981],[131.2528,32.9818],[131.2515,32.9817],[131.2487,32.9825],[131.2472,32.9824],[131.2461,32.9859],[131.2462,32.9886],[131.2472,32.9898],[131.2479,32.9914],[131.2475,32.9925],[131.2477,32.9952],[131.2462,32.9972],[131.2425,33.0002],[131.2405,33.0004],[131.2397,33.0019],[131.2386,33.0027],[131.2381,33.004],[131.2366,33.0052],[131.2367,33.0063],[131.2353,33.0085],[131.2345,33.0091],[131.2331,33.009],[131.2319,33.0101],[131.2281,33.0104],[131.2284,33.0118],[131.226,33.0134],[131.226,33.0148],[131.2236,33.0172],[131.2242,33.0186],[131.2265,33.0191],[131.2253,33.0209],[131.2259,33.0215],[131.2256,33.0237],[131.2247,33.0249],[131.2235,33.0279],[131.2212,33.0299],[131.2209,33.0334],[131.2193,33.0373],[131.2197,33.0392],[131.2188,33.0403],[131.2176,33.0434],[131.2182,33.045],[131.2171,33.0463],[131.2172,33.0481],[131.216,33.0511],[131.2167,33.0535],[131.2132,33.0569],[131.2098,33.0578],[131.2057,33.0619],[131.2046,33.0624],[131.2028,33.0648],[131.1966,33.0711],[131.1943,33.0684],[131.1903,33.0662],[131.1892,33.0653],[131.1863,33.0641],[131.1835,33.0623],[131.1818,33.0609],[131.1814,33.0593],[131.1798,33.0591],[131.1777,33.0578],[131.1771,33.0567],[131.1746,33.0549],[131.1732,33.0528],[131.1719,33.0525],[131.1708,33.0516],[131.1684,33.0482],[131.1668,33.0447],[131.1671,33.0423],[131.1653,33.0392],[131.1654,33.0366],[131.1648,33.0351],[131.1648,33.0325],[131.1631,33.0311],[131.1626,33.0279],[131.1619,33.0266],[131.1575,33.0246],[131.1518,33.0236],[131.1512,33.0226],[131.1525,33.0191],[131.1536,33.017],[131.1535,33.0157],[131.154,33.0142],[131.1539,33.0126],[131.1549,33.0111],[131.1573,33.0112],[131.1612,33.0127],[131.1639,33.0122],[131.165,33.0126],[131.1672,33.0115],[131.1679,33.0097],[131.169,33.0096],[131.1703,33.0081],[131.1713,33.0079],[131.1711,33.0065],[131.1729,33.0055],[131.1744,33.006],[131.1759,33.0054],[131.1777,33.0039],[131.1792,33.004],[131.181,33.0031],[131.1816,33.0018],[131.1815,33.0005],[131.1833,33.0008],[131.1846,33.0002],[131.1855,32.9991],[131.1844,32.9985],[131.1843,32.9972],[131.1818,32.9954],[131.1808,32.9942],[131.1812,32.9933],[131.1841,32.9918],[131.1855,32.9906],[131.185,32.9882],[131.186,32.985],[131.1854,32.9835],[131.1863,32.9787],[131.1885,32.9757],[131.1874,32.9744],[131.1868,32.9723],[131.1901,32.9721],[131.1932,32.9709],[131.197,32.972],[131.1982,32.9727],[131.2005,32.9721],[131.2025,32.9721],[131.2066,32.973],[131.2104,32.9731],[131.2139,32.9727],[131.2157,32.9719],[131.2166,32.9708],[131.2175,32.9674],[131.2187,32.9664],[131.2192,32.9645],[131.2193,32.9623],[131.2206,32.963],[131.2235,32.963],[131.2244,32.9635],[131.2279,32.9598],[131.2373,32.9621],[131.2411,32.9617],[131.2422,32.9612],[131.244,32.9612],[131.2463,32.9608]]]},"properties":{"N03_001":"熊本県","N03_002":"","N03_003":"阿蘇郡","N03_004":"産山村","N03_007":"43425"}},
{"type":"Feature","geometry":{"type":"Polygon","coordinates":[[[131.0976,32.8833],[131.0975,32.8816],[131.099,32.8786],[131.0992,32.8776],[131.0984,32.8767],[131.0965,32.876],[131.0945,32.8737],[131.0969,32.8707],[131.0979,32.8677],[131.0979,32.8658],[131.099,32.864],[131.1003,32.8626],[131.1031,32.8588],[131.1036,32.8572],[131.1048,32.8565],[131.1048,32.8545],[131.1062,32.8517],[131.1058,32.8495],[131.1073,32.8485],[131.1087,32.846],[131.1116,32.8429],[131.1124,32.8413],[131.1113,32.8385],[131.1103,32.8391],[131.1099,32.8407],[131.1078,32.8414],[131.1063,32.8414],[131.1052,32.8393],[131.1043,32.836],[131.1048,32.8348],[131.1062,32.835],[131.107,32.8324],[131.1108,32.8335],[131.111,32.8327],[131.1131,32.8331],[131.1144,32.8322],[131.1156,32.8305],[131.1158,32.829],[131.1143,32.8285],[131.1143,32.8272],[131.1138,32.8235],[131.1127,32.818],[131.1118,32.8126],[131.1111,32.8117],[131.1111,32.8094],[131.1117,32.8082],[131.1115,32.8071],[131.1125,32.8061],[131.1127,32.8045],[131.1138,32.8014],[131.1148,32.7998],[131.1158,32.7972],[131.1152,32.7956],[131.1176,32.7953],[131.1192,32.7957],[131.1208,32.7956],[131.1218,32.7944],[131.1235,32.7956],[131.1253,32.7955],[131.1272,32.7948],[131.1288,32.7961],[131.1299,32.7962],[131.1319,32.7973],[131.1333,32.7973],[131.1343,32.7988],[131.1362,32.7989],[131.1371,32.7997],[131.1366,32.8009],[131.1397,32.8028],[131.1402,32.8038],[131.1419,32.8049],[131.1421,32.8091],[131.1437,32.8107],[131.1429,32.8126],[131.1432,32.8156],[131.1442,32.8159],[131.1445,32.8178],[131.1461,32.8179],[131.1467,32.8188],[131.1487,32.8197],[131.1488,32.8208],[131.1503,32.8206],[131.1518,32.8199],[131.1557,32.8198],[131.1591,32.8192],[131.1609,32.8177],[131.1616,32.8162],[131.165,32.8149],[131.1681,32.8151],[131.1699,32.8144],[131.1709,32.8135],[131.1724,32.811],[131.1736,32.8097],[131.176,32.8079],[131.1769,32.8054],[131.1782,32.8046],[131.1799,32.8044],[131.1813,32.8048],[131.1819,32.8036],[131.1831,32.8042],[131.1847,32.8041],[131.1858,32.8031],[131.1888,32.8025],[131.1904,32.803],[131.1922,32.8028],[131.1959,32.8007],[131.1959,32.7983],[131.1978,32.7983],[131.1983,32.7975],[131.1973,32.7961],[131.1996,32.7957],[131.199,32.7941],[131.1994,32.793],[131.201,32.7924],[131.2013,32.7904],[131.2031,32.7895],[131.205,32.7873],[131.2036,32.7856],[131.2033,32.7842],[131.204,32.7829],[131.2039,32.7805],[131.2028,32.779],[131.2028,32.7775],[131.2005,32.7747],[131.2005,32.773],[131.2022,32.7711],[131.2023,32.7696],[131.2016,32.7684],[131.2023,32.7675],[131.2047,32.7674],[131.2058,32.7665],[131.2081,32.7659],[131.2098,32.7638],[131.2105,32.762],[131.2117,32.7617],[131.2122,32.76],[131.2129,32.7595],[131.2125,32.7581],[131.2149,32.7573],[131.2167,32.7561],[131.2191,32.757],[131.2208,32.7565],[131.222,32.7568],[131.2246,32.7553],[131.2262,32.756],[131.2303,32.7544],[131.2324,32.7548],[131.2342,32.7534],[131.2358,32.7554],[131.2367,32.7559],[131.2371,32.7584],[131.2397,32.7582],[131.2416,32.76],[131.2436,32.7631],[131.2446,32.7642],[131.2455,32.766],[131.2451,32.7677],[131.2455,32.7689],[131.2465,32.7694],[131.2449,32.7717],[131.2437,32.7717],[131.2404,32.774],[131.2389,32.7758],[131.2372,32.777],[131.2361,32.7791],[131.2349,32.7797],[131.2346,32.781],[131.2374,32.7845],[131.2421,32.7851],[131.2454,32.7866],[131.246,32.791],[131.2451,32.7917],[131.245,32.7941],[131.2468,32.7966],[131.2466,32.799],[131.2476,32.8008],[131.2491,32.8015],[131.2518,32.8014],[131.2531,32.8032],[131.2553,32.8047],[131.2548,32.8057],[131.2553,32.8084],[131.2549,32.8093],[131.2563,32.8125],[131.2572,32.8138],[131.255,32.8156],[131.2555,32.8165],[131.2578,32.8181],[131.2598,32.8183],[131.2623,32.8177],[131.2626,32.8185],[131.2651,32.8207],[131.2644,32.8218],[131.2649,32.8233],[131.2654,32.8265],[131.2686,32.826],[131.2706,32.825],[131.2717,32.825],[131.2726,32.8242],[131.2738,32.8257],[131.2747,32.8256],[131.2749,32.8279],[131.2761,32.8287],[131.2788,32.8294],[131.2811,32.8294],[131.2829,32.8304],[131.2861,32.8314],[131.2894,32.8303],[131.2904,32.8282],[131.2916,32.8278],[131.2967,32.8288],[131.2981,32.8286],[131.3015,32.8296],[131.3065,32.829],[131.3089,32.8282],[131.312,32.828],[131.3138,32.8285],[131.3174,32.8283],[131.3187,32.829],[131.3207,32.8293],[131.3229,32.8287],[131.3293,32.8326],[131.3276,32.8333],[131.3275,32.8367],[131.3255,32.8391],[131.3231,32.8407],[131.3226,32.8419],[131.3225,32.8442],[131.3215,32.8444],[131.3199,32.8464],[131.3153,32.8487],[131.3155,32.8494],[131.314,32.8511],[131.3125,32.8512],[131.3102,32.8528],[131.308,32.8531],[131.3046,32.853],[131.3038,32.8545],[131.3006,32.8556],[131.2988,32.8554],[131.2971,32.8559],[131.2964,32.8567],[131.2945,32.857],[131.2926,32.8591],[131.291,32.8598],[131.2887,32.862],[131.2872,32.864],[131.2868,32.8656],[131.2852,32.8662],[131.2831,32.8658],[131.2804,32.8683],[131.2795,32.87],[131.2765,32.8698],[131.2734,32.871],[131.2735,32.8739],[131.2716,32.8769],[131.2719,32.8789],[131.2734,32.8816],[131.2679,32.8804],[131.2671,32.8795],[131.2649,32.879],[131.2638,32.8794],[131.26,32.8838],[131.2583,32.8868],[131.2574,32.8874],[131.2554,32.8933],[131.2535,32.8965],[131.2532,32.898],[131.2544,32.9002],[131.2543,32.9032],[131.2545,32.9074],[131.2538,32.9087],[131.2493,32.9067],[131.2461,32.9058],[131.2446,32.9058],[131.242,32.9049],[131.2363,32.9035],[131.2356,32.9023],[131.2332,32.9026],[131.2304,32.9022],[131.2288,32.8992],[131.2279,32.899],[131.225,32.8966],[131.2228,32.896],[131.2177,32.8917],[131.2133,32.8896],[131.2105,32.8882],[131.2088,32.8868],[131.2084,32.8859],[131.2069,32.8847],[131.205,32.8839],[131.2006,32.8826],[131.1999,32.883],[131.1979,32.8822],[131.1966,32.8804],[131.1921,32.8794],[131.19,32.8787],[131.1879,32.8787],[131.1868,32.878],[131.1847,32.8781],[131.183,32.8761],[131.1811,32.8759],[131.1795,32.8749],[131.1776,32.8746],[131.1776,32.8779],[131.1768,32.8786],[131.1754,32.8784],[131.1729,32.8792],[131.1702,32.8811],[131.1707,32.8838],[131.1671,32.8855],[131.1663,32.8871],[131.1638,32.8877],[131.1617,32.8886],[131.1597,32.8882],[131.1573,32.8883],[131.1533,32.8869],[131.1519,32.8868],[131.1506,32.8851],[131.1461,32.8849],[131.1445,32.8835],[131.1426,32.8829],[131.142,32.8834],[131.14,32.8833],[131.139,32.8848],[131.137,32.8851],[131.134,32.885],[131.1307,32.8859],[131.1273,32.8857],[131.1261,32.8861],[131.1247,32.8858],[131.1209,32.886],[131.1186,32.8868],[131.1159,32.8871],[131.1126,32.8867],[131.1107,32.8858],[131.1082,32.8863],[131.1066,32.8863],[131.1041,32.8851],[131.1029,32.8829],[131.1018,32.8829],[131.0996,32.8837],[131.0976,32.8833]]]},"properties":{"N03_001":"熊本県","N03_002":"","N03_003":"阿蘇郡","N03_004":"高森町","N03_007":"43428"}},
{"type":"Feature","geometry":{"type":"Polygon","coordinates":[[[130.875,32.8368],[130.876,32.8328],[130.8779,32.8281],[130.8805,32.8202],[130.8803,32.8179],[130.879,32.818],[130.8763,32.8168],[130.8773,32.8157],[130.8763,32.8143],[130.8761,32.8114],[130.8739,32.8077],[130.8718,32.8069],[130.8713,32.8046],[130.8723,32.8034],[130.8721,32.7997],[130.8745,32.8006],[130.8764,32.7996],[130.8799,32.7986],[130.8808,32.7968],[130.8804,32.7944],[130.8821,32.7924],[130.8842,32.7924],[130.8857,32.7894],[130.8874,32.7881],[130.888,32.787],[130.89,32.7857],[130.8916,32.7842],[130.8922,32.7831],[130.8946,32.7832],[130.8966,32.7828],[130.8996,32.7839],[130.9011,32.7839],[130.9026,32.7847],[130.9048,32.785],[130.9065,32.7847],[130.9101,32.7853],[130.9122,32.7861],[130.9147,32.7857],[130.9162,32.7848],[130.9234,32.7836],[130.9262,32.7838],[130.9313,32.7798],[130.9332,32.7795],[130.937,32.7828],[130.94,32.7829],[130.9409,32.7841],[130.9421,32.7846],[130.9431,32.7871],[130.9449,32.789],[130.9485,32.7908],[130.9518,32.7899],[130.954,32.7899],[130.955,32.7895],[130.9557,32.7874],[130.9569,32.7874],[130.9576,32.7851],[130.9589,32.7853],[130.9603,32.7844],[130.9647,32.7869],[130.9734,32.7916],[130.9827,32.7968],[130.9854,32.7991],[130.9872,32.8011],[130.9909,32.8038],[130.9947,32.804],[130.9959,32.8047],[130.9925,32.8075],[130.9926,32.8093],[130.99,32.8121],[130.9898,32.8136],[130.9885,32.8136],[130.9865,32.8145],[130.9848,32.8146],[130.9826,32.8142],[130.9804,32.8146],[130.9776,32.8146],[130.9766,32.815],[130.977,32.8175],[130.9785,32.8199],[130.9778,32.8202],[130.979,32.822],[130.9792,32.8231],[130.978,32.8247],[130.9758,32.8254],[130.9759,32.8274],[130.9754,32.8287],[130.9762,32.8295],[130.976,32.8307],[130.9749,32.8313],[130.9718,32.8344],[130.9725,32.8361],[130.9726,32.8379],[130.9735,32.839],[130.9749,32.8398],[130.9765,32.8399],[130.9781,32.8407],[130.98,32.8406],[130.9798,32.8432],[130.98,32.8445],[130.9788,32.8462],[130.9797,32.8485],[130.9794,32.8499],[130.9763,32.8509],[130.9745,32.8546],[130.9726,32.8566],[130.9781,32.8625],[130.9741,32.8626],[130.9717,32.864],[130.9698,32.8641],[130.9686,32.8646],[130.9668,32.8662],[130.9651,32.8669],[130.9619,32.8675],[130.9611,32.8671],[130.9557,32.8669],[130.9522,32.8672],[130.9511,32.8665],[130.9456,32.8669],[130.9437,32.8662],[130.9426,32.865],[130.9397,32.8646],[130.9377,32.8637],[130.9344,32.8627],[130.9318,32.8622],[130.9288,32.8621],[130.9271,32.8626],[130.9262,32.8612],[130.9265,32.8596],[130.924,32.861],[130.9217,32.8615],[130.9183,32.8609],[130.9178,32.8604],[130.9154,32.8601],[130.911,32.8584],[130.9084,32.8587],[130.9058,32.8584],[130.9024,32.8575],[130.9002,32.8581],[130.8978,32.8597],[130.8968,32.8578],[130.8977,32.857],[130.8983,32.8542],[130.8994,32.8529],[130.8991,32.8514],[130.9001,32.8508],[130.9009,32.8485],[130.9004,32.8476],[130.901,32.8451],[130.8985,32.8437],[130.8968,32.8441],[130.8964,32.8455],[130.8952,32.8461],[130.8941,32.8457],[130.8933,32.8483],[130.8898,32.8462],[130.8863,32.8448],[130.8885,32.8429],[130.8851,32.8411],[130.8828,32.8405],[130.8818,32.8377],[130.875,32.8368]]]},"properties":{"N03_001":"熊本県","N03_002":"","N03_003":"阿蘇郡","N03_004":"西原村","N03_007":"43432"}},
{"type":"Feature","geometry":{"type":"Polygon","coordinates":[[[130.9781,32.8625],[130.9726,32.8566],[130.9745,32.8546],[130.9763,32.8509],[130.9794,32.8499],[130.9797,32.8485],[130.9788,32.8462],[130.98,32.8445],[130.9798,32.8432],[130.98,32.8406],[130.9781,32.8407],[130.9765,32.8399],[130.9749,32.8398],[130.9735,32.839],[130.9726,32.8379],[130.9725,32.8361],[130.9718,32.8344],[130.9749,32.8313],[130.976,32.8307],[130.9762,32.8295],[130.9754,32.8287],[130.9759,32.8274],[130.9758,32.8254],[130.978,32.8247],[130.9792,32.8231],[130.979,32.822],[130.9778,32.8202],[130.9785,32.8199],[130.977,32.8175],[130.9766,32.815],[130.9776,32.8146],[130.9804,32.8146],[130.9826,32.8142],[130.9848,32.8146],[130.9865,32.8145],[130.9885,32.8136],[130.9898,32.8136],[130.99,32.8121],[130.9926,32.8093],[130.9925,32.8075],[130.9959,32.8047],[130.9969,32.804],[130.9957,32.8023],[130.996,32.801],[130.995,32.7989],[130.995,32.7966],[130.9965,32.7966],[130.9976,32.7958],[130.9985,32.7941],[130.9987,32.7917],[131.0019,32.7903],[131.0029,32.7888],[131.005,32.7887],[131.0055,32.7877],[131.0094,32.7866],[131.0144,32.7858],[131.0167,32.7871],[131.0187,32.7864],[131.0241,32.7868],[131.0256,32.7876],[131.0281,32.788],[131.0304,32.7893],[131.0318,32.7874],[131.0327,32.787],[131.0337,32.7853],[131.0345,32.7848],[131.0363,32.7848],[131.037,32.7839],[131.0385,32.7837],[131.0422,32.7854],[131.0439,32.7849],[131.0456,32.7851],[131.0479,32.787],[131.0482,32.7879],[131.05,32.7893],[131.0526,32.7896],[131.0539,32.7902],[131.0554,32.7892],[131.0576,32.7911],[131.0593,32.7905],[131.0607,32.7909],[131.0618,32.7919],[131.0628,32.7914],[131.0649,32.7915],[131.0669,32.7929],[131.0693,32.792],[131.0704,32.7923],[131.0734,32.7918],[131.0747,32.7927],[131.0749,32.795],[131.0763,32.7946],[131.079,32.7953],[131.0815,32.795],[131.082,32.7936],[131.0836,32.7921],[131.0852,32.7911],[131.0891,32.792],[131.0903,32.7929],[131.0922,32.7936],[131.0929,32.7949],[131.0938,32.7951],[131.0955,32.7939],[131.0965,32.7925],[131.0993,32.7919],[131.0997,32.7908],[131.1014,32.7913],[131.1025,32.7922],[131.1049,32.7923],[131.1055,32.7935],[131.1065,32.7933],[131.1083,32.7919],[131.1098,32.7923],[131.1109,32.7933],[131.1131,32.7935],[131.1152,32.7956],[131.1158,32.7972],[131.1148,32.7998],[131.1138,32.8014],[131.1127,32.8045],[131.1125,32.8061],[131.1115,32.8071],[131.1117,32.8082],[131.1111,32.8094],[131.1111,32.8117],[131.1118,32.8126],[131.1127,32.818],[131.1138,32.8235],[131.1143,32.8272],[131.1143,32.8285],[131.1158,32.829],[131.1156,32.8305],[131.1144,32.8322],[131.1131,32.8331],[131.111,32.8327],[131.1108,32.8335],[131.107,32.8324],[131.1062,32.835],[131.1048,32.8348],[131.1043,32.836],[131.1052,32.8393],[131.1063,32.8414],[131.1078,32.8414],[131.1099,32.8407],[131.1103,32.8391],[131.1113,32.8385],[131.1124,32.8413],[131.1116,32.8429],[131.1087,32.846],[131.1073,32.8485],[131.1058,32.8495],[131.1062,32.8517],[131.1048,32.8545],[131.1048,32.8565],[131.1036,32.8572],[131.1031,32.8588],[131.1003,32.8626],[131.099,32.864],[131.0979,32.8658],[131.0979,32.8677],[131.0969,32.8707],[131.0945,32.8737],[131.0965,32.876],[131.0984,32.8767],[131.0992,32.8776],[131.099,32.8786],[131.0975,32.8816],[131.0976,32.8833],[131.0966,32.884],[131.0938,32.8843],[131.0914,32.884],[131.0902,32.8847],[131.0665,32.8803],[131.0636,32.8835],[131.0612,32.8854],[131.0525,32.8868],[131.0525,32.8881],[131.0517,32.889],[131.0494,32.89],[131.0449,32.8925],[131.0429,32.8929],[131.0416,32.8946],[131.0375,32.8954],[131.0361,32.8971],[131.0318,32.8982],[131.0297,32.8972],[131.0275,32.8969],[131.026,32.8956],[131.0215,32.8966],[131.02,32.8973],[131.02,32.9023],[131.0186,32.9031],[131.0148,32.904],[131.0105,32.9054],[131.0086,32.9056],[131.0064,32.9064],[131.0019,32.9072],[131.0003,32.909],[130.9976,32.9096],[130.9964,32.909],[130.9935,32.9099],[130.9876,32.9099],[130.9873,32.9084],[130.9848,32.908],[130.9846,32.9072],[130.986,32.9044],[130.9877,32.9038],[130.9884,32.9027],[130.9853,32.902],[130.9792,32.9],[130.9758,32.9003],[130.9672,32.903],[130.9668,32.9033],[130.9488,32.8775],[130.9487,32.8758],[130.9501,32.8755],[130.9534,32.8738],[130.9574,32.873],[130.9588,32.8731],[130.9607,32.874],[130.9641,32.8749],[130.9667,32.8744],[130.9697,32.8744],[130.9713,32.8756],[130.9725,32.8755],[130.9756,32.874],[130.978,32.8721],[130.9806,32.8723],[130.9846,32.8743],[130.987,32.875],[130.9885,32.8748],[130.9875,32.8719],[130.9853,32.8689],[130.9848,32.8678],[130.9831,32.8662],[130.9789,32.8627],[130.9781,32.8625]]]},"properties":{"N03_001":"熊本県","N03_002":"","N03_003":"阿蘇郡","N03_004":"南阿蘇村","N03_007":"43433"}},
{"type":"Feature","geometry":{"type":"Polygon","coordinates":[[[130.9032,32.6649],[130.9026,32.6652],[130.9001,32.6651],[130.8986,32.6657],[130.8958,32.6676],[130.8949,32.6677],[130.8928,32.6692],[130.8925,32.6702],[130.8909,32.6712],[130.8909,32.6739],[130.8895,32.6755],[130.8905,32.678],[130.8905,32.6809],[130.893,32.6816],[130.8954,32.6836],[130.8963,32.6868],[130.8973,32.689],[130.8936,32.6893],[130.8933,32.6907],[130.8939,32.6926],[130.8934,32.6952],[130.8935,32.6986],[130.8925,32.6997],[130.8932,32.7014],[130.8928,32.7022],[130.8932,32.7041],[130.8925,32.7053],[130.8926,32.7072],[130.8913,32.7089],[130.8907,32.7103],[130.8912,32.7125],[130.891,32.7134],[130.8919,32.7176],[130.8914,32.7185],[130.8888,32.7194],[130.8879,32.7204],[130.8886,32.7222],[130.8883,32.7239],[130.8892,32.7251],[130.8894,32.7277],[130.8901,32.7286],[130.8903,32.7302],[130.8914,32.7316],[130.8925,32.7322],[130.8928,32.7334],[130.8917,32.7352],[130.892,32.7378],[130.8926,32.7385],[130.8925,32.7415],[130.8913,32.7436],[130.8927,32.7439],[130.8944,32.7451],[130.899,32.7451],[130.9006,32.7463],[130.9022,32.7466],[130.9026,32.7482],[130.9049,32.7495],[130.9076,32.7503],[130.9082,32.7511],[130.9083,32.7525],[130.9096,32.7534],[130.9114,32.7533],[130.9142,32.7545],[130.9146,32.7554],[130.9171,32.7554],[130.9178,32.7558],[130.9186,32.7589],[130.9193,32.7594],[130.9233,32.7598],[130.925,32.7607],[130.9268,32.7624],[130.9283,32.7633],[130.9318,32.7641],[130.9334,32.7651],[130.9374,32.7663],[130.9401,32.7685],[130.9418,32.7689],[130.9436,32.77],[130.9445,32.7699],[130.9503,32.7738],[130.954,32.7765],[130.956,32.777],[130.9586,32.7783],[130.9594,32.78],[130.9596,32.783],[130.9603,32.7844],[130.9589,32.7853],[130.9576,32.7851],[130.9569,32.7874],[130.9557,32.7874],[130.955,32.7895],[130.954,32.7899],[130.9518,32.7899],[130.9485,32.7908],[130.9449,32.789],[130.9431,32.7871],[130.9421,32.7846],[130.9409,32.7841],[130.94,32.7829],[130.937,32.7828],[130.9332,32.7795],[130.9313,32.7798],[130.9262,32.7838],[130.9234,32.7836],[130.9162,32.7848],[130.9147,32.7857],[130.9122,32.7861],[130.9101,32.7853],[130.9065,32.7847],[130.9048,32.785],[130.9026,32.7847],[130.9011,32.7839],[130.8996,32.7839],[130.8966,32.7828],[130.8946,32.7832],[130.8922,32.7831],[130.8916,32.7842],[130.89,32.7857],[130.8881,32.7843],[130.8878,32.7822],[130.8889,32.7809],[130.8885,32.7802],[130.8882,32.7769],[130.8872,32.7755],[130.8858,32.7747],[130.8826,32.7746],[130.8812,32.7732],[130.8797,32.7737],[130.8756,32.7706],[130.8729,32.7704],[130.8689,32.769],[130.8666,32.77],[130.8655,32.7695],[130.8636,32.7706],[130.8625,32.7691],[130.8608,32.7688],[130.8582,32.7691],[130.857,32.7682],[130.8559,32.7686],[130.8518,32.768],[130.8506,32.7672],[130.847,32.7677],[130.8463,32.7669],[130.8441,32.7658],[130.8398,32.7672],[130.8405,32.7608],[130.8401,32.7594],[130.8383,32.7581],[130.8372,32.7579],[130.8355,32.7563],[130.8337,32.7554],[130.8322,32.7555],[130.8301,32.7529],[130.8305,32.7512],[130.8315,32.7499],[130.8314,32.7482],[130.8329,32.744],[130.8331,32.7427],[130.8347,32.741],[130.8331,32.7402],[130.8346,32.736],[130.8345,32.735],[130.8318,32.7341],[130.8305,32.7355],[130.829,32.7361],[130.8283,32.7346],[130.8259,32.733],[130.8249,32.7331],[130.8231,32.7321],[130.8191,32.7312],[130.8166,32.7314],[130.8151,32.7361],[130.8137,32.7366],[130.8132,32.7374],[130.8144,32.7384],[130.8118,32.7398],[130.8109,32.7399],[130.8114,32.742],[130.811,32.7436],[130.8087,32.7444],[130.8079,32.7456],[130.8062,32.7457],[130.8016,32.7468],[130.8009,32.746],[130.7994,32.7469],[130.7993,32.7488],[130.7973,32.7493],[130.7961,32.7482],[130.7959,32.7471],[130.794,32.7466],[130.7919,32.7447],[130.7901,32.7419],[130.7872,32.7414],[130.7867,32.7423],[130.7849,32.7427],[130.7833,32.7423],[130.7818,32.7405],[130.779,32.742],[130.7781,32.7409],[130.7751,32.7426],[130.773,32.7395],[130.7756,32.738],[130.7745,32.7367],[130.773,32.7375],[130.7726,32.7365],[130.7732,32.7349],[130.7753,32.7318],[130.7748,32.7308],[130.7728,32.7323],[130.7713,32.7328],[130.7684,32.733],[130.7654,32.7328],[130.7622,32.7315],[130.7598,32.731],[130.7579,32.7288],[130.757,32.7283],[130.7596,32.7233],[130.7601,32.7217],[130.7597,32.7203],[130.762,32.7203],[130.7637,32.7188],[130.7657,32.7194],[130.7658,32.718],[130.7668,32.717],[130.7689,32.7164],[130.772,32.7166],[130.7737,32.7156],[130.7758,32.7155],[130.7765,32.715],[130.7806,32.7138],[130.7825,32.7141],[130.7845,32.7113],[130.7884,32.7098],[130.7901,32.7087],[130.7902,32.7074],[130.7887,32.7054],[130.7878,32.7024],[130.7891,32.7013],[130.7895,32.7],[130.7909,32.6987],[130.7901,32.696],[130.7909,32.6944],[130.7931,32.6948],[130.7945,32.6936],[130.7963,32.6935],[130.798,32.6957],[130.7982,32.698],[130.7995,32.6999],[130.7994,32.7016],[130.8065,32.7013],[130.8072,32.6997],[130.8083,32.6999],[130.8096,32.6984],[130.8111,32.698],[130.8116,32.6969],[130.8138,32.6959],[130.8148,32.6945],[130.8163,32.6934],[130.8184,32.6933],[130.8203,32.6925],[130.8224,32.6921],[130.8257,32.6926],[130.8267,32.6919],[130.8285,32.6925],[130.8308,32.6945],[130.8332,32.6958],[130.8357,32.6965],[130.8367,32.6988],[130.8386,32.6981],[130.8412,32.698],[130.8417,32.696],[130.8432,32.695],[130.8443,32.6932],[130.8446,32.6908],[130.8463,32.6896],[130.8488,32.6908],[130.8519,32.689],[130.8534,32.6892],[130.856,32.6878],[130.8566,32.6891],[130.8583,32.689],[130.8581,32.6877],[130.8596,32.6856],[130.8598,32.6844],[130.8584,32.6834],[130.8567,32.6829],[130.8542,32.6811],[130.8537,32.6799],[130.8571,32.68],[130.8585,32.6791],[130.8595,32.6791],[130.8612,32.68],[130.8635,32.6797],[130.8651,32.6807],[130.8668,32.6799],[130.8684,32.6768],[130.8704,32.6754],[130.8727,32.6756],[130.8738,32.6753],[130.8754,32.6738],[130.8749,32.6699],[130.8757,32.669],[130.8753,32.6672],[130.8761,32.6642],[130.8786,32.6633],[130.8816,32.6628],[130.8848,32.6619],[130.8869,32.6622],[130.8895,32.6619],[130.8919,32.6619],[130.895,32.6627],[130.9012,32.6634],[130.9032,32.6649]]]},"properties":{"N03_001":"熊本県","N03_002":"","N03_003":"上益城郡","N03_004":"御船町","N03_007":"43441"}},
{"type":"Feature","geometry":{"type":"Polygon","coordinates":[[[130.7289,32.7503],[130.7271,32.749],[130.7266,32.7466],[130.7258,32.7451],[130.7258,32.7434],[130.7244,32.7422],[130.7237,32.7425],[130.7227,32.7445],[130.7213,32.7452],[130.7198,32.7454],[130.7175,32.7446],[130.7155,32.7432],[130.7149,32.7423],[130.7149,32.7407],[130.7134,32.7388],[130.7125,32.7383],[130.7091,32.7393],[130.7077,32.7406],[130.7068,32.7407],[130.7015,32.7396],[130.7,32.7418],[130.6994,32.7435],[130.6977,32.7426],[130.6975,32.7403],[130.6962,32.738],[130.6953,32.7372],[130.6961,32.7351],[130.6995,32.7359],[130.7082,32.7363],[130.714,32.7354],[130.7176,32.7357],[130.7216,32.7363],[130.7248,32.7371],[130.7286,32.7365],[130.7318,32.7362],[130.7382,32.7351],[130.7472,32.7349],[130.749,32.7346],[130.752,32.7332],[130.7545,32.7311],[130.757,32.7283],[130.7579,32.7288],[130.7598,32.731],[130.7622,32.7315],[130.7654,32.7328],[130.7684,32.733],[130.7713,32.7328],[130.7728,32.7323],[130.7748,32.7308],[130.7753,32.7318],[130.7732,32.7349],[130.7726,32.7365],[130.773,32.7375],[130.7745,32.7367],[130.7756,32.738],[130.773,32.7395],[130.7751,32.7426],[130.7781,32.7409],[130.779,32.742],[130.7818,32.7405],[130.7833,32.7423],[130.7849,32.7427],[130.7867,32.7423],[130.7872,32.7414],[130.7901,32.7419],[130.7919,32.7447],[130.794,32.7466],[130.7959,32.7471],[130.7961,32.7482],[130.7973,32.7493],[130.7961,32.7525],[130.7946,32.7532],[130.7915,32.7528],[130.7884,32.7565],[130.7832,32.754],[130.7823,32.7556],[130.783,32.7569],[130.784,32.7573],[130.7831,32.759],[130.7841,32.7594],[130.7833,32.7609],[130.7824,32.7605],[130.7812,32.7628],[130.7783,32.7634],[130.7739,32.7631],[130.7732,32.7634],[130.7718,32.7626],[130.7708,32.763],[130.7706,32.7605],[130.7681,32.76],[130.7677,32.7609],[130.7647,32.7603],[130.7608,32.7606],[130.7617,32.762],[130.7612,32.7644],[130.7584,32.7639],[130.7592,32.7624],[130.7558,32.7629],[130.7544,32.7622],[130.7533,32.7607],[130.7532,32.7596],[130.7509,32.7576],[130.7484,32.7548],[130.7465,32.7538],[130.7475,32.7511],[130.7456,32.7502],[130.7443,32.7521],[130.7434,32.7517],[130.7419,32.7525],[130.7406,32.7543],[130.7376,32.7522],[130.7344,32.7517],[130.7326,32.7507],[130.7306,32.7513],[130.7289,32.7503]]]},"properties":{"N03_001":"熊本県","N03_002":"","N03_003":"上益城郡","N03_004":"嘉島町","N03_007":"43442"}},
{"type":"Feature","geometry":{"type":"Polygon","coordinates":[[[130.7973,32.7493],[130.7993,32.7488],[130.7994,32.7469],[130.8009,32.746],[130.8016,32.7468],[130.8062,32.7457],[130.8079,32.7456],[130.8087,32.7444],[130.811,32.7436],[130.8114,32.742],[130.8109,32.7399],[130.8118,32.7398],[130.8144,32.7384],[130.8132,32.7374],[130.8137,32.7366],[130.8151,32.7361],[130.8166,32.7314],[130.8191,32.7312],[130.8231,32.7321],[130.8249,32.7331],[130.8259,32.733],[130.8283,32.7346],[130.829,32.7361],[130.8305,32.7355],[130.8318,32.7341],[130.8345,32.735],[130.8346,32.736],[130.8331,32.7402],[130.8347,32.741],[130.8331,32.7427],[130.8329,32.744],[130.8314,32.7482],[130.8315,32.7499],[130.8305,32.7512],[130.8301,32.7529],[130.8322,32.7555],[130.8337,32.7554],[130.8355,32.7563],[130.8372,32.7579],[130.8383,32.7581],[130.8401,32.7594],[130.8405,32.7608],[130.8398,32.7672],[130.8441,32.7658],[130.8463,32.7669],[130.847,32.7677],[130.8506,32.7672],[130.8518,32.768],[130.8559,32.7686],[130.857,32.7682],[130.8582,32.7691],[130.8608,32.7688],[130.8625,32.7691],[130.8636,32.7706],[130.8655,32.7695],[130.8666,32.77],[130.8689,32.769],[130.8729,32.7704],[130.8756,32.7706],[130.8797,32.7737],[130.8812,32.7732],[130.8826,32.7746],[130.8858,32.7747],[130.8872,32.7755],[130.8882,32.7769],[130.8885,32.7802],[130.8889,32.7809],[130.8878,32.7822],[130.8881,32.7843],[130.89,32.7857],[130.888,32.787],[130.8874,32.7881],[130.8857,32.7894],[130.8842,32.7924],[130.8821,32.7924],[130.8804,32.7944],[130.8808,32.7968],[130.8799,32.7986],[130.8764,32.7996],[130.8745,32.8006],[130.8721,32.7997],[130.8723,32.8034],[130.8713,32.8046],[130.8718,32.8069],[130.8739,32.8077],[130.8761,32.8114],[130.8763,32.8143],[130.8773,32.8157],[130.8763,32.8168],[130.879,32.818],[130.8803,32.8179],[130.8805,32.8202],[130.8779,32.8281],[130.876,32.8328],[130.875,32.8368],[130.8746,32.8373],[130.8744,32.8401],[130.873,32.8398],[130.872,32.839],[130.8694,32.8378],[130.8677,32.8373],[130.8644,32.8353],[130.8602,32.8354],[130.855,32.8346],[130.8514,32.8338],[130.8514,32.8319],[130.8464,32.8319],[130.8439,32.8309],[130.8416,32.8287],[130.8376,32.8266],[130.8364,32.8255],[130.8361,32.8243],[130.8337,32.822],[130.8313,32.8235],[130.8296,32.8257],[130.8278,32.8254],[130.8286,32.8219],[130.8291,32.8154],[130.8255,32.8152],[130.8243,32.8145],[130.8208,32.8143],[130.8157,32.8154],[130.8131,32.8148],[130.8087,32.8123],[130.8081,32.8095],[130.8072,32.8081],[130.8071,32.8069],[130.8062,32.8058],[130.8033,32.8051],[130.7997,32.8034],[130.7992,32.8042],[130.7962,32.8025],[130.7929,32.8013],[130.791,32.801],[130.7873,32.7996],[130.783,32.8052],[130.7822,32.8056],[130.7803,32.8046],[130.7781,32.8045],[130.78,32.8013],[130.7804,32.8001],[130.7835,32.7964],[130.7824,32.7943],[130.7833,32.7911],[130.7841,32.7897],[130.7827,32.7887],[130.7833,32.788],[130.7819,32.7866],[130.7814,32.7849],[130.7846,32.7845],[130.7844,32.7835],[130.7858,32.7825],[130.7863,32.7807],[130.7876,32.7787],[130.7874,32.7769],[130.7916,32.7779],[130.7955,32.7699],[130.7951,32.7691],[130.7904,32.7674],[130.7899,32.768],[130.7811,32.7648],[130.7809,32.7636],[130.7792,32.7639],[130.7783,32.7634],[130.7812,32.7628],[130.7824,32.7605],[130.7833,32.7609],[130.7841,32.7594],[130.7831,32.759],[130.784,32.7573],[130.783,32.7569],[130.7823,32.7556],[130.7832,32.754],[130.7884,32.7565],[130.7915,32.7528],[130.7946,32.7532],[130.7961,32.7525],[130.7973,32.7493]]]},"properties":{"N03_001":"熊本県","N03_002":"","N03_003":"上益城郡","N03_004":"益城町","N03_007":"43443"}},
{"type":"Feature","geometry":{"type":"Polygon","coordinates":[[[130.7763,32.6633],[130.7783,32.6634],[130.7815,32.6625],[130.7849,32.6624],[130.7853,32.661],[130.7869,32.6601],[130.7892,32.6599],[130.7929,32.6577],[130.7965,32.6583],[130.7975,32.6592],[130.8003,32.6589],[130.8018,32.6577],[130.7998,32.6548],[130.8004,32.6526],[130.8045,32.6485],[130.8057,32.6469],[130.806,32.6455],[130.8081,32.6431],[130.8073,32.639],[130.8086,32.6364],[130.81,32.6362],[130.8129,32.6322],[130.8118,32.6309],[130.8141,32.6288],[130.8156,32.6294],[130.8181,32.6278],[130.8193,32.6276],[130.8202,32.6263],[130.8231,32.6267],[130.8239,32.6278],[130.8253,32.6279],[130.827,32.6263],[130.8297,32.6263],[130.8308,32.6268],[130.8316,32.6283],[130.833,32.628],[130.8365,32.6284],[130.8376,32.6282],[130.8391,32.6295],[130.8391,32.6312],[130.841,32.6332],[130.8426,32.6353],[130.8418,32.638],[130.8429,32.6403],[130.8453,32.6401],[130.8474,32.6411],[130.8516,32.6424],[130.8527,32.6439],[130.8542,32.644],[130.856,32.6453],[130.8569,32.645],[130.8583,32.6458],[130.8617,32.6468],[130.8627,32.6463],[130.8649,32.6467],[130.867,32.6466],[130.8681,32.647],[130.8686,32.6483],[130.87,32.6496],[130.8712,32.6522],[130.8739,32.6516],[130.8732,32.6533],[130.8738,32.655],[130.8723,32.658],[130.8723,32.6621],[130.8741,32.6637],[130.8761,32.6642],[130.8753,32.6672],[130.8757,32.669],[130.8749,32.6699],[130.8754,32.6738],[130.8738,32.6753],[130.8727,32.6756],[130.8704,32.6754],[130.8684,32.6768],[130.8668,32.6799],[130.8651,32.6807],[130.8635,32.6797],[130.8612,32.68],[130.8595,32.6791],[130.8585,32.6791],[130.8571,32.68],[130.8537,32.6799],[130.8542,32.6811],[130.8567,32.6829],[130.8584,32.6834],[130.8598,32.6844],[130.8596,32.6856],[130.8581,32.6877],[130.8583,32.689],[130.8566,32.6891],[130.856,32.6878],[130.8534,32.6892],[130.8519,32.689],[130.8488,32.6908],[130.8463,32.6896],[130.8446,32.6908],[130.8443,32.6932],[130.8432,32.695],[130.8417,32.696],[130.8412,32.698],[130.8386,32.6981],[130.8367,32.6988],[130.8357,32.6965],[130.8332,32.6958],[130.8308,32.6945],[130.8285,32.6925],[130.8267,32.6919],[130.8257,32.6926],[130.8224,32.6921],[130.8203,32.6925],[130.8184,32.6933],[130.8163,32.6934],[130.8148,32.6945],[130.8138,32.6959],[130.8116,32.6969],[130.8111,32.698],[130.8096,32.6984],[130.8083,32.6999],[130.8072,32.6997],[130.8065,32.7013],[130.7994,32.7016],[130.7995,32.6999],[130.7982,32.698],[130.798,32.6957],[130.7963,32.6935],[130.7945,32.6936],[130.7931,32.6948],[130.7909,32.6944],[130.7901,32.696],[130.7909,32.6987],[130.7895,32.7],[130.7891,32.7013],[130.7878,32.7024],[130.7887,32.7054],[130.7902,32.7074],[130.7901,32.7087],[130.7884,32.7098],[130.7845,32.7113],[130.7825,32.7141],[130.7806,32.7138],[130.7765,32.715],[130.7758,32.7155],[130.7737,32.7156],[130.772,32.7166],[130.7689,32.7164],[130.7668,32.717],[130.7658,32.718],[130.7657,32.7194],[130.7637,32.7188],[130.762,32.7203],[130.7597,32.7203],[130.7609,32.7139],[130.7618,32.7117],[130.7595,32.7097],[130.7578,32.7094],[130.7561,32.7085],[130.7534,32.7087],[130.7528,32.7044],[130.7535,32.7033],[130.7538,32.6997],[130.7555,32.6984],[130.7625,32.6942],[130.7648,32.6926],[130.7642,32.6904],[130.7628,32.6895],[130.764,32.6883],[130.7643,32.6865],[130.7705,32.6831],[130.7732,32.6813],[130.7723,32.6805],[130.7724,32.678],[130.7748,32.6767],[130.7753,32.6758],[130.7749,32.6739],[130.7741,32.6727],[130.7753,32.6704],[130.7778,32.6674],[130.7769,32.6661],[130.7768,32.666],[130.7767,32.6658],[130.7766,32.6656],[130.7766,32.6654],[130.7766,32.6652],[130.7767,32.665],[130.7768,32.6647],[130.7767,32.6646],[130.7766,32.6643],[130.7765,32.664],[130.7765,32.6639],[130.7764,32.6639],[130.7764,32.6638],[130.7764,32.6635],[130.7763,32.6633]]]},"properties":{"N03_001":"熊本県","N03_002":"","N03_003":"上益城郡","N03_004":"甲佐町","N03_007":"43444"}},
{"type":"Feature","geometry":{"type":"Polygon","coordinates":[[[130.9032,32.6649],[130.9042,32.6643],[130.9064,32.6647],[130.9072,32.6627],[130.908,32.6625],[130.9092,32.6612],[130.9117,32.6611],[130.9131,32.6599],[130.9157,32.6594],[130.9167,32.6583],[130.9182,32.6575],[130.9208,32.6568],[130.9241,32.6582],[130.9265,32.6571],[130.929,32.6572],[130.931,32.6577],[130.9325,32.6575],[130.9347,32.6577],[130.9359,32.6584],[130.9392,32.6575],[130.9401,32.6557],[130.9419,32.655],[130.943,32.6534],[130.9428,32.6505],[130.9453,32.6496],[130.9471,32.6493],[130.9477,32.6479],[130.9507,32.6475],[130.9515,32.6479],[130.9545,32.6476],[130.9552,32.6486],[130.9571,32.6484],[130.959,32.649],[130.9607,32.6473],[130.962,32.6466],[130.9634,32.6472],[130.965,32.6464],[130.9671,32.6465],[130.9689,32.6463],[130.9727,32.6465],[130.9744,32.6471],[130.9753,32.6481],[130.9769,32.6476],[130.9767,32.6435],[130.9772,32.6427],[130.9763,32.6405],[130.9752,32.6391],[130.9726,32.6411],[130.9711,32.641],[130.9694,32.6402],[130.9672,32.6383],[130.9658,32.6386],[130.9645,32.6408],[130.9635,32.6407],[130.961,32.6381],[130.9585,32.6378],[130.9553,32.6389],[130.9534,32.6386],[130.9513,32.6352],[130.9492,32.6345],[130.9517,32.6327],[130.9526,32.6326],[130.9538,32.6311],[130.9568,32.6295],[130.9576,32.6273],[130.9588,32.6268],[130.9601,32.6253],[130.9606,32.6223],[130.9604,32.6212],[130.962,32.6196],[130.9632,32.6144],[130.9641,32.6139],[130.9647,32.61],[130.9644,32.6089],[130.9653,32.6071],[130.9661,32.6045],[130.9667,32.6037],[130.9661,32.6019],[130.9665,32.6008],[130.9662,32.5993],[130.9631,32.5973],[130.9615,32.5967],[130.9598,32.5954],[130.9578,32.595],[130.9556,32.5929],[130.9546,32.5909],[130.952,32.5891],[130.9514,32.5881],[130.9514,32.5867],[130.9484,32.585],[130.9482,32.5844],[130.9496,32.583],[130.9497,32.5814],[130.9506,32.5795],[130.952,32.5783],[130.9544,32.5771],[130.9589,32.5769],[130.9604,32.5787],[130.9634,32.5778],[130.9681,32.5793],[130.9693,32.5804],[130.9724,32.5799],[130.9751,32.5789],[130.9786,32.5772],[130.9803,32.5757],[130.9821,32.5752],[130.983,32.5737],[130.9851,32.5736],[130.9869,32.5718],[130.988,32.5713],[130.9908,32.5715],[130.9923,32.5703],[130.9944,32.5693],[130.9962,32.5688],[130.9979,32.569],[131.0002,32.57],[131.0019,32.5688],[131.0024,32.5676],[131.0047,32.5659],[131.01,32.565],[131.0114,32.5637],[131.0107,32.562],[131.0097,32.561],[131.011,32.5596],[131.0123,32.5593],[131.012,32.5575],[131.0126,32.5561],[131.0138,32.5553],[131.0162,32.5545],[131.0172,32.5528],[131.0167,32.5515],[131.0195,32.5492],[131.0222,32.5514],[131.0239,32.5533],[131.0257,32.5532],[131.0306,32.554],[131.0326,32.5533],[131.0354,32.553],[131.0369,32.5543],[131.039,32.5544],[131.0399,32.5562],[131.0402,32.5586],[131.0408,32.5596],[131.0404,32.5609],[131.0378,32.5635],[131.0377,32.5647],[131.0389,32.5688],[131.0398,32.5706],[131.0395,32.5714],[131.0413,32.5729],[131.0424,32.5744],[131.042,32.576],[131.0424,32.577],[131.0416,32.5787],[131.0416,32.5799],[131.0429,32.5805],[131.0433,32.5823],[131.046,32.584],[131.0461,32.5845],[131.0488,32.5849],[131.0522,32.5877],[131.0539,32.5879],[131.0563,32.5873],[131.0586,32.586],[131.0611,32.5858],[131.0628,32.5863],[131.0641,32.5853],[131.0652,32.5856],[131.0684,32.584],[131.071,32.584],[131.0745,32.5848],[131.0759,32.5841],[131.0771,32.5824],[131.0786,32.5818],[131.0845,32.5807],[131.0879,32.5792],[131.0915,32.5786],[131.0926,32.5795],[131.0965,32.5785],[131.0994,32.5784],[131.1023,32.5794],[131.105,32.5796],[131.1082,32.5821],[131.1081,32.5833],[131.1067,32.5839],[131.1056,32.5853],[131.1061,32.5867],[131.1061,32.5892],[131.1117,32.5905],[131.1135,32.5914],[131.1147,32.5948],[131.1161,32.5968],[131.1179,32.5982],[131.1195,32.5989],[131.1195,32.6007],[131.1186,32.6022],[131.12,32.6039],[131.1205,32.6055],[131.1189,32.6071],[131.1168,32.608],[131.1162,32.6095],[131.116,32.6145],[131.1164,32.6179],[131.1159,32.6209],[131.1178,32.6235],[131.1176,32.6247],[131.1193,32.6275],[131.1199,32.6291],[131.1191,32.6329],[131.1179,32.6342],[131.1169,32.6343],[131.1156,32.6354],[131.1148,32.6389],[131.1157,32.6408],[131.1154,32.6418],[131.1162,32.6427],[131.12,32.6429],[131.1237,32.6446],[131.1236,32.6467],[131.1254,32.6495],[131.1253,32.6504],[131.1264,32.6515],[131.1272,32.6542],[131.1299,32.6548],[131.13,32.6564],[131.1305,32.6579],[131.1338,32.6596],[131.1359,32.6622],[131.1385,32.663],[131.1402,32.6646],[131.141,32.6675],[131.1433,32.6701],[131.1439,32.6742],[131.1432,32.6759],[131.1456,32.6772],[131.1473,32.6777],[131.1488,32.6777],[131.1496,32.6788],[131.1514,32.6801],[131.1551,32.6792],[131.1581,32.6776],[131.158,32.6755],[131.1601,32.6747],[131.1615,32.6729],[131.1631,32.6717],[131.1647,32.6721],[131.1715,32.6724],[131.1748,32.6718],[131.1755,32.673],[131.1752,32.6748],[131.1738,32.6763],[131.1753,32.6769],[131.1752,32.6794],[131.1742,32.6796],[131.1738,32.6829],[131.1725,32.6847],[131.1756,32.6871],[131.1754,32.6893],[131.1762,32.6919],[131.1751,32.6934],[131.176,32.6944],[131.1758,32.6955],[131.177,32.6971],[131.1788,32.6982],[131.1789,32.6991],[131.1804,32.7001],[131.1795,32.7036],[131.1807,32.7039],[131.1819,32.706],[131.1816,32.7082],[131.1793,32.7097],[131.18,32.7121],[131.1807,32.7129],[131.184,32.7148],[131.187,32.7183],[131.1888,32.7199],[131.19,32.722],[131.1925,32.7233],[131.195,32.7253],[131.197,32.7264],[131.2013,32.7284],[131.2033,32.7289],[131.2061,32.7302],[131.2074,32.7301],[131.2099,32.7288],[131.2119,32.7287],[131.2152,32.7304],[131.2169,32.732],[131.2196,32.7353],[131.2221,32.7368],[131.224,32.7387],[131.2258,32.74],[131.2279,32.7409],[131.2315,32.744],[131.2349,32.7443],[131.2347,32.7456],[131.2339,32.7474],[131.2352,32.7491],[131.235,32.7528],[131.2342,32.7534],[131.2324,32.7548],[131.2303,32.7544],[131.2262,32.756],[131.2246,32.7553],[131.222,32.7568],[131.2208,32.7565],[131.2191,32.757],[131.2167,32.7561],[131.2149,32.7573],[131.2125,32.7581],[131.2129,32.7595],[131.2122,32.76],[131.2117,32.7617],[131.2105,32.762],[131.2098,32.7638],[131.2081,32.7659],[131.2058,32.7665],[131.2047,32.7674],[131.2023,32.7675],[131.2016,32.7684],[131.2023,32.7696],[131.2022,32.7711],[131.2005,32.773],[131.2005,32.7747],[131.2028,32.7775],[131.2028,32.779],[131.2039,32.7805],[131.204,32.7829],[131.2033,32.7842],[131.2036,32.7856],[131.205,32.7873],[131.2031,32.7895],[131.2013,32.7904],[131.201,32.7924],[131.1994,32.793],[131.199,32.7941],[131.1996,32.7957],[131.1973,32.7961],[131.1983,32.7975],[131.1978,32.7983],[131.1959,32.7983],[131.1959,32.8007],[131.1922,32.8028],[131.1904,32.803],[131.1888,32.8025],[131.1858,32.8031],[131.1847,32.8041],[131.1831,32.8042],[131.1819,32.8036],[131.1813,32.8048],[131.1799,32.8044],[131.1782,32.8046],[131.1769,32.8054],[131.176,32.8079],[131.1736,32.8097],[131.1724,32.811],[131.1709,32.8135],[131.1699,32.8144],[131.1681,32.8151],[131.165,32.8149],[131.1616,32.8162],[131.1609,32.8177],[131.1591,32.8192],[131.1557,32.8198],[131.1518,32.8199],[131.1503,32.8206],[131.1488,32.8208],[131.1487,32.8197],[131.1467,32.8188],[131.1461,32.8179],[131.1445,32.8178],[131.1442,32.8159],[131.1432,32.8156],[131.1429,32.8126],[131.1437,32.8107],[131.1421,32.8091],[131.1419,32.8049],[131.1402,32.8038],[131.1397,32.8028],[131.1366,32.8009],[131.1371,32.7997],[131.1362,32.7989],[131.1343,32.7988],[131.1333,32.7973],[131.1319,32.7973],[131.1299,32.7962],[131.1288,32.7961],[131.1272,32.7948],[131.1253,32.7955],[131.1235,32.7956],[131.1218,32.7944],[131.1208,32.7956],[131.1192,32.7957],[131.1176,32.7953],[131.1152,32.7956],[131.1131,32.7935],[131.1109,32.7933],[131.1098,32.7923],[131.1083,32.7919],[131.1065,32.7933],[131.1055,32.7935],[131.1049,32.7923],[131.1025,32.7922],[131.1014,32.7913],[131.0997,32.7908],[131.0993,32.7919],[131.0965,32.7925],[131.0955,32.7939],[131.0938,32.7951],[131.0929,32.7949],[131.0922,32.7936],[131.0903,32.7929],[131.0891,32.792],[131.0852,32.7911],[131.0836,32.7921],[131.082,32.7936],[131.0815,32.795],[131.079,32.7953],[131.0763,32.7946],[131.0749,32.795],[131.0747,32.7927],[131.0734,32.7918],[131.0704,32.7923],[131.0693,32.792],[131.0669,32.7929],[131.0649,32.7915],[131.0628,32.7914],[131.0618,32.7919],[131.0607,32.7909],[131.0593,32.7905],[131.0576,32.7911],[131.0554,32.7892],[131.0539,32.7902],[131.0526,32.7896],[131.05,32.7893],[131.0482,32.7879],[131.0479,32.787],[131.0456,32.7851],[131.0439,32.7849],[131.0422,32.7854],[131.0385,32.7837],[131.037,32.7839],[131.0363,32.7848],[131.0345,32.7848],[131.0337,32.7853],[131.0327,32.787],[131.0318,32.7874],[131.0304,32.7893],[131.0281,32.788],[131.0256,32.7876],[131.0241,32.7868],[131.0187,32.7864],[131.0167,32.7871],[131.0144,32.7858],[131.0094,32.7866],[131.0055,32.7877],[131.005,32.7887],[131.0029,32.7888],[131.0019,32.7903],[130.9987,32.7917],[130.9985,32.7941],[130.9976,32.7958],[130.9965,32.7966],[130.995,32.7966],[130.995,32.7989],[130.996,32.801],[130.9957,32.8023],[130.9969,32.804],[130.9959,32.8047],[130.9947,32.804],[130.9909,32.8038],[130.9872,32.8011],[130.9854,32.7991],[130.9827,32.7968],[130.9734,32.7916],[130.9647,32.7869],[130.9603,32.7844],[130.9596,32.783],[130.9594,32.78],[130.9586,32.7783],[130.956,32.777],[130.954,32.7765],[130.9503,32.7738],[130.9445,32.7699],[130.9436,32.77],[130.9418,32.7689],[130.9401,32.7685],[130.9374,32.7663],[130.9334,32.7651],[130.9318,32.7641],[130.9283,32.7633],[130.9268,32.7624],[130.925,32.7607],[130.9233,32.7598],[130.9193,32.7594],[130.9186,32.7589],[130.9178,32.7558],[130.9171,32.7554],[130.9146,32.7554],[130.9142,32.7545],[130.9114,32.7533],[130.9096,32.7534],[130.9083,32.7525],[130.9082,32.7511],[130.9076,32.7503],[130.9049,32.7495],[130.9026,32.7482],[130.9022,32.7466],[130.9006,32.7463],[130.899,32.7451],[130.8944,32.7451],[130.8927,32.7439],[130.8913,32.7436],[130.8925,32.7415],[130.8926,32.7385],[130.892,32.7378],[130.8917,32.7352],[130.8928,32.7334],[130.8925,32.7322],[130.8914,32.7316],[130.8903,32.7302],[130.8901,32.7286],[130.8894,32.7277],[130.8892,32.7251],[130.8883,32.7239],[130.8886,32.7222],[130.8879,32.7204],[130.8888,32.7194],[130.8914,32.7185],[130.8919,32.7176],[130.891,32.7134],[130.8912,32.7125],[130.8907,32.7103],[130.8913,32.7089],[130.8926,32.7072],[130.8925,32.7053],[130.8932,32.7041],[130.8928,32.7022],[130.8932,32.7014],[130.8925,32.6997],[130.8935,32.6986],[130.8934,32.6952],[130.8939,32.6926],[130.8933,32.6907],[130.8936,32.6893],[130.8973,32.689],[130.8963,32.6868],[130.8954,32.6836],[130.893,32.6816],[130.8905,32.6809],[130.8905,32.678],[130.8895,32.6755],[130.8909,32.6739],[130.8909,32.6712],[130.8925,32.6702],[130.8928,32.6692],[130.8949,32.6677],[130.8958,32.6676],[130.8986,32.6657],[130.9001,32.6651],[130.9026,32.6652],[130.9032,32.6649]]]},"properties":{"N03_001":"熊本県","N03_002":"","N03_003":"上益城郡","N03_004":"山都町","N03_007":"43447"}},
{"type":"Feature","geometry":{"type":"Polygon","coordinates":[[[130.6328,32.6021],[130.6409,32.5957],[130.6448,32.5918],[130.6513,32.5865],[130.6576,32.5815],[130.659,32.5796],[130.6611,32.5775],[130.6639,32.5762],[130.6671,32.575],[130.6688,32.5735],[130.671,32.5711],[130.674,32.5681],[130.6753,32.566],[130.6767,32.5628],[130.6735,32.562],[130.6724,32.5605],[130.6705,32.5611],[130.6703,32.559],[130.6705,32.5575],[130.67,32.5566],[130.668,32.5569],[130.666,32.5578],[130.6645,32.5555],[130.6702,32.5528],[130.6706,32.5515],[130.6699,32.5505],[130.6682,32.5498],[130.665,32.5463],[130.664,32.5449],[130.6666,32.5442],[130.6704,32.5423],[130.6737,32.5411],[130.6751,32.5399],[130.676,32.5397],[130.6771,32.538],[130.6781,32.5371],[130.6794,32.5345],[130.6824,32.5333],[130.6836,32.5306],[130.6849,32.5303],[130.6853,32.5287],[130.6867,32.5276],[130.6885,32.5287],[130.6897,32.5298],[130.6924,32.5313],[130.6936,32.5315],[130.6979,32.5344],[130.7006,32.5356],[130.6998,32.5383],[130.6987,32.5399],[130.6975,32.5407],[130.6964,32.5431],[130.6965,32.5444],[130.6996,32.5454],[130.7028,32.5441],[130.7045,32.5437],[130.7058,32.5445],[130.7076,32.5463],[130.7083,32.5487],[130.7112,32.5488],[130.7123,32.5508],[130.7145,32.5536],[130.7143,32.5552],[130.7137,32.5568],[130.7147,32.5573],[130.7195,32.5564],[130.7202,32.5569],[130.7224,32.5565],[130.7225,32.5577],[130.7238,32.5586],[130.7234,32.5587],[130.7229,32.5588],[130.7226,32.5589],[130.7223,32.559],[130.7221,32.559],[130.7218,32.559],[130.7216,32.5591],[130.7214,32.5591],[130.7212,32.5593],[130.7211,32.5596],[130.721,32.5598],[130.7207,32.5602],[130.7202,32.5605],[130.72,32.5605],[130.7198,32.5606],[130.7197,32.5606],[130.7195,32.5607],[130.7194,32.5608],[130.7193,32.5609],[130.7192,32.561],[130.7189,32.561],[130.7188,32.5611],[130.7186,32.5612],[130.7184,32.5614],[130.7184,32.5615],[130.7183,32.5617],[130.7181,32.5621],[130.718,32.5623],[130.7179,32.5625],[130.7178,32.5625],[130.7175,32.5627],[130.7174,32.5628],[130.7171,32.5628],[130.7169,32.5629],[130.7167,32.5631],[130.7166,32.5631],[130.7163,32.5632],[130.7159,32.5633],[130.7157,32.5634],[130.7155,32.5636],[130.7153,32.564],[130.7151,32.5642],[130.715,32.5644],[130.7146,32.5646],[130.7145,32.5647],[130.7143,32.5648],[130.7141,32.5648],[130.714,32.565],[130.714,32.5653],[130.7139,32.5654],[130.7137,32.5655],[130.7136,32.5657],[130.7135,32.5658],[130.7133,32.5661],[130.7132,32.5664],[130.7132,32.5665],[130.7131,32.5665],[130.7129,32.5664],[130.7126,32.5664],[130.7122,32.5665],[130.7119,32.5666],[130.7117,32.5667],[130.7116,32.5668],[130.7116,32.5671],[130.7115,32.5673],[130.7113,32.5674],[130.7111,32.5675],[130.711,32.5677],[130.711,32.568],[130.7111,32.5681],[130.711,32.5683],[130.7108,32.5684],[130.7107,32.5685],[130.7105,32.5684],[130.7103,32.5683],[130.71,32.5683],[130.7098,32.5683],[130.7097,32.5684],[130.7097,32.5685],[130.7095,32.5686],[130.7094,32.5686],[130.7093,32.5688],[130.7093,32.5689],[130.7092,32.569],[130.7089,32.569],[130.7087,32.5691],[130.7086,32.5693],[130.7086,32.5697],[130.7085,32.5699],[130.7083,32.5701],[130.7081,32.5703],[130.7079,32.5704],[130.7078,32.5706],[130.7078,32.5708],[130.7078,32.571],[130.7077,32.5713],[130.7075,32.5714],[130.7072,32.5715],[130.7069,32.5717],[130.7068,32.5718],[130.7068,32.5719],[130.7069,32.5721],[130.7074,32.5729],[130.7078,32.5734],[130.7083,32.5741],[130.7086,32.5745],[130.7091,32.575],[130.7094,32.5753],[130.7096,32.5754],[130.7098,32.5755],[130.7105,32.5755],[130.711,32.5756],[130.7114,32.5759],[130.7117,32.5761],[130.712,32.5765],[130.7122,32.577],[130.7123,32.5774],[130.7124,32.5775],[130.7128,32.5778],[130.7135,32.5779],[130.7136,32.5779],[130.714,32.5777],[130.7141,32.5778],[130.7142,32.5779],[130.7141,32.578],[130.714,32.5782],[130.714,32.5783],[130.714,32.5785],[130.714,32.5786],[130.714,32.5788],[130.7141,32.579],[130.7141,32.5793],[130.7141,32.5794],[130.7141,32.5795],[130.7139,32.5797],[130.7138,32.5798],[130.7137,32.5799],[130.7136,32.58],[130.7135,32.5801],[130.7132,32.5803],[130.7124,32.5805],[130.7121,32.5806],[130.7119,32.5806],[130.7118,32.5806],[130.7116,32.5807],[130.7115,32.5807],[130.7113,32.5808],[130.7108,32.5809],[130.7105,32.581],[130.7104,32.581],[130.7101,32.5813],[130.7099,32.5815],[130.7097,32.5818],[130.7097,32.582],[130.7097,32.5821],[130.7096,32.5822],[130.7095,32.5822],[130.7089,32.5825],[130.7083,32.5827],[130.7074,32.5831],[130.7068,32.5833],[130.7068,32.5834],[130.7068,32.5835],[130.7071,32.5841],[130.7071,32.5842],[130.707,32.5843],[130.7067,32.5844],[130.7063,32.5844],[130.7059,32.5845],[130.7055,32.5846],[130.7054,32.5846],[130.7053,32.5846],[130.7052,32.5845],[130.7051,32.5844],[130.7048,32.5844],[130.7046,32.5844],[130.7044,32.5843],[130.7042,32.5841],[130.704,32.584],[130.7037,32.5839],[130.7035,32.5838],[130.7031,32.5835],[130.7031,32.5834],[130.703,32.5833],[130.7029,32.5832],[130.7027,32.5829],[130.7023,32.5828],[130.702,32.5826],[130.7018,32.5824],[130.7016,32.5822],[130.7014,32.5821],[130.7012,32.5821],[130.701,32.5821],[130.7008,32.5821],[130.7004,32.5822],[130.7002,32.5822],[130.7,32.5823],[130.6998,32.5823],[130.6997,32.5823],[130.6995,32.5821],[130.6993,32.5818],[130.6992,32.5816],[130.699,32.5814],[130.6989,32.5812],[130.6987,32.581],[130.6985,32.5807],[130.6983,32.5805],[130.6982,32.5804],[130.6978,32.5806],[130.6976,32.5807],[130.6965,32.5814],[130.6958,32.5817],[130.6956,32.5818],[130.6955,32.5819],[130.6954,32.582],[130.6949,32.5823],[130.6947,32.5825],[130.6946,32.5825],[130.6945,32.5825],[130.6943,32.5825],[130.6941,32.5826],[130.6935,32.5829],[130.693,32.5831],[130.6927,32.5833],[130.6925,32.5834],[130.6921,32.5838],[130.6918,32.584],[130.6917,32.5841],[130.6915,32.5842],[130.6908,32.5845],[130.6902,32.5848],[130.6905,32.5853],[130.6906,32.5855],[130.6906,32.5856],[130.6902,32.5858],[130.6899,32.586],[130.6898,32.5861],[130.6896,32.5862],[130.6895,32.5862],[130.6894,32.5863],[130.6893,32.5862],[130.6892,32.5862],[130.6889,32.5857],[130.6888,32.5857],[130.6885,32.586],[130.6883,32.5862],[130.6881,32.5864],[130.688,32.5865],[130.6879,32.5866],[130.6878,32.5867],[130.6875,32.587],[130.6873,32.5872],[130.687,32.5875],[130.6871,32.5876],[130.6874,32.5877],[130.6875,32.5877],[130.6875,32.5878],[130.6874,32.5879],[130.6873,32.5879],[130.6871,32.588],[130.6869,32.5882],[130.6856,32.5888],[130.6847,32.5893],[130.684,32.5896],[130.6833,32.59],[130.6827,32.5903],[130.6816,32.5908],[130.6799,32.5916],[130.6798,32.5917],[130.6784,32.5924],[130.6782,32.5925],[130.6782,32.5926],[130.6781,32.5926],[130.6781,32.5927],[130.6781,32.5939],[130.6781,32.5944],[130.6781,32.5949],[130.678,32.5953],[130.678,32.5957],[130.6781,32.5962],[130.6782,32.5964],[130.6784,32.5968],[130.6786,32.5971],[130.6788,32.5972],[130.679,32.5973],[130.6792,32.5974],[130.6793,32.5974],[130.6794,32.5975],[130.6793,32.5976],[130.6792,32.5976],[130.679,32.5976],[130.6779,32.5982],[130.6764,32.5989],[130.675,32.5995],[130.6739,32.6],[130.6729,32.6004],[130.6728,32.6005],[130.6727,32.6005],[130.6711,32.6012],[130.6697,32.6019],[130.6684,32.6025],[130.6667,32.6033],[130.666,32.6035],[130.6657,32.6037],[130.665,32.604],[130.6639,32.6045],[130.6631,32.6049],[130.662,32.6054],[130.6615,32.6056],[130.6609,32.6059],[130.6603,32.6062],[130.6591,32.6067],[130.6583,32.6071],[130.658,32.6072],[130.6575,32.6074],[130.6556,32.6083],[130.6555,32.6083],[130.6546,32.6088],[130.6538,32.6091],[130.6523,32.6098],[130.6521,32.6099],[130.652,32.6099],[130.652,32.6098],[130.6519,32.6097],[130.6518,32.6097],[130.6518,32.6096],[130.6515,32.6094],[130.6513,32.6091],[130.651,32.609],[130.6509,32.609],[130.6508,32.6091],[130.6507,32.6091],[130.6506,32.6092],[130.6505,32.6093],[130.65,32.6096],[130.6499,32.6097],[130.6496,32.61],[130.6495,32.6101],[130.6496,32.6101],[130.6498,32.6103],[130.65,32.6105],[130.6506,32.6111],[130.6506,32.6112],[130.6505,32.6112],[130.6504,32.6113],[130.65,32.6117],[130.6499,32.6118],[130.6489,32.6126],[130.6488,32.6127],[130.648,32.6134],[130.6473,32.6139],[130.6473,32.614],[130.6472,32.614],[130.6472,32.6141],[130.6466,32.6146],[130.6461,32.615],[130.6458,32.6153],[130.6456,32.6155],[130.6451,32.6159],[130.645,32.616],[130.6449,32.6161],[130.6448,32.6162],[130.6447,32.6162],[130.6446,32.6162],[130.6444,32.6162],[130.6439,32.6162],[130.6438,32.6162],[130.6437,32.6161],[130.6436,32.6161],[130.6435,32.6161],[130.6434,32.616],[130.6428,32.6154],[130.6417,32.6144],[130.6414,32.6142],[130.6413,32.6141],[130.6412,32.6142],[130.6411,32.6143],[130.641,32.6144],[130.6396,32.6155],[130.6395,32.6156],[130.6387,32.6162],[130.6381,32.6167],[130.638,32.6168],[130.6379,32.6168],[130.6378,32.6169],[130.6377,32.6169],[130.6368,32.6177],[130.6354,32.6188],[130.6348,32.6193],[130.6347,32.6193],[130.6347,32.6194],[130.6346,32.6194],[130.6344,32.6195],[130.6335,32.6203],[130.6333,32.6204],[130.6324,32.6212],[130.6317,32.6218],[130.6313,32.622],[130.6312,32.6221],[130.631,32.6222],[130.631,32.6223],[130.6309,32.6223],[130.6308,32.6224],[130.6305,32.6227],[130.6233,32.622],[130.6181,32.6193],[130.6172,32.6185],[130.6172,32.6173],[130.6194,32.615],[130.634,32.6034],[130.6328,32.6021]]]},"properties":{"N03_001":"熊本県","N03_002":"","N03_003":"八代郡","N03_004":"氷川町","N03_007":"43468"}},
{"type":"Feature","geometry":{"type":"Polygon","coordinates":[[[130.4698,32.2098],[130.4716,32.2062],[130.48,32.2015],[130.4826,32.1993],[130.4853,32.1985],[130.4877,32.1982],[130.4928,32.1983],[130.4939,32.1973],[130.4963,32.1961],[130.4971,32.1952],[130.4989,32.1954],[130.5019,32.1905],[130.5031,32.1889],[130.5057,32.1898],[130.5068,32.1891],[130.5095,32.19],[130.5089,32.1878],[130.5088,32.185],[130.5113,32.1842],[130.5122,32.1833],[130.5146,32.1825],[130.5161,32.1827],[130.517,32.1841],[130.5199,32.1861],[130.5221,32.1856],[130.525,32.1862],[130.5279,32.1882],[130.5294,32.1887],[130.5299,32.1896],[130.5316,32.1897],[130.5328,32.1902],[130.5354,32.1907],[130.5366,32.1923],[130.5394,32.1934],[130.5433,32.1942],[130.5472,32.1963],[130.5515,32.1953],[130.5556,32.1973],[130.5582,32.1953],[130.5601,32.1948],[130.5638,32.1944],[130.5658,32.1938],[130.5682,32.1948],[130.5697,32.1948],[130.5715,32.1941],[130.572,32.1931],[130.5746,32.1932],[130.575,32.1938],[130.5771,32.1938],[130.5794,32.1944],[130.5799,32.1964],[130.5828,32.198],[130.5833,32.1998],[130.5828,32.2009],[130.586,32.2047],[130.5862,32.2064],[130.587,32.2072],[130.5859,32.2088],[130.5845,32.21],[130.5816,32.211],[130.5816,32.2145],[130.5826,32.2175],[130.5825,32.2185],[130.5851,32.2221],[130.5859,32.2244],[130.5852,32.2261],[130.5854,32.2278],[130.5874,32.2292],[130.5876,32.2304],[130.5869,32.232],[130.5856,32.2327],[130.5858,32.2341],[130.5846,32.2356],[130.5849,32.2386],[130.5845,32.2411],[130.5846,32.2425],[130.5879,32.246],[130.5901,32.2464],[130.5905,32.2477],[130.5916,32.249],[130.5904,32.2504],[130.5903,32.2521],[130.5933,32.254],[130.593,32.2555],[130.5932,32.2579],[130.5924,32.2593],[130.5913,32.26],[130.5905,32.2622],[130.5931,32.2645],[130.5936,32.266],[130.5955,32.2669],[130.5974,32.2692],[130.5992,32.27],[130.6005,32.2694],[130.6014,32.2704],[130.6056,32.2722],[130.6082,32.2709],[130.6097,32.2727],[130.6115,32.2736],[130.6129,32.2748],[130.6139,32.2771],[130.6135,32.2785],[130.6126,32.2789],[130.6099,32.2785],[130.605,32.2794],[130.6036,32.2801],[130.603,32.2818],[130.6033,32.2832],[130.6047,32.2853],[130.6045,32.2903],[130.6038,32.2918],[130.6012,32.2924],[130.5993,32.2935],[130.5986,32.2948],[130.5991,32.2966],[130.604,32.3001],[130.6048,32.3018],[130.6094,32.3055],[130.6113,32.3078],[130.6124,32.3106],[130.6125,32.3125],[130.6115,32.3143],[130.6068,32.3183],[130.6043,32.3221],[130.6022,32.3251],[130.6009,32.3273],[130.6009,32.33],[130.6022,32.3321],[130.6026,32.3345],[130.6025,32.3378],[130.6031,32.3408],[130.6042,32.3428],[130.6066,32.3447],[130.6085,32.3468],[130.6102,32.3477],[130.6131,32.3478],[130.6164,32.3475],[130.6178,32.3478],[130.6209,32.3495],[130.6287,32.3526],[130.6324,32.3535],[130.6359,32.3549],[130.6389,32.3568],[130.6406,32.3585],[130.6417,32.3601],[130.6422,32.3622],[130.6422,32.3649],[130.6405,32.3652],[130.6361,32.3654],[130.6332,32.3676],[130.631,32.3673],[130.6302,32.366],[130.6278,32.3641],[130.6252,32.3645],[130.6242,32.3658],[130.623,32.3682],[130.6232,32.369],[130.6216,32.3712],[130.6216,32.3728],[130.6197,32.374],[130.6186,32.3736],[130.6166,32.3746],[130.6143,32.3747],[130.6125,32.3741],[130.6113,32.3743],[130.611,32.3755],[130.6066,32.3761],[130.6046,32.3756],[130.6029,32.3744],[130.6003,32.3732],[130.5985,32.3728],[130.5947,32.3738],[130.595,32.3754],[130.5911,32.3755],[130.5884,32.3766],[130.5872,32.3757],[130.5862,32.3759],[130.5836,32.3745],[130.5821,32.3746],[130.5778,32.3717],[130.5768,32.3722],[130.5733,32.375],[130.5721,32.3753],[130.5702,32.3749],[130.5673,32.3766],[130.5642,32.379],[130.5653,32.3813],[130.5643,32.3815],[130.5625,32.3805],[130.5613,32.381],[130.5608,32.3824],[130.559,32.3826],[130.5574,32.3817],[130.5531,32.3805],[130.5524,32.3784],[130.5516,32.3776],[130.5513,32.3754],[130.5506,32.3749],[130.5499,32.3731],[130.5485,32.3729],[130.5471,32.3717],[130.5469,32.3696],[130.5479,32.368],[130.5458,32.3681],[130.5432,32.3661],[130.5411,32.3651],[130.5376,32.365],[130.5353,32.3655],[130.5339,32.3663],[130.5322,32.3665],[130.5308,32.3671],[130.5309,32.3692],[130.5314,32.3703],[130.531,32.3718],[130.5297,32.3732],[130.528,32.374],[130.529,32.3757],[130.5294,32.3776],[130.5283,32.3814],[130.5292,32.3815],[130.5319,32.3809],[130.5326,32.3812],[130.5342,32.3833],[130.5338,32.3846],[130.5325,32.3849],[130.5305,32.3864],[130.5308,32.3885],[130.5348,32.3931],[130.5348,32.3956],[130.5343,32.3963],[130.5347,32.3981],[130.5371,32.3994],[130.5394,32.3996],[130.5398,32.4017],[130.5423,32.4039],[130.5434,32.4058],[130.5429,32.4075],[130.5407,32.4095],[130.5381,32.4103],[130.5381,32.4094],[130.5369,32.4079],[130.534,32.4064],[130.5332,32.4054],[130.5313,32.4043],[130.5293,32.4023],[130.5277,32.4014],[130.5241,32.3981],[130.5218,32.3968],[130.5219,32.3961],[130.5196,32.3937],[130.5158,32.3923],[130.5136,32.3922],[130.5122,32.3906],[130.5116,32.3876],[130.5095,32.385],[130.5062,32.3817],[130.5044,32.3809],[130.5026,32.3788],[130.5025,32.3776],[130.5011,32.3775],[130.5,32.3758],[130.4991,32.3751],[130.4983,32.3732],[130.4968,32.373],[130.4964,32.3718],[130.495,32.3701],[130.4918,32.3681],[130.4904,32.3675],[130.4892,32.3664],[130.4891,32.3645],[130.4867,32.3626],[130.4871,32.3618],[130.4864,32.3597],[130.4885,32.3606],[130.4929,32.3606],[130.4958,32.3624],[130.4978,32.3611],[130.4982,32.359],[130.4989,32.3582],[130.5012,32.3591],[130.5019,32.3603],[130.5076,32.3581],[130.5075,32.3548],[130.5063,32.354],[130.499,32.3511],[130.4987,32.3517],[130.4964,32.3509],[130.4961,32.3517],[130.4938,32.3505],[130.4925,32.349],[130.4911,32.3488],[130.4901,32.3464],[130.4869,32.3455],[130.4858,32.3445],[130.4827,32.3442],[130.4828,32.342],[130.4808,32.3413],[130.4805,32.3403],[130.4815,32.3385],[130.4798,32.3354],[130.4804,32.3341],[130.4816,32.3333],[130.4839,32.334],[130.4846,32.3338],[130.4848,32.3316],[130.4839,32.3293],[130.4816,32.3272],[130.4803,32.3269],[130.4774,32.3284],[130.4769,32.3277],[130.4748,32.3274],[130.4743,32.3278],[130.476,32.3298],[130.475,32.3312],[130.4736,32.3315],[130.4721,32.3291],[130.4721,32.3275],[130.4715,32.3267],[130.4699,32.3268],[130.4687,32.3279],[130.4666,32.3269],[130.4663,32.3256],[130.4686,32.3256],[130.4694,32.3243],[130.4691,32.3232],[130.4678,32.3231],[130.4675,32.3222],[130.4662,32.3214],[130.4664,32.3195],[130.4678,32.3197],[130.4694,32.3185],[130.4702,32.3186],[130.4712,32.3171],[130.4715,32.3159],[130.4712,32.3143],[130.4699,32.3133],[130.4693,32.3121],[130.4718,32.3115],[130.4732,32.3086],[130.4722,32.3075],[130.4717,32.3044],[130.4721,32.3036],[130.4713,32.3023],[130.4722,32.3014],[130.4769,32.3009],[130.4799,32.3008],[130.4804,32.3004],[130.4829,32.3015],[130.4837,32.3001],[130.4826,32.2989],[130.4867,32.3],[130.488,32.2998],[130.49,32.3],[130.4908,32.2988],[130.4882,32.2973],[130.4869,32.2977],[130.4853,32.2957],[130.4824,32.295],[130.4832,32.2933],[130.4806,32.2909],[130.4814,32.2898],[130.4812,32.2888],[130.4796,32.2887],[130.4776,32.287],[130.4719,32.2914],[130.4708,32.2919],[130.4688,32.2922],[130.4693,32.2935],[130.4689,32.2947],[130.4676,32.2958],[130.4656,32.2964],[130.4643,32.2957],[130.465,32.2941],[130.4642,32.2922],[130.4658,32.2918],[130.4663,32.2888],[130.4672,32.2883],[130.4679,32.2855],[130.4668,32.2844],[130.4669,32.2834],[130.4659,32.2825],[130.4661,32.2801],[130.4669,32.2791],[130.4661,32.2774],[130.4636,32.2768],[130.4642,32.2749],[130.4639,32.2742],[130.4659,32.2721],[130.467,32.2721],[130.4686,32.2695],[130.4673,32.2647],[130.4666,32.2635],[130.4666,32.2606],[130.466,32.2595],[130.4686,32.256],[130.4711,32.2565],[130.4728,32.2545],[130.478,32.2537],[130.4809,32.2541],[130.4812,32.2527],[130.4834,32.2509],[130.485,32.251],[130.486,32.2503],[130.4879,32.2505],[130.4896,32.25],[130.4895,32.2486],[130.4902,32.2478],[130.4899,32.245],[130.4918,32.2431],[130.4952,32.2416],[130.4948,32.2389],[130.4953,32.2372],[130.4941,32.2351],[130.4927,32.2336],[130.494,32.2325],[130.493,32.2308],[130.4932,32.2295],[130.4922,32.2263],[130.4923,32.2234],[130.495,32.221],[130.4936,32.2199],[130.4927,32.2172],[130.4923,32.2143],[130.4901,32.2137],[130.4886,32.2123],[130.4852,32.2121],[130.4839,32.2115],[130.4813,32.2124],[130.4795,32.2118],[130.4771,32.2119],[130.4766,32.2127],[130.4752,32.2129],[130.4743,32.211],[130.473,32.2103],[130.4698,32.2098]],[[130.4801,32.3497],[130.4804,32.3483],[130.4783,32.3479],[130.479,32.3496],[130.4801,32.3497]]]},"properties":{"N03_001":"熊本県","N03_002":"","N03_003":"葦北郡","N03_004":"芦北町","N03_007":"43482"}},
{"type":"Feature","geometry":{"type":"Polygon","coordinates":[[[130.4322,32.2311],[130.4324,32.2304],[130.4341,32.2292],[130.435,32.2278],[130.4369,32.2259],[130.4369,32.2245],[130.4385,32.221],[130.4393,32.2205],[130.4382,32.2176],[130.4382,32.2167],[130.4396,32.2152],[130.4419,32.2143],[130.4431,32.2144],[130.4443,32.2136],[130.4459,32.2133],[130.4476,32.2136],[130.4496,32.2102],[130.4528,32.2099],[130.4543,32.2093],[130.457,32.2105],[130.4579,32.2098],[130.4591,32.2101],[130.4641,32.2093],[130.4657,32.2087],[130.468,32.2096],[130.4698,32.2098],[130.473,32.2103],[130.4743,32.211],[130.4752,32.2129],[130.4766,32.2127],[130.4771,32.2119],[130.4795,32.2118],[130.4813,32.2124],[130.4839,32.2115],[130.4852,32.2121],[130.4886,32.2123],[130.4901,32.2137],[130.4923,32.2143],[130.4927,32.2172],[130.4936,32.2199],[130.495,32.221],[130.4923,32.2234],[130.4922,32.2263],[130.4932,32.2295],[130.493,32.2308],[130.494,32.2325],[130.4927,32.2336],[130.4941,32.2351],[130.4953,32.2372],[130.4948,32.2389],[130.4952,32.2416],[130.4918,32.2431],[130.4899,32.245],[130.4902,32.2478],[130.4895,32.2486],[130.4896,32.25],[130.4879,32.2505],[130.486,32.2503],[130.485,32.251],[130.4834,32.2509],[130.4812,32.2527],[130.4809,32.2541],[130.478,32.2537],[130.4728,32.2545],[130.4711,32.2565],[130.4686,32.256],[130.466,32.2595],[130.4666,32.2606],[130.4666,32.2635],[130.4673,32.2647],[130.4686,32.2695],[130.467,32.2721],[130.4659,32.2721],[130.4639,32.2742],[130.4642,32.2749],[130.4636,32.2768],[130.4638,32.2787],[130.462,32.2804],[130.4615,32.2828],[130.4596,32.2832],[130.4582,32.2845],[130.46,32.2859],[130.4597,32.2883],[130.4585,32.29],[130.4563,32.2895],[130.4539,32.2899],[130.4526,32.2897],[130.4488,32.2877],[130.4499,32.2861],[130.4494,32.285],[130.4512,32.2835],[130.4525,32.2811],[130.4521,32.2804],[130.4503,32.279],[130.4485,32.2793],[130.4477,32.281],[130.4463,32.2801],[130.4476,32.2789],[130.4482,32.2761],[130.4505,32.2725],[130.4496,32.2718],[130.4446,32.2689],[130.4427,32.2686],[130.441,32.2697],[130.4405,32.2707],[130.4393,32.2708],[130.4381,32.2699],[130.4379,32.2686],[130.4356,32.268],[130.4346,32.2667],[130.4347,32.2657],[130.4332,32.2648],[130.4328,32.2635],[130.4297,32.2638],[130.4282,32.2645],[130.4283,32.2625],[130.4297,32.2627],[130.4313,32.2618],[130.4317,32.2605],[130.4331,32.2601],[130.4322,32.2573],[130.4328,32.2564],[130.4344,32.2557],[130.4357,32.2535],[130.4354,32.2527],[130.4333,32.2531],[130.431,32.253],[130.4293,32.2507],[130.4273,32.2504],[130.4255,32.2509],[130.4241,32.2498],[130.4258,32.2485],[130.426,32.2471],[130.4271,32.2461],[130.4278,32.2445],[130.4291,32.2442],[130.4314,32.2409],[130.4331,32.2421],[130.4355,32.2411],[130.436,32.2383],[130.4348,32.2331],[130.4322,32.2311]]]},"properties":{"N03_001":"熊本県","N03_002":"","N03_003":"葦北郡","N03_004":"津奈木町","N03_007":"43484"}},
{"type":"Feature","geometry":{"type":"Polygon","coordinates":[[[130.7816,32.2052],[130.7812,32.2042],[130.7815,32.2021],[130.7828,32.2009],[130.7831,32.1993],[130.7825,32.1981],[130.7829,32.1965],[130.7843,32.1949],[130.7837,32.194],[130.7848,32.1933],[130.789,32.1945],[130.7908,32.1935],[130.7929,32.193],[130.7953,32.1908],[130.797,32.1903],[130.7982,32.1877],[130.7998,32.1865],[130.8019,32.1863],[130.804,32.1838],[130.8048,32.1823],[130.808,32.1817],[130.8094,32.1826],[130.8118,32.183],[130.8128,32.1822],[130.8123,32.1814],[130.8127,32.1799],[130.8147,32.1792],[130.8148,32.1784],[130.814,32.1769],[130.8134,32.1736],[130.8141,32.1727],[130.8136,32.1702],[130.8143,32.1695],[130.8165,32.1699],[130.8168,32.1688],[130.8182,32.1667],[130.8186,32.1647],[130.8175,32.1634],[130.8175,32.1622],[130.8158,32.1616],[130.8149,32.1606],[130.816,32.1594],[130.8169,32.1594],[130.8181,32.1575],[130.817,32.1561],[130.8191,32.1545],[130.8197,32.1529],[130.8215,32.1524],[130.8212,32.1513],[130.8192,32.151],[130.8198,32.1501],[130.8196,32.1488],[130.8205,32.1469],[130.8218,32.1461],[130.8224,32.1445],[130.8243,32.1439],[130.8253,32.1421],[130.8246,32.1401],[130.8251,32.1389],[130.8261,32.1384],[130.8259,32.1374],[130.8277,32.1352],[130.8311,32.1353],[130.8326,32.137],[130.8343,32.14],[130.838,32.1413],[130.8407,32.1416],[130.8441,32.1404],[130.8436,32.138],[130.8452,32.1367],[130.8475,32.1327],[130.8488,32.132],[130.8497,32.1308],[130.8497,32.1297],[130.8508,32.129],[130.8535,32.1295],[130.8563,32.1295],[130.8583,32.1314],[130.8593,32.1337],[130.8616,32.1349],[130.8659,32.1363],[130.8665,32.1375],[130.868,32.1381],[130.8687,32.1372],[130.8697,32.1334],[130.8696,32.1319],[130.8706,32.1287],[130.8721,32.1263],[130.8743,32.1258],[130.8747,32.1243],[130.8784,32.1213],[130.8815,32.1215],[130.8846,32.1233],[130.8862,32.1237],[130.8884,32.1231],[130.8912,32.1243],[130.8941,32.1249],[130.8958,32.1258],[130.8973,32.126],[130.8977,32.1285],[130.8989,32.1295],[130.9007,32.1324],[130.9035,32.132],[130.906,32.1336],[130.907,32.1334],[130.9083,32.1323],[130.9106,32.1294],[130.9134,32.1304],[130.9132,32.1311],[130.9111,32.132],[130.9103,32.1349],[130.909,32.135],[130.9086,32.1367],[130.9076,32.1373],[130.9023,32.1365],[130.901,32.1368],[130.8995,32.1384],[130.8962,32.1401],[130.896,32.1416],[130.8949,32.1422],[130.896,32.1444],[130.8961,32.1473],[130.8979,32.1475],[130.899,32.1489],[130.8999,32.1493],[130.9002,32.151],[130.9029,32.1522],[130.9036,32.1551],[130.9063,32.1565],[130.9079,32.1612],[130.907,32.1617],[130.9043,32.1651],[130.9027,32.1663],[130.9029,32.1683],[130.8992,32.1699],[130.8982,32.1709],[130.8977,32.1727],[130.8933,32.175],[130.8923,32.1766],[130.892,32.179],[130.8899,32.179],[130.886,32.1815],[130.8828,32.1841],[130.8827,32.1852],[130.8812,32.1872],[130.8799,32.1877],[130.8791,32.1887],[130.8787,32.1906],[130.8794,32.1944],[130.8793,32.1967],[130.8778,32.1986],[130.8774,32.2002],[130.8759,32.2036],[130.8743,32.2058],[130.8705,32.2057],[130.8641,32.2045],[130.8636,32.2033],[130.8611,32.2051],[130.8563,32.2068],[130.8551,32.2094],[130.8554,32.2101],[130.8578,32.2121],[130.8667,32.2212],[130.8654,32.223],[130.8652,32.2258],[130.8661,32.227],[130.8655,32.2278],[130.8639,32.2282],[130.863,32.2297],[130.8612,32.231],[130.8607,32.2322],[130.8624,32.2337],[130.8623,32.2353],[130.8613,32.2365],[130.8604,32.2389],[130.8591,32.2399],[130.8588,32.2433],[130.8578,32.2451],[130.856,32.2457],[130.8535,32.2479],[130.8519,32.2501],[130.8498,32.2515],[130.8492,32.2507],[130.8423,32.2471],[130.8395,32.246],[130.8347,32.2439],[130.8332,32.2437],[130.8303,32.2419],[130.8276,32.2407],[130.8255,32.2411],[130.8224,32.2401],[130.8206,32.2389],[130.818,32.2396],[130.8191,32.2414],[130.8163,32.2419],[130.8162,32.2409],[130.8139,32.2408],[130.8119,32.2399],[130.8113,32.2389],[130.8115,32.2363],[130.8112,32.235],[130.8122,32.2337],[130.81,32.2327],[130.808,32.2324],[130.8062,32.2316],[130.8078,32.2301],[130.8084,32.226],[130.8082,32.2256],[130.8083,32.2168],[130.8163,32.2167],[130.8163,32.2134],[130.819,32.2134],[130.8191,32.2104],[130.8166,32.2074],[130.8149,32.2064],[130.812,32.206],[130.8104,32.2062],[130.8072,32.2072],[130.8029,32.2061],[130.7996,32.2051],[130.7976,32.2048],[130.7948,32.2054],[130.7911,32.2053],[130.7877,32.2047],[130.7833,32.2044],[130.7816,32.2052]]]},"properties":{"N03_001":"熊本県","N03_002":"","N03_003":"球磨郡","N03_004":"錦町","N03_007":"43501"}},
{"type":"Feature","geometry":{"type":"Polygon","coordinates":[[[130.9924,32.1579],[130.9944,32.1581],[130.9977,32.1596],[130.998,32.1614],[130.9998,32.1639],[130.9998,32.1644],[131.0015,32.1666],[131.0022,32.1694],[131.0038,32.1695],[131.0059,32.1711],[131.007,32.1715],[131.01,32.1735],[131.0132,32.1744],[131.0144,32.1727],[131.0177,32.1711],[131.0187,32.1699],[131.0214,32.1691],[131.0233,32.1693],[131.0238,32.1708],[131.0264,32.1714],[131.0285,32.1705],[131.0327,32.1707],[131.0369,32.1703],[131.0381,32.1699],[131.0405,32.1681],[131.0416,32.1668],[131.0418,32.165],[131.043,32.1633],[131.0453,32.1613],[131.0465,32.1611],[131.0493,32.163],[131.0505,32.1624],[131.0508,32.1609],[131.0521,32.1584],[131.0551,32.1573],[131.0558,32.1564],[131.0585,32.1549],[131.0595,32.156],[131.064,32.1564],[131.0677,32.1573],[131.0702,32.1597],[131.0719,32.1602],[131.0735,32.1588],[131.0774,32.1578],[131.0781,32.1571],[131.0834,32.1546],[131.0859,32.1539],[131.0889,32.1542],[131.0905,32.1531],[131.0941,32.1534],[131.0962,32.1524],[131.0977,32.1542],[131.1002,32.1557],[131.1021,32.1579],[131.1044,32.1589],[131.1064,32.1589],[131.109,32.1601],[131.109,32.1611],[131.1079,32.1632],[131.1076,32.166],[131.1064,32.1675],[131.1043,32.1685],[131.1031,32.1712],[131.1014,32.1731],[131.1026,32.176],[131.1014,32.1782],[131.1017,32.1801],[131.1035,32.182],[131.1024,32.1849],[131.1022,32.1863],[131.1032,32.1875],[131.103,32.1892],[131.1038,32.19],[131.1043,32.192],[131.1005,32.1949],[131.1001,32.196],[131.1005,32.2015],[131.0983,32.2024],[131.0961,32.2038],[131.0949,32.2037],[131.0945,32.2049],[131.0927,32.2051],[131.0884,32.206],[131.0875,32.2065],[131.0843,32.2062],[131.0833,32.2077],[131.0829,32.2099],[131.0812,32.2115],[131.0799,32.2142],[131.0784,32.2156],[131.0786,32.2165],[131.0782,32.2194],[131.0772,32.2214],[131.0752,32.2219],[131.0737,32.2242],[131.0714,32.2245],[131.0702,32.2255],[131.0691,32.2253],[131.0685,32.2271],[131.0693,32.2281],[131.0689,32.2297],[131.0709,32.2348],[131.0711,32.2369],[131.0691,32.2368],[131.0666,32.2393],[131.0651,32.2398],[131.0637,32.2417],[131.0612,32.2437],[131.0583,32.2449],[131.057,32.2459],[131.0544,32.246],[131.0495,32.2456],[131.0471,32.2443],[131.0466,32.2422],[131.0471,32.2404],[131.0448,32.2402],[131.0409,32.2402],[131.0388,32.2394],[131.0371,32.2377],[131.0349,32.2388],[131.0334,32.2412],[131.0297,32.2419],[131.0293,32.2429],[131.0274,32.2435],[131.0239,32.2424],[131.023,32.2413],[131.0216,32.2409],[131.0198,32.2397],[131.0175,32.2388],[131.0166,32.2377],[131.017,32.2369],[131.0161,32.2353],[131.0167,32.2337],[131.0165,32.232],[131.0169,32.2313],[131.0128,32.2293],[131.0108,32.2295],[131.0092,32.2312],[131.0077,32.2319],[131.006,32.2338],[131.0065,32.2345],[131.0054,32.2361],[131.0058,32.2385],[131.0032,32.24],[131.0004,32.2395],[130.9981,32.2394],[130.9966,32.241],[130.9917,32.2413],[130.9893,32.2424],[130.9882,32.242],[130.9859,32.2431],[130.9841,32.243],[130.9821,32.2435],[130.9816,32.2445],[130.9802,32.2451],[130.9799,32.246],[130.9743,32.2509],[130.9737,32.252],[130.9725,32.2529],[130.9722,32.2543],[130.9711,32.2564],[130.9711,32.258],[130.9689,32.2602],[130.9702,32.2617],[130.972,32.2647],[130.9733,32.2647],[130.974,32.2656],[130.9717,32.2671],[130.9685,32.268],[130.9698,32.2699],[130.9701,32.2711],[130.9686,32.2729],[130.9712,32.2744],[130.9695,32.2752],[130.97,32.2765],[130.967,32.2776],[130.9658,32.2784],[130.9637,32.2812],[130.9671,32.2824],[130.9714,32.2846],[130.9729,32.2847],[130.9744,32.2863],[130.9741,32.2887],[130.9757,32.289],[130.9743,32.2914],[130.9787,32.2949],[130.9794,32.2959],[130.9806,32.2995],[130.9779,32.3033],[130.9776,32.3049],[130.9756,32.3063],[130.9742,32.308],[130.9731,32.31],[130.9713,32.3117],[130.9711,32.3136],[130.9681,32.3154],[130.9669,32.3174],[130.964,32.3176],[130.9628,32.3183],[130.9608,32.3203],[130.9586,32.3218],[130.9587,32.3239],[130.9551,32.3271],[130.954,32.3288],[130.954,32.3311],[130.9526,32.3327],[130.9523,32.3356],[130.9513,32.3376],[130.9522,32.3389],[130.9523,32.3414],[130.9521,32.3441],[130.951,32.3471],[130.9493,32.3502],[130.9476,32.3521],[130.9451,32.3542],[130.944,32.356],[130.9418,32.3555],[130.9397,32.3539],[130.9377,32.3547],[130.9353,32.3548],[130.9351,32.3564],[130.9315,32.3587],[130.9278,32.3581],[130.9257,32.3587],[130.9225,32.3568],[130.9204,32.3566],[130.9197,32.3544],[130.9179,32.3545],[130.9159,32.3541],[130.9134,32.3542],[130.9115,32.3549],[130.9103,32.3546],[130.906,32.3548],[130.9039,32.354],[130.903,32.3523],[130.9011,32.3506],[130.8994,32.3499],[130.8985,32.3476],[130.897,32.3462],[130.897,32.3443],[130.8953,32.3432],[130.8939,32.3407],[130.8923,32.339],[130.8926,32.3376],[130.8912,32.3359],[130.8919,32.3347],[130.8913,32.3341],[130.8912,32.332],[130.8896,32.3313],[130.8899,32.33],[130.8885,32.3281],[130.8853,32.3264],[130.887,32.3248],[130.8891,32.3239],[130.8897,32.3227],[130.891,32.3221],[130.8909,32.3211],[130.892,32.3202],[130.8939,32.3179],[130.8947,32.3174],[130.8965,32.3152],[130.8982,32.3144],[130.8992,32.3125],[130.9011,32.3116],[130.9044,32.3089],[130.9042,32.308],[130.9069,32.3036],[130.9063,32.3029],[130.9075,32.3006],[130.9058,32.2989],[130.9044,32.2963],[130.9047,32.2912],[130.9075,32.2879],[130.9071,32.2861],[130.9076,32.2824],[130.9072,32.2807],[130.9086,32.2777],[130.91,32.2762],[130.9121,32.2731],[130.9136,32.2727],[130.9147,32.2731],[130.9181,32.2701],[130.9197,32.268],[130.92,32.2664],[130.9163,32.2635],[130.915,32.2616],[130.9159,32.2599],[130.916,32.2584],[130.9149,32.257],[130.916,32.2537],[130.9173,32.2525],[130.9182,32.2528],[130.9197,32.2517],[130.9208,32.2524],[130.9232,32.2507],[130.9251,32.2498],[130.927,32.2525],[130.9309,32.2533],[130.9329,32.2533],[130.9356,32.2525],[130.9359,32.2514],[130.9371,32.25],[130.9387,32.2494],[130.9371,32.2467],[130.9396,32.2446],[130.9411,32.2439],[130.9466,32.2399],[130.9453,32.2385],[130.9469,32.2373],[130.9486,32.2378],[130.949,32.2369],[130.9517,32.2339],[130.9519,32.2329],[130.955,32.2325],[130.9559,32.231],[130.9584,32.2294],[130.9597,32.2296],[130.9612,32.2289],[130.9638,32.2267],[130.9645,32.2259],[130.9663,32.2247],[130.9687,32.2251],[130.9709,32.2249],[130.974,32.2221],[130.9748,32.2199],[130.9772,32.218],[130.9801,32.2152],[130.982,32.2145],[130.9834,32.2136],[130.984,32.2123],[130.9835,32.2112],[130.9809,32.21],[130.9797,32.2076],[130.9794,32.2051],[130.9795,32.2025],[130.9788,32.2015],[130.9786,32.1994],[130.9774,32.1978],[130.9774,32.1949],[130.9763,32.1931],[130.9767,32.1905],[130.9794,32.1891],[130.9819,32.1889],[130.9841,32.188],[130.9845,32.1863],[130.9856,32.1851],[130.9852,32.1829],[130.9858,32.1819],[130.9843,32.18],[130.985,32.1778],[130.9846,32.1762],[130.9848,32.1744],[130.9822,32.173],[130.9817,32.1701],[130.9826,32.1677],[130.9839,32.1663],[130.9849,32.1658],[130.9839,32.1636],[130.9858,32.1627],[130.9847,32.1616],[130.9866,32.1596],[130.9877,32.1592],[130.989,32.1578],[130.9924,32.1579]]]},"properties":{"N03_001":"熊本県","N03_002":"","N03_003":"球磨郡","N03_004":"多良木町","N03_007":"43505"}},
{"type":"Feature","geometry":{"type":"Polygon","coordinates":[[[130.9729,32.2847],[130.9714,32.2846],[130.9671,32.2824],[130.9637,32.2812],[130.9658,32.2784],[130.967,32.2776],[130.97,32.2765],[130.9695,32.2752],[130.9712,32.2744],[130.9686,32.2729],[130.9701,32.2711],[130.9698,32.2699],[130.9685,32.268],[130.9717,32.2671],[130.974,32.2656],[130.9733,32.2647],[130.972,32.2647],[130.9702,32.2617],[130.9689,32.2602],[130.9711,32.258],[130.9711,32.2564],[130.9722,32.2543],[130.9725,32.2529],[130.9737,32.252],[130.9743,32.2509],[130.9799,32.246],[130.9802,32.2451],[130.9816,32.2445],[130.9821,32.2435],[130.9841,32.243],[130.9859,32.2431],[130.9882,32.242],[130.9893,32.2424],[130.9917,32.2413],[130.9966,32.241],[130.9981,32.2394],[131.0004,32.2395],[131.0032,32.24],[131.0058,32.2385],[131.0054,32.2361],[131.0065,32.2345],[131.006,32.2338],[131.0077,32.2319],[131.0092,32.2312],[131.0108,32.2295],[131.0128,32.2293],[131.0169,32.2313],[131.0165,32.232],[131.0167,32.2337],[131.0161,32.2353],[131.017,32.2369],[131.0166,32.2377],[131.0175,32.2388],[131.0198,32.2397],[131.0216,32.2409],[131.023,32.2413],[131.0239,32.2424],[131.0274,32.2435],[131.0293,32.2429],[131.0297,32.2419],[131.0334,32.2412],[131.0349,32.2388],[131.0371,32.2377],[131.0388,32.2394],[131.0409,32.2402],[131.0448,32.2402],[131.0471,32.2404],[131.0466,32.2422],[131.0471,32.2443],[131.0437,32.247],[131.0427,32.2482],[131.0421,32.2518],[131.0423,32.2556],[131.0416,32.2579],[131.043,32.2598],[131.0431,32.2609],[131.0445,32.263],[131.0466,32.2643],[131.0508,32.2645],[131.0542,32.267],[131.0539,32.2696],[131.0545,32.2717],[131.0534,32.2752],[131.0524,32.2769],[131.0499,32.2791],[131.0508,32.2802],[131.0498,32.2833],[131.0501,32.2853],[131.0511,32.2864],[131.0503,32.2869],[131.0472,32.2875],[131.0458,32.2903],[131.0421,32.2937],[131.0424,32.2962],[131.0411,32.2973],[131.0409,32.2985],[131.0394,32.3002],[131.0362,32.3018],[131.0343,32.3041],[131.0318,32.3044],[131.0287,32.3037],[131.0263,32.3051],[131.0207,32.3066],[131.018,32.3089],[131.018,32.3114],[131.0175,32.3135],[131.0159,32.3149],[131.0152,32.3163],[131.0125,32.3175],[131.0119,32.3185],[131.0091,32.3201],[131.008,32.3191],[131.0078,32.3171],[131.0096,32.3155],[131.0103,32.3142],[131.0084,32.3124],[131.0065,32.3115],[131.0048,32.31],[131.003,32.3068],[131.0023,32.3061],[131,32.3053],[130.997,32.3011],[130.9954,32.2974],[130.9939,32.2952],[130.9918,32.2926],[130.9883,32.2904],[130.9851,32.2895],[130.9817,32.2904],[130.9803,32.2882],[130.9746,32.2844],[130.9729,32.2847]]]},"properties":{"N03_001":"熊本県","N03_002":"","N03_003":"球磨郡","N03_004":"湯前町","N03_007":"43506"}},
{"type":"Feature","geometry":{"type":"Polygon","coordinates":[[[130.9729,32.2847],[130.9746,32.2844],[130.9803,32.2882],[130.9817,32.2904],[130.9851,32.2895],[130.9883,32.2904],[130.9918,32.2926],[130.9939,32.2952],[130.9954,32.2974],[130.997,32.3011],[131,32.3053],[131.0023,32.3061],[131.003,32.3068],[131.0048,32.31],[131.0065,32.3115],[131.0084,32.3124],[131.0103,32.3142],[131.0096,32.3155],[131.0078,32.3171],[131.008,32.3191],[131.0091,32.3201],[131.0119,32.3185],[131.0125,32.3175],[131.0152,32.3163],[131.0159,32.3149],[131.0175,32.3135],[131.018,32.3114],[131.018,32.3089],[131.0207,32.3066],[131.0263,32.3051],[131.0287,32.3037],[131.0318,32.3044],[131.0343,32.3041],[131.0362,32.3018],[131.0394,32.3002],[131.0409,32.2985],[131.0411,32.2973],[131.0424,32.2962],[131.0421,32.2937],[131.0458,32.2903],[131.0472,32.2875],[131.0503,32.2869],[131.0511,32.2864],[131.0533,32.2874],[131.0546,32.2874],[131.0569,32.2862],[131.0588,32.2869],[131.0617,32.2858],[131.0638,32.2841],[131.0651,32.2842],[131.0675,32.2832],[131.0681,32.282],[131.0698,32.2813],[131.0705,32.2804],[131.0719,32.2803],[131.0739,32.2808],[131.0754,32.2804],[131.0786,32.2812],[131.0792,32.2834],[131.0791,32.2847],[131.081,32.2856],[131.0836,32.2884],[131.0859,32.2895],[131.0859,32.291],[131.0871,32.2931],[131.0892,32.293],[131.0905,32.294],[131.091,32.2955],[131.0925,32.2976],[131.0929,32.3],[131.095,32.3025],[131.096,32.3031],[131.0961,32.3054],[131.0997,32.3109],[131.1012,32.3117],[131.1009,32.3128],[131.1016,32.3153],[131.1044,32.3186],[131.1052,32.322],[131.106,32.3244],[131.111,32.3271],[131.1119,32.3298],[131.1096,32.3319],[131.1072,32.3334],[131.1072,32.334],[131.1054,32.3355],[131.1052,32.3374],[131.1039,32.3387],[131.1042,32.3402],[131.1032,32.3416],[131.1016,32.3424],[131.1009,32.3415],[131.0994,32.3416],[131.0981,32.3437],[131.0976,32.3453],[131.0967,32.3461],[131.0966,32.3488],[131.0969,32.3497],[131.0955,32.3508],[131.0919,32.3496],[131.0909,32.3495],[131.0875,32.3511],[131.0864,32.3513],[131.0838,32.3527],[131.0815,32.3544],[131.0796,32.3545],[131.078,32.3551],[131.0782,32.3565],[131.0777,32.3592],[131.0771,32.36],[131.0757,32.3602],[131.0743,32.3609],[131.0745,32.3626],[131.074,32.3659],[131.0756,32.3682],[131.0764,32.3714],[131.0775,32.3729],[131.0799,32.3743],[131.0765,32.3773],[131.0742,32.381],[131.0742,32.3829],[131.0693,32.3843],[131.0699,32.3856],[131.0689,32.3863],[131.0693,32.3885],[131.072,32.39],[131.0732,32.3912],[131.0725,32.3935],[131.0729,32.3961],[131.0698,32.3997],[131.0692,32.4031],[131.0695,32.4041],[131.068,32.4076],[131.0646,32.408],[131.0611,32.4077],[131.056,32.407],[131.0541,32.4083],[131.0529,32.4086],[131.0516,32.4081],[131.0493,32.408],[131.0481,32.4073],[131.0454,32.4082],[131.0438,32.4081],[131.0409,32.4135],[131.0406,32.4148],[131.0385,32.4168],[131.0374,32.4172],[131.0352,32.4191],[131.0329,32.4207],[131.0327,32.4227],[131.0309,32.4265],[131.0283,32.4299],[131.028,32.4314],[131.0268,32.432],[131.025,32.4342],[131.0238,32.435],[131.0222,32.4371],[131.0199,32.4387],[131.0201,32.4417],[131.0185,32.4454],[131.0165,32.4477],[131.0169,32.4497],[131.0162,32.4511],[131.0162,32.4549],[131.016,32.4556],[131.0168,32.4578],[131.0166,32.4603],[131.0143,32.4627],[131.0131,32.461],[131.0101,32.4609],[131.0082,32.4604],[131.0064,32.4582],[131.0037,32.4569],[131.0018,32.4556],[131.0005,32.4541],[130.9999,32.4524],[130.9971,32.4514],[130.9954,32.4498],[130.9937,32.449],[130.9895,32.4477],[130.9871,32.4471],[130.9852,32.4471],[130.9827,32.4478],[130.9802,32.4478],[130.9793,32.4498],[130.9778,32.4512],[130.9731,32.451],[130.9692,32.4503],[130.9682,32.4513],[130.9655,32.4521],[130.964,32.4511],[130.9616,32.4505],[130.9589,32.4504],[130.9563,32.4483],[130.9563,32.4475],[130.9545,32.4447],[130.9534,32.4436],[130.953,32.4419],[130.952,32.4418],[130.9509,32.4408],[130.9487,32.4405],[130.9467,32.4414],[130.9448,32.4398],[130.9429,32.4395],[130.942,32.4399],[130.9411,32.4385],[130.9417,32.4356],[130.9407,32.4338],[130.9407,32.4308],[130.9398,32.4284],[130.9395,32.4263],[130.9387,32.4255],[130.9403,32.4233],[130.9432,32.4226],[130.9453,32.4209],[130.9453,32.4185],[130.946,32.4168],[130.9472,32.4152],[130.9489,32.4151],[130.9491,32.4139],[130.9485,32.4103],[130.9504,32.4097],[130.9529,32.4082],[130.9562,32.4068],[130.9581,32.4068],[130.9594,32.4051],[130.96,32.4035],[130.9601,32.4014],[130.9608,32.4003],[130.96,32.3956],[130.961,32.3937],[130.9609,32.3916],[130.9594,32.3895],[130.9581,32.3849],[130.9568,32.3839],[130.9539,32.3841],[130.9513,32.3832],[130.9499,32.3808],[130.9498,32.3791],[130.9489,32.3779],[130.9494,32.3759],[130.9465,32.3735],[130.9472,32.3722],[130.9461,32.3705],[130.944,32.3693],[130.9443,32.3669],[130.9435,32.3661],[130.9443,32.363],[130.9438,32.362],[130.9443,32.3611],[130.944,32.3578],[130.9451,32.3572],[130.944,32.356],[130.9451,32.3542],[130.9476,32.3521],[130.9493,32.3502],[130.951,32.3471],[130.9521,32.3441],[130.9523,32.3414],[130.9522,32.3389],[130.9513,32.3376],[130.9523,32.3356],[130.9526,32.3327],[130.954,32.3311],[130.954,32.3288],[130.9551,32.3271],[130.9587,32.3239],[130.9586,32.3218],[130.9608,32.3203],[130.9628,32.3183],[130.964,32.3176],[130.9669,32.3174],[130.9681,32.3154],[130.9711,32.3136],[130.9713,32.3117],[130.9731,32.31],[130.9742,32.308],[130.9756,32.3063],[130.9776,32.3049],[130.9779,32.3033],[130.9806,32.2995],[130.9794,32.2959],[130.9787,32.2949],[130.9743,32.2914],[130.9757,32.289],[130.9741,32.2887],[130.9744,32.2863],[130.9729,32.2847]]]},"properties":{"N03_001":"熊本県","N03_002":"","N03_003":"球磨郡","N03_004":"水上村","N03_007":"43507"}},
{"type":"Feature","geometry":{"type":"Polygon","coordinates":[[[130.7816,32.2052],[130.7833,32.2044],[130.7877,32.2047],[130.7911,32.2053],[130.7948,32.2054],[130.7976,32.2048],[130.7996,32.2051],[130.8029,32.2061],[130.8072,32.2072],[130.8104,32.2062],[130.812,32.206],[130.8149,32.2064],[130.8166,32.2074],[130.8191,32.2104],[130.819,32.2134],[130.8163,32.2134],[130.8163,32.2167],[130.8083,32.2168],[130.8082,32.2256],[130.8084,32.226],[130.8078,32.2301],[130.8062,32.2316],[130.808,32.2324],[130.81,32.2327],[130.8122,32.2337],[130.8112,32.235],[130.8115,32.2363],[130.8113,32.2389],[130.8119,32.2399],[130.8139,32.2408],[130.8162,32.2409],[130.8163,32.2419],[130.8191,32.2414],[130.818,32.2396],[130.8206,32.2389],[130.8224,32.2401],[130.8255,32.2411],[130.8276,32.2407],[130.8303,32.2419],[130.8332,32.2437],[130.8347,32.2439],[130.8395,32.246],[130.8423,32.2471],[130.8492,32.2507],[130.8498,32.2515],[130.851,32.2542],[130.8511,32.2566],[130.8505,32.2596],[130.8481,32.2604],[130.8475,32.2623],[130.85,32.2629],[130.8494,32.2646],[130.8487,32.2689],[130.8478,32.2722],[130.849,32.2746],[130.8504,32.2753],[130.8501,32.2765],[130.8515,32.2784],[130.8535,32.279],[130.8559,32.2785],[130.8576,32.2802],[130.8594,32.2826],[130.8621,32.2844],[130.8636,32.2858],[130.8654,32.2862],[130.8652,32.2873],[130.8673,32.2881],[130.8706,32.2902],[130.8714,32.2918],[130.8752,32.2929],[130.8755,32.2942],[130.8739,32.2954],[130.8703,32.2974],[130.8717,32.2998],[130.872,32.3023],[130.8709,32.3039],[130.8708,32.306],[130.8715,32.3079],[130.8696,32.3116],[130.8712,32.3132],[130.8724,32.3155],[130.8738,32.3172],[130.8757,32.3182],[130.8769,32.3198],[130.8782,32.3187],[130.8803,32.3212],[130.88,32.322],[130.884,32.3224],[130.8841,32.3246],[130.8853,32.3264],[130.8885,32.3281],[130.8899,32.33],[130.8896,32.3313],[130.8912,32.332],[130.8913,32.3341],[130.8919,32.3347],[130.8912,32.3359],[130.8926,32.3376],[130.8923,32.339],[130.8939,32.3407],[130.8953,32.3432],[130.897,32.3443],[130.897,32.3462],[130.8985,32.3476],[130.8994,32.3499],[130.8977,32.3514],[130.8968,32.3507],[130.8951,32.3506],[130.8938,32.3499],[130.892,32.3499],[130.8894,32.3514],[130.8866,32.3518],[130.8851,32.3509],[130.8845,32.3498],[130.8829,32.3498],[130.8815,32.3492],[130.8796,32.3507],[130.8788,32.3519],[130.8764,32.3521],[130.873,32.3528],[130.8717,32.352],[130.8705,32.3521],[130.8698,32.3531],[130.8668,32.3533],[130.8647,32.3529],[130.8642,32.3518],[130.8614,32.3515],[130.8603,32.3504],[130.8585,32.35],[130.8566,32.348],[130.855,32.3448],[130.8512,32.3427],[130.8477,32.3433],[130.8452,32.3442],[130.8436,32.3439],[130.8433,32.3433],[130.8412,32.3419],[130.841,32.3452],[130.8395,32.3466],[130.8382,32.3491],[130.8384,32.3513],[130.836,32.3559],[130.8339,32.3565],[130.8316,32.358],[130.8301,32.3595],[130.8274,32.3605],[130.8245,32.3629],[130.8231,32.3648],[130.82,32.3648],[130.8151,32.3659],[130.8119,32.3688],[130.8088,32.3712],[130.8081,32.3736],[130.806,32.3756],[130.8049,32.3792],[130.7997,32.3765],[130.7967,32.3734],[130.7933,32.3712],[130.791,32.3714],[130.7881,32.3734],[130.7824,32.374],[130.7798,32.374],[130.7788,32.3725],[130.7777,32.3718],[130.7783,32.3698],[130.7791,32.3687],[130.7812,32.3672],[130.7804,32.3639],[130.7815,32.3629],[130.7826,32.3603],[130.7848,32.3597],[130.7849,32.3578],[130.7855,32.3561],[130.7875,32.3545],[130.789,32.3528],[130.7901,32.3523],[130.7928,32.3501],[130.7921,32.3475],[130.7911,32.3456],[130.7914,32.3439],[130.7909,32.342],[130.7898,32.3403],[130.7914,32.3374],[130.7936,32.3345],[130.7939,32.3332],[130.7933,32.3316],[130.794,32.3297],[130.7945,32.3269],[130.7942,32.3259],[130.7945,32.3235],[130.795,32.322],[130.7943,32.3196],[130.7936,32.3191],[130.7937,32.3173],[130.793,32.3158],[130.7932,32.3135],[130.7919,32.3122],[130.7929,32.3107],[130.795,32.3112],[130.7965,32.3121],[130.7983,32.3138],[130.8,32.3133],[130.803,32.3156],[130.8051,32.3152],[130.8069,32.3144],[130.8078,32.3134],[130.8102,32.312],[130.8137,32.3121],[130.8129,32.3097],[130.813,32.309],[130.8154,32.306],[130.814,32.3019],[130.8121,32.3003],[130.8129,32.296],[130.8111,32.2948],[130.8104,32.2937],[130.8091,32.2935],[130.8085,32.2922],[130.8063,32.2918],[130.8047,32.2903],[130.8059,32.2874],[130.8057,32.2866],[130.8064,32.2839],[130.8062,32.2813],[130.8067,32.2794],[130.8044,32.2768],[130.8054,32.2739],[130.8061,32.2731],[130.806,32.2719],[130.8027,32.2707],[130.8034,32.267],[130.8013,32.2625],[130.8024,32.26],[130.8036,32.2585],[130.8028,32.2572],[130.8006,32.2569],[130.7994,32.2557],[130.7979,32.2555],[130.7974,32.2533],[130.7954,32.2508],[130.798,32.2491],[130.797,32.2475],[130.7951,32.2467],[130.795,32.2457],[130.7961,32.2452],[130.7955,32.2434],[130.796,32.241],[130.7945,32.2384],[130.7917,32.2357],[130.7931,32.2344],[130.7928,32.2326],[130.7915,32.2327],[130.7886,32.231],[130.7873,32.2314],[130.7896,32.2278],[130.7899,32.2256],[130.7879,32.224],[130.7865,32.2236],[130.785,32.2221],[130.7857,32.2203],[130.7865,32.2199],[130.7862,32.2177],[130.7869,32.2144],[130.7836,32.2153],[130.7818,32.2152],[130.7803,32.2141],[130.7819,32.2125],[130.7821,32.2112],[130.7812,32.2063],[130.7816,32.2052]]]},"properties":{"N03_001":"熊本県","N03_002":"","N03_003":"球磨郡","N03_004":"相良村","N03_007":"43510"}},
{"type":"Feature","geometry":{"type":"Polygon","coordinates":[[[130.7392,32.3929],[130.7397,32.3913],[130.7416,32.388],[130.7405,32.3873],[130.7413,32.3857],[130.7425,32.3848],[130.7437,32.3855],[130.7458,32.3851],[130.7487,32.3855],[130.7496,32.3851],[130.751,32.3859],[130.753,32.3855],[130.756,32.3863],[130.7591,32.386],[130.761,32.3848],[130.7629,32.3851],[130.7657,32.3865],[130.7666,32.3859],[130.7713,32.3846],[130.7736,32.3833],[130.7758,32.3836],[130.7767,32.3831],[130.7776,32.3802],[130.7794,32.3778],[130.7787,32.3761],[130.7798,32.374],[130.7824,32.374],[130.7881,32.3734],[130.791,32.3714],[130.7933,32.3712],[130.7967,32.3734],[130.7997,32.3765],[130.8049,32.3792],[130.806,32.3756],[130.8081,32.3736],[130.8088,32.3712],[130.8119,32.3688],[130.8151,32.3659],[130.82,32.3648],[130.8231,32.3648],[130.8245,32.3629],[130.8274,32.3605],[130.8301,32.3595],[130.8316,32.358],[130.8339,32.3565],[130.836,32.3559],[130.8384,32.3513],[130.8382,32.3491],[130.8395,32.3466],[130.841,32.3452],[130.8412,32.3419],[130.8433,32.3433],[130.8436,32.3439],[130.8452,32.3442],[130.8477,32.3433],[130.8512,32.3427],[130.855,32.3448],[130.8566,32.348],[130.8585,32.35],[130.8603,32.3504],[130.8614,32.3515],[130.8642,32.3518],[130.8647,32.3529],[130.8668,32.3533],[130.8698,32.3531],[130.8705,32.3521],[130.8717,32.352],[130.873,32.3528],[130.8764,32.3521],[130.8788,32.3519],[130.8796,32.3507],[130.8815,32.3492],[130.8829,32.3498],[130.8845,32.3498],[130.8851,32.3509],[130.8866,32.3518],[130.8894,32.3514],[130.892,32.3499],[130.8938,32.3499],[130.8951,32.3506],[130.8968,32.3507],[130.8977,32.3514],[130.8994,32.3499],[130.9011,32.3506],[130.903,32.3523],[130.9039,32.354],[130.906,32.3548],[130.9103,32.3546],[130.9115,32.3549],[130.9134,32.3542],[130.9159,32.3541],[130.9179,32.3545],[130.9197,32.3544],[130.9204,32.3566],[130.9225,32.3568],[130.9257,32.3587],[130.9278,32.3581],[130.9315,32.3587],[130.9351,32.3564],[130.9353,32.3548],[130.9377,32.3547],[130.9397,32.3539],[130.9418,32.3555],[130.944,32.356],[130.9451,32.3572],[130.944,32.3578],[130.9443,32.3611],[130.9438,32.362],[130.9443,32.363],[130.9435,32.3661],[130.9443,32.3669],[130.944,32.3693],[130.9461,32.3705],[130.9472,32.3722],[130.9465,32.3735],[130.9494,32.3759],[130.9489,32.3779],[130.9498,32.3791],[130.9499,32.3808],[130.9513,32.3832],[130.9539,32.3841],[130.9568,32.3839],[130.9581,32.3849],[130.9594,32.3895],[130.9609,32.3916],[130.961,32.3937],[130.96,32.3956],[130.9608,32.4003],[130.9601,32.4014],[130.96,32.4035],[130.9594,32.4051],[130.9581,32.4068],[130.9562,32.4068],[130.9529,32.4082],[130.9504,32.4097],[130.9485,32.4103],[130.9491,32.4139],[130.9489,32.4151],[130.9472,32.4152],[130.946,32.4168],[130.9453,32.4185],[130.9453,32.4209],[130.9432,32.4226],[130.9403,32.4233],[130.9387,32.4255],[130.9395,32.4263],[130.9398,32.4284],[130.9407,32.4308],[130.9407,32.4338],[130.9417,32.4356],[130.9411,32.4385],[130.9376,32.4392],[130.9357,32.4384],[130.9328,32.4396],[130.9309,32.4397],[130.9292,32.4407],[130.9287,32.4416],[130.9237,32.4414],[130.922,32.4407],[130.9208,32.4413],[130.9179,32.4404],[130.9157,32.4409],[130.9145,32.4405],[130.9124,32.4407],[130.91,32.4398],[130.9087,32.441],[130.906,32.4411],[130.9028,32.4427],[130.9023,32.4453],[130.901,32.4475],[130.8995,32.449],[130.8981,32.4519],[130.8986,32.454],[130.9,32.4562],[130.8995,32.4581],[130.9,32.4616],[130.9005,32.4623],[130.9003,32.4643],[130.8998,32.4655],[130.9011,32.4674],[130.9009,32.4682],[130.8993,32.4687],[130.8979,32.4711],[130.8963,32.4718],[130.8958,32.4729],[130.8944,32.4727],[130.8934,32.4748],[130.8911,32.477],[130.8897,32.4774],[130.8872,32.4771],[130.8851,32.4765],[130.8843,32.4771],[130.8814,32.4779],[130.8803,32.4778],[130.8789,32.4764],[130.8773,32.4793],[130.8781,32.4802],[130.8764,32.4851],[130.8742,32.4854],[130.8715,32.4881],[130.8698,32.4893],[130.8675,32.4901],[130.8649,32.4924],[130.8625,32.4937],[130.8595,32.4931],[130.8581,32.4934],[130.855,32.4902],[130.8552,32.4895],[130.8539,32.4879],[130.8522,32.4878],[130.8509,32.4892],[130.8509,32.4902],[130.8498,32.4907],[130.8476,32.4931],[130.8442,32.4922],[130.8436,32.4939],[130.8423,32.4949],[130.842,32.4964],[130.8398,32.499],[130.8374,32.4977],[130.8335,32.4965],[130.8319,32.4956],[130.8301,32.4954],[130.8278,32.4942],[130.8227,32.4929],[130.8189,32.4913],[130.8164,32.4907],[130.8158,32.4915],[130.8142,32.4916],[130.8125,32.4928],[130.8107,32.4934],[130.8087,32.4933],[130.8067,32.4944],[130.8034,32.4937],[130.8018,32.493],[130.8,32.493],[130.7984,32.4941],[130.7947,32.4942],[130.7928,32.4931],[130.793,32.4922],[130.7913,32.4902],[130.7901,32.4899],[130.7889,32.4887],[130.787,32.4874],[130.7861,32.4859],[130.7861,32.4847],[130.7847,32.4841],[130.7822,32.4837],[130.7786,32.4827],[130.7767,32.4819],[130.7735,32.4817],[130.7714,32.4813],[130.7708,32.4806],[130.7692,32.4812],[130.7684,32.4798],[130.7668,32.4804],[130.7652,32.4803],[130.7641,32.4791],[130.7618,32.4787],[130.7593,32.4789],[130.7581,32.4784],[130.7569,32.4767],[130.7552,32.4754],[130.7513,32.4746],[130.7508,32.4736],[130.7523,32.4711],[130.7518,32.4686],[130.7481,32.4685],[130.746,32.4691],[130.7425,32.4694],[130.7412,32.4717],[130.7379,32.4718],[130.7366,32.4711],[130.737,32.4701],[130.7383,32.4693],[130.7378,32.4643],[130.7372,32.4633],[130.738,32.4616],[130.737,32.4604],[130.7384,32.4587],[130.7382,32.4577],[130.7407,32.4575],[130.7413,32.4556],[130.7411,32.4534],[130.7392,32.453],[130.7385,32.4523],[130.7366,32.4519],[130.7352,32.4527],[130.7335,32.4523],[130.7314,32.4526],[130.7286,32.4523],[130.7279,32.4515],[130.7258,32.4511],[130.7249,32.4523],[130.7222,32.4493],[130.7234,32.4474],[130.723,32.4435],[130.7248,32.4421],[130.7247,32.4409],[130.7257,32.4403],[130.7252,32.4384],[130.7266,32.4372],[130.7277,32.4356],[130.7277,32.4335],[130.7263,32.4318],[130.7293,32.4282],[130.729,32.4271],[130.7265,32.4255],[130.7253,32.423],[130.7234,32.4212],[130.7213,32.421],[130.7205,32.4191],[130.7216,32.4172],[130.7222,32.4173],[130.7231,32.4151],[130.7243,32.4142],[130.7243,32.4132],[130.7228,32.4123],[130.7223,32.4107],[130.7238,32.4095],[130.7243,32.4056],[130.73,32.4042],[130.7358,32.4046],[130.7376,32.4029],[130.7398,32.4024],[130.7418,32.4009],[130.7427,32.3989],[130.7398,32.399],[130.7392,32.3964],[130.7385,32.3952],[130.7392,32.3929]]]},"properties":{"N03_001":"熊本県","N03_002":"","N03_003":"球磨郡","N03_004":"五木村","N03_007":"43511"}},
{"type":"Feature","geometry":{"type":"Polygon","coordinates":[[[130.7169,32.2955],[130.7179,32.2951],[130.719,32.2937],[130.7211,32.293],[130.7229,32.2935],[130.7239,32.2925],[130.7264,32.2918],[130.7283,32.2906],[130.7306,32.2899],[130.7315,32.2876],[130.7312,32.2838],[130.7305,32.2823],[130.7312,32.2795],[130.7353,32.2775],[130.7368,32.2778],[130.738,32.2772],[130.7392,32.2748],[130.7387,32.2738],[130.7392,32.2717],[130.7406,32.2696],[130.7403,32.2678],[130.7406,32.2667],[130.7398,32.2658],[130.7403,32.2629],[130.7417,32.2617],[130.743,32.2616],[130.742,32.2578],[130.741,32.2555],[130.742,32.2544],[130.7422,32.2523],[130.7412,32.2515],[130.7413,32.2472],[130.7472,32.2487],[130.7485,32.2473],[130.7518,32.248],[130.7525,32.2477],[130.7521,32.2462],[130.7534,32.2428],[130.7548,32.2413],[130.7552,32.2395],[130.7545,32.2373],[130.7567,32.2369],[130.7567,32.2342],[130.7585,32.2315],[130.7593,32.2314],[130.7612,32.2301],[130.7635,32.2293],[130.7651,32.2294],[130.7688,32.2289],[130.7697,32.2303],[130.7727,32.2317],[130.7777,32.2332],[130.7789,32.2341],[130.7805,32.2364],[130.7826,32.2378],[130.7849,32.2365],[130.7859,32.2347],[130.7858,32.2324],[130.7873,32.2314],[130.7886,32.231],[130.7915,32.2327],[130.7928,32.2326],[130.7931,32.2344],[130.7917,32.2357],[130.7945,32.2384],[130.796,32.241],[130.7955,32.2434],[130.7961,32.2452],[130.795,32.2457],[130.7951,32.2467],[130.797,32.2475],[130.798,32.2491],[130.7954,32.2508],[130.7974,32.2533],[130.7979,32.2555],[130.7994,32.2557],[130.8006,32.2569],[130.8028,32.2572],[130.8036,32.2585],[130.8024,32.26],[130.8013,32.2625],[130.8034,32.267],[130.8027,32.2707],[130.806,32.2719],[130.8061,32.2731],[130.8054,32.2739],[130.8044,32.2768],[130.8067,32.2794],[130.8062,32.2813],[130.8064,32.2839],[130.8057,32.2866],[130.8059,32.2874],[130.8047,32.2903],[130.8063,32.2918],[130.8085,32.2922],[130.8091,32.2935],[130.8104,32.2937],[130.8111,32.2948],[130.8129,32.296],[130.8121,32.3003],[130.814,32.3019],[130.8154,32.306],[130.813,32.309],[130.8129,32.3097],[130.8137,32.3121],[130.8102,32.312],[130.8078,32.3134],[130.8069,32.3144],[130.8051,32.3152],[130.803,32.3156],[130.8,32.3133],[130.7983,32.3138],[130.7965,32.3121],[130.795,32.3112],[130.7929,32.3107],[130.7919,32.3122],[130.7932,32.3135],[130.793,32.3158],[130.7937,32.3173],[130.7936,32.3191],[130.7943,32.3196],[130.795,32.322],[130.7945,32.3235],[130.7942,32.3259],[130.7945,32.3269],[130.794,32.3297],[130.7933,32.3316],[130.7939,32.3332],[130.7936,32.3345],[130.7914,32.3374],[130.7898,32.3403],[130.7909,32.342],[130.7914,32.3439],[130.7911,32.3456],[130.7921,32.3475],[130.7928,32.3501],[130.7901,32.3523],[130.789,32.3528],[130.7875,32.3545],[130.7855,32.3561],[130.7849,32.3578],[130.7848,32.3597],[130.7826,32.3603],[130.7815,32.3629],[130.7804,32.3639],[130.7812,32.3672],[130.7791,32.3687],[130.7783,32.3698],[130.7777,32.3718],[130.7788,32.3725],[130.7798,32.374],[130.7787,32.3761],[130.7794,32.3778],[130.7776,32.3802],[130.7767,32.3831],[130.7758,32.3836],[130.7736,32.3833],[130.7713,32.3846],[130.7666,32.3859],[130.7657,32.3865],[130.7629,32.3851],[130.761,32.3848],[130.7591,32.386],[130.756,32.3863],[130.753,32.3855],[130.751,32.3859],[130.7496,32.3851],[130.7487,32.3855],[130.7458,32.3851],[130.7437,32.3855],[130.7425,32.3848],[130.7413,32.3857],[130.7405,32.3873],[130.7416,32.388],[130.7397,32.3913],[130.7392,32.3929],[130.7358,32.3922],[130.7339,32.3925],[130.7314,32.3921],[130.7294,32.3908],[130.7263,32.3894],[130.7246,32.3891],[130.7228,32.387],[130.7213,32.3864],[130.7205,32.3852],[130.7202,32.3834],[130.7177,32.3814],[130.7173,32.3791],[130.7159,32.3782],[130.7145,32.3765],[130.7145,32.3755],[130.7123,32.3741],[130.7111,32.3729],[130.7111,32.3702],[130.7098,32.3681],[130.7077,32.3667],[130.7046,32.3657],[130.7033,32.3636],[130.7019,32.3629],[130.7025,32.3608],[130.7034,32.3595],[130.7025,32.3567],[130.7004,32.3553],[130.6973,32.3541],[130.6984,32.3508],[130.7001,32.3497],[130.6991,32.3489],[130.6996,32.3478],[130.7009,32.347],[130.6968,32.3448],[130.6963,32.344],[130.6938,32.3422],[130.6958,32.3393],[130.6939,32.3375],[130.697,32.3361],[130.6983,32.3348],[130.6985,32.3334],[130.6996,32.3326],[130.7008,32.3309],[130.7017,32.3304],[130.7027,32.3269],[130.704,32.3255],[130.7051,32.3252],[130.7056,32.3235],[130.7081,32.3232],[130.7092,32.3213],[130.7087,32.32],[130.7105,32.3188],[130.7108,32.318],[130.7124,32.3175],[130.7133,32.3167],[130.7133,32.3153],[130.7151,32.3128],[130.7124,32.3078],[130.7123,32.3064],[130.713,32.3041],[130.7155,32.3023],[130.716,32.3015],[130.7161,32.2987],[130.7166,32.2978],[130.7169,32.2955]]]},"properties":{"N03_001":"熊本県","N03_002":"","N03_003":"球磨郡","N03_004":"山江村","N03_007":"43512"}},
{"type":"Feature","geometry":{"type":"Polygon","coordinates":[[[130.5917,32.186],[130.5936,32.1866],[130.595,32.1864],[130.5997,32.1866],[130.6032,32.1875],[130.6054,32.1865],[130.6086,32.1874],[130.6105,32.1867],[130.612,32.1843],[130.6128,32.1823],[130.6124,32.1813],[130.6133,32.1791],[130.6136,32.1772],[130.6153,32.1762],[130.6158,32.1741],[130.6167,32.1737],[130.6164,32.1718],[130.6172,32.1701],[130.6168,32.1689],[130.6149,32.1682],[130.6147,32.1676],[130.6168,32.1662],[130.6176,32.163],[130.619,32.1622],[130.6197,32.1598],[130.6212,32.1592],[130.622,32.1581],[130.6227,32.1561],[130.6253,32.1565],[130.6283,32.1563],[130.6293,32.1558],[130.6311,32.1561],[130.6344,32.1539],[130.6368,32.1549],[130.6389,32.1541],[130.6392,32.1532],[130.6412,32.1519],[130.6433,32.1524],[130.6469,32.1522],[130.6487,32.1514],[130.6516,32.1513],[130.6541,32.153],[130.6534,32.154],[130.6555,32.157],[130.6555,32.1592],[130.6566,32.1615],[130.6568,32.1641],[130.6573,32.1652],[130.6575,32.1685],[130.6606,32.1685],[130.6667,32.1694],[130.6668,32.1702],[130.6655,32.1714],[130.665,32.173],[130.6636,32.1744],[130.6643,32.1765],[130.6633,32.1786],[130.6634,32.1796],[130.6651,32.182],[130.6652,32.1838],[130.6672,32.1851],[130.6721,32.1852],[130.6731,32.1869],[130.6734,32.1888],[130.6768,32.1905],[130.6776,32.1941],[130.6797,32.1951],[130.6799,32.1965],[130.6788,32.1983],[130.6784,32.2],[130.6787,32.2027],[130.6805,32.2052],[130.6857,32.2095],[130.6875,32.2122],[130.6903,32.2145],[130.6923,32.214],[130.694,32.2162],[130.6955,32.2176],[130.6956,32.2201],[130.6982,32.2224],[130.6978,32.2239],[130.7008,32.2255],[130.7007,32.2278],[130.7028,32.2274],[130.7052,32.2276],[130.708,32.2289],[130.7097,32.2293],[130.7124,32.2283],[130.7141,32.2283],[130.7139,32.2302],[130.716,32.2325],[130.7165,32.2338],[130.7174,32.2345],[130.7169,32.2371],[130.7176,32.239],[130.7185,32.2391],[130.7188,32.2406],[130.7207,32.2409],[130.7221,32.2394],[130.7238,32.2401],[130.7246,32.2424],[130.7257,32.2437],[130.7261,32.2452],[130.7285,32.247],[130.7294,32.2469],[130.7302,32.2486],[130.7318,32.2506],[130.7326,32.2531],[130.7343,32.2558],[130.7343,32.2564],[130.7323,32.2574],[130.7317,32.2585],[130.731,32.2625],[130.7296,32.263],[130.7291,32.2638],[130.7268,32.2649],[130.7237,32.264],[130.7212,32.2645],[130.7206,32.266],[130.7197,32.2663],[130.7196,32.2679],[130.7202,32.2691],[130.7201,32.2704],[130.7205,32.2724],[130.7216,32.273],[130.7203,32.2741],[130.7203,32.2762],[130.7195,32.2773],[130.7178,32.2785],[130.7158,32.2815],[130.7144,32.2831],[130.7121,32.2832],[130.7109,32.2849],[130.7125,32.2868],[130.7141,32.2894],[130.713,32.2918],[130.7138,32.2936],[130.7151,32.294],[130.7169,32.2955],[130.7166,32.2978],[130.7161,32.2987],[130.716,32.3015],[130.7155,32.3023],[130.713,32.3041],[130.7123,32.3064],[130.7124,32.3078],[130.7151,32.3128],[130.7133,32.3153],[130.7133,32.3167],[130.7124,32.3175],[130.7108,32.318],[130.7105,32.3188],[130.7087,32.32],[130.7092,32.3213],[130.7081,32.3232],[130.7056,32.3235],[130.7051,32.3252],[130.704,32.3255],[130.7027,32.3269],[130.7017,32.3304],[130.7008,32.3309],[130.6996,32.3326],[130.6985,32.3334],[130.6983,32.3348],[130.697,32.3361],[130.6939,32.3375],[130.6958,32.3393],[130.6938,32.3422],[130.6906,32.341],[130.6886,32.3409],[130.6859,32.3393],[130.684,32.3386],[130.6823,32.3412],[130.681,32.3411],[130.6803,32.3421],[130.6787,32.3428],[130.6728,32.3403],[130.6708,32.3401],[130.6698,32.342],[130.6686,32.3428],[130.6697,32.3458],[130.6681,32.3483],[130.6667,32.349],[130.6658,32.3508],[130.6653,32.354],[130.6642,32.3545],[130.6637,32.3556],[130.6614,32.3584],[130.6592,32.3603],[130.6573,32.363],[130.6582,32.3645],[130.6574,32.3653],[130.6567,32.3677],[130.6568,32.3696],[130.6573,32.3708],[130.6573,32.3732],[130.6557,32.3764],[130.6532,32.3782],[130.6519,32.3782],[130.6531,32.3764],[130.6531,32.3747],[130.6525,32.3735],[130.6512,32.3728],[130.648,32.3717],[130.6451,32.3703],[130.6434,32.3685],[130.6424,32.3666],[130.6422,32.3649],[130.6422,32.3622],[130.6417,32.3601],[130.6406,32.3585],[130.6389,32.3568],[130.6359,32.3549],[130.6324,32.3535],[130.6287,32.3526],[130.6209,32.3495],[130.6178,32.3478],[130.6164,32.3475],[130.6131,32.3478],[130.6102,32.3477],[130.6085,32.3468],[130.6066,32.3447],[130.6042,32.3428],[130.6031,32.3408],[130.6025,32.3378],[130.6026,32.3345],[130.6022,32.3321],[130.6009,32.33],[130.6009,32.3273],[130.6022,32.3251],[130.6043,32.3221],[130.6068,32.3183],[130.6115,32.3143],[130.6125,32.3125],[130.6124,32.3106],[130.6113,32.3078],[130.6094,32.3055],[130.6048,32.3018],[130.604,32.3001],[130.5991,32.2966],[130.5986,32.2948],[130.5993,32.2935],[130.6012,32.2924],[130.6038,32.2918],[130.6045,32.2903],[130.6047,32.2853],[130.6033,32.2832],[130.603,32.2818],[130.6036,32.2801],[130.605,32.2794],[130.6099,32.2785],[130.6126,32.2789],[130.6135,32.2785],[130.6139,32.2771],[130.6129,32.2748],[130.6115,32.2736],[130.6097,32.2727],[130.6082,32.2709],[130.6056,32.2722],[130.6014,32.2704],[130.6005,32.2694],[130.5992,32.27],[130.5974,32.2692],[130.5955,32.2669],[130.5936,32.266],[130.5931,32.2645],[130.5905,32.2622],[130.5913,32.26],[130.5924,32.2593],[130.5932,32.2579],[130.593,32.2555],[130.5933,32.254],[130.5903,32.2521],[130.5904,32.2504],[130.5916,32.249],[130.5905,32.2477],[130.5901,32.2464],[130.5879,32.246],[130.5846,32.2425],[130.5845,32.2411],[130.5849,32.2386],[130.5846,32.2356],[130.5858,32.2341],[130.5856,32.2327],[130.5869,32.232],[130.5876,32.2304],[130.5874,32.2292],[130.5854,32.2278],[130.5852,32.2261],[130.5859,32.2244],[130.5851,32.2221],[130.5825,32.2185],[130.5826,32.2175],[130.5816,32.2145],[130.5816,32.211],[130.5845,32.21],[130.5859,32.2088],[130.587,32.2072],[130.5862,32.2064],[130.586,32.2047],[130.5828,32.2009],[130.5833,32.1998],[130.5828,32.198],[130.5799,32.1964],[130.5794,32.1944],[130.5823,32.1922],[130.5836,32.1918],[130.5853,32.1902],[130.5873,32.1894],[130.5874,32.1865],[130.5886,32.1858],[130.5917,32.186]]]},"properties":{"N03_001":"熊本県","N03_002":"","N03_003":"球磨郡","N03_004":"球磨村","N03_007":"43513"}},
{"type":"Feature","geometry":{"type":"Polygon","coordinates":[[[130.8498,32.2515],[130.8519,32.2501],[130.8535,32.2479],[130.856,32.2457],[130.8578,32.2451],[130.8588,32.2433],[130.8591,32.2399],[130.8604,32.2389],[130.8613,32.2365],[130.8623,32.2353],[130.8624,32.2337],[130.8607,32.2322],[130.8612,32.231],[130.863,32.2297],[130.8639,32.2282],[130.8655,32.2278],[130.8661,32.227],[130.8652,32.2258],[130.8654,32.223],[130.8667,32.2212],[130.8578,32.2121],[130.8554,32.2101],[130.8551,32.2094],[130.8563,32.2068],[130.8611,32.2051],[130.8636,32.2033],[130.8641,32.2045],[130.8705,32.2057],[130.8743,32.2058],[130.8759,32.2036],[130.8774,32.2002],[130.8778,32.1986],[130.8793,32.1967],[130.8794,32.1944],[130.8787,32.1906],[130.8791,32.1887],[130.8799,32.1877],[130.8812,32.1872],[130.8827,32.1852],[130.8828,32.1841],[130.886,32.1815],[130.8899,32.179],[130.892,32.179],[130.8923,32.1766],[130.8933,32.175],[130.8977,32.1727],[130.8982,32.1709],[130.8992,32.1699],[130.9029,32.1683],[130.9027,32.1663],[130.9043,32.1651],[130.907,32.1617],[130.9079,32.1612],[130.9063,32.1565],[130.9036,32.1551],[130.9029,32.1522],[130.9002,32.151],[130.8999,32.1493],[130.899,32.1489],[130.8979,32.1475],[130.8961,32.1473],[130.896,32.1444],[130.8949,32.1422],[130.896,32.1416],[130.8962,32.1401],[130.8995,32.1384],[130.901,32.1368],[130.9023,32.1365],[130.9076,32.1373],[130.9086,32.1367],[130.909,32.135],[130.9103,32.1349],[130.9111,32.132],[130.9132,32.1311],[130.9134,32.1304],[130.9143,32.1297],[130.9149,32.1269],[130.9163,32.1252],[130.9184,32.1245],[130.9213,32.1246],[130.9223,32.1237],[130.9259,32.1226],[130.9275,32.1225],[130.9283,32.12],[130.9316,32.1175],[130.9326,32.1164],[130.9339,32.1163],[130.9345,32.1171],[130.9375,32.1176],[130.939,32.1187],[130.9432,32.1187],[130.9441,32.1196],[130.9469,32.1179],[130.9481,32.1166],[130.9521,32.1155],[130.9551,32.1154],[130.9564,32.1156],[130.957,32.1166],[130.9594,32.1189],[130.9605,32.119],[130.9614,32.1201],[130.9652,32.1201],[130.9671,32.1207],[130.9684,32.1198],[130.9699,32.1203],[130.9711,32.1201],[130.9723,32.1209],[130.9745,32.1209],[130.9735,32.1231],[130.9736,32.1249],[130.9726,32.1281],[130.973,32.1288],[130.9735,32.1337],[130.9745,32.1353],[130.9747,32.1368],[130.9763,32.138],[130.9774,32.138],[130.9785,32.1389],[130.9794,32.1406],[130.9818,32.1414],[130.9835,32.1432],[130.9858,32.1432],[130.9886,32.1453],[130.9893,32.1465],[130.9926,32.148],[130.9956,32.1518],[130.9953,32.1541],[130.9958,32.1559],[130.9935,32.1569],[130.9924,32.1579],[130.989,32.1578],[130.9877,32.1592],[130.9866,32.1596],[130.9847,32.1616],[130.9858,32.1627],[130.9839,32.1636],[130.9849,32.1658],[130.9839,32.1663],[130.9826,32.1677],[130.9817,32.1701],[130.9822,32.173],[130.9848,32.1744],[130.9846,32.1762],[130.985,32.1778],[130.9843,32.18],[130.9858,32.1819],[130.9852,32.1829],[130.9856,32.1851],[130.9845,32.1863],[130.9841,32.188],[130.9819,32.1889],[130.9794,32.1891],[130.9767,32.1905],[130.9763,32.1931],[130.9774,32.1949],[130.9774,32.1978],[130.9786,32.1994],[130.9788,32.2015],[130.9795,32.2025],[130.9794,32.2051],[130.9797,32.2076],[130.9809,32.21],[130.9835,32.2112],[130.984,32.2123],[130.9834,32.2136],[130.982,32.2145],[130.9801,32.2152],[130.9772,32.218],[130.9748,32.2199],[130.974,32.2221],[130.9709,32.2249],[130.9687,32.2251],[130.9663,32.2247],[130.9645,32.2259],[130.9638,32.2267],[130.9612,32.2289],[130.9597,32.2296],[130.9584,32.2294],[130.9559,32.231],[130.955,32.2325],[130.9519,32.2329],[130.9517,32.2339],[130.949,32.2369],[130.9486,32.2378],[130.9469,32.2373],[130.9453,32.2385],[130.9466,32.2399],[130.9411,32.2439],[130.9396,32.2446],[130.9371,32.2467],[130.9387,32.2494],[130.9371,32.25],[130.9359,32.2514],[130.9356,32.2525],[130.9329,32.2533],[130.9309,32.2533],[130.927,32.2525],[130.9251,32.2498],[130.9232,32.2507],[130.9208,32.2524],[130.9197,32.2517],[130.9182,32.2528],[130.9173,32.2525],[130.916,32.2537],[130.9149,32.257],[130.916,32.2584],[130.9159,32.2599],[130.915,32.2616],[130.9163,32.2635],[130.92,32.2664],[130.9197,32.268],[130.9181,32.2701],[130.9147,32.2731],[130.9136,32.2727],[130.9121,32.2731],[130.91,32.2762],[130.9086,32.2777],[130.9072,32.2807],[130.9076,32.2824],[130.9071,32.2861],[130.9075,32.2879],[130.9047,32.2912],[130.9044,32.2963],[130.9058,32.2989],[130.9075,32.3006],[130.9063,32.3029],[130.9069,32.3036],[130.9042,32.308],[130.9044,32.3089],[130.9011,32.3116],[130.8992,32.3125],[130.8982,32.3144],[130.8965,32.3152],[130.8947,32.3174],[130.8939,32.3179],[130.892,32.3202],[130.8909,32.3211],[130.891,32.3221],[130.8897,32.3227],[130.8891,32.3239],[130.887,32.3248],[130.8853,32.3264],[130.8841,32.3246],[130.884,32.3224],[130.88,32.322],[130.8803,32.3212],[130.8782,32.3187],[130.8769,32.3198],[130.8757,32.3182],[130.8738,32.3172],[130.8724,32.3155],[130.8712,32.3132],[130.8696,32.3116],[130.8715,32.3079],[130.8708,32.306],[130.8709,32.3039],[130.872,32.3023],[130.8717,32.2998],[130.8703,32.2974],[130.8739,32.2954],[130.8755,32.2942],[130.8752,32.2929],[130.8714,32.2918],[130.8706,32.2902],[130.8673,32.2881],[130.8652,32.2873],[130.8654,32.2862],[130.8636,32.2858],[130.8621,32.2844],[130.8594,32.2826],[130.8576,32.2802],[130.8559,32.2785],[130.8535,32.279],[130.8515,32.2784],[130.8501,32.2765],[130.8504,32.2753],[130.849,32.2746],[130.8478,32.2722],[130.8487,32.2689],[130.8494,32.2646],[130.85,32.2629],[130.8475,32.2623],[130.8481,32.2604],[130.8505,32.2596],[130.8511,32.2566],[130.851,32.2542],[130.8498,32.2515]]]},"properties":{"N03_001":"熊本県","N03_002":"","N03_003":"球磨郡","N03_004":"あさぎり町","N03_007":"43514"}},
{"type":"Feature","geometry":{"type":"MultiPolygon","coordinates":[]},"properties":{"N03_001":"熊本県","N03_002":"","N03_003":"天草郡","N03_004":"苓北町","N03_007":"43531"}}
]}